********************************************************************************
Product   : Virtuoso(R) XStream Out
Program   : @(#)$CDS: strmout version 6.1.8-64b 09/03/2024 18:58 (sjfhw317) $
          : sub-version  IC6.1.8-64b.500.36 
Started at: 11-Jun-2026  09:46:27
User Name : saul
Host Name : edatools
Directory : /home/saul/projects/IL2244_VT26_SAUL
CADENCE Design Systems, Inc.
********************************************************************************
Info: Cellview Rev Num:99,  Tech Rev Num:59

INFO (XSTRM-217): Reading the layer map file, /opt/pdk/ams/410/cds/HK_C35/TECH_C35B4/TECH_C35B4.layermap
INFO (XSTRM-162): You have not used the '-viaMap' option. If the OpenAccess design has native oaVia instances, use the '-viaMap' option for preserving oaVia instances in a XStream Out - XStream In round trip. Using the '-viaMap' option improves performance and VM usage of applications using the Streamed-In design.

Summary of Options :
library                                 VT26_TOP
strmFile                                /home/saul/projects/IL2244_VT26_SAUL/GDS_2026_06_11/top_IL2244_VT26.gds
topCell                                 top_IL2244_VT26
view                                    layout
logFile                                 strmOut.log
techLib                                 TECH_C35B4
maxVertices                             1024
layerMap                                /opt/pdk/ams/410/cds/HK_C35/TECH_C35B4/TECH_C35B4.layermap
userSkillFile                           /opt/pdk/ams/410/cds/HK_C35/skill/ams_sdl.il
case                                    Preserve
convertDot                              node
convertPcellPin                         geometry

INFO (XSTRM-223): 1. Translating stdVia TECH_C35B4/VIA1_C/layout as STRUCTURE VIA1_C_CDNS_781171187130.
INFO (XSTRM-223): 2. Translating stdVia TECH_C35B4/VIA1_C/layout as STRUCTURE VIA1_C_CDNS_781171187131.
INFO (XSTRM-223): 3. Translating stdVia TECH_C35B4/VIA2_C/layout as STRUCTURE VIA2_C_CDNS_781171187132.
INFO (XSTRM-223): 4. Translating stdVia TECH_C35B4/VIA2_C/layout as STRUCTURE VIA2_C_CDNS_781171187133.
INFO (XSTRM-223): 5. Translating stdVia TECH_C35B4/VIA2_C/layout as STRUCTURE VIA2_C_CDNS_781171187134.
INFO (XSTRM-223): 6. Translating stdVia TECH_C35B4/VIA2_C/layout as STRUCTURE VIA2_C_CDNS_781171187135.
INFO (XSTRM-223): 7. Translating stdVia TECH_C35B4/VIA1_C/layout as STRUCTURE VIA1_C_CDNS_781171187136.
INFO (XSTRM-223): 8. Translating stdVia TECH_C35B4/VIA2_C/layout as STRUCTURE VIA2_C_CDNS_781171187137.
INFO (XSTRM-223): 9. Translating stdVia TECH_C35B4/VIA3_C/layout as STRUCTURE VIA3_C_CDNS_781171187138.
INFO (XSTRM-223): 10. Translating stdVia TECH_C35B4/VIA2_C/layout as STRUCTURE VIA2_C_CDNS_781171187139.
INFO (XSTRM-223): 11. Translating stdVia TECH_C35B4/VIA3_C/layout as STRUCTURE VIA3_C_CDNS_7811711871310.
INFO (XSTRM-223): 12. Translating stdVia TECH_C35B4/VIA2_C/layout as STRUCTURE VIA2_C_CDNS_7811711871311.
INFO (XSTRM-223): 13. Translating stdVia TECH_C35B4/VIA2_C/layout as STRUCTURE VIA2_C_CDNS_7811711871312.
INFO (XSTRM-223): 14. Translating stdVia TECH_C35B4/VIA3_C/layout as STRUCTURE VIA3_C_CDNS_7811711871313.
INFO (XSTRM-223): 15. Translating stdVia TECH_C35B4/VIA1_C/layout as STRUCTURE VIA1_C_CDNS_7811711871314.
INFO (XSTRM-223): 16. Translating stdVia TECH_C35B4/VIA3_C/layout as STRUCTURE VIA3_C_CDNS_7811711871315.
INFO (XSTRM-223): 17. Translating stdVia TECH_C35B4/VIA3_C/layout as STRUCTURE VIA3_C_CDNS_7811711871316.
INFO (XSTRM-223): 18. Translating stdVia TECH_C35B4/VIA1_C/layout as STRUCTURE VIA1_C_CDNS_7811711871317.
INFO (XSTRM-223): 19. Translating stdVia TECH_C35B4/VIA2_C/layout as STRUCTURE VIA2_C_CDNS_7811711871318.
INFO (XSTRM-223): 20. Translating stdVia TECH_C35B4/VIA3_C/layout as STRUCTURE VIA3_C_CDNS_7811711871319.
INFO (XSTRM-223): 21. Translating stdVia TECH_C35B4/VIA3_C/layout as STRUCTURE VIA3_C_CDNS_7811711871320.
INFO (XSTRM-223): 22. Translating stdVia TECH_C35B4/VIA3_C/layout as STRUCTURE VIA3_C_CDNS_7811711871321.
INFO (XSTRM-223): 23. Translating stdVia TECH_C35B4/VIA3_C/layout as STRUCTURE VIA3_C_CDNS_7811711871322.
INFO (XSTRM-223): 24. Translating stdVia TECH_C35B4/VIA3_C/layout as STRUCTURE VIA3_C_CDNS_7811711871323.
INFO (XSTRM-223): 25. Translating stdVia TECH_C35B4/VIA2_C/layout as STRUCTURE VIA2_C_CDNS_7811711871324.
INFO (XSTRM-223): 26. Translating stdVia TECH_C35B4/VIA3_C/layout as STRUCTURE VIA3_C_CDNS_7811711871325.
INFO (XSTRM-223): 27. Translating stdVia TECH_C35B4/VIA3_C/layout as STRUCTURE VIA3_C_CDNS_7811711871326.
INFO (XSTRM-223): 28. Translating stdVia TECH_C35B4/VIA3_C/layout as STRUCTURE VIA3_C_CDNS_7811711871327.
INFO (XSTRM-223): 29. Translating stdVia TECH_C35B4/VIA3_C/layout as STRUCTURE VIA3_C_CDNS_7811711871328.
INFO (XSTRM-223): 30. Translating stdVia TECH_C35B4/VIA2_C/layout as STRUCTURE VIA2_C_CDNS_7811711871329.
INFO (XSTRM-223): 31. Translating stdVia TECH_C35B4/VIA2_C/layout as STRUCTURE VIA2_C_CDNS_7811711871330.
INFO (XSTRM-223): 32. Translating stdVia TECH_C35B4/VIA3_C/layout as STRUCTURE VIA3_C_CDNS_7811711871331.
INFO (XSTRM-223): 33. Translating stdVia TECH_C35B4/VIA3_C/layout as STRUCTURE VIA3_C_CDNS_7811711871332.
INFO (XSTRM-223): 34. Translating stdVia TECH_C35B4/VIA3_C/layout as STRUCTURE VIA3_C_CDNS_7811711871333.
INFO (XSTRM-223): 35. Translating stdVia TECH_C35B4/VIA3_C/layout as STRUCTURE VIA3_C_CDNS_7811711871334.
INFO (XSTRM-223): 36. Translating stdVia TECH_C35B4/VIA3_C/layout as STRUCTURE VIA3_C_CDNS_7811711871335.
INFO (XSTRM-223): 37. Translating stdVia TECH_C35B4/VIA3_C/layout as STRUCTURE VIA3_C_CDNS_7811711871336.
INFO (XSTRM-223): 38. Translating stdVia TECH_C35B4/VIA2_C/layout as STRUCTURE VIA2_C_CDNS_7811711871337.
INFO (XSTRM-223): 39. Translating stdVia TECH_C35B4/VIA2_C/layout as STRUCTURE VIA2_C_CDNS_7811711871338.
INFO (XSTRM-223): 40. Translating stdVia TECH_C35B4/VIA1_C/layout as STRUCTURE VIA1_C_CDNS_7811711871339.
INFO (XSTRM-223): 41. Translating stdVia TECH_C35B4/VIA2_C/layout as STRUCTURE VIA2_C_CDNS_7811711871340.
INFO (XSTRM-223): 42. Translating stdVia TECH_C35B4/VIA2_C/layout as STRUCTURE VIA2_C_CDNS_7811711871341.
INFO (XSTRM-223): 43. Translating stdVia TECH_C35B4/VIA3_C/layout as STRUCTURE VIA3_C_CDNS_7811711871342.
INFO (XSTRM-223): 44. Translating stdVia TECH_C35B4/VIA2_C/layout as STRUCTURE VIA2_C_CDNS_7811711871343.
INFO (XSTRM-223): 45. Translating stdVia TECH_C35B4/VIA1_C/layout as STRUCTURE VIA1_C_CDNS_7811711871344.
INFO (XSTRM-223): 46. Translating stdVia TECH_C35B4/VIA3_C/layout as STRUCTURE VIA3_C_CDNS_7811711871345.
INFO (XSTRM-223): 47. Translating stdVia TECH_C35B4/VIA2_C/layout as STRUCTURE VIA2_C_CDNS_7811711871346.
INFO (XSTRM-223): 48. Translating stdVia TECH_C35B4/VIA1_C/layout as STRUCTURE VIA1_C_CDNS_7811711871347.
INFO (XSTRM-223): 49. Translating stdVia TECH_C35B4/VIA3_C/layout as STRUCTURE VIA3_C_CDNS_7811711871348.
INFO (XSTRM-223): 50. Translating stdVia TECH_C35B4/VIA2_C/layout as STRUCTURE VIA2_C_CDNS_7811711871349.
INFO (XSTRM-223): 51. Translating stdVia TECH_C35B4/VIA2_C/layout as STRUCTURE VIA2_C_CDNS_7811711871350.
INFO (XSTRM-223): 52. Translating stdVia TECH_C35B4/VIA3_C/layout as STRUCTURE VIA3_C_CDNS_7811711871351.
INFO (XSTRM-223): 53. Translating stdVia TECH_C35B4/VIA3_C/layout as STRUCTURE VIA3_C_CDNS_7811711871352.
INFO (XSTRM-223): 54. Translating stdVia TECH_C35B4/VIA2_C/layout as STRUCTURE VIA2_C_CDNS_7811711871353.
INFO (XSTRM-223): 55. Translating stdVia TECH_C35B4/VIA3_C/layout as STRUCTURE VIA3_C_CDNS_7811711871354.
INFO (XSTRM-223): 56. Translating stdVia TECH_C35B4/VIA1_C/layout as STRUCTURE VIA1_C_CDNS_7811711871355.
INFO (XSTRM-223): 57. Translating stdVia TECH_C35B4/VIA1_C/layout as STRUCTURE VIA1_C_CDNS_7811711871356.
INFO (XSTRM-223): 58. Translating stdVia TECH_C35B4/VIA2_C/layout as STRUCTURE VIA2_C_CDNS_7811711871357.
INFO (XSTRM-223): 59. Translating stdVia TECH_C35B4/VIA3_C/layout as STRUCTURE VIA3_C_CDNS_7811711871358.
INFO (XSTRM-223): 60. Translating stdVia TECH_C35B4/VIA1_C/layout as STRUCTURE VIA1_C_CDNS_7811711871359.
INFO (XSTRM-223): 61. Translating stdVia TECH_C35B4/VIA2_C/layout as STRUCTURE VIA2_C_CDNS_7811711871360.
INFO (XSTRM-223): 62. Translating stdVia TECH_C35B4/VIA3_C/layout as STRUCTURE VIA3_C_CDNS_7811711871361.
INFO (XSTRM-223): 63. Translating stdVia TECH_C35B4/VIA3_C/layout as STRUCTURE VIA3_C_CDNS_7811711871362.
INFO (XSTRM-223): 64. Translating stdVia TECH_C35B4/VIA2_C/layout as STRUCTURE VIA2_C_CDNS_7811711871363.
INFO (XSTRM-223): 65. Translating stdVia TECH_C35B4/VIA1_C/layout as STRUCTURE VIA1_C_CDNS_7811711871364.
INFO (XSTRM-223): 66. Translating stdVia TECH_C35B4/VIA3_C/layout as STRUCTURE VIA3_C_CDNS_7811711871365.
INFO (XSTRM-223): 67. Translating stdVia TECH_C35B4/VIA2_C/layout as STRUCTURE VIA2_C_CDNS_7811711871366.
INFO (XSTRM-223): 68. Translating stdVia TECH_C35B4/VIA2_C/layout as STRUCTURE VIA2_C_CDNS_7811711871367.
INFO (XSTRM-223): 69. Translating stdVia TECH_C35B4/VIA3_C/layout as STRUCTURE VIA3_C_CDNS_7811711871368.
INFO (XSTRM-223): 70. Translating stdVia TECH_C35B4/VIA2_C/layout as STRUCTURE VIA2_C_CDNS_7811711871369.
INFO (XSTRM-223): 71. Translating stdVia TECH_C35B4/VIA3_C/layout as STRUCTURE VIA3_C_CDNS_7811711871370.
INFO (XSTRM-223): 72. Translating stdVia TECH_C35B4/VIA2_C/layout as STRUCTURE VIA2_C_CDNS_7811711871371.
INFO (XSTRM-223): 73. Translating stdVia TECH_C35B4/VIA1_C/layout as STRUCTURE VIA1_C_CDNS_7811711871372.
INFO (XSTRM-223): 74. Translating stdVia TECH_C35B4/VIA2_C/layout as STRUCTURE VIA2_C_CDNS_7811711871373.
INFO (XSTRM-223): 75. Translating stdVia TECH_C35B4/VIA1_C/layout as STRUCTURE VIA1_C_CDNS_7811711871374.
INFO (XSTRM-223): 76. Translating stdVia TECH_C35B4/VIA1_C/layout as STRUCTURE VIA1_C_CDNS_7811711871375.
INFO (XSTRM-223): 77. Translating stdVia TECH_C35B4/VIA2_C/layout as STRUCTURE VIA2_C_CDNS_7811711871376.
INFO (XSTRM-223): 78. Translating stdVia TECH_C35B4/VIA3_C/layout as STRUCTURE VIA3_C_CDNS_7811711871377.
INFO (XSTRM-223): 79. Translating stdVia TECH_C35B4/VIA1_C/layout as STRUCTURE VIA1_C_CDNS_7811711871378.
INFO (XSTRM-223): 80. Translating stdVia TECH_C35B4/VIA3_C/layout as STRUCTURE VIA3_C_CDNS_7811711871379.
INFO (XSTRM-223): 81. Translating stdVia TECH_C35B4/VIA3_C/layout as STRUCTURE VIA3_C_CDNS_7811711871380.
INFO (XSTRM-223): 82. Translating stdVia TECH_C35B4/VIA3_C/layout as STRUCTURE VIA3_C_CDNS_7811711871381.
INFO (XSTRM-223): 83. Translating stdVia TECH_C35B4/VIA2_C/layout as STRUCTURE VIA2_C_CDNS_7811711871382.
INFO (XSTRM-223): 84. Translating stdVia TECH_C35B4/VIA1_C/layout as STRUCTURE VIA1_C_CDNS_7811711871383.
INFO (XSTRM-223): 85. Translating stdVia TECH_C35B4/VIA1_C/layout as STRUCTURE VIA1_C_CDNS_7811711871384.
INFO (XSTRM-223): 86. Translating stdVia TECH_C35B4/VIA3_C/layout as STRUCTURE VIA3_C_CDNS_7811711871385.
INFO (XSTRM-223): 87. Translating stdVia TECH_C35B4/VIA3_C/layout as STRUCTURE VIA3_C_CDNS_7811711871386.
INFO (XSTRM-223): 88. Translating stdVia TECH_C35B4/VIA3_C/layout as STRUCTURE VIA3_C_CDNS_7811711871387.
INFO (XSTRM-223): 89. Translating stdVia TECH_C35B4/VIA3_C/layout as STRUCTURE VIA3_C_CDNS_7811711871388.
INFO (XSTRM-223): 90. Translating stdVia TECH_C35B4/VIA3_C/layout as STRUCTURE VIA3_C_CDNS_7811711871389.
INFO (XSTRM-223): 91. Translating stdVia TECH_C35B4/VIA3_C/layout as STRUCTURE VIA3_C_CDNS_7811711871390.
INFO (XSTRM-223): 92. Translating stdVia TECH_C35B4/VIA2_C/layout as STRUCTURE VIA2_C_CDNS_7811711871391.
INFO (XSTRM-223): 93. Translating stdVia TECH_C35B4/VIA3_C/layout as STRUCTURE VIA3_C_CDNS_7811711871392.
INFO (XSTRM-223): 94. Translating stdVia TECH_C35B4/VIA3_C/layout as STRUCTURE VIA3_C_CDNS_7811711871393.
INFO (XSTRM-223): 95. Translating stdVia TECH_C35B4/VIA1_C/layout as STRUCTURE VIA1_C_CDNS_7811711871394.
INFO (XSTRM-223): 96. Translating stdVia TECH_C35B4/VIA1_C/layout as STRUCTURE VIA1_C_CDNS_7811711871395.
INFO (XSTRM-223): 97. Translating stdVia TECH_C35B4/VIA1_C/layout as STRUCTURE VIA1_C_CDNS_7811711871396.
INFO (XSTRM-223): 98. Translating stdVia TECH_C35B4/VIA1_C/layout as STRUCTURE VIA1_C_CDNS_7811711871397.
INFO (XSTRM-223): 99. Translating customVia TECH_C35B4/VIA1_PR/layout as STRUCTURE VIA1_PR.
INFO (XSTRM-223): 100. Translating customVia TECH_C35B4/VIA2_DEAST/layout as STRUCTURE VIA2_DEAST.
INFO (XSTRM-223): 101. Translating customVia TECH_C35B4/VIA2_DSOUTH/layout as STRUCTURE VIA2_DSOUTH.
INFO (XSTRM-223): 102. Translating customVia TECH_C35B4/VIA1_DEAST/layout as STRUCTURE VIA1_DEAST.
INFO (XSTRM-223): 103. Translating customVia TECH_C35B4/VIA1_DNORTH/layout as STRUCTURE VIA1_DNORTH.
INFO (XSTRM-223): 104. Translating customVia TECH_C35B4/VIA1_DSOUTH/layout as STRUCTURE VIA1_DSOUTH.
INFO (XSTRM-223): 105. Translating customVia TECH_C35B4/VIA1_DWEST/layout as STRUCTURE VIA1_DWEST.
INFO (XSTRM-223): 106. Translating customVia TECH_C35B4/VIA2_DNORTH/layout as STRUCTURE VIA2_DNORTH.
INFO (XSTRM-223): 107. Translating customVia TECH_C35B4/VIA2_DWEST/layout as STRUCTURE VIA2_DWEST.
INFO (XSTRM-223): 108. Translating customVia TECH_C35B4/VIA1_HC/layout as STRUCTURE VIA1_HC.
INFO (XSTRM-223): 109. Translating cellView CORELIBD/CLKBUFX6/layout as STRUCTURE CLKBUFX6.
WARNING (XSTRM-35): The objects in the layer-purpose pair 'MET1:pin' are ignored. This is because the layer-purpose pair used in the design is not specified in the layer map file. Specify the layer-purpose pair in the layer map file and try again.
INFO (XSTRM-223): 110. Translating cellView CORELIBD/DFCX4/layout as STRUCTURE DFCX4.
INFO (XSTRM-223): 111. Translating cellView CORELIBD/CLKBUFX8/layout as STRUCTURE CLKBUFX8.
INFO (XSTRM-223): 112. Translating cellView CORELIBD/BUFX16/layout as STRUCTURE BUFX16.
INFO (XSTRM-223): 113. Translating cellView CORELIBD/BUFX2/layout as STRUCTURE BUFX2.
INFO (XSTRM-223): 114. Translating cellView CORELIBD/CLKBUFX10/layout as STRUCTURE CLKBUFX10.
INFO (XSTRM-223): 115. Translating cellView CORELIBD/CLKBUFX24/layout as STRUCTURE CLKBUFX24.
INFO (XSTRM-223): 116. Translating cellView CORELIBD/BUFX8/layout as STRUCTURE BUFX8.
INFO (XSTRM-223): 117. Translating cellView CORELIBD/CLKBUFX3/layout as STRUCTURE CLKBUFX3.
INFO (XSTRM-223): 118. Translating cellView CORELIBD/CLKBUFX12/layout as STRUCTURE CLKBUFX12.
INFO (XSTRM-223): 119. Translating cellView CORELIBD/CLKBUFX16/layout as STRUCTURE CLKBUFX16.
INFO (XSTRM-223): 120. Translating cellView CORELIBD/DLY1X1/layout as STRUCTURE DLY1X1.
INFO (XSTRM-223): 121. Translating cellView CORELIBD/CLKBUFX2/layout as STRUCTURE CLKBUFX2.
INFO (XSTRM-223): 122. Translating cellView CORELIBD/CLKBUFX4/layout as STRUCTURE CLKBUFX4.
INFO (XSTRM-223): 123. Translating cellView CORELIBD/XOR2X1/layout as STRUCTURE XOR2X1.
INFO (XSTRM-223): 124. Translating cellView CORELIBD/DFCSX4/layout as STRUCTURE DFCSX4.
INFO (XSTRM-223): 125. Translating cellView CORELIBD/HAX3/layout as STRUCTURE HAX3.
INFO (XSTRM-223): 126. Translating cellView CORELIBD/NAND2X2/layout as STRUCTURE NAND2X2.
INFO (XSTRM-223): 127. Translating cellView CORELIBD/NOR2X6/layout as STRUCTURE NOR2X6.
INFO (XSTRM-223): 128. Translating cellView CORELIBD/CLKINVX1/layout as STRUCTURE CLKINVX1.
INFO (XSTRM-223): 129. Translating cellView CORELIBD/NAND3X1/layout as STRUCTURE NAND3X1.
INFO (XSTRM-223): 130. Translating cellView CORELIBD/NOR4X1/layout as STRUCTURE NOR4X1.
INFO (XSTRM-223): 131. Translating cellView CORELIBD/NOR2X3/layout as STRUCTURE NOR2X3.
INFO (XSTRM-223): 132. Translating cellView CORELIBD/DFCSX2/layout as STRUCTURE DFCSX2.
INFO (XSTRM-223): 133. Translating cellView CORELIBD/DFCX3/layout as STRUCTURE DFCX3.
INFO (XSTRM-223): 134. Translating cellView CORELIBD/AND2X4/layout as STRUCTURE AND2X4.
INFO (XSTRM-223): 135. Translating cellView CORELIBD/CLKINVX4/layout as STRUCTURE CLKINVX4.
INFO (XSTRM-223): 136. Translating cellView CORELIBD/FILLCAPX8/layout as STRUCTURE FILLCAPX8.
INFO (XSTRM-223): 137. Translating cellView CORELIBD/FILLCAPX4/layout as STRUCTURE FILLCAPX4.
INFO (XSTRM-223): 138. Translating cellView CORELIBD/FILLCAPX2/layout as STRUCTURE FILLCAPX2.
INFO (XSTRM-223): 139. Translating cellView CORELIBD/FILLCAPX16/layout as STRUCTURE FILLCAPX16.
INFO (XSTRM-223): 140. Translating cellView CORELIBD/FILLCAPX32/layout as STRUCTURE FILLCAPX32.
INFO (XSTRM-223): 141. Translating cellView CORELIBD/FILLCELLX2/layout as STRUCTURE FILLCELLX2.
INFO (XSTRM-223): 142. Translating cellView CORELIBD/FILLCELLX8/layout as STRUCTURE FILLCELLX8.
INFO (XSTRM-223): 143. Translating cellView CORELIBD/FILLCELLX4/layout as STRUCTURE FILLCELLX4.
INFO (XSTRM-223): 144. Translating cellView CORELIBD/FILLCELLX1/layout as STRUCTURE FILLCELLX1.
INFO (XSTRM-223): 145. Translating cellView CORELIBD/FILLCELLX16/layout as STRUCTURE FILLCELLX16.
INFO (XSTRM-223): 146. Translating cellView DIG_SPI/il2244_dig/layout as STRUCTURE il2244_dig.
INFO (XSTRM-180): You have not used the '-objectMap' option. The design has instance(s) of at least one of following OpenAccess objects: oaBlockage, oaBoundary, oaRow, and oaMarker. Any information about these objects will not be translated into the generated stream file. Use the '-objectMap' option to translate/preserve these objects using XStream.
INFO (XSTRM-223): 147. Translating stdVia TECH_C35B4/VIA2_C/layout as STRUCTURE VIA2_C_CDNS_7811711871398.
INFO (XSTRM-223): 148. Translating stdVia TECH_C35B4/VIA1_C/layout as STRUCTURE VIA1_C_CDNS_7811711871399.
INFO (XSTRM-223): 149. Translating stdVia TECH_C35B4/VIA2_C/layout as STRUCTURE VIA2_C_CDNS_78117118713100.
INFO (XSTRM-223): 150. Translating stdVia TECH_C35B4/VIA2_C/layout as STRUCTURE VIA2_C_CDNS_78117118713101.
INFO (XSTRM-223): 151. Translating stdVia TECH_C35B4/VIA3_C/layout as STRUCTURE VIA3_C_CDNS_78117118713102.
INFO (XSTRM-223): 152. Translating stdVia TECH_C35B4/VIA2_C/layout as STRUCTURE VIA2_C_CDNS_78117118713103.
INFO (XSTRM-223): 153. Translating stdVia TECH_C35B4/VIA2_C/layout as STRUCTURE VIA2_C_CDNS_78117118713104.
INFO (XSTRM-223): 154. Translating stdVia TECH_C35B4/VIA1_C/layout as STRUCTURE VIA1_C_CDNS_78117118713105.
INFO (XSTRM-223): 155. Translating stdVia TECH_C35B4/VIA2_C/layout as STRUCTURE VIA2_C_CDNS_78117118713106.
INFO (XSTRM-223): 156. Translating stdVia TECH_C35B4/VIA2_C/layout as STRUCTURE VIA2_C_CDNS_78117118713107.
INFO (XSTRM-223): 157. Translating stdVia TECH_C35B4/VIA1_C/layout as STRUCTURE VIA1_C_CDNS_78117118713108.
INFO (XSTRM-223): 158. Translating stdVia TECH_C35B4/VIA1_C/layout as STRUCTURE VIA1_C_CDNS_78117118713109.
INFO (XSTRM-223): 159. Translating stdVia TECH_C35B4/P1_C/layout as STRUCTURE P1_C_CDNS_78117118713110.
INFO (XSTRM-223): 160. Translating stdVia TECH_C35B4/P1_C/layout as STRUCTURE P1_C_CDNS_78117118713111.
INFO (XSTRM-223): 161. Translating stdVia TECH_C35B4/VIA1_C/layout as STRUCTURE VIA1_C_CDNS_78117118713112.
INFO (XSTRM-223): 162. Translating stdVia TECH_C35B4/VIA1_C/layout as STRUCTURE VIA1_C_CDNS_78117118713113.
INFO (XSTRM-223): 163. Translating stdVia TECH_C35B4/VIA1_C/layout as STRUCTURE VIA1_C_CDNS_78117118713114.
INFO (XSTRM-223): 164. Translating stdVia TECH_C35B4/VIA2_C/layout as STRUCTURE VIA2_C_CDNS_78117118713115.
INFO (XSTRM-223): 165. Translating stdVia TECH_C35B4/VIA1_C/layout as STRUCTURE VIA1_C_CDNS_78117118713116.
INFO (XSTRM-223): 166. Translating stdVia TECH_C35B4/VIA1_C/layout as STRUCTURE VIA1_C_CDNS_78117118713117.
INFO (XSTRM-223): 167. Translating stdVia TECH_C35B4/P1_C/layout as STRUCTURE P1_C_CDNS_78117118713118.
INFO (XSTRM-223): 168. Translating stdVia TECH_C35B4/VIA1_C/layout as STRUCTURE VIA1_C_CDNS_78117118713119.
INFO (XSTRM-223): 169. Translating stdVia TECH_C35B4/VIA2_C/layout as STRUCTURE VIA2_C_CDNS_78117118713120.
INFO (XSTRM-223): 170. Translating stdVia TECH_C35B4/VIA1_C/layout as STRUCTURE VIA1_C_CDNS_78117118713121.
INFO (XSTRM-223): 171. Translating stdVia TECH_C35B4/VIA1_C/layout as STRUCTURE VIA1_C_CDNS_78117118713122.
INFO (XSTRM-223): 172. Translating stdVia TECH_C35B4/P1_C/layout as STRUCTURE P1_C_CDNS_78117118713123.
INFO (XSTRM-223): 173. Translating stdVia TECH_C35B4/VIA1_C/layout as STRUCTURE VIA1_C_CDNS_78117118713124.
INFO (XSTRM-223): 174. Translating stdVia TECH_C35B4/P1_C/layout as STRUCTURE P1_C_CDNS_78117118713125.
INFO (XSTRM-223): 175. Translating stdVia TECH_C35B4/P1_C/layout as STRUCTURE P1_C_CDNS_78117118713126.
INFO (XSTRM-223): 176. Translating stdVia TECH_C35B4/VIA1_C/layout as STRUCTURE VIA1_C_CDNS_78117118713127.
INFO (XSTRM-223): 177. Translating stdVia TECH_C35B4/VIA1_C/layout as STRUCTURE VIA1_C_CDNS_78117118713128.
INFO (XSTRM-223): 178. Translating stdVia TECH_C35B4/VIA2_C/layout as STRUCTURE VIA2_C_CDNS_78117118713129.
INFO (XSTRM-223): 179. Translating stdVia TECH_C35B4/VIA2_C/layout as STRUCTURE VIA2_C_CDNS_78117118713130.
INFO (XSTRM-223): 180. Translating stdVia TECH_C35B4/VIA1_C/layout as STRUCTURE VIA1_C_CDNS_78117118713131.
INFO (XSTRM-223): 181. Translating stdVia TECH_C35B4/VIA1_C/layout as STRUCTURE VIA1_C_CDNS_78117118713132.
INFO (XSTRM-223): 182. Translating stdVia TECH_C35B4/VIA2_C/layout as STRUCTURE VIA2_C_CDNS_78117118713133.
INFO (XSTRM-223): 183. Translating stdVia TECH_C35B4/VIA1_C/layout as STRUCTURE VIA1_C_CDNS_78117118713134.
INFO (XSTRM-223): 184. Translating stdVia TECH_C35B4/VIA1_C/layout as STRUCTURE VIA1_C_CDNS_78117118713135.
INFO (XSTRM-223): 185. Translating stdVia TECH_C35B4/P1_C/layout as STRUCTURE P1_C_CDNS_78117118713136.
INFO (XSTRM-223): 186. Translating stdVia TECH_C35B4/ND_C/layout as STRUCTURE ND_C_CDNS_78117118713137.
INFO (XSTRM-223): 187. Translating stdVia TECH_C35B4/ND_C/layout as STRUCTURE ND_C_CDNS_78117118713138.
INFO (XSTRM-223): 188. Translating stdVia TECH_C35B4/VIA1_C/layout as STRUCTURE VIA1_C_CDNS_78117118713139.
INFO (XSTRM-223): 189. Translating stdVia TECH_C35B4/PD_C/layout as STRUCTURE PD_C_CDNS_78117118713140.
INFO (XSTRM-223): 190. Translating stdVia TECH_C35B4/VIA2_C/layout as STRUCTURE VIA2_C_CDNS_78117118713141.
INFO (XSTRM-223): 191. Translating stdVia TECH_C35B4/VIA1_C/layout as STRUCTURE VIA1_C_CDNS_78117118713142.
INFO (XSTRM-223): 192. Translating stdVia TECH_C35B4/ND_C/layout as STRUCTURE ND_C_CDNS_78117118713143.
INFO (XSTRM-223): 193. Translating stdVia TECH_C35B4/ND_C/layout as STRUCTURE ND_C_CDNS_78117118713144.
INFO (XSTRM-223): 194. Translating stdVia TECH_C35B4/ND_C/layout as STRUCTURE ND_C_CDNS_78117118713145.
INFO (XSTRM-223): 195. Translating stdVia TECH_C35B4/VIA1_C/layout as STRUCTURE VIA1_C_CDNS_78117118713146.
INFO (XSTRM-223): 196. Translating stdVia TECH_C35B4/PD_C/layout as STRUCTURE PD_C_CDNS_78117118713147.
INFO (XSTRM-223): 197. Translating stdVia TECH_C35B4/P1_C/layout as STRUCTURE P1_C_CDNS_78117118713148.
INFO (XSTRM-223): 198. Translating stdVia TECH_C35B4/ND_C/layout as STRUCTURE ND_C_CDNS_78117118713149.
INFO (XSTRM-223): 199. Translating stdVia TECH_C35B4/VIA2_C/layout as STRUCTURE VIA2_C_CDNS_78117118713150.
INFO (XSTRM-223): 200. Translating stdVia TECH_C35B4/VIA1_C/layout as STRUCTURE VIA1_C_CDNS_78117118713151.
INFO (XSTRM-223): 201. Translating stdVia TECH_C35B4/ND_C/layout as STRUCTURE ND_C_CDNS_78117118713152.
INFO (XSTRM-223): 202. Translating stdVia TECH_C35B4/ND_C/layout as STRUCTURE ND_C_CDNS_78117118713153.
INFO (XSTRM-223): 203. Translating stdVia TECH_C35B4/VIA1_C/layout as STRUCTURE VIA1_C_CDNS_78117118713154.
INFO (XSTRM-223): 204. Translating stdVia TECH_C35B4/VIA1_C/layout as STRUCTURE VIA1_C_CDNS_78117118713155.
INFO (XSTRM-223): 205. Translating stdVia TECH_C35B4/P1_C/layout as STRUCTURE P1_C_CDNS_78117118713156.
INFO (XSTRM-223): 206. Translating stdVia TECH_C35B4/VIA1_C/layout as STRUCTURE VIA1_C_CDNS_78117118713157.
INFO (XSTRM-223): 207. Translating stdVia TECH_C35B4/P1_C/layout as STRUCTURE P1_C_CDNS_78117118713158.
INFO (XSTRM-223): 208. Translating stdVia TECH_C35B4/VIA1_C/layout as STRUCTURE VIA1_C_CDNS_78117118713159.
INFO (XSTRM-223): 209. Translating stdVia TECH_C35B4/VIA2_C/layout as STRUCTURE VIA2_C_CDNS_78117118713160.
INFO (XSTRM-223): 210. Translating stdVia TECH_C35B4/VIA1_C/layout as STRUCTURE VIA1_C_CDNS_78117118713161.
INFO (XSTRM-223): 211. Translating stdVia TECH_C35B4/VIA1_C/layout as STRUCTURE VIA1_C_CDNS_78117118713162.
INFO (XSTRM-223): 212. Translating stdVia TECH_C35B4/VIA2_C/layout as STRUCTURE VIA2_C_CDNS_78117118713163.
INFO (XSTRM-223): 213. Translating stdVia TECH_C35B4/VIA1_C/layout as STRUCTURE VIA1_C_CDNS_78117118713164.
INFO (XSTRM-223): 214. Translating stdVia TECH_C35B4/VIA1_C/layout as STRUCTURE VIA1_C_CDNS_78117118713165.
INFO (XSTRM-223): 215. Translating stdVia TECH_C35B4/P2_C_min/layout as STRUCTURE P2_C_min_CDNS_78117118713166.
INFO (XSTRM-223): 216. Translating cellView PRIMLIB/cpolyc/layout as STRUCTURE cpolyc_CDNS_781171187130.
INFO (XSTRM-223): 217. Translating cellView PRIMLIB/vert10_4/layout as STRUCTURE vert10_4.
INFO (XSTRM-223): 218. Translating cellView PRIMLIB/rpolyhc/layout as STRUCTURE rpolyhc_CDNS_781171187131.
INFO (XSTRM-223): 219. Translating cellView PRIMLIB/nmos4/layout as STRUCTURE nmos4_CDNS_781171187132.
INFO (XSTRM-236): A path with a rounded extension, an acute angle or a length segment less than half width is encountered at (5000, 3350). This path will be written as a boundary record in the GDS file.
INFO (XSTRM-236): A path with a rounded extension, an acute angle or a length segment less than half width is encountered at (-400, 3350). This path will be written as a boundary record in the GDS file.
INFO (XSTRM-236): A path with a rounded extension, an acute angle or a length segment less than half width is encountered at (5000, 1350). This path will be written as a boundary record in the GDS file.
INFO (XSTRM-236): A path with a rounded extension, an acute angle or a length segment less than half width is encountered at (-400, 1350). This path will be written as a boundary record in the GDS file.
INFO (XSTRM-223): 220. Translating cellView PRIMLIB/pmos4/layout as STRUCTURE pmos4_CDNS_781171187133.
INFO (XSTRM-236): A path with a rounded extension, an acute angle or a length segment less than half width is encountered at (5000, 5850). This path will be written as a boundary record in the GDS file.
INFO (XSTRM-236): A path with a rounded extension, an acute angle or a length segment less than half width is encountered at (-400, 5850). This path will be written as a boundary record in the GDS file.
INFO (XSTRM-223): 221. Translating cellView PRIMLIB/nmos4/layout as STRUCTURE nmos4_CDNS_781171187134.
INFO (XSTRM-236): A path with a rounded extension, an acute angle or a length segment less than half width is encountered at (5000, 5850). This path will be written as a boundary record in the GDS file.
INFO (XSTRM-236): A path with a rounded extension, an acute angle or a length segment less than half width is encountered at (-400, 5850). This path will be written as a boundary record in the GDS file.
INFO (XSTRM-223): 222. Translating cellView PRIMLIB/nmos4/layout as STRUCTURE nmos4_CDNS_781171187135.
INFO (XSTRM-236): A path with a rounded extension, an acute angle or a length segment less than half width is encountered at (500, 5850). This path will be written as a boundary record in the GDS file.
INFO (XSTRM-236): A path with a rounded extension, an acute angle or a length segment less than half width is encountered at (-400, 5850). This path will be written as a boundary record in the GDS file.
INFO (XSTRM-236): A path with a rounded extension, an acute angle or a length segment less than half width is encountered at (0, 5850). This path will be written as a boundary record in the GDS file.
INFO (XSTRM-236): A path with a rounded extension, an acute angle or a length segment less than half width is encountered at (0, 5850). This path will be written as a boundary record in the GDS file.
INFO (XSTRM-223): 223. Translating cellView PRIMLIB/nmos4/layout as STRUCTURE nmos4_CDNS_781171187136.
INFO (XSTRM-236): A path with a rounded extension, an acute angle or a length segment less than half width is encountered at (10000, 5850). This path will be written as a boundary record in the GDS file.
INFO (XSTRM-236): A path with a rounded extension, an acute angle or a length segment less than half width is encountered at (-400, 5850). This path will be written as a boundary record in the GDS file.
INFO (XSTRM-223): 224. Translating cellView PRIMLIB/pmos4/layout as STRUCTURE pmos4_CDNS_781171187137.
INFO (XSTRM-236): A path with a rounded extension, an acute angle or a length segment less than half width is encountered at (25000, 2850). This path will be written as a boundary record in the GDS file.
INFO (XSTRM-236): A path with a rounded extension, an acute angle or a length segment less than half width is encountered at (-400, 2850). This path will be written as a boundary record in the GDS file.
INFO (XSTRM-223): 225. Translating cellView PRIMLIB/pmos4/layout as STRUCTURE pmos4_CDNS_781171187138.
INFO (XSTRM-223): 226. Translating cellView PRIMLIB/rpolyhc/layout as STRUCTURE rpolyhc_CDNS_781171187139.
INFO (XSTRM-223): 227. Translating cellView FBIAS/fecg_bandgap3_layout/layout as STRUCTURE fecg_bandgap3_layout.
WARNING (XSTRM-35): The objects in the layer-purpose pair 'MET2:pin' are ignored. This is because the layer-purpose pair used in the design is not specified in the layer map file. Specify the layer-purpose pair in the layer map file and try again.
INFO (XSTRM-223): 228. Translating stdVia TECH_C35B4/P1_C/layout as STRUCTURE P1_C_CDNS_78117118713167.
INFO (XSTRM-223): 229. Translating stdVia TECH_C35B4/P1_C/layout as STRUCTURE P1_C_CDNS_78117118713168.
INFO (XSTRM-223): 230. Translating stdVia TECH_C35B4/VIA1_C/layout as STRUCTURE VIA1_C_CDNS_78117118713169.
INFO (XSTRM-223): 231. Translating stdVia TECH_C35B4/VIA1_C/layout as STRUCTURE VIA1_C_CDNS_78117118713170.
INFO (XSTRM-223): 232. Translating stdVia TECH_C35B4/VIA2_C/layout as STRUCTURE VIA2_C_CDNS_78117118713171.
INFO (XSTRM-223): 233. Translating stdVia TECH_C35B4/VIA2_C/layout as STRUCTURE VIA2_C_CDNS_78117118713172.
INFO (XSTRM-223): 234. Translating stdVia TECH_C35B4/P1_C/layout as STRUCTURE P1_C_CDNS_78117118713173.
INFO (XSTRM-223): 235. Translating stdVia TECH_C35B4/VIA1_C/layout as STRUCTURE VIA1_C_CDNS_78117118713174.
INFO (XSTRM-223): 236. Translating stdVia TECH_C35B4/VIA2_C/layout as STRUCTURE VIA2_C_CDNS_78117118713175.
INFO (XSTRM-223): 237. Translating stdVia TECH_C35B4/VIA1_C/layout as STRUCTURE VIA1_C_CDNS_78117118713176.
INFO (XSTRM-223): 238. Translating stdVia TECH_C35B4/VIA1_C/layout as STRUCTURE VIA1_C_CDNS_78117118713177.
INFO (XSTRM-223): 239. Translating stdVia TECH_C35B4/VIA2_C/layout as STRUCTURE VIA2_C_CDNS_78117118713178.
INFO (XSTRM-223): 240. Translating stdVia TECH_C35B4/VIA1_C/layout as STRUCTURE VIA1_C_CDNS_78117118713179.
INFO (XSTRM-223): 241. Translating stdVia TECH_C35B4/VIA1_C/layout as STRUCTURE VIA1_C_CDNS_78117118713180.
INFO (XSTRM-223): 242. Translating stdVia TECH_C35B4/VIA1_C/layout as STRUCTURE VIA1_C_CDNS_78117118713181.
INFO (XSTRM-223): 243. Translating stdVia TECH_C35B4/VIA1_C/layout as STRUCTURE VIA1_C_CDNS_78117118713182.
INFO (XSTRM-223): 244. Translating stdVia TECH_C35B4/VIA1_C/layout as STRUCTURE VIA1_C_CDNS_78117118713183.
INFO (XSTRM-223): 245. Translating cellView PRIMLIB/rpolyhc/layout as STRUCTURE rpolyhc_CDNS_7811711871310.
INFO (XSTRM-236): A path with a rounded extension, an acute angle or a length segment less than half width is encountered at (-600, 54350). This path will be written as a boundary record in the GDS file.
INFO (XSTRM-236): A path with a rounded extension, an acute angle or a length segment less than half width is encountered at (-600, 0). This path will be written as a boundary record in the GDS file.
INFO (XSTRM-223): 246. Translating cellView PRIMLIB/cpolyc/layout as STRUCTURE cpolyc_CDNS_7811711871311.
INFO (XSTRM-223): 247. Translating cellView PRIMLIB/nmos4/layout as STRUCTURE nmos4_CDNS_7811711871312.
INFO (XSTRM-236): A path with a rounded extension, an acute angle or a length segment less than half width is encountered at (2500, 7350). This path will be written as a boundary record in the GDS file.
INFO (XSTRM-236): A path with a rounded extension, an acute angle or a length segment less than half width is encountered at (-400, 7350). This path will be written as a boundary record in the GDS file.
INFO (XSTRM-236): A path with a rounded extension, an acute angle or a length segment less than half width is encountered at (2500, 5350). This path will be written as a boundary record in the GDS file.
INFO (XSTRM-236): A path with a rounded extension, an acute angle or a length segment less than half width is encountered at (-400, 5350). This path will be written as a boundary record in the GDS file.
INFO (XSTRM-236): A path with a rounded extension, an acute angle or a length segment less than half width is encountered at (2500, 3350). This path will be written as a boundary record in the GDS file.
INFO (XSTRM-236): A path with a rounded extension, an acute angle or a length segment less than half width is encountered at (-400, 3350). This path will be written as a boundary record in the GDS file.
INFO (XSTRM-236): A path with a rounded extension, an acute angle or a length segment less than half width is encountered at (2500, 1350). This path will be written as a boundary record in the GDS file.
INFO (XSTRM-236): A path with a rounded extension, an acute angle or a length segment less than half width is encountered at (-400, 1350). This path will be written as a boundary record in the GDS file.
INFO (XSTRM-223): 248. Translating cellView CORELIBD/INVX2/layout as STRUCTURE INVX2.
INFO (XSTRM-223): 249. Translating cellView CORELIBD/INVX1/layout as STRUCTURE INVX1.
INFO (XSTRM-223): 250. Translating cellView PRIMLIB/cvar/layout as STRUCTURE cvar_CDNS_7811711871313.
INFO (XSTRM-223): 251. Translating cellView PRIMLIB/pmos4/layout as STRUCTURE pmos4_CDNS_7811711871314.
INFO (XSTRM-223): 252. Translating cellView PRIMLIB/rpolyhc/layout as STRUCTURE rpolyhc_CDNS_7811711871315.
INFO (XSTRM-236): A path with a rounded extension, an acute angle or a length segment less than half width is encountered at (26550, 77600). This path will be written as a boundary record in the GDS file.
INFO (XSTRM-236): A path with a rounded extension, an acute angle or a length segment less than half width is encountered at (-600, 0). This path will be written as a boundary record in the GDS file.
INFO (XSTRM-223): 253. Translating cellView PRIMLIB/cpolyc/layout as STRUCTURE cpolyc_CDNS_7811711871316.
INFO (XSTRM-223): 254. Translating cellView FBIAS/fbias_por2_fc/layout as STRUCTURE fbias_por2_fc.
INFO (XSTRM-223): 255. Translating stdVia TECH_C35B4/VIA1_C/layout as STRUCTURE VIA1_C_CDNS_78117118713184.
INFO (XSTRM-223): 256. Translating stdVia TECH_C35B4/VIA1_C/layout as STRUCTURE VIA1_C_CDNS_78117118713185.
INFO (XSTRM-223): 257. Translating stdVia TECH_C35B4/VIA2_C/layout as STRUCTURE VIA2_C_CDNS_78117118713186.
INFO (XSTRM-223): 258. Translating stdVia TECH_C35B4/VIA2_C/layout as STRUCTURE VIA2_C_CDNS_78117118713187.
INFO (XSTRM-223): 259. Translating stdVia TECH_C35B4/P1_C/layout as STRUCTURE P1_C_CDNS_78117118713188.
INFO (XSTRM-223): 260. Translating stdVia TECH_C35B4/VIA2_C/layout as STRUCTURE VIA2_C_CDNS_78117118713189.
INFO (XSTRM-223): 261. Translating stdVia TECH_C35B4/VIA1_C/layout as STRUCTURE VIA1_C_CDNS_78117118713190.
INFO (XSTRM-223): 262. Translating stdVia TECH_C35B4/P1_C/layout as STRUCTURE P1_C_CDNS_78117118713191.
INFO (XSTRM-223): 263. Translating stdVia TECH_C35B4/P1_C/layout as STRUCTURE P1_C_CDNS_78117118713192.
INFO (XSTRM-223): 264. Translating stdVia TECH_C35B4/VIA1_C/layout as STRUCTURE VIA1_C_CDNS_78117118713193.
INFO (XSTRM-223): 265. Translating stdVia TECH_C35B4/P1_C/layout as STRUCTURE P1_C_CDNS_78117118713194.
INFO (XSTRM-223): 266. Translating stdVia TECH_C35B4/VIA1_C/layout as STRUCTURE VIA1_C_CDNS_78117118713195.
INFO (XSTRM-223): 267. Translating stdVia TECH_C35B4/VIA2_C/layout as STRUCTURE VIA2_C_CDNS_78117118713196.
INFO (XSTRM-223): 268. Translating stdVia TECH_C35B4/VIA2_C/layout as STRUCTURE VIA2_C_CDNS_78117118713197.
INFO (XSTRM-223): 269. Translating stdVia TECH_C35B4/VIA2_C/layout as STRUCTURE VIA2_C_CDNS_78117118713198.
INFO (XSTRM-223): 270. Translating stdVia TECH_C35B4/VIA1_C/layout as STRUCTURE VIA1_C_CDNS_78117118713199.
INFO (XSTRM-223): 271. Translating stdVia TECH_C35B4/P1_C/layout as STRUCTURE P1_C_CDNS_78117118713200.
INFO (XSTRM-223): 272. Translating stdVia TECH_C35B4/VIA2_C/layout as STRUCTURE VIA2_C_CDNS_78117118713201.
INFO (XSTRM-223): 273. Translating stdVia TECH_C35B4/VIA2_C/layout as STRUCTURE VIA2_C_CDNS_78117118713202.
INFO (XSTRM-223): 274. Translating stdVia TECH_C35B4/VIA2_C/layout as STRUCTURE VIA2_C_CDNS_78117118713203.
INFO (XSTRM-223): 275. Translating stdVia TECH_C35B4/VIA1_C/layout as STRUCTURE VIA1_C_CDNS_78117118713204.
INFO (XSTRM-223): 276. Translating stdVia TECH_C35B4/VIA2_C/layout as STRUCTURE VIA2_C_CDNS_78117118713205.
INFO (XSTRM-223): 277. Translating stdVia TECH_C35B4/VIA2_C/layout as STRUCTURE VIA2_C_CDNS_78117118713206.
INFO (XSTRM-223): 278. Translating stdVia TECH_C35B4/VIA1_C/layout as STRUCTURE VIA1_C_CDNS_78117118713207.
INFO (XSTRM-223): 279. Translating stdVia TECH_C35B4/PD_C/layout as STRUCTURE PD_C_CDNS_78117118713208.
INFO (XSTRM-223): 280. Translating stdVia TECH_C35B4/PD_C/layout as STRUCTURE PD_C_CDNS_78117118713209.
INFO (XSTRM-223): 281. Translating stdVia TECH_C35B4/VIA2_C/layout as STRUCTURE VIA2_C_CDNS_78117118713210.
INFO (XSTRM-223): 282. Translating stdVia TECH_C35B4/VIA1_C/layout as STRUCTURE VIA1_C_CDNS_78117118713211.
INFO (XSTRM-223): 283. Translating stdVia TECH_C35B4/VIA1_C/layout as STRUCTURE VIA1_C_CDNS_78117118713212.
INFO (XSTRM-223): 284. Translating cellView PRIMLIB/pmos4/layout as STRUCTURE pmos4_CDNS_7811711871317.
INFO (XSTRM-236): A path with a rounded extension, an acute angle or a length segment less than half width is encountered at (5000, 1350). This path will be written as a boundary record in the GDS file.
INFO (XSTRM-236): A path with a rounded extension, an acute angle or a length segment less than half width is encountered at (-400, 1350). This path will be written as a boundary record in the GDS file.
INFO (XSTRM-223): 285. Translating cellView PRIMLIB/pmos4/layout as STRUCTURE pmos4_CDNS_7811711871318.
INFO (XSTRM-236): A path with a rounded extension, an acute angle or a length segment less than half width is encountered at (5000, 1850). This path will be written as a boundary record in the GDS file.
INFO (XSTRM-236): A path with a rounded extension, an acute angle or a length segment less than half width is encountered at (-400, 1850). This path will be written as a boundary record in the GDS file.
INFO (XSTRM-223): 286. Translating cellView PRIMLIB/pmos4/layout as STRUCTURE pmos4_CDNS_7811711871319.
INFO (XSTRM-236): A path with a rounded extension, an acute angle or a length segment less than half width is encountered at (10000, 15850). This path will be written as a boundary record in the GDS file.
INFO (XSTRM-236): A path with a rounded extension, an acute angle or a length segment less than half width is encountered at (-400, 15850). This path will be written as a boundary record in the GDS file.
INFO (XSTRM-236): A path with a rounded extension, an acute angle or a length segment less than half width is encountered at (0, 15850). This path will be written as a boundary record in the GDS file.
INFO (XSTRM-236): A path with a rounded extension, an acute angle or a length segment less than half width is encountered at (0, 15850). This path will be written as a boundary record in the GDS file.
INFO (XSTRM-223): 287. Translating cellView PRIMLIB/rpolyhc/layout as STRUCTURE rpolyhc_CDNS_7811711871320.
INFO (XSTRM-236): A path with a rounded extension, an acute angle or a length segment less than half width is encountered at (2050, 15600). This path will be written as a boundary record in the GDS file.
INFO (XSTRM-236): A path with a rounded extension, an acute angle or a length segment less than half width is encountered at (-600, 0). This path will be written as a boundary record in the GDS file.
INFO (XSTRM-223): 288. Translating cellView PRIMLIB/cvar/layout as STRUCTURE cvar_CDNS_7811711871321.
INFO (XSTRM-223): 289. Translating cellView PRIMLIB/nmos4/layout as STRUCTURE nmos4_CDNS_7811711871322.
INFO (XSTRM-236): A path with a rounded extension, an acute angle or a length segment less than half width is encountered at (28500, 1350). This path will be written as a boundary record in the GDS file.
INFO (XSTRM-236): A path with a rounded extension, an acute angle or a length segment less than half width is encountered at (-400, 1350). This path will be written as a boundary record in the GDS file.
INFO (XSTRM-223): 290. Translating cellView PRIMLIB/pmos4/layout as STRUCTURE pmos4_CDNS_7811711871323.
INFO (XSTRM-236): A path with a rounded extension, an acute angle or a length segment less than half width is encountered at (8350, 3350). This path will be written as a boundary record in the GDS file.
INFO (XSTRM-236): A path with a rounded extension, an acute angle or a length segment less than half width is encountered at (-400, 3350). This path will be written as a boundary record in the GDS file.
INFO (XSTRM-223): 291. Translating cellView FBIAS/fbias_cur_ref2_layout/layout as STRUCTURE fbias_cur_ref2_layout.
INFO (XSTRM-236): A path with a rounded extension, an acute angle or a length segment less than half width is encountered at (9375, 195100). This path will be written as a boundary record in the GDS file.
INFO (XSTRM-236): A path with a rounded extension, an acute angle or a length segment less than half width is encountered at (9375, 195100). This path will be written as a boundary record in the GDS file.
INFO (XSTRM-236): A path with a rounded extension, an acute angle or a length segment less than half width is encountered at (9375, 195100). This path will be written as a boundary record in the GDS file.
INFO (XSTRM-236): A path with a rounded extension, an acute angle or a length segment less than half width is encountered at (9375, 195100). This path will be written as a boundary record in the GDS file.
WARNING (XSTRM-35): The objects in the layer-purpose pair 'MET3:pin' are ignored. This is because the layer-purpose pair used in the design is not specified in the layer map file. Specify the layer-purpose pair in the layer map file and try again.
INFO (XSTRM-223): 292. Translating stdVia TECH_C35B4/VIA2_C/layout as STRUCTURE VIA2_C_CDNS_78117118713213.
INFO (XSTRM-223): 293. Translating stdVia TECH_C35B4/VIA1_C/layout as STRUCTURE VIA1_C_CDNS_78117118713214.
INFO (XSTRM-223): 294. Translating stdVia TECH_C35B4/ND_C/layout as STRUCTURE ND_C_CDNS_78117118713215.
INFO (XSTRM-223): 295. Translating stdVia TECH_C35B4/P1_C/layout as STRUCTURE P1_C_CDNS_78117118713216.
INFO (XSTRM-223): 296. Translating stdVia TECH_C35B4/P1_C/layout as STRUCTURE P1_C_CDNS_78117118713217.
INFO (XSTRM-223): 297. Translating stdVia TECH_C35B4/VIA1_C/layout as STRUCTURE VIA1_C_CDNS_78117118713218.
INFO (XSTRM-223): 298. Translating stdVia TECH_C35B4/VIA1_C/layout as STRUCTURE VIA1_C_CDNS_78117118713219.
INFO (XSTRM-223): 299. Translating stdVia TECH_C35B4/VIA2_C/layout as STRUCTURE VIA2_C_CDNS_78117118713220.
INFO (XSTRM-223): 300. Translating stdVia TECH_C35B4/PD_C/layout as STRUCTURE PD_C_CDNS_78117118713221.
INFO (XSTRM-223): 301. Translating stdVia TECH_C35B4/PD_C/layout as STRUCTURE PD_C_CDNS_78117118713222.
INFO (XSTRM-223): 302. Translating stdVia TECH_C35B4/PD_C/layout as STRUCTURE PD_C_CDNS_78117118713223.
INFO (XSTRM-223): 303. Translating stdVia TECH_C35B4/VIA1_C/layout as STRUCTURE VIA1_C_CDNS_78117118713224.
INFO (XSTRM-223): 304. Translating cellView PRIMLIB/rpolyhc/layout as STRUCTURE rpolyhc_CDNS_7811711871324.
INFO (XSTRM-236): A path with a rounded extension, an acute angle or a length segment less than half width is encountered at (4600, 6300). This path will be written as a boundary record in the GDS file.
INFO (XSTRM-236): A path with a rounded extension, an acute angle or a length segment less than half width is encountered at (-600, 0). This path will be written as a boundary record in the GDS file.
INFO (XSTRM-223): 305. Translating cellView PRIMLIB/pmos4/layout as STRUCTURE pmos4_CDNS_7811711871325.
INFO (XSTRM-236): A path with a rounded extension, an acute angle or a length segment less than half width is encountered at (10000, 10850). This path will be written as a boundary record in the GDS file.
INFO (XSTRM-236): A path with a rounded extension, an acute angle or a length segment less than half width is encountered at (-400, 10850). This path will be written as a boundary record in the GDS file.
INFO (XSTRM-223): 306. Translating cellView PRIMLIB/nmos4/layout as STRUCTURE nmos4_CDNS_7811711871326.
INFO (XSTRM-236): A path with a rounded extension, an acute angle or a length segment less than half width is encountered at (33000, 3350). This path will be written as a boundary record in the GDS file.
INFO (XSTRM-236): A path with a rounded extension, an acute angle or a length segment less than half width is encountered at (-400, 3350). This path will be written as a boundary record in the GDS file.
INFO (XSTRM-223): 307. Translating cellView PRIMLIB/rpolyhc/layout as STRUCTURE rpolyhc_CDNS_7811711871327.
INFO (XSTRM-223): 308. Translating cellView FBIAS/fbias_vol_ref1_layout/layout as STRUCTURE fbias_vol_ref1_layout.
INFO (XSTRM-223): 309. Translating stdVia TECH_C35B4/VIA1_C/layout as STRUCTURE VIA1_C_CDNS_78117118713225.
INFO (XSTRM-223): 310. Translating cellView PRIMLIB/cpolyc/layout as STRUCTURE cpolyc_CDNS_7811711871328.
INFO (XSTRM-223): 311. Translating cellView POWER_TRACKS/V200_20/layout as STRUCTURE V200_20.
INFO (XSTRM-223): 312. Translating stdVia TECH_C35B4/VIA1_C/layout as STRUCTURE VIA1_C_CDNS_78117118713226.
INFO (XSTRM-223): 313. Translating cellView PRIMLIB/cpolyc/layout as STRUCTURE cpolyc_CDNS_7811711871329.
INFO (XSTRM-223): 314. Translating cellView POWER_TRACKS/V500_20/layout as STRUCTURE V500_20.
INFO (XSTRM-223): 315. Translating stdVia TECH_C35B4/P1_C/layout as STRUCTURE P1_C_CDNS_78117118713227.
INFO (XSTRM-223): 316. Translating stdVia TECH_C35B4/VIA1_C/layout as STRUCTURE VIA1_C_CDNS_78117118713228.
INFO (XSTRM-223): 317. Translating stdVia TECH_C35B4/P1_C/layout as STRUCTURE P1_C_CDNS_78117118713229.
INFO (XSTRM-223): 318. Translating stdVia TECH_C35B4/VIA1_C/layout as STRUCTURE VIA1_C_CDNS_78117118713230.
INFO (XSTRM-223): 319. Translating stdVia TECH_C35B4/VIA2_C/layout as STRUCTURE VIA2_C_CDNS_78117118713231.
INFO (XSTRM-223): 320. Translating stdVia TECH_C35B4/P1_C/layout as STRUCTURE P1_C_CDNS_78117118713232.
INFO (XSTRM-223): 321. Translating stdVia TECH_C35B4/ND_C/layout as STRUCTURE ND_C_CDNS_78117118713233.
INFO (XSTRM-223): 322. Translating stdVia TECH_C35B4/VIA2_C/layout as STRUCTURE VIA2_C_CDNS_78117118713234.
INFO (XSTRM-223): 323. Translating stdVia TECH_C35B4/VIA1_C/layout as STRUCTURE VIA1_C_CDNS_78117118713235.
INFO (XSTRM-223): 324. Translating stdVia TECH_C35B4/VIA1_C/layout as STRUCTURE VIA1_C_CDNS_78117118713236.
INFO (XSTRM-223): 325. Translating stdVia TECH_C35B4/VIA1_C/layout as STRUCTURE VIA1_C_CDNS_78117118713237.
INFO (XSTRM-223): 326. Translating stdVia TECH_C35B4/VIA1_C/layout as STRUCTURE VIA1_C_CDNS_78117118713238.
INFO (XSTRM-223): 327. Translating stdVia TECH_C35B4/VIA1_C/layout as STRUCTURE VIA1_C_CDNS_78117118713239.
INFO (XSTRM-223): 328. Translating stdVia TECH_C35B4/VIA1_C/layout as STRUCTURE VIA1_C_CDNS_78117118713240.
INFO (XSTRM-223): 329. Translating cellView PRIMLIB/pmos4/layout as STRUCTURE pmos4_CDNS_7811711871330.
INFO (XSTRM-236): A path with a rounded extension, an acute angle or a length segment less than half width is encountered at (20000, 10850). This path will be written as a boundary record in the GDS file.
INFO (XSTRM-236): A path with a rounded extension, an acute angle or a length segment less than half width is encountered at (-400, 10850). This path will be written as a boundary record in the GDS file.
INFO (XSTRM-223): 330. Translating cellView PRIMLIB/nmos4/layout as STRUCTURE nmos4_CDNS_7811711871331.
INFO (XSTRM-236): A path with a rounded extension, an acute angle or a length segment less than half width is encountered at (10000, 73850). This path will be written as a boundary record in the GDS file.
INFO (XSTRM-236): A path with a rounded extension, an acute angle or a length segment less than half width is encountered at (-400, 73850). This path will be written as a boundary record in the GDS file.
INFO (XSTRM-236): A path with a rounded extension, an acute angle or a length segment less than half width is encountered at (10000, 52850). This path will be written as a boundary record in the GDS file.
INFO (XSTRM-236): A path with a rounded extension, an acute angle or a length segment less than half width is encountered at (-400, 52850). This path will be written as a boundary record in the GDS file.
INFO (XSTRM-236): A path with a rounded extension, an acute angle or a length segment less than half width is encountered at (10000, 31850). This path will be written as a boundary record in the GDS file.
INFO (XSTRM-236): A path with a rounded extension, an acute angle or a length segment less than half width is encountered at (-400, 31850). This path will be written as a boundary record in the GDS file.
INFO (XSTRM-236): A path with a rounded extension, an acute angle or a length segment less than half width is encountered at (10000, 10850). This path will be written as a boundary record in the GDS file.
INFO (XSTRM-236): A path with a rounded extension, an acute angle or a length segment less than half width is encountered at (-400, 10850). This path will be written as a boundary record in the GDS file.
INFO (XSTRM-223): 331. Translating cellView PRIMLIB/nmos4/layout as STRUCTURE nmos4_CDNS_7811711871332.
INFO (XSTRM-236): A path with a rounded extension, an acute angle or a length segment less than half width is encountered at (10000, 10850). This path will be written as a boundary record in the GDS file.
INFO (XSTRM-236): A path with a rounded extension, an acute angle or a length segment less than half width is encountered at (-400, 10850). This path will be written as a boundary record in the GDS file.
INFO (XSTRM-223): 332. Translating cellView PRIMLIB/pmos4/layout as STRUCTURE pmos4_CDNS_7811711871333.
INFO (XSTRM-236): A path with a rounded extension, an acute angle or a length segment less than half width is encountered at (4000, 10850). This path will be written as a boundary record in the GDS file.
INFO (XSTRM-236): A path with a rounded extension, an acute angle or a length segment less than half width is encountered at (-400, 10850). This path will be written as a boundary record in the GDS file.
INFO (XSTRM-236): A path with a rounded extension, an acute angle or a length segment less than half width is encountered at (0, 10850). This path will be written as a boundary record in the GDS file.
INFO (XSTRM-236): A path with a rounded extension, an acute angle or a length segment less than half width is encountered at (0, 10850). This path will be written as a boundary record in the GDS file.
INFO (XSTRM-223): 333. Translating cellView PRIMLIB/nmos4/layout as STRUCTURE nmos4_CDNS_7811711871334.
INFO (XSTRM-236): A path with a rounded extension, an acute angle or a length segment less than half width is encountered at (5000, 10850). This path will be written as a boundary record in the GDS file.
INFO (XSTRM-236): A path with a rounded extension, an acute angle or a length segment less than half width is encountered at (-400, 10850). This path will be written as a boundary record in the GDS file.
INFO (XSTRM-236): A path with a rounded extension, an acute angle or a length segment less than half width is encountered at (0, 10850). This path will be written as a boundary record in the GDS file.
INFO (XSTRM-236): A path with a rounded extension, an acute angle or a length segment less than half width is encountered at (0, 10850). This path will be written as a boundary record in the GDS file.
INFO (XSTRM-223): 334. Translating cellView PRIMLIB/rpolyhc/layout as STRUCTURE rpolyhc_CDNS_7811711871335.
INFO (XSTRM-223): 335. Translating cellView PRIMLIB/cpolyc/layout as STRUCTURE cpolyc_CDNS_7811711871336.
INFO (XSTRM-223): 336. Translating cellView FBIAS/fbias_gm_c1_f2c/layout as STRUCTURE fbias_gm_c1_f2c.
INFO (XSTRM-223): 337. Translating cellView FBIAS/fbias_bias2_f/layout as STRUCTURE fbias_bias2_f.
INFO (XSTRM-223): 338. Translating stdVia TECH_C35B4/VIA3_C/layout as STRUCTURE VIA3_C_CDNS_78117118713241.
INFO (XSTRM-223): 339. Translating stdVia TECH_C35B4/VIA2_C/layout as STRUCTURE VIA2_C_CDNS_78117118713242.
INFO (XSTRM-223): 340. Translating stdVia TECH_C35B4/VIA3_C/layout as STRUCTURE VIA3_C_CDNS_78117118713243.
INFO (XSTRM-223): 341. Translating stdVia TECH_C35B4/VIA3_C/layout as STRUCTURE VIA3_C_CDNS_78117118713244.
INFO (XSTRM-223): 342. Translating stdVia TECH_C35B4/P1_C/layout as STRUCTURE P1_C_CDNS_78117118713245.
INFO (XSTRM-223): 343. Translating stdVia TECH_C35B4/P1_C/layout as STRUCTURE P1_C_CDNS_78117118713246.
INFO (XSTRM-223): 344. Translating stdVia TECH_C35B4/VIA1_C/layout as STRUCTURE VIA1_C_CDNS_78117118713247.
INFO (XSTRM-223): 345. Translating stdVia TECH_C35B4/VIA1_C/layout as STRUCTURE VIA1_C_CDNS_78117118713248.
INFO (XSTRM-223): 346. Translating stdVia TECH_C35B4/P1_C/layout as STRUCTURE P1_C_CDNS_78117118713249.
INFO (XSTRM-223): 347. Translating stdVia TECH_C35B4/P1_C/layout as STRUCTURE P1_C_CDNS_78117118713250.
INFO (XSTRM-223): 348. Translating stdVia TECH_C35B4/VIA1_C/layout as STRUCTURE VIA1_C_CDNS_78117118713251.
INFO (XSTRM-223): 349. Translating stdVia TECH_C35B4/ND_C/layout as STRUCTURE ND_C_CDNS_78117118713252.
INFO (XSTRM-223): 350. Translating stdVia TECH_C35B4/ND_C/layout as STRUCTURE ND_C_CDNS_78117118713253.
INFO (XSTRM-223): 351. Translating stdVia TECH_C35B4/VIA1_C/layout as STRUCTURE VIA1_C_CDNS_78117118713254.
INFO (XSTRM-223): 352. Translating stdVia TECH_C35B4/P1_C/layout as STRUCTURE P1_C_CDNS_78117118713255.
INFO (XSTRM-223): 353. Translating stdVia TECH_C35B4/VIA1_C/layout as STRUCTURE VIA1_C_CDNS_78117118713256.
INFO (XSTRM-223): 354. Translating stdVia TECH_C35B4/P1_C/layout as STRUCTURE P1_C_CDNS_78117118713257.
INFO (XSTRM-223): 355. Translating stdVia TECH_C35B4/P1_C/layout as STRUCTURE P1_C_CDNS_78117118713258.
INFO (XSTRM-223): 356. Translating stdVia TECH_C35B4/P1_C/layout as STRUCTURE P1_C_CDNS_78117118713259.
INFO (XSTRM-223): 357. Translating stdVia TECH_C35B4/ND_C/layout as STRUCTURE ND_C_CDNS_78117118713260.
INFO (XSTRM-223): 358. Translating stdVia TECH_C35B4/ND_C/layout as STRUCTURE ND_C_CDNS_78117118713261.
INFO (XSTRM-223): 359. Translating stdVia TECH_C35B4/VIA2_C/layout as STRUCTURE VIA2_C_CDNS_78117118713262.
INFO (XSTRM-223): 360. Translating stdVia TECH_C35B4/VIA2_C/layout as STRUCTURE VIA2_C_CDNS_78117118713263.
INFO (XSTRM-223): 361. Translating stdVia TECH_C35B4/VIA2_C/layout as STRUCTURE VIA2_C_CDNS_78117118713264.
INFO (XSTRM-223): 362. Translating stdVia TECH_C35B4/VIA3_C/layout as STRUCTURE VIA3_C_CDNS_78117118713265.
INFO (XSTRM-223): 363. Translating stdVia TECH_C35B4/VIA2_C/layout as STRUCTURE VIA2_C_CDNS_78117118713266.
INFO (XSTRM-223): 364. Translating stdVia TECH_C35B4/VIA2_C/layout as STRUCTURE VIA2_C_CDNS_78117118713267.
INFO (XSTRM-223): 365. Translating stdVia TECH_C35B4/VIA2_C/layout as STRUCTURE VIA2_C_CDNS_78117118713268.
INFO (XSTRM-223): 366. Translating stdVia TECH_C35B4/VIA1_C/layout as STRUCTURE VIA1_C_CDNS_78117118713269.
INFO (XSTRM-223): 367. Translating stdVia TECH_C35B4/VIA1_C/layout as STRUCTURE VIA1_C_CDNS_78117118713270.
INFO (XSTRM-223): 368. Translating stdVia TECH_C35B4/VIA1_C/layout as STRUCTURE VIA1_C_CDNS_78117118713271.
INFO (XSTRM-223): 369. Translating stdVia TECH_C35B4/VIA2_C/layout as STRUCTURE VIA2_C_CDNS_78117118713272.
INFO (XSTRM-223): 370. Translating stdVia TECH_C35B4/ND_C/layout as STRUCTURE ND_C_CDNS_78117118713273.
INFO (XSTRM-223): 371. Translating stdVia TECH_C35B4/PD_C/layout as STRUCTURE PD_C_CDNS_78117118713274.
INFO (XSTRM-223): 372. Translating stdVia TECH_C35B4/VIA2_C/layout as STRUCTURE VIA2_C_CDNS_78117118713275.
INFO (XSTRM-223): 373. Translating stdVia TECH_C35B4/VIA1_C/layout as STRUCTURE VIA1_C_CDNS_78117118713276.
INFO (XSTRM-223): 374. Translating stdVia TECH_C35B4/VIA1_C/layout as STRUCTURE VIA1_C_CDNS_78117118713277.
INFO (XSTRM-223): 375. Translating stdVia TECH_C35B4/VIA1_C/layout as STRUCTURE VIA1_C_CDNS_78117118713278.
INFO (XSTRM-223): 376. Translating stdVia TECH_C35B4/VIA1_C/layout as STRUCTURE VIA1_C_CDNS_78117118713279.
INFO (XSTRM-223): 377. Translating stdVia TECH_C35B4/VIA1_C/layout as STRUCTURE VIA1_C_CDNS_78117118713280.
INFO (XSTRM-223): 378. Translating cellView PRIMLIB/cpolyc/layout as STRUCTURE cpolyc_CDNS_7811711871337.
INFO (XSTRM-223): 379. Translating cellView PRIMLIB/pmos4/layout as STRUCTURE pmos4_CDNS_7811711871338.
INFO (XSTRM-236): A path with a rounded extension, an acute angle or a length segment less than half width is encountered at (10000, 47850). This path will be written as a boundary record in the GDS file.
INFO (XSTRM-236): A path with a rounded extension, an acute angle or a length segment less than half width is encountered at (-400, 47850). This path will be written as a boundary record in the GDS file.
INFO (XSTRM-236): A path with a rounded extension, an acute angle or a length segment less than half width is encountered at (10000, 42850). This path will be written as a boundary record in the GDS file.
INFO (XSTRM-236): A path with a rounded extension, an acute angle or a length segment less than half width is encountered at (-400, 42850). This path will be written as a boundary record in the GDS file.
INFO (XSTRM-236): A path with a rounded extension, an acute angle or a length segment less than half width is encountered at (10000, 37850). This path will be written as a boundary record in the GDS file.
INFO (XSTRM-236): A path with a rounded extension, an acute angle or a length segment less than half width is encountered at (-400, 37850). This path will be written as a boundary record in the GDS file.
INFO (XSTRM-236): A path with a rounded extension, an acute angle or a length segment less than half width is encountered at (10000, 32850). This path will be written as a boundary record in the GDS file.
INFO (XSTRM-236): A path with a rounded extension, an acute angle or a length segment less than half width is encountered at (-400, 32850). This path will be written as a boundary record in the GDS file.
INFO (XSTRM-236): A path with a rounded extension, an acute angle or a length segment less than half width is encountered at (10000, 27850). This path will be written as a boundary record in the GDS file.
INFO (XSTRM-236): A path with a rounded extension, an acute angle or a length segment less than half width is encountered at (-400, 27850). This path will be written as a boundary record in the GDS file.
INFO (XSTRM-236): A path with a rounded extension, an acute angle or a length segment less than half width is encountered at (10000, 22850). This path will be written as a boundary record in the GDS file.
INFO (XSTRM-236): A path with a rounded extension, an acute angle or a length segment less than half width is encountered at (-400, 22850). This path will be written as a boundary record in the GDS file.
INFO (XSTRM-236): A path with a rounded extension, an acute angle or a length segment less than half width is encountered at (10000, 17850). This path will be written as a boundary record in the GDS file.
INFO (XSTRM-236): A path with a rounded extension, an acute angle or a length segment less than half width is encountered at (-400, 17850). This path will be written as a boundary record in the GDS file.
INFO (XSTRM-236): A path with a rounded extension, an acute angle or a length segment less than half width is encountered at (10000, 12850). This path will be written as a boundary record in the GDS file.
INFO (XSTRM-236): A path with a rounded extension, an acute angle or a length segment less than half width is encountered at (-400, 12850). This path will be written as a boundary record in the GDS file.
INFO (XSTRM-236): A path with a rounded extension, an acute angle or a length segment less than half width is encountered at (10000, 7850). This path will be written as a boundary record in the GDS file.
INFO (XSTRM-236): A path with a rounded extension, an acute angle or a length segment less than half width is encountered at (-400, 7850). This path will be written as a boundary record in the GDS file.
INFO (XSTRM-236): A path with a rounded extension, an acute angle or a length segment less than half width is encountered at (10000, 2850). This path will be written as a boundary record in the GDS file.
INFO (XSTRM-236): A path with a rounded extension, an acute angle or a length segment less than half width is encountered at (-400, 2850). This path will be written as a boundary record in the GDS file.
INFO (XSTRM-223): 380. Translating cellView PRIMLIB/nmos4/layout as STRUCTURE nmos4_CDNS_7811711871339.
INFO (XSTRM-236): A path with a rounded extension, an acute angle or a length segment less than half width is encountered at (2000, 20850). This path will be written as a boundary record in the GDS file.
INFO (XSTRM-236): A path with a rounded extension, an acute angle or a length segment less than half width is encountered at (-400, 20850). This path will be written as a boundary record in the GDS file.
INFO (XSTRM-236): A path with a rounded extension, an acute angle or a length segment less than half width is encountered at (0, 20850). This path will be written as a boundary record in the GDS file.
INFO (XSTRM-236): A path with a rounded extension, an acute angle or a length segment less than half width is encountered at (0, 20850). This path will be written as a boundary record in the GDS file.
INFO (XSTRM-223): 381. Translating cellView PRIMLIB/nmos4/layout as STRUCTURE nmos4_CDNS_7811711871340.
INFO (XSTRM-236): A path with a rounded extension, an acute angle or a length segment less than half width is encountered at (10000, 7850). This path will be written as a boundary record in the GDS file.
INFO (XSTRM-236): A path with a rounded extension, an acute angle or a length segment less than half width is encountered at (-400, 7850). This path will be written as a boundary record in the GDS file.
INFO (XSTRM-236): A path with a rounded extension, an acute angle or a length segment less than half width is encountered at (10000, 2850). This path will be written as a boundary record in the GDS file.
INFO (XSTRM-236): A path with a rounded extension, an acute angle or a length segment less than half width is encountered at (-400, 2850). This path will be written as a boundary record in the GDS file.
INFO (XSTRM-223): 382. Translating cellView PRIMLIB/rpolyhc/layout as STRUCTURE rpolyhc_CDNS_7811711871341.
INFO (XSTRM-223): 383. Translating cellView PRIMLIB/nmos4/layout as STRUCTURE nmos4_CDNS_7811711871342.
INFO (XSTRM-236): A path with a rounded extension, an acute angle or a length segment less than half width is encountered at (10000, 17850). This path will be written as a boundary record in the GDS file.
INFO (XSTRM-236): A path with a rounded extension, an acute angle or a length segment less than half width is encountered at (-400, 17850). This path will be written as a boundary record in the GDS file.
INFO (XSTRM-236): A path with a rounded extension, an acute angle or a length segment less than half width is encountered at (10000, 12850). This path will be written as a boundary record in the GDS file.
INFO (XSTRM-236): A path with a rounded extension, an acute angle or a length segment less than half width is encountered at (-400, 12850). This path will be written as a boundary record in the GDS file.
INFO (XSTRM-236): A path with a rounded extension, an acute angle or a length segment less than half width is encountered at (10000, 7850). This path will be written as a boundary record in the GDS file.
INFO (XSTRM-236): A path with a rounded extension, an acute angle or a length segment less than half width is encountered at (-400, 7850). This path will be written as a boundary record in the GDS file.
INFO (XSTRM-236): A path with a rounded extension, an acute angle or a length segment less than half width is encountered at (10000, 2850). This path will be written as a boundary record in the GDS file.
INFO (XSTRM-236): A path with a rounded extension, an acute angle or a length segment less than half width is encountered at (-400, 2850). This path will be written as a boundary record in the GDS file.
INFO (XSTRM-223): 384. Translating cellView PRIMLIB/nmos4/layout as STRUCTURE nmos4_CDNS_7811711871343.
INFO (XSTRM-236): A path with a rounded extension, an acute angle or a length segment less than half width is encountered at (1000, 47850). This path will be written as a boundary record in the GDS file.
INFO (XSTRM-236): A path with a rounded extension, an acute angle or a length segment less than half width is encountered at (-400, 47850). This path will be written as a boundary record in the GDS file.
INFO (XSTRM-236): A path with a rounded extension, an acute angle or a length segment less than half width is encountered at (0, 47850). This path will be written as a boundary record in the GDS file.
INFO (XSTRM-236): A path with a rounded extension, an acute angle or a length segment less than half width is encountered at (1000, 42850). This path will be written as a boundary record in the GDS file.
INFO (XSTRM-236): A path with a rounded extension, an acute angle or a length segment less than half width is encountered at (-400, 42850). This path will be written as a boundary record in the GDS file.
INFO (XSTRM-236): A path with a rounded extension, an acute angle or a length segment less than half width is encountered at (0, 42850). This path will be written as a boundary record in the GDS file.
INFO (XSTRM-236): A path with a rounded extension, an acute angle or a length segment less than half width is encountered at (1000, 37850). This path will be written as a boundary record in the GDS file.
INFO (XSTRM-236): A path with a rounded extension, an acute angle or a length segment less than half width is encountered at (-400, 37850). This path will be written as a boundary record in the GDS file.
INFO (XSTRM-236): A path with a rounded extension, an acute angle or a length segment less than half width is encountered at (0, 37850). This path will be written as a boundary record in the GDS file.
INFO (XSTRM-236): A path with a rounded extension, an acute angle or a length segment less than half width is encountered at (1000, 32850). This path will be written as a boundary record in the GDS file.
INFO (XSTRM-236): A path with a rounded extension, an acute angle or a length segment less than half width is encountered at (-400, 32850). This path will be written as a boundary record in the GDS file.
INFO (XSTRM-236): A path with a rounded extension, an acute angle or a length segment less than half width is encountered at (0, 32850). This path will be written as a boundary record in the GDS file.
INFO (XSTRM-236): A path with a rounded extension, an acute angle or a length segment less than half width is encountered at (1000, 27850). This path will be written as a boundary record in the GDS file.
INFO (XSTRM-236): A path with a rounded extension, an acute angle or a length segment less than half width is encountered at (-400, 27850). This path will be written as a boundary record in the GDS file.
INFO (XSTRM-236): A path with a rounded extension, an acute angle or a length segment less than half width is encountered at (0, 27850). This path will be written as a boundary record in the GDS file.
INFO (XSTRM-236): A path with a rounded extension, an acute angle or a length segment less than half width is encountered at (1000, 22850). This path will be written as a boundary record in the GDS file.
INFO (XSTRM-236): A path with a rounded extension, an acute angle or a length segment less than half width is encountered at (-400, 22850). This path will be written as a boundary record in the GDS file.
INFO (XSTRM-236): A path with a rounded extension, an acute angle or a length segment less than half width is encountered at (0, 22850). This path will be written as a boundary record in the GDS file.
INFO (XSTRM-236): A path with a rounded extension, an acute angle or a length segment less than half width is encountered at (1000, 17850). This path will be written as a boundary record in the GDS file.
INFO (XSTRM-236): A path with a rounded extension, an acute angle or a length segment less than half width is encountered at (-400, 17850). This path will be written as a boundary record in the GDS file.
INFO (XSTRM-236): A path with a rounded extension, an acute angle or a length segment less than half width is encountered at (0, 17850). This path will be written as a boundary record in the GDS file.
INFO (XSTRM-236): A path with a rounded extension, an acute angle or a length segment less than half width is encountered at (1000, 12850). This path will be written as a boundary record in the GDS file.
INFO (XSTRM-236): A path with a rounded extension, an acute angle or a length segment less than half width is encountered at (-400, 12850). This path will be written as a boundary record in the GDS file.
INFO (XSTRM-236): A path with a rounded extension, an acute angle or a length segment less than half width is encountered at (0, 12850). This path will be written as a boundary record in the GDS file.
INFO (XSTRM-236): A path with a rounded extension, an acute angle or a length segment less than half width is encountered at (1000, 7850). This path will be written as a boundary record in the GDS file.
INFO (XSTRM-236): A path with a rounded extension, an acute angle or a length segment less than half width is encountered at (-400, 7850). This path will be written as a boundary record in the GDS file.
INFO (XSTRM-236): A path with a rounded extension, an acute angle or a length segment less than half width is encountered at (0, 7850). This path will be written as a boundary record in the GDS file.
INFO (XSTRM-236): A path with a rounded extension, an acute angle or a length segment less than half width is encountered at (1000, 2850). This path will be written as a boundary record in the GDS file.
INFO (XSTRM-236): A path with a rounded extension, an acute angle or a length segment less than half width is encountered at (-400, 2850). This path will be written as a boundary record in the GDS file.
INFO (XSTRM-236): A path with a rounded extension, an acute angle or a length segment less than half width is encountered at (0, 2850). This path will be written as a boundary record in the GDS file.
INFO (XSTRM-236): A path with a rounded extension, an acute angle or a length segment less than half width is encountered at (0, 47850). This path will be written as a boundary record in the GDS file.
INFO (XSTRM-236): A path with a rounded extension, an acute angle or a length segment less than half width is encountered at (0, 42850). This path will be written as a boundary record in the GDS file.
INFO (XSTRM-236): A path with a rounded extension, an acute angle or a length segment less than half width is encountered at (0, 37850). This path will be written as a boundary record in the GDS file.
INFO (XSTRM-236): A path with a rounded extension, an acute angle or a length segment less than half width is encountered at (0, 32850). This path will be written as a boundary record in the GDS file.
INFO (XSTRM-236): A path with a rounded extension, an acute angle or a length segment less than half width is encountered at (0, 27850). This path will be written as a boundary record in the GDS file.
INFO (XSTRM-236): A path with a rounded extension, an acute angle or a length segment less than half width is encountered at (0, 22850). This path will be written as a boundary record in the GDS file.
INFO (XSTRM-236): A path with a rounded extension, an acute angle or a length segment less than half width is encountered at (0, 17850). This path will be written as a boundary record in the GDS file.
INFO (XSTRM-236): A path with a rounded extension, an acute angle or a length segment less than half width is encountered at (0, 12850). This path will be written as a boundary record in the GDS file.
INFO (XSTRM-236): A path with a rounded extension, an acute angle or a length segment less than half width is encountered at (0, 7850). This path will be written as a boundary record in the GDS file.
INFO (XSTRM-236): A path with a rounded extension, an acute angle or a length segment less than half width is encountered at (0, 2850). This path will be written as a boundary record in the GDS file.
INFO (XSTRM-223): 385. Translating stdVia TECH_C35B4/ND_C/layout as STRUCTURE ND_C_CDNS_78117118713281.
INFO (XSTRM-223): 386. Translating stdVia TECH_C35B4/VIA1_C/layout as STRUCTURE VIA1_C_CDNS_78117118713282.
INFO (XSTRM-223): 387. Translating cellView PRIMLIB/nmos4/layout as STRUCTURE nmos4_CDNS_7811711871344.
INFO (XSTRM-223): 388. Translating cellView PRIMLIB/pmos4/layout as STRUCTURE pmos4_CDNS_7811711871345.
INFO (XSTRM-223): 389. Translating cellView FECG/chopper2/layout as STRUCTURE chopper2.
INFO (XSTRM-223): 390. Translating cellView PRIMLIB/cpolyc/layout as STRUCTURE cpolyc_CDNS_7811711871346.
INFO (XSTRM-223): 391. Translating cellView PRIMLIB/nmos4/layout as STRUCTURE nmos4_CDNS_7811711871347.
INFO (XSTRM-236): A path with a rounded extension, an acute angle or a length segment less than half width is encountered at (2500, 10850). This path will be written as a boundary record in the GDS file.
INFO (XSTRM-236): A path with a rounded extension, an acute angle or a length segment less than half width is encountered at (-400, 10850). This path will be written as a boundary record in the GDS file.
INFO (XSTRM-236): A path with a rounded extension, an acute angle or a length segment less than half width is encountered at (2500, 7850). This path will be written as a boundary record in the GDS file.
INFO (XSTRM-236): A path with a rounded extension, an acute angle or a length segment less than half width is encountered at (-400, 7850). This path will be written as a boundary record in the GDS file.
INFO (XSTRM-236): A path with a rounded extension, an acute angle or a length segment less than half width is encountered at (2500, 4850). This path will be written as a boundary record in the GDS file.
INFO (XSTRM-236): A path with a rounded extension, an acute angle or a length segment less than half width is encountered at (-400, 4850). This path will be written as a boundary record in the GDS file.
INFO (XSTRM-236): A path with a rounded extension, an acute angle or a length segment less than half width is encountered at (2500, 1850). This path will be written as a boundary record in the GDS file.
INFO (XSTRM-236): A path with a rounded extension, an acute angle or a length segment less than half width is encountered at (-400, 1850). This path will be written as a boundary record in the GDS file.
INFO (XSTRM-223): 392. Translating cellView PRIMLIB/nmos4/layout as STRUCTURE nmos4_CDNS_7811711871348.
INFO (XSTRM-223): 393. Translating cellView PRIMLIB/pmos4/layout as STRUCTURE pmos4_CDNS_7811711871349.
INFO (XSTRM-223): 394. Translating cellView PRIMLIB/nmos4/layout as STRUCTURE nmos4_CDNS_7811711871350.
INFO (XSTRM-236): A path with a rounded extension, an acute angle or a length segment less than half width is encountered at (4000, 6850). This path will be written as a boundary record in the GDS file.
INFO (XSTRM-236): A path with a rounded extension, an acute angle or a length segment less than half width is encountered at (-400, 6850). This path will be written as a boundary record in the GDS file.
INFO (XSTRM-236): A path with a rounded extension, an acute angle or a length segment less than half width is encountered at (0, 6850). This path will be written as a boundary record in the GDS file.
INFO (XSTRM-236): A path with a rounded extension, an acute angle or a length segment less than half width is encountered at (0, 6850). This path will be written as a boundary record in the GDS file.
INFO (XSTRM-223): 395. Translating cellView PRIMLIB/nmos4/layout as STRUCTURE nmos4_CDNS_7811711871351.
INFO (XSTRM-236): A path with a rounded extension, an acute angle or a length segment less than half width is encountered at (10000, 4850). This path will be written as a boundary record in the GDS file.
INFO (XSTRM-236): A path with a rounded extension, an acute angle or a length segment less than half width is encountered at (-400, 4850). This path will be written as a boundary record in the GDS file.
INFO (XSTRM-223): 396. Translating cellView PRIMLIB/pmos4/layout as STRUCTURE pmos4_CDNS_7811711871352.
INFO (XSTRM-236): A path with a rounded extension, an acute angle or a length segment less than half width is encountered at (33350, 27850). This path will be written as a boundary record in the GDS file.
INFO (XSTRM-236): A path with a rounded extension, an acute angle or a length segment less than half width is encountered at (-400, 27850). This path will be written as a boundary record in the GDS file.
INFO (XSTRM-236): A path with a rounded extension, an acute angle or a length segment less than half width is encountered at (33350, 22850). This path will be written as a boundary record in the GDS file.
INFO (XSTRM-236): A path with a rounded extension, an acute angle or a length segment less than half width is encountered at (-400, 22850). This path will be written as a boundary record in the GDS file.
INFO (XSTRM-236): A path with a rounded extension, an acute angle or a length segment less than half width is encountered at (33350, 17850). This path will be written as a boundary record in the GDS file.
INFO (XSTRM-236): A path with a rounded extension, an acute angle or a length segment less than half width is encountered at (-400, 17850). This path will be written as a boundary record in the GDS file.
INFO (XSTRM-236): A path with a rounded extension, an acute angle or a length segment less than half width is encountered at (33350, 12850). This path will be written as a boundary record in the GDS file.
INFO (XSTRM-236): A path with a rounded extension, an acute angle or a length segment less than half width is encountered at (-400, 12850). This path will be written as a boundary record in the GDS file.
INFO (XSTRM-236): A path with a rounded extension, an acute angle or a length segment less than half width is encountered at (33350, 7850). This path will be written as a boundary record in the GDS file.
INFO (XSTRM-236): A path with a rounded extension, an acute angle or a length segment less than half width is encountered at (-400, 7850). This path will be written as a boundary record in the GDS file.
INFO (XSTRM-236): A path with a rounded extension, an acute angle or a length segment less than half width is encountered at (33350, 2850). This path will be written as a boundary record in the GDS file.
INFO (XSTRM-236): A path with a rounded extension, an acute angle or a length segment less than half width is encountered at (-400, 2850). This path will be written as a boundary record in the GDS file.
INFO (XSTRM-223): 397. Translating cellView PRIMLIB/pmos4/layout as STRUCTURE pmos4_CDNS_7811711871353.
INFO (XSTRM-236): A path with a rounded extension, an acute angle or a length segment less than half width is encountered at (12500, 2850). This path will be written as a boundary record in the GDS file.
INFO (XSTRM-236): A path with a rounded extension, an acute angle or a length segment less than half width is encountered at (-400, 2850). This path will be written as a boundary record in the GDS file.
INFO (XSTRM-223): 398. Translating cellView PRIMLIB/pmos4/layout as STRUCTURE pmos4_CDNS_7811711871354.
INFO (XSTRM-236): A path with a rounded extension, an acute angle or a length segment less than half width is encountered at (10000, 6850). This path will be written as a boundary record in the GDS file.
INFO (XSTRM-236): A path with a rounded extension, an acute angle or a length segment less than half width is encountered at (-400, 6850). This path will be written as a boundary record in the GDS file.
INFO (XSTRM-223): 399. Translating cellView PRIMLIB/pmos4/layout as STRUCTURE pmos4_CDNS_7811711871355.
INFO (XSTRM-236): A path with a rounded extension, an acute angle or a length segment less than half width is encountered at (12500, 10850). This path will be written as a boundary record in the GDS file.
INFO (XSTRM-236): A path with a rounded extension, an acute angle or a length segment less than half width is encountered at (-400, 10850). This path will be written as a boundary record in the GDS file.
INFO (XSTRM-223): 400. Translating cellView PRIMLIB/rpolyhc/layout as STRUCTURE rpolyhc_CDNS_7811711871356.
INFO (XSTRM-223): 401. Translating cellView PRIMLIB/cpolyc/layout as STRUCTURE cpolyc_CDNS_7811711871357.
INFO (XSTRM-223): 402. Translating cellView PRIMLIB/rpolyhc/layout as STRUCTURE rpolyhc_CDNS_7811711871358.
INFO (XSTRM-223): 403. Translating cellView PRIMLIB/cpolyc/layout as STRUCTURE cpolyc_CDNS_7811711871359.
INFO (XSTRM-223): 404. Translating cellView FECG/fecg_ia_5_fc/layout as STRUCTURE fecg_ia_5_fc.
INFO (XSTRM-223): 405. Translating stdVia TECH_C35B4/P1_C/layout as STRUCTURE P1_C_CDNS_78117118713283.
INFO (XSTRM-223): 406. Translating stdVia TECH_C35B4/VIA2_C/layout as STRUCTURE VIA2_C_CDNS_78117118713284.
INFO (XSTRM-223): 407. Translating stdVia TECH_C35B4/VIA2_C/layout as STRUCTURE VIA2_C_CDNS_78117118713285.
INFO (XSTRM-223): 408. Translating stdVia TECH_C35B4/ND_C/layout as STRUCTURE ND_C_CDNS_78117118713286.
INFO (XSTRM-223): 409. Translating stdVia TECH_C35B4/ND_C/layout as STRUCTURE ND_C_CDNS_78117118713287.
INFO (XSTRM-223): 410. Translating stdVia TECH_C35B4/VIA2_C/layout as STRUCTURE VIA2_C_CDNS_78117118713288.
INFO (XSTRM-223): 411. Translating stdVia TECH_C35B4/PD_C/layout as STRUCTURE PD_C_CDNS_78117118713289.
INFO (XSTRM-223): 412. Translating stdVia TECH_C35B4/PD_C/layout as STRUCTURE PD_C_CDNS_78117118713290.
INFO (XSTRM-223): 413. Translating stdVia TECH_C35B4/PD_C/layout as STRUCTURE PD_C_CDNS_78117118713291.
INFO (XSTRM-223): 414. Translating stdVia TECH_C35B4/VIA2_C/layout as STRUCTURE VIA2_C_CDNS_78117118713292.
INFO (XSTRM-223): 415. Translating stdVia TECH_C35B4/VIA1_C/layout as STRUCTURE VIA1_C_CDNS_78117118713293.
INFO (XSTRM-223): 416. Translating stdVia TECH_C35B4/VIA1_C/layout as STRUCTURE VIA1_C_CDNS_78117118713294.
INFO (XSTRM-223): 417. Translating stdVia TECH_C35B4/VIA2_C/layout as STRUCTURE VIA2_C_CDNS_78117118713295.
INFO (XSTRM-223): 418. Translating stdVia TECH_C35B4/VIA1_C/layout as STRUCTURE VIA1_C_CDNS_78117118713296.
INFO (XSTRM-223): 419. Translating stdVia TECH_C35B4/VIA2_C/layout as STRUCTURE VIA2_C_CDNS_78117118713297.
INFO (XSTRM-223): 420. Translating stdVia TECH_C35B4/VIA1_C/layout as STRUCTURE VIA1_C_CDNS_78117118713298.
INFO (XSTRM-223): 421. Translating stdVia TECH_C35B4/VIA2_C/layout as STRUCTURE VIA2_C_CDNS_78117118713299.
INFO (XSTRM-223): 422. Translating stdVia TECH_C35B4/VIA2_C/layout as STRUCTURE VIA2_C_CDNS_78117118713300.
INFO (XSTRM-223): 423. Translating stdVia TECH_C35B4/VIA1_C/layout as STRUCTURE VIA1_C_CDNS_78117118713301.
INFO (XSTRM-223): 424. Translating stdVia TECH_C35B4/VIA1_C/layout as STRUCTURE VIA1_C_CDNS_78117118713302.
INFO (XSTRM-223): 425. Translating stdVia TECH_C35B4/VIA2_C/layout as STRUCTURE VIA2_C_CDNS_78117118713303.
INFO (XSTRM-223): 426. Translating stdVia TECH_C35B4/VIA1_C/layout as STRUCTURE VIA1_C_CDNS_78117118713304.
INFO (XSTRM-223): 427. Translating stdVia TECH_C35B4/VIA2_C/layout as STRUCTURE VIA2_C_CDNS_78117118713305.
INFO (XSTRM-223): 428. Translating stdVia TECH_C35B4/VIA1_C/layout as STRUCTURE VIA1_C_CDNS_78117118713306.
INFO (XSTRM-223): 429. Translating stdVia TECH_C35B4/VIA2_C/layout as STRUCTURE VIA2_C_CDNS_78117118713307.
INFO (XSTRM-223): 430. Translating stdVia TECH_C35B4/VIA2_C/layout as STRUCTURE VIA2_C_CDNS_78117118713308.
INFO (XSTRM-223): 431. Translating stdVia TECH_C35B4/VIA1_C/layout as STRUCTURE VIA1_C_CDNS_78117118713309.
INFO (XSTRM-223): 432. Translating stdVia TECH_C35B4/P2_C/layout as STRUCTURE P2_C_CDNS_78117118713310.
INFO (XSTRM-223): 433. Translating cellView PRIMLIB/nmos4/layout as STRUCTURE nmos4_CDNS_7811711871360.
INFO (XSTRM-236): A path with a rounded extension, an acute angle or a length segment less than half width is encountered at (10000, 4850). This path will be written as a boundary record in the GDS file.
INFO (XSTRM-236): A path with a rounded extension, an acute angle or a length segment less than half width is encountered at (-400, 4850). This path will be written as a boundary record in the GDS file.
INFO (XSTRM-236): A path with a rounded extension, an acute angle or a length segment less than half width is encountered at (10000, 1850). This path will be written as a boundary record in the GDS file.
INFO (XSTRM-236): A path with a rounded extension, an acute angle or a length segment less than half width is encountered at (-400, 1850). This path will be written as a boundary record in the GDS file.
INFO (XSTRM-223): 434. Translating cellView PRIMLIB/cpolyc/layout as STRUCTURE cpolyc_CDNS_7811711871361.
INFO (XSTRM-223): 435. Translating cellView PRIMLIB/nmos4/layout as STRUCTURE nmos4_CDNS_7811711871362.
INFO (XSTRM-223): 436. Translating cellView PRIMLIB/rpolyhc/layout as STRUCTURE rpolyhc_CDNS_7811711871363.
INFO (XSTRM-223): 437. Translating cellView PRIMLIB/pmos4/layout as STRUCTURE pmos4_CDNS_7811711871364.
INFO (XSTRM-236): A path with a rounded extension, an acute angle or a length segment less than half width is encountered at (10000, 8350). This path will be written as a boundary record in the GDS file.
INFO (XSTRM-236): A path with a rounded extension, an acute angle or a length segment less than half width is encountered at (-400, 8350). This path will be written as a boundary record in the GDS file.
INFO (XSTRM-223): 438. Translating cellView PRIMLIB/pmos4/layout as STRUCTURE pmos4_CDNS_7811711871365.
INFO (XSTRM-223): 439. Translating stdVia TECH_C35B4/VIA1_C/layout as STRUCTURE VIA1_C_CDNS_78117118713311.
INFO (XSTRM-223): 440. Translating stdVia TECH_C35B4/ND_C/layout as STRUCTURE ND_C_CDNS_78117118713312.
INFO (XSTRM-223): 441. Translating stdVia TECH_C35B4/VIA2_C/layout as STRUCTURE VIA2_C_CDNS_78117118713313.
INFO (XSTRM-223): 442. Translating stdVia TECH_C35B4/VIA1_C/layout as STRUCTURE VIA1_C_CDNS_78117118713314.
INFO (XSTRM-223): 443. Translating stdVia TECH_C35B4/VIA2_C/layout as STRUCTURE VIA2_C_CDNS_78117118713315.
INFO (XSTRM-223): 444. Translating cellView PRIMLIB/nmos4/layout as STRUCTURE nmos4_CDNS_7811711871366.
INFO (XSTRM-223): 445. Translating cellView PRIMLIB/pmos4/layout as STRUCTURE pmos4_CDNS_7811711871367.
INFO (XSTRM-223): 446. Translating cellView FECG/mux21c_f/layout as STRUCTURE mux21c_f.
INFO (XSTRM-223): 447. Translating cellView PRIMLIB/cpolyc/layout as STRUCTURE cpolyc_CDNS_7811711871368.
INFO (XSTRM-223): 448. Translating cellView PRIMLIB/nmos4/layout as STRUCTURE nmos4_CDNS_7811711871369.
INFO (XSTRM-236): A path with a rounded extension, an acute angle or a length segment less than half width is encountered at (15000, 10850). This path will be written as a boundary record in the GDS file.
INFO (XSTRM-236): A path with a rounded extension, an acute angle or a length segment less than half width is encountered at (-400, 10850). This path will be written as a boundary record in the GDS file.
INFO (XSTRM-223): 449. Translating cellView PRIMLIB/nmos4/layout as STRUCTURE nmos4_CDNS_7811711871370.
INFO (XSTRM-236): A path with a rounded extension, an acute angle or a length segment less than half width is encountered at (10000, 6850). This path will be written as a boundary record in the GDS file.
INFO (XSTRM-236): A path with a rounded extension, an acute angle or a length segment less than half width is encountered at (-400, 6850). This path will be written as a boundary record in the GDS file.
INFO (XSTRM-223): 450. Translating cellView PRIMLIB/rpolyhc/layout as STRUCTURE rpolyhc_CDNS_7811711871371.
INFO (XSTRM-223): 451. Translating cellView PRIMLIB/cpolyc/layout as STRUCTURE cpolyc_CDNS_7811711871372.
INFO (XSTRM-223): 452. Translating cellView FECG/fecg_vga2_f_2/layout as STRUCTURE fecg_vga2_f_2.
INFO (XSTRM-223): 453. Translating stdVia TECH_C35B4/P1_C/layout as STRUCTURE P1_C_CDNS_78117118713316.
INFO (XSTRM-223): 454. Translating stdVia TECH_C35B4/PD_C/layout as STRUCTURE PD_C_CDNS_78117118713317.
INFO (XSTRM-223): 455. Translating stdVia TECH_C35B4/VIA2_C/layout as STRUCTURE VIA2_C_CDNS_78117118713318.
INFO (XSTRM-223): 456. Translating stdVia TECH_C35B4/VIA2_C/layout as STRUCTURE VIA2_C_CDNS_78117118713319.
INFO (XSTRM-223): 457. Translating stdVia TECH_C35B4/VIA1_C/layout as STRUCTURE VIA1_C_CDNS_78117118713320.
INFO (XSTRM-223): 458. Translating stdVia TECH_C35B4/VIA2_C/layout as STRUCTURE VIA2_C_CDNS_78117118713321.
INFO (XSTRM-223): 459. Translating stdVia TECH_C35B4/VIA2_C/layout as STRUCTURE VIA2_C_CDNS_78117118713322.
INFO (XSTRM-223): 460. Translating stdVia TECH_C35B4/VIA2_C/layout as STRUCTURE VIA2_C_CDNS_78117118713323.
INFO (XSTRM-223): 461. Translating stdVia TECH_C35B4/VIA1_C/layout as STRUCTURE VIA1_C_CDNS_78117118713324.
INFO (XSTRM-223): 462. Translating stdVia TECH_C35B4/VIA1_C/layout as STRUCTURE VIA1_C_CDNS_78117118713325.
INFO (XSTRM-223): 463. Translating stdVia TECH_C35B4/VIA1_C/layout as STRUCTURE VIA1_C_CDNS_78117118713326.
INFO (XSTRM-223): 464. Translating stdVia TECH_C35B4/VIA2_C/layout as STRUCTURE VIA2_C_CDNS_78117118713327.
INFO (XSTRM-223): 465. Translating stdVia TECH_C35B4/VIA1_C/layout as STRUCTURE VIA1_C_CDNS_78117118713328.
INFO (XSTRM-223): 466. Translating stdVia TECH_C35B4/VIA2_C/layout as STRUCTURE VIA2_C_CDNS_78117118713329.
INFO (XSTRM-223): 467. Translating stdVia TECH_C35B4/VIA2_C/layout as STRUCTURE VIA2_C_CDNS_78117118713330.
INFO (XSTRM-223): 468. Translating stdVia TECH_C35B4/VIA2_C/layout as STRUCTURE VIA2_C_CDNS_78117118713331.
INFO (XSTRM-223): 469. Translating stdVia TECH_C35B4/VIA2_C/layout as STRUCTURE VIA2_C_CDNS_78117118713332.
INFO (XSTRM-223): 470. Translating stdVia TECH_C35B4/PD_C/layout as STRUCTURE PD_C_CDNS_78117118713333.
INFO (XSTRM-223): 471. Translating stdVia TECH_C35B4/VIA1_C/layout as STRUCTURE VIA1_C_CDNS_78117118713334.
INFO (XSTRM-223): 472. Translating stdVia TECH_C35B4/VIA1_C/layout as STRUCTURE VIA1_C_CDNS_78117118713335.
INFO (XSTRM-223): 473. Translating stdVia TECH_C35B4/ND_C/layout as STRUCTURE ND_C_CDNS_78117118713336.
INFO (XSTRM-223): 474. Translating stdVia TECH_C35B4/PD_C/layout as STRUCTURE PD_C_CDNS_78117118713337.
INFO (XSTRM-223): 475. Translating stdVia TECH_C35B4/VIA2_C/layout as STRUCTURE VIA2_C_CDNS_78117118713338.
INFO (XSTRM-223): 476. Translating stdVia TECH_C35B4/VIA1_C/layout as STRUCTURE VIA1_C_CDNS_78117118713339.
INFO (XSTRM-223): 477. Translating stdVia TECH_C35B4/VIA1_C/layout as STRUCTURE VIA1_C_CDNS_78117118713340.
INFO (XSTRM-223): 478. Translating stdVia TECH_C35B4/VIA2_C/layout as STRUCTURE VIA2_C_CDNS_78117118713341.
INFO (XSTRM-223): 479. Translating stdVia TECH_C35B4/VIA2_C/layout as STRUCTURE VIA2_C_CDNS_78117118713342.
INFO (XSTRM-223): 480. Translating stdVia TECH_C35B4/VIA2_C/layout as STRUCTURE VIA2_C_CDNS_78117118713343.
INFO (XSTRM-223): 481. Translating stdVia TECH_C35B4/VIA1_C/layout as STRUCTURE VIA1_C_CDNS_78117118713344.
INFO (XSTRM-223): 482. Translating stdVia TECH_C35B4/VIA2_C/layout as STRUCTURE VIA2_C_CDNS_78117118713345.
INFO (XSTRM-223): 483. Translating stdVia TECH_C35B4/VIA2_C/layout as STRUCTURE VIA2_C_CDNS_78117118713346.
INFO (XSTRM-223): 484. Translating stdVia TECH_C35B4/VIA1_C/layout as STRUCTURE VIA1_C_CDNS_78117118713347.
INFO (XSTRM-223): 485. Translating stdVia TECH_C35B4/VIA2_C/layout as STRUCTURE VIA2_C_CDNS_78117118713348.
INFO (XSTRM-223): 486. Translating stdVia TECH_C35B4/VIA2_C/layout as STRUCTURE VIA2_C_CDNS_78117118713349.
INFO (XSTRM-223): 487. Translating stdVia TECH_C35B4/VIA1_C/layout as STRUCTURE VIA1_C_CDNS_78117118713350.
INFO (XSTRM-223): 488. Translating stdVia TECH_C35B4/VIA2_C/layout as STRUCTURE VIA2_C_CDNS_78117118713351.
INFO (XSTRM-223): 489. Translating stdVia TECH_C35B4/VIA1_C/layout as STRUCTURE VIA1_C_CDNS_78117118713352.
INFO (XSTRM-223): 490. Translating stdVia TECH_C35B4/VIA1_C/layout as STRUCTURE VIA1_C_CDNS_78117118713353.
INFO (XSTRM-223): 491. Translating stdVia TECH_C35B4/VIA1_C/layout as STRUCTURE VIA1_C_CDNS_78117118713354.
INFO (XSTRM-223): 492. Translating cellView PRIMLIB/pmos4/layout as STRUCTURE pmos4_CDNS_7811711871373.
INFO (XSTRM-236): A path with a rounded extension, an acute angle or a length segment less than half width is encountered at (5000, 3350). This path will be written as a boundary record in the GDS file.
INFO (XSTRM-236): A path with a rounded extension, an acute angle or a length segment less than half width is encountered at (-400, 3350). This path will be written as a boundary record in the GDS file.
INFO (XSTRM-236): A path with a rounded extension, an acute angle or a length segment less than half width is encountered at (5000, 1350). This path will be written as a boundary record in the GDS file.
INFO (XSTRM-236): A path with a rounded extension, an acute angle or a length segment less than half width is encountered at (-400, 1350). This path will be written as a boundary record in the GDS file.
INFO (XSTRM-223): 493. Translating cellView PRIMLIB/pmos4/layout as STRUCTURE pmos4_CDNS_7811711871374.
INFO (XSTRM-223): 494. Translating cellView PRIMLIB/rpolyhc/layout as STRUCTURE rpolyhc_CDNS_7811711871375.
INFO (XSTRM-223): 495. Translating stdVia TECH_C35B4/VIA1_C/layout as STRUCTURE VIA1_C_CDNS_78117118713355.
INFO (XSTRM-223): 496. Translating stdVia TECH_C35B4/P1_C/layout as STRUCTURE P1_C_CDNS_78117118713356.
INFO (XSTRM-223): 497. Translating stdVia TECH_C35B4/VIA2_C/layout as STRUCTURE VIA2_C_CDNS_78117118713357.
INFO (XSTRM-223): 498. Translating stdVia TECH_C35B4/VIA1_C/layout as STRUCTURE VIA1_C_CDNS_78117118713358.
INFO (XSTRM-223): 499. Translating stdVia TECH_C35B4/VIA1_C/layout as STRUCTURE VIA1_C_CDNS_78117118713359.
INFO (XSTRM-223): 500. Translating stdVia TECH_C35B4/VIA2_C/layout as STRUCTURE VIA2_C_CDNS_78117118713360.
INFO (XSTRM-223): 501. Translating cellView PRIMLIB/nmos4/layout as STRUCTURE nmos4_CDNS_7811711871376.
INFO (XSTRM-236): A path with a rounded extension, an acute angle or a length segment less than half width is encountered at (5000, 3350). This path will be written as a boundary record in the GDS file.
INFO (XSTRM-236): A path with a rounded extension, an acute angle or a length segment less than half width is encountered at (-400, 3350). This path will be written as a boundary record in the GDS file.
INFO (XSTRM-236): A path with a rounded extension, an acute angle or a length segment less than half width is encountered at (5000, 1350). This path will be written as a boundary record in the GDS file.
INFO (XSTRM-236): A path with a rounded extension, an acute angle or a length segment less than half width is encountered at (-400, 1350). This path will be written as a boundary record in the GDS file.
INFO (XSTRM-223): 502. Translating cellView PRIMLIB/nmos4/layout as STRUCTURE nmos4_CDNS_7811711871377.
INFO (XSTRM-236): A path with a rounded extension, an acute angle or a length segment less than half width is encountered at (4000, 2850). This path will be written as a boundary record in the GDS file.
INFO (XSTRM-236): A path with a rounded extension, an acute angle or a length segment less than half width is encountered at (-400, 2850). This path will be written as a boundary record in the GDS file.
INFO (XSTRM-223): 503. Translating cellView PRIMLIB/nmos4/layout as STRUCTURE nmos4_CDNS_7811711871378.
INFO (XSTRM-236): A path with a rounded extension, an acute angle or a length segment less than half width is encountered at (10000, 3350). This path will be written as a boundary record in the GDS file.
INFO (XSTRM-236): A path with a rounded extension, an acute angle or a length segment less than half width is encountered at (-400, 3350). This path will be written as a boundary record in the GDS file.
INFO (XSTRM-236): A path with a rounded extension, an acute angle or a length segment less than half width is encountered at (10000, 1350). This path will be written as a boundary record in the GDS file.
INFO (XSTRM-236): A path with a rounded extension, an acute angle or a length segment less than half width is encountered at (-400, 1350). This path will be written as a boundary record in the GDS file.
INFO (XSTRM-223): 504. Translating cellView PRIMLIB/pmos4/layout as STRUCTURE pmos4_CDNS_7811711871379.
INFO (XSTRM-236): A path with a rounded extension, an acute angle or a length segment less than half width is encountered at (10000, 2350). This path will be written as a boundary record in the GDS file.
INFO (XSTRM-236): A path with a rounded extension, an acute angle or a length segment less than half width is encountered at (-400, 2350). This path will be written as a boundary record in the GDS file.
INFO (XSTRM-223): 505. Translating cellView PRIMLIB/nmos4/layout as STRUCTURE nmos4_CDNS_7811711871380.
INFO (XSTRM-236): A path with a rounded extension, an acute angle or a length segment less than half width is encountered at (5000, 1350). This path will be written as a boundary record in the GDS file.
INFO (XSTRM-236): A path with a rounded extension, an acute angle or a length segment less than half width is encountered at (-400, 1350). This path will be written as a boundary record in the GDS file.
INFO (XSTRM-223): 506. Translating cellView PRIMLIB/pmos4/layout as STRUCTURE pmos4_CDNS_7811711871381.
INFO (XSTRM-223): 507. Translating cellView PRIMLIB/cpolyc/layout as STRUCTURE cpolyc_CDNS_7811711871382.
INFO (XSTRM-223): 508. Translating cellView FECG/cmfb_opamp1_fc/layout as STRUCTURE cmfb_opamp1_fc.
INFO (XSTRM-223): 509. Translating cellView PRIMLIB/cpolyc/layout as STRUCTURE cpolyc_CDNS_7811711871383.
INFO (XSTRM-223): 510. Translating cellView PRIMLIB/rpolyhc/layout as STRUCTURE rpolyhc_CDNS_7811711871384.
INFO (XSTRM-223): 511. Translating cellView PRIMLIB/nmos4/layout as STRUCTURE nmos4_CDNS_7811711871385.
INFO (XSTRM-223): 512. Translating cellView PRIMLIB/nmos4/layout as STRUCTURE nmos4_CDNS_7811711871386.
INFO (XSTRM-236): A path with a rounded extension, an acute angle or a length segment less than half width is encountered at (5000, 7350). This path will be written as a boundary record in the GDS file.
INFO (XSTRM-236): A path with a rounded extension, an acute angle or a length segment less than half width is encountered at (-400, 7350). This path will be written as a boundary record in the GDS file.
INFO (XSTRM-236): A path with a rounded extension, an acute angle or a length segment less than half width is encountered at (5000, 5350). This path will be written as a boundary record in the GDS file.
INFO (XSTRM-236): A path with a rounded extension, an acute angle or a length segment less than half width is encountered at (-400, 5350). This path will be written as a boundary record in the GDS file.
INFO (XSTRM-236): A path with a rounded extension, an acute angle or a length segment less than half width is encountered at (5000, 3350). This path will be written as a boundary record in the GDS file.
INFO (XSTRM-236): A path with a rounded extension, an acute angle or a length segment less than half width is encountered at (-400, 3350). This path will be written as a boundary record in the GDS file.
INFO (XSTRM-236): A path with a rounded extension, an acute angle or a length segment less than half width is encountered at (5000, 1350). This path will be written as a boundary record in the GDS file.
INFO (XSTRM-236): A path with a rounded extension, an acute angle or a length segment less than half width is encountered at (-400, 1350). This path will be written as a boundary record in the GDS file.
INFO (XSTRM-223): 513. Translating cellView PRIMLIB/nmos4/layout as STRUCTURE nmos4_CDNS_7811711871387.
INFO (XSTRM-236): A path with a rounded extension, an acute angle or a length segment less than half width is encountered at (8000, 5850). This path will be written as a boundary record in the GDS file.
INFO (XSTRM-236): A path with a rounded extension, an acute angle or a length segment less than half width is encountered at (-400, 5850). This path will be written as a boundary record in the GDS file.
INFO (XSTRM-223): 514. Translating cellView PRIMLIB/pmos4/layout as STRUCTURE pmos4_CDNS_7811711871388.
INFO (XSTRM-236): A path with a rounded extension, an acute angle or a length segment less than half width is encountered at (5000, 2350). This path will be written as a boundary record in the GDS file.
INFO (XSTRM-236): A path with a rounded extension, an acute angle or a length segment less than half width is encountered at (-400, 2350). This path will be written as a boundary record in the GDS file.
INFO (XSTRM-223): 515. Translating cellView PRIMLIB/cpolyc/layout as STRUCTURE cpolyc_CDNS_7811711871389.
INFO (XSTRM-223): 516. Translating cellView PRIMLIB/pmos4/layout as STRUCTURE pmos4_CDNS_7811711871390.
INFO (XSTRM-223): 517. Translating cellView PRIMLIB/cpolyc/layout as STRUCTURE cpolyc_CDNS_7811711871391.
INFO (XSTRM-223): 518. Translating cellView PRIMLIB/cpolyc/layout as STRUCTURE cpolyc_CDNS_7811711871392.
INFO (XSTRM-223): 519. Translating cellView PRIMLIB/rpolyhc/layout as STRUCTURE rpolyhc_CDNS_7811711871393.
INFO (XSTRM-223): 520. Translating cellView FECG/fecg_cmfb2_fc/layout as STRUCTURE fecg_cmfb2_fc.
WARNING (XSTRM-35): The objects in the layer-purpose pair 'MET4:pin' are ignored. This is because the layer-purpose pair used in the design is not specified in the layer map file. Specify the layer-purpose pair in the layer map file and try again.
INFO (XSTRM-223): 521. Translating stdVia TECH_C35B4/VIA1_C/layout as STRUCTURE VIA1_C_CDNS_78117118713361.
INFO (XSTRM-223): 522. Translating stdVia TECH_C35B4/P1_C/layout as STRUCTURE P1_C_CDNS_78117118713362.
INFO (XSTRM-223): 523. Translating stdVia TECH_C35B4/VIA1_C/layout as STRUCTURE VIA1_C_CDNS_78117118713363.
INFO (XSTRM-223): 524. Translating stdVia TECH_C35B4/P1_C/layout as STRUCTURE P1_C_CDNS_78117118713364.
INFO (XSTRM-223): 525. Translating stdVia TECH_C35B4/VIA1_C/layout as STRUCTURE VIA1_C_CDNS_78117118713365.
INFO (XSTRM-223): 526. Translating stdVia TECH_C35B4/PD_C/layout as STRUCTURE PD_C_CDNS_78117118713366.
INFO (XSTRM-223): 527. Translating stdVia TECH_C35B4/PD_C/layout as STRUCTURE PD_C_CDNS_78117118713367.
INFO (XSTRM-223): 528. Translating stdVia TECH_C35B4/ND_C/layout as STRUCTURE ND_C_CDNS_78117118713368.
INFO (XSTRM-223): 529. Translating stdVia TECH_C35B4/VIA2_C/layout as STRUCTURE VIA2_C_CDNS_78117118713369.
INFO (XSTRM-223): 530. Translating stdVia TECH_C35B4/VIA2_C/layout as STRUCTURE VIA2_C_CDNS_78117118713370.
INFO (XSTRM-223): 531. Translating stdVia TECH_C35B4/VIA2_C/layout as STRUCTURE VIA2_C_CDNS_78117118713371.
INFO (XSTRM-223): 532. Translating stdVia TECH_C35B4/VIA2_C/layout as STRUCTURE VIA2_C_CDNS_78117118713372.
INFO (XSTRM-223): 533. Translating stdVia TECH_C35B4/VIA3_C/layout as STRUCTURE VIA3_C_CDNS_78117118713373.
INFO (XSTRM-223): 534. Translating stdVia TECH_C35B4/PD_C/layout as STRUCTURE PD_C_CDNS_78117118713374.
INFO (XSTRM-223): 535. Translating stdVia TECH_C35B4/ND_C/layout as STRUCTURE ND_C_CDNS_78117118713375.
INFO (XSTRM-223): 536. Translating stdVia TECH_C35B4/VIA2_C/layout as STRUCTURE VIA2_C_CDNS_78117118713376.
INFO (XSTRM-223): 537. Translating stdVia TECH_C35B4/VIA1_C/layout as STRUCTURE VIA1_C_CDNS_78117118713377.
INFO (XSTRM-223): 538. Translating stdVia TECH_C35B4/VIA2_C/layout as STRUCTURE VIA2_C_CDNS_78117118713378.
INFO (XSTRM-223): 539. Translating stdVia TECH_C35B4/VIA2_C/layout as STRUCTURE VIA2_C_CDNS_78117118713379.
INFO (XSTRM-223): 540. Translating stdVia TECH_C35B4/VIA1_C/layout as STRUCTURE VIA1_C_CDNS_78117118713380.
INFO (XSTRM-223): 541. Translating stdVia TECH_C35B4/VIA2_C/layout as STRUCTURE VIA2_C_CDNS_78117118713381.
INFO (XSTRM-223): 542. Translating stdVia TECH_C35B4/VIA2_C/layout as STRUCTURE VIA2_C_CDNS_78117118713382.
INFO (XSTRM-223): 543. Translating stdVia TECH_C35B4/VIA2_C/layout as STRUCTURE VIA2_C_CDNS_78117118713383.
INFO (XSTRM-223): 544. Translating stdVia TECH_C35B4/ND_C/layout as STRUCTURE ND_C_CDNS_78117118713384.
INFO (XSTRM-223): 545. Translating cellView PRIMLIB/pmos4/layout as STRUCTURE pmos4_CDNS_7811711871394.
INFO (XSTRM-236): A path with a rounded extension, an acute angle or a length segment less than half width is encountered at (2000, 1350). This path will be written as a boundary record in the GDS file.
INFO (XSTRM-236): A path with a rounded extension, an acute angle or a length segment less than half width is encountered at (-400, 1350). This path will be written as a boundary record in the GDS file.
INFO (XSTRM-223): 546. Translating cellView PRIMLIB/nmos4/layout as STRUCTURE nmos4_CDNS_7811711871395.
INFO (XSTRM-236): A path with a rounded extension, an acute angle or a length segment less than half width is encountered at (2000, 10850). This path will be written as a boundary record in the GDS file.
INFO (XSTRM-236): A path with a rounded extension, an acute angle or a length segment less than half width is encountered at (-400, 10850). This path will be written as a boundary record in the GDS file.
INFO (XSTRM-236): A path with a rounded extension, an acute angle or a length segment less than half width is encountered at (0, 10850). This path will be written as a boundary record in the GDS file.
INFO (XSTRM-236): A path with a rounded extension, an acute angle or a length segment less than half width is encountered at (0, 10850). This path will be written as a boundary record in the GDS file.
INFO (XSTRM-223): 547. Translating cellView PRIMLIB/nmos4/layout as STRUCTURE nmos4_CDNS_7811711871396.
INFO (XSTRM-236): A path with a rounded extension, an acute angle or a length segment less than half width is encountered at (10000, 7850). This path will be written as a boundary record in the GDS file.
INFO (XSTRM-236): A path with a rounded extension, an acute angle or a length segment less than half width is encountered at (-400, 7850). This path will be written as a boundary record in the GDS file.
INFO (XSTRM-236): A path with a rounded extension, an acute angle or a length segment less than half width is encountered at (10000, 2850). This path will be written as a boundary record in the GDS file.
INFO (XSTRM-236): A path with a rounded extension, an acute angle or a length segment less than half width is encountered at (-400, 2850). This path will be written as a boundary record in the GDS file.
INFO (XSTRM-223): 548. Translating cellView PRIMLIB/nmos4/layout as STRUCTURE nmos4_CDNS_7811711871397.
INFO (XSTRM-236): A path with a rounded extension, an acute angle or a length segment less than half width is encountered at (2000, 1350). This path will be written as a boundary record in the GDS file.
INFO (XSTRM-236): A path with a rounded extension, an acute angle or a length segment less than half width is encountered at (-400, 1350). This path will be written as a boundary record in the GDS file.
INFO (XSTRM-223): 549. Translating cellView PRIMLIB/cpolyc/layout as STRUCTURE cpolyc_CDNS_7811711871398.
INFO (XSTRM-223): 550. Translating cellView PRIMLIB/pmos4/layout as STRUCTURE pmos4_CDNS_7811711871399.
INFO (XSTRM-236): A path with a rounded extension, an acute angle or a length segment less than half width is encountered at (5000, 3350). This path will be written as a boundary record in the GDS file.
INFO (XSTRM-236): A path with a rounded extension, an acute angle or a length segment less than half width is encountered at (-400, 3350). This path will be written as a boundary record in the GDS file.
INFO (XSTRM-223): 551. Translating cellView PRIMLIB/cpolyc/layout as STRUCTURE cpolyc_CDNS_78117118713100.
INFO (XSTRM-223): 552. Translating cellView PRIMLIB/nmos4/layout as STRUCTURE nmos4_CDNS_78117118713101.
INFO (XSTRM-236): A path with a rounded extension, an acute angle or a length segment less than half width is encountered at (2000, 5850). This path will be written as a boundary record in the GDS file.
INFO (XSTRM-236): A path with a rounded extension, an acute angle or a length segment less than half width is encountered at (-400, 5850). This path will be written as a boundary record in the GDS file.
INFO (XSTRM-236): A path with a rounded extension, an acute angle or a length segment less than half width is encountered at (0, 5850). This path will be written as a boundary record in the GDS file.
INFO (XSTRM-236): A path with a rounded extension, an acute angle or a length segment less than half width is encountered at (0, 5850). This path will be written as a boundary record in the GDS file.
INFO (XSTRM-223): 553. Translating cellView PRIMLIB/nmos4/layout as STRUCTURE nmos4_CDNS_78117118713102.
INFO (XSTRM-236): A path with a rounded extension, an acute angle or a length segment less than half width is encountered at (2000, 2850). This path will be written as a boundary record in the GDS file.
INFO (XSTRM-236): A path with a rounded extension, an acute angle or a length segment less than half width is encountered at (-400, 2850). This path will be written as a boundary record in the GDS file.
INFO (XSTRM-223): 554. Translating cellView PRIMLIB/pmos4/layout as STRUCTURE pmos4_CDNS_78117118713103.
INFO (XSTRM-223): 555. Translating cellView PRIMLIB/pmos4/layout as STRUCTURE pmos4_CDNS_78117118713104.
INFO (XSTRM-236): A path with a rounded extension, an acute angle or a length segment less than half width is encountered at (6000, 3350). This path will be written as a boundary record in the GDS file.
INFO (XSTRM-236): A path with a rounded extension, an acute angle or a length segment less than half width is encountered at (-400, 3350). This path will be written as a boundary record in the GDS file.
INFO (XSTRM-223): 556. Translating cellView PRIMLIB/cpolyc/layout as STRUCTURE cpolyc_CDNS_78117118713105.
INFO (XSTRM-223): 557. Translating cellView PRIMLIB/rpolyhc/layout as STRUCTURE rpolyhc_CDNS_78117118713106.
INFO (XSTRM-223): 558. Translating cellView FECG/gmc_5_fc/layout as STRUCTURE gmc_5_fc.
INFO (XSTRM-223): 559. Translating cellView POWER_TRACKS/V1000_20/layout as STRUCTURE V1000_20.
INFO (XSTRM-223): 560. Translating stdVia TECH_C35B4/ND_C/layout as STRUCTURE ND_C_CDNS_78117118713385.
INFO (XSTRM-223): 561. Translating stdVia TECH_C35B4/VIA2_C/layout as STRUCTURE VIA2_C_CDNS_78117118713386.
INFO (XSTRM-223): 562. Translating stdVia TECH_C35B4/VIA1_C/layout as STRUCTURE VIA1_C_CDNS_78117118713387.
INFO (XSTRM-223): 563. Translating stdVia TECH_C35B4/VIA2_C/layout as STRUCTURE VIA2_C_CDNS_78117118713388.
INFO (XSTRM-223): 564. Translating stdVia TECH_C35B4/VIA2_C/layout as STRUCTURE VIA2_C_CDNS_78117118713389.
INFO (XSTRM-223): 565. Translating stdVia TECH_C35B4/VIA1_C/layout as STRUCTURE VIA1_C_CDNS_78117118713390.
INFO (XSTRM-223): 566. Translating stdVia TECH_C35B4/VIA1_C/layout as STRUCTURE VIA1_C_CDNS_78117118713391.
INFO (XSTRM-223): 567. Translating stdVia TECH_C35B4/VIA2_C/layout as STRUCTURE VIA2_C_CDNS_78117118713392.
INFO (XSTRM-223): 568. Translating stdVia TECH_C35B4/VIA1_C/layout as STRUCTURE VIA1_C_CDNS_78117118713393.
INFO (XSTRM-223): 569. Translating stdVia TECH_C35B4/VIA2_C/layout as STRUCTURE VIA2_C_CDNS_78117118713394.
INFO (XSTRM-223): 570. Translating stdVia TECH_C35B4/VIA1_C/layout as STRUCTURE VIA1_C_CDNS_78117118713395.
INFO (XSTRM-223): 571. Translating stdVia TECH_C35B4/VIA2_C/layout as STRUCTURE VIA2_C_CDNS_78117118713396.
INFO (XSTRM-223): 572. Translating stdVia TECH_C35B4/VIA1_C/layout as STRUCTURE VIA1_C_CDNS_78117118713397.
INFO (XSTRM-223): 573. Translating stdVia TECH_C35B4/VIA2_C/layout as STRUCTURE VIA2_C_CDNS_78117118713398.
INFO (XSTRM-223): 574. Translating stdVia TECH_C35B4/VIA2_C/layout as STRUCTURE VIA2_C_CDNS_78117118713399.
INFO (XSTRM-223): 575. Translating stdVia TECH_C35B4/VIA1_C/layout as STRUCTURE VIA1_C_CDNS_78117118713400.
INFO (XSTRM-223): 576. Translating cellView PRIMLIB/cpolyc/layout as STRUCTURE cpolyc_CDNS_78117118713107.
INFO (XSTRM-223): 577. Translating cellView PRIMLIB/nmos4/layout as STRUCTURE nmos4_CDNS_78117118713108.
INFO (XSTRM-236): A path with a rounded extension, an acute angle or a length segment less than half width is encountered at (5000, 22850). This path will be written as a boundary record in the GDS file.
INFO (XSTRM-236): A path with a rounded extension, an acute angle or a length segment less than half width is encountered at (-400, 22850). This path will be written as a boundary record in the GDS file.
INFO (XSTRM-236): A path with a rounded extension, an acute angle or a length segment less than half width is encountered at (5000, 19850). This path will be written as a boundary record in the GDS file.
INFO (XSTRM-236): A path with a rounded extension, an acute angle or a length segment less than half width is encountered at (-400, 19850). This path will be written as a boundary record in the GDS file.
INFO (XSTRM-236): A path with a rounded extension, an acute angle or a length segment less than half width is encountered at (5000, 16850). This path will be written as a boundary record in the GDS file.
INFO (XSTRM-236): A path with a rounded extension, an acute angle or a length segment less than half width is encountered at (-400, 16850). This path will be written as a boundary record in the GDS file.
INFO (XSTRM-236): A path with a rounded extension, an acute angle or a length segment less than half width is encountered at (5000, 13850). This path will be written as a boundary record in the GDS file.
INFO (XSTRM-236): A path with a rounded extension, an acute angle or a length segment less than half width is encountered at (-400, 13850). This path will be written as a boundary record in the GDS file.
INFO (XSTRM-236): A path with a rounded extension, an acute angle or a length segment less than half width is encountered at (5000, 10850). This path will be written as a boundary record in the GDS file.
INFO (XSTRM-236): A path with a rounded extension, an acute angle or a length segment less than half width is encountered at (-400, 10850). This path will be written as a boundary record in the GDS file.
INFO (XSTRM-236): A path with a rounded extension, an acute angle or a length segment less than half width is encountered at (5000, 7850). This path will be written as a boundary record in the GDS file.
INFO (XSTRM-236): A path with a rounded extension, an acute angle or a length segment less than half width is encountered at (-400, 7850). This path will be written as a boundary record in the GDS file.
INFO (XSTRM-236): A path with a rounded extension, an acute angle or a length segment less than half width is encountered at (5000, 4850). This path will be written as a boundary record in the GDS file.
INFO (XSTRM-236): A path with a rounded extension, an acute angle or a length segment less than half width is encountered at (-400, 4850). This path will be written as a boundary record in the GDS file.
INFO (XSTRM-236): A path with a rounded extension, an acute angle or a length segment less than half width is encountered at (5000, 1850). This path will be written as a boundary record in the GDS file.
INFO (XSTRM-236): A path with a rounded extension, an acute angle or a length segment less than half width is encountered at (-400, 1850). This path will be written as a boundary record in the GDS file.
INFO (XSTRM-223): 578. Translating cellView PRIMLIB/cpolyc/layout as STRUCTURE cpolyc_CDNS_78117118713109.
INFO (XSTRM-223): 579. Translating cellView PRIMLIB/cpolyc/layout as STRUCTURE cpolyc_CDNS_78117118713110.
INFO (XSTRM-223): 580. Translating cellView PRIMLIB/pmos4/layout as STRUCTURE pmos4_CDNS_78117118713111.
INFO (XSTRM-223): 581. Translating cellView PRIMLIB/cpolyc/layout as STRUCTURE cpolyc_CDNS_78117118713112.
INFO (XSTRM-223): 582. Translating cellView PRIMLIB/rpolyhc/layout as STRUCTURE rpolyhc_CDNS_78117118713113.
INFO (XSTRM-223): 583. Translating cellView PRIMLIB/rpolyhc/layout as STRUCTURE rpolyhc_CDNS_78117118713114.
INFO (XSTRM-223): 584. Translating cellView FECG/buffer2_f_3c/layout as STRUCTURE buffer2_f_3c.
INFO (XSTRM-223): 585. Translating cellView FECG/fecg_front_end_f_3/layout as STRUCTURE fecg_front_end_f_3.
INFO (XSTRM-223): 586. Translating stdVia TECH_C35B4/VIA1_C/layout as STRUCTURE VIA1_C_CDNS_78117118713401.
INFO (XSTRM-223): 587. Translating stdVia TECH_C35B4/VIA1_C/layout as STRUCTURE VIA1_C_CDNS_78117118713402.
INFO (XSTRM-223): 588. Translating cellView IOLIB_ANA_4M/g_padonly_VIA2_C/layout as STRUCTURE g_padonly_VIA2_C.
INFO (XSTRM-223): 589. Translating cellView IOLIB_ANA_4M/g_padonly_VIA2/layout as STRUCTURE g_padonly_VIA2.
INFO (XSTRM-223): 590. Translating cellView IOLIB_ANA_4M/g_padonly_VIA3_C/layout as STRUCTURE g_padonly_VIA3_C.
INFO (XSTRM-223): 591. Translating cellView IOLIB_ANA_4M/g_padonly_VIA3/layout as STRUCTURE g_padonly_VIA3.
INFO (XSTRM-223): 592. Translating cellView IOLIB_ANA_4M/g_padonly_VIA1_C/layout as STRUCTURE g_padonly_VIA1_C.
INFO (XSTRM-223): 593. Translating cellView IOLIB_ANA_4M/g_padonly_VIA1/layout as STRUCTURE g_padonly_VIA1.
INFO (XSTRM-223): 594. Translating cellView IOLIB_ANA_4M/g_padonly/layout as STRUCTURE g_padonly.
INFO (XSTRM-223): 595. Translating cellView IOLIB_ANA_4M/AGND3ALLP/layout as STRUCTURE AGND3ALLP.
WARNING (XSTRM-35): The objects in the layer-purpose pair 'changedLayer:tool0' are ignored. This is because the layer-purpose pair used in the design is not specified in the layer map file. Specify the layer-purpose pair in the layer map file and try again.
INFO (XSTRM-223): 596. Translating cellView IOLIB_ANA_4M/APRIO200P/layout as STRUCTURE APRIO200P.
INFO (XSTRM-223): 597. Translating cellView IOLIB_ANA_4M/AVDD3ALLP/layout as STRUCTURE AVDD3ALLP.
INFO (XSTRM-223): 598. Translating cellView IOLIB_4M/PWRCUT_DIG_P_DX/layout as STRUCTURE PWRCUT_DIG_P_DX.
WARNING (XSTRM-145): The structure name 'g_padonly' has been changed to 'g_padonly_0' by the translator. This could be because multiple cells with the same cell name exist in different libraries, the same cell name has been mapped to multiple cell names, or the cell name length is greater than the '32' that was specified using the '-respectGDSIINameLimit' or '-gdsCellNameLength' option.
WARNING (XSTRM-145): The structure name 'g_padonly_VIA2' has been changed to 'g_padonly_VIA2_0' by the translator. This could be because multiple cells with the same cell name exist in different libraries, the same cell name has been mapped to multiple cell names, or the cell name length is greater than the '32' that was specified using the '-respectGDSIINameLimit' or '-gdsCellNameLength' option.
WARNING (XSTRM-145): The structure name 'g_padonly_VIA2_C' has been changed to 'g_padonly_VIA2_C_0' by the translator. This could be because multiple cells with the same cell name exist in different libraries, the same cell name has been mapped to multiple cell names, or the cell name length is greater than the '32' that was specified using the '-respectGDSIINameLimit' or '-gdsCellNameLength' option.
INFO (XSTRM-223): 599. Translating cellView IOLIB_4M/g_padonly_VIA2_C/layout as STRUCTURE g_padonly_VIA2_C_0.
INFO (XSTRM-223): 600. Translating cellView IOLIB_4M/g_padonly_VIA2/layout as STRUCTURE g_padonly_VIA2_0.
WARNING (XSTRM-145): The structure name 'g_padonly_VIA3' has been changed to 'g_padonly_VIA3_0' by the translator. This could be because multiple cells with the same cell name exist in different libraries, the same cell name has been mapped to multiple cell names, or the cell name length is greater than the '32' that was specified using the '-respectGDSIINameLimit' or '-gdsCellNameLength' option.
WARNING (XSTRM-145): The structure name 'g_padonly_VIA3_C' has been changed to 'g_padonly_VIA3_C_0' by the translator. This could be because multiple cells with the same cell name exist in different libraries, the same cell name has been mapped to multiple cell names, or the cell name length is greater than the '32' that was specified using the '-respectGDSIINameLimit' or '-gdsCellNameLength' option.
INFO (XSTRM-223): 601. Translating cellView IOLIB_4M/g_padonly_VIA3_C/layout as STRUCTURE g_padonly_VIA3_C_0.
INFO (XSTRM-223): 602. Translating cellView IOLIB_4M/g_padonly_VIA3/layout as STRUCTURE g_padonly_VIA3_0.
WARNING (XSTRM-145): The structure name 'g_padonly_VIA1' has been changed to 'g_padonly_VIA1_0' by the translator. This could be because multiple cells with the same cell name exist in different libraries, the same cell name has been mapped to multiple cell names, or the cell name length is greater than the '32' that was specified using the '-respectGDSIINameLimit' or '-gdsCellNameLength' option.
WARNING (XSTRM-145): The structure name 'g_padonly_VIA1_C' has been changed to 'g_padonly_VIA1_C_0' by the translator. This could be because multiple cells with the same cell name exist in different libraries, the same cell name has been mapped to multiple cell names, or the cell name length is greater than the '32' that was specified using the '-respectGDSIINameLimit' or '-gdsCellNameLength' option.
INFO (XSTRM-223): 603. Translating cellView IOLIB_4M/g_padonly_VIA1_C/layout as STRUCTURE g_padonly_VIA1_C_0.
INFO (XSTRM-223): 604. Translating cellView IOLIB_4M/g_padonly_VIA1/layout as STRUCTURE g_padonly_VIA1_0.
INFO (XSTRM-223): 605. Translating cellView IOLIB_4M/g_padonly/layout as STRUCTURE g_padonly_0.
INFO (XSTRM-223): 606. Translating cellView IOLIB_4M/VDD3RP/layout as STRUCTURE VDD3RP.
INFO (XSTRM-223): 607. Translating cellView IOLIB_4M/VDD3OP/layout as STRUCTURE VDD3OP.
INFO (XSTRM-223): 608. Translating cellView IOLIB_4M/VDD3IP/layout as STRUCTURE VDD3IP.
INFO (XSTRM-223): 609. Translating cellView IOLIB_4M/ICP/layout as STRUCTURE ICP.
WARNING (XSTRM-35): The objects in the layer-purpose pair 'background:drawing' are ignored. This is because the layer-purpose pair used in the design is not specified in the layer map file. Specify the layer-purpose pair in the layer map file and try again.
INFO (XSTRM-223): 610. Translating cellView IOLIB_4M/GND3RP/layout as STRUCTURE GND3RP.
INFO (XSTRM-223): 611. Translating cellView IOLIB_4M/GND3OP/layout as STRUCTURE GND3OP.
INFO (XSTRM-223): 612. Translating cellView IOLIB_4M/GND3IP/layout as STRUCTURE GND3IP.
INFO (XSTRM-223): 613. Translating cellView IOLIB_4M/CORNERP/layout as STRUCTURE CORNERP.
INFO (XSTRM-223): 614. Translating cellView IOLIB_4M/PERI_SPACER_50_P/layout as STRUCTURE PERI_SPACER_50_P.
INFO (XSTRM-223): 615. Translating cellView IOLIB_4M/PERI_SPACER_100_P/layout as STRUCTURE PERI_SPACER_100_P.
INFO (XSTRM-223): 616. Translating cellView IOLIB_4M/PERI_SPACER_10_P/layout as STRUCTURE PERI_SPACER_10_P.
INFO (XSTRM-223): 617. Translating cellView IOLIB_4M/PERI_SPACER_5_P/layout as STRUCTURE PERI_SPACER_5_P.
INFO (XSTRM-223): 618. Translating cellView IOLIB_4M/PERI_SPACER_2_P/layout as STRUCTURE PERI_SPACER_2_P.
INFO (XSTRM-223): 619. Translating cellView IOLIB_4M/PERI_SPACER_20_P/layout as STRUCTURE PERI_SPACER_20_P.
INFO (XSTRM-223): 620. Translating cellView VT26_IO_RING/IO_RING_S_VHS/layout as STRUCTURE IO_RING_S_VHS.
INFO (XSTRM-223): 621. Translating stdVia TECH_C35B4/VIA2_C/layout as STRUCTURE VIA2_C_CDNS_78117118713403.
INFO (XSTRM-223): 622. Translating stdVia TECH_C35B4/VIA2_C/layout as STRUCTURE VIA2_C_CDNS_78117118713404.
INFO (XSTRM-223): 623. Translating stdVia TECH_C35B4/VIA1_C/layout as STRUCTURE VIA1_C_CDNS_78117118713405.
INFO (XSTRM-223): 624. Translating stdVia TECH_C35B4/VIA2_C/layout as STRUCTURE VIA2_C_CDNS_78117118713406.
INFO (XSTRM-223): 625. Translating stdVia TECH_C35B4/VIA1_C/layout as STRUCTURE VIA1_C_CDNS_78117118713407.
INFO (XSTRM-223): 626. Translating stdVia TECH_C35B4/VIA1_C/layout as STRUCTURE VIA1_C_CDNS_78117118713408.
INFO (XSTRM-223): 627. Translating stdVia TECH_C35B4/VIA1_C/layout as STRUCTURE VIA1_C_CDNS_78117118713409.
INFO (XSTRM-223): 628. Translating stdVia TECH_C35B4/VIA1_C/layout as STRUCTURE VIA1_C_CDNS_78117118713410.
INFO (XSTRM-223): 629. Translating stdVia TECH_C35B4/ND_C/layout as STRUCTURE ND_C_CDNS_78117118713411.
INFO (XSTRM-223): 630. Translating stdVia TECH_C35B4/ND_C/layout as STRUCTURE ND_C_CDNS_78117118713412.
INFO (XSTRM-223): 631. Translating cellView PRIMLIB/rpolyhc/layout as STRUCTURE rpolyhc_CDNS_78117118713115.
INFO (XSTRM-223): 632. Translating cellView PRIMLIB/pmos4/layout as STRUCTURE pmos4_CDNS_78117118713116.
INFO (XSTRM-236): A path with a rounded extension, an acute angle or a length segment less than half width is encountered at (20000, 5850). This path will be written as a boundary record in the GDS file.
INFO (XSTRM-236): A path with a rounded extension, an acute angle or a length segment less than half width is encountered at (-400, 5850). This path will be written as a boundary record in the GDS file.
INFO (XSTRM-223): 633. Translating cellView PRIMLIB/pmos4/layout as STRUCTURE pmos4_CDNS_78117118713117.
INFO (XSTRM-236): A path with a rounded extension, an acute angle or a length segment less than half width is encountered at (10000, 5850). This path will be written as a boundary record in the GDS file.
INFO (XSTRM-236): A path with a rounded extension, an acute angle or a length segment less than half width is encountered at (-400, 5850). This path will be written as a boundary record in the GDS file.
INFO (XSTRM-223): 634. Translating cellView PRIMLIB/pmos4/layout as STRUCTURE pmos4_CDNS_78117118713118.
INFO (XSTRM-236): A path with a rounded extension, an acute angle or a length segment less than half width is encountered at (1000, 5850). This path will be written as a boundary record in the GDS file.
INFO (XSTRM-236): A path with a rounded extension, an acute angle or a length segment less than half width is encountered at (-400, 5850). This path will be written as a boundary record in the GDS file.
INFO (XSTRM-236): A path with a rounded extension, an acute angle or a length segment less than half width is encountered at (0, 5850). This path will be written as a boundary record in the GDS file.
INFO (XSTRM-236): A path with a rounded extension, an acute angle or a length segment less than half width is encountered at (0, 5850). This path will be written as a boundary record in the GDS file.
INFO (XSTRM-223): 635. Translating cellView YAOWEN/Constant_gm/layout as STRUCTURE Constant_gm.
INFO (XSTRM-223): 636. Translating stdVia TECH_C35B4/P1_C/layout as STRUCTURE P1_C_CDNS_78117118713413.
INFO (XSTRM-223): 637. Translating stdVia TECH_C35B4/VIA1_C/layout as STRUCTURE VIA1_C_CDNS_78117118713414.
INFO (XSTRM-223): 638. Translating stdVia TECH_C35B4/VIA1_C/layout as STRUCTURE VIA1_C_CDNS_78117118713415.
INFO (XSTRM-223): 639. Translating stdVia TECH_C35B4/VIA1_C/layout as STRUCTURE VIA1_C_CDNS_78117118713416.
INFO (XSTRM-223): 640. Translating stdVia TECH_C35B4/VIA2_C/layout as STRUCTURE VIA2_C_CDNS_78117118713417.
INFO (XSTRM-223): 641. Translating stdVia TECH_C35B4/VIA1_C/layout as STRUCTURE VIA1_C_CDNS_78117118713418.
INFO (XSTRM-223): 642. Translating stdVia TECH_C35B4/VIA1_C/layout as STRUCTURE VIA1_C_CDNS_78117118713419.
INFO (XSTRM-223): 643. Translating stdVia TECH_C35B4/VIA1_C/layout as STRUCTURE VIA1_C_CDNS_78117118713420.
INFO (XSTRM-223): 644. Translating stdVia TECH_C35B4/VIA2_C/layout as STRUCTURE VIA2_C_CDNS_78117118713421.
INFO (XSTRM-223): 645. Translating stdVia TECH_C35B4/VIA1_C/layout as STRUCTURE VIA1_C_CDNS_78117118713422.
INFO (XSTRM-223): 646. Translating stdVia TECH_C35B4/VIA2_C/layout as STRUCTURE VIA2_C_CDNS_78117118713423.
INFO (XSTRM-223): 647. Translating stdVia TECH_C35B4/VIA1_C/layout as STRUCTURE VIA1_C_CDNS_78117118713424.
INFO (XSTRM-223): 648. Translating stdVia TECH_C35B4/VIA2_C/layout as STRUCTURE VIA2_C_CDNS_78117118713425.
INFO (XSTRM-223): 649. Translating stdVia TECH_C35B4/VIA1_C/layout as STRUCTURE VIA1_C_CDNS_78117118713426.
INFO (XSTRM-223): 650. Translating stdVia TECH_C35B4/VIA2_C/layout as STRUCTURE VIA2_C_CDNS_78117118713427.
INFO (XSTRM-223): 651. Translating stdVia TECH_C35B4/VIA1_C/layout as STRUCTURE VIA1_C_CDNS_78117118713428.
INFO (XSTRM-223): 652. Translating stdVia TECH_C35B4/ND_C/layout as STRUCTURE ND_C_CDNS_78117118713429.
INFO (XSTRM-223): 653. Translating stdVia TECH_C35B4/ND_C/layout as STRUCTURE ND_C_CDNS_78117118713430.
INFO (XSTRM-223): 654. Translating stdVia TECH_C35B4/VIA1_C/layout as STRUCTURE VIA1_C_CDNS_78117118713431.
INFO (XSTRM-223): 655. Translating stdVia TECH_C35B4/ND_C/layout as STRUCTURE ND_C_CDNS_78117118713432.
INFO (XSTRM-223): 656. Translating stdVia TECH_C35B4/PD_C/layout as STRUCTURE PD_C_CDNS_78117118713433.
INFO (XSTRM-223): 657. Translating stdVia TECH_C35B4/PD_C/layout as STRUCTURE PD_C_CDNS_78117118713434.
INFO (XSTRM-223): 658. Translating stdVia TECH_C35B4/PD_C/layout as STRUCTURE PD_C_CDNS_78117118713435.
INFO (XSTRM-223): 659. Translating stdVia TECH_C35B4/PD_C/layout as STRUCTURE PD_C_CDNS_78117118713436.
INFO (XSTRM-223): 660. Translating stdVia TECH_C35B4/VIA1_C/layout as STRUCTURE VIA1_C_CDNS_78117118713437.
INFO (XSTRM-223): 661. Translating stdVia TECH_C35B4/VIA1_C/layout as STRUCTURE VIA1_C_CDNS_78117118713438.
INFO (XSTRM-223): 662. Translating cellView PRIMLIB/cpolyc/layout as STRUCTURE cpolyc_CDNS_78117118713119.
INFO (XSTRM-223): 663. Translating cellView PRIMLIB/rpolyhc/layout as STRUCTURE rpolyhc_CDNS_78117118713120.
INFO (XSTRM-223): 664. Translating cellView PRIMLIB/rpolyhc/layout as STRUCTURE rpolyhc_CDNS_78117118713121.
INFO (XSTRM-223): 665. Translating cellView PRIMLIB/pmos4/layout as STRUCTURE pmos4_CDNS_78117118713122.
INFO (XSTRM-236): A path with a rounded extension, an acute angle or a length segment less than half width is encountered at (10000, 1350). This path will be written as a boundary record in the GDS file.
INFO (XSTRM-236): A path with a rounded extension, an acute angle or a length segment less than half width is encountered at (-400, 1350). This path will be written as a boundary record in the GDS file.
INFO (XSTRM-223): 666. Translating cellView PRIMLIB/cpolyc/layout as STRUCTURE cpolyc_CDNS_78117118713123.
INFO (XSTRM-223): 667. Translating cellView PRIMLIB/cpolyc/layout as STRUCTURE cpolyc_CDNS_78117118713124.
INFO (XSTRM-223): 668. Translating cellView PRIMLIB/rpolyhc/layout as STRUCTURE rpolyhc_CDNS_78117118713125.
INFO (XSTRM-223): 669. Translating cellView YAOWEN/Current_Voltage_Reference/layout as STRUCTURE Current_Voltage_Reference.
INFO (XSTRM-223): 670. Translating stdVia TECH_C35B4/VIA1_C/layout as STRUCTURE VIA1_C_CDNS_78117118713439.
INFO (XSTRM-223): 671. Translating stdVia TECH_C35B4/P1_C/layout as STRUCTURE P1_C_CDNS_78117118713440.
INFO (XSTRM-223): 672. Translating stdVia TECH_C35B4/P1_C/layout as STRUCTURE P1_C_CDNS_78117118713441.
INFO (XSTRM-223): 673. Translating stdVia TECH_C35B4/P1_C/layout as STRUCTURE P1_C_CDNS_78117118713442.
INFO (XSTRM-223): 674. Translating stdVia TECH_C35B4/VIA1_C/layout as STRUCTURE VIA1_C_CDNS_78117118713443.
INFO (XSTRM-223): 675. Translating stdVia TECH_C35B4/P1_C/layout as STRUCTURE P1_C_CDNS_78117118713444.
INFO (XSTRM-223): 676. Translating stdVia TECH_C35B4/VIA1_C/layout as STRUCTURE VIA1_C_CDNS_78117118713445.
INFO (XSTRM-223): 677. Translating stdVia TECH_C35B4/VIA2_C/layout as STRUCTURE VIA2_C_CDNS_78117118713446.
INFO (XSTRM-223): 678. Translating stdVia TECH_C35B4/VIA2_C/layout as STRUCTURE VIA2_C_CDNS_78117118713447.
INFO (XSTRM-223): 679. Translating stdVia TECH_C35B4/VIA1_C/layout as STRUCTURE VIA1_C_CDNS_78117118713448.
INFO (XSTRM-223): 680. Translating stdVia TECH_C35B4/VIA2_C/layout as STRUCTURE VIA2_C_CDNS_78117118713449.
INFO (XSTRM-223): 681. Translating stdVia TECH_C35B4/VIA1_C/layout as STRUCTURE VIA1_C_CDNS_78117118713450.
INFO (XSTRM-223): 682. Translating stdVia TECH_C35B4/VIA2_C/layout as STRUCTURE VIA2_C_CDNS_78117118713451.
INFO (XSTRM-223): 683. Translating stdVia TECH_C35B4/VIA2_C/layout as STRUCTURE VIA2_C_CDNS_78117118713452.
INFO (XSTRM-223): 684. Translating stdVia TECH_C35B4/VIA2_C/layout as STRUCTURE VIA2_C_CDNS_78117118713453.
INFO (XSTRM-223): 685. Translating stdVia TECH_C35B4/VIA1_C/layout as STRUCTURE VIA1_C_CDNS_78117118713454.
INFO (XSTRM-223): 686. Translating stdVia TECH_C35B4/VIA1_C/layout as STRUCTURE VIA1_C_CDNS_78117118713455.
INFO (XSTRM-223): 687. Translating stdVia TECH_C35B4/VIA2_C/layout as STRUCTURE VIA2_C_CDNS_78117118713456.
INFO (XSTRM-223): 688. Translating stdVia TECH_C35B4/VIA1_C/layout as STRUCTURE VIA1_C_CDNS_78117118713457.
INFO (XSTRM-223): 689. Translating stdVia TECH_C35B4/VIA2_C/layout as STRUCTURE VIA2_C_CDNS_78117118713458.
INFO (XSTRM-223): 690. Translating cellView PRIMLIB/rpolyhc/layout as STRUCTURE rpolyhc_CDNS_78117118713126.
INFO (XSTRM-223): 691. Translating cellView PRIMLIB/nmos4/layout as STRUCTURE nmos4_CDNS_78117118713127.
INFO (XSTRM-236): A path with a rounded extension, an acute angle or a length segment less than half width is encountered at (10000, 3350). This path will be written as a boundary record in the GDS file.
INFO (XSTRM-236): A path with a rounded extension, an acute angle or a length segment less than half width is encountered at (-400, 3350). This path will be written as a boundary record in the GDS file.
INFO (XSTRM-223): 692. Translating cellView PRIMLIB/nmos4/layout as STRUCTURE nmos4_CDNS_78117118713128.
INFO (XSTRM-236): A path with a rounded extension, an acute angle or a length segment less than half width is encountered at (20000, 3350). This path will be written as a boundary record in the GDS file.
INFO (XSTRM-236): A path with a rounded extension, an acute angle or a length segment less than half width is encountered at (-400, 3350). This path will be written as a boundary record in the GDS file.
INFO (XSTRM-223): 693. Translating cellView PRIMLIB/rpolyhc/layout as STRUCTURE rpolyhc_CDNS_78117118713129.
INFO (XSTRM-223): 694. Translating cellView PRIMLIB/nmos4/layout as STRUCTURE nmos4_CDNS_78117118713130.
INFO (XSTRM-236): A path with a rounded extension, an acute angle or a length segment less than half width is encountered at (5000, 13350). This path will be written as a boundary record in the GDS file.
INFO (XSTRM-236): A path with a rounded extension, an acute angle or a length segment less than half width is encountered at (-400, 13350). This path will be written as a boundary record in the GDS file.
INFO (XSTRM-236): A path with a rounded extension, an acute angle or a length segment less than half width is encountered at (0, 13350). This path will be written as a boundary record in the GDS file.
INFO (XSTRM-236): A path with a rounded extension, an acute angle or a length segment less than half width is encountered at (0, 13350). This path will be written as a boundary record in the GDS file.
INFO (XSTRM-223): 695. Translating cellView PRIMLIB/nmos4/layout as STRUCTURE nmos4_CDNS_78117118713131.
INFO (XSTRM-223): 696. Translating cellView PRIMLIB/nmos4/layout as STRUCTURE nmos4_CDNS_78117118713132.
INFO (XSTRM-236): A path with a rounded extension, an acute angle or a length segment less than half width is encountered at (10000, 20850). This path will be written as a boundary record in the GDS file.
INFO (XSTRM-236): A path with a rounded extension, an acute angle or a length segment less than half width is encountered at (-400, 20850). This path will be written as a boundary record in the GDS file.
INFO (XSTRM-236): A path with a rounded extension, an acute angle or a length segment less than half width is encountered at (0, 20850). This path will be written as a boundary record in the GDS file.
INFO (XSTRM-236): A path with a rounded extension, an acute angle or a length segment less than half width is encountered at (0, 20850). This path will be written as a boundary record in the GDS file.
INFO (XSTRM-223): 697. Translating cellView PRIMLIB/pmos4/layout as STRUCTURE pmos4_CDNS_78117118713133.
INFO (XSTRM-236): A path with a rounded extension, an acute angle or a length segment less than half width is encountered at (5000, 2850). This path will be written as a boundary record in the GDS file.
INFO (XSTRM-236): A path with a rounded extension, an acute angle or a length segment less than half width is encountered at (-400, 2850). This path will be written as a boundary record in the GDS file.
INFO (XSTRM-223): 698. Translating cellView PRIMLIB/cpolyc/layout as STRUCTURE cpolyc_CDNS_78117118713134.
INFO (XSTRM-223): 699. Translating cellView PRIMLIB/rpolyhc/layout as STRUCTURE rpolyhc_CDNS_78117118713135.
INFO (XSTRM-223): 700. Translating cellView YAOWEN/ECG_bandgap_f_v1/layout as STRUCTURE ECG_bandgap_f_v1.
INFO (XSTRM-236): A path with a rounded extension, an acute angle or a length segment less than half width is encountered at (30450, 829000). This path will be written as a boundary record in the GDS file.
INFO (XSTRM-236): A path with a rounded extension, an acute angle or a length segment less than half width is encountered at (30450, 829000). This path will be written as a boundary record in the GDS file.
INFO (XSTRM-236): A path with a rounded extension, an acute angle or a length segment less than half width is encountered at (30450, 829000). This path will be written as a boundary record in the GDS file.
INFO (XSTRM-223): 701. Translating cellView YAOWEN/ECG_BIAS/layout as STRUCTURE ECG_BIAS.
INFO (XSTRM-223): 702. Translating stdVia TECH_C35B4/VIA2_C/layout as STRUCTURE VIA2_C_CDNS_78117118713459.
INFO (XSTRM-223): 703. Translating stdVia TECH_C35B4/VIA2_C/layout as STRUCTURE VIA2_C_CDNS_78117118713460.
INFO (XSTRM-223): 704. Translating stdVia TECH_C35B4/VIA2_C/layout as STRUCTURE VIA2_C_CDNS_78117118713461.
INFO (XSTRM-223): 705. Translating stdVia TECH_C35B4/VIA2_C/layout as STRUCTURE VIA2_C_CDNS_78117118713462.
INFO (XSTRM-223): 706. Translating stdVia TECH_C35B4/VIA2_C/layout as STRUCTURE VIA2_C_CDNS_78117118713463.
INFO (XSTRM-223): 707. Translating stdVia TECH_C35B4/VIA2_C/layout as STRUCTURE VIA2_C_CDNS_78117118713464.
INFO (XSTRM-223): 708. Translating stdVia TECH_C35B4/VIA2_C/layout as STRUCTURE VIA2_C_CDNS_78117118713465.
INFO (XSTRM-223): 709. Translating stdVia TECH_C35B4/VIA1_C/layout as STRUCTURE VIA1_C_CDNS_78117118713466.
INFO (XSTRM-223): 710. Translating stdVia TECH_C35B4/VIA2_C/layout as STRUCTURE VIA2_C_CDNS_78117118713467.
INFO (XSTRM-223): 711. Translating stdVia TECH_C35B4/VIA1_C/layout as STRUCTURE VIA1_C_CDNS_78117118713468.
INFO (XSTRM-223): 712. Translating stdVia TECH_C35B4/VIA2_C/layout as STRUCTURE VIA2_C_CDNS_78117118713469.
INFO (XSTRM-223): 713. Translating stdVia TECH_C35B4/VIA2_C/layout as STRUCTURE VIA2_C_CDNS_78117118713470.
INFO (XSTRM-223): 714. Translating stdVia TECH_C35B4/VIA2_C/layout as STRUCTURE VIA2_C_CDNS_78117118713471.
INFO (XSTRM-223): 715. Translating stdVia TECH_C35B4/VIA3_C/layout as STRUCTURE VIA3_C_CDNS_78117118713472.
INFO (XSTRM-223): 716. Translating stdVia TECH_C35B4/VIA3_C/layout as STRUCTURE VIA3_C_CDNS_78117118713473.
INFO (XSTRM-223): 717. Translating stdVia TECH_C35B4/VIA3_C/layout as STRUCTURE VIA3_C_CDNS_78117118713474.
INFO (XSTRM-223): 718. Translating stdVia TECH_C35B4/P1_C/layout as STRUCTURE P1_C_CDNS_78117118713475.
INFO (XSTRM-223): 719. Translating stdVia TECH_C35B4/VIA1_C/layout as STRUCTURE VIA1_C_CDNS_78117118713476.
INFO (XSTRM-223): 720. Translating stdVia TECH_C35B4/VIA2_C/layout as STRUCTURE VIA2_C_CDNS_78117118713477.
INFO (XSTRM-223): 721. Translating stdVia TECH_C35B4/VIA3_C/layout as STRUCTURE VIA3_C_CDNS_78117118713478.
INFO (XSTRM-223): 722. Translating stdVia TECH_C35B4/P1_C/layout as STRUCTURE P1_C_CDNS_78117118713479.
INFO (XSTRM-223): 723. Translating stdVia TECH_C35B4/VIA1_C/layout as STRUCTURE VIA1_C_CDNS_78117118713480.
INFO (XSTRM-223): 724. Translating stdVia TECH_C35B4/VIA2_C/layout as STRUCTURE VIA2_C_CDNS_78117118713481.
INFO (XSTRM-223): 725. Translating stdVia TECH_C35B4/VIA3_C/layout as STRUCTURE VIA3_C_CDNS_78117118713482.
INFO (XSTRM-223): 726. Translating stdVia TECH_C35B4/VIA2_C/layout as STRUCTURE VIA2_C_CDNS_78117118713483.
INFO (XSTRM-223): 727. Translating stdVia TECH_C35B4/VIA3_C/layout as STRUCTURE VIA3_C_CDNS_78117118713484.
INFO (XSTRM-223): 728. Translating stdVia TECH_C35B4/VIA3_C/layout as STRUCTURE VIA3_C_CDNS_78117118713485.
INFO (XSTRM-223): 729. Translating stdVia TECH_C35B4/P1_C/layout as STRUCTURE P1_C_CDNS_78117118713486.
INFO (XSTRM-223): 730. Translating stdVia TECH_C35B4/VIA1_C/layout as STRUCTURE VIA1_C_CDNS_78117118713487.
INFO (XSTRM-223): 731. Translating stdVia TECH_C35B4/VIA2_C/layout as STRUCTURE VIA2_C_CDNS_78117118713488.
INFO (XSTRM-223): 732. Translating stdVia TECH_C35B4/VIA3_C/layout as STRUCTURE VIA3_C_CDNS_78117118713489.
INFO (XSTRM-223): 733. Translating stdVia TECH_C35B4/VIA3_C/layout as STRUCTURE VIA3_C_CDNS_78117118713490.
INFO (XSTRM-223): 734. Translating stdVia TECH_C35B4/VIA3_C/layout as STRUCTURE VIA3_C_CDNS_78117118713491.
INFO (XSTRM-223): 735. Translating stdVia TECH_C35B4/VIA3_C/layout as STRUCTURE VIA3_C_CDNS_78117118713492.
INFO (XSTRM-223): 736. Translating stdVia TECH_C35B4/VIA2_C/layout as STRUCTURE VIA2_C_CDNS_78117118713493.
INFO (XSTRM-223): 737. Translating stdVia TECH_C35B4/VIA3_C/layout as STRUCTURE VIA3_C_CDNS_78117118713494.
INFO (XSTRM-223): 738. Translating stdVia TECH_C35B4/VIA3_C/layout as STRUCTURE VIA3_C_CDNS_78117118713495.
INFO (XSTRM-223): 739. Translating stdVia TECH_C35B4/VIA3_C/layout as STRUCTURE VIA3_C_CDNS_78117118713496.
INFO (XSTRM-223): 740. Translating stdVia TECH_C35B4/VIA2_C/layout as STRUCTURE VIA2_C_CDNS_78117118713497.
INFO (XSTRM-223): 741. Translating stdVia TECH_C35B4/P1_C/layout as STRUCTURE P1_C_CDNS_78117118713498.
INFO (XSTRM-223): 742. Translating stdVia TECH_C35B4/P1_C/layout as STRUCTURE P1_C_CDNS_78117118713499.
INFO (XSTRM-223): 743. Translating stdVia TECH_C35B4/VIA1_C/layout as STRUCTURE VIA1_C_CDNS_78117118713500.
INFO (XSTRM-223): 744. Translating stdVia TECH_C35B4/VIA1_C/layout as STRUCTURE VIA1_C_CDNS_78117118713501.
INFO (XSTRM-223): 745. Translating stdVia TECH_C35B4/P1_C/layout as STRUCTURE P1_C_CDNS_78117118713502.
INFO (XSTRM-223): 746. Translating stdVia TECH_C35B4/VIA2_C/layout as STRUCTURE VIA2_C_CDNS_78117118713503.
INFO (XSTRM-223): 747. Translating stdVia TECH_C35B4/VIA1_C/layout as STRUCTURE VIA1_C_CDNS_78117118713504.
INFO (XSTRM-223): 748. Translating stdVia TECH_C35B4/P2_C_min/layout as STRUCTURE P2_C_min_CDNS_78117118713505.
INFO (XSTRM-223): 749. Translating stdVia TECH_C35B4/VIA1_C/layout as STRUCTURE VIA1_C_CDNS_78117118713506.
INFO (XSTRM-223): 750. Translating stdVia TECH_C35B4/P1_C/layout as STRUCTURE P1_C_CDNS_78117118713507.
INFO (XSTRM-223): 751. Translating stdVia TECH_C35B4/VIA1_C/layout as STRUCTURE VIA1_C_CDNS_78117118713508.
INFO (XSTRM-223): 752. Translating cellView PRIMLIB/rpolyhc/layout as STRUCTURE rpolyhc_CDNS_78117118713136.
INFO (XSTRM-236): A path with a rounded extension, an acute angle or a length segment less than half width is encountered at (49600, 6300). This path will be written as a boundary record in the GDS file.
INFO (XSTRM-236): A path with a rounded extension, an acute angle or a length segment less than half width is encountered at (-600, 0). This path will be written as a boundary record in the GDS file.
INFO (XSTRM-223): 753. Translating cellView PRIMLIB/nmos4/layout as STRUCTURE nmos4_CDNS_78117118713137.
INFO (XSTRM-223): 754. Translating cellView PRIMLIB/cpolyc/layout as STRUCTURE cpolyc_CDNS_78117118713138.
INFO (XSTRM-223): 755. Translating cellView PRIMLIB/rpolyhc/layout as STRUCTURE rpolyhc_CDNS_78117118713139.
INFO (XSTRM-236): A path with a rounded extension, an acute angle or a length segment less than half width is encountered at (-600, 2750). This path will be written as a boundary record in the GDS file.
INFO (XSTRM-236): A path with a rounded extension, an acute angle or a length segment less than half width is encountered at (-600, 250). This path will be written as a boundary record in the GDS file.
INFO (XSTRM-223): 756. Translating cellView PRIMLIB/nmos4/layout as STRUCTURE nmos4_CDNS_78117118713140.
INFO (XSTRM-236): A path with a rounded extension, an acute angle or a length segment less than half width is encountered at (10000, 2850). This path will be written as a boundary record in the GDS file.
INFO (XSTRM-236): A path with a rounded extension, an acute angle or a length segment less than half width is encountered at (-400, 2850). This path will be written as a boundary record in the GDS file.
INFO (XSTRM-223): 757. Translating cellView PRIMLIB/nmos4/layout as STRUCTURE nmos4_CDNS_78117118713141.
INFO (XSTRM-236): A path with a rounded extension, an acute angle or a length segment less than half width is encountered at (20000, 5850). This path will be written as a boundary record in the GDS file.
INFO (XSTRM-236): A path with a rounded extension, an acute angle or a length segment less than half width is encountered at (-400, 5850). This path will be written as a boundary record in the GDS file.
INFO (XSTRM-223): 758. Translating cellView PRIMLIB/pmos4/layout as STRUCTURE pmos4_CDNS_78117118713142.
INFO (XSTRM-236): A path with a rounded extension, an acute angle or a length segment less than half width is encountered at (10000, 1850). This path will be written as a boundary record in the GDS file.
INFO (XSTRM-236): A path with a rounded extension, an acute angle or a length segment less than half width is encountered at (-400, 1850). This path will be written as a boundary record in the GDS file.
INFO (XSTRM-223): 759. Translating cellView PRIMLIB/cpolyc/layout as STRUCTURE cpolyc_CDNS_78117118713143.
INFO (XSTRM-223): 760. Translating cellView YAOWEN/BUFFER/layout as STRUCTURE BUFFER.
INFO (XSTRM-223): 761. Translating stdVia TECH_C35B4/PD_C/layout as STRUCTURE PD_C_CDNS_78117118713509.
INFO (XSTRM-223): 762. Translating stdVia TECH_C35B4/ND_C/layout as STRUCTURE ND_C_CDNS_78117118713510.
INFO (XSTRM-223): 763. Translating stdVia TECH_C35B4/P1_C/layout as STRUCTURE P1_C_CDNS_78117118713511.
INFO (XSTRM-223): 764. Translating stdVia TECH_C35B4/VIA1_C/layout as STRUCTURE VIA1_C_CDNS_78117118713512.
INFO (XSTRM-223): 765. Translating stdVia TECH_C35B4/VIA2_C/layout as STRUCTURE VIA2_C_CDNS_78117118713513.
INFO (XSTRM-223): 766. Translating stdVia TECH_C35B4/VIA2_C/layout as STRUCTURE VIA2_C_CDNS_78117118713514.
INFO (XSTRM-223): 767. Translating stdVia TECH_C35B4/VIA2_C/layout as STRUCTURE VIA2_C_CDNS_78117118713515.
INFO (XSTRM-223): 768. Translating stdVia TECH_C35B4/VIA1_C/layout as STRUCTURE VIA1_C_CDNS_78117118713516.
INFO (XSTRM-223): 769. Translating stdVia TECH_C35B4/ND_C/layout as STRUCTURE ND_C_CDNS_78117118713517.
INFO (XSTRM-223): 770. Translating stdVia TECH_C35B4/VIA2_C/layout as STRUCTURE VIA2_C_CDNS_78117118713518.
INFO (XSTRM-223): 771. Translating stdVia TECH_C35B4/VIA1_C/layout as STRUCTURE VIA1_C_CDNS_78117118713519.
INFO (XSTRM-223): 772. Translating stdVia TECH_C35B4/VIA1_C/layout as STRUCTURE VIA1_C_CDNS_78117118713520.
INFO (XSTRM-223): 773. Translating stdVia TECH_C35B4/VIA2_C/layout as STRUCTURE VIA2_C_CDNS_78117118713521.
INFO (XSTRM-223): 774. Translating stdVia TECH_C35B4/VIA1_C/layout as STRUCTURE VIA1_C_CDNS_78117118713522.
INFO (XSTRM-223): 775. Translating stdVia TECH_C35B4/VIA2_C/layout as STRUCTURE VIA2_C_CDNS_78117118713523.
INFO (XSTRM-223): 776. Translating stdVia TECH_C35B4/VIA1_C/layout as STRUCTURE VIA1_C_CDNS_78117118713524.
INFO (XSTRM-223): 777. Translating stdVia TECH_C35B4/VIA1_C/layout as STRUCTURE VIA1_C_CDNS_78117118713525.
INFO (XSTRM-223): 778. Translating stdVia TECH_C35B4/VIA1_C/layout as STRUCTURE VIA1_C_CDNS_78117118713526.
INFO (XSTRM-223): 779. Translating stdVia TECH_C35B4/VIA1_C/layout as STRUCTURE VIA1_C_CDNS_78117118713527.
INFO (XSTRM-223): 780. Translating stdVia TECH_C35B4/VIA1_C/layout as STRUCTURE VIA1_C_CDNS_78117118713528.
INFO (XSTRM-223): 781. Translating stdVia TECH_C35B4/VIA2_C/layout as STRUCTURE VIA2_C_CDNS_78117118713529.
INFO (XSTRM-223): 782. Translating stdVia TECH_C35B4/PD_C/layout as STRUCTURE PD_C_CDNS_78117118713530.
INFO (XSTRM-223): 783. Translating stdVia TECH_C35B4/PD_C/layout as STRUCTURE PD_C_CDNS_78117118713531.
INFO (XSTRM-223): 784. Translating stdVia TECH_C35B4/PD_C/layout as STRUCTURE PD_C_CDNS_78117118713532.
INFO (XSTRM-223): 785. Translating stdVia TECH_C35B4/PD_C/layout as STRUCTURE PD_C_CDNS_78117118713533.
INFO (XSTRM-223): 786. Translating stdVia TECH_C35B4/PD_C/layout as STRUCTURE PD_C_CDNS_78117118713534.
INFO (XSTRM-223): 787. Translating stdVia TECH_C35B4/VIA1_C/layout as STRUCTURE VIA1_C_CDNS_78117118713535.
INFO (XSTRM-223): 788. Translating stdVia TECH_C35B4/ND_C/layout as STRUCTURE ND_C_CDNS_78117118713536.
INFO (XSTRM-223): 789. Translating stdVia TECH_C35B4/VIA1_C/layout as STRUCTURE VIA1_C_CDNS_78117118713537.
INFO (XSTRM-223): 790. Translating stdVia TECH_C35B4/VIA1_C/layout as STRUCTURE VIA1_C_CDNS_78117118713538.
INFO (XSTRM-223): 791. Translating stdVia TECH_C35B4/VIA1_C/layout as STRUCTURE VIA1_C_CDNS_78117118713539.
INFO (XSTRM-223): 792. Translating stdVia TECH_C35B4/ND_C/layout as STRUCTURE ND_C_CDNS_78117118713540.
INFO (XSTRM-223): 793. Translating cellView PRIMLIB/rpolyhc/layout as STRUCTURE rpolyhc_CDNS_78117118713144.
INFO (XSTRM-223): 794. Translating cellView PRIMLIB/cpolyc/layout as STRUCTURE cpolyc_CDNS_78117118713145.
INFO (XSTRM-223): 795. Translating cellView PRIMLIB/cpolyc/layout as STRUCTURE cpolyc_CDNS_78117118713146.
INFO (XSTRM-223): 796. Translating cellView PRIMLIB/cpolyc/layout as STRUCTURE cpolyc_CDNS_78117118713147.
INFO (XSTRM-223): 797. Translating cellView PRIMLIB/cpolyc/layout as STRUCTURE cpolyc_CDNS_78117118713148.
INFO (XSTRM-223): 798. Translating cellView PRIMLIB/cpolyc/layout as STRUCTURE cpolyc_CDNS_78117118713149.
INFO (XSTRM-223): 799. Translating cellView YAOWEN/Gm_C_filter/layout as STRUCTURE Gm_C_filter.
INFO (XSTRM-223): 800. Translating stdVia TECH_C35B4/VIA1_C/layout as STRUCTURE VIA1_C_CDNS_78117118713541.
INFO (XSTRM-223): 801. Translating stdVia TECH_C35B4/P1_C/layout as STRUCTURE P1_C_CDNS_78117118713542.
INFO (XSTRM-223): 802. Translating stdVia TECH_C35B4/VIA1_C/layout as STRUCTURE VIA1_C_CDNS_78117118713543.
INFO (XSTRM-223): 803. Translating stdVia TECH_C35B4/VIA2_C/layout as STRUCTURE VIA2_C_CDNS_78117118713544.
INFO (XSTRM-223): 804. Translating stdVia TECH_C35B4/VIA1_C/layout as STRUCTURE VIA1_C_CDNS_78117118713545.
INFO (XSTRM-223): 805. Translating stdVia TECH_C35B4/VIA1_C/layout as STRUCTURE VIA1_C_CDNS_78117118713546.
INFO (XSTRM-223): 806. Translating stdVia TECH_C35B4/ND_C/layout as STRUCTURE ND_C_CDNS_78117118713547.
INFO (XSTRM-223): 807. Translating stdVia TECH_C35B4/VIA1_C/layout as STRUCTURE VIA1_C_CDNS_78117118713548.
INFO (XSTRM-223): 808. Translating stdVia TECH_C35B4/VIA2_C/layout as STRUCTURE VIA2_C_CDNS_78117118713549.
INFO (XSTRM-223): 809. Translating stdVia TECH_C35B4/VIA1_C/layout as STRUCTURE VIA1_C_CDNS_78117118713550.
INFO (XSTRM-223): 810. Translating stdVia TECH_C35B4/VIA2_C/layout as STRUCTURE VIA2_C_CDNS_78117118713551.
INFO (XSTRM-223): 811. Translating stdVia TECH_C35B4/P1_C/layout as STRUCTURE P1_C_CDNS_78117118713552.
INFO (XSTRM-223): 812. Translating stdVia TECH_C35B4/VIA1_C/layout as STRUCTURE VIA1_C_CDNS_78117118713553.
INFO (XSTRM-223): 813. Translating stdVia TECH_C35B4/VIA1_C/layout as STRUCTURE VIA1_C_CDNS_78117118713554.
INFO (XSTRM-223): 814. Translating stdVia TECH_C35B4/VIA2_C/layout as STRUCTURE VIA2_C_CDNS_78117118713555.
INFO (XSTRM-223): 815. Translating stdVia TECH_C35B4/P1_C/layout as STRUCTURE P1_C_CDNS_78117118713556.
INFO (XSTRM-223): 816. Translating stdVia TECH_C35B4/VIA1_C/layout as STRUCTURE VIA1_C_CDNS_78117118713557.
INFO (XSTRM-223): 817. Translating stdVia TECH_C35B4/VIA1_C/layout as STRUCTURE VIA1_C_CDNS_78117118713558.
INFO (XSTRM-223): 818. Translating stdVia TECH_C35B4/VIA1_C/layout as STRUCTURE VIA1_C_CDNS_78117118713559.
INFO (XSTRM-223): 819. Translating stdVia TECH_C35B4/VIA1_C/layout as STRUCTURE VIA1_C_CDNS_78117118713560.
INFO (XSTRM-223): 820. Translating stdVia TECH_C35B4/VIA1_C/layout as STRUCTURE VIA1_C_CDNS_78117118713561.
INFO (XSTRM-223): 821. Translating stdVia TECH_C35B4/P1_C/layout as STRUCTURE P1_C_CDNS_78117118713562.
INFO (XSTRM-223): 822. Translating stdVia TECH_C35B4/VIA1_C/layout as STRUCTURE VIA1_C_CDNS_78117118713563.
INFO (XSTRM-223): 823. Translating stdVia TECH_C35B4/VIA1_C/layout as STRUCTURE VIA1_C_CDNS_78117118713564.
INFO (XSTRM-223): 824. Translating stdVia TECH_C35B4/VIA1_C/layout as STRUCTURE VIA1_C_CDNS_78117118713565.
INFO (XSTRM-223): 825. Translating stdVia TECH_C35B4/P1_C/layout as STRUCTURE P1_C_CDNS_78117118713566.
INFO (XSTRM-223): 826. Translating stdVia TECH_C35B4/VIA1_C/layout as STRUCTURE VIA1_C_CDNS_78117118713567.
INFO (XSTRM-223): 827. Translating stdVia TECH_C35B4/ND_C/layout as STRUCTURE ND_C_CDNS_78117118713568.
INFO (XSTRM-223): 828. Translating stdVia TECH_C35B4/VIA2_C/layout as STRUCTURE VIA2_C_CDNS_78117118713569.
INFO (XSTRM-223): 829. Translating stdVia TECH_C35B4/VIA2_C/layout as STRUCTURE VIA2_C_CDNS_78117118713570.
INFO (XSTRM-223): 830. Translating stdVia TECH_C35B4/PD_C/layout as STRUCTURE PD_C_CDNS_78117118713571.
INFO (XSTRM-223): 831. Translating stdVia TECH_C35B4/VIA1_C/layout as STRUCTURE VIA1_C_CDNS_78117118713572.
INFO (XSTRM-223): 832. Translating stdVia TECH_C35B4/P1_C/layout as STRUCTURE P1_C_CDNS_78117118713573.
INFO (XSTRM-223): 833. Translating stdVia TECH_C35B4/VIA1_C/layout as STRUCTURE VIA1_C_CDNS_78117118713574.
INFO (XSTRM-223): 834. Translating stdVia TECH_C35B4/VIA2_C/layout as STRUCTURE VIA2_C_CDNS_78117118713575.
INFO (XSTRM-223): 835. Translating stdVia TECH_C35B4/VIA1_C/layout as STRUCTURE VIA1_C_CDNS_78117118713576.
INFO (XSTRM-223): 836. Translating stdVia TECH_C35B4/VIA2_C/layout as STRUCTURE VIA2_C_CDNS_78117118713577.
INFO (XSTRM-223): 837. Translating stdVia TECH_C35B4/VIA1_C/layout as STRUCTURE VIA1_C_CDNS_78117118713578.
INFO (XSTRM-223): 838. Translating stdVia TECH_C35B4/VIA2_C/layout as STRUCTURE VIA2_C_CDNS_78117118713579.
INFO (XSTRM-223): 839. Translating stdVia TECH_C35B4/PD_C/layout as STRUCTURE PD_C_CDNS_78117118713580.
INFO (XSTRM-223): 840. Translating stdVia TECH_C35B4/VIA1_C/layout as STRUCTURE VIA1_C_CDNS_78117118713581.
INFO (XSTRM-223): 841. Translating stdVia TECH_C35B4/P1_C/layout as STRUCTURE P1_C_CDNS_78117118713582.
INFO (XSTRM-223): 842. Translating stdVia TECH_C35B4/VIA2_C/layout as STRUCTURE VIA2_C_CDNS_78117118713583.
INFO (XSTRM-223): 843. Translating stdVia TECH_C35B4/VIA1_C/layout as STRUCTURE VIA1_C_CDNS_78117118713584.
INFO (XSTRM-223): 844. Translating stdVia TECH_C35B4/VIA2_C/layout as STRUCTURE VIA2_C_CDNS_78117118713585.
INFO (XSTRM-223): 845. Translating stdVia TECH_C35B4/P2_C_min/layout as STRUCTURE P2_C_min_CDNS_78117118713586.
INFO (XSTRM-223): 846. Translating stdVia TECH_C35B4/VIA2_C/layout as STRUCTURE VIA2_C_CDNS_78117118713587.
INFO (XSTRM-223): 847. Translating stdVia TECH_C35B4/VIA1_C/layout as STRUCTURE VIA1_C_CDNS_78117118713588.
INFO (XSTRM-223): 848. Translating stdVia TECH_C35B4/VIA1_C/layout as STRUCTURE VIA1_C_CDNS_78117118713589.
INFO (XSTRM-223): 849. Translating stdVia TECH_C35B4/VIA2_C/layout as STRUCTURE VIA2_C_CDNS_78117118713590.
INFO (XSTRM-223): 850. Translating stdVia TECH_C35B4/VIA1_C/layout as STRUCTURE VIA1_C_CDNS_78117118713591.
INFO (XSTRM-223): 851. Translating stdVia TECH_C35B4/VIA2_C/layout as STRUCTURE VIA2_C_CDNS_78117118713592.
INFO (XSTRM-223): 852. Translating stdVia TECH_C35B4/VIA1_C/layout as STRUCTURE VIA1_C_CDNS_78117118713593.
INFO (XSTRM-223): 853. Translating stdVia TECH_C35B4/VIA2_C/layout as STRUCTURE VIA2_C_CDNS_78117118713594.
INFO (XSTRM-223): 854. Translating stdVia TECH_C35B4/VIA1_C/layout as STRUCTURE VIA1_C_CDNS_78117118713595.
INFO (XSTRM-223): 855. Translating stdVia TECH_C35B4/VIA2_C/layout as STRUCTURE VIA2_C_CDNS_78117118713596.
INFO (XSTRM-223): 856. Translating stdVia TECH_C35B4/VIA2_C/layout as STRUCTURE VIA2_C_CDNS_78117118713597.
INFO (XSTRM-223): 857. Translating cellView PRIMLIB/nmos4/layout as STRUCTURE nmos4_CDNS_78117118713150.
INFO (XSTRM-236): A path with a rounded extension, an acute angle or a length segment less than half width is encountered at (8000, 40850). This path will be written as a boundary record in the GDS file.
INFO (XSTRM-236): A path with a rounded extension, an acute angle or a length segment less than half width is encountered at (-400, 40850). This path will be written as a boundary record in the GDS file.
INFO (XSTRM-236): A path with a rounded extension, an acute angle or a length segment less than half width is encountered at (0, 40850). This path will be written as a boundary record in the GDS file.
INFO (XSTRM-236): A path with a rounded extension, an acute angle or a length segment less than half width is encountered at (0, 40850). This path will be written as a boundary record in the GDS file.
INFO (XSTRM-223): 858. Translating cellView PRIMLIB/nmos4/layout as STRUCTURE nmos4_CDNS_78117118713151.
INFO (XSTRM-236): A path with a rounded extension, an acute angle or a length segment less than half width is encountered at (10000, 1850). This path will be written as a boundary record in the GDS file.
INFO (XSTRM-236): A path with a rounded extension, an acute angle or a length segment less than half width is encountered at (-400, 1850). This path will be written as a boundary record in the GDS file.
INFO (XSTRM-223): 859. Translating cellView PRIMLIB/cpolyc/layout as STRUCTURE cpolyc_CDNS_78117118713152.
INFO (XSTRM-223): 860. Translating cellView PRIMLIB/nmos4/layout as STRUCTURE nmos4_CDNS_78117118713153.
INFO (XSTRM-236): A path with a rounded extension, an acute angle or a length segment less than half width is encountered at (20000, 4850). This path will be written as a boundary record in the GDS file.
INFO (XSTRM-236): A path with a rounded extension, an acute angle or a length segment less than half width is encountered at (-400, 4850). This path will be written as a boundary record in the GDS file.
INFO (XSTRM-223): 861. Translating cellView PRIMLIB/nmos4/layout as STRUCTURE nmos4_CDNS_78117118713154.
INFO (XSTRM-236): A path with a rounded extension, an acute angle or a length segment less than half width is encountered at (80000, 4850). This path will be written as a boundary record in the GDS file.
INFO (XSTRM-236): A path with a rounded extension, an acute angle or a length segment less than half width is encountered at (-400, 4850). This path will be written as a boundary record in the GDS file.
INFO (XSTRM-223): 862. Translating cellView PRIMLIB/nmos4/layout as STRUCTURE nmos4_CDNS_78117118713155.
INFO (XSTRM-236): A path with a rounded extension, an acute angle or a length segment less than half width is encountered at (1000, 47850). This path will be written as a boundary record in the GDS file.
INFO (XSTRM-236): A path with a rounded extension, an acute angle or a length segment less than half width is encountered at (-400, 47850). This path will be written as a boundary record in the GDS file.
INFO (XSTRM-236): A path with a rounded extension, an acute angle or a length segment less than half width is encountered at (0, 47850). This path will be written as a boundary record in the GDS file.
INFO (XSTRM-236): A path with a rounded extension, an acute angle or a length segment less than half width is encountered at (1000, 42850). This path will be written as a boundary record in the GDS file.
INFO (XSTRM-236): A path with a rounded extension, an acute angle or a length segment less than half width is encountered at (-400, 42850). This path will be written as a boundary record in the GDS file.
INFO (XSTRM-236): A path with a rounded extension, an acute angle or a length segment less than half width is encountered at (0, 42850). This path will be written as a boundary record in the GDS file.
INFO (XSTRM-236): A path with a rounded extension, an acute angle or a length segment less than half width is encountered at (1000, 37850). This path will be written as a boundary record in the GDS file.
INFO (XSTRM-236): A path with a rounded extension, an acute angle or a length segment less than half width is encountered at (-400, 37850). This path will be written as a boundary record in the GDS file.
INFO (XSTRM-236): A path with a rounded extension, an acute angle or a length segment less than half width is encountered at (0, 37850). This path will be written as a boundary record in the GDS file.
INFO (XSTRM-236): A path with a rounded extension, an acute angle or a length segment less than half width is encountered at (1000, 32850). This path will be written as a boundary record in the GDS file.
INFO (XSTRM-236): A path with a rounded extension, an acute angle or a length segment less than half width is encountered at (-400, 32850). This path will be written as a boundary record in the GDS file.
INFO (XSTRM-236): A path with a rounded extension, an acute angle or a length segment less than half width is encountered at (0, 32850). This path will be written as a boundary record in the GDS file.
INFO (XSTRM-236): A path with a rounded extension, an acute angle or a length segment less than half width is encountered at (1000, 27850). This path will be written as a boundary record in the GDS file.
INFO (XSTRM-236): A path with a rounded extension, an acute angle or a length segment less than half width is encountered at (-400, 27850). This path will be written as a boundary record in the GDS file.
INFO (XSTRM-236): A path with a rounded extension, an acute angle or a length segment less than half width is encountered at (0, 27850). This path will be written as a boundary record in the GDS file.
INFO (XSTRM-236): A path with a rounded extension, an acute angle or a length segment less than half width is encountered at (1000, 22850). This path will be written as a boundary record in the GDS file.
INFO (XSTRM-236): A path with a rounded extension, an acute angle or a length segment less than half width is encountered at (-400, 22850). This path will be written as a boundary record in the GDS file.
INFO (XSTRM-236): A path with a rounded extension, an acute angle or a length segment less than half width is encountered at (0, 22850). This path will be written as a boundary record in the GDS file.
INFO (XSTRM-236): A path with a rounded extension, an acute angle or a length segment less than half width is encountered at (1000, 17850). This path will be written as a boundary record in the GDS file.
INFO (XSTRM-236): A path with a rounded extension, an acute angle or a length segment less than half width is encountered at (-400, 17850). This path will be written as a boundary record in the GDS file.
INFO (XSTRM-236): A path with a rounded extension, an acute angle or a length segment less than half width is encountered at (0, 17850). This path will be written as a boundary record in the GDS file.
INFO (XSTRM-236): A path with a rounded extension, an acute angle or a length segment less than half width is encountered at (1000, 12850). This path will be written as a boundary record in the GDS file.
INFO (XSTRM-236): A path with a rounded extension, an acute angle or a length segment less than half width is encountered at (-400, 12850). This path will be written as a boundary record in the GDS file.
INFO (XSTRM-236): A path with a rounded extension, an acute angle or a length segment less than half width is encountered at (0, 12850). This path will be written as a boundary record in the GDS file.
INFO (XSTRM-236): A path with a rounded extension, an acute angle or a length segment less than half width is encountered at (1000, 7850). This path will be written as a boundary record in the GDS file.
INFO (XSTRM-236): A path with a rounded extension, an acute angle or a length segment less than half width is encountered at (-400, 7850). This path will be written as a boundary record in the GDS file.
INFO (XSTRM-236): A path with a rounded extension, an acute angle or a length segment less than half width is encountered at (0, 7850). This path will be written as a boundary record in the GDS file.
INFO (XSTRM-236): A path with a rounded extension, an acute angle or a length segment less than half width is encountered at (1000, 2850). This path will be written as a boundary record in the GDS file.
INFO (XSTRM-236): A path with a rounded extension, an acute angle or a length segment less than half width is encountered at (-400, 2850). This path will be written as a boundary record in the GDS file.
INFO (XSTRM-236): A path with a rounded extension, an acute angle or a length segment less than half width is encountered at (0, 2850). This path will be written as a boundary record in the GDS file.
INFO (XSTRM-236): A path with a rounded extension, an acute angle or a length segment less than half width is encountered at (0, 47850). This path will be written as a boundary record in the GDS file.
INFO (XSTRM-236): A path with a rounded extension, an acute angle or a length segment less than half width is encountered at (0, 42850). This path will be written as a boundary record in the GDS file.
INFO (XSTRM-236): A path with a rounded extension, an acute angle or a length segment less than half width is encountered at (0, 37850). This path will be written as a boundary record in the GDS file.
INFO (XSTRM-236): A path with a rounded extension, an acute angle or a length segment less than half width is encountered at (0, 32850). This path will be written as a boundary record in the GDS file.
INFO (XSTRM-236): A path with a rounded extension, an acute angle or a length segment less than half width is encountered at (0, 27850). This path will be written as a boundary record in the GDS file.
INFO (XSTRM-236): A path with a rounded extension, an acute angle or a length segment less than half width is encountered at (0, 22850). This path will be written as a boundary record in the GDS file.
INFO (XSTRM-236): A path with a rounded extension, an acute angle or a length segment less than half width is encountered at (0, 17850). This path will be written as a boundary record in the GDS file.
INFO (XSTRM-236): A path with a rounded extension, an acute angle or a length segment less than half width is encountered at (0, 12850). This path will be written as a boundary record in the GDS file.
INFO (XSTRM-236): A path with a rounded extension, an acute angle or a length segment less than half width is encountered at (0, 7850). This path will be written as a boundary record in the GDS file.
INFO (XSTRM-236): A path with a rounded extension, an acute angle or a length segment less than half width is encountered at (0, 2850). This path will be written as a boundary record in the GDS file.
INFO (XSTRM-223): 863. Translating cellView YAOWEN/chopper_f/layout as STRUCTURE chopper_f.
INFO (XSTRM-223): 864. Translating cellView PRIMLIB/pmos4/layout as STRUCTURE pmos4_CDNS_78117118713156.
INFO (XSTRM-236): A path with a rounded extension, an acute angle or a length segment less than half width is encountered at (10000, 47850). This path will be written as a boundary record in the GDS file.
INFO (XSTRM-236): A path with a rounded extension, an acute angle or a length segment less than half width is encountered at (-400, 47850). This path will be written as a boundary record in the GDS file.
INFO (XSTRM-236): A path with a rounded extension, an acute angle or a length segment less than half width is encountered at (10000, 42850). This path will be written as a boundary record in the GDS file.
INFO (XSTRM-236): A path with a rounded extension, an acute angle or a length segment less than half width is encountered at (-400, 42850). This path will be written as a boundary record in the GDS file.
INFO (XSTRM-236): A path with a rounded extension, an acute angle or a length segment less than half width is encountered at (10000, 37850). This path will be written as a boundary record in the GDS file.
INFO (XSTRM-236): A path with a rounded extension, an acute angle or a length segment less than half width is encountered at (-400, 37850). This path will be written as a boundary record in the GDS file.
INFO (XSTRM-236): A path with a rounded extension, an acute angle or a length segment less than half width is encountered at (10000, 32850). This path will be written as a boundary record in the GDS file.
INFO (XSTRM-236): A path with a rounded extension, an acute angle or a length segment less than half width is encountered at (-400, 32850). This path will be written as a boundary record in the GDS file.
INFO (XSTRM-236): A path with a rounded extension, an acute angle or a length segment less than half width is encountered at (10000, 27850). This path will be written as a boundary record in the GDS file.
INFO (XSTRM-236): A path with a rounded extension, an acute angle or a length segment less than half width is encountered at (-400, 27850). This path will be written as a boundary record in the GDS file.
INFO (XSTRM-236): A path with a rounded extension, an acute angle or a length segment less than half width is encountered at (10000, 22850). This path will be written as a boundary record in the GDS file.
INFO (XSTRM-236): A path with a rounded extension, an acute angle or a length segment less than half width is encountered at (-400, 22850). This path will be written as a boundary record in the GDS file.
INFO (XSTRM-236): A path with a rounded extension, an acute angle or a length segment less than half width is encountered at (10000, 17850). This path will be written as a boundary record in the GDS file.
INFO (XSTRM-236): A path with a rounded extension, an acute angle or a length segment less than half width is encountered at (-400, 17850). This path will be written as a boundary record in the GDS file.
INFO (XSTRM-236): A path with a rounded extension, an acute angle or a length segment less than half width is encountered at (10000, 12850). This path will be written as a boundary record in the GDS file.
INFO (XSTRM-236): A path with a rounded extension, an acute angle or a length segment less than half width is encountered at (-400, 12850). This path will be written as a boundary record in the GDS file.
INFO (XSTRM-236): A path with a rounded extension, an acute angle or a length segment less than half width is encountered at (10000, 7850). This path will be written as a boundary record in the GDS file.
INFO (XSTRM-236): A path with a rounded extension, an acute angle or a length segment less than half width is encountered at (-400, 7850). This path will be written as a boundary record in the GDS file.
INFO (XSTRM-236): A path with a rounded extension, an acute angle or a length segment less than half width is encountered at (10000, 2850). This path will be written as a boundary record in the GDS file.
INFO (XSTRM-236): A path with a rounded extension, an acute angle or a length segment less than half width is encountered at (-400, 2850). This path will be written as a boundary record in the GDS file.
INFO (XSTRM-223): 865. Translating cellView PRIMLIB/cpolyc/layout as STRUCTURE cpolyc_CDNS_78117118713157.
INFO (XSTRM-223): 866. Translating cellView PRIMLIB/pmos4/layout as STRUCTURE pmos4_CDNS_78117118713158.
INFO (XSTRM-236): A path with a rounded extension, an acute angle or a length segment less than half width is encountered at (33350, 27850). This path will be written as a boundary record in the GDS file.
INFO (XSTRM-236): A path with a rounded extension, an acute angle or a length segment less than half width is encountered at (-400, 27850). This path will be written as a boundary record in the GDS file.
INFO (XSTRM-236): A path with a rounded extension, an acute angle or a length segment less than half width is encountered at (33350, 22850). This path will be written as a boundary record in the GDS file.
INFO (XSTRM-236): A path with a rounded extension, an acute angle or a length segment less than half width is encountered at (-400, 22850). This path will be written as a boundary record in the GDS file.
INFO (XSTRM-236): A path with a rounded extension, an acute angle or a length segment less than half width is encountered at (33350, 17850). This path will be written as a boundary record in the GDS file.
INFO (XSTRM-236): A path with a rounded extension, an acute angle or a length segment less than half width is encountered at (-400, 17850). This path will be written as a boundary record in the GDS file.
INFO (XSTRM-236): A path with a rounded extension, an acute angle or a length segment less than half width is encountered at (33350, 12850). This path will be written as a boundary record in the GDS file.
INFO (XSTRM-236): A path with a rounded extension, an acute angle or a length segment less than half width is encountered at (-400, 12850). This path will be written as a boundary record in the GDS file.
INFO (XSTRM-236): A path with a rounded extension, an acute angle or a length segment less than half width is encountered at (33350, 7850). This path will be written as a boundary record in the GDS file.
INFO (XSTRM-236): A path with a rounded extension, an acute angle or a length segment less than half width is encountered at (-400, 7850). This path will be written as a boundary record in the GDS file.
INFO (XSTRM-236): A path with a rounded extension, an acute angle or a length segment less than half width is encountered at (33350, 2850). This path will be written as a boundary record in the GDS file.
INFO (XSTRM-236): A path with a rounded extension, an acute angle or a length segment less than half width is encountered at (-400, 2850). This path will be written as a boundary record in the GDS file.
INFO (XSTRM-223): 867. Translating cellView PRIMLIB/pmos4/layout as STRUCTURE pmos4_CDNS_78117118713159.
INFO (XSTRM-236): A path with a rounded extension, an acute angle or a length segment less than half width is encountered at (25000, 10850). This path will be written as a boundary record in the GDS file.
INFO (XSTRM-236): A path with a rounded extension, an acute angle or a length segment less than half width is encountered at (-400, 10850). This path will be written as a boundary record in the GDS file.
INFO (XSTRM-223): 868. Translating cellView PRIMLIB/cpolyc/layout as STRUCTURE cpolyc_CDNS_78117118713160.
INFO (XSTRM-223): 869. Translating cellView PRIMLIB/rpolyhc/layout as STRUCTURE rpolyhc_CDNS_78117118713161.
INFO (XSTRM-223): 870. Translating cellView PRIMLIB/rpolyhc/layout as STRUCTURE rpolyhc_CDNS_78117118713162.
INFO (XSTRM-223): 871. Translating cellView PRIMLIB/rpolyhc/layout as STRUCTURE rpolyhc_CDNS_78117118713163.
INFO (XSTRM-223): 872. Translating cellView PRIMLIB/rpolyhc/layout as STRUCTURE rpolyhc_CDNS_78117118713164.
INFO (XSTRM-223): 873. Translating cellView YAOWEN/ia_new_f/layout as STRUCTURE ia_new_f.
INFO (XSTRM-223): 874. Translating stdVia TECH_C35B4/VIA2_C/layout as STRUCTURE VIA2_C_CDNS_78117118713598.
INFO (XSTRM-223): 875. Translating stdVia TECH_C35B4/P1_C/layout as STRUCTURE P1_C_CDNS_78117118713599.
INFO (XSTRM-223): 876. Translating stdVia TECH_C35B4/ND_C/layout as STRUCTURE ND_C_CDNS_78117118713600.
INFO (XSTRM-223): 877. Translating stdVia TECH_C35B4/VIA2_C/layout as STRUCTURE VIA2_C_CDNS_78117118713601.
INFO (XSTRM-223): 878. Translating stdVia TECH_C35B4/VIA2_C/layout as STRUCTURE VIA2_C_CDNS_78117118713602.
INFO (XSTRM-223): 879. Translating stdVia TECH_C35B4/VIA1_C/layout as STRUCTURE VIA1_C_CDNS_78117118713603.
INFO (XSTRM-223): 880. Translating stdVia TECH_C35B4/ND_C/layout as STRUCTURE ND_C_CDNS_78117118713604.
INFO (XSTRM-223): 881. Translating stdVia TECH_C35B4/VIA1_C/layout as STRUCTURE VIA1_C_CDNS_78117118713605.
INFO (XSTRM-223): 882. Translating stdVia TECH_C35B4/P2_C/layout as STRUCTURE P2_C_CDNS_78117118713606.
INFO (XSTRM-223): 883. Translating cellView PRIMLIB/nmos4/layout as STRUCTURE nmos4_CDNS_78117118713165.
INFO (XSTRM-236): A path with a rounded extension, an acute angle or a length segment less than half width is encountered at (5000, 31850). This path will be written as a boundary record in the GDS file.
INFO (XSTRM-236): A path with a rounded extension, an acute angle or a length segment less than half width is encountered at (-400, 31850). This path will be written as a boundary record in the GDS file.
INFO (XSTRM-236): A path with a rounded extension, an acute angle or a length segment less than half width is encountered at (5000, 22850). This path will be written as a boundary record in the GDS file.
INFO (XSTRM-236): A path with a rounded extension, an acute angle or a length segment less than half width is encountered at (-400, 22850). This path will be written as a boundary record in the GDS file.
INFO (XSTRM-236): A path with a rounded extension, an acute angle or a length segment less than half width is encountered at (5000, 13850). This path will be written as a boundary record in the GDS file.
INFO (XSTRM-236): A path with a rounded extension, an acute angle or a length segment less than half width is encountered at (-400, 13850). This path will be written as a boundary record in the GDS file.
INFO (XSTRM-236): A path with a rounded extension, an acute angle or a length segment less than half width is encountered at (5000, 4850). This path will be written as a boundary record in the GDS file.
INFO (XSTRM-236): A path with a rounded extension, an acute angle or a length segment less than half width is encountered at (-400, 4850). This path will be written as a boundary record in the GDS file.
INFO (XSTRM-223): 884. Translating cellView PRIMLIB/rpolyhc/layout as STRUCTURE rpolyhc_CDNS_78117118713166.
INFO (XSTRM-223): 885. Translating cellView PRIMLIB/cpolyc/layout as STRUCTURE cpolyc_CDNS_78117118713167.
INFO (XSTRM-223): 886. Translating cellView PRIMLIB/nmos4/layout as STRUCTURE nmos4_CDNS_78117118713168.
INFO (XSTRM-236): A path with a rounded extension, an acute angle or a length segment less than half width is encountered at (7500, 8350). This path will be written as a boundary record in the GDS file.
INFO (XSTRM-236): A path with a rounded extension, an acute angle or a length segment less than half width is encountered at (-400, 8350). This path will be written as a boundary record in the GDS file.
INFO (XSTRM-223): 887. Translating cellView PRIMLIB/pmos4/layout as STRUCTURE pmos4_CDNS_78117118713169.
INFO (XSTRM-236): A path with a rounded extension, an acute angle or a length segment less than half width is encountered at (10000, 2850). This path will be written as a boundary record in the GDS file.
INFO (XSTRM-236): A path with a rounded extension, an acute angle or a length segment less than half width is encountered at (-400, 2850). This path will be written as a boundary record in the GDS file.
INFO (XSTRM-223): 888. Translating cellView PRIMLIB/rpolyhc/layout as STRUCTURE rpolyhc_CDNS_78117118713170.
INFO (XSTRM-223): 889. Translating cellView PRIMLIB/cpolyc/layout as STRUCTURE cpolyc_CDNS_78117118713171.
INFO (XSTRM-223): 890. Translating cellView YAOWEN/mux21/layout as STRUCTURE mux21.
INFO (XSTRM-223): 891. Translating cellView YAOWEN/VGA_1/layout as STRUCTURE VGA_1.
INFO (XSTRM-223): 892. Translating cellView YAOWEN/ECG_Front_End/layout as STRUCTURE ECG_Front_End.
INFO (XSTRM-223): 893. Translating stdVia TECH_C35B4/VIA2_C/layout as STRUCTURE VIA2_C_CDNS_78117118713607.
INFO (XSTRM-223): 894. Translating stdVia TECH_C35B4/VIA2_C/layout as STRUCTURE VIA2_C_CDNS_78117118713608.
INFO (XSTRM-223): 895. Translating stdVia TECH_C35B4/VIA2_C/layout as STRUCTURE VIA2_C_CDNS_78117118713609.
INFO (XSTRM-223): 896. Translating stdVia TECH_C35B4/VIA1_C/layout as STRUCTURE VIA1_C_CDNS_78117118713610.
INFO (XSTRM-223): 897. Translating stdVia TECH_C35B4/P1_C/layout as STRUCTURE P1_C_CDNS_78117118713611.
INFO (XSTRM-223): 898. Translating stdVia TECH_C35B4/VIA1_C/layout as STRUCTURE VIA1_C_CDNS_78117118713612.
INFO (XSTRM-223): 899. Translating stdVia TECH_C35B4/VIA2_C/layout as STRUCTURE VIA2_C_CDNS_78117118713613.
INFO (XSTRM-223): 900. Translating stdVia TECH_C35B4/VIA1_C/layout as STRUCTURE VIA1_C_CDNS_78117118713614.
INFO (XSTRM-223): 901. Translating stdVia TECH_C35B4/VIA1_C/layout as STRUCTURE VIA1_C_CDNS_78117118713615.
INFO (XSTRM-223): 902. Translating stdVia TECH_C35B4/VIA2_C/layout as STRUCTURE VIA2_C_CDNS_78117118713616.
INFO (XSTRM-223): 903. Translating stdVia TECH_C35B4/VIA1_C/layout as STRUCTURE VIA1_C_CDNS_78117118713617.
INFO (XSTRM-223): 904. Translating stdVia TECH_C35B4/VIA2_C/layout as STRUCTURE VIA2_C_CDNS_78117118713618.
INFO (XSTRM-223): 905. Translating stdVia TECH_C35B4/VIA1_C/layout as STRUCTURE VIA1_C_CDNS_78117118713619.
INFO (XSTRM-223): 906. Translating stdVia TECH_C35B4/VIA1_C/layout as STRUCTURE VIA1_C_CDNS_78117118713620.
INFO (XSTRM-223): 907. Translating stdVia TECH_C35B4/VIA1_C/layout as STRUCTURE VIA1_C_CDNS_78117118713621.
INFO (XSTRM-223): 908. Translating stdVia TECH_C35B4/ND_C/layout as STRUCTURE ND_C_CDNS_78117118713622.
INFO (XSTRM-223): 909. Translating stdVia TECH_C35B4/P1_C/layout as STRUCTURE P1_C_CDNS_78117118713623.
INFO (XSTRM-223): 910. Translating stdVia TECH_C35B4/VIA2_C/layout as STRUCTURE VIA2_C_CDNS_78117118713624.
INFO (XSTRM-223): 911. Translating stdVia TECH_C35B4/ND_C/layout as STRUCTURE ND_C_CDNS_78117118713625.
INFO (XSTRM-223): 912. Translating stdVia TECH_C35B4/VIA1_C/layout as STRUCTURE VIA1_C_CDNS_78117118713626.
INFO (XSTRM-223): 913. Translating stdVia TECH_C35B4/VIA1_C/layout as STRUCTURE VIA1_C_CDNS_78117118713627.
INFO (XSTRM-223): 914. Translating stdVia TECH_C35B4/VIA1_C/layout as STRUCTURE VIA1_C_CDNS_78117118713628.
INFO (XSTRM-223): 915. Translating stdVia TECH_C35B4/PD_C/layout as STRUCTURE PD_C_CDNS_78117118713629.
INFO (XSTRM-223): 916. Translating stdVia TECH_C35B4/PD_C/layout as STRUCTURE PD_C_CDNS_78117118713630.
INFO (XSTRM-223): 917. Translating stdVia TECH_C35B4/PD_C/layout as STRUCTURE PD_C_CDNS_78117118713631.
INFO (XSTRM-223): 918. Translating stdVia TECH_C35B4/VIA2_C/layout as STRUCTURE VIA2_C_CDNS_78117118713632.
INFO (XSTRM-223): 919. Translating stdVia TECH_C35B4/VIA1_C/layout as STRUCTURE VIA1_C_CDNS_78117118713633.
INFO (XSTRM-223): 920. Translating cellView PRIMLIB/rpolyhc/layout as STRUCTURE rpolyhc_CDNS_78117118713172.
INFO (XSTRM-236): A path with a rounded extension, an acute angle or a length segment less than half width is encountered at (3850, 15600). This path will be written as a boundary record in the GDS file.
INFO (XSTRM-236): A path with a rounded extension, an acute angle or a length segment less than half width is encountered at (-600, 0). This path will be written as a boundary record in the GDS file.
INFO (XSTRM-223): 921. Translating cellView PRIMLIB/rpolyhc/layout as STRUCTURE rpolyhc_CDNS_78117118713173.
INFO (XSTRM-223): 922. Translating cellView PRIMLIB/nmos4/layout as STRUCTURE nmos4_CDNS_78117118713174.
INFO (XSTRM-236): A path with a rounded extension, an acute angle or a length segment less than half width is encountered at (10000, 10850). This path will be written as a boundary record in the GDS file.
INFO (XSTRM-236): A path with a rounded extension, an acute angle or a length segment less than half width is encountered at (-400, 10850). This path will be written as a boundary record in the GDS file.
INFO (XSTRM-223): 923. Translating cellView PRIMLIB/cpolyc/layout as STRUCTURE cpolyc_CDNS_78117118713175.
INFO (XSTRM-223): 924. Translating cellView PRIMLIB/cpolyc/layout as STRUCTURE cpolyc_CDNS_78117118713176.
INFO (XSTRM-223): 925. Translating cellView PRIMLIB/cpolyc/layout as STRUCTURE cpolyc_CDNS_78117118713177.
INFO (XSTRM-223): 926. Translating cellView PRIMLIB/cpolyc/layout as STRUCTURE cpolyc_CDNS_78117118713178.
INFO (XSTRM-223): 927. Translating cellView PRIMLIB/rpolyhc/layout as STRUCTURE rpolyhc_CDNS_78117118713179.
INFO (XSTRM-236): A path with a rounded extension, an acute angle or a length segment less than half width is encountered at (-600, 2200). This path will be written as a boundary record in the GDS file.
INFO (XSTRM-236): A path with a rounded extension, an acute angle or a length segment less than half width is encountered at (-600, 0). This path will be written as a boundary record in the GDS file.
INFO (XSTRM-223): 928. Translating stdVia TECH_C35B4/VIA1_C/layout as STRUCTURE VIA1_C_CDNS_78117118713634.
INFO (XSTRM-223): 929. Translating stdVia TECH_C35B4/P1_C/layout as STRUCTURE P1_C_CDNS_78117118713635.
INFO (XSTRM-223): 930. Translating stdVia TECH_C35B4/VIA1_C/layout as STRUCTURE VIA1_C_CDNS_78117118713636.
INFO (XSTRM-223): 931. Translating stdVia TECH_C35B4/VIA1_C/layout as STRUCTURE VIA1_C_CDNS_78117118713637.
INFO (XSTRM-223): 932. Translating stdVia TECH_C35B4/P1_C/layout as STRUCTURE P1_C_CDNS_78117118713638.
INFO (XSTRM-223): 933. Translating stdVia TECH_C35B4/P1_C/layout as STRUCTURE P1_C_CDNS_78117118713639.
INFO (XSTRM-223): 934. Translating stdVia TECH_C35B4/VIA1_C/layout as STRUCTURE VIA1_C_CDNS_78117118713640.
INFO (XSTRM-223): 935. Translating stdVia TECH_C35B4/ND_C/layout as STRUCTURE ND_C_CDNS_78117118713641.
INFO (XSTRM-223): 936. Translating stdVia TECH_C35B4/P1_C/layout as STRUCTURE P1_C_CDNS_78117118713642.
INFO (XSTRM-223): 937. Translating stdVia TECH_C35B4/ND_C/layout as STRUCTURE ND_C_CDNS_78117118713643.
INFO (XSTRM-223): 938. Translating cellView PRIMLIB/nmos4/layout as STRUCTURE nmos4_CDNS_78117118713180.
INFO (XSTRM-236): A path with a rounded extension, an acute angle or a length segment less than half width is encountered at (1000, 17850). This path will be written as a boundary record in the GDS file.
INFO (XSTRM-236): A path with a rounded extension, an acute angle or a length segment less than half width is encountered at (-400, 17850). This path will be written as a boundary record in the GDS file.
INFO (XSTRM-236): A path with a rounded extension, an acute angle or a length segment less than half width is encountered at (0, 17850). This path will be written as a boundary record in the GDS file.
INFO (XSTRM-236): A path with a rounded extension, an acute angle or a length segment less than half width is encountered at (1000, 12850). This path will be written as a boundary record in the GDS file.
INFO (XSTRM-236): A path with a rounded extension, an acute angle or a length segment less than half width is encountered at (-400, 12850). This path will be written as a boundary record in the GDS file.
INFO (XSTRM-236): A path with a rounded extension, an acute angle or a length segment less than half width is encountered at (0, 12850). This path will be written as a boundary record in the GDS file.
INFO (XSTRM-236): A path with a rounded extension, an acute angle or a length segment less than half width is encountered at (1000, 7850). This path will be written as a boundary record in the GDS file.
INFO (XSTRM-236): A path with a rounded extension, an acute angle or a length segment less than half width is encountered at (-400, 7850). This path will be written as a boundary record in the GDS file.
INFO (XSTRM-236): A path with a rounded extension, an acute angle or a length segment less than half width is encountered at (0, 7850). This path will be written as a boundary record in the GDS file.
INFO (XSTRM-236): A path with a rounded extension, an acute angle or a length segment less than half width is encountered at (1000, 2850). This path will be written as a boundary record in the GDS file.
INFO (XSTRM-236): A path with a rounded extension, an acute angle or a length segment less than half width is encountered at (-400, 2850). This path will be written as a boundary record in the GDS file.
INFO (XSTRM-236): A path with a rounded extension, an acute angle or a length segment less than half width is encountered at (0, 2850). This path will be written as a boundary record in the GDS file.
INFO (XSTRM-236): A path with a rounded extension, an acute angle or a length segment less than half width is encountered at (0, 17850). This path will be written as a boundary record in the GDS file.
INFO (XSTRM-236): A path with a rounded extension, an acute angle or a length segment less than half width is encountered at (0, 12850). This path will be written as a boundary record in the GDS file.
INFO (XSTRM-236): A path with a rounded extension, an acute angle or a length segment less than half width is encountered at (0, 7850). This path will be written as a boundary record in the GDS file.
INFO (XSTRM-236): A path with a rounded extension, an acute angle or a length segment less than half width is encountered at (0, 2850). This path will be written as a boundary record in the GDS file.
INFO (XSTRM-223): 939. Translating cellView PRIMLIB/rpolyhc/layout as STRUCTURE rpolyhc_CDNS_78117118713181.
INFO (XSTRM-223): 940. Translating cellView PRIMLIB/nmos4/layout as STRUCTURE nmos4_CDNS_78117118713182.
INFO (XSTRM-236): A path with a rounded extension, an acute angle or a length segment less than half width is encountered at (1000, 2850). This path will be written as a boundary record in the GDS file.
INFO (XSTRM-236): A path with a rounded extension, an acute angle or a length segment less than half width is encountered at (-400, 2850). This path will be written as a boundary record in the GDS file.
INFO (XSTRM-236): A path with a rounded extension, an acute angle or a length segment less than half width is encountered at (0, 2850). This path will be written as a boundary record in the GDS file.
INFO (XSTRM-236): A path with a rounded extension, an acute angle or a length segment less than half width is encountered at (0, 2850). This path will be written as a boundary record in the GDS file.
INFO (XSTRM-223): 941. Translating cellView PRIMLIB/pmos4/layout as STRUCTURE pmos4_CDNS_78117118713183.
INFO (XSTRM-236): A path with a rounded extension, an acute angle or a length segment less than half width is encountered at (2000, 5850). This path will be written as a boundary record in the GDS file.
INFO (XSTRM-236): A path with a rounded extension, an acute angle or a length segment less than half width is encountered at (-400, 5850). This path will be written as a boundary record in the GDS file.
INFO (XSTRM-236): A path with a rounded extension, an acute angle or a length segment less than half width is encountered at (0, 5850). This path will be written as a boundary record in the GDS file.
INFO (XSTRM-236): A path with a rounded extension, an acute angle or a length segment less than half width is encountered at (0, 5850). This path will be written as a boundary record in the GDS file.
INFO (XSTRM-223): 942. Translating cellView PRIMLIB/nmos4/layout as STRUCTURE nmos4_CDNS_78117118713184.
INFO (XSTRM-236): A path with a rounded extension, an acute angle or a length segment less than half width is encountered at (20000, 22850). This path will be written as a boundary record in the GDS file.
INFO (XSTRM-236): A path with a rounded extension, an acute angle or a length segment less than half width is encountered at (-400, 22850). This path will be written as a boundary record in the GDS file.
INFO (XSTRM-236): A path with a rounded extension, an acute angle or a length segment less than half width is encountered at (20000, 17850). This path will be written as a boundary record in the GDS file.
INFO (XSTRM-236): A path with a rounded extension, an acute angle or a length segment less than half width is encountered at (-400, 17850). This path will be written as a boundary record in the GDS file.
INFO (XSTRM-236): A path with a rounded extension, an acute angle or a length segment less than half width is encountered at (20000, 12850). This path will be written as a boundary record in the GDS file.
INFO (XSTRM-236): A path with a rounded extension, an acute angle or a length segment less than half width is encountered at (-400, 12850). This path will be written as a boundary record in the GDS file.
INFO (XSTRM-236): A path with a rounded extension, an acute angle or a length segment less than half width is encountered at (20000, 7850). This path will be written as a boundary record in the GDS file.
INFO (XSTRM-236): A path with a rounded extension, an acute angle or a length segment less than half width is encountered at (-400, 7850). This path will be written as a boundary record in the GDS file.
INFO (XSTRM-236): A path with a rounded extension, an acute angle or a length segment less than half width is encountered at (20000, 2850). This path will be written as a boundary record in the GDS file.
INFO (XSTRM-236): A path with a rounded extension, an acute angle or a length segment less than half width is encountered at (-400, 2850). This path will be written as a boundary record in the GDS file.
INFO (XSTRM-223): 943. Translating cellView Potentiostat_cpoly2/6_CA_Front_Layout/layout as STRUCTURE 6_CA_Front_Layout.
INFO (XSTRM-223): 944. Translating cellView Potentiostat_cpoly2/7_PTAT_Layout2/layout as STRUCTURE 7_PTAT_Layout2.
INFO (XSTRM-317): The 'Potentiostat_cpoly2/7_PTAT_Layout2/layout' has a pathSeg with diagonal orientation, or end style as custom or chamfer at (176850, 269225). This pathSeg will be translated as a boundary record in the GDS file during XStream Out.
INFO (XSTRM-223): 945. Translating stdVia TECH_C35B4/VIA1_C/layout as STRUCTURE VIA1_C_CDNS_78117118713644.
INFO (XSTRM-223): 946. Translating stdVia TECH_C35B4/VIA2_C/layout as STRUCTURE VIA2_C_CDNS_78117118713645.
INFO (XSTRM-223): 947. Translating stdVia TECH_C35B4/VIA2_C/layout as STRUCTURE VIA2_C_CDNS_78117118713646.
INFO (XSTRM-223): 948. Translating stdVia TECH_C35B4/VIA1_C/layout as STRUCTURE VIA1_C_CDNS_78117118713647.
INFO (XSTRM-223): 949. Translating stdVia TECH_C35B4/VIA2_C/layout as STRUCTURE VIA2_C_CDNS_78117118713648.
INFO (XSTRM-223): 950. Translating stdVia TECH_C35B4/VIA2_C/layout as STRUCTURE VIA2_C_CDNS_78117118713649.
INFO (XSTRM-223): 951. Translating stdVia TECH_C35B4/VIA2_C/layout as STRUCTURE VIA2_C_CDNS_78117118713650.
INFO (XSTRM-223): 952. Translating stdVia TECH_C35B4/VIA2_C/layout as STRUCTURE VIA2_C_CDNS_78117118713651.
INFO (XSTRM-223): 953. Translating stdVia TECH_C35B4/VIA1_C/layout as STRUCTURE VIA1_C_CDNS_78117118713652.
INFO (XSTRM-223): 954. Translating stdVia TECH_C35B4/VIA2_C/layout as STRUCTURE VIA2_C_CDNS_78117118713653.
INFO (XSTRM-223): 955. Translating stdVia TECH_C35B4/VIA2_C/layout as STRUCTURE VIA2_C_CDNS_78117118713654.
INFO (XSTRM-223): 956. Translating stdVia TECH_C35B4/VIA2_C/layout as STRUCTURE VIA2_C_CDNS_78117118713655.
INFO (XSTRM-223): 957. Translating stdVia TECH_C35B4/VIA2_C/layout as STRUCTURE VIA2_C_CDNS_78117118713656.
INFO (XSTRM-223): 958. Translating stdVia TECH_C35B4/VIA2_C/layout as STRUCTURE VIA2_C_CDNS_78117118713657.
INFO (XSTRM-223): 959. Translating stdVia TECH_C35B4/VIA2_C/layout as STRUCTURE VIA2_C_CDNS_78117118713658.
INFO (XSTRM-223): 960. Translating stdVia TECH_C35B4/VIA1_C/layout as STRUCTURE VIA1_C_CDNS_78117118713659.
INFO (XSTRM-223): 961. Translating stdVia TECH_C35B4/VIA1_C/layout as STRUCTURE VIA1_C_CDNS_78117118713660.
INFO (XSTRM-223): 962. Translating stdVia TECH_C35B4/VIA2_C/layout as STRUCTURE VIA2_C_CDNS_78117118713661.
INFO (XSTRM-223): 963. Translating stdVia TECH_C35B4/VIA2_C/layout as STRUCTURE VIA2_C_CDNS_78117118713662.
INFO (XSTRM-223): 964. Translating stdVia TECH_C35B4/P1_C/layout as STRUCTURE P1_C_CDNS_78117118713663.
INFO (XSTRM-223): 965. Translating stdVia TECH_C35B4/VIA1_C/layout as STRUCTURE VIA1_C_CDNS_78117118713664.
INFO (XSTRM-223): 966. Translating stdVia TECH_C35B4/P1_C/layout as STRUCTURE P1_C_CDNS_78117118713665.
INFO (XSTRM-223): 967. Translating stdVia TECH_C35B4/VIA2_C/layout as STRUCTURE VIA2_C_CDNS_78117118713666.
INFO (XSTRM-223): 968. Translating stdVia TECH_C35B4/VIA1_C/layout as STRUCTURE VIA1_C_CDNS_78117118713667.
INFO (XSTRM-223): 969. Translating stdVia TECH_C35B4/VIA2_C/layout as STRUCTURE VIA2_C_CDNS_78117118713668.
INFO (XSTRM-223): 970. Translating stdVia TECH_C35B4/VIA1_C/layout as STRUCTURE VIA1_C_CDNS_78117118713669.
INFO (XSTRM-223): 971. Translating stdVia TECH_C35B4/VIA1_C/layout as STRUCTURE VIA1_C_CDNS_78117118713670.
INFO (XSTRM-223): 972. Translating stdVia TECH_C35B4/VIA1_C/layout as STRUCTURE VIA1_C_CDNS_78117118713671.
INFO (XSTRM-223): 973. Translating stdVia TECH_C35B4/VIA1_C/layout as STRUCTURE VIA1_C_CDNS_78117118713672.
INFO (XSTRM-223): 974. Translating stdVia TECH_C35B4/VIA1_C/layout as STRUCTURE VIA1_C_CDNS_78117118713673.
INFO (XSTRM-223): 975. Translating stdVia TECH_C35B4/VIA1_C/layout as STRUCTURE VIA1_C_CDNS_78117118713674.
INFO (XSTRM-223): 976. Translating stdVia TECH_C35B4/ND_C/layout as STRUCTURE ND_C_CDNS_78117118713675.
INFO (XSTRM-223): 977. Translating stdVia TECH_C35B4/VIA1_C/layout as STRUCTURE VIA1_C_CDNS_78117118713676.
INFO (XSTRM-223): 978. Translating stdVia TECH_C35B4/VIA1_C/layout as STRUCTURE VIA1_C_CDNS_78117118713677.
INFO (XSTRM-223): 979. Translating stdVia TECH_C35B4/P1_C/layout as STRUCTURE P1_C_CDNS_78117118713678.
INFO (XSTRM-223): 980. Translating stdVia TECH_C35B4/PD_C/layout as STRUCTURE PD_C_CDNS_78117118713679.
INFO (XSTRM-223): 981. Translating stdVia TECH_C35B4/VIA1_C/layout as STRUCTURE VIA1_C_CDNS_78117118713680.
INFO (XSTRM-223): 982. Translating stdVia TECH_C35B4/VIA1_C/layout as STRUCTURE VIA1_C_CDNS_78117118713681.
INFO (XSTRM-223): 983. Translating stdVia TECH_C35B4/P1_C/layout as STRUCTURE P1_C_CDNS_78117118713682.
INFO (XSTRM-223): 984. Translating stdVia TECH_C35B4/VIA2_C/layout as STRUCTURE VIA2_C_CDNS_78117118713683.
INFO (XSTRM-223): 985. Translating stdVia TECH_C35B4/VIA2_C/layout as STRUCTURE VIA2_C_CDNS_78117118713684.
INFO (XSTRM-223): 986. Translating stdVia TECH_C35B4/VIA1_C/layout as STRUCTURE VIA1_C_CDNS_78117118713685.
INFO (XSTRM-223): 987. Translating stdVia TECH_C35B4/VIA2_C/layout as STRUCTURE VIA2_C_CDNS_78117118713686.
INFO (XSTRM-223): 988. Translating cellView PRIMLIB/cpolyc/layout as STRUCTURE cpolyc_CDNS_78117118713185.
INFO (XSTRM-223): 989. Translating cellView PRIMLIB/cpolyc/layout as STRUCTURE cpolyc_CDNS_78117118713186.
INFO (XSTRM-223): 990. Translating cellView PRIMLIB/nmos4/layout as STRUCTURE nmos4_CDNS_78117118713187.
INFO (XSTRM-236): A path with a rounded extension, an acute angle or a length segment less than half width is encountered at (10000, 28850). This path will be written as a boundary record in the GDS file.
INFO (XSTRM-236): A path with a rounded extension, an acute angle or a length segment less than half width is encountered at (-400, 28850). This path will be written as a boundary record in the GDS file.
INFO (XSTRM-236): A path with a rounded extension, an acute angle or a length segment less than half width is encountered at (10000, 25850). This path will be written as a boundary record in the GDS file.
INFO (XSTRM-236): A path with a rounded extension, an acute angle or a length segment less than half width is encountered at (-400, 25850). This path will be written as a boundary record in the GDS file.
INFO (XSTRM-236): A path with a rounded extension, an acute angle or a length segment less than half width is encountered at (10000, 22850). This path will be written as a boundary record in the GDS file.
INFO (XSTRM-236): A path with a rounded extension, an acute angle or a length segment less than half width is encountered at (-400, 22850). This path will be written as a boundary record in the GDS file.
INFO (XSTRM-236): A path with a rounded extension, an acute angle or a length segment less than half width is encountered at (10000, 19850). This path will be written as a boundary record in the GDS file.
INFO (XSTRM-236): A path with a rounded extension, an acute angle or a length segment less than half width is encountered at (-400, 19850). This path will be written as a boundary record in the GDS file.
INFO (XSTRM-236): A path with a rounded extension, an acute angle or a length segment less than half width is encountered at (10000, 16850). This path will be written as a boundary record in the GDS file.
INFO (XSTRM-236): A path with a rounded extension, an acute angle or a length segment less than half width is encountered at (-400, 16850). This path will be written as a boundary record in the GDS file.
INFO (XSTRM-236): A path with a rounded extension, an acute angle or a length segment less than half width is encountered at (10000, 13850). This path will be written as a boundary record in the GDS file.
INFO (XSTRM-236): A path with a rounded extension, an acute angle or a length segment less than half width is encountered at (-400, 13850). This path will be written as a boundary record in the GDS file.
INFO (XSTRM-236): A path with a rounded extension, an acute angle or a length segment less than half width is encountered at (10000, 10850). This path will be written as a boundary record in the GDS file.
INFO (XSTRM-236): A path with a rounded extension, an acute angle or a length segment less than half width is encountered at (-400, 10850). This path will be written as a boundary record in the GDS file.
INFO (XSTRM-236): A path with a rounded extension, an acute angle or a length segment less than half width is encountered at (10000, 7850). This path will be written as a boundary record in the GDS file.
INFO (XSTRM-236): A path with a rounded extension, an acute angle or a length segment less than half width is encountered at (-400, 7850). This path will be written as a boundary record in the GDS file.
INFO (XSTRM-236): A path with a rounded extension, an acute angle or a length segment less than half width is encountered at (10000, 4850). This path will be written as a boundary record in the GDS file.
INFO (XSTRM-236): A path with a rounded extension, an acute angle or a length segment less than half width is encountered at (-400, 4850). This path will be written as a boundary record in the GDS file.
INFO (XSTRM-236): A path with a rounded extension, an acute angle or a length segment less than half width is encountered at (10000, 1850). This path will be written as a boundary record in the GDS file.
INFO (XSTRM-236): A path with a rounded extension, an acute angle or a length segment less than half width is encountered at (-400, 1850). This path will be written as a boundary record in the GDS file.
INFO (XSTRM-223): 991. Translating cellView PRIMLIB/rpolyhc/layout as STRUCTURE rpolyhc_CDNS_78117118713188.
INFO (XSTRM-223): 992. Translating cellView Potentiostat_cpoly2/6_TIA_Front_Layout/layout as STRUCTURE 6_TIA_Front_Layout.
INFO (XSTRM-223): 993. Translating stdVia TECH_C35B4/VIA1_C/layout as STRUCTURE VIA1_C_CDNS_78117118713687.
INFO (XSTRM-223): 994. Translating stdVia TECH_C35B4/VIA1_C/layout as STRUCTURE VIA1_C_CDNS_78117118713688.
INFO (XSTRM-223): 995. Translating stdVia TECH_C35B4/VIA1_C/layout as STRUCTURE VIA1_C_CDNS_78117118713689.
INFO (XSTRM-223): 996. Translating stdVia TECH_C35B4/VIA1_C/layout as STRUCTURE VIA1_C_CDNS_78117118713690.
INFO (XSTRM-223): 997. Translating cellView PRIMLIB/rpolyhc/layout as STRUCTURE rpolyhc_CDNS_78117118713189.
INFO (XSTRM-236): A path with a rounded extension, an acute angle or a length segment less than half width is encountered at (44750, 15600). This path will be written as a boundary record in the GDS file.
INFO (XSTRM-236): A path with a rounded extension, an acute angle or a length segment less than half width is encountered at (-600, 0). This path will be written as a boundary record in the GDS file.
INFO (XSTRM-223): 998. Translating cellView PRIMLIB/rpolyhc/layout as STRUCTURE rpolyhc_CDNS_78117118713190.
INFO (XSTRM-236): A path with a rounded extension, an acute angle or a length segment less than half width is encountered at (12950, 15600). This path will be written as a boundary record in the GDS file.
INFO (XSTRM-236): A path with a rounded extension, an acute angle or a length segment less than half width is encountered at (-600, 0). This path will be written as a boundary record in the GDS file.
INFO (XSTRM-223): 999. Translating stdVia TECH_C35B4/PD_C/layout as STRUCTURE PD_C_CDNS_78117118713691.
INFO (XSTRM-223): 1000. Translating cellView PRIMLIB/nmos4/layout as STRUCTURE nmos4_CDNS_78117118713191.
INFO (XSTRM-223): 1001. Translating cellView PRIMLIB/pmos4/layout as STRUCTURE pmos4_CDNS_78117118713192.
INFO (XSTRM-223): 1002. Translating cellView Potentiostat_cpoly2/Inverter/layout as STRUCTURE Inverter.
INFO (XSTRM-223): 1003. Translating cellView PRIMLIB/nmos4/layout as STRUCTURE nmos4_CDNS_78117118713193.
INFO (XSTRM-236): A path with a rounded extension, an acute angle or a length segment less than half width is encountered at (5000, 3350). This path will be written as a boundary record in the GDS file.
INFO (XSTRM-236): A path with a rounded extension, an acute angle or a length segment less than half width is encountered at (-400, 3350). This path will be written as a boundary record in the GDS file.
INFO (XSTRM-236): A path with a rounded extension, an acute angle or a length segment less than half width is encountered at (5000, 1350). This path will be written as a boundary record in the GDS file.
INFO (XSTRM-236): A path with a rounded extension, an acute angle or a length segment less than half width is encountered at (-400, 1350). This path will be written as a boundary record in the GDS file.
INFO (XSTRM-223): 1004. Translating cellView Potentiostat_cpoly2/6_Resnet/layout as STRUCTURE 6_Resnet.
INFO (XSTRM-223): 1005. Translating stdVia TECH_C35B4/P1_C/layout as STRUCTURE P1_C_CDNS_78117118713692.
INFO (XSTRM-223): 1006. Translating stdVia TECH_C35B4/VIA1_C/layout as STRUCTURE VIA1_C_CDNS_78117118713693.
INFO (XSTRM-223): 1007. Translating stdVia TECH_C35B4/P1_C/layout as STRUCTURE P1_C_CDNS_78117118713694.
INFO (XSTRM-223): 1008. Translating stdVia TECH_C35B4/PD_C/layout as STRUCTURE PD_C_CDNS_78117118713695.
INFO (XSTRM-223): 1009. Translating stdVia TECH_C35B4/ND_C/layout as STRUCTURE ND_C_CDNS_78117118713696.
INFO (XSTRM-223): 1010. Translating stdVia TECH_C35B4/ND_C/layout as STRUCTURE ND_C_CDNS_78117118713697.
INFO (XSTRM-223): 1011. Translating cellView PRIMLIB/pmos4/layout as STRUCTURE pmos4_CDNS_78117118713194.
INFO (XSTRM-236): A path with a rounded extension, an acute angle or a length segment less than half width is encountered at (3000, 16850). This path will be written as a boundary record in the GDS file.
INFO (XSTRM-236): A path with a rounded extension, an acute angle or a length segment less than half width is encountered at (-400, 16850). This path will be written as a boundary record in the GDS file.
INFO (XSTRM-236): A path with a rounded extension, an acute angle or a length segment less than half width is encountered at (0, 16850). This path will be written as a boundary record in the GDS file.
INFO (XSTRM-236): A path with a rounded extension, an acute angle or a length segment less than half width is encountered at (3000, 5850). This path will be written as a boundary record in the GDS file.
INFO (XSTRM-236): A path with a rounded extension, an acute angle or a length segment less than half width is encountered at (-400, 5850). This path will be written as a boundary record in the GDS file.
INFO (XSTRM-236): A path with a rounded extension, an acute angle or a length segment less than half width is encountered at (0, 5850). This path will be written as a boundary record in the GDS file.
INFO (XSTRM-236): A path with a rounded extension, an acute angle or a length segment less than half width is encountered at (0, 16850). This path will be written as a boundary record in the GDS file.
INFO (XSTRM-236): A path with a rounded extension, an acute angle or a length segment less than half width is encountered at (0, 5850). This path will be written as a boundary record in the GDS file.
INFO (XSTRM-223): 1012. Translating cellView PRIMLIB/nmos4/layout as STRUCTURE nmos4_CDNS_78117118713195.
INFO (XSTRM-236): A path with a rounded extension, an acute angle or a length segment less than half width is encountered at (5000, 3350). This path will be written as a boundary record in the GDS file.
INFO (XSTRM-236): A path with a rounded extension, an acute angle or a length segment less than half width is encountered at (-400, 3350). This path will be written as a boundary record in the GDS file.
INFO (XSTRM-236): A path with a rounded extension, an acute angle or a length segment less than half width is encountered at (5000, 1350). This path will be written as a boundary record in the GDS file.
INFO (XSTRM-236): A path with a rounded extension, an acute angle or a length segment less than half width is encountered at (-400, 1350). This path will be written as a boundary record in the GDS file.
INFO (XSTRM-223): 1013. Translating cellView PRIMLIB/pmos4/layout as STRUCTURE pmos4_CDNS_78117118713196.
INFO (XSTRM-236): A path with a rounded extension, an acute angle or a length segment less than half width is encountered at (3000, 5850). This path will be written as a boundary record in the GDS file.
INFO (XSTRM-236): A path with a rounded extension, an acute angle or a length segment less than half width is encountered at (-400, 5850). This path will be written as a boundary record in the GDS file.
INFO (XSTRM-236): A path with a rounded extension, an acute angle or a length segment less than half width is encountered at (0, 5850). This path will be written as a boundary record in the GDS file.
INFO (XSTRM-236): A path with a rounded extension, an acute angle or a length segment less than half width is encountered at (0, 5850). This path will be written as a boundary record in the GDS file.
INFO (XSTRM-223): 1014. Translating cellView Potentiostat_cpoly2/7_Calibration_current/layout as STRUCTURE 7_Calibration_current.
INFO (XSTRM-223): 1015. Translating cellView PRIMLIB/cpolyc/layout as STRUCTURE cpolyc_CDNS_78117118713197.
INFO (XSTRM-223): 1016. Translating cellView PRIMLIB/cpolyc/layout as STRUCTURE cpolyc_CDNS_78117118713198.
INFO (XSTRM-223): 1017. Translating cellView PRIMLIB/cpolyc/layout as STRUCTURE cpolyc_CDNS_78117118713199.
INFO (XSTRM-223): 1018. Translating stdVia TECH_C35B4/VIA1_C/layout as STRUCTURE VIA1_C_CDNS_78117118713698.
INFO (XSTRM-223): 1019. Translating stdVia TECH_C35B4/P1_C/layout as STRUCTURE P1_C_CDNS_78117118713699.
INFO (XSTRM-223): 1020. Translating stdVia TECH_C35B4/P1_C/layout as STRUCTURE P1_C_CDNS_78117118713700.
INFO (XSTRM-223): 1021. Translating stdVia TECH_C35B4/P1_C/layout as STRUCTURE P1_C_CDNS_78117118713701.
INFO (XSTRM-223): 1022. Translating stdVia TECH_C35B4/P1_C/layout as STRUCTURE P1_C_CDNS_78117118713702.
INFO (XSTRM-223): 1023. Translating stdVia TECH_C35B4/PD_C/layout as STRUCTURE PD_C_CDNS_78117118713703.
INFO (XSTRM-223): 1024. Translating cellView PRIMLIB/pmos4/layout as STRUCTURE pmos4_CDNS_78117118713200.
INFO (XSTRM-236): A path with a rounded extension, an acute angle or a length segment less than half width is encountered at (10000, 7350). This path will be written as a boundary record in the GDS file.
INFO (XSTRM-236): A path with a rounded extension, an acute angle or a length segment less than half width is encountered at (-400, 7350). This path will be written as a boundary record in the GDS file.
INFO (XSTRM-236): A path with a rounded extension, an acute angle or a length segment less than half width is encountered at (10000, 5350). This path will be written as a boundary record in the GDS file.
INFO (XSTRM-236): A path with a rounded extension, an acute angle or a length segment less than half width is encountered at (-400, 5350). This path will be written as a boundary record in the GDS file.
INFO (XSTRM-236): A path with a rounded extension, an acute angle or a length segment less than half width is encountered at (10000, 3350). This path will be written as a boundary record in the GDS file.
INFO (XSTRM-236): A path with a rounded extension, an acute angle or a length segment less than half width is encountered at (-400, 3350). This path will be written as a boundary record in the GDS file.
INFO (XSTRM-236): A path with a rounded extension, an acute angle or a length segment less than half width is encountered at (10000, 1350). This path will be written as a boundary record in the GDS file.
INFO (XSTRM-236): A path with a rounded extension, an acute angle or a length segment less than half width is encountered at (-400, 1350). This path will be written as a boundary record in the GDS file.
INFO (XSTRM-223): 1025. Translating cellView Potentiostat_cpoly2/7_MUX21/layout as STRUCTURE 7_MUX21.
INFO (XSTRM-223): 1026. Translating cellView Potentiostat_cpoly2/8_CA_TIA_Front_calib/layout as STRUCTURE 8_CA_TIA_Front_calib.
INFO (XSTRM-223): 1027. Translating cellView Potentiostat_cpoly2/8_Poten_PTAT2/layout as STRUCTURE 8_Poten_PTAT2.
INFO (XSTRM-223): 1028. Translating cellView VT26_TOP/topsyhb/layout as STRUCTURE topsyhb.
INFO (XSTRM-223): 1029. Translating cellView VT26_TOP/logo_kth/layout as STRUCTURE logo_kth.
INFO (XSTRM-223): 1030. Translating cellView VT26_IO_RING/SCRIBE_VT26/layout as STRUCTURE SCRIBE_VT26.
INFO (XSTRM-223): 1031. Translating cellView VT26_TOP/top_IL2244_VT26/layout as STRUCTURE top_IL2244_VT26.

Summary of Objects Translated:
	Scalar Instances:                       5212
	Array Instances:                        226
	Polygons:                               3718
	Paths:                                  7176
	Rectangles:                             538389
	Lines:                                  0
	Arcs:                                   0
	Donuts:                                 0
	Dots:                                   0
	Ellipses:                               0
	Boundaries:                             0
	Area Blockages:                         0
	Layer Blockages:                        0
	Area Halos:                             0
	Markers:                                0
	Rows:                                   0
	Standard Vias                           16297
	Custom Vias:                            988
	CdsGen Vias:                            0
	Pathsegs:                               17989
	Text:                                   1832
	TextDisplay:                            7
	Cells:                                  1031

Elapsed Time: 0.8s   User Time: 0.5s   CPU Time: 0.2s   Peak VM: 144264KB
INFO (XSTRM-234): Translation completed. '0' error(s) and '13' warning(s) found.
