================================================================================
Rule No. 44 : # INFO: Set -resimulate_extracted- Switch for QRC! #

Real Error Count : 449; Flat Error Count : 3527
================================================================================

--------------------------------------------------------------------------------
Cell Name : G26_1_2_5300_0_r270 sub_array

                   Cell Errors    Real Errors   Cell Placements     Environments
                             1              1                60                1
--------------------------------------------------------------------------------
Env.  Env. Placements            X1           Y1          X2           Y2

  1       60               1665.050      342.000    1677.450      354.400

Shape               Environments Status & Error Marker 

          1           X1         Y1         X2         Y2

   1      X       -1.200    -11.200     11.200      1.200

--------------------------------------------------------------------------------
Cell Name : G106_1_7_3250_0_my sub_array

                   Cell Errors    Real Errors   Cell Placements     Environments
                             1              1                45                1
--------------------------------------------------------------------------------
Env.  Env. Placements            X1           Y1          X2           Y2

  1       45               1165.100     2014.150    1187.400     2036.350

Shape               Environments Status & Error Marker 

          1           X1         Y1         X2         Y2

   1      X       -2.400     -0.250     19.900     21.950

--------------------------------------------------------------------------------
Cell Name : G134_1_2_7300_0_r90 sub_array

                   Cell Errors    Real Errors   Cell Placements     Environments
                             1              1                80                1
--------------------------------------------------------------------------------
Env.  Env. Placements            X1           Y1          X2           Y2

  1       80               2256.175      328.575    2272.575      335.975

Shape               Environments Status & Error Marker 

          1           X1         Y1         X2         Y2

   1      X       -7.900     -1.200      8.500      6.200

--------------------------------------------------------------------------------
Cell Name : G26_1_2_5300_0_r270_A3 array 3 10 5.3 18 r270

                   Cell Errors    Real Errors   Cell Placements     Environments
                             2              2                 4                1
--------------------------------------------------------------------------------
Env.  Env. Placements            X1           Y1          X2           Y2

  1        4               1665.050      342.000    1719.850      390.400

Shape               Environments Status & Error Marker 

          1           X1         Y1         X2         Y2

   1      X       -1.200      1.200     53.600      6.800
   2      X       -1.200     19.200     53.600     24.800

--------------------------------------------------------------------------------
Cell Name : G106_1_7_3250_0_r0 sub_array

                   Cell Errors    Real Errors   Cell Placements     Environments
                             1              1                90                1
--------------------------------------------------------------------------------
Env.  Env. Placements            X1           Y1          X2           Y2

  1       90                624.650      554.000     646.950      576.200

Shape               Environments Status & Error Marker 

          1           X1         Y1         X2         Y2

   1      X       -0.400     -0.250     21.900     21.950

--------------------------------------------------------------------------------
Cell Name : vert10_4 layout PRIMLIB

                   Cell Errors    Real Errors   Cell Placements     Environments
                             1              1               112                1
--------------------------------------------------------------------------------
Env.  Env. Placements            X1           Y1          X2           Y2

  1      112               1105.300     1199.000    1122.100     1215.800

Shape               Environments Status & Error Marker 

          1           X1         Y1         X2         Y2

   1      X        0.000      0.000     16.800     16.800

--------------------------------------------------------------------------------
Cell Name : pmos4 layout PRIMLIB l="15u" in1=MP428029

                   Cell Errors    Real Errors   Cell Placements     Environments
                             1              1               208                1
--------------------------------------------------------------------------------
Env.  Env. Placements            X1           Y1          X2           Y2

  1      208               1509.625      853.175    1528.725      865.575

Shape               Environments Status & Error Marker 

          1           X1         Y1         X2         Y2

   1      X       -1.200     -1.200     11.200     17.900

--------------------------------------------------------------------------------
Cell Name : cvar layout PRIMLIB col=10 row=15 in1=C128529

                   Cell Errors    Real Errors   Cell Placements     Environments
                             1              1                17                1
--------------------------------------------------------------------------------
Env.  Env. Placements            X1           Y1          X2           Y2

  1       17               1717.175     1652.250    1739.275     1776.750

Shape               Environments Status & Error Marker 

          1           X1         Y1         X2         Y2

   1      X       -2.275     -1.550     19.825    122.950

--------------------------------------------------------------------------------
Cell Name : pmos4 layout PRIMLIB l="3u" in1=MP528329

                   Cell Errors    Real Errors   Cell Placements     Environments
                             1              1                46                1
--------------------------------------------------------------------------------
Env.  Env. Placements            X1           Y1          X2           Y2

  1       46               1659.750      342.000    1666.850      354.400

Shape               Environments Status & Error Marker 

          1           X1         Y1         X2         Y2

   1      X       -1.200     -1.200     11.200      5.900

--------------------------------------------------------------------------------
Cell Name : pmos4 layout PRIMLIB l="350n" w="5u" wtot="5u" in1=MP128729

                   Cell Errors    Real Errors   Cell Placements     Environments
                             1              1                80                1
--------------------------------------------------------------------------------
Env.  Env. Placements            X1           Y1          X2           Y2

  1       80               1602.825      330.825    1607.275      338.225

Shape               Environments Status & Error Marker 

          1           X1         Y1         X2         Y2

   1      X       -1.200     -1.200      6.200      3.250

--------------------------------------------------------------------------------
Cell Name : nmos4 layout PRIMLIB l="1u" w="5u" wtot="5u" in1=MN628129

                   Cell Errors    Real Errors   Cell Placements     Environments
                             1              1               104                1
--------------------------------------------------------------------------------
Env.  Env. Placements            X1           Y1          X2           Y2

  1      104               1676.575      300.800    1679.775      306.600

Shape               Environments Status & Error Marker 

          1           X1         Y1         X2         Y2

   1      X       -0.400     -0.250      5.400      2.950

--------------------------------------------------------------------------------
Cell Name : nmos4 layout PRIMLIB l="4u" w="4u" wtot="4u" in1=MN8

                   Cell Errors    Real Errors   Cell Placements     Environments
                             1              1                 8                1
--------------------------------------------------------------------------------
Env.  Env. Placements            X1           Y1          X2           Y2

  1        8               1614.050      297.800    1620.250      302.600

Shape               Environments Status & Error Marker 

          1           X1         Y1         X2         Y2

   1      X       -0.400     -0.250      4.400      5.950

--------------------------------------------------------------------------------
Cell Name : nmos4 layout PRIMLIB l="1u" ng="2" wtot="20u" in1=MN9

                   Cell Errors    Real Errors   Cell Placements     Environments
                             1              1                 8                1
--------------------------------------------------------------------------------
Env.  Env. Placements            X1           Y1          X2           Y2

  1        8               1596.000      300.950    1601.200      312.350

Shape               Environments Status & Error Marker 

          1           X1         Y1         X2         Y2

   1      X       -0.700     -0.250     10.700      4.950

--------------------------------------------------------------------------------
Cell Name : avPart2

                   Cell Errors    Real Errors   Cell Placements     Environments
                             1              1                84                1
--------------------------------------------------------------------------------
Env.  Env. Placements            X1           Y1          X2           Y2

  1       84                980.525      338.700    1010.925      351.100

Shape               Environments Status & Error Marker 

          1           X1         Y1         X2         Y2

   1      X       -1.200     -1.200     11.200     29.200

--------------------------------------------------------------------------------
Cell Name : avPart1

                   Cell Errors    Real Errors   Cell Placements     Environments
                             1              1                78                1
--------------------------------------------------------------------------------
Env.  Env. Placements            X1           Y1          X2           Y2

  1       78               1060.775     1341.150    1087.175     1348.550

Shape               Environments Status & Error Marker 

          1           X1         Y1         X2         Y2

   1      X       -1.200    -13.500      6.200     12.900

--------------------------------------------------------------------------------
Cell Name : vert10_4_A10 array 7 9 16.9 18.7 mx

                   Cell Errors    Real Errors   Cell Placements     Environments
                             9              9                 1                1
--------------------------------------------------------------------------------
Env.  Env. Placements            X1           Y1          X2           Y2

  1        1               1425.625     1762.050    1577.625     1891.050

Shape               Environments Status & Error Marker 

          1           X1         Y1         X2         Y2

   1      X        0.000    -16.800     33.700    112.200
   2      X       16.900    -16.800     50.700    112.200
   3      X       16.900     18.700     33.700     20.600
   4      X       50.700    -16.800     84.400    112.200
   5      X       67.600    -16.800    101.400    112.200
   6      X       67.600     18.700     84.400     20.600
   7      X      101.400    -16.800    135.100    112.200
   8      X      118.300    -16.800    152.000    112.200
   9      X      118.300     18.700    135.100     20.600

--------------------------------------------------------------------------------
Cell Name : cvar_A9 array 1 6 23.15 0 my

                   Cell Errors    Real Errors   Cell Placements     Environments
                             5              5                 1                1
--------------------------------------------------------------------------------
Env.  Env. Placements            X1           Y1          X2           Y2

  1        1               1717.175     1652.250    1855.025     1776.750

Shape               Environments Status & Error Marker 

          1           X1         Y1         X2         Y2

   1      X        2.275     -1.550      3.325    122.950
   2      X       25.425     -1.550     26.475    122.950
   3      X       48.575     -1.550     49.625    122.950
   4      X       71.725     -1.550     72.775    122.950
   5      X       94.875     -1.550     95.925    122.950

--------------------------------------------------------------------------------
Cell Name : cvar_A8 array 11 1 0 23.15 r270

                   Cell Errors    Real Errors   Cell Placements     Environments
                            10             10                 1                1
--------------------------------------------------------------------------------
Env.  Env. Placements            X1           Y1          X2           Y2

  1        1               2015.475     1646.300    2139.975     1899.900

Shape               Environments Status & Error Marker 

          1           X1         Y1         X2         Y2

   1      X       -1.550      2.275    122.950      3.325
   2      X       -1.550     25.425    122.950     26.475
   3      X       -1.550     48.575    122.950     49.625
   4      X       -1.550     71.725    122.950     72.775
   5      X       -1.550     94.875    122.950     95.925
   6      X       -1.550    118.025    122.950    119.075
   7      X       -1.550    141.175    122.950    142.225
   8      X       -1.550    164.325    122.950    165.375
   9      X       -1.550    187.475    122.950    188.525
  10      X       -1.550    210.625    122.950    211.675

--------------------------------------------------------------------------------
Cell Name : vert10_4_A7 array 3 7 17.4 19.4 r0

                   Cell Errors    Real Errors   Cell Placements     Environments
                             3              3                 2                1
--------------------------------------------------------------------------------
Env.  Env. Placements            X1           Y1          X2           Y2

  1        2               1105.300     1216.400    1226.500     1272.000

Shape               Environments Status & Error Marker 

          1           X1         Y1         X2         Y2

   1      X        0.000      0.000     69.000     55.600
   2      X       52.200     36.200     69.000     38.800
   3      X       69.000      0.000    121.200     55.600

--------------------------------------------------------------------------------
Cell Name : G106_1_7_3250_0_r0_A6 array 5 21 3.25 24.8 r0

                   Cell Errors    Real Errors   Cell Placements     Environments
                             3              3                 3                1
--------------------------------------------------------------------------------
Env.  Env. Placements            X1           Y1          X2           Y2

  1        3               1255.750     2014.150    1323.550     2135.550

Shape               Environments Status & Error Marker 

          1           X1         Y1         X2         Y2

   1      X       -0.400     -0.250     67.400     96.350
   2      X       -0.400     96.350     67.400    121.150
   3      X       44.650     74.150     45.100     96.350

--------------------------------------------------------------------------------
Cell Name : G106_1_7_3250_0_my_A5 array 5 21 3.25 24.8 my

                   Cell Errors    Real Errors   Cell Placements     Environments
                             3              3                 3                1
--------------------------------------------------------------------------------
Env.  Env. Placements            X1           Y1          X2           Y2

  1        3               1165.100     2014.150    1232.900     2135.550

Shape               Environments Status & Error Marker 

          1           X1         Y1         X2         Y2

   1      X       -2.400     -0.250     65.400     96.350
   2      X       -2.400     96.350     65.400    121.150
   3      X       42.650     74.150     43.100     96.350

--------------------------------------------------------------------------------
Cell Name : G134_1_2_7300_0_r90_A4 array 10 16 7.3 14.3 r90

                   Cell Errors    Real Errors   Cell Placements     Environments
                             9              9                 1                1
--------------------------------------------------------------------------------
Env.  Env. Placements            X1           Y1          X2           Y2

  1        1               2256.175      328.575    2374.775      464.675

Shape               Environments Status & Error Marker 

          1           X1         Y1         X2         Y2

   1      X       -7.900      6.200    110.700     13.100
   2      X       -7.900     20.500    110.700     27.400
   3      X       -7.900     34.800    110.700     41.700
   4      X       -7.900     49.100    110.700     56.000
   5      X       -7.900     63.400    110.700     70.300
   6      X       -7.900     77.700    110.700     84.600
   7      X       -7.900     92.000    110.700     98.900
   8      X       -7.900    106.300    110.700    113.200
   9      X       -7.900    120.600    110.700    127.500

--------------------------------------------------------------------------------
Cell Name : G106_1_7_3250_0_r0_A2 array 5 21 3.25 25.8 r0

                   Cell Errors    Real Errors   Cell Placements     Environments
                             3              3                 3                1
--------------------------------------------------------------------------------
Env.  Env. Placements            X1           Y1          X2           Y2

  1        3                624.650      554.000     692.450      679.400

Shape               Environments Status & Error Marker 

          1           X1         Y1         X2         Y2

   1      X       -0.400     -0.250     67.400     99.350
   2      X       -0.400     99.350     67.400    125.150
   3      X       44.650     77.150     45.100     99.350

--------------------------------------------------------------------------------
Cell Name : pmos4_A1 array 8 13 17.3 21.8 r90

                   Cell Errors    Real Errors   Cell Placements     Environments
                             7              7                 2                1
--------------------------------------------------------------------------------
Env.  Env. Placements            X1           Y1          X2           Y2

  1        2               1509.625      853.175    1736.325     1018.175

Shape               Environments Status & Error Marker 

          1           X1         Y1         X2         Y2

   1      X      -17.900     11.200    208.800     20.600
   2      X      -17.900     33.000    208.800     42.400
   3      X      -17.900     54.800    208.800     64.200
   4      X      -17.900     76.600    208.800     86.000
   5      X      -17.900     98.400    208.800    107.800
   6      X      -17.900    120.200    208.800    129.600
   7      X      -17.900    142.000    208.800    151.400

--------------------------------------------------------------------------------
Cell Name : rpolyhc layout PRIMLIB Bends=4 Dummy=TRUE ResShape="90_deg" doubleCont="Horizontal" gwell="N-Well" l="52.5u" r="35K" w="2u" in1=R50

                   Cell Errors    Real Errors   Cell Placements     Environments
                             1              1                45                1
--------------------------------------------------------------------------------
Env.  Env. Placements            X1           Y1          X2           Y2

  1       45               1414.425     1651.225    1438.475     1675.725

Shape               Environments Status & Error Marker 

          1           X1         Y1         X2         Y2

   1      X       -7.750     -5.750     16.300     18.750

--------------------------------------------------------------------------------
Cell Name : rpolyhc layout PRIMLIB Bends=30 l="4737.000u" r="580K" in1=R2

                   Cell Errors    Real Errors   Cell Placements     Environments
                             1              1                 2                1
--------------------------------------------------------------------------------
Env.  Env. Placements            X1           Y1          X2           Y2

  1        2               1240.750     1200.500    1406.350     1539.700

Shape               Environments Status & Error Marker 

          1           X1         Y1         X2         Y2

   1      X      -13.200     -3.350    152.400    335.850

--------------------------------------------------------------------------------
Cell Name : rpolyhc layout PRIMLIB Bends=4 Dummy=TRUE ResShape="90_deg" doubleCont="Horizontal" gwell="N-Well" l="25u" r="50K" w="800n" in1=R27

                   Cell Errors    Real Errors   Cell Placements     Environments
                             1              1                24                1
--------------------------------------------------------------------------------
Env.  Env. Placements            X1           Y1          X2           Y2

  1       24               1921.650     1780.100    1937.950     1796.100

Shape               Environments Status & Error Marker 

          1           X1         Y1         X2         Y2

   1      X       -6.000     -4.650     10.000     11.650

--------------------------------------------------------------------------------
Cell Name : rpolyhc layout PRIMLIB Bends=28 Dummy=TRUE ResShape="90_deg" gwell="N-Well" l="5000u" r="10M" rleft="Cont" rright="Cont" id_=38be6356325ad8cb in1=R10

                   Cell Errors    Real Errors   Cell Placements     Environments
                             1              1                 4                1
--------------------------------------------------------------------------------
Env.  Env. Placements            X1           Y1          X2           Y2

  1        4               1950.600      291.600    2006.700      475.850

Shape               Environments Status & Error Marker 

          1           X1         Y1         X2         Y2

   1      X       -6.650     -5.950    177.600     50.150

--------------------------------------------------------------------------------
Cell Name : rpolyhc layout PRIMLIB Bends=10 Dummy=TRUE ResShape="90_deg" l="500u" r="1M" w="0.8u" in1=R1

                   Cell Errors    Real Errors   Cell Placements     Environments
                             1              1                 4                1
--------------------------------------------------------------------------------
Env.  Env. Placements            X1           Y1          X2           Y2

  1        4               1631.175      421.550    1656.775      476.400

Shape               Environments Status & Error Marker 

          1           X1         Y1         X2         Y2

   1      X       -5.350     -4.650     49.500     20.950

--------------------------------------------------------------------------------
Cell Name : rpolyhc layout PRIMLIB Bends=12 Dummy=TRUE ResShape="90_deg" gwell="N-Well" l="1000u" r="2M" rtop="Cont" w="0.8u" in1=R3

                   Cell Errors    Real Errors   Cell Placements     Environments
                             1              1                 2                1
--------------------------------------------------------------------------------
Env.  Env. Placements            X1           Y1          X2           Y2

  1        2               2161.100     2283.525    2191.100     2372.425

Shape               Environments Status & Error Marker 

          1           X1         Y1         X2         Y2

   1      X       -6.650     -4.650     82.250     25.350

--------------------------------------------------------------------------------
Cell Name : rpolyhc layout PRIMLIB Bends=10 Dummy=TRUE ResShape="90_deg" gwell="N-Well" l="500u" r="1M" w="0.8u" in1=R15

                   Cell Errors    Real Errors   Cell Placements     Environments
                             1              1                32                1
--------------------------------------------------------------------------------
Env.  Env. Placements            X1           Y1          X2           Y2

  1       32               1954.600      864.050    2009.450      889.650

Shape               Environments Status & Error Marker 

          1           X1         Y1         X2         Y2

   1      X       -5.350     -4.650     49.500     20.950

--------------------------------------------------------------------------------
Cell Name : rpolyhc layout PRIMLIB doubleCont="Horizontal" gwell="N-Well" l="18.75u" r="12.5K" w="2u" in1=R2

                   Cell Errors    Real Errors   Cell Placements     Environments
                             1              1                 4                1
--------------------------------------------------------------------------------
Env.  Env. Placements            X1           Y1          X2           Y2

  1        4                567.050      409.750     596.600      418.450

Shape               Environments Status & Error Marker 

          1           X1         Y1         X2         Y2

   1      X       -4.800     -3.350     24.750      5.350

--------------------------------------------------------------------------------
Cell Name : rpolyhc layout PRIMLIB Dummy=TRUE doubleCont="Horizontal" gwell="N-Well" l="18.75u" r="12.5K" w="2u" in1=R7

                   Cell Errors    Real Errors   Cell Placements     Environments
                             1              1                 4                1
--------------------------------------------------------------------------------
Env.  Env. Placements            X1           Y1          X2           Y2

  1        4                562.250      396.250     596.600      409.750

Shape               Environments Status & Error Marker 

          1           X1         Y1         X2         Y2

   1      X       -7.200     -5.750     27.150      7.750

--------------------------------------------------------------------------------
Cell Name : rpolyhc layout PRIMLIB Bends=4 Dummy=TRUE ResShape="90_deg" doubleCont="Horizontal" gwell="N-Well" l="250u" r="500K" w="800n" in1=R11

                   Cell Errors    Real Errors   Cell Placements     Environments
                             1              1                 8                1
--------------------------------------------------------------------------------
Env.  Env. Placements            X1           Y1          X2           Y2

  1        8               2058.525      340.825    2119.525      357.125

Shape               Environments Status & Error Marker 

          1           X1         Y1         X2         Y2

   1      X       -6.000     -4.650     55.000     11.650

--------------------------------------------------------------------------------
Cell Name : pmos4 layout PRIMLIB l="10u" w="5u" wtot="5u" in1=MP24284929

                   Cell Errors    Real Errors   Cell Placements     Environments
                             1              1               131                1
--------------------------------------------------------------------------------
Env.  Env. Placements            X1           Y1          X2           Y2

  1      131                857.675     1513.150     871.775     1520.550

Shape               Environments Status & Error Marker 

          1           X1         Y1         X2         Y2

   1      X       -1.200     -1.200      6.200     12.900

--------------------------------------------------------------------------------
Cell Name : pmos4 layout PRIMLIB l="500n" w="5u" wtot="5u" in1=MP2528329

                   Cell Errors    Real Errors   Cell Placements     Environments
                             1              1                14                1
--------------------------------------------------------------------------------
Env.  Env. Placements            X1           Y1          X2           Y2

  1       14                905.375     1417.700     909.975     1425.100

Shape               Environments Status & Error Marker 

          1           X1         Y1         X2         Y2

   1      X       -1.200     -1.200      6.200      3.400

--------------------------------------------------------------------------------
Cell Name : pmos4 layout PRIMLIB l="30u" in1=MP8281129

                   Cell Errors    Real Errors   Cell Placements     Environments
                             1              1                47                1
--------------------------------------------------------------------------------
Env.  Env. Placements            X1           Y1          X2           Y2

  1       47               2016.575     1445.700    2050.675     1458.100

Shape               Environments Status & Error Marker 

          1           X1         Y1         X2         Y2

   1      X       -1.200     -1.200     11.200     32.900

--------------------------------------------------------------------------------
Cell Name : pmos4 layout PRIMLIB l="5u" w="8.35u" wtot="8.35u" in1=MP428529

                   Cell Errors    Real Errors   Cell Placements     Environments
                             1              1                16                1
--------------------------------------------------------------------------------
Env.  Env. Placements            X1           Y1          X2           Y2

  1       16               1638.250     1787.475    1647.350     1798.225

Shape               Environments Status & Error Marker 

          1           X1         Y1         X2         Y2

   1      X       -1.200     -1.200      9.550      7.900

--------------------------------------------------------------------------------
Cell Name : pmos4 layout PRIMLIB l="350n" in1=MP928329

                   Cell Errors    Real Errors   Cell Placements     Environments
                             1              1                 8                1
--------------------------------------------------------------------------------
Env.  Env. Placements            X1           Y1          X2           Y2

  1        8               1380.025     1750.800    1384.475     1763.200

Shape               Environments Status & Error Marker 

          1           X1         Y1         X2         Y2

   1      X       -1.200     -1.200     11.200      3.250

--------------------------------------------------------------------------------
Cell Name : pmos4 layout PRIMLIB l="2u" w="5u" wtot="5u" in1=MP328529

                   Cell Errors    Real Errors   Cell Placements     Environments
                             1              1                28                1
--------------------------------------------------------------------------------
Env.  Env. Placements            X1           Y1          X2           Y2

  1       28               1930.300     1365.000    1936.400     1372.400

Shape               Environments Status & Error Marker 

          1           X1         Y1         X2         Y2

   1      X       -1.200     -1.200      6.200      4.900

--------------------------------------------------------------------------------
Cell Name : pmos4 layout PRIMLIB l="1u" w="5u" wtot="5u" in1=MP12

                   Cell Errors    Real Errors   Cell Placements     Environments
                             1              1                 3                1
--------------------------------------------------------------------------------
Env.  Env. Placements            X1           Y1          X2           Y2

  1        3               1934.600     1365.000    1939.700     1372.400

Shape               Environments Status & Error Marker 

          1           X1         Y1         X2         Y2

   1      X       -1.200     -1.200      6.200      3.900

--------------------------------------------------------------------------------
Cell Name : pmos4 layout PRIMLIB l="4u" w="25u" wtot="25u" in1=MP128729

                   Cell Errors    Real Errors   Cell Placements     Environments
                             1              1                20                1
--------------------------------------------------------------------------------
Env.  Env. Placements            X1           Y1          X2           Y2

  1       20               1310.875     1658.450    1318.975     1685.850

Shape               Environments Status & Error Marker 

          1           X1         Y1         X2         Y2

   1      X       -1.200     -1.200     26.200      6.900

--------------------------------------------------------------------------------
Cell Name : pmos4 layout PRIMLIB l="10u" in1=MP928129

                   Cell Errors    Real Errors   Cell Placements     Environments
                             1              1                17                1
--------------------------------------------------------------------------------
Env.  Env. Placements            X1           Y1          X2           Y2

  1       17               1820.675     1464.900    1834.775     1477.300

Shape               Environments Status & Error Marker 

          1           X1         Y1         X2         Y2

   1      X       -1.200     -1.200     11.200     12.900

--------------------------------------------------------------------------------
Cell Name : pmos4 layout PRIMLIB l="1u" in1=MP2628729

                   Cell Errors    Real Errors   Cell Placements     Environments
                             1              1                 8                1
--------------------------------------------------------------------------------
Env.  Env. Placements            X1           Y1          X2           Y2

  1        8               2013.275     1445.700    2018.375     1458.100

Shape               Environments Status & Error Marker 

          1           X1         Y1         X2         Y2

   1      X       -1.200     -1.200     11.200      3.900

--------------------------------------------------------------------------------
Cell Name : pmos4 layout PRIMLIB l="4u" w="5u" wtot="5u" in1=MP828329

                   Cell Errors    Real Errors   Cell Placements     Environments
                             1              1                12                1
--------------------------------------------------------------------------------
Env.  Env. Placements            X1           Y1          X2           Y2

  1       12                950.925     1417.700     959.025     1425.100

Shape               Environments Status & Error Marker 

          1           X1         Y1         X2         Y2

   1      X       -1.200     -1.200      6.200      6.900

--------------------------------------------------------------------------------
Cell Name : pmos4 layout PRIMLIB jd=FALSE jg="no" js=FALSE l="1u" ng="2" w="5u" in1=MP4

                   Cell Errors    Real Errors   Cell Placements     Environments
                             1              1                 6                1
--------------------------------------------------------------------------------
Env.  Env. Placements            X1           Y1          X2           Y2

  1        6               1545.350      455.450    1552.450      462.850

Shape               Environments Status & Error Marker 

          1           X1         Y1         X2         Y2

   1      X       -1.200     -1.200      6.200      5.900

--------------------------------------------------------------------------------
Cell Name : pmos4 layout PRIMLIB l="3u" w="5u" wtot="5u" in1=MP628129

                   Cell Errors    Real Errors   Cell Placements     Environments
                             1              1                20                1
--------------------------------------------------------------------------------
Env.  Env. Placements            X1           Y1          X2           Y2

  1       20               1493.625      455.650    1500.725      463.050

Shape               Environments Status & Error Marker 

          1           X1         Y1         X2         Y2

   1      X       -1.200     -1.200      6.200      5.900

--------------------------------------------------------------------------------
Cell Name : pmos4 layout PRIMLIB l="5u" w="6u" wtot="6u" in1=MP2528329

                   Cell Errors    Real Errors   Cell Placements     Environments
                             1              1               144                1
--------------------------------------------------------------------------------
Env.  Env. Placements            X1           Y1          X2           Y2

  1      144                469.050      729.100     478.150      737.500

Shape               Environments Status & Error Marker 

          1           X1         Y1         X2         Y2

   1      X       -1.200     -1.200      7.200      7.900

--------------------------------------------------------------------------------
Cell Name : pmos4 layout PRIMLIB jd=FALSE js=FALSE l="350n" ng="20" w="15u" wtot="300u" in1=MP1728129

                   Cell Errors    Real Errors   Cell Placements     Environments
                             1              1                24                1
--------------------------------------------------------------------------------
Env.  Env. Placements            X1           Y1          X2           Y2

  1       24                614.750      711.200     644.850      728.600

Shape               Environments Status & Error Marker 

          1           X1         Y1         X2         Y2

   1      X       -1.200     -1.200     16.200     28.900

--------------------------------------------------------------------------------
Cell Name : pmos4 layout PRIMLIB l="4u" w="12.5u" wtot="12.5u" in1=MP928729

                   Cell Errors    Real Errors   Cell Placements     Environments
                             1              1                60                1
--------------------------------------------------------------------------------
Env.  Env. Placements            X1           Y1          X2           Y2

  1       60                866.675      263.400     874.775      278.300

Shape               Environments Status & Error Marker 

          1           X1         Y1         X2         Y2

   1      X       -1.200     -1.200     13.700      6.900

--------------------------------------------------------------------------------
Cell Name : pmos4 layout PRIMLIB l="5u" w="5u" wtot="5u" in1=MP24

                   Cell Errors    Real Errors   Cell Placements     Environments
                             1              1                24                1
--------------------------------------------------------------------------------
Env.  Env. Placements            X1           Y1          X2           Y2

  1       24                710.650      742.500     719.750      749.900

Shape               Environments Status & Error Marker 

          1           X1         Y1         X2         Y2

   1      X       -1.200     -1.200      6.200      7.900

--------------------------------------------------------------------------------
Cell Name : pmos4 layout PRIMLIB jd=FALSE jg="no" js=FALSE l="350n" ng="10" wtot="100u" in1=MP6

                   Cell Errors    Real Errors   Cell Placements     Environments
                             1              1                 2                1
--------------------------------------------------------------------------------
Env.  Env. Placements            X1           Y1          X2           Y2

  1        2               1854.925      907.275    1871.525      919.675

Shape               Environments Status & Error Marker 

          1           X1         Y1         X2         Y2

   1      X       -1.200     -1.200     11.200     15.400

--------------------------------------------------------------------------------
Cell Name : pmos4 layout PRIMLIB l="500n" w="12.5u" wtot="12.5u" in1=MP1283129

                   Cell Errors    Real Errors   Cell Placements     Environments
                             1              1                68                1
--------------------------------------------------------------------------------
Env.  Env. Placements            X1           Y1          X2           Y2

  1       68               2045.825     2342.300    2050.425     2357.200

Shape               Environments Status & Error Marker 

          1           X1         Y1         X2         Y2

   1      X       -1.200     -1.200     13.700      3.400

--------------------------------------------------------------------------------
Cell Name : pmos4 layout PRIMLIB l="20u" w="25u" wtot="25u" in1=MP328129

                   Cell Errors    Real Errors   Cell Placements     Environments
                             1              1                 6                1
--------------------------------------------------------------------------------
Env.  Env. Placements            X1           Y1          X2           Y2

  1        6                760.975      446.350     785.075      473.750

Shape               Environments Status & Error Marker 

          1           X1         Y1         X2         Y2

   1      X       -1.200     -1.200     26.200     22.900

--------------------------------------------------------------------------------
Cell Name : pmos4 layout PRIMLIB jd=FALSE js=FALSE l="4u" ng="6" w="33.35u" wtot="200u" in1=MP028129

                   Cell Errors    Real Errors   Cell Placements     Environments
                             1              1                 4                1
--------------------------------------------------------------------------------
Env.  Env. Placements            X1           Y1          X2           Y2

  1        4                658.700      393.800     691.800      429.550

Shape               Environments Status & Error Marker 

          1           X1         Y1         X2         Y2

   1      X       -1.200     -1.200     34.550     31.900

--------------------------------------------------------------------------------
Cell Name : pmos4 layout PRIMLIB jd=FALSE jg="no" js=FALSE l="4u" ng="6" w="33.35u" wtot="200u" in1=MP128129

                   Cell Errors    Real Errors   Cell Placements     Environments
                             1              1                 4                1
--------------------------------------------------------------------------------
Env.  Env. Placements            X1           Y1          X2           Y2

  1        4                546.925     2585.475     580.025     2621.225

Shape               Environments Status & Error Marker 

          1           X1         Y1         X2         Y2

   1      X       -1.200     -1.200     34.550     31.900

--------------------------------------------------------------------------------
Cell Name : pmos4 layout PRIMLIB jd=FALSE jg="no" js=FALSE l="4u" ng="10" wtot="100u" in1=MP7

                   Cell Errors    Real Errors   Cell Placements     Environments
                             1              1                 2                1
--------------------------------------------------------------------------------
Env.  Env. Placements            X1           Y1          X2           Y2

  1        2                668.325     2617.750     721.425     2630.150

Shape               Environments Status & Error Marker 

          1           X1         Y1         X2         Y2

   1      X       -1.200     -1.200     11.200     51.900

--------------------------------------------------------------------------------
Cell Name : pmos4 layout PRIMLIB l="20u" w="12.5u" wtot="12.5u" in1=MP328329

                   Cell Errors    Real Errors   Cell Placements     Environments
                             1              1                12                1
--------------------------------------------------------------------------------
Env.  Env. Placements            X1           Y1          X2           Y2

  1       12                657.975     2658.150     682.075     2673.050

Shape               Environments Status & Error Marker 

          1           X1         Y1         X2         Y2

   1      X       -1.200     -1.200     13.700     22.900

--------------------------------------------------------------------------------
Cell Name : pmos4 layout PRIMLIB l="2u" in1=dummy228029

                   Cell Errors    Real Errors   Cell Placements     Environments
                             1              1                24                1
--------------------------------------------------------------------------------
Env.  Env. Placements            X1           Y1          X2           Y2

  1       24               2103.950      290.325    2110.050      302.725

Shape               Environments Status & Error Marker 

          1           X1         Y1         X2         Y2

   1      X       -1.200     -1.200     11.200      4.900

--------------------------------------------------------------------------------
Cell Name : pmos4 layout PRIMLIB l="4u" in1=MP128929

                   Cell Errors    Real Errors   Cell Placements     Environments
                             1              1                24                1
--------------------------------------------------------------------------------
Env.  Env. Placements            X1           Y1          X2           Y2

  1       24               1780.625      990.350    1788.725     1002.750

Shape               Environments Status & Error Marker 

          1           X1         Y1         X2         Y2

   1      X       -1.200     -1.200     11.200      6.900

--------------------------------------------------------------------------------
Cell Name : pmos4 layout PRIMLIB l="4u" ng="10" wtot="100u" in1=MP7

                   Cell Errors    Real Errors   Cell Placements     Environments
                             1              1                 2                1
--------------------------------------------------------------------------------
Env.  Env. Placements            X1           Y1          X2           Y2

  1        2                830.775      378.100     883.875      390.500

Shape               Environments Status & Error Marker 

          1           X1         Y1         X2         Y2

   1      X       -1.200     -1.200     11.200     51.900

--------------------------------------------------------------------------------
Cell Name : nmos4 layout PRIMLIB l="10u" w="5u" wtot="5u" in1=MN3028329

                   Cell Errors    Real Errors   Cell Placements     Environments
                             1              1                58                1
--------------------------------------------------------------------------------
Env.  Env. Placements            X1           Y1          X2           Y2

  1       58               1639.925     1350.200    1652.125     1356.000

Shape               Environments Status & Error Marker 

          1           X1         Y1         X2         Y2

   1      X       -0.400     -0.250      5.400     11.950

--------------------------------------------------------------------------------
Cell Name : nmos4 layout PRIMLIB l="10u" in1=MN928329

                   Cell Errors    Real Errors   Cell Placements     Environments
                             1              1                56                1
--------------------------------------------------------------------------------
Env.  Env. Placements            X1           Y1          X2           Y2

  1       56               1824.475     1402.200    1836.675     1413.000

Shape               Environments Status & Error Marker 

          1           X1         Y1         X2         Y2

   1      X       -0.400     -0.250     10.400     11.950

--------------------------------------------------------------------------------
Cell Name : nmos4 layout PRIMLIB l="5u" w="33u" wtot="33u" in1=MN528329

                   Cell Errors    Real Errors   Cell Placements     Environments
                             1              1                28                1
--------------------------------------------------------------------------------
Env.  Env. Placements            X1           Y1          X2           Y2

  1       28               1888.050     1683.850    1895.250     1717.650

Shape               Environments Status & Error Marker 

          1           X1         Y1         X2         Y2

   1      X       -0.400     -0.250     33.400      6.950

--------------------------------------------------------------------------------
Cell Name : nmos4 layout PRIMLIB l="1u" w="28.5u" wtot="28.5u" in1=MN528329

                   Cell Errors    Real Errors   Cell Placements     Environments
                             1              1                32                1
--------------------------------------------------------------------------------
Env.  Env. Placements            X1           Y1          X2           Y2

  1       32               1645.400     1667.725    1648.600     1697.025

Shape               Environments Status & Error Marker 

          1           X1         Y1         X2         Y2

   1      X       -0.400     -0.250     28.900      2.950

--------------------------------------------------------------------------------
Cell Name : nmos4 layout PRIMLIB jd=FALSE jg="no" js=FALSE l="1u" ng="4" w="5u" wtot="20u" in1=MN0

                   Cell Errors    Real Errors   Cell Placements     Environments
                             1              1                 7                1
--------------------------------------------------------------------------------
Env.  Env. Placements            X1           Y1          X2           Y2

  1        7               1880.800      886.200    1890.000      892.000

Shape               Environments Status & Error Marker 

          1           X1         Y1         X2         Y2

   1      X       -0.400     -0.250      5.400      8.950

--------------------------------------------------------------------------------
Cell Name : nmos4 layout PRIMLIB l="40u" in1=MN728129

                   Cell Errors    Real Errors   Cell Placements     Environments
                             1              1                 8                1
--------------------------------------------------------------------------------
Env.  Env. Placements            X1           Y1          X2           Y2

  1        8                850.800     1362.500     893.000     1373.300

Shape               Environments Status & Error Marker 

          1           X1         Y1         X2         Y2

   1      X       -0.400     -0.250     10.400     41.950

--------------------------------------------------------------------------------
Cell Name : nmos4 layout PRIMLIB l="5u" in1=MN26

                   Cell Errors    Real Errors   Cell Placements     Environments
                             1              1                 3                1
--------------------------------------------------------------------------------
Env.  Env. Placements            X1           Y1          X2           Y2

  1        3                845.300     1478.850     852.500     1489.650

Shape               Environments Status & Error Marker 

          1           X1         Y1         X2         Y2

   1      X       -0.400     -0.250     10.400      6.950

--------------------------------------------------------------------------------
Cell Name : nmos4 layout PRIMLIB l="500n" w="5u" wtot="5u" in1=MN2928029

                   Cell Errors    Real Errors   Cell Placements     Environments
                             1              1                 8                1
--------------------------------------------------------------------------------
Env.  Env. Placements            X1           Y1          X2           Y2

  1        8                856.650     1417.400     859.350     1423.200

Shape               Environments Status & Error Marker 

          1           X1         Y1         X2         Y2

   1      X       -0.400     -0.250      5.400      2.450

--------------------------------------------------------------------------------
Cell Name : nmos4 layout PRIMLIB l="350n" w="5u" wtot="5u" in1=MN128729

                   Cell Errors    Real Errors   Cell Placements     Environments
                             1              1                44                1
--------------------------------------------------------------------------------
Env.  Env. Placements            X1           Y1          X2           Y2

  1       44               1879.200      433.800    1885.000      436.350

Shape               Environments Status & Error Marker 

          1           X1         Y1         X2         Y2

   1      X       -0.400     -0.250      5.400      2.300

--------------------------------------------------------------------------------
Cell Name : nmos4 layout PRIMLIB l="4u" ng="2" wtot="20u" in1=MN5

                   Cell Errors    Real Errors   Cell Placements     Environments
                             1              1                 6                1
--------------------------------------------------------------------------------
Env.  Env. Placements            X1           Y1          X2           Y2

  1        6               1091.100     2102.000    1102.300     2113.400

Shape               Environments Status & Error Marker 

          1           X1         Y1         X2         Y2

   1      X       -0.700     -0.250     10.700     10.950

--------------------------------------------------------------------------------
Cell Name : nmos4 layout PRIMLIB l="10u" w="8u" wtot="8u" in1=MN828129

                   Cell Errors    Real Errors   Cell Placements     Environments
                             1              1                36                1
--------------------------------------------------------------------------------
Env.  Env. Placements            X1           Y1          X2           Y2

  1       36               1450.525      310.000    1462.725      318.800

Shape               Environments Status & Error Marker 

          1           X1         Y1         X2         Y2

   1      X       -0.400     -0.250      8.400     11.950

--------------------------------------------------------------------------------
Cell Name : nmos4 layout PRIMLIB l="12u" in1=MN428129

                   Cell Errors    Real Errors   Cell Placements     Environments
                             1              1                 8                1
--------------------------------------------------------------------------------
Env.  Env. Placements            X1           Y1          X2           Y2

  1        8               1783.750      865.700    1797.950      876.500

Shape               Environments Status & Error Marker 

          1           X1         Y1         X2         Y2

   1      X       -0.400     -0.250     10.400     13.950

--------------------------------------------------------------------------------
Cell Name : nmos4 layout PRIMLIB jd=FALSE jg="no" js=FALSE l="2u" ng="2" wtot="20u" in1=MN9

                   Cell Errors    Real Errors   Cell Placements     Environments
                             1              1                 2                1
--------------------------------------------------------------------------------
Env.  Env. Placements            X1           Y1          X2           Y2

  1        2               1664.600     2270.550    1671.800     2281.350

Shape               Environments Status & Error Marker 

          1           X1         Y1         X2         Y2

   1      X       -0.400     -0.250     10.400      6.950

--------------------------------------------------------------------------------
Cell Name : nmos4 layout PRIMLIB l="20u" w="15u" wtot="15u" in1=MN1628129

                   Cell Errors    Real Errors   Cell Placements     Environments
                             1              1                 4                1
--------------------------------------------------------------------------------
Env.  Env. Placements            X1           Y1          X2           Y2

  1        4               1680.200     2331.200    1702.400     2347.000

Shape               Environments Status & Error Marker 

          1           X1         Y1         X2         Y2

   1      X       -0.400     -0.250     15.400     21.950

--------------------------------------------------------------------------------
Cell Name : nmos4 layout PRIMLIB l="8u" in1=MN3728329

                   Cell Errors    Real Errors   Cell Placements     Environments
                             1              1                28                1
--------------------------------------------------------------------------------
Env.  Env. Placements            X1           Y1          X2           Y2

  1       28                848.475      322.300     858.675      333.100

Shape               Environments Status & Error Marker 

          1           X1         Y1         X2         Y2

   1      X       -0.400     -0.250     10.400      9.950

--------------------------------------------------------------------------------
Cell Name : nmos4 layout PRIMLIB jd=FALSE jg="no" js=FALSE l="4u" ng="10" w="1u" in1=MN14

                   Cell Errors    Real Errors   Cell Placements     Environments
                             1              1                 4                1
--------------------------------------------------------------------------------
Env.  Env. Placements            X1           Y1          X2           Y2

  1        4                703.525     2562.275     754.725     2564.075

Shape               Environments Status & Error Marker 

          1           X1         Y1         X2         Y2

   1      X       -0.400     -0.250      1.400     50.950

--------------------------------------------------------------------------------
Cell Name : nmos4 layout PRIMLIB l="12u" w="4u" wtot="4u" in1=MN328329

                   Cell Errors    Real Errors   Cell Placements     Environments
                             1              1                40                1
--------------------------------------------------------------------------------
Env.  Env. Placements            X1           Y1          X2           Y2

  1       40                507.200      265.400     512.000      279.600

Shape               Environments Status & Error Marker 

          1           X1         Y1         X2         Y2

   1      X       -0.400     -0.250      4.400     13.950

--------------------------------------------------------------------------------
Cell Name : nmos4 layout PRIMLIB jd=FALSE js=FALSE l="4u" ng="2" wtot="20u" in1=MN23

                   Cell Errors    Real Errors   Cell Placements     Environments
                             1              1                 7                1
--------------------------------------------------------------------------------
Env.  Env. Placements            X1           Y1          X2           Y2

  1        7                465.200      686.050     476.400      697.000

Shape               Environments Status & Error Marker 

          1           X1         Y1         X2         Y2

   1      X       -0.400     -0.250     10.550     10.950

--------------------------------------------------------------------------------
Cell Name : nmos4 layout PRIMLIB l="80u" w="8u" wtot="8u" in1=MN728129

                   Cell Errors    Real Errors   Cell Placements     Environments
                             1              1                25                1
--------------------------------------------------------------------------------
Env.  Env. Placements            X1           Y1          X2           Y2

  1       25                594.200      265.600     603.000      347.800

Shape               Environments Status & Error Marker 

          1           X1         Y1         X2         Y2

   1      X       -0.400     -0.250      8.400     81.950

--------------------------------------------------------------------------------
Cell Name : nmos4 layout PRIMLIB l="4u" ng="10" w="1u" in1=MN14

                   Cell Errors    Real Errors   Cell Placements     Environments
                             1              1                 4                1
--------------------------------------------------------------------------------
Env.  Env. Placements            X1           Y1          X2           Y2

  1        4                757.775      374.200     808.975      376.800

Shape               Environments Status & Error Marker 

          1           X1         Y1         X2         Y2

   1      X       -0.800     -0.250      1.800     50.950

--------------------------------------------------------------------------------
Cell Name : nmos4 layout PRIMLIB l="15u" w="7.5u" wtot="7.5u" in1=MN928329

                   Cell Errors    Real Errors   Cell Placements     Environments
                             1              1                12                1
--------------------------------------------------------------------------------
Env.  Env. Placements            X1           Y1          X2           Y2

  1       12               1776.825      936.800    1794.025      945.100

Shape               Environments Status & Error Marker 

          1           X1         Y1         X2         Y2

   1      X       -0.400     -0.250      7.900     16.950

--------------------------------------------------------------------------------
Cell Name : nmos4 layout PRIMLIB l="10u" w="20u" wtot="20u" in1=MN3

                   Cell Errors    Real Errors   Cell Placements     Environments
                             1              1                 2                1
--------------------------------------------------------------------------------
Env.  Env. Placements            X1           Y1          X2           Y2

  1        2               2207.575      282.425    2219.775      303.225

Shape               Environments Status & Error Marker 

          1           X1         Y1         X2         Y2

   1      X       -0.400     -0.250     20.400     11.950

--------------------------------------------------------------------------------
Cell Name : nmos4 layout PRIMLIB jd=FALSE jg="no" js=FALSE l="8u" ng="4" w="5u" wtot="20u" in1=MN2

                   Cell Errors    Real Errors   Cell Placements     Environments
                             1              1                 2                1
--------------------------------------------------------------------------------
Env.  Env. Placements            X1           Y1          X2           Y2

  1        2               1766.875      911.600    1804.075      917.400

Shape               Environments Status & Error Marker 

          1           X1         Y1         X2         Y2

   1      X       -0.400     -0.250      5.400     36.950

--------------------------------------------------------------------------------
Cell Name : nmos4 layout PRIMLIB l="4u" in1=MN2

                   Cell Errors    Real Errors   Cell Placements     Environments
                             1              1                 2                1
--------------------------------------------------------------------------------
Env.  Env. Placements            X1           Y1          X2           Y2

  1        2               2181.825      282.425    2188.025      293.225

Shape               Environments Status & Error Marker 

          1           X1         Y1         X2         Y2

   1      X       -0.400     -0.250     10.400      5.950

--------------------------------------------------------------------------------
Cell Name : mux21 layout YAOWEN

                   Cell Errors    Real Errors   Cell Placements     Environments
                             1              1                 4                1
--------------------------------------------------------------------------------
Env.  Env. Placements            X1           Y1          X2           Y2

  1        4               1900.500      842.200    1929.400      861.100

Shape               Environments Status & Error Marker 

          1           X1         Y1         X2         Y2

   1      X        0.350      0.350     29.250     19.250

--------------------------------------------------------------------------------
Cell Name : mux21c_f layout FECG

                   Cell Errors    Real Errors   Cell Placements     Environments
                             1              1                 3                1
--------------------------------------------------------------------------------
Env.  Env. Placements            X1           Y1          X2           Y2

  1        3               1800.450     2256.225    1829.350     2275.125

Shape               Environments Status & Error Marker 

          1           X1         Y1         X2         Y2

   1      X        0.350      0.350     29.250     19.250

--------------------------------------------------------------------------------
Cell Name : cvar layout PRIMLIB col=12 row=10 in1=C028029

                   Cell Errors    Real Errors   Cell Placements     Environments
                             1              1                 6                1
--------------------------------------------------------------------------------
Env.  Env. Placements            X1           Y1          X2           Y2

  1        6                927.175     1725.650     952.575     1809.150

Shape               Environments Status & Error Marker 

          1           X1         Y1         X2         Y2

   1      X       -2.275     -1.550     23.125     81.950

--------------------------------------------------------------------------------
Cell Name : cpolyc layout PRIMLIB area="5.78n" c="5p" l="76.45u" perimeter="304.2u" rbottom="Cont" rleft="Cont" rright="Cont" rtop="Cont" id_=6cdfb038bdd4c61d in1=C0

                   Cell Errors    Real Errors   Cell Placements     Environments
                             1              1                 2                1
--------------------------------------------------------------------------------
Env.  Env. Placements            X1           Y1          X2           Y2

  1        2               1719.500     1338.200    1801.450     1418.550

Shape               Environments Status & Error Marker 

          1           X1         Y1         X2         Y2

   1      X       -1.350     -1.350     80.600     79.000

--------------------------------------------------------------------------------
Cell Name : cpolyc layout PRIMLIB area="3.5n" c="3.03p" gwell="N-Well" l="70u" perimeter="240u" rbottom="Cont" rleft="Cont" rright="Cont" id_=5d5c206d9147e606 in1=C928329

                   Cell Errors    Real Errors   Cell Placements     Environments
                             1              1                72                1
--------------------------------------------------------------------------------
Env.  Env. Placements            X1           Y1          X2           Y2

  1       72               1387.900     2021.950    1463.400     2076.650

Shape               Environments Status & Error Marker 

          1           X1         Y1         X2         Y2

   1      X       -1.350     -1.350     74.150     53.350

--------------------------------------------------------------------------------
Cell Name : cpolyc layout PRIMLIB area="1.60n" c="1.39p" l="50u" perimeter="164u" rbottom="Cont" rleft="Cont" rright="Cont" rtop="Cont" id_=44e51500f779483f in1=C028729

                   Cell Errors    Real Errors   Cell Placements     Environments
                             1              1                 8                1
--------------------------------------------------------------------------------
Env.  Env. Placements            X1           Y1          X2           Y2

  1        8               2218.550     2288.300    2274.050     2325.000

Shape               Environments Status & Error Marker 

          1           X1         Y1         X2         Y2

   1      X       -1.350     -1.350     54.150     35.350

--------------------------------------------------------------------------------
Cell Name : cpolyc layout PRIMLIB area="1.26n" c="1.09p" gwell="N-Well" l="41.95u" perimeter="143.9u" rbottom="Cont" rleft="Cont" id_=1eea3daa63e42b4e in1=C928129

                   Cell Errors    Real Errors   Cell Placements     Environments
                             1              1                 6                1
--------------------------------------------------------------------------------
Env.  Env. Placements            X1           Y1          X2           Y2

  1        6               1777.025     2366.875    1824.275     2401.575

Shape               Environments Status & Error Marker 

          1           X1         Y1         X2         Y2

   1      X       -1.350     -1.350     45.900     33.350

--------------------------------------------------------------------------------
Cell Name : cpolyc layout PRIMLIB area="2.1n" c="1.82p" gwell="N-Well" l="50u" perimeter="183.9u" rbottom="Cont" rleft="Cont" rright="Cont" id_=8d84e368ace3c58d in1=C6

                   Cell Errors    Real Errors   Cell Placements     Environments
                             1              1                 2                1
--------------------------------------------------------------------------------
Env.  Env. Placements            X1           Y1          X2           Y2

  1        2               2049.700      985.100    2105.200     1031.750

Shape               Environments Status & Error Marker 

          1           X1         Y1         X2         Y2

   1      X       -1.350     -1.350     54.150     45.300

--------------------------------------------------------------------------------
Cell Name : cpolyc layout PRIMLIB area="900p" c="784.32f" l="30u" perimeter="120u" rbottom="Cont" rleft="Cont" rright="Cont" rtop="Cont" id_=238c1f4f91cda9 in1=C4

                   Cell Errors    Real Errors   Cell Placements     Environments
                             1              1                 6                1
--------------------------------------------------------------------------------
Env.  Env. Placements            X1           Y1          X2           Y2

  1        6                481.325      540.250     516.025      575.750

Shape               Environments Status & Error Marker 

          1           X1         Y1         X2         Y2

   1      X       -1.350     -1.350     34.150     33.350

--------------------------------------------------------------------------------
Cell Name : cpolyc layout PRIMLIB area="1n" c="871.18f" l="40u" perimeter="130u" rbottom="Cont" rleft="Cont" rright="Cont" rtop="Cont" id_=238c216f91cda9 in1=C6

                   Cell Errors    Real Errors   Cell Placements     Environments
                             1              1                 2                1
--------------------------------------------------------------------------------
Env.  Env. Placements            X1           Y1          X2           Y2

  1        2               2053.500      289.900    2083.200      335.400

Shape               Environments Status & Error Marker 

          1           X1         Y1         X2         Y2

   1      X       -1.350     -1.350     44.150     28.350

--------------------------------------------------------------------------------
Cell Name : cpolyc layout PRIMLIB area="2.56n" c="2.22p" gwell="N-Well" l="51u" perimeter="202.4u" rbottom="Cont" rleft="Cont" id_=d867af6116578121 in1=C228029

                   Cell Errors    Real Errors   Cell Placements     Environments
                             1              1                 9                1
--------------------------------------------------------------------------------
Env.  Env. Placements            X1           Y1          X2           Y2

  1        9               1184.325     2528.050    1240.825     2582.950

Shape               Environments Status & Error Marker 

          1           X1         Y1         X2         Y2

   1      X       -1.350     -1.350     55.150     53.550

--------------------------------------------------------------------------------
Cell Name : cpolyc layout PRIMLIB area="2.6n" c="2.25p" gwell="N-Well" l="51u" perimeter="204u" rbottom="Cont" rleft="Cont" rright="Cont" id_=318ecccaa27aadb6 in1=C228829

                   Cell Errors    Real Errors   Cell Placements     Environments
                             1              1                 9                1
--------------------------------------------------------------------------------
Env.  Env. Placements            X1           Y1          X2           Y2

  1        9               1209.550      309.400    1265.950      365.100

Shape               Environments Status & Error Marker 

          1           X1         Y1         X2         Y2

   1      X       -1.350     -1.350     55.050     54.350

--------------------------------------------------------------------------------
Cell Name : cpolyc layout PRIMLIB area="6.94n" c="6p" l="83.75u" perimeter="333.3u" rbottom="Cont" rleft="Cont" rright="Cont" rtop="Cont" id_=f8dc73cbdd4c61d in1=C5

                   Cell Errors    Real Errors   Cell Placements     Environments
                             1              1                 2                1
--------------------------------------------------------------------------------
Env.  Env. Placements            X1           Y1          X2           Y2

  1        2               2053.375      394.225    2142.625      481.825

Shape               Environments Status & Error Marker 

          1           X1         Y1         X2         Y2

   1      X       -1.350     -1.350     87.900     86.250

--------------------------------------------------------------------------------
Cell Name : cpolyc layout PRIMLIB area="3.47n" c="3p" l="59.25u" perimeter="235.5u" rbottom="Cont" rleft="Cont" rright="Cont" rtop="Cont" id_=e2439322f0930082 in1=C328529

                   Cell Errors    Real Errors   Cell Placements     Environments
                             1              1                18                1
--------------------------------------------------------------------------------
Env.  Env. Placements            X1           Y1          X2           Y2

  1       18                997.625      550.400    1062.375      613.600

Shape               Environments Status & Error Marker 

          1           X1         Y1         X2         Y2

   1      X       -1.350     -1.350     63.400     61.850

--------------------------------------------------------------------------------
Cell Name : cpolyc layout PRIMLIB area="3.5n" c="3.03p" l="70u" perimeter="240u" rbottom="Cont" rleft="Cont" rright="Cont" rtop="Cont" id_=44e51500712df12b in1=C2281129

                   Cell Errors    Real Errors   Cell Placements     Environments
                             1              1                36                1
--------------------------------------------------------------------------------
Env.  Env. Placements            X1           Y1          X2           Y2

  1       36               1217.275      550.400    1292.775      605.100

Shape               Environments Status & Error Marker 

          1           X1         Y1         X2         Y2

   1      X       -1.350     -1.350     74.150     53.350

--------------------------------------------------------------------------------
Cell Name : cpolyc layout PRIMLIB area="4.28n" c="3.7p" l="65.8u" perimeter="261.6u" rbottom="Cont" rleft="Cont" rright="Cont" rtop="Cont" id_=44e5150040ff667 in1=C128229

                   Cell Errors    Real Errors   Cell Placements     Environments
                             1              1                 9                1
--------------------------------------------------------------------------------
Env.  Env. Placements            X1           Y1          X2           Y2

  1        9                997.625      704.300    1067.325      775.600

Shape               Environments Status & Error Marker 

          1           X1         Y1         X2         Y2

   1      X       -1.350     -1.350     69.950     68.350

--------------------------------------------------------------------------------
Cell Name : cpolyc layout PRIMLIB area="11.58n" c="10p" l="108.05u" perimeter="430.5u" rbottom="Cont" rleft="Cont" rright="Cont" id_=8d84e36816c15e1c in1=C628029

                   Cell Errors    Real Errors   Cell Placements     Environments
                             1              1                 9                1
--------------------------------------------------------------------------------
Env.  Env. Placements            X1           Y1          X2           Y2

  1        9                765.675      550.400     879.225      662.300

Shape               Environments Status & Error Marker 

          1           X1         Y1         X2         Y2

   1      X       -1.350     -1.350    112.200    110.550

--------------------------------------------------------------------------------
Cell Name : cpolyc layout PRIMLIB area="1.23n" c="1.07p" gwell="N-Well" l="35.45u" perimeter="140.3u" rbottom="Cont" rleft="Cont" id_=d867af619ef89a5c in1=C528129

                   Cell Errors    Real Errors   Cell Placements     Environments
                             1              1                 6                1
--------------------------------------------------------------------------------
Env.  Env. Placements            X1           Y1          X2           Y2

  1        6               1916.025      953.000    1956.975      992.400

Shape               Environments Status & Error Marker 

          1           X1         Y1         X2         Y2

   1      X       -1.350     -1.350     39.600     38.050

--------------------------------------------------------------------------------
Cell Name : cmfb_opamp1_fc layout FECG

                   Cell Errors    Real Errors   Cell Placements     Environments
                             8              8                 4                1
--------------------------------------------------------------------------------
Env.  Env. Placements            X1           Y1          X2           Y2

  1        4               1587.725      282.400    1734.950      409.200

Shape               Environments Status & Error Marker 

          1           X1         Y1         X2         Y2

   1      X        5.125     14.150     93.975    140.950
   2      X       77.150     14.150    152.350    140.950
   3      X       77.150     86.150     82.450     91.750
   4      X       77.150    104.150     82.450    109.750
   5      X       93.975     14.150    107.075     73.750
   6      X      107.075     14.150    120.375     73.750
   7      X      117.075     38.350    120.275     41.050
   8      X      120.375     14.150    133.475     73.750

--------------------------------------------------------------------------------
Cell Name : chopper_f layout YAOWEN

                   Cell Errors    Real Errors   Cell Placements     Environments
                             1              1                 3                1
--------------------------------------------------------------------------------
Env.  Env. Placements            X1           Y1          X2           Y2

  1        3                478.700      344.900     548.400      375.700

Shape               Environments Status & Error Marker 

          1           X1         Y1         X2         Y2

   1      X       -3.250      0.500     66.450     31.300

--------------------------------------------------------------------------------
Cell Name : chopper2 layout FECG

                   Cell Errors    Real Errors   Cell Placements     Environments
                             1              1                 3                1
--------------------------------------------------------------------------------
Env.  Env. Placements            X1           Y1          X2           Y2

  1        3                434.700     2551.500     515.050     2587.950

Shape               Environments Status & Error Marker 

          1           X1         Y1         X2         Y2

   1      X        6.700     18.050     87.050     54.500

--------------------------------------------------------------------------------
Cell Name : V500_20 layout POWER_TRACKS

                   Cell Errors    Real Errors   Cell Placements     Environments
                             1              1                36                1
--------------------------------------------------------------------------------
Env.  Env. Placements            X1           Y1          X2           Y2

  1       36                522.750     1145.750    1023.000     1169.900

Shape               Environments Status & Error Marker 

          1           X1         Y1         X2         Y2

   1      X       -0.200     -0.050    500.050     24.100

--------------------------------------------------------------------------------
Cell Name : INVX2 layout CORELIBD

                   Cell Errors    Real Errors   Cell Placements     Environments
                             1              1                 1                1
--------------------------------------------------------------------------------
Env.  Env. Placements            X1           Y1          X2           Y2

  1        1                916.050     1711.650     920.550     1724.750

Shape               Environments Status & Error Marker 

          1           X1         Y1         X2         Y2

   1      X       -0.850     -1.350      3.650     11.750

--------------------------------------------------------------------------------
Cell Name : INVX1 layout CORELIBD

                   Cell Errors    Real Errors   Cell Placements     Environments
                             1              1                19                1
--------------------------------------------------------------------------------
Env.  Env. Placements            X1           Y1          X2           Y2

  1       19                754.575      746.250     759.075      759.350

Shape               Environments Status & Error Marker 

          1           X1         Y1         X2         Y2

   1      X       -0.850     -1.350      3.650     11.750

--------------------------------------------------------------------------------
Cell Name : CLKINVX1 layout CORELIBD

                   Cell Errors    Real Errors   Cell Placements     Environments
                             1              1                 3                1
--------------------------------------------------------------------------------
Env.  Env. Placements            X1           Y1          X2           Y2

  1        3                553.650     1700.900     566.750     1705.400

Shape               Environments Status & Error Marker 

          1           X1         Y1         X2         Y2

   1      X       -0.850     -1.350      3.650     11.750

--------------------------------------------------------------------------------
Cell Name : ia_new_f layout YAOWEN

                   Cell Errors    Real Errors   Cell Placements     Environments
                            21             21                 1                1
--------------------------------------------------------------------------------
Env.  Env. Placements            X1           Y1          X2           Y2

  1        1                454.600      230.300    1384.300      493.975

Shape               Environments Status & Error Marker 

          1           X1         Y1         X2         Y2

   1      X       -2.700    131.850     91.400    395.525
   2      X       60.400    181.150     65.200    186.650
   3      X       65.200    131.850     86.650    246.450
   4      X       81.400    181.150     86.200    186.650
   5      X       86.650    131.850    136.900    395.525
   6      X      104.950    131.850    183.150    395.525
   7      X      104.950    311.300    109.750    328.700
   8      X      183.150    131.850    234.500    395.525
   9      X      229.400    131.850    275.200    395.525
  10      X      271.600    249.350    275.200    395.525
  11      X      275.200    131.850    351.675    395.525
  12      X      303.400    249.350    312.200    275.750
  13      X      303.675    302.650    351.675    347.900
  14      X      303.675    375.300    439.275    395.525
  15      X      312.200    131.850    367.700    347.900
  16      X      367.700    131.850    474.175    347.900
  17      X      411.775    234.650    421.975    236.550
  18      X      421.975    198.450    474.175    279.650
  19      X      439.275    131.850    808.650    395.525
  20      X      752.250    131.850    927.000    395.525
  21      X      752.250    266.650    808.650    267.250

--------------------------------------------------------------------------------
Cell Name : gmc_5_fc layout FECG

                   Cell Errors    Real Errors   Cell Placements     Environments
                             7              7                 3                1
--------------------------------------------------------------------------------
Env.  Env. Placements            X1           Y1          X2           Y2

  1        3               1079.550     2000.400    2007.850     2220.200

Shape               Environments Status & Error Marker 

          1           X1         Y1         X2         Y2

   1      X        0.400      0.400    165.225    220.200
   2      X      135.125      0.400    384.250    220.200
   3      X      308.750      0.400    541.250    220.200
   4      X      308.750     76.650    384.250     77.650
   5      X      541.250      0.400    772.750    220.200
   6      X      697.250     76.650    772.750     77.650
   7      X      772.750      0.400    928.700    220.200

--------------------------------------------------------------------------------
Cell Name : fecg_vga2_f_2 layout FECG

                   Cell Errors    Real Errors   Cell Placements     Environments
                             5              5                 1                1
--------------------------------------------------------------------------------
Env.  Env. Placements            X1           Y1          X2           Y2

  1        1               1390.075     2244.875    1992.475     2453.300

Shape               Environments Status & Error Marker 

          1           X1         Y1         X2         Y2

   1      X       -0.525      0.925    354.250    209.350
   2      X      312.175      0.925    386.425    209.350
   3      X      386.425      0.925    532.375    209.350
   4      X      485.125    157.625    532.375    159.875
   5      X      501.550      0.925    601.875    209.350

--------------------------------------------------------------------------------
Cell Name : fecg_ia_5_fc layout FECG

                   Cell Errors    Real Errors   Cell Placements     Environments
                            13             13                 1                1
--------------------------------------------------------------------------------
Env.  Env. Placements            X1           Y1          X2           Y2

  1        1                430.150     2488.150    1357.550     2712.700

Shape               Environments Status & Error Marker 

          1           X1         Y1         X2         Y2

   1      X       50.250     31.150    278.075    255.700
   2      X      205.125    164.225    238.225    167.975
   3      X      278.075     31.150    392.825    201.150
   4      X      278.075     31.150    714.825    255.700
   5      X      326.125     63.350    330.925     68.850
   6      X      331.375     31.150    351.925    105.275
   7      X      351.925     31.150    374.825    105.275
   8      X      368.125     63.350    372.925     68.850
   9      X      714.825     31.150    759.725    194.075
  10      X      714.825     31.150    861.525    255.700
  11      X      749.425    153.450    759.625    155.350
  12      X      804.425    125.950    860.925    126.550
  13      X      861.525     31.150    977.650    255.700

--------------------------------------------------------------------------------
Cell Name : fecg_cmfb2_fc layout FECG

                   Cell Errors    Real Errors   Cell Placements     Environments
                            11             11                 2                1
--------------------------------------------------------------------------------
Env.  Env. Placements            X1           Y1          X2           Y2

  1        2               1425.350      282.400    2008.675      493.975

Shape               Environments Status & Error Marker 

          1           X1         Y1         X2         Y2

   1      X        2.350      2.100     65.325    213.675
   2      X       53.125     38.500     65.325     40.400
   3      X       65.325      2.100    103.725    213.675
   4      X       98.925     49.200    103.725    213.675
   5      X      103.725      2.100    161.875    213.675
   6      X      161.875      2.100    172.475    213.675
   7      X      169.825    181.150    172.375    187.650
   8      X      172.475    128.900    182.975    213.675
   9      X      182.975      2.100    462.000    213.675
  10      X      456.200    156.050    462.000    213.675
  11      X      462.000      2.100    585.675    213.675

--------------------------------------------------------------------------------
Cell Name : fecg_bandgap3_layout layout FBIAS

                   Cell Errors    Real Errors   Cell Placements     Environments
                             7              7                 1                1
--------------------------------------------------------------------------------
Env.  Env. Placements            X1           Y1          X2           Y2

  1        1               1176.175     1637.000    1586.525     1910.950

Shape               Environments Status & Error Marker 

          1           X1         Y1         X2         Y2

   1      X        2.275    107.800    165.475    381.750
   2      X       83.625    144.525     95.825    147.125
   3      X       95.825    107.800    214.375    381.750
   4      X      202.175    107.800    227.525    381.750
   5      X      206.125    234.000    218.525    237.750
   6      X      219.600    201.950    225.400    277.150
   7      X      225.400    107.800    412.625    381.750

--------------------------------------------------------------------------------
Cell Name : fbias_vol_ref1_layout layout FBIAS

                   Cell Errors    Real Errors   Cell Placements     Environments
                             7              7                 1                1
--------------------------------------------------------------------------------
Env.  Env. Placements            X1           Y1          X2           Y2

  1        1               1863.950     1636.250    2142.375     1910.950

Shape               Environments Status & Error Marker 

          1           X1         Y1         X2         Y2

   1      X      219.650     12.200    315.975    286.900
   2      X      251.050     12.200    280.150    230.100
   3      X      272.950     93.600    280.150     99.100
   4      X      277.350     12.200    498.075    286.900
   5      X      280.150     12.200    309.450    156.050
   6      X      302.150     93.600    309.350     99.100
   7      X      309.450     12.200    338.550    156.050

--------------------------------------------------------------------------------
Cell Name : fbias_por2_fc layout FBIAS

                   Cell Errors    Real Errors   Cell Placements     Environments
                             6              6                 1                1
--------------------------------------------------------------------------------
Env.  Env. Placements            X1           Y1          X2           Y2

  1        1                803.350     1700.650    1007.450     1910.950

Shape               Environments Status & Error Marker 

          1           X1         Y1         X2         Y2

   1      X       -0.350      0.000     58.850    210.300
   2      X       30.575      0.000     61.375    123.900
   3      X       55.575     25.750     61.375    123.900
   4      X       58.850      0.000    148.875    210.300
   5      X      123.475      0.000    203.750    210.300
   6      X      123.475    108.500    148.875    112.750

--------------------------------------------------------------------------------
Cell Name : fbias_gm_c1_f2c layout FBIAS

                   Cell Errors    Real Errors   Cell Placements     Environments
                             1              1                 1                1
--------------------------------------------------------------------------------
Env.  Env. Placements            X1           Y1          X2           Y2

  1        1               1009.600     1709.100    1171.950     1910.950

Shape               Environments Status & Error Marker 

          1           X1         Y1         X2         Y2

   1      X        5.100      4.700    167.450    206.550

--------------------------------------------------------------------------------
Cell Name : fbias_cur_ref2_layout layout FBIAS

                   Cell Errors    Real Errors   Cell Placements     Environments
                            11             11                 1                1
--------------------------------------------------------------------------------
Env.  Env. Placements            X1           Y1          X2           Y2

  1        1               1615.400     1640.300    1867.350     1910.950

Shape               Environments Status & Error Marker 

          1           X1         Y1         X2         Y2

   1      X       -1.400      1.300    236.000    271.950
   2      X       31.600     94.175     31.800    148.475
   3      X       31.800      1.300     44.100    148.475
   4      X       38.500     58.025     41.700     64.875
   5      X       41.800      1.300     51.600    148.475
   6      X       50.800      1.300     62.850    148.475
   7      X       61.500      1.300     74.700    148.475
   8      X       71.500     58.025     74.700     64.875
   9      X       74.700      1.300    238.225    220.950
  10      X      199.800    137.750    238.225    271.950
  11      X      238.225      1.300    250.550    271.950

--------------------------------------------------------------------------------
Cell Name : buffer2_f_3c layout FECG

                   Cell Errors    Real Errors   Cell Placements     Environments
                             6              6                 1                1
--------------------------------------------------------------------------------
Env.  Env. Placements            X1           Y1          X2           Y2

  1        1               1991.850     2270.500    2332.100     2453.300

Shape               Environments Status & Error Marker 

          1           X1         Y1         X2         Y2

   1      X        2.300      0.475     41.550    183.275
   2      X       41.550      0.475    153.275    183.275
   3      X      149.000    107.475    153.275    183.275
   4      X      153.275      0.475    340.600    183.275
   5      X      285.100     54.975    340.600     55.575
   6      X      340.600      0.475    342.550    183.275

--------------------------------------------------------------------------------
Cell Name : XOR2X1 layout CORELIBD

                   Cell Errors    Real Errors   Cell Placements     Environments
                             1              1                 1                1
--------------------------------------------------------------------------------
Env.  Env. Placements            X1           Y1          X2           Y2

  1        1                501.650     1737.300     514.750     1747.400

Shape               Environments Status & Error Marker 

          1           X1         Y1         X2         Y2

   1      X       -0.850     -1.350      9.250     11.750

--------------------------------------------------------------------------------
Cell Name : VGA_1 layout YAOWEN

                   Cell Errors    Real Errors   Cell Placements     Environments
                             6              6                 1                1
--------------------------------------------------------------------------------
Env.  Env. Placements            X1           Y1          X2           Y2

  1        1               1487.200      833.625    2115.500     1048.300

Shape               Environments Status & Error Marker 

          1           X1         Y1         X2         Y2

   1      X        1.700    -18.025    372.525    196.650
   2      X      308.625    -18.025    355.875    138.700
   3      X      343.225    -18.025    395.300    196.650
   4      X      343.225     65.750    355.875     85.150
   5      X      395.300    -18.025    513.425    196.650
   6      X      483.925    -18.025    630.000    196.650

--------------------------------------------------------------------------------
Cell Name : VDD3RP layout IOLIB_4M

                   Cell Errors    Real Errors   Cell Placements     Environments
                             1              1                 1                1
--------------------------------------------------------------------------------
Env.  Env. Placements            X1           Y1          X2           Y2

  1        1                  0.000     1459.100     340.400     1559.700

Shape               Environments Status & Error Marker 

          1           X1         Y1         X2         Y2

   1      X       -0.300     -5.400    100.300    335.000

--------------------------------------------------------------------------------
Cell Name : VDD3OP layout IOLIB_4M

                   Cell Errors    Real Errors   Cell Placements     Environments
                             1              1                 1                1
--------------------------------------------------------------------------------
Env.  Env. Placements            X1           Y1          X2           Y2

  1        1                  0.000     1259.100     340.400     1359.700

Shape               Environments Status & Error Marker 

          1           X1         Y1         X2         Y2

   1      X       -0.300     -5.400    100.300    335.000

--------------------------------------------------------------------------------
Cell Name : VDD3IP layout IOLIB_4M

                   Cell Errors    Real Errors   Cell Placements     Environments
                             1              1                 1                1
--------------------------------------------------------------------------------
Env.  Env. Placements            X1           Y1          X2           Y2

  1        1                  0.000     1659.100     340.400     1759.700

Shape               Environments Status & Error Marker 

          1           X1         Y1         X2         Y2

   1      X       -0.300     -5.400    100.300    335.000

--------------------------------------------------------------------------------
Cell Name : V200_20 layout POWER_TRACKS

                   Cell Errors    Real Errors   Cell Placements     Environments
                             1              1                27                1
--------------------------------------------------------------------------------
Env.  Env. Placements            X1           Y1          X2           Y2

  1       27                589.650     1197.150     789.650     1221.250

Shape               Environments Status & Error Marker 

          1           X1         Y1         X2         Y2

   1      X        0.050     -0.050    200.050     24.050

--------------------------------------------------------------------------------
Cell Name : PWRCUT_DIG_P_DX layout IOLIB_4M

                   Cell Errors    Real Errors   Cell Placements     Environments
                             1              1                 3                1
--------------------------------------------------------------------------------
Env.  Env. Placements            X1           Y1          X2           Y2

  1        3                  0.000      189.900     340.400      240.900

Shape               Environments Status & Error Marker 

          1           X1         Y1         X2         Y2

   1      X       -0.500     -5.400     50.500    335.000

--------------------------------------------------------------------------------
Cell Name : PERI_SPACER_5_P layout IOLIB_4M

                   Cell Errors    Real Errors   Cell Placements     Environments
                             1              1                 2                1
--------------------------------------------------------------------------------
Env.  Env. Placements            X1           Y1          X2           Y2

  1        2               2810.400      194.100    3150.800      199.700

Shape               Environments Status & Error Marker 

          1           X1         Y1         X2         Y2

   1      X       -0.300     -5.400      5.300    335.000

--------------------------------------------------------------------------------
Cell Name : PERI_SPACER_50_P layout IOLIB_4M

                   Cell Errors    Real Errors   Cell Placements     Environments
                             1              1                 5                1
--------------------------------------------------------------------------------
Env.  Env. Placements            X1           Y1          X2           Y2

  1        5               2740.100     -150.000    2790.700      190.400

Shape               Environments Status & Error Marker 

          1           X1         Y1         X2         Y2

   1      X       -0.300     -5.400     50.300    335.000

--------------------------------------------------------------------------------
Cell Name : PERI_SPACER_2_P layout IOLIB_4M

                   Cell Errors    Real Errors   Cell Placements     Environments
                             1              1                 4                1
--------------------------------------------------------------------------------
Env.  Env. Placements            X1           Y1          X2           Y2

  1        4               2810.400      190.100    3150.800      192.700

Shape               Environments Status & Error Marker 

          1           X1         Y1         X2         Y2

   1      X       -0.300     -5.400      2.300    335.000

--------------------------------------------------------------------------------
Cell Name : PERI_SPACER_20_P layout IOLIB_4M

                   Cell Errors    Real Errors   Cell Placements     Environments
                             1              1                 2                1
--------------------------------------------------------------------------------
Env.  Env. Placements            X1           Y1          X2           Y2

  1        2               2790.100     -150.000    2810.700      190.400

Shape               Environments Status & Error Marker 

          1           X1         Y1         X2         Y2

   1      X       -0.300     -5.400     20.300    335.000

--------------------------------------------------------------------------------
Cell Name : PERI_SPACER_10_P layout IOLIB_4M

                   Cell Errors    Real Errors   Cell Placements     Environments
                             1              1                 2                1
--------------------------------------------------------------------------------
Env.  Env. Placements            X1           Y1          X2           Y2

  1        2               2810.400      199.100    3150.800      209.700

Shape               Environments Status & Error Marker 

          1           X1         Y1         X2         Y2

   1      X       -0.300     -5.400     10.300    335.000

--------------------------------------------------------------------------------
Cell Name : PERI_SPACER_100_P layout IOLIB_4M

                   Cell Errors    Real Errors   Cell Placements     Environments
                             1              1                53                1
--------------------------------------------------------------------------------
Env.  Env. Placements            X1           Y1          X2           Y2

  1       53                340.100     -150.000     440.700      190.400

Shape               Environments Status & Error Marker 

          1           X1         Y1         X2         Y2

   1      X       -0.300     -5.400    100.300    335.000

--------------------------------------------------------------------------------
Cell Name : NOR4X1 layout CORELIBD

                   Cell Errors    Real Errors   Cell Placements     Environments
                             1              1                 1                1
--------------------------------------------------------------------------------
Env.  Env. Placements            X1           Y1          X2           Y2

  1        1                522.450     1721.900     535.550     1730.600

Shape               Environments Status & Error Marker 

          1           X1         Y1         X2         Y2

   1      X       -0.850     -1.350      7.850     11.750

--------------------------------------------------------------------------------
Cell Name : NOR2X6 layout CORELIBD

                   Cell Errors    Real Errors   Cell Placements     Environments
                             1              1                 1                1
--------------------------------------------------------------------------------
Env.  Env. Placements            X1           Y1          X2           Y2

  1        1                564.050     1734.500     577.150     1743.200

Shape               Environments Status & Error Marker 

          1           X1         Y1         X2         Y2

   1      X       -0.850     -1.350      7.850     11.750

--------------------------------------------------------------------------------
Cell Name : NOR2X3 layout CORELIBD

                   Cell Errors    Real Errors   Cell Placements     Environments
                             1              1                 2                1
--------------------------------------------------------------------------------
Env.  Env. Placements            X1           Y1          X2           Y2

  1        2                553.650     1672.900     566.750     1678.800

Shape               Environments Status & Error Marker 

          1           X1         Y1         X2         Y2

   1      X       -0.850     -1.350      5.050     11.750

--------------------------------------------------------------------------------
Cell Name : NAND3X1 layout CORELIBD

                   Cell Errors    Real Errors   Cell Placements     Environments
                             1              1                 1                1
--------------------------------------------------------------------------------
Env.  Env. Placements            X1           Y1          X2           Y2

  1        1                522.450     1737.300     535.550     1744.600

Shape               Environments Status & Error Marker 

          1           X1         Y1         X2         Y2

   1      X       -0.850     -1.350      6.450     11.750

--------------------------------------------------------------------------------
Cell Name : NAND2X2 layout CORELIBD

                   Cell Errors    Real Errors   Cell Placements     Environments
                             1              1                 1                1
--------------------------------------------------------------------------------
Env.  Env. Placements            X1           Y1          X2           Y2

  1        1                574.450     1738.700     587.550     1744.600

Shape               Environments Status & Error Marker 

          1           X1         Y1         X2         Y2

   1      X       -0.850     -1.350      5.050     11.750

--------------------------------------------------------------------------------
Cell Name : ICP layout IOLIB_4M

                   Cell Errors    Real Errors   Cell Placements     Environments
                             1              1                 5                1
--------------------------------------------------------------------------------
Env.  Env. Placements            X1           Y1          X2           Y2

  1        5                  0.000      459.100     340.400      559.700

Shape               Environments Status & Error Marker 

          1           X1         Y1         X2         Y2

   1      X       -0.300     -5.400    100.300    335.000

--------------------------------------------------------------------------------
Cell Name : HAX3 layout CORELIBD

                   Cell Errors    Real Errors   Cell Placements     Environments
                             1              1                 3                1
--------------------------------------------------------------------------------
Env.  Env. Placements            X1           Y1          X2           Y2

  1        3                543.250     1685.500     556.350     1699.800

Shape               Environments Status & Error Marker 

          1           X1         Y1         X2         Y2

   1      X       -0.850     -1.350     13.450     11.750

--------------------------------------------------------------------------------
Cell Name : Gm_C_filter layout YAOWEN

                   Cell Errors    Real Errors   Cell Placements     Environments
                             7              7                 3                1
--------------------------------------------------------------------------------
Env.  Env. Placements            X1           Y1          X2           Y2

  1        3                448.550      531.700    1448.725      797.650

Shape               Environments Status & Error Marker 

          1           X1         Y1         X2         Y2

   1      X       27.525   -281.800    223.825    -15.850
   2      X      203.625   -281.800    458.200    -15.850
   3      X      344.650   -151.200    458.200    -15.850
   4      X      458.200   -281.800    707.100    -15.850
   5      X      647.700   -281.800    871.750    -15.850
   6      X      647.700   -135.700    707.100   -109.200
   7      X      871.750   -281.800   1027.700    -15.850

--------------------------------------------------------------------------------
Cell Name : GND3RP layout IOLIB_4M

                   Cell Errors    Real Errors   Cell Placements     Environments
                             1              1                 1                1
--------------------------------------------------------------------------------
Env.  Env. Placements            X1           Y1          X2           Y2

  1        1                  0.000     1859.100     340.400     1959.700

Shape               Environments Status & Error Marker 

          1           X1         Y1         X2         Y2

   1      X       -0.300     -5.400    100.300    335.000

--------------------------------------------------------------------------------
Cell Name : GND3OP layout IOLIB_4M

                   Cell Errors    Real Errors   Cell Placements     Environments
                             1              1                 1                1
--------------------------------------------------------------------------------
Env.  Env. Placements            X1           Y1          X2           Y2

  1        1                  0.000     2059.000     340.400     2159.700

Shape               Environments Status & Error Marker 

          1           X1         Y1         X2         Y2

   1      X       -0.300     -5.400    100.400    335.000

--------------------------------------------------------------------------------
Cell Name : GND3IP layout IOLIB_4M

                   Cell Errors    Real Errors   Cell Placements     Environments
                             1              1                 1                1
--------------------------------------------------------------------------------
Env.  Env. Placements            X1           Y1          X2           Y2

  1        1                  0.000     2259.000     340.400     2359.700

Shape               Environments Status & Error Marker 

          1           X1         Y1         X2         Y2

   1      X       -0.300     -5.400    100.400    335.000

--------------------------------------------------------------------------------
Cell Name : FILLCELLX8 layout CORELIBD

                   Cell Errors    Real Errors   Cell Placements     Environments
                             1              1                11                1
--------------------------------------------------------------------------------
Env.  Env. Placements            X1           Y1          X2           Y2

  1       11                668.050     1656.100     681.150     1669.000

Shape               Environments Status & Error Marker 

          1           X1         Y1         X2         Y2

   1      X       -0.850     -1.350     12.050     11.750

--------------------------------------------------------------------------------
Cell Name : FILLCELLX4 layout CORELIBD

                   Cell Errors    Real Errors   Cell Placements     Environments
                             1              1                17                1
--------------------------------------------------------------------------------
Env.  Env. Placements            X1           Y1          X2           Y2

  1       17                668.050     1678.500     681.150     1685.800

Shape               Environments Status & Error Marker 

          1           X1         Y1         X2         Y2

   1      X       -0.850     -1.350      6.450     11.750

--------------------------------------------------------------------------------
Cell Name : FILLCELLX16 layout CORELIBD

                   Cell Errors    Real Errors   Cell Placements     Environments
                             1              1                 2                1
--------------------------------------------------------------------------------
Env.  Env. Placements            X1           Y1          X2           Y2

  1        2                553.650     1735.900     566.750     1760.000

Shape               Environments Status & Error Marker 

          1           X1         Y1         X2         Y2

   1      X       -0.850     -1.350     23.250     11.750

--------------------------------------------------------------------------------
Cell Name : FILLCAPX8 layout CORELIBD

                   Cell Errors    Real Errors   Cell Placements     Environments
                             1              1                52                1
--------------------------------------------------------------------------------
Env.  Env. Placements            X1           Y1          X2           Y2

  1       52                657.650     1626.650     670.750     1639.650

Shape               Environments Status & Error Marker 

          1           X1         Y1         X2         Y2

   1      X       -0.900     -1.350     12.100     11.750

--------------------------------------------------------------------------------
Cell Name : FILLCAPX4 layout CORELIBD

                   Cell Errors    Real Errors   Cell Placements     Environments
                             1              1                58                1
--------------------------------------------------------------------------------
Env.  Env. Placements            X1           Y1          X2           Y2

  1       58                668.050     1637.850     681.150     1645.250

Shape               Environments Status & Error Marker 

          1           X1         Y1         X2         Y2

   1      X       -0.900     -1.350      6.500     11.750

--------------------------------------------------------------------------------
Cell Name : FILLCAPX32 layout CORELIBD

                   Cell Errors    Real Errors   Cell Placements     Environments
                             1              1                16                1
--------------------------------------------------------------------------------
Env.  Env. Placements            X1           Y1          X2           Y2

  1       16                657.650     1710.650     670.750     1757.250

Shape               Environments Status & Error Marker 

          1           X1         Y1         X2         Y2

   1      X       -0.900     -1.350     45.700     11.750

--------------------------------------------------------------------------------
Cell Name : FILLCAPX2 layout CORELIBD

                   Cell Errors    Real Errors   Cell Placements     Environments
                             1              1                53                1
--------------------------------------------------------------------------------
Env.  Env. Placements            X1           Y1          X2           Y2

  1       53                657.650     1672.850     670.750     1677.450

Shape               Environments Status & Error Marker 

          1           X1         Y1         X2         Y2

   1      X       -0.900     -1.350      3.700     11.750

--------------------------------------------------------------------------------
Cell Name : FILLCAPX16 layout CORELIBD

                   Cell Errors    Real Errors   Cell Placements     Environments
                             1              1                34                1
--------------------------------------------------------------------------------
Env.  Env. Placements            X1           Y1          X2           Y2

  1       34                668.050     1703.650     681.150     1727.850

Shape               Environments Status & Error Marker 

          1           X1         Y1         X2         Y2

   1      X       -0.900     -1.350     23.300     11.750

--------------------------------------------------------------------------------
Cell Name : ECG_bandgap_f_v1 layout YAOWEN

                   Cell Errors    Real Errors   Cell Placements     Environments
                            12             12                 1                1
--------------------------------------------------------------------------------
Env.  Env. Placements            X1           Y1          X2           Y2

  1        1                827.600     1185.800    1579.950     1553.050

Shape               Environments Status & Error Marker 

          1           X1         Y1         X2         Y2

   1      X       14.100    530.400    205.875    897.650
   2      X       45.950    732.300     79.500    857.750
   3      X       79.500    530.400    121.800    857.750
   4      X      106.625    530.400    164.100    857.750
   5      X      131.325    530.400    396.675    897.650
   6      X      137.425    732.300    164.100    762.300
   7      X      247.275    676.600    413.000    897.650
   8      X      247.275    693.150    396.675    704.450
   9      X      247.275    711.850    396.675    723.150
  10      X      291.800    530.400    413.000    561.000
  11      X      291.800    530.400    766.450    897.650
  12      X      396.200    560.400    413.000    561.000

--------------------------------------------------------------------------------
Cell Name : DLY1X1 layout CORELIBD

                   Cell Errors    Real Errors   Cell Placements     Environments
                             1              1                 1                1
--------------------------------------------------------------------------------
Env.  Env. Placements            X1           Y1          X2           Y2

  1        1                439.250     1801.700     452.350     1820.200

Shape               Environments Status & Error Marker 

          1           X1         Y1         X2         Y2

   1      X       -0.850     -1.350     17.650     11.750

--------------------------------------------------------------------------------
Cell Name : DFCX4 layout CORELIBD

                   Cell Errors    Real Errors   Cell Placements     Environments
                             1              1                 5                1
--------------------------------------------------------------------------------
Env.  Env. Placements            X1           Y1          X2           Y2

  1        5                564.050     1660.300     577.150     1691.400

Shape               Environments Status & Error Marker 

          1           X1         Y1         X2         Y2

   1      X       -0.850     -1.350     30.250     11.750

--------------------------------------------------------------------------------
Cell Name : DFCX3 layout CORELIBD

                   Cell Errors    Real Errors   Cell Placements     Environments
                             1              1                 1                1
--------------------------------------------------------------------------------
Env.  Env. Placements            X1           Y1          X2           Y2

  1        1                512.050     1660.300     525.150     1691.400

Shape               Environments Status & Error Marker 

          1           X1         Y1         X2         Y2

   1      X       -0.850     -1.350     30.250     11.750

--------------------------------------------------------------------------------
Cell Name : DFCSX4 layout CORELIBD

                   Cell Errors    Real Errors   Cell Placements     Environments
                             1              1                53                1
--------------------------------------------------------------------------------
Env.  Env. Placements            X1           Y1          X2           Y2

  1       53                657.650     1637.900     670.750     1674.600

Shape               Environments Status & Error Marker 

          1           X1         Y1         X2         Y2

   1      X       -0.850     -1.350     35.850     11.750

--------------------------------------------------------------------------------
Cell Name : DFCSX2 layout CORELIBD

                   Cell Errors    Real Errors   Cell Placements     Environments
                             1              1                 2                1
--------------------------------------------------------------------------------
Env.  Env. Placements            X1           Y1          X2           Y2

  1        2                595.250     1773.700     608.350     1811.800

Shape               Environments Status & Error Marker 

          1           X1         Y1         X2         Y2

   1      X       -0.850     -1.350     37.250     11.750

--------------------------------------------------------------------------------
Cell Name : Current_Voltage_Reference layout YAOWEN

                   Cell Errors    Real Errors   Cell Placements     Environments
                            16             16                 1                1
--------------------------------------------------------------------------------
Env.  Env. Placements            X1           Y1          X2           Y2

  1        1               1619.975     1323.250    2301.950     1553.050

Shape               Environments Status & Error Marker 

          1           X1         Y1         X2         Y2

   1      X       29.775     13.350    100.725    243.150
   2      X       65.825     13.350     98.825    191.050
   3      X       65.825     55.900     74.225    128.350
   4      X       90.425     13.350    211.250    243.150
   5      X       90.425     55.900     98.825    128.350
   6      X      127.325    108.650    176.425    243.150
   7      X      164.225    139.150    176.425    145.150
   8      X      176.425    108.650    211.250    243.150
   9      X      211.250     13.350    281.475    243.150
  10      X      246.575     13.350    283.375    243.150
  11      X      246.575     48.900    258.775     52.900
  12      X      271.175     48.900    283.375     52.900
  13      X      283.375     13.350    381.950    243.150
  14      X      308.075    103.100    320.275    109.100
  15      X      320.275     13.350    381.950    146.950
  16      X      381.950     13.350    711.750    243.150

--------------------------------------------------------------------------------
Cell Name : Constant_gm layout YAOWEN

                   Cell Errors    Real Errors   Cell Placements     Environments
                             1              1                 1                1
--------------------------------------------------------------------------------
Env.  Env. Placements            X1           Y1          X2           Y2

  1        1                496.025     1398.000     789.750     1553.050

Shape               Environments Status & Error Marker 

          1           X1         Y1         X2         Y2

   1      X      117.425   -172.000    411.150    -16.950

--------------------------------------------------------------------------------
Cell Name : CORNERP layout IOLIB_4M

                   Cell Errors    Real Errors   Cell Placements     Environments
                             1              1                 4                1
--------------------------------------------------------------------------------
Env.  Env. Placements            X1           Y1          X2           Y2

  1        4                  0.000     -150.000     340.900      190.800

Shape               Environments Status & Error Marker 

          1           X1         Y1         X2         Y2

   1      X       -5.400     -5.400    335.500    335.400

--------------------------------------------------------------------------------
Cell Name : CLKINVX4 layout CORELIBD

                   Cell Errors    Real Errors   Cell Placements     Environments
                             1              1                 1                1
--------------------------------------------------------------------------------
Env.  Env. Placements            X1           Y1          X2           Y2

  1        1                543.250     1714.900     556.350     1719.400

Shape               Environments Status & Error Marker 

          1           X1         Y1         X2         Y2

   1      X       -0.850     -1.350      3.650     11.750

--------------------------------------------------------------------------------
Cell Name : CLKBUFX6 layout CORELIBD

                   Cell Errors    Real Errors   Cell Placements     Environments
                             1              1                 1                1
--------------------------------------------------------------------------------
Env.  Env. Placements            X1           Y1          X2           Y2

  1        1                460.050     1741.500     473.150     1748.800

Shape               Environments Status & Error Marker 

          1           X1         Y1         X2         Y2

   1      X       -0.850     -1.350      6.450     11.750

--------------------------------------------------------------------------------
Cell Name : CLKBUFX4 layout CORELIBD

                   Cell Errors    Real Errors   Cell Placements     Environments
                             1              1                45                1
--------------------------------------------------------------------------------
Env.  Env. Placements            X1           Y1          X2           Y2

  1       45                616.050     1825.500     629.150     1831.400

Shape               Environments Status & Error Marker 

          1           X1         Y1         X2         Y2

   1      X       -0.850     -1.350      5.050     11.750

--------------------------------------------------------------------------------
Cell Name : CLKBUFX3 layout CORELIBD

                   Cell Errors    Real Errors   Cell Placements     Environments
                             1              1                 3                1
--------------------------------------------------------------------------------
Env.  Env. Placements            X1           Y1          X2           Y2

  1        3                626.450     1707.900     639.550     1713.800

Shape               Environments Status & Error Marker 

          1           X1         Y1         X2         Y2

   1      X       -0.850     -1.350      5.050     11.750

--------------------------------------------------------------------------------
Cell Name : CLKBUFX24 layout CORELIBD

                   Cell Errors    Real Errors   Cell Placements     Environments
                             1              1                 2                1
--------------------------------------------------------------------------------
Env.  Env. Placements            X1           Y1          X2           Y2

  1        2                564.050     1808.700     577.150     1823.000

Shape               Environments Status & Error Marker 

          1           X1         Y1         X2         Y2

   1      X       -0.850     -1.350     13.450     11.750

--------------------------------------------------------------------------------
Cell Name : CLKBUFX12 layout CORELIBD

                   Cell Errors    Real Errors   Cell Placements     Environments
                             1              1                 1                1
--------------------------------------------------------------------------------
Env.  Env. Placements            X1           Y1          X2           Y2

  1        1                460.050     1724.700     473.150     1733.400

Shape               Environments Status & Error Marker 

          1           X1         Y1         X2         Y2

   1      X       -0.850     -1.350      7.850     11.750

--------------------------------------------------------------------------------
Cell Name : CLKBUFX10 layout CORELIBD

                   Cell Errors    Real Errors   Cell Placements     Environments
                             1              1                 1                1
--------------------------------------------------------------------------------
Env.  Env. Placements            X1           Y1          X2           Y2

  1        1                564.050     1821.300     577.150     1830.000

Shape               Environments Status & Error Marker 

          1           X1         Y1         X2         Y2

   1      X       -0.850     -1.350      7.850     11.750

--------------------------------------------------------------------------------
Cell Name : BUFX8 layout CORELIBD

                   Cell Errors    Real Errors   Cell Placements     Environments
                             1              1                 1                1
--------------------------------------------------------------------------------
Env.  Env. Placements            X1           Y1          X2           Y2

  1        1                491.250     1696.700     504.350     1704.000

Shape               Environments Status & Error Marker 

          1           X1         Y1         X2         Y2

   1      X       -0.850     -1.350      6.450     11.750

--------------------------------------------------------------------------------
Cell Name : CLKBUFX8 layout CORELIBD

                   Cell Errors    Real Errors   Cell Placements     Environments
                             1              1                 3                1
--------------------------------------------------------------------------------
Env.  Env. Placements            X1           Y1          X2           Y2

  1        3                564.050     1828.300     577.150     1835.600

Shape               Environments Status & Error Marker 

          1           X1         Y1         X2         Y2

   1      X       -0.850     -1.350      6.450     11.750

--------------------------------------------------------------------------------
Cell Name : BUFX2 layout CORELIBD

                   Cell Errors    Real Errors   Cell Placements     Environments
                             1              1                 1                1
--------------------------------------------------------------------------------
Env.  Env. Placements            X1           Y1          X2           Y2

  1        1                439.250     1700.900     452.350     1706.800

Shape               Environments Status & Error Marker 

          1           X1         Y1         X2         Y2

   1      X       -0.850     -1.350      5.050     11.750

--------------------------------------------------------------------------------
Cell Name : CLKBUFX2 layout CORELIBD

                   Cell Errors    Real Errors   Cell Placements     Environments
                             1              1                 8                1
--------------------------------------------------------------------------------
Env.  Env. Placements            X1           Y1          X2           Y2

  1        8                616.050     1818.500     629.150     1824.400

Shape               Environments Status & Error Marker 

          1           X1         Y1         X2         Y2

   1      X       -0.850     -1.350      5.050     11.750

--------------------------------------------------------------------------------
Cell Name : BUFX16 layout CORELIBD

                   Cell Errors    Real Errors   Cell Placements     Environments
                             1              1                 2                1
--------------------------------------------------------------------------------
Env.  Env. Placements            X1           Y1          X2           Y2

  1        2                470.450     1769.500     483.550     1781.000

Shape               Environments Status & Error Marker 

          1           X1         Y1         X2         Y2

   1      X       -0.850     -1.350     10.650     11.750

--------------------------------------------------------------------------------
Cell Name : CLKBUFX16 layout CORELIBD

                   Cell Errors    Real Errors   Cell Placements     Environments
                             1              1                22                1
--------------------------------------------------------------------------------
Env.  Env. Placements            X1           Y1          X2           Y2

  1       22                668.050     1646.300     681.150     1657.800

Shape               Environments Status & Error Marker 

          1           X1         Y1         X2         Y2

   1      X       -0.850     -1.350     10.650     11.750

--------------------------------------------------------------------------------
Cell Name : BUFFER layout YAOWEN

                   Cell Errors    Real Errors   Cell Placements     Environments
                             2              2                 1                1
--------------------------------------------------------------------------------
Env.  Env. Placements            X1           Y1          X2           Y2

  1        1               2046.575      266.350    2393.500      493.975

Shape               Environments Status & Error Marker 

          1           X1         Y1         X2         Y2

   1      X        9.075      9.625    195.725    237.250
   2      X      150.525      9.625    356.000    237.250

--------------------------------------------------------------------------------
Cell Name : AVDD3ALLP layout IOLIB_ANA_4M

                   Cell Errors    Real Errors   Cell Placements     Environments
                             1              1                 3                1
--------------------------------------------------------------------------------
Env.  Env. Placements            X1           Y1          X2           Y2

  1        3               2340.100     -150.000    2440.700      190.400

Shape               Environments Status & Error Marker 

          1           X1         Y1         X2         Y2

   1      X       -0.300     -5.400    100.300    335.000

--------------------------------------------------------------------------------
Cell Name : APRIO200P layout IOLIB_ANA_4M

                   Cell Errors    Real Errors   Cell Placements     Environments
                             1              1                27                1
--------------------------------------------------------------------------------
Env.  Env. Placements            X1           Y1          X2           Y2

  1       27                540.100     -150.000     640.700      190.450

Shape               Environments Status & Error Marker 

          1           X1         Y1         X2         Y2

   1      X       -0.300     -5.400    100.300    335.050

--------------------------------------------------------------------------------
Cell Name : AND2X4 layout CORELIBD

                   Cell Errors    Real Errors   Cell Placements     Environments
                             1              1                 2                1
--------------------------------------------------------------------------------
Env.  Env. Placements            X1           Y1          X2           Y2

  1        2                553.650     1681.300     566.750     1688.600

Shape               Environments Status & Error Marker 

          1           X1         Y1         X2         Y2

   1      X       -0.850     -1.350      6.450     11.750

--------------------------------------------------------------------------------
Cell Name : AGND3ALLP layout IOLIB_ANA_4M

                   Cell Errors    Real Errors   Cell Placements     Environments
                             1              1                 3                1
--------------------------------------------------------------------------------
Env.  Env. Placements            X1           Y1          X2           Y2

  1        3               2540.100     -150.000    2640.700      190.400

Shape               Environments Status & Error Marker 

          1           X1         Y1         X2         Y2

   1      X       -0.300     -5.400    100.300    335.000

--------------------------------------------------------------------------------
Cell Name : il2244_dig layout DIG_SPI

                   Cell Errors    Real Errors   Cell Placements     Environments
                            78             78                 1                1
--------------------------------------------------------------------------------
Env.  Env. Placements            X1           Y1          X2           Y2

  1        1                425.000     1613.250     695.400     1900.850

Shape               Environments Status & Error Marker 

          1           X1         Y1         X2         Y2

   1      X        1.100      0.000    275.300    270.400
   2      X       19.100     37.750     21.550     45.450
   3      X       33.050     58.550     34.150     66.250
   4      X       44.300    100.150     46.750    118.250
   5      X       47.100    120.950     48.150    128.650
   6      X       47.100    172.950     48.150    180.650
   7      X       52.700    162.550     55.150    170.250
   8      X       56.850     79.350     59.350     87.050
   9      X       58.300    131.350     60.750    149.450
  10      X       61.050    162.550     62.100    170.250
  11      X       66.650    131.350     69.150    139.050
  12      X       70.850    141.750     73.350    149.450
  13      X       76.450     89.750     77.500     97.450
  14      X       79.250    120.950     80.350    128.650
  15      X       82.100    172.950     84.550    180.650
  16      X       83.500    152.150     84.550    159.850
  17      X       87.650    110.550     88.700    118.250
  18      X       87.650    131.350     88.750    139.050
  19      X       93.250    131.350     95.700    139.050
  20      X       96.100     89.750     98.550     97.450
  21      X      101.650     58.550    102.700     66.250
  22      X      101.650    141.750    102.750    149.450
  23      X      103.050     37.750    105.550     45.450
  24      X      107.250    183.350    108.300    191.050
  25      X      108.650    162.550    109.750    170.250
  26      X      115.650    152.150    116.700    159.850
  27      X      117.050     37.750    119.500     45.450
  28      X      118.500    183.350    120.950    191.050
  29      X      119.900    120.950    122.350    128.650
  30      X      124.050    152.150    125.150    170.250
  31      X      128.300    214.550    129.350    222.250
  32      X      129.650     79.350    130.700     87.050
  33      X      129.650    152.150    130.700    159.850
  34      X      132.450    110.550    133.500    118.250
  35      X      132.450    162.550    133.500    170.250
  36      X      133.850    120.950    134.900    128.650
  37      X      133.850    235.350    134.900    243.050
  38      X      136.650     68.950    139.150     76.650
  39      X      143.700     48.150    146.150     55.850
  40      X      145.100    204.150    146.150    211.850
  41      X      145.100    235.350    146.150    243.050
  42      X      149.300    100.150    150.350    107.850
  43      X      149.300    183.350    151.750    191.050
  44      X      150.650     68.950    153.100     76.650
  45      X      150.700    110.550    154.550    128.650
  46      X      152.100    162.550    153.150    170.250
  47      X      153.450    172.950    155.950    180.650
  48      X      154.900    152.150    157.350    159.850
  49      X      157.700     79.350    160.150     87.050
  50      X      168.900     68.950    171.350     76.650
  51      X      173.050     27.350    175.550     35.050
  52      X      175.850     58.550    178.350     66.250
  53      X      188.500     48.150    192.300     66.250
  54      X      194.050    110.550    197.900    128.650
  55      X      195.450    193.750    196.500    201.450
  56      X      196.850    224.950    197.900    232.650
  57      X      198.250    152.150    199.300    159.850
  58      X      198.300     37.750    199.350     45.450
  59      X      199.700    100.150    202.150    107.850
  60      X      210.850     37.750    211.950     45.450
  61      X      210.900    172.950    213.350    180.650
  62      X      212.250     68.950    213.350     76.650
  63      X      212.300    152.150    214.750    159.850
  64      X      213.650    100.150    216.100    107.850
  65      X      215.100    183.350    217.550    191.050
  66      X      223.450    120.950    224.550    128.650
  67      X      223.500    141.750    225.950    149.450
  68      X      224.900     58.550    227.350     66.250
  69      X      226.300     27.350    228.750     35.050
  70      X      229.100    214.550    231.550    222.250
  71      X      231.850    141.750    232.900    149.450
  72      X      239.950      0.000    288.700    270.400
  73      X      240.250     37.750    242.750     45.450
  74      X      241.650    214.550    242.700    222.250
  75      X      243.050    110.550    244.100    118.250
  76      X      258.450    162.550    259.500    170.250
  77      X      258.450    183.350    259.500    191.050
  78      X      261.250     79.350    262.300     87.050

--------------------------------------------------------------------------------
Cell Name : fecg_front_end_f_3 layout FECG

                   Cell Errors    Real Errors   Cell Placements     Environments
                             4              4                 1                1
--------------------------------------------------------------------------------
Env.  Env. Placements            X1           Y1          X2           Y2

  1        1                405.600     1975.400    2357.300     2735.850

Shape               Environments Status & Error Marker 

          1           X1         Y1         X2         Y2

   1      X       -7.400    -19.000   1539.150    741.450
   2      X      666.550    225.800   1900.175    741.450
   3      X     1519.600    -19.000   1944.300    741.450
   4      X     1521.800    717.625   1900.175    741.450

--------------------------------------------------------------------------------
Cell Name : fbias_bias2_f layout FBIAS

                   Cell Errors    Real Errors   Cell Placements     Environments
                             2              2                 1                1
--------------------------------------------------------------------------------
Env.  Env. Placements            X1           Y1          X2           Y2

  1        1                767.425     1608.900    2169.425     1939.800

Shape               Environments Status & Error Marker 

          1           X1         Y1         X2         Y2

   1      X       -0.225     -0.600    728.150    330.300
   2      X      712.600     -0.600   1401.775    330.300

--------------------------------------------------------------------------------
Cell Name : IO_RING_S_VHS layout VT26_IO_RING

                   Cell Errors    Real Errors   Cell Placements     Environments
                             4              4                 1                1
--------------------------------------------------------------------------------
Env.  Env. Placements            X1           Y1          X2           Y2

  1        1                  0.000     -150.000    3150.800     3149.800

Shape               Environments Status & Error Marker 

          1           X1         Y1         X2         Y2

   1      X      340.400    190.400   1540.100   2809.400
   2      X     1540.100    190.400   2809.900   2809.400
   3      X     2809.900    190.400   2810.400   2809.000
   4      X     2810.350    559.700   2810.400   1109.100

--------------------------------------------------------------------------------
Cell Name : ECG_Front_End layout YAOWEN

                   Cell Errors    Real Errors   Cell Placements     Environments
                             5              5                 1                1
--------------------------------------------------------------------------------
Env.  Env. Placements            X1           Y1          X2           Y2

  1        1                405.000      202.250    2523.750     1139.050

Shape               Environments Status & Error Marker 

          1           X1         Y1         X2         Y2

   1      X       40.300     50.650   1091.700    987.450
   2      X     1026.775     77.000   1723.950    987.450
   3      X     1091.700     50.650   2028.800    380.100
   4      X     1256.150     50.650   2159.050    987.450
   5      X     1256.150    928.950   1714.650    955.900

--------------------------------------------------------------------------------
Cell Name : ECG_BIAS layout YAOWEN

                   Cell Errors    Real Errors   Cell Placements     Environments
                             3              3                 1                1
--------------------------------------------------------------------------------
Env.  Env. Placements            X1           Y1          X2           Y2

  1        1                463.675     1145.750    2332.175     1596.600

Shape               Environments Status & Error Marker 

          1           X1         Y1         X2         Y2

   1      X     1113.625   -881.350   1439.700   -430.500
   2      X     1439.600   -881.350   2407.000   -430.500
   3      X     2276.600   -881.350   2982.125   -430.500

================================================================================
Rule No. 45 : # C35B4 ENG - 183 Rev9 (Last updated 26-Apr-2017 12:48) #

Real Error Count : 449; Flat Error Count : 3527
================================================================================

--------------------------------------------------------------------------------
Cell Name : G26_1_2_5300_0_r270 sub_array

                   Cell Errors    Real Errors   Cell Placements     Environments
                             1              1                60                1
--------------------------------------------------------------------------------
Env.  Env. Placements            X1           Y1          X2           Y2

  1       60               1665.050      342.000    1677.450      354.400

Shape               Environments Status & Error Marker 

          1           X1         Y1         X2         Y2

   1      X       -1.200    -11.200     11.200      1.200

--------------------------------------------------------------------------------
Cell Name : G106_1_7_3250_0_my sub_array

                   Cell Errors    Real Errors   Cell Placements     Environments
                             1              1                45                1
--------------------------------------------------------------------------------
Env.  Env. Placements            X1           Y1          X2           Y2

  1       45               1165.100     2014.150    1187.400     2036.350

Shape               Environments Status & Error Marker 

          1           X1         Y1         X2         Y2

   1      X       -2.400     -0.250     19.900     21.950

--------------------------------------------------------------------------------
Cell Name : G134_1_2_7300_0_r90 sub_array

                   Cell Errors    Real Errors   Cell Placements     Environments
                             1              1                80                1
--------------------------------------------------------------------------------
Env.  Env. Placements            X1           Y1          X2           Y2

  1       80               2256.175      328.575    2272.575      335.975

Shape               Environments Status & Error Marker 

          1           X1         Y1         X2         Y2

   1      X       -7.900     -1.200      8.500      6.200

--------------------------------------------------------------------------------
Cell Name : G26_1_2_5300_0_r270_A3 array 3 10 5.3 18 r270

                   Cell Errors    Real Errors   Cell Placements     Environments
                             2              2                 4                1
--------------------------------------------------------------------------------
Env.  Env. Placements            X1           Y1          X2           Y2

  1        4               1665.050      342.000    1719.850      390.400

Shape               Environments Status & Error Marker 

          1           X1         Y1         X2         Y2

   1      X       -1.200      1.200     53.600      6.800
   2      X       -1.200     19.200     53.600     24.800

--------------------------------------------------------------------------------
Cell Name : G106_1_7_3250_0_r0 sub_array

                   Cell Errors    Real Errors   Cell Placements     Environments
                             1              1                90                1
--------------------------------------------------------------------------------
Env.  Env. Placements            X1           Y1          X2           Y2

  1       90                624.650      554.000     646.950      576.200

Shape               Environments Status & Error Marker 

          1           X1         Y1         X2         Y2

   1      X       -0.400     -0.250     21.900     21.950

--------------------------------------------------------------------------------
Cell Name : vert10_4 layout PRIMLIB

                   Cell Errors    Real Errors   Cell Placements     Environments
                             1              1               112                1
--------------------------------------------------------------------------------
Env.  Env. Placements            X1           Y1          X2           Y2

  1      112               1105.300     1199.000    1122.100     1215.800

Shape               Environments Status & Error Marker 

          1           X1         Y1         X2         Y2

   1      X        0.000      0.000     16.800     16.800

--------------------------------------------------------------------------------
Cell Name : pmos4 layout PRIMLIB l="15u" in1=MP428029

                   Cell Errors    Real Errors   Cell Placements     Environments
                             1              1               208                1
--------------------------------------------------------------------------------
Env.  Env. Placements            X1           Y1          X2           Y2

  1      208               1509.625      853.175    1528.725      865.575

Shape               Environments Status & Error Marker 

          1           X1         Y1         X2         Y2

   1      X       -1.200     -1.200     11.200     17.900

--------------------------------------------------------------------------------
Cell Name : cvar layout PRIMLIB col=10 row=15 in1=C128529

                   Cell Errors    Real Errors   Cell Placements     Environments
                             1              1                17                1
--------------------------------------------------------------------------------
Env.  Env. Placements            X1           Y1          X2           Y2

  1       17               1717.175     1652.250    1739.275     1776.750

Shape               Environments Status & Error Marker 

          1           X1         Y1         X2         Y2

   1      X       -2.275     -1.550     19.825    122.950

--------------------------------------------------------------------------------
Cell Name : pmos4 layout PRIMLIB l="3u" in1=MP528329

                   Cell Errors    Real Errors   Cell Placements     Environments
                             1              1                46                1
--------------------------------------------------------------------------------
Env.  Env. Placements            X1           Y1          X2           Y2

  1       46               1659.750      342.000    1666.850      354.400

Shape               Environments Status & Error Marker 

          1           X1         Y1         X2         Y2

   1      X       -1.200     -1.200     11.200      5.900

--------------------------------------------------------------------------------
Cell Name : pmos4 layout PRIMLIB l="350n" w="5u" wtot="5u" in1=MP128729

                   Cell Errors    Real Errors   Cell Placements     Environments
                             1              1                80                1
--------------------------------------------------------------------------------
Env.  Env. Placements            X1           Y1          X2           Y2

  1       80               1602.825      330.825    1607.275      338.225

Shape               Environments Status & Error Marker 

          1           X1         Y1         X2         Y2

   1      X       -1.200     -1.200      6.200      3.250

--------------------------------------------------------------------------------
Cell Name : nmos4 layout PRIMLIB l="1u" w="5u" wtot="5u" in1=MN628129

                   Cell Errors    Real Errors   Cell Placements     Environments
                             1              1               104                1
--------------------------------------------------------------------------------
Env.  Env. Placements            X1           Y1          X2           Y2

  1      104               1676.575      300.800    1679.775      306.600

Shape               Environments Status & Error Marker 

          1           X1         Y1         X2         Y2

   1      X       -0.400     -0.250      5.400      2.950

--------------------------------------------------------------------------------
Cell Name : nmos4 layout PRIMLIB l="4u" w="4u" wtot="4u" in1=MN8

                   Cell Errors    Real Errors   Cell Placements     Environments
                             1              1                 8                1
--------------------------------------------------------------------------------
Env.  Env. Placements            X1           Y1          X2           Y2

  1        8               1614.050      297.800    1620.250      302.600

Shape               Environments Status & Error Marker 

          1           X1         Y1         X2         Y2

   1      X       -0.400     -0.250      4.400      5.950

--------------------------------------------------------------------------------
Cell Name : nmos4 layout PRIMLIB l="1u" ng="2" wtot="20u" in1=MN9

                   Cell Errors    Real Errors   Cell Placements     Environments
                             1              1                 8                1
--------------------------------------------------------------------------------
Env.  Env. Placements            X1           Y1          X2           Y2

  1        8               1596.000      300.950    1601.200      312.350

Shape               Environments Status & Error Marker 

          1           X1         Y1         X2         Y2

   1      X       -0.700     -0.250     10.700      4.950

--------------------------------------------------------------------------------
Cell Name : avPart2

                   Cell Errors    Real Errors   Cell Placements     Environments
                             1              1                84                1
--------------------------------------------------------------------------------
Env.  Env. Placements            X1           Y1          X2           Y2

  1       84                980.525      338.700    1010.925      351.100

Shape               Environments Status & Error Marker 

          1           X1         Y1         X2         Y2

   1      X       -1.200     -1.200     11.200     29.200

--------------------------------------------------------------------------------
Cell Name : avPart1

                   Cell Errors    Real Errors   Cell Placements     Environments
                             1              1                78                1
--------------------------------------------------------------------------------
Env.  Env. Placements            X1           Y1          X2           Y2

  1       78               1060.775     1341.150    1087.175     1348.550

Shape               Environments Status & Error Marker 

          1           X1         Y1         X2         Y2

   1      X       -1.200    -13.500      6.200     12.900

--------------------------------------------------------------------------------
Cell Name : vert10_4_A10 array 7 9 16.9 18.7 mx

                   Cell Errors    Real Errors   Cell Placements     Environments
                             9              9                 1                1
--------------------------------------------------------------------------------
Env.  Env. Placements            X1           Y1          X2           Y2

  1        1               1425.625     1762.050    1577.625     1891.050

Shape               Environments Status & Error Marker 

          1           X1         Y1         X2         Y2

   1      X        0.000    -16.800     33.700    112.200
   2      X       16.900    -16.800     50.700    112.200
   3      X       16.900     18.700     33.700     20.600
   4      X       50.700    -16.800     84.400    112.200
   5      X       67.600    -16.800    101.400    112.200
   6      X       67.600     18.700     84.400     20.600
   7      X      101.400    -16.800    135.100    112.200
   8      X      118.300    -16.800    152.000    112.200
   9      X      118.300     18.700    135.100     20.600

--------------------------------------------------------------------------------
Cell Name : cvar_A9 array 1 6 23.15 0 my

                   Cell Errors    Real Errors   Cell Placements     Environments
                             5              5                 1                1
--------------------------------------------------------------------------------
Env.  Env. Placements            X1           Y1          X2           Y2

  1        1               1717.175     1652.250    1855.025     1776.750

Shape               Environments Status & Error Marker 

          1           X1         Y1         X2         Y2

   1      X        2.275     -1.550      3.325    122.950
   2      X       25.425     -1.550     26.475    122.950
   3      X       48.575     -1.550     49.625    122.950
   4      X       71.725     -1.550     72.775    122.950
   5      X       94.875     -1.550     95.925    122.950

--------------------------------------------------------------------------------
Cell Name : cvar_A8 array 11 1 0 23.15 r270

                   Cell Errors    Real Errors   Cell Placements     Environments
                            10             10                 1                1
--------------------------------------------------------------------------------
Env.  Env. Placements            X1           Y1          X2           Y2

  1        1               2015.475     1646.300    2139.975     1899.900

Shape               Environments Status & Error Marker 

          1           X1         Y1         X2         Y2

   1      X       -1.550      2.275    122.950      3.325
   2      X       -1.550     25.425    122.950     26.475
   3      X       -1.550     48.575    122.950     49.625
   4      X       -1.550     71.725    122.950     72.775
   5      X       -1.550     94.875    122.950     95.925
   6      X       -1.550    118.025    122.950    119.075
   7      X       -1.550    141.175    122.950    142.225
   8      X       -1.550    164.325    122.950    165.375
   9      X       -1.550    187.475    122.950    188.525
  10      X       -1.550    210.625    122.950    211.675

--------------------------------------------------------------------------------
Cell Name : vert10_4_A7 array 3 7 17.4 19.4 r0

                   Cell Errors    Real Errors   Cell Placements     Environments
                             3              3                 2                1
--------------------------------------------------------------------------------
Env.  Env. Placements            X1           Y1          X2           Y2

  1        2               1105.300     1216.400    1226.500     1272.000

Shape               Environments Status & Error Marker 

          1           X1         Y1         X2         Y2

   1      X        0.000      0.000     69.000     55.600
   2      X       52.200     36.200     69.000     38.800
   3      X       69.000      0.000    121.200     55.600

--------------------------------------------------------------------------------
Cell Name : G106_1_7_3250_0_r0_A6 array 5 21 3.25 24.8 r0

                   Cell Errors    Real Errors   Cell Placements     Environments
                             3              3                 3                1
--------------------------------------------------------------------------------
Env.  Env. Placements            X1           Y1          X2           Y2

  1        3               1255.750     2014.150    1323.550     2135.550

Shape               Environments Status & Error Marker 

          1           X1         Y1         X2         Y2

   1      X       -0.400     -0.250     67.400     96.350
   2      X       -0.400     96.350     67.400    121.150
   3      X       44.650     74.150     45.100     96.350

--------------------------------------------------------------------------------
Cell Name : G106_1_7_3250_0_my_A5 array 5 21 3.25 24.8 my

                   Cell Errors    Real Errors   Cell Placements     Environments
                             3              3                 3                1
--------------------------------------------------------------------------------
Env.  Env. Placements            X1           Y1          X2           Y2

  1        3               1165.100     2014.150    1232.900     2135.550

Shape               Environments Status & Error Marker 

          1           X1         Y1         X2         Y2

   1      X       -2.400     -0.250     65.400     96.350
   2      X       -2.400     96.350     65.400    121.150
   3      X       42.650     74.150     43.100     96.350

--------------------------------------------------------------------------------
Cell Name : G134_1_2_7300_0_r90_A4 array 10 16 7.3 14.3 r90

                   Cell Errors    Real Errors   Cell Placements     Environments
                             9              9                 1                1
--------------------------------------------------------------------------------
Env.  Env. Placements            X1           Y1          X2           Y2

  1        1               2256.175      328.575    2374.775      464.675

Shape               Environments Status & Error Marker 

          1           X1         Y1         X2         Y2

   1      X       -7.900      6.200    110.700     13.100
   2      X       -7.900     20.500    110.700     27.400
   3      X       -7.900     34.800    110.700     41.700
   4      X       -7.900     49.100    110.700     56.000
   5      X       -7.900     63.400    110.700     70.300
   6      X       -7.900     77.700    110.700     84.600
   7      X       -7.900     92.000    110.700     98.900
   8      X       -7.900    106.300    110.700    113.200
   9      X       -7.900    120.600    110.700    127.500

--------------------------------------------------------------------------------
Cell Name : G106_1_7_3250_0_r0_A2 array 5 21 3.25 25.8 r0

                   Cell Errors    Real Errors   Cell Placements     Environments
                             3              3                 3                1
--------------------------------------------------------------------------------
Env.  Env. Placements            X1           Y1          X2           Y2

  1        3                624.650      554.000     692.450      679.400

Shape               Environments Status & Error Marker 

          1           X1         Y1         X2         Y2

   1      X       -0.400     -0.250     67.400     99.350
   2      X       -0.400     99.350     67.400    125.150
   3      X       44.650     77.150     45.100     99.350

--------------------------------------------------------------------------------
Cell Name : pmos4_A1 array 8 13 17.3 21.8 r90

                   Cell Errors    Real Errors   Cell Placements     Environments
                             7              7                 2                1
--------------------------------------------------------------------------------
Env.  Env. Placements            X1           Y1          X2           Y2

  1        2               1509.625      853.175    1736.325     1018.175

Shape               Environments Status & Error Marker 

          1           X1         Y1         X2         Y2

   1      X      -17.900     11.200    208.800     20.600
   2      X      -17.900     33.000    208.800     42.400
   3      X      -17.900     54.800    208.800     64.200
   4      X      -17.900     76.600    208.800     86.000
   5      X      -17.900     98.400    208.800    107.800
   6      X      -17.900    120.200    208.800    129.600
   7      X      -17.900    142.000    208.800    151.400

--------------------------------------------------------------------------------
Cell Name : rpolyhc layout PRIMLIB Bends=4 Dummy=TRUE ResShape="90_deg" doubleCont="Horizontal" gwell="N-Well" l="52.5u" r="35K" w="2u" in1=R50

                   Cell Errors    Real Errors   Cell Placements     Environments
                             1              1                45                1
--------------------------------------------------------------------------------
Env.  Env. Placements            X1           Y1          X2           Y2

  1       45               1414.425     1651.225    1438.475     1675.725

Shape               Environments Status & Error Marker 

          1           X1         Y1         X2         Y2

   1      X       -7.750     -5.750     16.300     18.750

--------------------------------------------------------------------------------
Cell Name : rpolyhc layout PRIMLIB Bends=30 l="4737.000u" r="580K" in1=R2

                   Cell Errors    Real Errors   Cell Placements     Environments
                             1              1                 2                1
--------------------------------------------------------------------------------
Env.  Env. Placements            X1           Y1          X2           Y2

  1        2               1240.750     1200.500    1406.350     1539.700

Shape               Environments Status & Error Marker 

          1           X1         Y1         X2         Y2

   1      X      -13.200     -3.350    152.400    335.850

--------------------------------------------------------------------------------
Cell Name : rpolyhc layout PRIMLIB Bends=4 Dummy=TRUE ResShape="90_deg" doubleCont="Horizontal" gwell="N-Well" l="25u" r="50K" w="800n" in1=R27

                   Cell Errors    Real Errors   Cell Placements     Environments
                             1              1                24                1
--------------------------------------------------------------------------------
Env.  Env. Placements            X1           Y1          X2           Y2

  1       24               1921.650     1780.100    1937.950     1796.100

Shape               Environments Status & Error Marker 

          1           X1         Y1         X2         Y2

   1      X       -6.000     -4.650     10.000     11.650

--------------------------------------------------------------------------------
Cell Name : rpolyhc layout PRIMLIB Bends=28 Dummy=TRUE ResShape="90_deg" gwell="N-Well" l="5000u" r="10M" rleft="Cont" rright="Cont" id_=38be6356325ad8cb in1=R10

                   Cell Errors    Real Errors   Cell Placements     Environments
                             1              1                 4                1
--------------------------------------------------------------------------------
Env.  Env. Placements            X1           Y1          X2           Y2

  1        4               1950.600      291.600    2006.700      475.850

Shape               Environments Status & Error Marker 

          1           X1         Y1         X2         Y2

   1      X       -6.650     -5.950    177.600     50.150

--------------------------------------------------------------------------------
Cell Name : rpolyhc layout PRIMLIB Bends=10 Dummy=TRUE ResShape="90_deg" l="500u" r="1M" w="0.8u" in1=R1

                   Cell Errors    Real Errors   Cell Placements     Environments
                             1              1                 4                1
--------------------------------------------------------------------------------
Env.  Env. Placements            X1           Y1          X2           Y2

  1        4               1631.175      421.550    1656.775      476.400

Shape               Environments Status & Error Marker 

          1           X1         Y1         X2         Y2

   1      X       -5.350     -4.650     49.500     20.950

--------------------------------------------------------------------------------
Cell Name : rpolyhc layout PRIMLIB Bends=12 Dummy=TRUE ResShape="90_deg" gwell="N-Well" l="1000u" r="2M" rtop="Cont" w="0.8u" in1=R3

                   Cell Errors    Real Errors   Cell Placements     Environments
                             1              1                 2                1
--------------------------------------------------------------------------------
Env.  Env. Placements            X1           Y1          X2           Y2

  1        2               2161.100     2283.525    2191.100     2372.425

Shape               Environments Status & Error Marker 

          1           X1         Y1         X2         Y2

   1      X       -6.650     -4.650     82.250     25.350

--------------------------------------------------------------------------------
Cell Name : rpolyhc layout PRIMLIB Bends=10 Dummy=TRUE ResShape="90_deg" gwell="N-Well" l="500u" r="1M" w="0.8u" in1=R15

                   Cell Errors    Real Errors   Cell Placements     Environments
                             1              1                32                1
--------------------------------------------------------------------------------
Env.  Env. Placements            X1           Y1          X2           Y2

  1       32               1954.600      864.050    2009.450      889.650

Shape               Environments Status & Error Marker 

          1           X1         Y1         X2         Y2

   1      X       -5.350     -4.650     49.500     20.950

--------------------------------------------------------------------------------
Cell Name : rpolyhc layout PRIMLIB doubleCont="Horizontal" gwell="N-Well" l="18.75u" r="12.5K" w="2u" in1=R2

                   Cell Errors    Real Errors   Cell Placements     Environments
                             1              1                 4                1
--------------------------------------------------------------------------------
Env.  Env. Placements            X1           Y1          X2           Y2

  1        4                567.050      409.750     596.600      418.450

Shape               Environments Status & Error Marker 

          1           X1         Y1         X2         Y2

   1      X       -4.800     -3.350     24.750      5.350

--------------------------------------------------------------------------------
Cell Name : rpolyhc layout PRIMLIB Dummy=TRUE doubleCont="Horizontal" gwell="N-Well" l="18.75u" r="12.5K" w="2u" in1=R7

                   Cell Errors    Real Errors   Cell Placements     Environments
                             1              1                 4                1
--------------------------------------------------------------------------------
Env.  Env. Placements            X1           Y1          X2           Y2

  1        4                562.250      396.250     596.600      409.750

Shape               Environments Status & Error Marker 

          1           X1         Y1         X2         Y2

   1      X       -7.200     -5.750     27.150      7.750

--------------------------------------------------------------------------------
Cell Name : rpolyhc layout PRIMLIB Bends=4 Dummy=TRUE ResShape="90_deg" doubleCont="Horizontal" gwell="N-Well" l="250u" r="500K" w="800n" in1=R11

                   Cell Errors    Real Errors   Cell Placements     Environments
                             1              1                 8                1
--------------------------------------------------------------------------------
Env.  Env. Placements            X1           Y1          X2           Y2

  1        8               2058.525      340.825    2119.525      357.125

Shape               Environments Status & Error Marker 

          1           X1         Y1         X2         Y2

   1      X       -6.000     -4.650     55.000     11.650

--------------------------------------------------------------------------------
Cell Name : pmos4 layout PRIMLIB l="10u" w="5u" wtot="5u" in1=MP24284929

                   Cell Errors    Real Errors   Cell Placements     Environments
                             1              1               131                1
--------------------------------------------------------------------------------
Env.  Env. Placements            X1           Y1          X2           Y2

  1      131                857.675     1513.150     871.775     1520.550

Shape               Environments Status & Error Marker 

          1           X1         Y1         X2         Y2

   1      X       -1.200     -1.200      6.200     12.900

--------------------------------------------------------------------------------
Cell Name : pmos4 layout PRIMLIB l="500n" w="5u" wtot="5u" in1=MP2528329

                   Cell Errors    Real Errors   Cell Placements     Environments
                             1              1                14                1
--------------------------------------------------------------------------------
Env.  Env. Placements            X1           Y1          X2           Y2

  1       14                905.375     1417.700     909.975     1425.100

Shape               Environments Status & Error Marker 

          1           X1         Y1         X2         Y2

   1      X       -1.200     -1.200      6.200      3.400

--------------------------------------------------------------------------------
Cell Name : pmos4 layout PRIMLIB l="30u" in1=MP8281129

                   Cell Errors    Real Errors   Cell Placements     Environments
                             1              1                47                1
--------------------------------------------------------------------------------
Env.  Env. Placements            X1           Y1          X2           Y2

  1       47               2016.575     1445.700    2050.675     1458.100

Shape               Environments Status & Error Marker 

          1           X1         Y1         X2         Y2

   1      X       -1.200     -1.200     11.200     32.900

--------------------------------------------------------------------------------
Cell Name : pmos4 layout PRIMLIB l="5u" w="8.35u" wtot="8.35u" in1=MP428529

                   Cell Errors    Real Errors   Cell Placements     Environments
                             1              1                16                1
--------------------------------------------------------------------------------
Env.  Env. Placements            X1           Y1          X2           Y2

  1       16               1638.250     1787.475    1647.350     1798.225

Shape               Environments Status & Error Marker 

          1           X1         Y1         X2         Y2

   1      X       -1.200     -1.200      9.550      7.900

--------------------------------------------------------------------------------
Cell Name : pmos4 layout PRIMLIB l="350n" in1=MP928329

                   Cell Errors    Real Errors   Cell Placements     Environments
                             1              1                 8                1
--------------------------------------------------------------------------------
Env.  Env. Placements            X1           Y1          X2           Y2

  1        8               1380.025     1750.800    1384.475     1763.200

Shape               Environments Status & Error Marker 

          1           X1         Y1         X2         Y2

   1      X       -1.200     -1.200     11.200      3.250

--------------------------------------------------------------------------------
Cell Name : pmos4 layout PRIMLIB l="2u" w="5u" wtot="5u" in1=MP328529

                   Cell Errors    Real Errors   Cell Placements     Environments
                             1              1                28                1
--------------------------------------------------------------------------------
Env.  Env. Placements            X1           Y1          X2           Y2

  1       28               1930.300     1365.000    1936.400     1372.400

Shape               Environments Status & Error Marker 

          1           X1         Y1         X2         Y2

   1      X       -1.200     -1.200      6.200      4.900

--------------------------------------------------------------------------------
Cell Name : pmos4 layout PRIMLIB l="1u" w="5u" wtot="5u" in1=MP12

                   Cell Errors    Real Errors   Cell Placements     Environments
                             1              1                 3                1
--------------------------------------------------------------------------------
Env.  Env. Placements            X1           Y1          X2           Y2

  1        3               1934.600     1365.000    1939.700     1372.400

Shape               Environments Status & Error Marker 

          1           X1         Y1         X2         Y2

   1      X       -1.200     -1.200      6.200      3.900

--------------------------------------------------------------------------------
Cell Name : pmos4 layout PRIMLIB l="4u" w="25u" wtot="25u" in1=MP128729

                   Cell Errors    Real Errors   Cell Placements     Environments
                             1              1                20                1
--------------------------------------------------------------------------------
Env.  Env. Placements            X1           Y1          X2           Y2

  1       20               1310.875     1658.450    1318.975     1685.850

Shape               Environments Status & Error Marker 

          1           X1         Y1         X2         Y2

   1      X       -1.200     -1.200     26.200      6.900

--------------------------------------------------------------------------------
Cell Name : pmos4 layout PRIMLIB l="10u" in1=MP928129

                   Cell Errors    Real Errors   Cell Placements     Environments
                             1              1                17                1
--------------------------------------------------------------------------------
Env.  Env. Placements            X1           Y1          X2           Y2

  1       17               1820.675     1464.900    1834.775     1477.300

Shape               Environments Status & Error Marker 

          1           X1         Y1         X2         Y2

   1      X       -1.200     -1.200     11.200     12.900

--------------------------------------------------------------------------------
Cell Name : pmos4 layout PRIMLIB l="1u" in1=MP2628729

                   Cell Errors    Real Errors   Cell Placements     Environments
                             1              1                 8                1
--------------------------------------------------------------------------------
Env.  Env. Placements            X1           Y1          X2           Y2

  1        8               2013.275     1445.700    2018.375     1458.100

Shape               Environments Status & Error Marker 

          1           X1         Y1         X2         Y2

   1      X       -1.200     -1.200     11.200      3.900

--------------------------------------------------------------------------------
Cell Name : pmos4 layout PRIMLIB l="4u" w="5u" wtot="5u" in1=MP828329

                   Cell Errors    Real Errors   Cell Placements     Environments
                             1              1                12                1
--------------------------------------------------------------------------------
Env.  Env. Placements            X1           Y1          X2           Y2

  1       12                950.925     1417.700     959.025     1425.100

Shape               Environments Status & Error Marker 

          1           X1         Y1         X2         Y2

   1      X       -1.200     -1.200      6.200      6.900

--------------------------------------------------------------------------------
Cell Name : pmos4 layout PRIMLIB jd=FALSE jg="no" js=FALSE l="1u" ng="2" w="5u" in1=MP4

                   Cell Errors    Real Errors   Cell Placements     Environments
                             1              1                 6                1
--------------------------------------------------------------------------------
Env.  Env. Placements            X1           Y1          X2           Y2

  1        6               1545.350      455.450    1552.450      462.850

Shape               Environments Status & Error Marker 

          1           X1         Y1         X2         Y2

   1      X       -1.200     -1.200      6.200      5.900

--------------------------------------------------------------------------------
Cell Name : pmos4 layout PRIMLIB l="3u" w="5u" wtot="5u" in1=MP628129

                   Cell Errors    Real Errors   Cell Placements     Environments
                             1              1                20                1
--------------------------------------------------------------------------------
Env.  Env. Placements            X1           Y1          X2           Y2

  1       20               1493.625      455.650    1500.725      463.050

Shape               Environments Status & Error Marker 

          1           X1         Y1         X2         Y2

   1      X       -1.200     -1.200      6.200      5.900

--------------------------------------------------------------------------------
Cell Name : pmos4 layout PRIMLIB l="5u" w="6u" wtot="6u" in1=MP2528329

                   Cell Errors    Real Errors   Cell Placements     Environments
                             1              1               144                1
--------------------------------------------------------------------------------
Env.  Env. Placements            X1           Y1          X2           Y2

  1      144                469.050      729.100     478.150      737.500

Shape               Environments Status & Error Marker 

          1           X1         Y1         X2         Y2

   1      X       -1.200     -1.200      7.200      7.900

--------------------------------------------------------------------------------
Cell Name : pmos4 layout PRIMLIB jd=FALSE js=FALSE l="350n" ng="20" w="15u" wtot="300u" in1=MP1728129

                   Cell Errors    Real Errors   Cell Placements     Environments
                             1              1                24                1
--------------------------------------------------------------------------------
Env.  Env. Placements            X1           Y1          X2           Y2

  1       24                614.750      711.200     644.850      728.600

Shape               Environments Status & Error Marker 

          1           X1         Y1         X2         Y2

   1      X       -1.200     -1.200     16.200     28.900

--------------------------------------------------------------------------------
Cell Name : pmos4 layout PRIMLIB l="4u" w="12.5u" wtot="12.5u" in1=MP928729

                   Cell Errors    Real Errors   Cell Placements     Environments
                             1              1                60                1
--------------------------------------------------------------------------------
Env.  Env. Placements            X1           Y1          X2           Y2

  1       60                866.675      263.400     874.775      278.300

Shape               Environments Status & Error Marker 

          1           X1         Y1         X2         Y2

   1      X       -1.200     -1.200     13.700      6.900

--------------------------------------------------------------------------------
Cell Name : pmos4 layout PRIMLIB l="5u" w="5u" wtot="5u" in1=MP24

                   Cell Errors    Real Errors   Cell Placements     Environments
                             1              1                24                1
--------------------------------------------------------------------------------
Env.  Env. Placements            X1           Y1          X2           Y2

  1       24                710.650      742.500     719.750      749.900

Shape               Environments Status & Error Marker 

          1           X1         Y1         X2         Y2

   1      X       -1.200     -1.200      6.200      7.900

--------------------------------------------------------------------------------
Cell Name : pmos4 layout PRIMLIB jd=FALSE jg="no" js=FALSE l="350n" ng="10" wtot="100u" in1=MP6

                   Cell Errors    Real Errors   Cell Placements     Environments
                             1              1                 2                1
--------------------------------------------------------------------------------
Env.  Env. Placements            X1           Y1          X2           Y2

  1        2               1854.925      907.275    1871.525      919.675

Shape               Environments Status & Error Marker 

          1           X1         Y1         X2         Y2

   1      X       -1.200     -1.200     11.200     15.400

--------------------------------------------------------------------------------
Cell Name : pmos4 layout PRIMLIB l="500n" w="12.5u" wtot="12.5u" in1=MP1283129

                   Cell Errors    Real Errors   Cell Placements     Environments
                             1              1                68                1
--------------------------------------------------------------------------------
Env.  Env. Placements            X1           Y1          X2           Y2

  1       68               2045.825     2342.300    2050.425     2357.200

Shape               Environments Status & Error Marker 

          1           X1         Y1         X2         Y2

   1      X       -1.200     -1.200     13.700      3.400

--------------------------------------------------------------------------------
Cell Name : pmos4 layout PRIMLIB l="20u" w="25u" wtot="25u" in1=MP328129

                   Cell Errors    Real Errors   Cell Placements     Environments
                             1              1                 6                1
--------------------------------------------------------------------------------
Env.  Env. Placements            X1           Y1          X2           Y2

  1        6                760.975      446.350     785.075      473.750

Shape               Environments Status & Error Marker 

          1           X1         Y1         X2         Y2

   1      X       -1.200     -1.200     26.200     22.900

--------------------------------------------------------------------------------
Cell Name : pmos4 layout PRIMLIB jd=FALSE js=FALSE l="4u" ng="6" w="33.35u" wtot="200u" in1=MP028129

                   Cell Errors    Real Errors   Cell Placements     Environments
                             1              1                 4                1
--------------------------------------------------------------------------------
Env.  Env. Placements            X1           Y1          X2           Y2

  1        4                658.700      393.800     691.800      429.550

Shape               Environments Status & Error Marker 

          1           X1         Y1         X2         Y2

   1      X       -1.200     -1.200     34.550     31.900

--------------------------------------------------------------------------------
Cell Name : pmos4 layout PRIMLIB jd=FALSE jg="no" js=FALSE l="4u" ng="6" w="33.35u" wtot="200u" in1=MP128129

                   Cell Errors    Real Errors   Cell Placements     Environments
                             1              1                 4                1
--------------------------------------------------------------------------------
Env.  Env. Placements            X1           Y1          X2           Y2

  1        4                546.925     2585.475     580.025     2621.225

Shape               Environments Status & Error Marker 

          1           X1         Y1         X2         Y2

   1      X       -1.200     -1.200     34.550     31.900

--------------------------------------------------------------------------------
Cell Name : pmos4 layout PRIMLIB jd=FALSE jg="no" js=FALSE l="4u" ng="10" wtot="100u" in1=MP7

                   Cell Errors    Real Errors   Cell Placements     Environments
                             1              1                 2                1
--------------------------------------------------------------------------------
Env.  Env. Placements            X1           Y1          X2           Y2

  1        2                668.325     2617.750     721.425     2630.150

Shape               Environments Status & Error Marker 

          1           X1         Y1         X2         Y2

   1      X       -1.200     -1.200     11.200     51.900

--------------------------------------------------------------------------------
Cell Name : pmos4 layout PRIMLIB l="20u" w="12.5u" wtot="12.5u" in1=MP328329

                   Cell Errors    Real Errors   Cell Placements     Environments
                             1              1                12                1
--------------------------------------------------------------------------------
Env.  Env. Placements            X1           Y1          X2           Y2

  1       12                657.975     2658.150     682.075     2673.050

Shape               Environments Status & Error Marker 

          1           X1         Y1         X2         Y2

   1      X       -1.200     -1.200     13.700     22.900

--------------------------------------------------------------------------------
Cell Name : pmos4 layout PRIMLIB l="2u" in1=dummy228029

                   Cell Errors    Real Errors   Cell Placements     Environments
                             1              1                24                1
--------------------------------------------------------------------------------
Env.  Env. Placements            X1           Y1          X2           Y2

  1       24               2103.950      290.325    2110.050      302.725

Shape               Environments Status & Error Marker 

          1           X1         Y1         X2         Y2

   1      X       -1.200     -1.200     11.200      4.900

--------------------------------------------------------------------------------
Cell Name : pmos4 layout PRIMLIB l="4u" in1=MP128929

                   Cell Errors    Real Errors   Cell Placements     Environments
                             1              1                24                1
--------------------------------------------------------------------------------
Env.  Env. Placements            X1           Y1          X2           Y2

  1       24               1780.625      990.350    1788.725     1002.750

Shape               Environments Status & Error Marker 

          1           X1         Y1         X2         Y2

   1      X       -1.200     -1.200     11.200      6.900

--------------------------------------------------------------------------------
Cell Name : pmos4 layout PRIMLIB l="4u" ng="10" wtot="100u" in1=MP7

                   Cell Errors    Real Errors   Cell Placements     Environments
                             1              1                 2                1
--------------------------------------------------------------------------------
Env.  Env. Placements            X1           Y1          X2           Y2

  1        2                830.775      378.100     883.875      390.500

Shape               Environments Status & Error Marker 

          1           X1         Y1         X2         Y2

   1      X       -1.200     -1.200     11.200     51.900

--------------------------------------------------------------------------------
Cell Name : nmos4 layout PRIMLIB l="10u" w="5u" wtot="5u" in1=MN3028329

                   Cell Errors    Real Errors   Cell Placements     Environments
                             1              1                58                1
--------------------------------------------------------------------------------
Env.  Env. Placements            X1           Y1          X2           Y2

  1       58               1639.925     1350.200    1652.125     1356.000

Shape               Environments Status & Error Marker 

          1           X1         Y1         X2         Y2

   1      X       -0.400     -0.250      5.400     11.950

--------------------------------------------------------------------------------
Cell Name : nmos4 layout PRIMLIB l="10u" in1=MN928329

                   Cell Errors    Real Errors   Cell Placements     Environments
                             1              1                56                1
--------------------------------------------------------------------------------
Env.  Env. Placements            X1           Y1          X2           Y2

  1       56               1824.475     1402.200    1836.675     1413.000

Shape               Environments Status & Error Marker 

          1           X1         Y1         X2         Y2

   1      X       -0.400     -0.250     10.400     11.950

--------------------------------------------------------------------------------
Cell Name : nmos4 layout PRIMLIB l="5u" w="33u" wtot="33u" in1=MN528329

                   Cell Errors    Real Errors   Cell Placements     Environments
                             1              1                28                1
--------------------------------------------------------------------------------
Env.  Env. Placements            X1           Y1          X2           Y2

  1       28               1888.050     1683.850    1895.250     1717.650

Shape               Environments Status & Error Marker 

          1           X1         Y1         X2         Y2

   1      X       -0.400     -0.250     33.400      6.950

--------------------------------------------------------------------------------
Cell Name : nmos4 layout PRIMLIB l="1u" w="28.5u" wtot="28.5u" in1=MN528329

                   Cell Errors    Real Errors   Cell Placements     Environments
                             1              1                32                1
--------------------------------------------------------------------------------
Env.  Env. Placements            X1           Y1          X2           Y2

  1       32               1645.400     1667.725    1648.600     1697.025

Shape               Environments Status & Error Marker 

          1           X1         Y1         X2         Y2

   1      X       -0.400     -0.250     28.900      2.950

--------------------------------------------------------------------------------
Cell Name : nmos4 layout PRIMLIB jd=FALSE jg="no" js=FALSE l="1u" ng="4" w="5u" wtot="20u" in1=MN0

                   Cell Errors    Real Errors   Cell Placements     Environments
                             1              1                 7                1
--------------------------------------------------------------------------------
Env.  Env. Placements            X1           Y1          X2           Y2

  1        7               1880.800      886.200    1890.000      892.000

Shape               Environments Status & Error Marker 

          1           X1         Y1         X2         Y2

   1      X       -0.400     -0.250      5.400      8.950

--------------------------------------------------------------------------------
Cell Name : nmos4 layout PRIMLIB l="40u" in1=MN728129

                   Cell Errors    Real Errors   Cell Placements     Environments
                             1              1                 8                1
--------------------------------------------------------------------------------
Env.  Env. Placements            X1           Y1          X2           Y2

  1        8                850.800     1362.500     893.000     1373.300

Shape               Environments Status & Error Marker 

          1           X1         Y1         X2         Y2

   1      X       -0.400     -0.250     10.400     41.950

--------------------------------------------------------------------------------
Cell Name : nmos4 layout PRIMLIB l="5u" in1=MN26

                   Cell Errors    Real Errors   Cell Placements     Environments
                             1              1                 3                1
--------------------------------------------------------------------------------
Env.  Env. Placements            X1           Y1          X2           Y2

  1        3                845.300     1478.850     852.500     1489.650

Shape               Environments Status & Error Marker 

          1           X1         Y1         X2         Y2

   1      X       -0.400     -0.250     10.400      6.950

--------------------------------------------------------------------------------
Cell Name : nmos4 layout PRIMLIB l="500n" w="5u" wtot="5u" in1=MN2928029

                   Cell Errors    Real Errors   Cell Placements     Environments
                             1              1                 8                1
--------------------------------------------------------------------------------
Env.  Env. Placements            X1           Y1          X2           Y2

  1        8                856.650     1417.400     859.350     1423.200

Shape               Environments Status & Error Marker 

          1           X1         Y1         X2         Y2

   1      X       -0.400     -0.250      5.400      2.450

--------------------------------------------------------------------------------
Cell Name : nmos4 layout PRIMLIB l="350n" w="5u" wtot="5u" in1=MN128729

                   Cell Errors    Real Errors   Cell Placements     Environments
                             1              1                44                1
--------------------------------------------------------------------------------
Env.  Env. Placements            X1           Y1          X2           Y2

  1       44               1879.200      433.800    1885.000      436.350

Shape               Environments Status & Error Marker 

          1           X1         Y1         X2         Y2

   1      X       -0.400     -0.250      5.400      2.300

--------------------------------------------------------------------------------
Cell Name : nmos4 layout PRIMLIB l="4u" ng="2" wtot="20u" in1=MN5

                   Cell Errors    Real Errors   Cell Placements     Environments
                             1              1                 6                1
--------------------------------------------------------------------------------
Env.  Env. Placements            X1           Y1          X2           Y2

  1        6               1091.100     2102.000    1102.300     2113.400

Shape               Environments Status & Error Marker 

          1           X1         Y1         X2         Y2

   1      X       -0.700     -0.250     10.700     10.950

--------------------------------------------------------------------------------
Cell Name : nmos4 layout PRIMLIB l="10u" w="8u" wtot="8u" in1=MN828129

                   Cell Errors    Real Errors   Cell Placements     Environments
                             1              1                36                1
--------------------------------------------------------------------------------
Env.  Env. Placements            X1           Y1          X2           Y2

  1       36               1450.525      310.000    1462.725      318.800

Shape               Environments Status & Error Marker 

          1           X1         Y1         X2         Y2

   1      X       -0.400     -0.250      8.400     11.950

--------------------------------------------------------------------------------
Cell Name : nmos4 layout PRIMLIB l="12u" in1=MN428129

                   Cell Errors    Real Errors   Cell Placements     Environments
                             1              1                 8                1
--------------------------------------------------------------------------------
Env.  Env. Placements            X1           Y1          X2           Y2

  1        8               1783.750      865.700    1797.950      876.500

Shape               Environments Status & Error Marker 

          1           X1         Y1         X2         Y2

   1      X       -0.400     -0.250     10.400     13.950

--------------------------------------------------------------------------------
Cell Name : nmos4 layout PRIMLIB jd=FALSE jg="no" js=FALSE l="2u" ng="2" wtot="20u" in1=MN9

                   Cell Errors    Real Errors   Cell Placements     Environments
                             1              1                 2                1
--------------------------------------------------------------------------------
Env.  Env. Placements            X1           Y1          X2           Y2

  1        2               1664.600     2270.550    1671.800     2281.350

Shape               Environments Status & Error Marker 

          1           X1         Y1         X2         Y2

   1      X       -0.400     -0.250     10.400      6.950

--------------------------------------------------------------------------------
Cell Name : nmos4 layout PRIMLIB l="20u" w="15u" wtot="15u" in1=MN1628129

                   Cell Errors    Real Errors   Cell Placements     Environments
                             1              1                 4                1
--------------------------------------------------------------------------------
Env.  Env. Placements            X1           Y1          X2           Y2

  1        4               1680.200     2331.200    1702.400     2347.000

Shape               Environments Status & Error Marker 

          1           X1         Y1         X2         Y2

   1      X       -0.400     -0.250     15.400     21.950

--------------------------------------------------------------------------------
Cell Name : nmos4 layout PRIMLIB l="8u" in1=MN3728329

                   Cell Errors    Real Errors   Cell Placements     Environments
                             1              1                28                1
--------------------------------------------------------------------------------
Env.  Env. Placements            X1           Y1          X2           Y2

  1       28                848.475      322.300     858.675      333.100

Shape               Environments Status & Error Marker 

          1           X1         Y1         X2         Y2

   1      X       -0.400     -0.250     10.400      9.950

--------------------------------------------------------------------------------
Cell Name : nmos4 layout PRIMLIB jd=FALSE jg="no" js=FALSE l="4u" ng="10" w="1u" in1=MN14

                   Cell Errors    Real Errors   Cell Placements     Environments
                             1              1                 4                1
--------------------------------------------------------------------------------
Env.  Env. Placements            X1           Y1          X2           Y2

  1        4                703.525     2562.275     754.725     2564.075

Shape               Environments Status & Error Marker 

          1           X1         Y1         X2         Y2

   1      X       -0.400     -0.250      1.400     50.950

--------------------------------------------------------------------------------
Cell Name : nmos4 layout PRIMLIB l="12u" w="4u" wtot="4u" in1=MN328329

                   Cell Errors    Real Errors   Cell Placements     Environments
                             1              1                40                1
--------------------------------------------------------------------------------
Env.  Env. Placements            X1           Y1          X2           Y2

  1       40                507.200      265.400     512.000      279.600

Shape               Environments Status & Error Marker 

          1           X1         Y1         X2         Y2

   1      X       -0.400     -0.250      4.400     13.950

--------------------------------------------------------------------------------
Cell Name : nmos4 layout PRIMLIB jd=FALSE js=FALSE l="4u" ng="2" wtot="20u" in1=MN23

                   Cell Errors    Real Errors   Cell Placements     Environments
                             1              1                 7                1
--------------------------------------------------------------------------------
Env.  Env. Placements            X1           Y1          X2           Y2

  1        7                465.200      686.050     476.400      697.000

Shape               Environments Status & Error Marker 

          1           X1         Y1         X2         Y2

   1      X       -0.400     -0.250     10.550     10.950

--------------------------------------------------------------------------------
Cell Name : nmos4 layout PRIMLIB l="80u" w="8u" wtot="8u" in1=MN728129

                   Cell Errors    Real Errors   Cell Placements     Environments
                             1              1                25                1
--------------------------------------------------------------------------------
Env.  Env. Placements            X1           Y1          X2           Y2

  1       25                594.200      265.600     603.000      347.800

Shape               Environments Status & Error Marker 

          1           X1         Y1         X2         Y2

   1      X       -0.400     -0.250      8.400     81.950

--------------------------------------------------------------------------------
Cell Name : nmos4 layout PRIMLIB l="4u" ng="10" w="1u" in1=MN14

                   Cell Errors    Real Errors   Cell Placements     Environments
                             1              1                 4                1
--------------------------------------------------------------------------------
Env.  Env. Placements            X1           Y1          X2           Y2

  1        4                757.775      374.200     808.975      376.800

Shape               Environments Status & Error Marker 

          1           X1         Y1         X2         Y2

   1      X       -0.800     -0.250      1.800     50.950

--------------------------------------------------------------------------------
Cell Name : nmos4 layout PRIMLIB l="15u" w="7.5u" wtot="7.5u" in1=MN928329

                   Cell Errors    Real Errors   Cell Placements     Environments
                             1              1                12                1
--------------------------------------------------------------------------------
Env.  Env. Placements            X1           Y1          X2           Y2

  1       12               1776.825      936.800    1794.025      945.100

Shape               Environments Status & Error Marker 

          1           X1         Y1         X2         Y2

   1      X       -0.400     -0.250      7.900     16.950

--------------------------------------------------------------------------------
Cell Name : nmos4 layout PRIMLIB l="10u" w="20u" wtot="20u" in1=MN3

                   Cell Errors    Real Errors   Cell Placements     Environments
                             1              1                 2                1
--------------------------------------------------------------------------------
Env.  Env. Placements            X1           Y1          X2           Y2

  1        2               2207.575      282.425    2219.775      303.225

Shape               Environments Status & Error Marker 

          1           X1         Y1         X2         Y2

   1      X       -0.400     -0.250     20.400     11.950

--------------------------------------------------------------------------------
Cell Name : nmos4 layout PRIMLIB jd=FALSE jg="no" js=FALSE l="8u" ng="4" w="5u" wtot="20u" in1=MN2

                   Cell Errors    Real Errors   Cell Placements     Environments
                             1              1                 2                1
--------------------------------------------------------------------------------
Env.  Env. Placements            X1           Y1          X2           Y2

  1        2               1766.875      911.600    1804.075      917.400

Shape               Environments Status & Error Marker 

          1           X1         Y1         X2         Y2

   1      X       -0.400     -0.250      5.400     36.950

--------------------------------------------------------------------------------
Cell Name : nmos4 layout PRIMLIB l="4u" in1=MN2

                   Cell Errors    Real Errors   Cell Placements     Environments
                             1              1                 2                1
--------------------------------------------------------------------------------
Env.  Env. Placements            X1           Y1          X2           Y2

  1        2               2181.825      282.425    2188.025      293.225

Shape               Environments Status & Error Marker 

          1           X1         Y1         X2         Y2

   1      X       -0.400     -0.250     10.400      5.950

--------------------------------------------------------------------------------
Cell Name : mux21 layout YAOWEN

                   Cell Errors    Real Errors   Cell Placements     Environments
                             1              1                 4                1
--------------------------------------------------------------------------------
Env.  Env. Placements            X1           Y1          X2           Y2

  1        4               1900.500      842.200    1929.400      861.100

Shape               Environments Status & Error Marker 

          1           X1         Y1         X2         Y2

   1      X        0.350      0.350     29.250     19.250

--------------------------------------------------------------------------------
Cell Name : mux21c_f layout FECG

                   Cell Errors    Real Errors   Cell Placements     Environments
                             1              1                 3                1
--------------------------------------------------------------------------------
Env.  Env. Placements            X1           Y1          X2           Y2

  1        3               1800.450     2256.225    1829.350     2275.125

Shape               Environments Status & Error Marker 

          1           X1         Y1         X2         Y2

   1      X        0.350      0.350     29.250     19.250

--------------------------------------------------------------------------------
Cell Name : cvar layout PRIMLIB col=12 row=10 in1=C028029

                   Cell Errors    Real Errors   Cell Placements     Environments
                             1              1                 6                1
--------------------------------------------------------------------------------
Env.  Env. Placements            X1           Y1          X2           Y2

  1        6                927.175     1725.650     952.575     1809.150

Shape               Environments Status & Error Marker 

          1           X1         Y1         X2         Y2

   1      X       -2.275     -1.550     23.125     81.950

--------------------------------------------------------------------------------
Cell Name : cpolyc layout PRIMLIB area="5.78n" c="5p" l="76.45u" perimeter="304.2u" rbottom="Cont" rleft="Cont" rright="Cont" rtop="Cont" id_=6cdfb038bdd4c61d in1=C0

                   Cell Errors    Real Errors   Cell Placements     Environments
                             1              1                 2                1
--------------------------------------------------------------------------------
Env.  Env. Placements            X1           Y1          X2           Y2

  1        2               1719.500     1338.200    1801.450     1418.550

Shape               Environments Status & Error Marker 

          1           X1         Y1         X2         Y2

   1      X       -1.350     -1.350     80.600     79.000

--------------------------------------------------------------------------------
Cell Name : cpolyc layout PRIMLIB area="3.5n" c="3.03p" gwell="N-Well" l="70u" perimeter="240u" rbottom="Cont" rleft="Cont" rright="Cont" id_=5d5c206d9147e606 in1=C928329

                   Cell Errors    Real Errors   Cell Placements     Environments
                             1              1                72                1
--------------------------------------------------------------------------------
Env.  Env. Placements            X1           Y1          X2           Y2

  1       72               1387.900     2021.950    1463.400     2076.650

Shape               Environments Status & Error Marker 

          1           X1         Y1         X2         Y2

   1      X       -1.350     -1.350     74.150     53.350

--------------------------------------------------------------------------------
Cell Name : cpolyc layout PRIMLIB area="1.60n" c="1.39p" l="50u" perimeter="164u" rbottom="Cont" rleft="Cont" rright="Cont" rtop="Cont" id_=44e51500f779483f in1=C028729

                   Cell Errors    Real Errors   Cell Placements     Environments
                             1              1                 8                1
--------------------------------------------------------------------------------
Env.  Env. Placements            X1           Y1          X2           Y2

  1        8               2218.550     2288.300    2274.050     2325.000

Shape               Environments Status & Error Marker 

          1           X1         Y1         X2         Y2

   1      X       -1.350     -1.350     54.150     35.350

--------------------------------------------------------------------------------
Cell Name : cpolyc layout PRIMLIB area="1.26n" c="1.09p" gwell="N-Well" l="41.95u" perimeter="143.9u" rbottom="Cont" rleft="Cont" id_=1eea3daa63e42b4e in1=C928129

                   Cell Errors    Real Errors   Cell Placements     Environments
                             1              1                 6                1
--------------------------------------------------------------------------------
Env.  Env. Placements            X1           Y1          X2           Y2

  1        6               1777.025     2366.875    1824.275     2401.575

Shape               Environments Status & Error Marker 

          1           X1         Y1         X2         Y2

   1      X       -1.350     -1.350     45.900     33.350

--------------------------------------------------------------------------------
Cell Name : cpolyc layout PRIMLIB area="2.1n" c="1.82p" gwell="N-Well" l="50u" perimeter="183.9u" rbottom="Cont" rleft="Cont" rright="Cont" id_=8d84e368ace3c58d in1=C6

                   Cell Errors    Real Errors   Cell Placements     Environments
                             1              1                 2                1
--------------------------------------------------------------------------------
Env.  Env. Placements            X1           Y1          X2           Y2

  1        2               2049.700      985.100    2105.200     1031.750

Shape               Environments Status & Error Marker 

          1           X1         Y1         X2         Y2

   1      X       -1.350     -1.350     54.150     45.300

--------------------------------------------------------------------------------
Cell Name : cpolyc layout PRIMLIB area="900p" c="784.32f" l="30u" perimeter="120u" rbottom="Cont" rleft="Cont" rright="Cont" rtop="Cont" id_=238c1f4f91cda9 in1=C4

                   Cell Errors    Real Errors   Cell Placements     Environments
                             1              1                 6                1
--------------------------------------------------------------------------------
Env.  Env. Placements            X1           Y1          X2           Y2

  1        6                481.325      540.250     516.025      575.750

Shape               Environments Status & Error Marker 

          1           X1         Y1         X2         Y2

   1      X       -1.350     -1.350     34.150     33.350

--------------------------------------------------------------------------------
Cell Name : cpolyc layout PRIMLIB area="1n" c="871.18f" l="40u" perimeter="130u" rbottom="Cont" rleft="Cont" rright="Cont" rtop="Cont" id_=238c216f91cda9 in1=C6

                   Cell Errors    Real Errors   Cell Placements     Environments
                             1              1                 2                1
--------------------------------------------------------------------------------
Env.  Env. Placements            X1           Y1          X2           Y2

  1        2               2053.500      289.900    2083.200      335.400

Shape               Environments Status & Error Marker 

          1           X1         Y1         X2         Y2

   1      X       -1.350     -1.350     44.150     28.350

--------------------------------------------------------------------------------
Cell Name : cpolyc layout PRIMLIB area="2.56n" c="2.22p" gwell="N-Well" l="51u" perimeter="202.4u" rbottom="Cont" rleft="Cont" id_=d867af6116578121 in1=C228029

                   Cell Errors    Real Errors   Cell Placements     Environments
                             1              1                 9                1
--------------------------------------------------------------------------------
Env.  Env. Placements            X1           Y1          X2           Y2

  1        9               1184.325     2528.050    1240.825     2582.950

Shape               Environments Status & Error Marker 

          1           X1         Y1         X2         Y2

   1      X       -1.350     -1.350     55.150     53.550

--------------------------------------------------------------------------------
Cell Name : cpolyc layout PRIMLIB area="2.6n" c="2.25p" gwell="N-Well" l="51u" perimeter="204u" rbottom="Cont" rleft="Cont" rright="Cont" id_=318ecccaa27aadb6 in1=C228829

                   Cell Errors    Real Errors   Cell Placements     Environments
                             1              1                 9                1
--------------------------------------------------------------------------------
Env.  Env. Placements            X1           Y1          X2           Y2

  1        9               1209.550      309.400    1265.950      365.100

Shape               Environments Status & Error Marker 

          1           X1         Y1         X2         Y2

   1      X       -1.350     -1.350     55.050     54.350

--------------------------------------------------------------------------------
Cell Name : cpolyc layout PRIMLIB area="6.94n" c="6p" l="83.75u" perimeter="333.3u" rbottom="Cont" rleft="Cont" rright="Cont" rtop="Cont" id_=f8dc73cbdd4c61d in1=C5

                   Cell Errors    Real Errors   Cell Placements     Environments
                             1              1                 2                1
--------------------------------------------------------------------------------
Env.  Env. Placements            X1           Y1          X2           Y2

  1        2               2053.375      394.225    2142.625      481.825

Shape               Environments Status & Error Marker 

          1           X1         Y1         X2         Y2

   1      X       -1.350     -1.350     87.900     86.250

--------------------------------------------------------------------------------
Cell Name : cpolyc layout PRIMLIB area="3.47n" c="3p" l="59.25u" perimeter="235.5u" rbottom="Cont" rleft="Cont" rright="Cont" rtop="Cont" id_=e2439322f0930082 in1=C328529

                   Cell Errors    Real Errors   Cell Placements     Environments
                             1              1                18                1
--------------------------------------------------------------------------------
Env.  Env. Placements            X1           Y1          X2           Y2

  1       18                997.625      550.400    1062.375      613.600

Shape               Environments Status & Error Marker 

          1           X1         Y1         X2         Y2

   1      X       -1.350     -1.350     63.400     61.850

--------------------------------------------------------------------------------
Cell Name : cpolyc layout PRIMLIB area="3.5n" c="3.03p" l="70u" perimeter="240u" rbottom="Cont" rleft="Cont" rright="Cont" rtop="Cont" id_=44e51500712df12b in1=C2281129

                   Cell Errors    Real Errors   Cell Placements     Environments
                             1              1                36                1
--------------------------------------------------------------------------------
Env.  Env. Placements            X1           Y1          X2           Y2

  1       36               1217.275      550.400    1292.775      605.100

Shape               Environments Status & Error Marker 

          1           X1         Y1         X2         Y2

   1      X       -1.350     -1.350     74.150     53.350

--------------------------------------------------------------------------------
Cell Name : cpolyc layout PRIMLIB area="4.28n" c="3.7p" l="65.8u" perimeter="261.6u" rbottom="Cont" rleft="Cont" rright="Cont" rtop="Cont" id_=44e5150040ff667 in1=C128229

                   Cell Errors    Real Errors   Cell Placements     Environments
                             1              1                 9                1
--------------------------------------------------------------------------------
Env.  Env. Placements            X1           Y1          X2           Y2

  1        9                997.625      704.300    1067.325      775.600

Shape               Environments Status & Error Marker 

          1           X1         Y1         X2         Y2

   1      X       -1.350     -1.350     69.950     68.350

--------------------------------------------------------------------------------
Cell Name : cpolyc layout PRIMLIB area="11.58n" c="10p" l="108.05u" perimeter="430.5u" rbottom="Cont" rleft="Cont" rright="Cont" id_=8d84e36816c15e1c in1=C628029

                   Cell Errors    Real Errors   Cell Placements     Environments
                             1              1                 9                1
--------------------------------------------------------------------------------
Env.  Env. Placements            X1           Y1          X2           Y2

  1        9                765.675      550.400     879.225      662.300

Shape               Environments Status & Error Marker 

          1           X1         Y1         X2         Y2

   1      X       -1.350     -1.350    112.200    110.550

--------------------------------------------------------------------------------
Cell Name : cpolyc layout PRIMLIB area="1.23n" c="1.07p" gwell="N-Well" l="35.45u" perimeter="140.3u" rbottom="Cont" rleft="Cont" id_=d867af619ef89a5c in1=C528129

                   Cell Errors    Real Errors   Cell Placements     Environments
                             1              1                 6                1
--------------------------------------------------------------------------------
Env.  Env. Placements            X1           Y1          X2           Y2

  1        6               1916.025      953.000    1956.975      992.400

Shape               Environments Status & Error Marker 

          1           X1         Y1         X2         Y2

   1      X       -1.350     -1.350     39.600     38.050

--------------------------------------------------------------------------------
Cell Name : cmfb_opamp1_fc layout FECG

                   Cell Errors    Real Errors   Cell Placements     Environments
                             8              8                 4                1
--------------------------------------------------------------------------------
Env.  Env. Placements            X1           Y1          X2           Y2

  1        4               1587.725      282.400    1734.950      409.200

Shape               Environments Status & Error Marker 

          1           X1         Y1         X2         Y2

   1      X        5.125     14.150     93.975    140.950
   2      X       77.150     14.150    152.350    140.950
   3      X       77.150     86.150     82.450     91.750
   4      X       77.150    104.150     82.450    109.750
   5      X       93.975     14.150    107.075     73.750
   6      X      107.075     14.150    120.375     73.750
   7      X      117.075     38.350    120.275     41.050
   8      X      120.375     14.150    133.475     73.750

--------------------------------------------------------------------------------
Cell Name : chopper_f layout YAOWEN

                   Cell Errors    Real Errors   Cell Placements     Environments
                             1              1                 3                1
--------------------------------------------------------------------------------
Env.  Env. Placements            X1           Y1          X2           Y2

  1        3                478.700      344.900     548.400      375.700

Shape               Environments Status & Error Marker 

          1           X1         Y1         X2         Y2

   1      X       -3.250      0.500     66.450     31.300

--------------------------------------------------------------------------------
Cell Name : chopper2 layout FECG

                   Cell Errors    Real Errors   Cell Placements     Environments
                             1              1                 3                1
--------------------------------------------------------------------------------
Env.  Env. Placements            X1           Y1          X2           Y2

  1        3                434.700     2551.500     515.050     2587.950

Shape               Environments Status & Error Marker 

          1           X1         Y1         X2         Y2

   1      X        6.700     18.050     87.050     54.500

--------------------------------------------------------------------------------
Cell Name : V500_20 layout POWER_TRACKS

                   Cell Errors    Real Errors   Cell Placements     Environments
                             1              1                36                1
--------------------------------------------------------------------------------
Env.  Env. Placements            X1           Y1          X2           Y2

  1       36                522.750     1145.750    1023.000     1169.900

Shape               Environments Status & Error Marker 

          1           X1         Y1         X2         Y2

   1      X       -0.200     -0.050    500.050     24.100

--------------------------------------------------------------------------------
Cell Name : INVX2 layout CORELIBD

                   Cell Errors    Real Errors   Cell Placements     Environments
                             1              1                 1                1
--------------------------------------------------------------------------------
Env.  Env. Placements            X1           Y1          X2           Y2

  1        1                916.050     1711.650     920.550     1724.750

Shape               Environments Status & Error Marker 

          1           X1         Y1         X2         Y2

   1      X       -0.850     -1.350      3.650     11.750

--------------------------------------------------------------------------------
Cell Name : INVX1 layout CORELIBD

                   Cell Errors    Real Errors   Cell Placements     Environments
                             1              1                19                1
--------------------------------------------------------------------------------
Env.  Env. Placements            X1           Y1          X2           Y2

  1       19                754.575      746.250     759.075      759.350

Shape               Environments Status & Error Marker 

          1           X1         Y1         X2         Y2

   1      X       -0.850     -1.350      3.650     11.750

--------------------------------------------------------------------------------
Cell Name : CLKINVX1 layout CORELIBD

                   Cell Errors    Real Errors   Cell Placements     Environments
                             1              1                 3                1
--------------------------------------------------------------------------------
Env.  Env. Placements            X1           Y1          X2           Y2

  1        3                553.650     1700.900     566.750     1705.400

Shape               Environments Status & Error Marker 

          1           X1         Y1         X2         Y2

   1      X       -0.850     -1.350      3.650     11.750

--------------------------------------------------------------------------------
Cell Name : ia_new_f layout YAOWEN

                   Cell Errors    Real Errors   Cell Placements     Environments
                            21             21                 1                1
--------------------------------------------------------------------------------
Env.  Env. Placements            X1           Y1          X2           Y2

  1        1                454.600      230.300    1384.300      493.975

Shape               Environments Status & Error Marker 

          1           X1         Y1         X2         Y2

   1      X       -2.700    131.850     91.400    395.525
   2      X       60.400    181.150     65.200    186.650
   3      X       65.200    131.850     86.650    246.450
   4      X       81.400    181.150     86.200    186.650
   5      X       86.650    131.850    136.900    395.525
   6      X      104.950    131.850    183.150    395.525
   7      X      104.950    311.300    109.750    328.700
   8      X      183.150    131.850    234.500    395.525
   9      X      229.400    131.850    275.200    395.525
  10      X      271.600    249.350    275.200    395.525
  11      X      275.200    131.850    351.675    395.525
  12      X      303.400    249.350    312.200    275.750
  13      X      303.675    302.650    351.675    347.900
  14      X      303.675    375.300    439.275    395.525
  15      X      312.200    131.850    367.700    347.900
  16      X      367.700    131.850    474.175    347.900
  17      X      411.775    234.650    421.975    236.550
  18      X      421.975    198.450    474.175    279.650
  19      X      439.275    131.850    808.650    395.525
  20      X      752.250    131.850    927.000    395.525
  21      X      752.250    266.650    808.650    267.250

--------------------------------------------------------------------------------
Cell Name : gmc_5_fc layout FECG

                   Cell Errors    Real Errors   Cell Placements     Environments
                             7              7                 3                1
--------------------------------------------------------------------------------
Env.  Env. Placements            X1           Y1          X2           Y2

  1        3               1079.550     2000.400    2007.850     2220.200

Shape               Environments Status & Error Marker 

          1           X1         Y1         X2         Y2

   1      X        0.400      0.400    165.225    220.200
   2      X      135.125      0.400    384.250    220.200
   3      X      308.750      0.400    541.250    220.200
   4      X      308.750     76.650    384.250     77.650
   5      X      541.250      0.400    772.750    220.200
   6      X      697.250     76.650    772.750     77.650
   7      X      772.750      0.400    928.700    220.200

--------------------------------------------------------------------------------
Cell Name : fecg_vga2_f_2 layout FECG

                   Cell Errors    Real Errors   Cell Placements     Environments
                             5              5                 1                1
--------------------------------------------------------------------------------
Env.  Env. Placements            X1           Y1          X2           Y2

  1        1               1390.075     2244.875    1992.475     2453.300

Shape               Environments Status & Error Marker 

          1           X1         Y1         X2         Y2

   1      X       -0.525      0.925    354.250    209.350
   2      X      312.175      0.925    386.425    209.350
   3      X      386.425      0.925    532.375    209.350
   4      X      485.125    157.625    532.375    159.875
   5      X      501.550      0.925    601.875    209.350

--------------------------------------------------------------------------------
Cell Name : fecg_ia_5_fc layout FECG

                   Cell Errors    Real Errors   Cell Placements     Environments
                            13             13                 1                1
--------------------------------------------------------------------------------
Env.  Env. Placements            X1           Y1          X2           Y2

  1        1                430.150     2488.150    1357.550     2712.700

Shape               Environments Status & Error Marker 

          1           X1         Y1         X2         Y2

   1      X       50.250     31.150    278.075    255.700
   2      X      205.125    164.225    238.225    167.975
   3      X      278.075     31.150    392.825    201.150
   4      X      278.075     31.150    714.825    255.700
   5      X      326.125     63.350    330.925     68.850
   6      X      331.375     31.150    351.925    105.275
   7      X      351.925     31.150    374.825    105.275
   8      X      368.125     63.350    372.925     68.850
   9      X      714.825     31.150    759.725    194.075
  10      X      714.825     31.150    861.525    255.700
  11      X      749.425    153.450    759.625    155.350
  12      X      804.425    125.950    860.925    126.550
  13      X      861.525     31.150    977.650    255.700

--------------------------------------------------------------------------------
Cell Name : fecg_cmfb2_fc layout FECG

                   Cell Errors    Real Errors   Cell Placements     Environments
                            11             11                 2                1
--------------------------------------------------------------------------------
Env.  Env. Placements            X1           Y1          X2           Y2

  1        2               1425.350      282.400    2008.675      493.975

Shape               Environments Status & Error Marker 

          1           X1         Y1         X2         Y2

   1      X        2.350      2.100     65.325    213.675
   2      X       53.125     38.500     65.325     40.400
   3      X       65.325      2.100    103.725    213.675
   4      X       98.925     49.200    103.725    213.675
   5      X      103.725      2.100    161.875    213.675
   6      X      161.875      2.100    172.475    213.675
   7      X      169.825    181.150    172.375    187.650
   8      X      172.475    128.900    182.975    213.675
   9      X      182.975      2.100    462.000    213.675
  10      X      456.200    156.050    462.000    213.675
  11      X      462.000      2.100    585.675    213.675

--------------------------------------------------------------------------------
Cell Name : fecg_bandgap3_layout layout FBIAS

                   Cell Errors    Real Errors   Cell Placements     Environments
                             7              7                 1                1
--------------------------------------------------------------------------------
Env.  Env. Placements            X1           Y1          X2           Y2

  1        1               1176.175     1637.000    1586.525     1910.950

Shape               Environments Status & Error Marker 

          1           X1         Y1         X2         Y2

   1      X        2.275    107.800    165.475    381.750
   2      X       83.625    144.525     95.825    147.125
   3      X       95.825    107.800    214.375    381.750
   4      X      202.175    107.800    227.525    381.750
   5      X      206.125    234.000    218.525    237.750
   6      X      219.600    201.950    225.400    277.150
   7      X      225.400    107.800    412.625    381.750

--------------------------------------------------------------------------------
Cell Name : fbias_vol_ref1_layout layout FBIAS

                   Cell Errors    Real Errors   Cell Placements     Environments
                             7              7                 1                1
--------------------------------------------------------------------------------
Env.  Env. Placements            X1           Y1          X2           Y2

  1        1               1863.950     1636.250    2142.375     1910.950

Shape               Environments Status & Error Marker 

          1           X1         Y1         X2         Y2

   1      X      219.650     12.200    315.975    286.900
   2      X      251.050     12.200    280.150    230.100
   3      X      272.950     93.600    280.150     99.100
   4      X      277.350     12.200    498.075    286.900
   5      X      280.150     12.200    309.450    156.050
   6      X      302.150     93.600    309.350     99.100
   7      X      309.450     12.200    338.550    156.050

--------------------------------------------------------------------------------
Cell Name : fbias_por2_fc layout FBIAS

                   Cell Errors    Real Errors   Cell Placements     Environments
                             6              6                 1                1
--------------------------------------------------------------------------------
Env.  Env. Placements            X1           Y1          X2           Y2

  1        1                803.350     1700.650    1007.450     1910.950

Shape               Environments Status & Error Marker 

          1           X1         Y1         X2         Y2

   1      X       -0.350      0.000     58.850    210.300
   2      X       30.575      0.000     61.375    123.900
   3      X       55.575     25.750     61.375    123.900
   4      X       58.850      0.000    148.875    210.300
   5      X      123.475      0.000    203.750    210.300
   6      X      123.475    108.500    148.875    112.750

--------------------------------------------------------------------------------
Cell Name : fbias_gm_c1_f2c layout FBIAS

                   Cell Errors    Real Errors   Cell Placements     Environments
                             1              1                 1                1
--------------------------------------------------------------------------------
Env.  Env. Placements            X1           Y1          X2           Y2

  1        1               1009.600     1709.100    1171.950     1910.950

Shape               Environments Status & Error Marker 

          1           X1         Y1         X2         Y2

   1      X        5.100      4.700    167.450    206.550

--------------------------------------------------------------------------------
Cell Name : fbias_cur_ref2_layout layout FBIAS

                   Cell Errors    Real Errors   Cell Placements     Environments
                            11             11                 1                1
--------------------------------------------------------------------------------
Env.  Env. Placements            X1           Y1          X2           Y2

  1        1               1615.400     1640.300    1867.350     1910.950

Shape               Environments Status & Error Marker 

          1           X1         Y1         X2         Y2

   1      X       -1.400      1.300    236.000    271.950
   2      X       31.600     94.175     31.800    148.475
   3      X       31.800      1.300     44.100    148.475
   4      X       38.500     58.025     41.700     64.875
   5      X       41.800      1.300     51.600    148.475
   6      X       50.800      1.300     62.850    148.475
   7      X       61.500      1.300     74.700    148.475
   8      X       71.500     58.025     74.700     64.875
   9      X       74.700      1.300    238.225    220.950
  10      X      199.800    137.750    238.225    271.950
  11      X      238.225      1.300    250.550    271.950

--------------------------------------------------------------------------------
Cell Name : buffer2_f_3c layout FECG

                   Cell Errors    Real Errors   Cell Placements     Environments
                             6              6                 1                1
--------------------------------------------------------------------------------
Env.  Env. Placements            X1           Y1          X2           Y2

  1        1               1991.850     2270.500    2332.100     2453.300

Shape               Environments Status & Error Marker 

          1           X1         Y1         X2         Y2

   1      X        2.300      0.475     41.550    183.275
   2      X       41.550      0.475    153.275    183.275
   3      X      149.000    107.475    153.275    183.275
   4      X      153.275      0.475    340.600    183.275
   5      X      285.100     54.975    340.600     55.575
   6      X      340.600      0.475    342.550    183.275

--------------------------------------------------------------------------------
Cell Name : XOR2X1 layout CORELIBD

                   Cell Errors    Real Errors   Cell Placements     Environments
                             1              1                 1                1
--------------------------------------------------------------------------------
Env.  Env. Placements            X1           Y1          X2           Y2

  1        1                501.650     1737.300     514.750     1747.400

Shape               Environments Status & Error Marker 

          1           X1         Y1         X2         Y2

   1      X       -0.850     -1.350      9.250     11.750

--------------------------------------------------------------------------------
Cell Name : VGA_1 layout YAOWEN

                   Cell Errors    Real Errors   Cell Placements     Environments
                             6              6                 1                1
--------------------------------------------------------------------------------
Env.  Env. Placements            X1           Y1          X2           Y2

  1        1               1487.200      833.625    2115.500     1048.300

Shape               Environments Status & Error Marker 

          1           X1         Y1         X2         Y2

   1      X        1.700    -18.025    372.525    196.650
   2      X      308.625    -18.025    355.875    138.700
   3      X      343.225    -18.025    395.300    196.650
   4      X      343.225     65.750    355.875     85.150
   5      X      395.300    -18.025    513.425    196.650
   6      X      483.925    -18.025    630.000    196.650

--------------------------------------------------------------------------------
Cell Name : VDD3RP layout IOLIB_4M

                   Cell Errors    Real Errors   Cell Placements     Environments
                             1              1                 1                1
--------------------------------------------------------------------------------
Env.  Env. Placements            X1           Y1          X2           Y2

  1        1                  0.000     1459.100     340.400     1559.700

Shape               Environments Status & Error Marker 

          1           X1         Y1         X2         Y2

   1      X       -0.300     -5.400    100.300    335.000

--------------------------------------------------------------------------------
Cell Name : VDD3OP layout IOLIB_4M

                   Cell Errors    Real Errors   Cell Placements     Environments
                             1              1                 1                1
--------------------------------------------------------------------------------
Env.  Env. Placements            X1           Y1          X2           Y2

  1        1                  0.000     1259.100     340.400     1359.700

Shape               Environments Status & Error Marker 

          1           X1         Y1         X2         Y2

   1      X       -0.300     -5.400    100.300    335.000

--------------------------------------------------------------------------------
Cell Name : VDD3IP layout IOLIB_4M

                   Cell Errors    Real Errors   Cell Placements     Environments
                             1              1                 1                1
--------------------------------------------------------------------------------
Env.  Env. Placements            X1           Y1          X2           Y2

  1        1                  0.000     1659.100     340.400     1759.700

Shape               Environments Status & Error Marker 

          1           X1         Y1         X2         Y2

   1      X       -0.300     -5.400    100.300    335.000

--------------------------------------------------------------------------------
Cell Name : V200_20 layout POWER_TRACKS

                   Cell Errors    Real Errors   Cell Placements     Environments
                             1              1                27                1
--------------------------------------------------------------------------------
Env.  Env. Placements            X1           Y1          X2           Y2

  1       27                589.650     1197.150     789.650     1221.250

Shape               Environments Status & Error Marker 

          1           X1         Y1         X2         Y2

   1      X        0.050     -0.050    200.050     24.050

--------------------------------------------------------------------------------
Cell Name : PWRCUT_DIG_P_DX layout IOLIB_4M

                   Cell Errors    Real Errors   Cell Placements     Environments
                             1              1                 3                1
--------------------------------------------------------------------------------
Env.  Env. Placements            X1           Y1          X2           Y2

  1        3                  0.000      189.900     340.400      240.900

Shape               Environments Status & Error Marker 

          1           X1         Y1         X2         Y2

   1      X       -0.500     -5.400     50.500    335.000

--------------------------------------------------------------------------------
Cell Name : PERI_SPACER_5_P layout IOLIB_4M

                   Cell Errors    Real Errors   Cell Placements     Environments
                             1              1                 2                1
--------------------------------------------------------------------------------
Env.  Env. Placements            X1           Y1          X2           Y2

  1        2               2810.400      194.100    3150.800      199.700

Shape               Environments Status & Error Marker 

          1           X1         Y1         X2         Y2

   1      X       -0.300     -5.400      5.300    335.000

--------------------------------------------------------------------------------
Cell Name : PERI_SPACER_50_P layout IOLIB_4M

                   Cell Errors    Real Errors   Cell Placements     Environments
                             1              1                 5                1
--------------------------------------------------------------------------------
Env.  Env. Placements            X1           Y1          X2           Y2

  1        5               2740.100     -150.000    2790.700      190.400

Shape               Environments Status & Error Marker 

          1           X1         Y1         X2         Y2

   1      X       -0.300     -5.400     50.300    335.000

--------------------------------------------------------------------------------
Cell Name : PERI_SPACER_2_P layout IOLIB_4M

                   Cell Errors    Real Errors   Cell Placements     Environments
                             1              1                 4                1
--------------------------------------------------------------------------------
Env.  Env. Placements            X1           Y1          X2           Y2

  1        4               2810.400      190.100    3150.800      192.700

Shape               Environments Status & Error Marker 

          1           X1         Y1         X2         Y2

   1      X       -0.300     -5.400      2.300    335.000

--------------------------------------------------------------------------------
Cell Name : PERI_SPACER_20_P layout IOLIB_4M

                   Cell Errors    Real Errors   Cell Placements     Environments
                             1              1                 2                1
--------------------------------------------------------------------------------
Env.  Env. Placements            X1           Y1          X2           Y2

  1        2               2790.100     -150.000    2810.700      190.400

Shape               Environments Status & Error Marker 

          1           X1         Y1         X2         Y2

   1      X       -0.300     -5.400     20.300    335.000

--------------------------------------------------------------------------------
Cell Name : PERI_SPACER_10_P layout IOLIB_4M

                   Cell Errors    Real Errors   Cell Placements     Environments
                             1              1                 2                1
--------------------------------------------------------------------------------
Env.  Env. Placements            X1           Y1          X2           Y2

  1        2               2810.400      199.100    3150.800      209.700

Shape               Environments Status & Error Marker 

          1           X1         Y1         X2         Y2

   1      X       -0.300     -5.400     10.300    335.000

--------------------------------------------------------------------------------
Cell Name : PERI_SPACER_100_P layout IOLIB_4M

                   Cell Errors    Real Errors   Cell Placements     Environments
                             1              1                53                1
--------------------------------------------------------------------------------
Env.  Env. Placements            X1           Y1          X2           Y2

  1       53                340.100     -150.000     440.700      190.400

Shape               Environments Status & Error Marker 

          1           X1         Y1         X2         Y2

   1      X       -0.300     -5.400    100.300    335.000

--------------------------------------------------------------------------------
Cell Name : NOR4X1 layout CORELIBD

                   Cell Errors    Real Errors   Cell Placements     Environments
                             1              1                 1                1
--------------------------------------------------------------------------------
Env.  Env. Placements            X1           Y1          X2           Y2

  1        1                522.450     1721.900     535.550     1730.600

Shape               Environments Status & Error Marker 

          1           X1         Y1         X2         Y2

   1      X       -0.850     -1.350      7.850     11.750

--------------------------------------------------------------------------------
Cell Name : NOR2X6 layout CORELIBD

                   Cell Errors    Real Errors   Cell Placements     Environments
                             1              1                 1                1
--------------------------------------------------------------------------------
Env.  Env. Placements            X1           Y1          X2           Y2

  1        1                564.050     1734.500     577.150     1743.200

Shape               Environments Status & Error Marker 

          1           X1         Y1         X2         Y2

   1      X       -0.850     -1.350      7.850     11.750

--------------------------------------------------------------------------------
Cell Name : NOR2X3 layout CORELIBD

                   Cell Errors    Real Errors   Cell Placements     Environments
                             1              1                 2                1
--------------------------------------------------------------------------------
Env.  Env. Placements            X1           Y1          X2           Y2

  1        2                553.650     1672.900     566.750     1678.800

Shape               Environments Status & Error Marker 

          1           X1         Y1         X2         Y2

   1      X       -0.850     -1.350      5.050     11.750

--------------------------------------------------------------------------------
Cell Name : NAND3X1 layout CORELIBD

                   Cell Errors    Real Errors   Cell Placements     Environments
                             1              1                 1                1
--------------------------------------------------------------------------------
Env.  Env. Placements            X1           Y1          X2           Y2

  1        1                522.450     1737.300     535.550     1744.600

Shape               Environments Status & Error Marker 

          1           X1         Y1         X2         Y2

   1      X       -0.850     -1.350      6.450     11.750

--------------------------------------------------------------------------------
Cell Name : NAND2X2 layout CORELIBD

                   Cell Errors    Real Errors   Cell Placements     Environments
                             1              1                 1                1
--------------------------------------------------------------------------------
Env.  Env. Placements            X1           Y1          X2           Y2

  1        1                574.450     1738.700     587.550     1744.600

Shape               Environments Status & Error Marker 

          1           X1         Y1         X2         Y2

   1      X       -0.850     -1.350      5.050     11.750

--------------------------------------------------------------------------------
Cell Name : ICP layout IOLIB_4M

                   Cell Errors    Real Errors   Cell Placements     Environments
                             1              1                 5                1
--------------------------------------------------------------------------------
Env.  Env. Placements            X1           Y1          X2           Y2

  1        5                  0.000      459.100     340.400      559.700

Shape               Environments Status & Error Marker 

          1           X1         Y1         X2         Y2

   1      X       -0.300     -5.400    100.300    335.000

--------------------------------------------------------------------------------
Cell Name : HAX3 layout CORELIBD

                   Cell Errors    Real Errors   Cell Placements     Environments
                             1              1                 3                1
--------------------------------------------------------------------------------
Env.  Env. Placements            X1           Y1          X2           Y2

  1        3                543.250     1685.500     556.350     1699.800

Shape               Environments Status & Error Marker 

          1           X1         Y1         X2         Y2

   1      X       -0.850     -1.350     13.450     11.750

--------------------------------------------------------------------------------
Cell Name : Gm_C_filter layout YAOWEN

                   Cell Errors    Real Errors   Cell Placements     Environments
                             7              7                 3                1
--------------------------------------------------------------------------------
Env.  Env. Placements            X1           Y1          X2           Y2

  1        3                448.550      531.700    1448.725      797.650

Shape               Environments Status & Error Marker 

          1           X1         Y1         X2         Y2

   1      X       27.525   -281.800    223.825    -15.850
   2      X      203.625   -281.800    458.200    -15.850
   3      X      344.650   -151.200    458.200    -15.850
   4      X      458.200   -281.800    707.100    -15.850
   5      X      647.700   -281.800    871.750    -15.850
   6      X      647.700   -135.700    707.100   -109.200
   7      X      871.750   -281.800   1027.700    -15.850

--------------------------------------------------------------------------------
Cell Name : GND3RP layout IOLIB_4M

                   Cell Errors    Real Errors   Cell Placements     Environments
                             1              1                 1                1
--------------------------------------------------------------------------------
Env.  Env. Placements            X1           Y1          X2           Y2

  1        1                  0.000     1859.100     340.400     1959.700

Shape               Environments Status & Error Marker 

          1           X1         Y1         X2         Y2

   1      X       -0.300     -5.400    100.300    335.000

--------------------------------------------------------------------------------
Cell Name : GND3OP layout IOLIB_4M

                   Cell Errors    Real Errors   Cell Placements     Environments
                             1              1                 1                1
--------------------------------------------------------------------------------
Env.  Env. Placements            X1           Y1          X2           Y2

  1        1                  0.000     2059.000     340.400     2159.700

Shape               Environments Status & Error Marker 

          1           X1         Y1         X2         Y2

   1      X       -0.300     -5.400    100.400    335.000

--------------------------------------------------------------------------------
Cell Name : GND3IP layout IOLIB_4M

                   Cell Errors    Real Errors   Cell Placements     Environments
                             1              1                 1                1
--------------------------------------------------------------------------------
Env.  Env. Placements            X1           Y1          X2           Y2

  1        1                  0.000     2259.000     340.400     2359.700

Shape               Environments Status & Error Marker 

          1           X1         Y1         X2         Y2

   1      X       -0.300     -5.400    100.400    335.000

--------------------------------------------------------------------------------
Cell Name : FILLCELLX8 layout CORELIBD

                   Cell Errors    Real Errors   Cell Placements     Environments
                             1              1                11                1
--------------------------------------------------------------------------------
Env.  Env. Placements            X1           Y1          X2           Y2

  1       11                668.050     1656.100     681.150     1669.000

Shape               Environments Status & Error Marker 

          1           X1         Y1         X2         Y2

   1      X       -0.850     -1.350     12.050     11.750

--------------------------------------------------------------------------------
Cell Name : FILLCELLX4 layout CORELIBD

                   Cell Errors    Real Errors   Cell Placements     Environments
                             1              1                17                1
--------------------------------------------------------------------------------
Env.  Env. Placements            X1           Y1          X2           Y2

  1       17                668.050     1678.500     681.150     1685.800

Shape               Environments Status & Error Marker 

          1           X1         Y1         X2         Y2

   1      X       -0.850     -1.350      6.450     11.750

--------------------------------------------------------------------------------
Cell Name : FILLCELLX16 layout CORELIBD

                   Cell Errors    Real Errors   Cell Placements     Environments
                             1              1                 2                1
--------------------------------------------------------------------------------
Env.  Env. Placements            X1           Y1          X2           Y2

  1        2                553.650     1735.900     566.750     1760.000

Shape               Environments Status & Error Marker 

          1           X1         Y1         X2         Y2

   1      X       -0.850     -1.350     23.250     11.750

--------------------------------------------------------------------------------
Cell Name : FILLCAPX8 layout CORELIBD

                   Cell Errors    Real Errors   Cell Placements     Environments
                             1              1                52                1
--------------------------------------------------------------------------------
Env.  Env. Placements            X1           Y1          X2           Y2

  1       52                657.650     1626.650     670.750     1639.650

Shape               Environments Status & Error Marker 

          1           X1         Y1         X2         Y2

   1      X       -0.900     -1.350     12.100     11.750

--------------------------------------------------------------------------------
Cell Name : FILLCAPX4 layout CORELIBD

                   Cell Errors    Real Errors   Cell Placements     Environments
                             1              1                58                1
--------------------------------------------------------------------------------
Env.  Env. Placements            X1           Y1          X2           Y2

  1       58                668.050     1637.850     681.150     1645.250

Shape               Environments Status & Error Marker 

          1           X1         Y1         X2         Y2

   1      X       -0.900     -1.350      6.500     11.750

--------------------------------------------------------------------------------
Cell Name : FILLCAPX32 layout CORELIBD

                   Cell Errors    Real Errors   Cell Placements     Environments
                             1              1                16                1
--------------------------------------------------------------------------------
Env.  Env. Placements            X1           Y1          X2           Y2

  1       16                657.650     1710.650     670.750     1757.250

Shape               Environments Status & Error Marker 

          1           X1         Y1         X2         Y2

   1      X       -0.900     -1.350     45.700     11.750

--------------------------------------------------------------------------------
Cell Name : FILLCAPX2 layout CORELIBD

                   Cell Errors    Real Errors   Cell Placements     Environments
                             1              1                53                1
--------------------------------------------------------------------------------
Env.  Env. Placements            X1           Y1          X2           Y2

  1       53                657.650     1672.850     670.750     1677.450

Shape               Environments Status & Error Marker 

          1           X1         Y1         X2         Y2

   1      X       -0.900     -1.350      3.700     11.750

--------------------------------------------------------------------------------
Cell Name : FILLCAPX16 layout CORELIBD

                   Cell Errors    Real Errors   Cell Placements     Environments
                             1              1                34                1
--------------------------------------------------------------------------------
Env.  Env. Placements            X1           Y1          X2           Y2

  1       34                668.050     1703.650     681.150     1727.850

Shape               Environments Status & Error Marker 

          1           X1         Y1         X2         Y2

   1      X       -0.900     -1.350     23.300     11.750

--------------------------------------------------------------------------------
Cell Name : ECG_bandgap_f_v1 layout YAOWEN

                   Cell Errors    Real Errors   Cell Placements     Environments
                            12             12                 1                1
--------------------------------------------------------------------------------
Env.  Env. Placements            X1           Y1          X2           Y2

  1        1                827.600     1185.800    1579.950     1553.050

Shape               Environments Status & Error Marker 

          1           X1         Y1         X2         Y2

   1      X       14.100    530.400    205.875    897.650
   2      X       45.950    732.300     79.500    857.750
   3      X       79.500    530.400    121.800    857.750
   4      X      106.625    530.400    164.100    857.750
   5      X      131.325    530.400    396.675    897.650
   6      X      137.425    732.300    164.100    762.300
   7      X      247.275    676.600    413.000    897.650
   8      X      247.275    693.150    396.675    704.450
   9      X      247.275    711.850    396.675    723.150
  10      X      291.800    530.400    413.000    561.000
  11      X      291.800    530.400    766.450    897.650
  12      X      396.200    560.400    413.000    561.000

--------------------------------------------------------------------------------
Cell Name : DLY1X1 layout CORELIBD

                   Cell Errors    Real Errors   Cell Placements     Environments
                             1              1                 1                1
--------------------------------------------------------------------------------
Env.  Env. Placements            X1           Y1          X2           Y2

  1        1                439.250     1801.700     452.350     1820.200

Shape               Environments Status & Error Marker 

          1           X1         Y1         X2         Y2

   1      X       -0.850     -1.350     17.650     11.750

--------------------------------------------------------------------------------
Cell Name : DFCX4 layout CORELIBD

                   Cell Errors    Real Errors   Cell Placements     Environments
                             1              1                 5                1
--------------------------------------------------------------------------------
Env.  Env. Placements            X1           Y1          X2           Y2

  1        5                564.050     1660.300     577.150     1691.400

Shape               Environments Status & Error Marker 

          1           X1         Y1         X2         Y2

   1      X       -0.850     -1.350     30.250     11.750

--------------------------------------------------------------------------------
Cell Name : DFCX3 layout CORELIBD

                   Cell Errors    Real Errors   Cell Placements     Environments
                             1              1                 1                1
--------------------------------------------------------------------------------
Env.  Env. Placements            X1           Y1          X2           Y2

  1        1                512.050     1660.300     525.150     1691.400

Shape               Environments Status & Error Marker 

          1           X1         Y1         X2         Y2

   1      X       -0.850     -1.350     30.250     11.750

--------------------------------------------------------------------------------
Cell Name : DFCSX4 layout CORELIBD

                   Cell Errors    Real Errors   Cell Placements     Environments
                             1              1                53                1
--------------------------------------------------------------------------------
Env.  Env. Placements            X1           Y1          X2           Y2

  1       53                657.650     1637.900     670.750     1674.600

Shape               Environments Status & Error Marker 

          1           X1         Y1         X2         Y2

   1      X       -0.850     -1.350     35.850     11.750

--------------------------------------------------------------------------------
Cell Name : DFCSX2 layout CORELIBD

                   Cell Errors    Real Errors   Cell Placements     Environments
                             1              1                 2                1
--------------------------------------------------------------------------------
Env.  Env. Placements            X1           Y1          X2           Y2

  1        2                595.250     1773.700     608.350     1811.800

Shape               Environments Status & Error Marker 

          1           X1         Y1         X2         Y2

   1      X       -0.850     -1.350     37.250     11.750

--------------------------------------------------------------------------------
Cell Name : Current_Voltage_Reference layout YAOWEN

                   Cell Errors    Real Errors   Cell Placements     Environments
                            16             16                 1                1
--------------------------------------------------------------------------------
Env.  Env. Placements            X1           Y1          X2           Y2

  1        1               1619.975     1323.250    2301.950     1553.050

Shape               Environments Status & Error Marker 

          1           X1         Y1         X2         Y2

   1      X       29.775     13.350    100.725    243.150
   2      X       65.825     13.350     98.825    191.050
   3      X       65.825     55.900     74.225    128.350
   4      X       90.425     13.350    211.250    243.150
   5      X       90.425     55.900     98.825    128.350
   6      X      127.325    108.650    176.425    243.150
   7      X      164.225    139.150    176.425    145.150
   8      X      176.425    108.650    211.250    243.150
   9      X      211.250     13.350    281.475    243.150
  10      X      246.575     13.350    283.375    243.150
  11      X      246.575     48.900    258.775     52.900
  12      X      271.175     48.900    283.375     52.900
  13      X      283.375     13.350    381.950    243.150
  14      X      308.075    103.100    320.275    109.100
  15      X      320.275     13.350    381.950    146.950
  16      X      381.950     13.350    711.750    243.150

--------------------------------------------------------------------------------
Cell Name : Constant_gm layout YAOWEN

                   Cell Errors    Real Errors   Cell Placements     Environments
                             1              1                 1                1
--------------------------------------------------------------------------------
Env.  Env. Placements            X1           Y1          X2           Y2

  1        1                496.025     1398.000     789.750     1553.050

Shape               Environments Status & Error Marker 

          1           X1         Y1         X2         Y2

   1      X      117.425   -172.000    411.150    -16.950

--------------------------------------------------------------------------------
Cell Name : CORNERP layout IOLIB_4M

                   Cell Errors    Real Errors   Cell Placements     Environments
                             1              1                 4                1
--------------------------------------------------------------------------------
Env.  Env. Placements            X1           Y1          X2           Y2

  1        4                  0.000     -150.000     340.900      190.800

Shape               Environments Status & Error Marker 

          1           X1         Y1         X2         Y2

   1      X       -5.400     -5.400    335.500    335.400

--------------------------------------------------------------------------------
Cell Name : CLKINVX4 layout CORELIBD

                   Cell Errors    Real Errors   Cell Placements     Environments
                             1              1                 1                1
--------------------------------------------------------------------------------
Env.  Env. Placements            X1           Y1          X2           Y2

  1        1                543.250     1714.900     556.350     1719.400

Shape               Environments Status & Error Marker 

          1           X1         Y1         X2         Y2

   1      X       -0.850     -1.350      3.650     11.750

--------------------------------------------------------------------------------
Cell Name : CLKBUFX6 layout CORELIBD

                   Cell Errors    Real Errors   Cell Placements     Environments
                             1              1                 1                1
--------------------------------------------------------------------------------
Env.  Env. Placements            X1           Y1          X2           Y2

  1        1                460.050     1741.500     473.150     1748.800

Shape               Environments Status & Error Marker 

          1           X1         Y1         X2         Y2

   1      X       -0.850     -1.350      6.450     11.750

--------------------------------------------------------------------------------
Cell Name : CLKBUFX4 layout CORELIBD

                   Cell Errors    Real Errors   Cell Placements     Environments
                             1              1                45                1
--------------------------------------------------------------------------------
Env.  Env. Placements            X1           Y1          X2           Y2

  1       45                616.050     1825.500     629.150     1831.400

Shape               Environments Status & Error Marker 

          1           X1         Y1         X2         Y2

   1      X       -0.850     -1.350      5.050     11.750

--------------------------------------------------------------------------------
Cell Name : CLKBUFX3 layout CORELIBD

                   Cell Errors    Real Errors   Cell Placements     Environments
                             1              1                 3                1
--------------------------------------------------------------------------------
Env.  Env. Placements            X1           Y1          X2           Y2

  1        3                626.450     1707.900     639.550     1713.800

Shape               Environments Status & Error Marker 

          1           X1         Y1         X2         Y2

   1      X       -0.850     -1.350      5.050     11.750

--------------------------------------------------------------------------------
Cell Name : CLKBUFX24 layout CORELIBD

                   Cell Errors    Real Errors   Cell Placements     Environments
                             1              1                 2                1
--------------------------------------------------------------------------------
Env.  Env. Placements            X1           Y1          X2           Y2

  1        2                564.050     1808.700     577.150     1823.000

Shape               Environments Status & Error Marker 

          1           X1         Y1         X2         Y2

   1      X       -0.850     -1.350     13.450     11.750

--------------------------------------------------------------------------------
Cell Name : CLKBUFX12 layout CORELIBD

                   Cell Errors    Real Errors   Cell Placements     Environments
                             1              1                 1                1
--------------------------------------------------------------------------------
Env.  Env. Placements            X1           Y1          X2           Y2

  1        1                460.050     1724.700     473.150     1733.400

Shape               Environments Status & Error Marker 

          1           X1         Y1         X2         Y2

   1      X       -0.850     -1.350      7.850     11.750

--------------------------------------------------------------------------------
Cell Name : CLKBUFX10 layout CORELIBD

                   Cell Errors    Real Errors   Cell Placements     Environments
                             1              1                 1                1
--------------------------------------------------------------------------------
Env.  Env. Placements            X1           Y1          X2           Y2

  1        1                564.050     1821.300     577.150     1830.000

Shape               Environments Status & Error Marker 

          1           X1         Y1         X2         Y2

   1      X       -0.850     -1.350      7.850     11.750

--------------------------------------------------------------------------------
Cell Name : BUFX8 layout CORELIBD

                   Cell Errors    Real Errors   Cell Placements     Environments
                             1              1                 1                1
--------------------------------------------------------------------------------
Env.  Env. Placements            X1           Y1          X2           Y2

  1        1                491.250     1696.700     504.350     1704.000

Shape               Environments Status & Error Marker 

          1           X1         Y1         X2         Y2

   1      X       -0.850     -1.350      6.450     11.750

--------------------------------------------------------------------------------
Cell Name : CLKBUFX8 layout CORELIBD

                   Cell Errors    Real Errors   Cell Placements     Environments
                             1              1                 3                1
--------------------------------------------------------------------------------
Env.  Env. Placements            X1           Y1          X2           Y2

  1        3                564.050     1828.300     577.150     1835.600

Shape               Environments Status & Error Marker 

          1           X1         Y1         X2         Y2

   1      X       -0.850     -1.350      6.450     11.750

--------------------------------------------------------------------------------
Cell Name : BUFX2 layout CORELIBD

                   Cell Errors    Real Errors   Cell Placements     Environments
                             1              1                 1                1
--------------------------------------------------------------------------------
Env.  Env. Placements            X1           Y1          X2           Y2

  1        1                439.250     1700.900     452.350     1706.800

Shape               Environments Status & Error Marker 

          1           X1         Y1         X2         Y2

   1      X       -0.850     -1.350      5.050     11.750

--------------------------------------------------------------------------------
Cell Name : CLKBUFX2 layout CORELIBD

                   Cell Errors    Real Errors   Cell Placements     Environments
                             1              1                 8                1
--------------------------------------------------------------------------------
Env.  Env. Placements            X1           Y1          X2           Y2

  1        8                616.050     1818.500     629.150     1824.400

Shape               Environments Status & Error Marker 

          1           X1         Y1         X2         Y2

   1      X       -0.850     -1.350      5.050     11.750

--------------------------------------------------------------------------------
Cell Name : BUFX16 layout CORELIBD

                   Cell Errors    Real Errors   Cell Placements     Environments
                             1              1                 2                1
--------------------------------------------------------------------------------
Env.  Env. Placements            X1           Y1          X2           Y2

  1        2                470.450     1769.500     483.550     1781.000

Shape               Environments Status & Error Marker 

          1           X1         Y1         X2         Y2

   1      X       -0.850     -1.350     10.650     11.750

--------------------------------------------------------------------------------
Cell Name : CLKBUFX16 layout CORELIBD

                   Cell Errors    Real Errors   Cell Placements     Environments
                             1              1                22                1
--------------------------------------------------------------------------------
Env.  Env. Placements            X1           Y1          X2           Y2

  1       22                668.050     1646.300     681.150     1657.800

Shape               Environments Status & Error Marker 

          1           X1         Y1         X2         Y2

   1      X       -0.850     -1.350     10.650     11.750

--------------------------------------------------------------------------------
Cell Name : BUFFER layout YAOWEN

                   Cell Errors    Real Errors   Cell Placements     Environments
                             2              2                 1                1
--------------------------------------------------------------------------------
Env.  Env. Placements            X1           Y1          X2           Y2

  1        1               2046.575      266.350    2393.500      493.975

Shape               Environments Status & Error Marker 

          1           X1         Y1         X2         Y2

   1      X        9.075      9.625    195.725    237.250
   2      X      150.525      9.625    356.000    237.250

--------------------------------------------------------------------------------
Cell Name : AVDD3ALLP layout IOLIB_ANA_4M

                   Cell Errors    Real Errors   Cell Placements     Environments
                             1              1                 3                1
--------------------------------------------------------------------------------
Env.  Env. Placements            X1           Y1          X2           Y2

  1        3               2340.100     -150.000    2440.700      190.400

Shape               Environments Status & Error Marker 

          1           X1         Y1         X2         Y2

   1      X       -0.300     -5.400    100.300    335.000

--------------------------------------------------------------------------------
Cell Name : APRIO200P layout IOLIB_ANA_4M

                   Cell Errors    Real Errors   Cell Placements     Environments
                             1              1                27                1
--------------------------------------------------------------------------------
Env.  Env. Placements            X1           Y1          X2           Y2

  1       27                540.100     -150.000     640.700      190.450

Shape               Environments Status & Error Marker 

          1           X1         Y1         X2         Y2

   1      X       -0.300     -5.400    100.300    335.050

--------------------------------------------------------------------------------
Cell Name : AND2X4 layout CORELIBD

                   Cell Errors    Real Errors   Cell Placements     Environments
                             1              1                 2                1
--------------------------------------------------------------------------------
Env.  Env. Placements            X1           Y1          X2           Y2

  1        2                553.650     1681.300     566.750     1688.600

Shape               Environments Status & Error Marker 

          1           X1         Y1         X2         Y2

   1      X       -0.850     -1.350      6.450     11.750

--------------------------------------------------------------------------------
Cell Name : AGND3ALLP layout IOLIB_ANA_4M

                   Cell Errors    Real Errors   Cell Placements     Environments
                             1              1                 3                1
--------------------------------------------------------------------------------
Env.  Env. Placements            X1           Y1          X2           Y2

  1        3               2540.100     -150.000    2640.700      190.400

Shape               Environments Status & Error Marker 

          1           X1         Y1         X2         Y2

   1      X       -0.300     -5.400    100.300    335.000

--------------------------------------------------------------------------------
Cell Name : il2244_dig layout DIG_SPI

                   Cell Errors    Real Errors   Cell Placements     Environments
                            78             78                 1                1
--------------------------------------------------------------------------------
Env.  Env. Placements            X1           Y1          X2           Y2

  1        1                425.000     1613.250     695.400     1900.850

Shape               Environments Status & Error Marker 

          1           X1         Y1         X2         Y2

   1      X        1.100      0.000    275.300    270.400
   2      X       19.100     37.750     21.550     45.450
   3      X       33.050     58.550     34.150     66.250
   4      X       44.300    100.150     46.750    118.250
   5      X       47.100    120.950     48.150    128.650
   6      X       47.100    172.950     48.150    180.650
   7      X       52.700    162.550     55.150    170.250
   8      X       56.850     79.350     59.350     87.050
   9      X       58.300    131.350     60.750    149.450
  10      X       61.050    162.550     62.100    170.250
  11      X       66.650    131.350     69.150    139.050
  12      X       70.850    141.750     73.350    149.450
  13      X       76.450     89.750     77.500     97.450
  14      X       79.250    120.950     80.350    128.650
  15      X       82.100    172.950     84.550    180.650
  16      X       83.500    152.150     84.550    159.850
  17      X       87.650    110.550     88.700    118.250
  18      X       87.650    131.350     88.750    139.050
  19      X       93.250    131.350     95.700    139.050
  20      X       96.100     89.750     98.550     97.450
  21      X      101.650     58.550    102.700     66.250
  22      X      101.650    141.750    102.750    149.450
  23      X      103.050     37.750    105.550     45.450
  24      X      107.250    183.350    108.300    191.050
  25      X      108.650    162.550    109.750    170.250
  26      X      115.650    152.150    116.700    159.850
  27      X      117.050     37.750    119.500     45.450
  28      X      118.500    183.350    120.950    191.050
  29      X      119.900    120.950    122.350    128.650
  30      X      124.050    152.150    125.150    170.250
  31      X      128.300    214.550    129.350    222.250
  32      X      129.650     79.350    130.700     87.050
  33      X      129.650    152.150    130.700    159.850
  34      X      132.450    110.550    133.500    118.250
  35      X      132.450    162.550    133.500    170.250
  36      X      133.850    120.950    134.900    128.650
  37      X      133.850    235.350    134.900    243.050
  38      X      136.650     68.950    139.150     76.650
  39      X      143.700     48.150    146.150     55.850
  40      X      145.100    204.150    146.150    211.850
  41      X      145.100    235.350    146.150    243.050
  42      X      149.300    100.150    150.350    107.850
  43      X      149.300    183.350    151.750    191.050
  44      X      150.650     68.950    153.100     76.650
  45      X      150.700    110.550    154.550    128.650
  46      X      152.100    162.550    153.150    170.250
  47      X      153.450    172.950    155.950    180.650
  48      X      154.900    152.150    157.350    159.850
  49      X      157.700     79.350    160.150     87.050
  50      X      168.900     68.950    171.350     76.650
  51      X      173.050     27.350    175.550     35.050
  52      X      175.850     58.550    178.350     66.250
  53      X      188.500     48.150    192.300     66.250
  54      X      194.050    110.550    197.900    128.650
  55      X      195.450    193.750    196.500    201.450
  56      X      196.850    224.950    197.900    232.650
  57      X      198.250    152.150    199.300    159.850
  58      X      198.300     37.750    199.350     45.450
  59      X      199.700    100.150    202.150    107.850
  60      X      210.850     37.750    211.950     45.450
  61      X      210.900    172.950    213.350    180.650
  62      X      212.250     68.950    213.350     76.650
  63      X      212.300    152.150    214.750    159.850
  64      X      213.650    100.150    216.100    107.850
  65      X      215.100    183.350    217.550    191.050
  66      X      223.450    120.950    224.550    128.650
  67      X      223.500    141.750    225.950    149.450
  68      X      224.900     58.550    227.350     66.250
  69      X      226.300     27.350    228.750     35.050
  70      X      229.100    214.550    231.550    222.250
  71      X      231.850    141.750    232.900    149.450
  72      X      239.950      0.000    288.700    270.400
  73      X      240.250     37.750    242.750     45.450
  74      X      241.650    214.550    242.700    222.250
  75      X      243.050    110.550    244.100    118.250
  76      X      258.450    162.550    259.500    170.250
  77      X      258.450    183.350    259.500    191.050
  78      X      261.250     79.350    262.300     87.050

--------------------------------------------------------------------------------
Cell Name : fecg_front_end_f_3 layout FECG

                   Cell Errors    Real Errors   Cell Placements     Environments
                             4              4                 1                1
--------------------------------------------------------------------------------
Env.  Env. Placements            X1           Y1          X2           Y2

  1        1                405.600     1975.400    2357.300     2735.850

Shape               Environments Status & Error Marker 

          1           X1         Y1         X2         Y2

   1      X       -7.400    -19.000   1539.150    741.450
   2      X      666.550    225.800   1900.175    741.450
   3      X     1519.600    -19.000   1944.300    741.450
   4      X     1521.800    717.625   1900.175    741.450

--------------------------------------------------------------------------------
Cell Name : fbias_bias2_f layout FBIAS

                   Cell Errors    Real Errors   Cell Placements     Environments
                             2              2                 1                1
--------------------------------------------------------------------------------
Env.  Env. Placements            X1           Y1          X2           Y2

  1        1                767.425     1608.900    2169.425     1939.800

Shape               Environments Status & Error Marker 

          1           X1         Y1         X2         Y2

   1      X       -0.225     -0.600    728.150    330.300
   2      X      712.600     -0.600   1401.775    330.300

--------------------------------------------------------------------------------
Cell Name : IO_RING_S_VHS layout VT26_IO_RING

                   Cell Errors    Real Errors   Cell Placements     Environments
                             4              4                 1                1
--------------------------------------------------------------------------------
Env.  Env. Placements            X1           Y1          X2           Y2

  1        1                  0.000     -150.000    3150.800     3149.800

Shape               Environments Status & Error Marker 

          1           X1         Y1         X2         Y2

   1      X      340.400    190.400   1540.100   2809.400
   2      X     1540.100    190.400   2809.900   2809.400
   3      X     2809.900    190.400   2810.400   2809.000
   4      X     2810.350    559.700   2810.400   1109.100

--------------------------------------------------------------------------------
Cell Name : ECG_Front_End layout YAOWEN

                   Cell Errors    Real Errors   Cell Placements     Environments
                             5              5                 1                1
--------------------------------------------------------------------------------
Env.  Env. Placements            X1           Y1          X2           Y2

  1        1                405.000      202.250    2523.750     1139.050

Shape               Environments Status & Error Marker 

          1           X1         Y1         X2         Y2

   1      X       40.300     50.650   1091.700    987.450
   2      X     1026.775     77.000   1723.950    987.450
   3      X     1091.700     50.650   2028.800    380.100
   4      X     1256.150     50.650   2159.050    987.450
   5      X     1256.150    928.950   1714.650    955.900

--------------------------------------------------------------------------------
Cell Name : ECG_BIAS layout YAOWEN

                   Cell Errors    Real Errors   Cell Placements     Environments
                             3              3                 1                1
--------------------------------------------------------------------------------
Env.  Env. Placements            X1           Y1          X2           Y2

  1        1                463.675     1145.750    2332.175     1596.600

Shape               Environments Status & Error Marker 

          1           X1         Y1         X2         Y2

   1      X     1113.625   -881.350   1439.700   -430.500
   2      X     1439.600   -881.350   2407.000   -430.500
   3      X     2276.600   -881.350   2982.125   -430.500

================================================================================
Rule No. 202 : unstable device for P_NWD_device_Device_43

Real Error Count : 1; Flat Error Count : 1
================================================================================

--------------------------------------------------------------------------------
Cell Name : ECG_Front_End layout YAOWEN

                   Cell Errors    Real Errors   Cell Placements     Environments
                             1              1                 1                1
--------------------------------------------------------------------------------
Env.  Env. Placements            X1           Y1          X2           Y2

  1        1               1815.750      754.650    1842.050      760.750

Shape               Environments Status & Error Marker 

          1           X1         Y1         X2         Y2

   1      X     1451.050    603.050   1477.350    609.150

================================================================================
Rule No. 204 : unstable device for NWD_device_DIODE_42

Real Error Count : 1; Flat Error Count : 1
================================================================================

--------------------------------------------------------------------------------
Cell Name : IO_RING_S_VHS layout VT26_IO_RING

                   Cell Errors    Real Errors   Cell Placements     Environments
                             1              1                 1                1
--------------------------------------------------------------------------------
Env.  Env. Placements            X1           Y1          X2           Y2

  1        1                262.150     1259.400     286.300     1359.400

Shape               Environments Status & Error Marker 

          1           X1         Y1         X2         Y2

   1      X      262.150   1259.400    286.300   1359.400

