================================================================================
Rule No. 14 :  INFO : standard pad met4 4 stack

Real Error Count : 6; Flat Error Count : 44
================================================================================

--------------------------------------------------------------------------------
Cell Name : g_padonly layout IOLIB_4M

                   Cell Errors    Real Errors   Cell Placements     Environments
                             1              1                 4                1
--------------------------------------------------------------------------------
Env.  Env. Placements            X1           Y1          X2           Y2

  1        4                 10.400     2266.900      95.400     2351.900

Shape               Environments Status & Error Marker 

          1           X1         Y1         X2         Y2

   1      X        7.500      5.000     92.500     90.000

--------------------------------------------------------------------------------
Cell Name : g_padonly layout IOLIB_ANA_4M

                   Cell Errors    Real Errors   Cell Placements     Environments
                             1              1                 6                1
--------------------------------------------------------------------------------
Env.  Env. Placements            X1           Y1          X2           Y2

  1        6               2547.900     -139.600    2632.900      -54.600

Shape               Environments Status & Error Marker 

          1           X1         Y1         X2         Y2

   1      X        7.500      5.000     92.500     90.000

--------------------------------------------------------------------------------
Cell Name : ICP layout IOLIB_4M

                   Cell Errors    Real Errors   Cell Placements     Environments
                             1              1                 5                1
--------------------------------------------------------------------------------
Env.  Env. Placements            X1           Y1          X2           Y2

  1        5                 10.400      466.900      95.400      551.900

Shape               Environments Status & Error Marker 

          1           X1         Y1         X2         Y2

   1      X        7.500      5.000     92.500     90.000

--------------------------------------------------------------------------------
Cell Name : APRIO200P layout IOLIB_ANA_4M

                   Cell Errors    Real Errors   Cell Placements     Environments
                             1              1                27                1
--------------------------------------------------------------------------------
Env.  Env. Placements            X1           Y1          X2           Y2

  1       27                547.900     -139.600     632.900      -54.600

Shape               Environments Status & Error Marker 

          1           X1         Y1         X2         Y2

   1      X        7.500      5.000     92.500     90.000

--------------------------------------------------------------------------------
Cell Name : topsyh_floorplan layout VT26_TOP

                   Cell Errors    Real Errors   Cell Placements     Environments
                             2              2                 1                1
--------------------------------------------------------------------------------
Env.  Env. Placements            X1           Y1          X2           Y2

  1        1                 10.400     -139.600    3140.400     3139.400

Shape               Environments Status & Error Marker 

          1           X1         Y1         X2         Y2

   1      X       10.400   1666.900     95.400   1751.900
   2      X       10.400   1866.900     95.400   1951.900

================================================================================
Rule No. 55 : rvia1 INFO : rvia1 not opens met1/2 for drc

Real Error Count : 6; Flat Error Count : 18
================================================================================

--------------------------------------------------------------------------------
Cell Name : AGND3ALLP layout IOLIB_ANA_4M

                   Cell Errors    Real Errors   Cell Placements     Environments
                             6              6                 3                1
--------------------------------------------------------------------------------
Env.  Env. Placements            X1           Y1          X2           Y2

  1        3               2562.450      -39.900    2638.550      107.600

Shape               Environments Status & Error Marker 

          1           X1         Y1         X2         Y2

   1      X       22.050    111.300     24.550    242.950
   2      X       29.350    112.250     35.450    242.800
   3      X       46.300    112.250     53.850    242.250
   4      X       64.800    112.250     70.550    242.250
   5      X       81.500    116.650     86.600    242.800
   6      X       96.100    104.700     98.150    252.200

================================================================================
Rule No. 56 : rvia2 INFO : rvia2 not opens met2/3 for drc

Real Error Count : 10; Flat Error Count : 30
================================================================================

--------------------------------------------------------------------------------
Cell Name : AVDD3ALLP layout IOLIB_ANA_4M

                   Cell Errors    Real Errors   Cell Placements     Environments
                             6              6                 3                1
--------------------------------------------------------------------------------
Env.  Env. Placements            X1           Y1          X2           Y2

  1        3               2352.500       35.200    2428.350      186.350

Shape               Environments Status & Error Marker 

          1           X1         Y1         X2         Y2

   1      X       12.100    316.250     87.800    330.950
   2      X       12.900    179.800     82.250    250.500
   3      X       12.900    258.400     35.500    279.100
   4      X       38.500    258.400     61.600    279.100
   5      X       64.600    258.400     87.950    279.100
   6      X       86.100    179.800     87.950    250.500

--------------------------------------------------------------------------------
Cell Name : AGND3ALLP layout IOLIB_ANA_4M

                   Cell Errors    Real Errors   Cell Placements     Environments
                             4              4                 3                1
--------------------------------------------------------------------------------
Env.  Env. Placements            X1           Y1          X2           Y2

  1        3               2552.500      -39.150    2628.200      165.750

Shape               Environments Status & Error Marker 

          1           X1         Y1         X2         Y2

   1      X       12.100    284.650     35.450    310.350
   2      X       12.850    105.450     86.650    168.300
   3      X       38.450    284.650     61.550    310.350
   4      X       64.550    284.650     87.800    310.350

================================================================================
Rule No. 66 : BAD_SUBSTR_SUBTAP_FLOAT_ERC

Real Error Count : 1; Flat Error Count : 1
================================================================================

--------------------------------------------------------------------------------
Cell Name : topsyh_floorplan layout VT26_TOP

                   Cell Errors    Real Errors   Cell Placements     Environments
                             1              1                 1                1
--------------------------------------------------------------------------------
Env.  Env. Placements            X1           Y1          X2           Y2

  1        1                280.150     1267.300     298.700     1351.400

Shape               Environments Status & Error Marker 

          1           X1         Y1         X2         Y2

   1      X      280.150   1267.300    298.700   1351.400

================================================================================
Rule No. 67 : BAD_SUBSTR_SUBTAP_MULTCONN_ERC

Real Error Count : 1; Flat Error Count : 1
================================================================================

--------------------------------------------------------------------------------
Cell Name : topsyh_floorplan layout VT26_TOP

                   Cell Errors    Real Errors   Cell Placements     Environments
                             1              1                 1                1
--------------------------------------------------------------------------------
Env.  Env. Placements            X1           Y1          X2           Y2

  1        1                -10.000     -160.000    3160.800     3159.800

Shape               Environments Status & Error Marker 

          1           X1         Y1         X2         Y2

   1      X      -10.000   -160.000   3160.800   3159.800

================================================================================
Rule No. 68 : BAD_NWELL_WELLTAP_FLOAT_ERC

Real Error Count : 3; Flat Error Count : 3
================================================================================

--------------------------------------------------------------------------------
Cell Name : Current_Voltage_Reference layout YAOWEN

                   Cell Errors    Real Errors   Cell Placements     Environments
                             3              3                 1                1
--------------------------------------------------------------------------------
Env.  Env. Placements            X1           Y1          X2           Y2

  1        1               1741.900     1485.050    1796.100     1529.650

Shape               Environments Status & Error Marker 

          1           X1         Y1         X2         Y2

   1      X      151.700    211.050    205.900    219.750
   2      X      153.350    175.150    198.900    192.100
   3      X      154.550    197.200    193.750    205.900

================================================================================
Rule No. 421 : INFO: hot nwell

Real Error Count : 254; Flat Error Count : 1135
================================================================================

--------------------------------------------------------------------------------
Cell Name : pmos4 layout PRIMLIB l="4u" in1=MP3428129

                   Cell Errors    Real Errors   Cell Placements     Environments
                             1              1                96                1
--------------------------------------------------------------------------------
Env.  Env. Placements            X1           Y1          X2           Y2

  1       96               1780.625      990.350    1788.725     1002.750

Shape               Environments Status & Error Marker 

          1           X1         Y1         X2         Y2

   1      X       -1.200     -1.200     11.200      6.900

--------------------------------------------------------------------------------
Cell Name : cpolyc layout PRIMLIB area="3.47n" c="3p" gwell="N-Well" l="59.25u" perimeter="235.5u" rbottom="Cont" rleft="Cont" id_=d867af616155d7ec in1=C0

                   Cell Errors    Real Errors   Cell Placements     Environments
                             1              1                 4                1
--------------------------------------------------------------------------------
Env.  Env. Placements            X1           Y1          X2           Y2

  1        4               1178.175     1664.425    1242.925     1727.625

Shape               Environments Status & Error Marker 

          1           X1         Y1         X2         Y2

   1      X       -1.350     -1.350     63.400     61.850

--------------------------------------------------------------------------------
Cell Name : cpolyc layout PRIMLIB area="2.89n" c="2.5p" gwell="N-Well" l="54.1u" perimeter="214.9u" rbottom="Cont" rleft="Cont" id_=d867af612fc4b764 in1=C528229

                   Cell Errors    Real Errors   Cell Placements     Environments
                             1              1                 4                1
--------------------------------------------------------------------------------
Env.  Env. Placements            X1           Y1          X2           Y2

  1        4               2607.100     1960.200    2665.150     2019.800

Shape               Environments Status & Error Marker 

          1           X1         Y1         X2         Y2

   1      X       -1.350     -1.350     58.250     56.700

--------------------------------------------------------------------------------
Cell Name : G192_2_3_12300_14100_r270 sub_array

                   Cell Errors    Real Errors   Cell Placements     Environments
                             2              2                15                1
--------------------------------------------------------------------------------
Env.  Env. Placements            X1           Y1          X2           Y2

  1       15               2587.050     1507.475    2608.550     1546.175

Shape               Environments Status & Error Marker 

          1           X1         Y1         X2         Y2

   1      X       -1.200     -6.200     37.500      1.200
   2      X       -1.200      7.900     37.500     15.300

--------------------------------------------------------------------------------
Cell Name : pmos4

                   Cell Errors    Real Errors   Cell Placements     Environments
                             1              1                 1                1
--------------------------------------------------------------------------------
Env.  Env. Placements            X1           Y1          X2           Y2

  1        1               2675.300     1851.150    2680.400     1855.550

Shape               Environments Status & Error Marker 

          1           X1         Y1         X2         Y2

   1      X       -1.200     -1.200      3.200      3.900

--------------------------------------------------------------------------------
Cell Name : cpolyc layout PRIMLIB area="2.31n" c="2p" gwell="N-Well" l="48.4u" perimeter="192.1u" rbottom="Cont" rleft="Cont" rright="Cont" id_=8d84e3685e3786f2 in1=C228929

                   Cell Errors    Real Errors   Cell Placements     Environments
                             1              1                31                1
--------------------------------------------------------------------------------
Env.  Env. Placements            X1           Y1          X2           Y2

  1       31               1088.750     2521.925    1142.650     2574.275

Shape               Environments Status & Error Marker 

          1           X1         Y1         X2         Y2

   1      X       -1.350     -1.350     52.550     51.000

--------------------------------------------------------------------------------
Cell Name : cpolyc layout PRIMLIB area="1.73n" c="1.5p" gwell="N-Well" l="41.95u" perimeter="166.3u" rbottom="Cont" rleft="Cont" id_=d867af61708d568b in1=C428929

                   Cell Errors    Real Errors   Cell Placements     Environments
                             1              1                10                1
--------------------------------------------------------------------------------
Env.  Env. Placements            X1           Y1          X2           Y2

  1       10               2506.650     1822.150    2552.550     1869.600

Shape               Environments Status & Error Marker 

          1           X1         Y1         X2         Y2

   1      X       -1.350     -1.350     46.100     44.550

--------------------------------------------------------------------------------
Cell Name : 7_MUX21 layout Potentiostat_cpoly

                   Cell Errors    Real Errors   Cell Placements     Environments
                             2              2                 2                1
--------------------------------------------------------------------------------
Env.  Env. Placements            X1           Y1          X2           Y2

  1        2               2706.125     2231.000    2721.625     2273.550

Shape               Environments Status & Error Marker 

          1           X1         Y1         X2         Y2

   1      X        2.700     11.900      8.275     15.000
   2      X       21.400      4.200     45.250     19.700

--------------------------------------------------------------------------------
Cell Name : 6_TIA_Front_Layout layout Potentiostat_cpoly

                   Cell Errors    Real Errors   Cell Placements     Environments
                             4              4                 1                1
--------------------------------------------------------------------------------
Env.  Env. Placements            X1           Y1          X2           Y2

  1        1               2556.375     1900.000    2723.800     2207.150

Shape               Environments Status & Error Marker 

          1           X1         Y1         X2         Y2

   1      X        0.700     68.200    184.400    178.300
   2      X        1.225     11.225     71.925     50.950
   3      X       76.650     12.700    184.500     66.300
   4      X      188.050     34.950    307.850    178.650

--------------------------------------------------------------------------------
Cell Name : 6_CA_Front_Layout layout Potentiostat_cpoly

                   Cell Errors    Real Errors   Cell Placements     Environments
                             3              3                 2                1
--------------------------------------------------------------------------------
Env.  Env. Placements            X1           Y1          X2           Y2

  1        2               2515.600      910.000    2735.200     1093.650

Shape               Environments Status & Error Marker 

          1           X1         Y1         X2         Y2

   1      X        2.150     97.000    185.800    226.500
   2      X        7.150     45.100    110.800     93.900
   3      X      121.050      6.900    185.050     93.950

--------------------------------------------------------------------------------
Cell Name : rpolyhc layout PRIMLIB Bends=10 Dummy=TRUE ResShape="90_deg" doubleCont="Horizontal" gwell="N-Well" l="500u" r="1M" w="800n" in1=R5

                   Cell Errors    Real Errors   Cell Placements     Environments
                             1              1                14                1
--------------------------------------------------------------------------------
Env.  Env. Placements            X1           Y1          X2           Y2

  1       14               2636.550     1726.775    2662.150     1782.925

Shape               Environments Status & Error Marker 

          1           X1         Y1         X2         Y2

   1      X       -6.000     -4.650     50.150     20.950

--------------------------------------------------------------------------------
Cell Name : Inverter layout Potentiostat_cpoly

                   Cell Errors    Real Errors   Cell Placements     Environments
                             1              1                 4                1
--------------------------------------------------------------------------------
Env.  Env. Placements            X1           Y1          X2           Y2

  1        4               2648.400     1862.350    2653.975     1865.450

Shape               Environments Status & Error Marker 

          1           X1         Y1         X2         Y2

   1      X        0.550      3.700      6.125      6.800

--------------------------------------------------------------------------------
Cell Name : 8_CA_TIA_Front_calib layout Potentiostat_cpoly

                   Cell Errors    Real Errors   Cell Placements     Environments
                            18             18                 1                1
--------------------------------------------------------------------------------
Env.  Env. Placements            X1           Y1          X2           Y2

  1        1               2498.350     1624.925    2725.050     2624.950

Shape               Environments Status & Error Marker 

          1           X1         Y1         X2         Y2

   1      X      229.200    106.650    402.650    203.750
   2      X      231.700     18.000    303.550     55.900
   3      X      269.400     71.200    310.850    104.600
   4      X      314.350     95.250    319.925     98.350
   5      X      321.600     90.450    329.450     94.850
   6      X      331.750     95.250    337.325     98.350
   7      X      339.700     90.450    347.350     94.850
   8      X      351.500     95.250    357.075     98.350
   9      X      358.525     90.450    366.400     94.850
  10      X      368.100     95.250    373.675     98.350
  11      X      375.800     90.450    384.150     94.850
  12      X      429.300     17.100    510.000     61.800
  13      X      761.775     21.250   1009.725    137.500
  14      X      779.975    164.775    784.375    171.875
  15      X      779.975    177.875    784.375    184.725
  16      X      779.975    192.325    784.375    199.175
  17      X      779.975    205.275    784.375    211.900
  18      X      800.900    153.750   1010.600    241.250

--------------------------------------------------------------------------------
Cell Name : vert10_4 layout PRIMLIB

                   Cell Errors    Real Errors   Cell Placements     Environments
                             1              1               193                1
--------------------------------------------------------------------------------
Env.  Env. Placements            X1           Y1          X2           Y2

  1      193               1106.800     1200.500    1120.600     1214.300

Shape               Environments Status & Error Marker 

          1           X1         Y1         X2         Y2

   1      X        1.500      1.500     15.300     15.300

--------------------------------------------------------------------------------
Cell Name : rpolyhc layout PRIMLIB Bends=4 Dummy=TRUE ResShape="90_deg" doubleCont="Horizontal" gwell="N-Well" l="25u" r="50K" w="800n" in1=R27

                   Cell Errors    Real Errors   Cell Placements     Environments
                             1              1                24                1
--------------------------------------------------------------------------------
Env.  Env. Placements            X1           Y1          X2           Y2

  1       24               1921.650     1780.100    1937.950     1796.100

Shape               Environments Status & Error Marker 

          1           X1         Y1         X2         Y2

   1      X       -6.000     -4.650     10.000     11.650

--------------------------------------------------------------------------------
Cell Name : rpolyhc layout PRIMLIB Bends=4 Dummy=TRUE ResShape="90_deg" doubleCont="Horizontal" gwell="N-Well" l="52.5u" r="35K" w="2u" in1=R50

                   Cell Errors    Real Errors   Cell Placements     Environments
                             1              1                45                1
--------------------------------------------------------------------------------
Env.  Env. Placements            X1           Y1          X2           Y2

  1       45               1414.425     1651.225    1438.475     1675.725

Shape               Environments Status & Error Marker 

          1           X1         Y1         X2         Y2

   1      X       -7.750     -5.750     16.300     18.750

--------------------------------------------------------------------------------
Cell Name : rpolyhc layout PRIMLIB Bends=28 Dummy=TRUE ResShape="90_deg" gwell="N-Well" l="5000u" r="10M" rleft="Cont" rright="Cont" id_=38be6356325ad8cb in1=R10

                   Cell Errors    Real Errors   Cell Placements     Environments
                             1              1                 4                1
--------------------------------------------------------------------------------
Env.  Env. Placements            X1           Y1          X2           Y2

  1        4               1950.600      291.600    2006.700      475.850

Shape               Environments Status & Error Marker 

          1           X1         Y1         X2         Y2

   1      X       -6.650     -5.950    177.600     50.150

--------------------------------------------------------------------------------
Cell Name : rpolyhc layout PRIMLIB Bends=12 Dummy=TRUE ResShape="90_deg" gwell="N-Well" l="1000u" r="2M" rtop="Cont" w="0.8u" in1=R3

                   Cell Errors    Real Errors   Cell Placements     Environments
                             1              1                 2                1
--------------------------------------------------------------------------------
Env.  Env. Placements            X1           Y1          X2           Y2

  1        2               2161.100     2283.525    2191.100     2372.425

Shape               Environments Status & Error Marker 

          1           X1         Y1         X2         Y2

   1      X       -6.650     -4.650     82.250     25.350

--------------------------------------------------------------------------------
Cell Name : rpolyhc layout PRIMLIB Bends=10 Dummy=TRUE ResShape="90_deg" gwell="N-Well" l="500u" r="1M" w="0.8u" in1=R15

                   Cell Errors    Real Errors   Cell Placements     Environments
                             1              1                32                1
--------------------------------------------------------------------------------
Env.  Env. Placements            X1           Y1          X2           Y2

  1       32               1954.600      864.050    2009.450      889.650

Shape               Environments Status & Error Marker 

          1           X1         Y1         X2         Y2

   1      X       -5.350     -4.650     49.500     20.950

--------------------------------------------------------------------------------
Cell Name : rpolyhc layout PRIMLIB doubleCont="Horizontal" gwell="N-Well" l="18.75u" r="12.5K" w="2u" in1=R2

                   Cell Errors    Real Errors   Cell Placements     Environments
                             1              1                 4                1
--------------------------------------------------------------------------------
Env.  Env. Placements            X1           Y1          X2           Y2

  1        4                567.050      409.750     596.600      418.450

Shape               Environments Status & Error Marker 

          1           X1         Y1         X2         Y2

   1      X       -4.800     -3.350     24.750      5.350

--------------------------------------------------------------------------------
Cell Name : rpolyhc layout PRIMLIB Dummy=TRUE doubleCont="Horizontal" gwell="N-Well" l="18.75u" r="12.5K" w="2u" in1=R7

                   Cell Errors    Real Errors   Cell Placements     Environments
                             1              1                 4                1
--------------------------------------------------------------------------------
Env.  Env. Placements            X1           Y1          X2           Y2

  1        4                562.250      396.250     596.600      409.750

Shape               Environments Status & Error Marker 

          1           X1         Y1         X2         Y2

   1      X       -7.200     -5.750     27.150      7.750

--------------------------------------------------------------------------------
Cell Name : rpolyhc layout PRIMLIB Bends=4 Dummy=TRUE ResShape="90_deg" doubleCont="Horizontal" gwell="N-Well" l="250u" r="500K" w="800n" in1=R11

                   Cell Errors    Real Errors   Cell Placements     Environments
                             1              1                 8                1
--------------------------------------------------------------------------------
Env.  Env. Placements            X1           Y1          X2           Y2

  1        8               2058.525      340.825    2119.525      357.125

Shape               Environments Status & Error Marker 

          1           X1         Y1         X2         Y2

   1      X       -6.000     -4.650     55.000     11.650

--------------------------------------------------------------------------------
Cell Name : rpolyhc layout PRIMLIB Bends=10 Dummy=TRUE ResShape="90_deg" doubleCont="Horizontal" gwell="N-Well" l="150u" r="100K" w="2u" in1=R26

                   Cell Errors    Real Errors   Cell Placements     Environments
                             1              1                12                1
--------------------------------------------------------------------------------
Env.  Env. Placements            X1           Y1          X2           Y2

  1       12               2510.250     1344.775    2537.000     1385.775

Shape               Environments Status & Error Marker 

          1           X1         Y1         X2         Y2

   1      X       -7.750     -5.750     19.000     35.250

--------------------------------------------------------------------------------
Cell Name : rpolyhc layout PRIMLIB Bends=10 Dummy=TRUE ResShape="90_deg" doubleCont="Horizontal" gwell="N-Well" l="50u" r="100K" w="800n" in1=R9

                   Cell Errors    Real Errors   Cell Placements     Environments
                             1              1                 9                1
--------------------------------------------------------------------------------
Env.  Env. Placements            X1           Y1          X2           Y2

  1        9               2514.475     1138.875    2529.725     1164.475

Shape               Environments Status & Error Marker 

          1           X1         Y1         X2         Y2

   1      X       -6.000     -4.650      9.250     20.950

--------------------------------------------------------------------------------
Cell Name : pmos4 layout PRIMLIB l="350n" in1=MP628129

                   Cell Errors    Real Errors   Cell Placements     Environments
                             1              1                16                1
--------------------------------------------------------------------------------
Env.  Env. Placements            X1           Y1          X2           Y2

  1       16               1380.025     1750.800    1384.475     1763.200

Shape               Environments Status & Error Marker 

          1           X1         Y1         X2         Y2

   1      X       -1.200     -1.200     11.200      3.250

--------------------------------------------------------------------------------
Cell Name : pmos4 layout PRIMLIB l="4u" w="25u" wtot="25u" in1=MP128729

                   Cell Errors    Real Errors   Cell Placements     Environments
                             1              1                20                1
--------------------------------------------------------------------------------
Env.  Env. Placements            X1           Y1          X2           Y2

  1       20               1310.875     1658.450    1318.975     1685.850

Shape               Environments Status & Error Marker 

          1           X1         Y1         X2         Y2

   1      X       -1.200     -1.200     26.200      6.900

--------------------------------------------------------------------------------
Cell Name : pmos4 layout PRIMLIB l="4u" w="5u" wtot="5u" in1=MP828329

                   Cell Errors    Real Errors   Cell Placements     Environments
                             1              1                12                1
--------------------------------------------------------------------------------
Env.  Env. Placements            X1           Y1          X2           Y2

  1       12                950.925     1417.700     959.025     1425.100

Shape               Environments Status & Error Marker 

          1           X1         Y1         X2         Y2

   1      X       -1.200     -1.200      6.200      6.900

--------------------------------------------------------------------------------
Cell Name : pmos4 layout PRIMLIB jd=FALSE js=FALSE l="350n" ng="20" w="15u" wtot="300u" in1=MP1728129

                   Cell Errors    Real Errors   Cell Placements     Environments
                             1              1                24                1
--------------------------------------------------------------------------------
Env.  Env. Placements            X1           Y1          X2           Y2

  1       24               1214.275     2156.575    1244.375     2173.975

Shape               Environments Status & Error Marker 

          1           X1         Y1         X2         Y2

   1      X       -1.200     -1.200     16.200     28.900

--------------------------------------------------------------------------------
Cell Name : pmos4 layout PRIMLIB jd=FALSE jg="no" js=FALSE l="350n" ng="10" wtot="100u" in1=MP6

                   Cell Errors    Real Errors   Cell Placements     Environments
                             1              1                 2                1
--------------------------------------------------------------------------------
Env.  Env. Placements            X1           Y1          X2           Y2

  1        2               1854.925      907.275    1871.525      919.675

Shape               Environments Status & Error Marker 

          1           X1         Y1         X2         Y2

   1      X       -1.200     -1.200     11.200     15.400

--------------------------------------------------------------------------------
Cell Name : pmos4 layout PRIMLIB l="500n" w="12.5u" wtot="12.5u" in1=MP1283129

                   Cell Errors    Real Errors   Cell Placements     Environments
                             1              1                68                1
--------------------------------------------------------------------------------
Env.  Env. Placements            X1           Y1          X2           Y2

  1       68               2045.825     2342.300    2050.425     2357.200

Shape               Environments Status & Error Marker 

          1           X1         Y1         X2         Y2

   1      X       -1.200     -1.200     13.700      3.400

--------------------------------------------------------------------------------
Cell Name : pmos4 layout PRIMLIB l="4u" w="12.5u" wtot="12.5u" in1=MP928729

                   Cell Errors    Real Errors   Cell Placements     Environments
                             1              1                60                1
--------------------------------------------------------------------------------
Env.  Env. Placements            X1           Y1          X2           Y2

  1       60               1094.725     2651.075    1102.825     2665.975

Shape               Environments Status & Error Marker 

          1           X1         Y1         X2         Y2

   1      X       -1.200     -1.200     13.700      6.900

--------------------------------------------------------------------------------
Cell Name : pmos4 layout PRIMLIB jd=FALSE jg="no" js=FALSE l="4u" ng="6" w="33.35u" wtot="200u" in1=MP128129

                   Cell Errors    Real Errors   Cell Placements     Environments
                             1              1                 4                1
--------------------------------------------------------------------------------
Env.  Env. Placements            X1           Y1          X2           Y2

  1        4                546.925     2585.475     580.025     2621.225

Shape               Environments Status & Error Marker 

          1           X1         Y1         X2         Y2

   1      X       -1.200     -1.200     34.550     31.900

--------------------------------------------------------------------------------
Cell Name : pmos4 layout PRIMLIB jd=FALSE js=FALSE l="4u" ng="6" w="33.35u" wtot="200u" in1=MP028129

                   Cell Errors    Real Errors   Cell Placements     Environments
                             1              1                 4                1
--------------------------------------------------------------------------------
Env.  Env. Placements            X1           Y1          X2           Y2

  1        4                658.700      393.800     691.800      429.550

Shape               Environments Status & Error Marker 

          1           X1         Y1         X2         Y2

   1      X       -1.200     -1.200     34.550     31.900

--------------------------------------------------------------------------------
Cell Name : cvar layout PRIMLIB col=12 row=10 in1=C028029

                   Cell Errors    Real Errors   Cell Placements     Environments
                             1              1                 6                1
--------------------------------------------------------------------------------
Env.  Env. Placements            X1           Y1          X2           Y2

  1        6                929.150     1726.900     950.250     1807.900

Shape               Environments Status & Error Marker 

          1           X1         Y1         X2         Y2

   1      X       -0.300     -0.300     20.800     80.700

--------------------------------------------------------------------------------
Cell Name : cvar layout PRIMLIB col=10 row=15 in1=C128529

                   Cell Errors    Real Errors   Cell Placements     Environments
                             1              1                17                1
--------------------------------------------------------------------------------
Env.  Env. Placements            X1           Y1          X2           Y2

  1       17               2016.725     1671.775    2138.725     1689.575

Shape               Environments Status & Error Marker 

          1           X1         Y1         X2         Y2

   1      X       -0.300     -0.300     17.500    121.700

--------------------------------------------------------------------------------
Cell Name : cpolyc layout PRIMLIB area="3.5n" c="3.03p" gwell="N-Well" l="70u" perimeter="240u" rbottom="Cont" rleft="Cont" rright="Cont" id_=5d5c206d9147e606 in1=C928329

                   Cell Errors    Real Errors   Cell Placements     Environments
                             1              1                72                1
--------------------------------------------------------------------------------
Env.  Env. Placements            X1           Y1          X2           Y2

  1       72               1387.900     2021.950    1463.400     2076.650

Shape               Environments Status & Error Marker 

          1           X1         Y1         X2         Y2

   1      X       -1.350     -1.350     74.150     53.350

--------------------------------------------------------------------------------
Cell Name : cpolyc layout PRIMLIB area="2.1n" c="1.82p" gwell="N-Well" l="50u" perimeter="183.9u" rbottom="Cont" rleft="Cont" rright="Cont" id_=8d84e368ace3c58d in1=C6

                   Cell Errors    Real Errors   Cell Placements     Environments
                             1              1                 2                1
--------------------------------------------------------------------------------
Env.  Env. Placements            X1           Y1          X2           Y2

  1        2               2049.700      985.100    2105.200     1031.750

Shape               Environments Status & Error Marker 

          1           X1         Y1         X2         Y2

   1      X       -1.350     -1.350     54.150     45.300

--------------------------------------------------------------------------------
Cell Name : cpolyc layout PRIMLIB area="1.26n" c="1.09p" gwell="N-Well" l="41.95u" perimeter="143.9u" rbottom="Cont" rleft="Cont" id_=1eea3daa63e42b4e in1=C928129

                   Cell Errors    Real Errors   Cell Placements     Environments
                             1              1                 6                1
--------------------------------------------------------------------------------
Env.  Env. Placements            X1           Y1          X2           Y2

  1        6               1777.025     2366.875    1824.275     2401.575

Shape               Environments Status & Error Marker 

          1           X1         Y1         X2         Y2

   1      X       -1.350     -1.350     45.900     33.350

--------------------------------------------------------------------------------
Cell Name : cpolyc layout PRIMLIB area="2.56n" c="2.22p" gwell="N-Well" l="51u" perimeter="202.4u" rbottom="Cont" rleft="Cont" id_=d867af6116578121 in1=C228029

                   Cell Errors    Real Errors   Cell Placements     Environments
                             1              1                 9                1
--------------------------------------------------------------------------------
Env.  Env. Placements            X1           Y1          X2           Y2

  1        9               1184.325     2528.050    1240.825     2582.950

Shape               Environments Status & Error Marker 

          1           X1         Y1         X2         Y2

   1      X       -1.350     -1.350     55.150     53.550

--------------------------------------------------------------------------------
Cell Name : cpolyc layout PRIMLIB area="2.6n" c="2.25p" gwell="N-Well" l="51u" perimeter="204u" rbottom="Cont" rleft="Cont" rright="Cont" id_=318ecccaa27aadb6 in1=C228829

                   Cell Errors    Real Errors   Cell Placements     Environments
                             1              1                 9                1
--------------------------------------------------------------------------------
Env.  Env. Placements            X1           Y1          X2           Y2

  1        9               1209.550      309.400    1265.950      365.100

Shape               Environments Status & Error Marker 

          1           X1         Y1         X2         Y2

   1      X       -1.350     -1.350     55.050     54.350

--------------------------------------------------------------------------------
Cell Name : cpolyc layout PRIMLIB area="1.23n" c="1.07p" gwell="N-Well" l="35.45u" perimeter="140.3u" rbottom="Cont" rleft="Cont" id_=d867af619ef89a5c in1=C528129

                   Cell Errors    Real Errors   Cell Placements     Environments
                             1              1                 6                1
--------------------------------------------------------------------------------
Env.  Env. Placements            X1           Y1          X2           Y2

  1        6               1916.025      993.400    1956.975     1032.800

Shape               Environments Status & Error Marker 

          1           X1         Y1         X2         Y2

   1      X       -1.350     -1.350     39.600     38.050

--------------------------------------------------------------------------------
Cell Name : cmfb_opamp1_fc layout FECG

                   Cell Errors    Real Errors   Cell Placements     Environments
                             1              1                 4                1
--------------------------------------------------------------------------------
Env.  Env. Placements            X1           Y1          X2           Y2

  1        4               1589.725      321.725    1644.225      360.325

Shape               Environments Status & Error Marker 

          1           X1         Y1         X2         Y2

   1      X        7.125     53.475     61.625     92.075

--------------------------------------------------------------------------------
Cell Name : 8_Poten_PTAT2 layout Potentiostat_cpoly

                   Cell Errors    Real Errors   Cell Placements     Environments
                            87             87                 1                1
--------------------------------------------------------------------------------
Env.  Env. Placements            X1           Y1          X2           Y2

  1        1               2488.350      327.950    2740.500     2624.950

Shape               Environments Status & Error Marker 

          1           X1         Y1         X2         Y2

   1      X     1077.675     32.300   1270.275     85.350
   2      X     1078.100    113.850   1249.500    284.450
   3      X     1095.250    131.000   1109.350    138.400
   4      X     1095.250    145.100   1109.350    152.500
   5      X     1095.250    159.200   1109.350    166.600
   6      X     1095.250    173.300   1109.350    180.700
   7      X     1095.250    187.400   1109.350    194.800
   8      X     1095.250    201.500   1109.350    208.900
   9      X     1095.250    215.600   1109.350    223.000
  10      X     1095.250    229.700   1109.350    237.100
  11      X     1095.250    243.800   1109.350    251.200
  12      X     1095.250    257.900   1109.350    265.300
  13      X     1107.550    131.000   1121.650    138.400
  14      X     1107.550    145.100   1121.650    152.500
  15      X     1107.550    159.200   1121.650    166.600
  16      X     1107.550    173.300   1121.650    180.700
  17      X     1107.550    187.400   1121.650    194.800
  18      X     1107.550    201.500   1121.650    208.900
  19      X     1107.550    215.600   1121.650    223.000
  20      X     1107.550    229.700   1121.650    237.100
  21      X     1107.550    243.800   1121.650    251.200
  22      X     1107.550    257.900   1121.650    265.300
  23      X     1155.500     61.625   1271.200    109.075
  24      X     1165.150     71.275   1171.250     83.675
  25      X     1165.150     87.025   1171.250     99.425
  26      X     1169.450     71.275   1175.550     83.675
  27      X     1169.450     87.025   1175.550     99.425
  28      X     1173.750     71.275   1179.850     83.675
  29      X     1173.750     87.025   1179.850     99.425
  30      X     1178.050     71.275   1184.150     83.675
  31      X     1178.050     87.025   1184.150     99.425
  32      X     1182.350     71.275   1188.450     83.675
  33      X     1182.350     87.025   1188.450     99.425
  34      X     1186.650     71.275   1192.750     83.675
  35      X     1186.650     87.025   1192.750     99.425
  36      X     1190.950     71.275   1197.050     83.675
  37      X     1190.950     87.025   1197.050     99.425
  38      X     1195.250     71.275   1201.350     83.675
  39      X     1195.250     87.025   1201.350     99.425
  40      X     1199.550     71.275   1205.650     83.675
  41      X     1199.550     87.025   1205.650     99.425
  42      X     1203.850     71.275   1209.950     83.675
  43      X     1203.850     87.025   1209.950     99.425
  44      X     1208.150     71.275   1214.250     83.675
  45      X     1208.150     87.025   1214.250     99.425
  46      X     1212.450     71.275   1218.550     83.675
  47      X     1212.450     87.025   1218.550     99.425
  48      X     1216.750     71.275   1222.850     83.675
  49      X     1216.750     87.025   1222.850     99.425
  50      X     1221.050     71.275   1227.150     83.675
  51      X     1221.050     87.025   1227.150     99.425
  52      X     1225.350     71.275   1231.450     83.675
  53      X     1225.350     87.025   1231.450     99.425
  54      X     1229.650     71.275   1235.750     83.675
  55      X     1229.650     87.025   1235.750     99.425
  56      X     1233.950     71.275   1240.050     83.675
  57      X     1233.950     87.025   1240.050     99.425
  58      X     1238.250     71.275   1244.350     83.675
  59      X     1238.250     87.025   1244.350     99.425
  60      X     1242.550     71.275   1248.650     83.675
  61      X     1242.550     87.025   1248.650     99.425
  62      X     1246.850     71.275   1252.950     83.675
  63      X     1246.850     87.025   1252.950     99.425
  64      X     1251.150     71.275   1257.250     83.675
  65      X     1251.150     87.025   1257.250     99.425
  66      X     1255.050    239.375   1356.950    283.350
  67      X     1255.450     71.275   1261.550     83.675
  68      X     1255.450     87.025   1261.550     99.425
  69      X     1256.450    192.300   1289.150    233.150
  70      X     1268.200    252.500   1282.300    259.900
  71      X     1268.200    262.800   1282.300    270.200
  72      X     1278.700     52.650   1392.800    210.750
  73      X     1280.500    252.500   1294.600    259.900
  74      X     1280.500    262.800   1294.600    270.200
  75      X     1292.800    252.500   1306.900    259.900
  76      X     1292.800    262.800   1306.900    270.200
  77      X     1305.100    252.500   1319.200    259.900
  78      X     1305.100    262.800   1319.200    270.200
  79      X     1307.125    218.400   1355.325    234.550
  80      X     1317.400    252.500   1331.500    259.900
  81      X     1317.400    262.800   1331.500    270.200
  82      X     1329.700    252.500   1343.800    259.900
  83      X     1329.700    262.800   1343.800    270.200
  84      X     1368.650    217.500   1391.400    282.100
  85      X     1375.250    148.200   1391.400    212.800
  86      X     1480.400     56.875   1548.275     93.725
  87      X     1764.975    119.875   2338.075    278.925

--------------------------------------------------------------------------------
Cell Name : ia_new_f layout YAOWEN

                   Cell Errors    Real Errors   Cell Placements     Environments
                            14             14                 1                1
--------------------------------------------------------------------------------
Env.  Env. Placements            X1           Y1          X2           Y2

  1        1                560.700      245.250    1379.950      477.700

Shape               Environments Status & Error Marker 

          1           X1         Y1         X2         Y2

   1      X      103.400    296.250    175.200    343.750
   2      X      201.050    295.350    201.400    331.100
   3      X      201.050    334.800    201.400    370.550
   4      X      234.500    295.350    234.950    331.100
   5      X      234.500    334.800    234.950    370.550
   6      X      238.100    295.350    238.500    331.100
   7      X      238.150    334.800    238.500    370.550
   8      X      271.600    295.350    271.900    331.100
   9      X      271.600    334.800    271.950    370.550
  10      X      403.250    157.850    480.300    205.600
  11      X      512.400    146.800    689.200    227.650
  12      X      752.250    210.950    922.650    379.250
  13      X      760.000    191.550    775.000    210.950
  14      X      833.100    191.100    849.000    210.950

--------------------------------------------------------------------------------
Cell Name : gmc_5_fc layout FECG

                   Cell Errors    Real Errors   Cell Placements     Environments
                             9              9                 3                1
--------------------------------------------------------------------------------
Env.  Env. Placements            X1           Y1          X2           Y2

  1        3               1213.050     2013.950    2004.900     2195.150

Shape               Environments Status & Error Marker 

          1           X1         Y1         X2         Y2

   1      X      133.900    156.550    166.450    174.000
   2      X      133.900    177.700    166.450    195.150
   3      X      170.000    156.550    202.550    174.000
   4      X      170.000    177.700    202.550    195.150
   5      X      256.925     13.950    541.250    190.100
   6      X      465.750     16.700    772.750    190.100
   7      X      465.750     76.650    541.250     77.650
   8      X      697.250     16.700    925.750    190.100
   9      X      697.250     76.650    772.750     77.650

--------------------------------------------------------------------------------
Cell Name : fecg_vga2_f_2 layout FECG

                   Cell Errors    Real Errors   Cell Placements     Environments
                             5              5                 1                1
--------------------------------------------------------------------------------
Env.  Env. Placements            X1           Y1          X2           Y2

  1        1               1666.900     2276.475    1981.575     2439.925

Shape               Environments Status & Error Marker 

          1           X1         Y1         X2         Y2

   1      X      276.300    140.625    367.400    194.475
   2      X      353.225     73.900    385.075    100.400
   3      X      357.575     44.750    382.475     70.450
   4      X      386.425     32.525    589.600    195.975
   5      X      589.375     32.525    590.975    195.975

--------------------------------------------------------------------------------
Cell Name : fecg_ia_5_fc layout FECG

                   Cell Errors    Real Errors   Cell Placements     Environments
                            15             15                 1                1
--------------------------------------------------------------------------------
Env.  Env. Placements            X1           Y1          X2           Y2

  1        1                489.650     2500.300    1355.050     2694.800

Shape               Environments Status & Error Marker 

          1           X1         Y1         X2         Y2

   1      X      109.750    214.050    137.050    234.550
   2      X      166.575    128.475    167.025    164.225
   3      X      166.575    167.975    167.025    203.725
   4      X      200.125    128.475    200.575    164.225
   5      X      200.125    167.975    200.575    203.725
   6      X      204.675    128.475    205.125    164.225
   7      X      204.675    167.975    205.125    203.725
   8      X      238.225    128.475    238.675    164.225
   9      X      238.225    167.975    238.675    203.725
  10      X      409.200     43.300    695.800     77.250
  11      X      708.650    183.900    785.800    237.800
  12      X      741.100     52.200    753.100     64.925
  13      X      804.400     57.750    975.125    236.975
  14      X      918.625     71.025    975.150    236.975
  15      X      918.625    125.950    975.125    126.550

--------------------------------------------------------------------------------
Cell Name : fecg_cmfb2_fc layout FECG

                   Cell Errors    Real Errors   Cell Placements     Environments
                             1              1                 2                1
--------------------------------------------------------------------------------
Env.  Env. Placements            X1           Y1          X2           Y2

  1        2               1589.725      291.600    2006.700      478.550

Shape               Environments Status & Error Marker 

          1           X1         Y1         X2         Y2

   1      X      206.625    139.700    432.075    198.250

--------------------------------------------------------------------------------
Cell Name : fecg_bandgap3_layout layout FBIAS

                   Cell Errors    Real Errors   Cell Placements     Environments
                             4              4                 1                1
--------------------------------------------------------------------------------
Env.  Env. Placements            X1           Y1          X2           Y2

  1        1               1178.175     1648.300    1584.400     1889.550

Shape               Environments Status & Error Marker 

          1           X1         Y1         X2         Y2

   1      X       36.250    123.450     47.750    135.225
   2      X      123.850    119.100    214.900    199.700
   3      X      193.000    211.450    231.650    260.300
   4      X      239.000    120.500    410.500    222.050

--------------------------------------------------------------------------------
Cell Name : fbias_vol_ref1_layout layout FBIAS

                   Cell Errors    Real Errors   Cell Placements     Environments
                             2              2                 1                1
--------------------------------------------------------------------------------
Env.  Env. Placements            X1           Y1          X2           Y2

  1        1               1920.100     1648.625    2138.725     1897.925

Shape               Environments Status & Error Marker 

          1           X1         Y1         X2         Y2

   1      X      275.800    154.500    346.700    203.600
   2      X      337.400    244.100    362.450    269.600

--------------------------------------------------------------------------------
Cell Name : fbias_por2_fc layout FBIAS

                   Cell Errors    Real Errors   Cell Placements     Environments
                             1              1                 1                1
--------------------------------------------------------------------------------
Env.  Env. Placements            X1           Y1          X2           Y2

  1        1                881.300     1726.900    1003.150     1896.600

Shape               Environments Status & Error Marker 

          1           X1         Y1         X2         Y2

   1      X       77.600     42.500    119.450    195.950

--------------------------------------------------------------------------------
Cell Name : fbias_cur_ref2_layout layout FBIAS

                   Cell Errors    Real Errors   Cell Placements     Environments
                             1              1                 1                1
--------------------------------------------------------------------------------
Env.  Env. Placements            X1           Y1          X2           Y2

  1        1               1687.500     1653.500    1853.050     1775.500

Shape               Environments Status & Error Marker 

          1           X1         Y1         X2         Y2

   1      X       70.700    117.875     96.500    131.525

--------------------------------------------------------------------------------
Cell Name : buffer2_f_3c layout FECG

                   Cell Errors    Real Errors   Cell Placements     Environments
                             2              2                 1                1
--------------------------------------------------------------------------------
Env.  Env. Placements            X1           Y1          X2           Y2

  1        1               2032.675     2283.525    2216.700     2392.975

Shape               Environments Status & Error Marker 

          1           X1         Y1         X2         Y2

   1      X       43.125     62.125    166.425    117.625
   2      X      183.475    106.150    219.525    122.950

--------------------------------------------------------------------------------
Cell Name : VGA_1 layout YAOWEN

                   Cell Errors    Real Errors   Cell Placements     Environments
                             7              7                 1                1
--------------------------------------------------------------------------------
Env.  Env. Placements            X1           Y1          X2           Y2

  1        1               1767.475      862.500    2108.700     1032.800

Shape               Environments Status & Error Marker 

          1           X1         Y1         X2         Y2

   1      X      281.975    128.550    385.675    178.050
   2      X      353.500     15.975    385.350     42.475
   3      X      364.275     45.475    391.175     72.175
   4      X      418.700     10.850    623.200     98.350
   5      X      430.525    101.350    555.375    181.150
   6      X      555.375    101.350    569.750    114.600
   7      X      581.950    121.500    595.050    133.450

--------------------------------------------------------------------------------
Cell Name : VDD3RP layout IOLIB_4M

                   Cell Errors    Real Errors   Cell Placements     Environments
                             2              2                 1                1
--------------------------------------------------------------------------------
Env.  Env. Placements            X1           Y1          X2           Y2

  1        1                270.300     1516.500     335.450     1528.300

Shape               Environments Status & Error Marker 

          1           X1         Y1         X2         Y2

   1      X       31.100    264.900     35.500    330.050
   2      X       38.500    264.900     42.900    330.050

--------------------------------------------------------------------------------
Cell Name : VDD3OP layout IOLIB_4M

                   Cell Errors    Real Errors   Cell Placements     Environments
                             2              2                 1                1
--------------------------------------------------------------------------------
Env.  Env. Placements            X1           Y1          X2           Y2

  1        1                283.500     1272.450     295.300     1348.600

Shape               Environments Status & Error Marker 

          1           X1         Y1         X2         Y2

   1      X       10.800    278.100     86.950    282.500
   2      X       10.800    285.500     86.950    289.900

--------------------------------------------------------------------------------
Cell Name : PWRCUT_DIG_P_DX layout IOLIB_4M

                   Cell Errors    Real Errors   Cell Placements     Environments
                             4              4                 3                1
--------------------------------------------------------------------------------
Env.  Env. Placements            X1           Y1          X2           Y2

  1        3                124.550      198.350     311.050      232.450

Shape               Environments Status & Error Marker 

          1           X1         Y1         X2         Y2

   1      X        7.950    119.150     42.050    144.250
   2      X        7.950    147.250     42.050    172.350
   3      X       10.400    258.650     21.500    305.650
   4      X       24.500    258.650     35.600    305.650

--------------------------------------------------------------------------------
Cell Name : Gm_C_filter layout YAOWEN

                   Cell Errors    Real Errors   Cell Placements     Environments
                             8              8                 3                1
--------------------------------------------------------------------------------
Env.  Env. Placements            X1           Y1          X2           Y2

  1        3                611.825      711.200     686.425      752.700

Shape               Environments Status & Error Marker 

          1           X1         Y1         X2         Y2

   1      X      190.800    -78.200    193.725    -60.800
   2      X      191.400   -102.300    193.725    -84.900
   3      X      223.825   -102.300    225.850    -84.900
   4      X      223.825    -78.200    225.800    -60.800
   5      X      230.950    -78.200    232.825    -60.800
   6      X      231.200   -102.300    232.825    -84.900
   7      X      262.925   -102.300    265.400    -84.900
   8      X      262.925    -78.200    265.350    -60.800

--------------------------------------------------------------------------------
Cell Name : GND3OP layout IOLIB_4M

                   Cell Errors    Real Errors   Cell Placements     Environments
                             2              2                 1                1
--------------------------------------------------------------------------------
Env.  Env. Placements            X1           Y1          X2           Y2

  1        1                261.200     2103.500     333.200     2115.300

Shape               Environments Status & Error Marker 

          1           X1         Y1         X2         Y2

   1      X       44.100    255.800     48.500    327.800
   2      X       51.500    255.800     55.900    327.800

--------------------------------------------------------------------------------
Cell Name : GND3IP layout IOLIB_4M

                   Cell Errors    Real Errors   Cell Placements     Environments
                             4              4                 1                1
--------------------------------------------------------------------------------
Env.  Env. Placements            X1           Y1          X2           Y2

  1        1                114.050     2293.600     327.750     2325.200

Shape               Environments Status & Error Marker 

          1           X1         Y1         X2         Y2

   1      X       34.200    195.650     38.600    322.350
   2      X       44.100    108.650     48.500    235.350
   3      X       51.500    108.650     55.900    235.350
   4      X       61.400    195.650     65.800    322.350

--------------------------------------------------------------------------------
Cell Name : ECG_bandgap_f_v1 layout YAOWEN

                   Cell Errors    Real Errors   Cell Placements     Environments
                            10             10                 1                1
--------------------------------------------------------------------------------
Env.  Env. Placements            X1           Y1          X2           Y2

  1        1                892.200     1200.500    1225.000     1446.425

Shape               Environments Status & Error Marker 

          1           X1         Y1         X2         Y2

   1      X       78.700    752.075    118.100    791.025
   2      X       91.875    762.300     96.475    769.700
   3      X       91.875    773.450     96.475    780.850
   4      X       94.675    762.300     99.275    769.700
   5      X       94.675    773.450     99.275    780.850
   6      X       97.475    762.300    102.075    769.700
   7      X       97.475    773.450    102.075    780.850
   8      X      100.275    762.300    104.875    769.700
   9      X      100.275    773.450    104.875    780.850
  10      X      124.200    752.075    190.250    791.025

--------------------------------------------------------------------------------
Cell Name : Current_Voltage_Reference layout YAOWEN

                   Cell Errors    Real Errors   Cell Placements     Environments
                             3              3                 1                1
--------------------------------------------------------------------------------
Env.  Env. Placements            X1           Y1          X2           Y2

  1        1               1741.900     1485.050    1796.100     1529.650

Shape               Environments Status & Error Marker 

          1           X1         Y1         X2         Y2

   1      X      151.700    211.050    205.900    219.750
   2      X      153.350    175.150    198.900    192.100
   3      X      154.550    197.200    193.750    205.900

--------------------------------------------------------------------------------
Cell Name : BUFFER layout YAOWEN

                   Cell Errors    Real Errors   Cell Placements     Environments
                             2              2                 1                1
--------------------------------------------------------------------------------
Env.  Env. Placements            X1           Y1          X2           Y2

  1        1               2053.375      336.675    2209.225      392.175

Shape               Environments Status & Error Marker 

          1           X1         Y1         X2         Y2

   1      X       15.875     79.950    146.175    135.450
   2      X      147.475    110.700    171.725    133.700

--------------------------------------------------------------------------------
Cell Name : topsyh_floorplan layout VT26_TOP

                   Cell Errors    Real Errors   Cell Placements     Environments
                             3              3                 1                1
--------------------------------------------------------------------------------
Env.  Env. Placements            X1           Y1          X2           Y2

  1        1                114.050      198.350    3026.250     2801.450

Shape               Environments Status & Error Marker 

          1           X1         Y1         X2         Y2

   1      X      270.300   1896.600    335.450   1901.000
   2      X      270.300   1904.000    335.450   1908.400
   3      X     1115.900   1720.800   1169.150   1761.650

================================================================================
Rule No. 434 : OD_C_3 Minimum NDIFF to HOT_NTUB spacing (no PTAP in between) = 2.6

Real Error Count : 17; Flat Error Count : 23
================================================================================

--------------------------------------------------------------------------------
Cell Name : 7_MUX21 layout Potentiostat_cpoly

                   Cell Errors    Real Errors   Cell Placements     Environments
                             3              3                 2                1
--------------------------------------------------------------------------------
Env.  Env. Placements            X1           Y1          X2           Y2

  1        2               2706.653     2254.850    2721.097     2273.433

Shape               Environments Status & Error Marker 

          1           X1         Y1         X2         Y2

   1      X        2.817     10.150      8.275     11.900
   2      X        8.275      9.911      9.950     16.950
   3      X       20.050      4.728     21.400     19.172

--------------------------------------------------------------------------------
Cell Name : Inverter layout Potentiostat_cpoly

                   Cell Errors    Real Errors   Cell Placements     Environments
                             1              1                 4                1
--------------------------------------------------------------------------------
Env.  Env. Placements            X1           Y1          X2           Y2

  1        4               2648.400     1860.600    2653.858     1862.350

Shape               Environments Status & Error Marker 

          1           X1         Y1         X2         Y2

   1      X        0.667      1.950      6.125      3.700

--------------------------------------------------------------------------------
Cell Name : 8_CA_TIA_Front_calib layout Potentiostat_cpoly

                   Cell Errors    Real Errors   Cell Placements     Environments
                            13             13                 1                1
--------------------------------------------------------------------------------
Env.  Env. Placements            X1           Y1          X2           Y2

  1        1               2574.750     1849.850    2721.222     2395.433

Shape               Environments Status & Error Marker 

          1           X1         Y1         X2         Y2

   1      X      314.467     93.500    319.925     95.250
   2      X      319.925     95.250    321.800    100.151
   3      X      321.600     94.850    328.327     96.700
   4      X      331.867     93.500    337.325     95.250
   5      X      339.700     94.850    345.724     96.350
   6      X      351.617     93.500    357.075     95.250
   7      X      358.525     94.850    364.549     96.350
   8      X      368.217     93.500    373.675     95.250
   9      X      375.800     94.850    381.824     96.350
  10      X      784.375    164.775    785.600    171.875
  11      X      784.375    178.532    785.600    184.725
  12      X      784.375    192.998    785.675    199.175
  13      X      784.375    205.773    785.675    211.900

================================================================================
Rule No. 481 : PP_E_1 Minimum PPLUS extension of DIFF = 0.25

Real Error Count : 8; Flat Error Count : 8
================================================================================

--------------------------------------------------------------------------------
Cell Name : topsyh_floorplan layout VT26_TOP

                   Cell Errors    Real Errors   Cell Placements     Environments
                             8              8                 1                1
--------------------------------------------------------------------------------
Env.  Env. Placements            X1           Y1          X2           Y2

  1        1                -10.002     -160.002    3160.802     3159.802

Shape               Environments Status & Error Marker 

          1           X1         Y1         X2         Y2

   1      X      -10.002   -160.000     -9.998   3159.800
   2      X      -10.000   -160.002   3160.800   -159.998
   3      X      -10.000   3159.798   3160.800   3159.802
   4      X       -0.002   -150.000      0.002   3149.800
   5      X        0.000   -150.002   3150.800   -149.998
   6      X        0.000   3149.798   3150.800   3149.802
   7      X     3150.798   -150.000   3150.802   3149.800
   8      X     3160.798   -160.000   3160.802   3159.800

================================================================================
Rule No. 544 : M4_R_1 Minimum density of MET4 area [%] = 30

Real Error Count : 1; Flat Error Count : 2
================================================================================

--------------------------------------------------------------------------------
Cell Name : topsyh_floorplan layout VT26_TOP

                   Cell Errors    Real Errors   Cell Placements     Environments
                             2              1                 1                1
--------------------------------------------------------------------------------
Env.  Env. Placements            X1           Y1          X2           Y2

  1        1                -10.000     -160.000    3160.800     3159.800

Shape               Environments Status & Error Marker 

          1           X1         Y1         X2         Y2

   1      X      -10.000   -160.000   3160.800   3159.800

================================================================================
Rule No. 555 : CB_W_1 Minimum bonding PAD width (85um preferred, 60um on request) = 70

Real Error Count : 4; Flat Error Count : 4
================================================================================

--------------------------------------------------------------------------------
Cell Name : topsyh_floorplan layout VT26_TOP

                   Cell Errors    Real Errors   Cell Placements     Environments
                             4              4                 1                1
--------------------------------------------------------------------------------
Env.  Env. Placements            X1           Y1          X2           Y2

  1        1                -10.000     -160.000    3160.800     3159.800

Shape               Environments Status & Error Marker 

          1           X1         Y1         X2         Y2

   1      X      -10.000   -160.000     -8.000   3159.800
   2      X      -10.000   -160.000   3160.800   -158.000
   3      X      -10.000   3157.800   3160.800   3159.800
   4      X     3158.800   -160.000   3160.800   3159.800

================================================================================
Rule No. 556 : CB_W_1_G1 Minimum bonding PAD width (85um preferred, 60um on request) = 70 preferred 85

Real Error Count : 4; Flat Error Count : 4
================================================================================

--------------------------------------------------------------------------------
Cell Name : topsyh_floorplan layout VT26_TOP

                   Cell Errors    Real Errors   Cell Placements     Environments
                             4              4                 1                1
--------------------------------------------------------------------------------
Env.  Env. Placements            X1           Y1          X2           Y2

  1        1                -10.000     -160.000    3160.800     3159.800

Shape               Environments Status & Error Marker 

          1           X1         Y1         X2         Y2

   1      X      -10.000   -160.000     -8.000   3159.800
   2      X      -10.000   -160.000   3160.800   -158.000
   3      X      -10.000   3157.800   3160.800   3159.800
   4      X     3158.800   -160.000   3160.800   3159.800

================================================================================
Rule No. 591 : R01PA PAD without MET4 is not allowed

Real Error Count : 1; Flat Error Count : 1
================================================================================

--------------------------------------------------------------------------------
Cell Name : topsyh_floorplan layout VT26_TOP

                   Cell Errors    Real Errors   Cell Placements     Environments
                             1              1                 1                1
--------------------------------------------------------------------------------
Env.  Env. Placements            X1           Y1          X2           Y2

  1        1                -10.000     -160.000    3160.800     3159.800

Shape               Environments Status & Error Marker 

          1           X1         Y1         X2         Y2

   1      X      -10.000   -160.000   3160.800   3159.800

================================================================================
Rule No. 669 : RPOLYH_G2 Minimum high precision RPOLYH width = 2

Real Error Count : 2011; Flat Error Count : 5915
================================================================================

--------------------------------------------------------------------------------
Cell Name : 6_TIA_Front_Layout layout Potentiostat_cpoly

                   Cell Errors    Real Errors   Cell Placements     Environments
                             7              7                 1                1
--------------------------------------------------------------------------------
Env.  Env. Placements            X1           Y1          X2           Y2

  1        1               2588.100     2150.750    2591.200     2154.250

Shape               Environments Status & Error Marker 

          1           X1         Y1         X2         Y2

   1      X       53.600     42.950     54.500     43.850
   2      X       53.600     42.950     56.286     43.850
   3      X       53.600     43.050     57.100     43.850
   4      X       53.600     45.150     54.500     46.050
   5      X       53.600     45.150     56.286     46.050
   6      X       53.600     45.150     57.100     45.950
   7      X       56.300     43.050     57.100     45.950

--------------------------------------------------------------------------------
Cell Name : rpolyhc layout PRIMLIB Bends=10 Dummy=TRUE ResShape="90_deg" doubleCont="Horizontal" gwell="N-Well" l="500u" r="1M" w="800n" in1=R5

                   Cell Errors    Real Errors   Cell Placements     Environments
                            43             43                14                1
--------------------------------------------------------------------------------
Env.  Env. Placements            X1           Y1          X2           Y2

  1       14               2639.550     1729.775    2659.150     1779.925

Shape               Environments Status & Error Marker 

          1           X1         Y1         X2         Y2

   1      X       -1.450     -0.100      0.250      0.800
   2      X       -1.450     -0.100      2.036      0.800
   3      X       -1.450      0.000     44.950      0.800
   4      X       -0.800     -0.100      0.250      1.702
   5      X       -0.800      1.550      0.000      3.900
   6      X       -0.800      1.550     44.950      2.350
   7      X       -0.800      2.817      0.000      4.933
   8      X       -0.800      3.100     44.950      3.900
   9      X       -0.800      3.617      0.000      5.733
  10      X       -0.800      4.650      0.000      7.000
  11      X       -0.800      4.650     44.950      5.450
  12      X       -0.800      5.917      0.000      8.033
  13      X       -0.800      6.200     44.950      7.000
  14      X       -0.800      6.717      0.000      8.833
  15      X       -0.800      7.750      0.000     10.100
  16      X       -0.800      7.750     44.950      8.550
  17      X       -0.800      9.017      0.000     11.133
  18      X       -0.800      9.300     44.950     10.100
  19      X       -0.800      9.817      0.000     11.933
  20      X       -0.800     10.850      0.000     13.200
  21      X       -0.800     10.850     44.950     11.650
  22      X       -0.800     12.117      0.000     14.233
  23      X       -0.800     12.400     44.950     13.200
  24      X       -0.800     12.917      0.000     15.033
  25      X       -0.800     13.950      0.000     16.300
  26      X       -0.800     13.950     44.950     14.750
  27      X       -0.800     15.500     45.600     16.300
  28      X       42.114     15.500     45.600     16.400
  29      X       43.900     14.598     44.950     16.400
  30      X       43.900     15.500     45.600     16.400
  31      X       44.150      0.000     44.950      2.350
  32      X       44.150      1.267     44.950      3.383
  33      X       44.150      2.067     44.950      4.183
  34      X       44.150      3.100     44.950      5.450
  35      X       44.150      4.367     44.950      6.483
  36      X       44.150      5.167     44.950      7.283
  37      X       44.150      6.200     44.950      8.550
  38      X       44.150      7.467     44.950      9.583
  39      X       44.150      8.267     44.950     10.383
  40      X       44.150      9.300     44.950     11.650
  41      X       44.150     10.567     44.950     12.683
  42      X       44.150     11.367     44.950     13.483
  43      X       44.150     12.400     44.950     14.750

--------------------------------------------------------------------------------
Cell Name : 8_CA_TIA_Front_calib layout Potentiostat_cpoly

                   Cell Errors    Real Errors   Cell Placements     Environments
                           149            149                 1                1
--------------------------------------------------------------------------------
Env.  Env. Placements            X1           Y1          X2           Y2

  1        1               2504.350     1629.475    2717.950     2340.025

Shape               Environments Status & Error Marker 

          1           X1         Y1         X2         Y2

   1      X      295.500     25.300    296.400     26.200
   2      X      295.500     25.300    298.186     26.200
   3      X      295.500     25.400    299.000     26.200
   4      X      295.500     27.500    296.400     28.400
   5      X      295.500     27.500    298.186     28.400
   6      X      295.500     27.500    299.000     28.300
   7      X      298.200     25.400    299.000     28.300
   8      X      501.950     23.100    502.850     24.000
   9      X      501.950     23.100    504.636     24.000
  10      X      501.950     23.200    505.450     24.000
  11      X      501.950     25.300    502.850     26.200
  12      X      501.950     25.300    504.636     26.200
  13      X      501.950     25.300    505.450     26.100
  14      X      504.650     23.200    505.450     26.100
  15      X      774.075    129.600    774.875    132.500
  16      X      774.075    129.600    777.575    130.400
  17      X      774.075    131.700    777.575    132.500
  18      X      774.889    129.500    777.575    130.400
  19      X      774.889    131.700    777.575    132.600
  20      X      776.675    129.500    777.575    130.400
  21      X      776.675    131.700    777.575    132.600
  22      X      805.450    197.500    806.900    215.277
  23      X      805.450    197.500    853.386    198.400
  24      X      805.450    212.067    806.250    218.133
  25      X      805.450    216.067    806.250    222.133
  26      X      805.450    218.923    806.900    236.700
  27      X      805.450    235.800    853.386    236.700
  28      X      806.250    216.300    809.450    217.900
  29      X      808.396    216.200    810.504    217.900
  30      X      808.396    216.300    810.504    218.000
  31      X      809.450    216.200    854.150    218.000
  32      X      820.525    166.925    821.325    172.758
  33      X      820.525    166.925    825.558    167.725
  34      X      820.525    169.139    821.425    185.275
  35      X      820.525    183.825    838.302    185.275
  36      X      822.075    168.475    822.975    170.175
  37      X      822.075    168.475    822.975    171.961
  38      X      822.075    169.125    823.877    170.175
  39      X      822.175    168.475    822.975    183.075
  40      X      822.175    182.275    824.525    183.075
  41      X      822.348    166.925    840.125    168.375
  42      X      823.442    182.275    825.558    183.075
  43      X      823.725    169.125    824.525    183.075
  44      X      823.725    169.125    826.075    169.925
  45      X      824.242    182.275    826.358    183.075
  46      X      824.992    169.125    827.108    169.925
  47      X      825.275    169.125    826.075    183.075
  48      X      825.275    182.275    827.625    183.075
  49      X      825.792    169.125    827.908    169.925
  50      X      826.542    182.275    828.658    183.075
  51      X      826.825    169.125    827.625    183.075
  52      X      826.825    169.125    829.175    169.925
  53      X      827.342    182.275    829.458    183.075
  54      X      828.092    169.125    830.208    169.925
  55      X      828.375    169.125    829.175    183.075
  56      X      828.375    182.275    830.725    183.075
  57      X      828.892    169.125    831.008    169.925
  58      X      829.642    182.275    831.758    183.075
  59      X      829.925    169.125    830.725    183.075
  60      X      829.925    169.125    832.275    169.925
  61      X      830.442    182.275    832.558    183.075
  62      X      831.192    169.125    833.308    169.925
  63      X      831.475    169.125    832.275    183.075
  64      X      831.475    182.275    833.825    183.075
  65      X      831.992    169.125    834.108    169.925
  66      X      832.742    182.275    834.858    183.075
  67      X      833.025    169.125    833.825    183.075
  68      X      833.025    169.125    835.375    169.925
  69      X      833.542    182.275    835.658    183.075
  70      X      834.292    169.125    836.408    169.925
  71      X      834.575    169.125    835.375    183.075
  72      X      834.575    182.275    836.925    183.075
  73      X      835.092    169.125    837.208    169.925
  74      X      835.092    184.475    840.125    185.275
  75      X      836.125    169.125    836.925    183.075
  76      X      836.125    169.125    838.475    169.925
  77      X      836.773    182.025    838.575    183.075
  78      X      837.675    169.125    838.475    183.725
  79      X      837.675    180.239    838.575    183.725
  80      X      837.675    182.025    838.575    183.725
  81      X      839.225    166.925    840.125    183.061
  82      X      839.325    179.442    840.125    185.275
  83      X      849.767    197.500    855.600    198.300
  84      X      849.767    235.900    856.633    236.700
  85      X      855.264    197.500    857.386    198.400
  86      X      855.264    235.800    903.536    236.700
  87      X      855.600    158.300    857.050    176.077
  88      X      855.600    158.300    903.536    159.200
  89      X      855.600    172.867    856.400    178.933
  90      X      855.600    176.867    856.400    182.933
  91      X      855.600    179.723    857.050    197.500
  92      X      855.600    197.023    857.050    198.877
  93      X      856.400    177.100    859.600    178.700
  94      X      856.400    216.300    859.600    217.900
  95      X      857.050    196.600    901.750    198.400
  96      X      858.546    177.000    860.654    178.700
  97      X      858.546    177.100    860.654    178.800
  98      X      858.546    216.200    860.654    217.900
  99      X      858.546    216.300    860.654    218.000
 100      X      859.600    177.000    904.300    178.800
 101      X      859.600    216.200    904.300    218.000
 102      X      899.917    158.300    906.783    159.100
 103      X      899.917    235.900    906.783    236.700
 104      X      900.696    196.600    902.804    198.300
 105      X      900.696    196.700    902.804    198.400
 106      X      901.750    196.700    904.950    198.300
 107      X      904.717    235.900    911.583    236.700
 108      X      904.950    233.500    906.550    235.900
 109      X      905.414    158.300    953.686    159.200
 110      X      906.550    177.100    909.750    178.700
 111      X      906.550    216.300    910.804    218.000
 112      X      907.200    196.600    951.900    198.400
 113      X      907.964    235.800    956.236    236.700
 114      X      908.696    177.000    910.804    178.700
 115      X      908.696    177.100    910.804    178.800
 116      X      908.878    216.200    952.772    218.000
 117      X      909.750    177.000    954.450    178.800
 118      X      950.067    158.300    956.933    159.100
 119      X      950.846    196.600    952.954    198.300
 120      X      950.846    196.700    952.954    198.400
 121      X      950.846    216.200    955.100    217.900
 122      X      951.900    196.700    955.100    198.300
 123      X      954.867    158.300    961.733    159.100
 124      X      955.100    159.100    956.700    161.500
 125      X      955.100    194.300    956.700    196.700
 126      X      955.100    198.300    956.700    200.700
 127      X      955.100    217.900    956.700    220.300
 128      X      955.564    235.800   1003.836    236.700
 129      X      956.700    196.700    959.900    198.300
 130      X      956.700    216.200    960.954    217.900
 131      X      957.350    177.000   1002.050    178.800
 132      X      958.114    158.300   1006.050    159.200
 133      X      958.846    196.600    960.954    198.300
 134      X      958.846    196.700    960.954    198.400
 135      X      959.028    216.200   1002.922    218.000
 136      X      959.900    196.600   1004.600    198.400
 137      X     1000.217    235.900   1006.050    236.700
 138      X     1000.996    177.000   1003.104    178.700
 139      X     1000.996    177.100   1003.104    178.800
 140      X     1000.996    216.300   1005.250    218.000
 141      X     1002.050    177.100   1005.250    178.700
 142      X     1004.600    158.300   1006.050    176.077
 143      X     1004.600    179.723   1006.050    197.977
 144      X     1004.600    197.023   1006.050    215.277
 145      X     1004.600    216.623   1006.050    234.877
 146      X     1005.250    172.867   1006.050    178.933
 147      X     1005.250    176.867   1006.050    182.933
 148      X     1005.250    212.067   1006.050    218.133
 149      X     1005.250    231.667   1006.050    236.700

--------------------------------------------------------------------------------
Cell Name : rpolyhc layout PRIMLIB Bends=4 Dummy=TRUE ResShape="90_deg" doubleCont="Horizontal" gwell="N-Well" l="25u" r="50K" w="800n" in1=R27

                   Cell Errors    Real Errors   Cell Placements     Environments
                            19             19                24                1
--------------------------------------------------------------------------------
Env.  Env. Placements            X1           Y1          X2           Y2

  1       24               1924.650     1783.100    1934.950     1793.100

Shape               Environments Status & Error Marker 

          1           X1         Y1         X2         Y2

   1      X       -1.450     -0.100      0.250      0.800
   2      X       -1.450     -0.100      2.036      0.800
   3      X       -1.450      0.000      4.800      0.800
   4      X       -0.800     -0.100      0.250      1.702
   5      X       -0.800      1.550      0.000      3.900
   6      X       -0.800      1.550      4.800      2.350
   7      X       -0.800      2.817      0.000      4.933
   8      X       -0.800      3.100      4.800      3.900
   9      X       -0.800      3.617      0.000      5.733
  10      X       -0.800      4.650      0.000      7.000
  11      X       -0.800      4.650      4.800      5.450
  12      X       -0.800      6.200      5.450      7.000
  13      X        1.964      6.200      5.450      7.100
  14      X        3.750      5.298      4.800      7.100
  15      X        3.750      6.200      5.450      7.100
  16      X        4.000      0.000      4.800      2.350
  17      X        4.000      1.267      4.800      3.383
  18      X        4.000      2.067      4.800      4.183
  19      X        4.000      3.100      4.800      5.450

--------------------------------------------------------------------------------
Cell Name : rpolyhc layout PRIMLIB Bends=10 Dummy=TRUE ResShape="90_deg" l="500u" r="1M" w="0.8u" in1=R1

                   Cell Errors    Real Errors   Cell Placements     Environments
                            49             49                 4                1
--------------------------------------------------------------------------------
Env.  Env. Placements            X1           Y1          X2           Y2

  1        4               1634.175      424.550    1653.775      473.400

Shape               Environments Status & Error Marker 

          1           X1         Y1         X2         Y2

   1      X       -2.350     -1.650     -1.400      2.560
   2      X       -2.350     -1.650      2.833     -0.850
   3      X       -0.800     -0.100      0.250      1.702
   4      X       -0.800      1.550      0.000      3.900
   5      X       -0.800      1.550     44.950      2.350
   6      X       -0.800      2.817      0.000      4.933
   7      X       -0.800      3.100     44.950      3.900
   8      X       -0.800      3.617      0.000      5.733
   9      X       -0.800      4.650      0.000      7.000
  10      X       -0.800      4.650     44.950      5.450
  11      X       -0.800      5.917      0.000      8.033
  12      X       -0.800      6.200     44.950      7.000
  13      X       -0.800      6.717      0.000      8.833
  14      X       -0.800      7.750      0.000     10.100
  15      X       -0.800      7.750     44.950      8.550
  16      X       -0.800      9.017      0.000     11.133
  17      X       -0.800      9.300     44.950     10.100
  18      X       -0.800      9.817      0.000     11.933
  19      X       -0.800     10.850      0.000     13.200
  20      X       -0.800     10.850     44.950     11.650
  21      X       -0.800     12.117      0.000     14.233
  22      X       -0.800     12.400     44.950     13.200
  23      X       -0.800     12.917      0.000     15.033
  24      X       -0.800     13.950      0.000     16.300
  25      X       -0.800     13.950     44.950     14.750
  26      X       -0.800     15.500     44.800     16.300
  27      X       -0.650     -0.100      0.250      0.800
  28      X       -0.650     -0.100      2.036      0.800
  29      X       -0.650      0.000     44.950      0.800
  30      X       -0.650      0.459      0.000      2.691
  31      X       41.317     17.150     46.500     17.950
  32      X       42.114     15.500     44.800     16.400
  33      X       43.900     14.598     44.950     16.400
  34      X       43.900     15.500     44.800     16.400
  35      X       44.150      0.000     44.950      2.350
  36      X       44.150      1.267     44.950      3.383
  37      X       44.150      2.067     44.950      4.183
  38      X       44.150      3.100     44.950      5.450
  39      X       44.150      4.367     44.950      6.483
  40      X       44.150      5.167     44.950      7.283
  41      X       44.150      6.200     44.950      8.550
  42      X       44.150      7.467     44.950      9.583
  43      X       44.150      8.267     44.950     10.383
  44      X       44.150      9.300     44.950     11.650
  45      X       44.150     10.567     44.950     12.683
  46      X       44.150     11.367     44.950     13.483
  47      X       44.150     12.400     44.950     14.750
  48      X       44.150     13.609     44.800     15.841
  49      X       45.550     13.740     46.500     17.950

--------------------------------------------------------------------------------
Cell Name : rpolyhc layout PRIMLIB Bends=28 Dummy=TRUE ResShape="90_deg" gwell="N-Well" l="5000u" r="10M" rleft="Cont" rright="Cont" id_=38be6356325ad8cb in1=R10

                   Cell Errors    Real Errors   Cell Placements     Environments
                           121            121                 4                1
--------------------------------------------------------------------------------
Env.  Env. Placements            X1           Y1          X2           Y2

  1        4               1954.900      295.900    2002.400      471.550

Shape               Environments Status & Error Marker 

          1           X1         Y1         X2         Y2

   1      X       -2.350     -1.033     -1.550     45.850
   2      X       -2.350     44.950    171.736     45.850
   3      X       -0.800     -0.100      0.250      1.702
   4      X       -0.800      1.550      0.000      3.900
   5      X       -0.800      1.550    171.750      2.350
   6      X       -0.800      2.817      0.000      4.933
   7      X       -0.800      3.100    171.750      3.900
   8      X       -0.800      3.617      0.000      5.733
   9      X       -0.800      4.650      0.000      7.000
  10      X       -0.800      4.650    171.750      5.450
  11      X       -0.800      5.917      0.000      8.033
  12      X       -0.800      6.200    171.750      7.000
  13      X       -0.800      6.717      0.000      8.833
  14      X       -0.800      7.750      0.000     10.100
  15      X       -0.800      7.750    171.750      8.550
  16      X       -0.800      9.017      0.000     11.133
  17      X       -0.800      9.300    171.750     10.100
  18      X       -0.800      9.817      0.000     11.933
  19      X       -0.800     10.850      0.000     13.200
  20      X       -0.800     10.850    171.750     11.650
  21      X       -0.800     12.117      0.000     14.233
  22      X       -0.800     12.400    171.750     13.200
  23      X       -0.800     12.917      0.000     15.033
  24      X       -0.800     13.950      0.000     16.300
  25      X       -0.800     13.950    171.750     14.750
  26      X       -0.800     15.217      0.000     17.333
  27      X       -0.800     15.500    171.750     16.300
  28      X       -0.800     16.017      0.000     18.133
  29      X       -0.800     17.050      0.000     19.400
  30      X       -0.800     17.050    171.750     17.850
  31      X       -0.800     18.317      0.000     20.433
  32      X       -0.800     18.600    171.750     19.400
  33      X       -0.800     19.117      0.000     21.233
  34      X       -0.800     20.150      0.000     22.500
  35      X       -0.800     20.150    171.750     20.950
  36      X       -0.800     21.417      0.000     23.533
  37      X       -0.800     21.700    171.750     22.500
  38      X       -0.800     22.217      0.000     24.333
  39      X       -0.800     23.250      0.000     25.600
  40      X       -0.800     23.250    171.750     24.050
  41      X       -0.800     24.517      0.000     26.633
  42      X       -0.800     24.800    171.750     25.600
  43      X       -0.800     25.317      0.000     27.433
  44      X       -0.800     26.350      0.000     28.700
  45      X       -0.800     26.350    171.750     27.150
  46      X       -0.800     27.617      0.000     29.733
  47      X       -0.800     27.900    171.750     28.700
  48      X       -0.800     28.417      0.000     30.533
  49      X       -0.800     29.450      0.000     31.800
  50      X       -0.800     29.450    171.750     30.250
  51      X       -0.800     30.717      0.000     32.833
  52      X       -0.800     31.000    171.750     31.800
  53      X       -0.800     31.517      0.000     33.633
  54      X       -0.800     32.550      0.000     34.900
  55      X       -0.800     32.550    171.750     33.350
  56      X       -0.800     33.817      0.000     35.933
  57      X       -0.800     34.100    171.750     34.900
  58      X       -0.800     34.617      0.000     36.733
  59      X       -0.800     35.650      0.000     38.000
  60      X       -0.800     35.650    171.750     36.450
  61      X       -0.800     36.917      0.000     39.033
  62      X       -0.800     37.200    171.750     38.000
  63      X       -0.800     37.717      0.000     39.833
  64      X       -0.800     38.750      0.000     41.100
  65      X       -0.800     38.750    171.750     39.550
  66      X       -0.800     40.017      0.000     42.133
  67      X       -0.800     40.300    171.750     41.100
  68      X       -0.800     40.817      0.000     42.933
  69      X       -0.800     41.850      0.000     44.200
  70      X       -0.800     41.850    171.750     42.650
  71      X       -0.800     43.400    171.600     44.200
  72      X       -0.650     -0.100      0.250      0.800
  73      X       -0.650     -0.100      2.036      0.800
  74      X       -0.650      0.000    171.750      0.800
  75      X       -0.650      0.459      0.000      2.691
  76      X      168.117     45.050    173.300     45.850
  77      X      168.914     43.400    171.600     44.300
  78      X      170.700     42.498    171.750     44.300
  79      X      170.700     43.400    171.600     44.300
  80      X      170.950      0.000    171.750      2.350
  81      X      170.950      1.267    171.750      3.383
  82      X      170.950      2.067    171.750      4.183
  83      X      170.950      3.100    171.750      5.450
  84      X      170.950      4.367    171.750      6.483
  85      X      170.950      5.167    171.750      7.283
  86      X      170.950      6.200    171.750      8.550
  87      X      170.950      7.467    171.750      9.583
  88      X      170.950      8.267    171.750     10.383
  89      X      170.950      9.300    171.750     11.650
  90      X      170.950     10.567    171.750     12.683
  91      X      170.950     11.367    171.750     13.483
  92      X      170.950     12.400    171.750     14.750
  93      X      170.950     13.667    171.750     15.783
  94      X      170.950     14.467    171.750     16.583
  95      X      170.950     15.500    171.750     17.850
  96      X      170.950     16.767    171.750     18.883
  97      X      170.950     17.567    171.750     19.683
  98      X      170.950     18.600    171.750     20.950
  99      X      170.950     19.867    171.750     21.983
 100      X      170.950     20.667    171.750     22.783
 101      X      170.950     21.700    171.750     24.050
 102      X      170.950     22.967    171.750     25.083
 103      X      170.950     23.767    171.750     25.883
 104      X      170.950     24.800    171.750     27.150
 105      X      170.950     26.067    171.750     28.183
 106      X      170.950     26.867    171.750     28.983
 107      X      170.950     27.900    171.750     30.250
 108      X      170.950     29.167    171.750     31.283
 109      X      170.950     29.967    171.750     32.083
 110      X      170.950     31.000    171.750     33.350
 111      X      170.950     32.267    171.750     34.383
 112      X      170.950     33.067    171.750     35.183
 113      X      170.950     34.100    171.750     36.450
 114      X      170.950     35.367    171.750     37.483
 115      X      170.950     36.167    171.750     38.283
 116      X      170.950     37.200    171.750     39.550
 117      X      170.950     38.467    171.750     40.583
 118      X      170.950     39.267    171.750     41.383
 119      X      170.950     40.300    171.750     42.650
 120      X      170.950     41.509    171.600     43.741
 121      X      172.350     41.640    173.300     45.850

--------------------------------------------------------------------------------
Cell Name : rpolyhc layout PRIMLIB Bends=12 Dummy=TRUE ResShape="90_deg" gwell="N-Well" l="1000u" r="2M" rtop="Cont" w="0.8u" in1=R3

                   Cell Errors    Real Errors   Cell Placements     Environments
                            57             57                 2                1
--------------------------------------------------------------------------------
Env.  Env. Placements            X1           Y1          X2           Y2

  1        2               2165.400     2287.825    2188.100     2368.125

Shape               Environments Status & Error Marker 

          1           X1         Y1         X2         Y2

   1      X       -2.350     -1.033     -1.550     21.050
   2      X       -2.350     20.150     76.386     21.050
   3      X       -0.800     -0.100      0.250      1.702
   4      X       -0.800      1.550      0.000      3.900
   5      X       -0.800      1.550     76.400      2.350
   6      X       -0.800      2.817      0.000      4.933
   7      X       -0.800      3.100     76.400      3.900
   8      X       -0.800      3.617      0.000      5.733
   9      X       -0.800      4.650      0.000      7.000
  10      X       -0.800      4.650     76.400      5.450
  11      X       -0.800      5.917      0.000      8.033
  12      X       -0.800      6.200     76.400      7.000
  13      X       -0.800      6.717      0.000      8.833
  14      X       -0.800      7.750      0.000     10.100
  15      X       -0.800      7.750     76.400      8.550
  16      X       -0.800      9.017      0.000     11.133
  17      X       -0.800      9.300     76.400     10.100
  18      X       -0.800      9.817      0.000     11.933
  19      X       -0.800     10.850      0.000     13.200
  20      X       -0.800     10.850     76.400     11.650
  21      X       -0.800     12.117      0.000     14.233
  22      X       -0.800     12.400     76.400     13.200
  23      X       -0.800     12.917      0.000     15.033
  24      X       -0.800     13.950      0.000     16.300
  25      X       -0.800     13.950     76.400     14.750
  26      X       -0.800     15.217      0.000     17.333
  27      X       -0.800     15.500     76.400     16.300
  28      X       -0.800     16.017      0.000     18.133
  29      X       -0.800     17.050      0.000     19.400
  30      X       -0.800     17.050     76.400     17.850
  31      X       -0.800     18.600     76.250     19.400
  32      X       -0.650     -0.100      0.250      0.800
  33      X       -0.650     -0.100      2.036      0.800
  34      X       -0.650      0.000     76.400      0.800
  35      X       -0.650      0.459      0.000      2.691
  36      X       72.767     20.250     77.950     21.050
  37      X       73.564     18.600     76.250     19.500
  38      X       75.350     17.698     76.400     19.500
  39      X       75.350     18.600     76.250     19.500
  40      X       75.600      0.000     76.400      2.350
  41      X       75.600      1.267     76.400      3.383
  42      X       75.600      2.067     76.400      4.183
  43      X       75.600      3.100     76.400      5.450
  44      X       75.600      4.367     76.400      6.483
  45      X       75.600      5.167     76.400      7.283
  46      X       75.600      6.200     76.400      8.550
  47      X       75.600      7.467     76.400      9.583
  48      X       75.600      8.267     76.400     10.383
  49      X       75.600      9.300     76.400     11.650
  50      X       75.600     10.567     76.400     12.683
  51      X       75.600     11.367     76.400     13.483
  52      X       75.600     12.400     76.400     14.750
  53      X       75.600     13.667     76.400     15.783
  54      X       75.600     14.467     76.400     16.583
  55      X       75.600     15.500     76.400     17.850
  56      X       75.600     16.709     76.250     18.941
  57      X       77.000     16.840     77.950     21.050

--------------------------------------------------------------------------------
Cell Name : rpolyhc layout PRIMLIB Bends=10 Dummy=TRUE ResShape="90_deg" gwell="N-Well" l="500u" r="1M" w="0.8u" in1=R15

                   Cell Errors    Real Errors   Cell Placements     Environments
                            45             45                32                1
--------------------------------------------------------------------------------
Env.  Env. Placements            X1           Y1          X2           Y2

  1       32               1957.600      867.050    2006.450      886.650

Shape               Environments Status & Error Marker 

          1           X1         Y1         X2         Y2

   1      X       -0.800     -0.100      0.250      1.702
   2      X       -0.800      1.550      0.000      3.900
   3      X       -0.800      1.550     44.950      2.350
   4      X       -0.800      2.817      0.000      4.933
   5      X       -0.800      3.100     44.950      3.900
   6      X       -0.800      3.617      0.000      5.733
   7      X       -0.800      4.650      0.000      7.000
   8      X       -0.800      4.650     44.950      5.450
   9      X       -0.800      5.917      0.000      8.033
  10      X       -0.800      6.200     44.950      7.000
  11      X       -0.800      6.717      0.000      8.833
  12      X       -0.800      7.750      0.000     10.100
  13      X       -0.800      7.750     44.950      8.550
  14      X       -0.800      9.017      0.000     11.133
  15      X       -0.800      9.300     44.950     10.100
  16      X       -0.800      9.817      0.000     11.933
  17      X       -0.800     10.850      0.000     13.200
  18      X       -0.800     10.850     44.950     11.650
  19      X       -0.800     12.117      0.000     14.233
  20      X       -0.800     12.400     44.950     13.200
  21      X       -0.800     12.917      0.000     15.033
  22      X       -0.800     13.950      0.000     16.300
  23      X       -0.800     13.950     44.950     14.750
  24      X       -0.800     15.500     44.800     16.300
  25      X       -0.650     -0.100      0.250      0.800
  26      X       -0.650     -0.100      2.036      0.800
  27      X       -0.650      0.000     44.950      0.800
  28      X       -0.650      0.459      0.000      2.691
  29      X       42.114     15.500     44.800     16.400
  30      X       43.900     14.598     44.950     16.400
  31      X       43.900     15.500     44.800     16.400
  32      X       44.150      0.000     44.950      2.350
  33      X       44.150      1.267     44.950      3.383
  34      X       44.150      2.067     44.950      4.183
  35      X       44.150      3.100     44.950      5.450
  36      X       44.150      4.367     44.950      6.483
  37      X       44.150      5.167     44.950      7.283
  38      X       44.150      6.200     44.950      8.550
  39      X       44.150      7.467     44.950      9.583
  40      X       44.150      8.267     44.950     10.383
  41      X       44.150      9.300     44.950     11.650
  42      X       44.150     10.567     44.950     12.683
  43      X       44.150     11.367     44.950     13.483
  44      X       44.150     12.400     44.950     14.750
  45      X       44.150     13.609     44.800     15.841

--------------------------------------------------------------------------------
Cell Name : rpolyhc layout PRIMLIB Bends=4 Dummy=TRUE ResShape="90_deg" doubleCont="Horizontal" gwell="N-Well" l="250u" r="500K" w="800n" in1=R11

                   Cell Errors    Real Errors   Cell Placements     Environments
                            19             19                 8                1
--------------------------------------------------------------------------------
Env.  Env. Placements            X1           Y1          X2           Y2

  1        8               2061.525      343.825    2116.525      354.125

Shape               Environments Status & Error Marker 

          1           X1         Y1         X2         Y2

   1      X       -1.450     -0.100      0.250      0.800
   2      X       -1.450     -0.100      2.036      0.800
   3      X       -1.450      0.000     49.800      0.800
   4      X       -0.800     -0.100      0.250      1.702
   5      X       -0.800      1.550      0.000      3.900
   6      X       -0.800      1.550     49.800      2.350
   7      X       -0.800      2.817      0.000      4.933
   8      X       -0.800      3.100     49.800      3.900
   9      X       -0.800      3.617      0.000      5.733
  10      X       -0.800      4.650      0.000      7.000
  11      X       -0.800      4.650     49.800      5.450
  12      X       -0.800      6.200     50.450      7.000
  13      X       46.964      6.200     50.450      7.100
  14      X       48.750      5.298     49.800      7.100
  15      X       48.750      6.200     50.450      7.100
  16      X       49.000      0.000     49.800      2.350
  17      X       49.000      1.267     49.800      3.383
  18      X       49.000      2.067     49.800      4.183
  19      X       49.000      3.100     49.800      5.450

--------------------------------------------------------------------------------
Cell Name : rpolyhc layout PRIMLIB Bends=10 Dummy=TRUE ResShape="90_deg" doubleCont="Horizontal" gwell="N-Well" l="50u" r="100K" w="800n" in1=R9

                   Cell Errors    Real Errors   Cell Placements     Environments
                            43             43                 9                1
--------------------------------------------------------------------------------
Env.  Env. Placements            X1           Y1          X2           Y2

  1        9               2517.475     1141.875    2526.725     1161.475

Shape               Environments Status & Error Marker 

          1           X1         Y1         X2         Y2

   1      X       -1.450     -0.100      0.250      0.800
   2      X       -1.450     -0.100      2.036      0.800
   3      X       -1.450      0.000      4.050      0.800
   4      X       -0.800     -0.100      0.250      1.702
   5      X       -0.800      1.550      0.000      3.900
   6      X       -0.800      1.550      4.050      2.350
   7      X       -0.800      2.817      0.000      4.933
   8      X       -0.800      3.100      4.050      3.900
   9      X       -0.800      3.617      0.000      5.733
  10      X       -0.800      4.650      0.000      7.000
  11      X       -0.800      4.650      4.050      5.450
  12      X       -0.800      5.917      0.000      8.033
  13      X       -0.800      6.200      4.050      7.000
  14      X       -0.800      6.717      0.000      8.833
  15      X       -0.800      7.750      0.000     10.100
  16      X       -0.800      7.750      4.050      8.550
  17      X       -0.800      9.017      0.000     11.133
  18      X       -0.800      9.300      4.050     10.100
  19      X       -0.800      9.817      0.000     11.933
  20      X       -0.800     10.850      0.000     13.200
  21      X       -0.800     10.850      4.050     11.650
  22      X       -0.800     12.117      0.000     14.233
  23      X       -0.800     12.400      4.050     13.200
  24      X       -0.800     12.917      0.000     15.033
  25      X       -0.800     13.950      0.000     16.300
  26      X       -0.800     13.950      4.050     14.750
  27      X       -0.800     15.500      4.700     16.300
  28      X        1.214     15.500      4.700     16.400
  29      X        3.000     14.598      4.050     16.400
  30      X        3.000     15.500      4.700     16.400
  31      X        3.250      0.000      4.050      2.350
  32      X        3.250      1.267      4.050      3.383
  33      X        3.250      2.067      4.050      4.183
  34      X        3.250      3.100      4.050      5.450
  35      X        3.250      4.367      4.050      6.483
  36      X        3.250      5.167      4.050      7.283
  37      X        3.250      6.200      4.050      8.550
  38      X        3.250      7.467      4.050      9.583
  39      X        3.250      8.267      4.050     10.383
  40      X        3.250      9.300      4.050     11.650
  41      X        3.250     10.567      4.050     12.683
  42      X        3.250     11.367      4.050     13.483
  43      X        3.250     12.400      4.050     14.750

--------------------------------------------------------------------------------
Cell Name : 8_Poten_PTAT2 layout Potentiostat_cpoly

                   Cell Errors    Real Errors   Cell Placements     Environments
                            59             59                 1                1
--------------------------------------------------------------------------------
Env.  Env. Placements            X1           Y1          X2           Y2

  1        1               2493.250      332.500    2717.950     2340.025

Shape               Environments Status & Error Marker 

          1           X1         Y1         X2         Y2

   1      X     1122.625     37.200   1123.525     38.100
   2      X     1122.625     37.200   1125.311     38.100
   3      X     1122.625     37.300   1126.125     38.100
   4      X     1122.625     39.400   1123.525     40.300
   5      X     1122.625     39.400   1125.311     40.300
   6      X     1122.625     39.400   1126.125     40.200
   7      X     1125.325     37.300   1126.125     40.200
   8      X     1484.950     61.425   1485.850     68.461
   9      X     1484.950     61.425   1502.727     62.875
  10      X     1484.950     64.842   1485.750     71.708
  11      X     1484.950     70.339   1485.850     77.711
  12      X     1484.950     74.092   1485.750     80.958
  13      X     1484.950     79.589   1485.850     86.961
  14      X     1484.950     83.342   1485.750     89.175
  15      X     1484.950     88.375   1489.983     89.175
  16      X     1486.773     87.725   1505.027     89.175
  17      X     1499.517     61.425   1505.583     62.225
  18      X     1503.517     61.425   1509.583     62.225
  19      X     1503.517     88.375   1509.583     89.175
  20      X     1503.650     64.371   1505.350     66.479
  21      X     1503.650     65.425   1505.450     69.225
  22      X     1503.650     73.803   1505.450     76.797
  23      X     1503.650     74.871   1505.350     79.125
  24      X     1503.650     83.053   1505.450     86.047
  25      X     1503.650     84.121   1505.350     88.375
  26      X     1503.750     62.225   1505.350     65.425
  27      X     1503.750     64.371   1505.450     66.479
  28      X     1503.750     71.475   1505.450     75.729
  29      X     1503.750     80.725   1505.450     84.979
  30      X     1506.373     61.425   1524.627     62.875
  31      X     1506.373     87.725   1524.627     89.175
  32      X     1520.950     69.875   1523.350     71.475
  33      X     1523.117     88.375   1529.183     89.175
  34      X     1523.250     62.875   1525.050     66.675
  35      X     1523.250     65.621   1524.950     67.729
  36      X     1523.250     73.803   1525.050     76.797
  37      X     1523.250     74.871   1524.950     79.125
  38      X     1523.250     83.053   1525.050     86.047
  39      X     1523.250     84.121   1524.950     88.375
  40      X     1523.350     65.621   1525.050     67.729
  41      X     1523.350     66.675   1524.950     69.875
  42      X     1523.350     71.475   1525.050     75.729
  43      X     1523.350     80.725   1525.050     84.979
  44      X     1523.673     61.425   1541.927     62.875
  45      X     1525.973     87.725   1543.750     89.175
  46      X     1538.717     61.425   1543.750     62.225
  47      X     1542.850     63.639   1543.750     71.011
  48      X     1542.850     72.889   1543.750     80.261
  49      X     1542.850     82.139   1543.750     89.175
  50      X     1542.950     61.425   1543.750     67.258
  51      X     1542.950     69.642   1543.750     76.508
  52      X     1542.950     78.892   1543.750     85.758
  53      X     2329.225    174.800   2330.925    175.700
  54      X     2329.225    174.800   2332.711    175.700
  55      X     2329.225    174.900   2333.525    175.700
  56      X     2329.225    177.000   2330.925    177.900
  57      X     2329.225    177.000   2332.711    177.900
  58      X     2329.225    177.000   2333.525    177.800
  59      X     2332.725    174.900   2333.525    177.800

--------------------------------------------------------------------------------
Cell Name : ia_new_f layout YAOWEN

                   Cell Errors    Real Errors   Cell Placements     Environments
                            51             51                 1                1
--------------------------------------------------------------------------------
Env.  Env. Placements            X1           Y1          X2           Y2

  1        1               1098.400      248.600    1300.400      297.200

Shape               Environments Status & Error Marker 

          1           X1         Y1         X2         Y2

   1      X      641.100    150.150    642.000    151.050
   2      X      641.100    150.150    643.500    151.050
   3      X      641.100    150.250    643.850    151.050
   4      X      641.100    152.350    642.000    153.250
   5      X      641.100    152.350    643.500    153.250
   6      X      641.100    152.350    643.850    153.150
   7      X      642.017    150.250    644.650    151.050
   8      X      642.017    152.350    644.650    153.150
   9      X      642.700    150.250    643.900    151.450
  10      X      642.700    151.950    643.900    153.150
  11      X      643.500    150.250    644.700    151.450
  12      X      643.500    151.050    644.700    152.250
  13      X      643.500    151.150    644.700    152.350
  14      X      643.500    151.950    644.700    153.150
  15      X      643.900    150.300    644.700    151.950
  16      X      643.900    151.100    644.700    152.300
  17      X      643.900    151.450    644.700    153.100
  18      X      764.900    195.650    765.800    196.550
  19      X      764.900    195.650    767.300    196.550
  20      X      764.900    195.750    767.650    196.550
  21      X      764.900    197.850    765.800    198.750
  22      X      764.900    197.850    767.300    198.750
  23      X      764.900    197.850    767.650    198.650
  24      X      765.817    195.750    768.450    196.550
  25      X      765.817    197.850    768.450    198.650
  26      X      766.500    195.750    767.700    196.950
  27      X      766.500    197.450    767.700    198.650
  28      X      767.300    195.750    768.500    196.950
  29      X      767.300    196.550    768.500    197.750
  30      X      767.300    196.650    768.500    197.850
  31      X      767.300    197.450    768.500    198.650
  32      X      767.700    195.800    768.500    197.450
  33      X      767.700    196.600    768.500    197.800
  34      X      767.700    196.950    768.500    198.600
  35      X      839.500    195.100    840.400    196.000
  36      X      839.500    195.100    841.900    196.000
  37      X      839.500    195.200    842.250    196.000
  38      X      839.500    197.300    840.400    198.200
  39      X      839.500    197.300    841.900    198.200
  40      X      839.500    197.300    842.250    198.100
  41      X      840.417    195.200    843.050    196.000
  42      X      840.417    197.300    843.050    198.100
  43      X      841.100    195.200    842.300    196.400
  44      X      841.100    196.900    842.300    198.100
  45      X      841.900    195.200    843.100    196.400
  46      X      841.900    196.000    843.100    197.200
  47      X      841.900    196.100    843.100    197.300
  48      X      841.900    196.900    843.100    198.100
  49      X      842.300    195.250    843.100    196.900
  50      X      842.300    196.050    843.100    197.250
  51      X      842.300    196.400    843.100    198.050

--------------------------------------------------------------------------------
Cell Name : fecg_vga2_f_2 layout FECG

                   Cell Errors    Real Errors   Cell Placements     Environments
                           116            116                 1                1
--------------------------------------------------------------------------------
Env.  Env. Placements            X1           Y1          X2           Y2

  1        1               1781.575     2281.175    1976.975     2359.575

Shape               Environments Status & Error Marker 

          1           X1         Y1         X2         Y2

   1      X      390.975     37.225    391.925     41.435
   2      X      390.975     37.225    396.158     38.025
   3      X      390.975     37.842    391.775     57.758
   4      X      390.975     55.892    391.775     75.808
   5      X      390.975     72.215    391.925     77.385
   6      X      390.975     75.465    391.925     80.635
   7      X      390.975     77.042    391.775     96.958
   8      X      390.975     95.092    391.775    115.008
   9      X      390.975    111.415    391.925    115.625
  10      X      390.975    114.825    396.158    115.625
  11      X      391.775     55.925    436.475     57.725
  12      X      391.775     95.125    436.475     96.925
  13      X      391.925     75.625    394.325     77.225
  14      X      392.539     37.225    440.811     38.125
  15      X      392.539    114.725    440.811    115.625
  16      X      393.271     75.525    395.379     77.225
  17      X      393.271     75.625    395.379     77.325
  18      X      394.325     75.525    439.025     77.325
  19      X      435.421     55.925    437.529     57.625
  20      X      435.421     56.025    437.529     57.725
  21      X      435.421     95.125    437.529     96.825
  22      X      435.421     95.225    437.529     96.925
  23      X      436.475     56.025    438.875     57.625
  24      X      436.475     95.225    438.875     96.825
  25      X      438.875     53.407    440.625     56.025
  26      X      438.875     57.625    440.625     60.243
  27      X      438.875     92.607    440.625     95.225
  28      X      438.875     96.825    440.625     99.443
  29      X      438.942     37.225    445.008     38.025
  30      X      438.942    114.825    445.008    115.625
  31      X      439.025     38.025    440.775     40.643
  32      X      439.025     38.475    440.625     55.575
  33      X      439.025     58.075    440.625     75.175
  34      X      439.025     73.007    440.775     75.625
  35      X      439.025     77.225    440.775     79.843
  36      X      439.025     77.675    440.625     94.775
  37      X      439.025     97.275    440.625    114.375
  38      X      439.025    112.207    440.775    114.825
  39      X      440.625     55.925    485.325     57.725
  40      X      440.625     95.125    485.325     96.925
  41      X      440.775     75.625    443.175     77.225
  42      X      441.389     37.225    489.661     38.125
  43      X      441.389    114.725    489.661    115.625
  44      X      442.121     75.525    444.229     77.225
  45      X      442.121     75.625    444.229     77.325
  46      X      443.175     75.525    487.875     77.325
  47      X      484.271     55.925    486.379     57.625
  48      X      484.271     56.025    486.379     57.725
  49      X      484.271     95.125    486.379     96.825
  50      X      484.271     95.225    486.379     96.925
  51      X      485.325     56.025    487.725     57.625
  52      X      485.325     95.225    487.725     96.825
  53      X      487.725     53.407    489.475     56.025
  54      X      487.725     57.625    489.475     60.243
  55      X      487.725     92.607    489.475     95.225
  56      X      487.725     96.825    489.475     99.443
  57      X      487.792     37.225    493.858     38.025
  58      X      487.792    114.825    493.858    115.625
  59      X      487.875     38.025    489.625     40.643
  60      X      487.875     38.475    489.475     55.575
  61      X      487.875     58.075    489.475     75.175
  62      X      487.875     73.007    489.625     75.625
  63      X      487.875     77.225    489.625     79.843
  64      X      487.875     77.675    489.475     94.775
  65      X      487.875     97.275    489.475    114.375
  66      X      487.875    112.207    489.625    114.825
  67      X      489.475     55.925    534.175     57.725
  68      X      489.475     95.125    534.175     96.925
  69      X      489.625     75.625    492.025     77.225
  70      X      490.239     37.225    538.511     38.125
  71      X      490.239    114.725    538.511    115.625
  72      X      490.971     75.525    493.079     77.225
  73      X      490.971     75.625    493.079     77.325
  74      X      492.025     75.525    536.725     77.325
  75      X      533.121     55.925    535.229     57.625
  76      X      533.121     56.025    535.229     57.725
  77      X      533.121     95.125    535.229     96.825
  78      X      533.121     95.225    535.229     96.925
  79      X      534.175     56.025    536.575     57.625
  80      X      534.175     95.225    536.575     96.825
  81      X      536.575     53.407    538.325     56.025
  82      X      536.575     57.625    538.325     60.243
  83      X      536.575     92.607    538.325     95.225
  84      X      536.575     96.825    538.325     99.443
  85      X      536.642     37.225    542.708     38.025
  86      X      536.642    114.825    542.708    115.625
  87      X      536.725     38.025    538.475     40.643
  88      X      536.725     38.475    538.325     55.575
  89      X      536.725     58.075    538.325     75.175
  90      X      536.725     73.007    538.475     75.625
  91      X      536.725     77.225    538.475     79.843
  92      X      536.725     77.675    538.325     94.775
  93      X      536.725     97.275    538.325    114.375
  94      X      536.725    112.207    538.475    114.825
  95      X      538.325     55.925    583.025     57.725
  96      X      538.325     95.125    583.025     96.925
  97      X      538.475     75.625    540.875     77.225
  98      X      539.089     37.225    586.375     38.125
  99      X      539.089    114.725    586.375    115.625
 100      X      539.821     75.525    541.929     77.225
 101      X      539.821     75.625    541.929     77.325
 102      X      540.875     75.525    585.575     77.325
 103      X      581.971     55.925    584.079     57.625
 104      X      581.971     56.025    584.079     57.725
 105      X      581.971     95.125    584.079     96.825
 106      X      581.971     95.225    584.079     96.925
 107      X      583.025     56.025    585.425     57.625
 108      X      583.025     95.225    585.425     96.825
 109      X      585.425     52.615    586.375     57.785
 110      X      585.425     55.865    586.375     61.035
 111      X      585.425     91.815    586.375     96.985
 112      X      585.425     95.065    586.375    100.235
 113      X      585.575     37.225    586.375     56.208
 114      X      585.575     57.442    586.375     77.358
 115      X      585.575     75.492    586.375     95.408
 116      X      585.575     96.642    586.375    115.625

--------------------------------------------------------------------------------
Cell Name : fecg_ia_5_fc layout FECG

                   Cell Errors    Real Errors   Cell Placements     Environments
                            14             14                 1                1
--------------------------------------------------------------------------------
Env.  Env. Placements            X1           Y1          X2           Y2

  1        1               1125.450     2513.750    1215.350     2522.500

Shape               Environments Status & Error Marker 

          1           X1         Y1         X2         Y2

   1      X      745.550     56.750    746.450     57.650
   2      X      745.550     56.750    748.236     57.650
   3      X      745.550     56.850    749.050     57.650
   4      X      745.550     58.950    746.450     59.850
   5      X      745.550     58.950    748.236     59.850
   6      X      745.550     58.950    749.050     59.750
   7      X      748.250     56.850    749.050     59.750
   8      X      831.950     62.400    832.850     63.300
   9      X      831.950     62.400    834.636     63.300
  10      X      831.950     62.500    835.450     63.300
  11      X      831.950     64.600    832.850     65.500
  12      X      831.950     64.600    834.636     65.500
  13      X      831.950     64.600    835.450     65.400
  14      X      834.650     62.500    835.450     65.400

--------------------------------------------------------------------------------
Cell Name : fecg_cmfb2_fc layout FECG

                   Cell Errors    Real Errors   Cell Placements     Environments
                           469            469                 2                1
--------------------------------------------------------------------------------
Env.  Env. Placements            X1           Y1          X2           Y2

  1        2               1634.175      295.900    2002.400      474.000

Shape               Environments Status & Error Marker 

          1           X1         Y1         X2         Y2

   1      X      211.175    144.250    212.075    191.536
   2      X      211.175    144.250    230.158    145.050
   3      X      211.792    192.300    231.708    193.100
   4      X      228.942    192.300    233.983    193.100
   5      X      229.875    145.814    230.775    192.300
   6      X      230.364    192.200    234.836    193.100
   7      X      231.217    192.300    236.208    193.100
   8      X      232.150    192.200    233.050    192.300
   9      X      233.442    192.300    253.358    193.100
  10      X      234.375    145.814    235.275    192.300
  11      X      234.992    144.250    254.908    145.050
  12      X      252.142    144.250    257.183    145.050
  13      X      253.075    145.050    253.975    191.536
  14      X      253.564    144.250    258.036    145.150
  15      X      254.417    144.250    259.408    145.050
  16      X      255.350    145.050    256.250    145.150
  17      X      256.642    144.250    427.525    145.050
  18      X      257.575    145.050    258.475    192.136
  19      X      257.575    188.517    258.375    193.700
  20      X      257.575    192.750    261.785    193.700
  21      X      258.192    192.900    426.908    193.700
  22      X      259.125    189.314    260.025    192.000
  23      X      259.125    191.100    260.025    192.000
  24      X      259.125    191.100    260.927    192.150
  25      X      259.225    145.800    260.025    192.000
  26      X      259.225    145.800    261.575    146.600
  27      X      259.684    191.350    261.916    192.000
  28      X      260.492    145.800    262.608    146.600
  29      X      260.775    145.800    261.575    192.150
  30      X      260.775    191.350    263.125    192.150
  31      X      261.292    145.800    263.408    146.600
  32      X      262.042    191.350    264.158    192.150
  33      X      262.325    145.800    263.125    192.150
  34      X      262.325    145.800    264.675    146.600
  35      X      262.842    191.350    264.958    192.150
  36      X      263.592    145.800    265.708    146.600
  37      X      263.875    145.800    264.675    192.150
  38      X      263.875    191.350    266.225    192.150
  39      X      264.392    145.800    266.508    146.600
  40      X      265.142    191.350    267.258    192.150
  41      X      265.425    145.800    266.225    192.150
  42      X      265.425    145.800    267.775    146.600
  43      X      265.942    191.350    268.058    192.150
  44      X      266.692    145.800    268.808    146.600
  45      X      266.975    145.800    267.775    192.150
  46      X      266.975    191.350    269.325    192.150
  47      X      267.492    145.800    269.608    146.600
  48      X      268.242    191.350    270.358    192.150
  49      X      268.525    145.800    269.325    192.150
  50      X      268.525    145.800    270.875    146.600
  51      X      269.042    191.350    271.158    192.150
  52      X      269.792    145.800    271.908    146.600
  53      X      270.075    145.800    270.875    192.150
  54      X      270.075    191.350    272.425    192.150
  55      X      270.592    145.800    272.708    146.600
  56      X      271.342    191.350    273.458    192.150
  57      X      271.625    145.800    272.425    192.150
  58      X      271.625    145.800    273.975    146.600
  59      X      272.142    191.350    274.258    192.150
  60      X      272.892    145.800    275.008    146.600
  61      X      273.175    145.800    273.975    192.150
  62      X      273.175    191.350    275.525    192.150
  63      X      273.692    145.800    275.808    146.600
  64      X      274.442    191.350    276.558    192.150
  65      X      274.725    145.800    275.525    192.150
  66      X      274.725    145.800    277.075    146.600
  67      X      275.242    191.350    277.358    192.150
  68      X      275.992    145.800    278.108    146.600
  69      X      276.275    145.800    277.075    192.150
  70      X      276.275    191.350    278.625    192.150
  71      X      276.792    145.800    278.908    146.600
  72      X      277.542    191.350    279.658    192.150
  73      X      277.825    145.800    278.625    192.150
  74      X      277.825    145.800    280.175    146.600
  75      X      278.342    191.350    280.458    192.150
  76      X      279.092    145.800    281.208    146.600
  77      X      279.375    145.800    280.175    192.150
  78      X      279.375    191.350    281.725    192.150
  79      X      279.892    145.800    282.008    146.600
  80      X      280.642    191.350    282.758    192.150
  81      X      280.925    145.800    281.725    192.150
  82      X      280.925    145.800    283.275    146.600
  83      X      281.442    191.350    283.558    192.150
  84      X      282.192    145.800    284.308    146.600
  85      X      282.475    145.800    283.275    192.150
  86      X      282.475    191.350    284.825    192.150
  87      X      282.992    145.800    285.108    146.600
  88      X      283.742    191.350    285.858    192.150
  89      X      284.025    145.800    284.825    192.150
  90      X      284.025    145.800    286.375    146.600
  91      X      284.542    191.350    286.658    192.150
  92      X      285.292    145.800    287.408    146.600
  93      X      285.575    145.800    286.375    192.150
  94      X      285.575    191.350    287.925    192.150
  95      X      286.092    145.800    288.208    146.600
  96      X      286.842    191.350    288.958    192.150
  97      X      287.125    145.800    287.925    192.150
  98      X      287.125    145.800    289.475    146.600
  99      X      287.642    191.350    289.758    192.150
 100      X      288.392    145.800    290.508    146.600
 101      X      288.675    145.800    289.475    192.150
 102      X      288.675    191.350    291.025    192.150
 103      X      289.192    145.800    291.308    146.600
 104      X      289.942    191.350    292.058    192.150
 105      X      290.225    145.800    291.025    192.150
 106      X      290.225    145.800    292.575    146.600
 107      X      290.742    191.350    292.858    192.150
 108      X      291.492    145.800    293.608    146.600
 109      X      291.775    145.800    292.575    192.150
 110      X      291.775    191.350    294.125    192.150
 111      X      292.292    145.800    294.408    146.600
 112      X      293.042    191.350    295.158    192.150
 113      X      293.325    145.800    294.125    192.150
 114      X      293.325    145.800    295.675    146.600
 115      X      293.842    191.350    295.958    192.150
 116      X      294.592    145.800    296.708    146.600
 117      X      294.875    145.800    295.675    192.150
 118      X      294.875    191.350    297.225    192.150
 119      X      295.392    145.800    297.508    146.600
 120      X      296.142    191.350    298.258    192.150
 121      X      296.425    145.800    297.225    192.150
 122      X      296.425    145.800    298.775    146.600
 123      X      296.942    191.350    299.058    192.150
 124      X      297.692    145.800    299.808    146.600
 125      X      297.975    145.800    298.775    192.150
 126      X      297.975    191.350    300.325    192.150
 127      X      298.492    145.800    300.608    146.600
 128      X      299.242    191.350    301.358    192.150
 129      X      299.525    145.800    300.325    192.150
 130      X      299.525    145.800    301.875    146.600
 131      X      300.042    191.350    302.158    192.150
 132      X      300.792    145.800    302.908    146.600
 133      X      301.075    145.800    301.875    192.150
 134      X      301.075    191.350    303.425    192.150
 135      X      301.592    145.800    303.708    146.600
 136      X      302.342    191.350    304.458    192.150
 137      X      302.625    145.800    303.425    192.150
 138      X      302.625    145.800    304.975    146.600
 139      X      303.142    191.350    305.258    192.150
 140      X      303.892    145.800    306.008    146.600
 141      X      304.175    145.800    304.975    192.150
 142      X      304.175    191.350    306.525    192.150
 143      X      304.692    145.800    306.808    146.600
 144      X      305.442    191.350    307.558    192.150
 145      X      305.725    145.800    306.525    192.150
 146      X      305.725    145.800    308.075    146.600
 147      X      306.242    191.350    308.358    192.150
 148      X      306.992    145.800    309.108    146.600
 149      X      307.275    145.800    308.075    192.150
 150      X      307.275    191.350    309.625    192.150
 151      X      307.792    145.800    309.908    146.600
 152      X      308.542    191.350    310.658    192.150
 153      X      308.825    145.800    309.625    192.150
 154      X      308.825    145.800    311.175    146.600
 155      X      309.342    191.350    311.458    192.150
 156      X      310.092    145.800    312.208    146.600
 157      X      310.375    145.800    311.175    192.150
 158      X      310.375    191.350    312.725    192.150
 159      X      310.892    145.800    313.008    146.600
 160      X      311.642    191.350    313.758    192.150
 161      X      311.925    145.800    312.725    192.150
 162      X      311.925    145.800    314.275    146.600
 163      X      312.442    191.350    314.558    192.150
 164      X      313.192    145.800    315.308    146.600
 165      X      313.475    145.800    314.275    192.150
 166      X      313.475    191.350    315.825    192.150
 167      X      313.992    145.800    316.108    146.600
 168      X      314.742    191.350    316.858    192.150
 169      X      315.025    145.800    315.825    192.150
 170      X      315.025    145.800    317.375    146.600
 171      X      315.542    191.350    317.658    192.150
 172      X      316.292    145.800    318.408    146.600
 173      X      316.575    145.800    317.375    192.150
 174      X      316.575    191.350    318.925    192.150
 175      X      317.092    145.800    319.208    146.600
 176      X      317.842    191.350    319.958    192.150
 177      X      318.125    145.800    318.925    192.150
 178      X      318.125    145.800    320.475    146.600
 179      X      318.642    191.350    320.758    192.150
 180      X      319.392    145.800    321.508    146.600
 181      X      319.675    145.800    320.475    192.150
 182      X      319.675    191.350    322.025    192.150
 183      X      320.192    145.800    322.308    146.600
 184      X      320.942    191.350    323.058    192.150
 185      X      321.225    145.800    322.025    192.150
 186      X      321.225    145.800    323.575    146.600
 187      X      321.742    191.350    323.858    192.150
 188      X      322.492    145.800    324.608    146.600
 189      X      322.775    145.800    323.575    192.150
 190      X      322.775    191.350    325.125    192.150
 191      X      323.292    145.800    325.408    146.600
 192      X      324.042    191.350    326.158    192.150
 193      X      324.325    145.800    325.125    192.150
 194      X      324.325    145.800    326.675    146.600
 195      X      324.842    191.350    326.958    192.150
 196      X      325.592    145.800    327.708    146.600
 197      X      325.875    145.800    326.675    192.150
 198      X      325.875    191.350    328.225    192.150
 199      X      326.392    145.800    328.508    146.600
 200      X      327.142    191.350    329.258    192.150
 201      X      327.425    145.800    328.225    192.150
 202      X      327.425    145.800    329.775    146.600
 203      X      327.942    191.350    330.058    192.150
 204      X      328.692    145.800    330.808    146.600
 205      X      328.975    145.800    329.775    192.150
 206      X      328.975    191.350    331.325    192.150
 207      X      329.492    145.800    331.608    146.600
 208      X      330.242    191.350    332.358    192.150
 209      X      330.525    145.800    331.325    192.150
 210      X      330.525    145.800    332.875    146.600
 211      X      331.042    191.350    333.158    192.150
 212      X      331.792    145.800    333.908    146.600
 213      X      332.075    145.800    332.875    192.150
 214      X      332.075    191.350    334.425    192.150
 215      X      332.592    145.800    334.708    146.600
 216      X      333.342    191.350    335.458    192.150
 217      X      333.625    145.800    334.425    192.150
 218      X      333.625    145.800    335.975    146.600
 219      X      334.142    191.350    336.258    192.150
 220      X      334.892    145.800    337.008    146.600
 221      X      335.175    145.800    335.975    192.150
 222      X      335.175    191.350    337.525    192.150
 223      X      335.692    145.800    337.808    146.600
 224      X      336.442    191.350    338.558    192.150
 225      X      336.725    145.800    337.525    192.150
 226      X      336.725    145.800    339.075    146.600
 227      X      337.242    191.350    339.358    192.150
 228      X      337.992    145.800    340.108    146.600
 229      X      338.275    145.800    339.075    192.150
 230      X      338.275    191.350    340.625    192.150
 231      X      338.792    145.800    340.908    146.600
 232      X      339.542    191.350    341.658    192.150
 233      X      339.825    145.800    340.625    192.150
 234      X      339.825    145.800    342.175    146.600
 235      X      340.342    191.350    342.458    192.150
 236      X      341.092    145.800    343.208    146.600
 237      X      341.375    145.800    342.175    192.150
 238      X      341.375    191.350    343.725    192.150
 239      X      341.892    145.800    344.008    146.600
 240      X      342.642    191.350    344.758    192.150
 241      X      342.925    145.800    343.725    192.150
 242      X      342.925    145.800    345.275    146.600
 243      X      343.442    191.350    345.558    192.150
 244      X      344.192    145.800    346.308    146.600
 245      X      344.475    145.800    345.275    192.150
 246      X      344.475    191.350    346.825    192.150
 247      X      344.992    145.800    347.108    146.600
 248      X      345.742    191.350    347.858    192.150
 249      X      346.025    145.800    346.825    192.150
 250      X      346.025    145.800    348.375    146.600
 251      X      346.542    191.350    348.658    192.150
 252      X      347.292    145.800    349.408    146.600
 253      X      347.575    145.800    348.375    192.150
 254      X      347.575    191.350    349.925    192.150
 255      X      348.092    145.800    350.208    146.600
 256      X      348.842    191.350    350.958    192.150
 257      X      349.125    145.800    349.925    192.150
 258      X      349.125    145.800    351.475    146.600
 259      X      349.642    191.350    351.758    192.150
 260      X      350.392    145.800    352.508    146.600
 261      X      350.675    145.800    351.475    192.150
 262      X      350.675    191.350    353.025    192.150
 263      X      351.192    145.800    353.308    146.600
 264      X      351.942    191.350    354.058    192.150
 265      X      352.225    145.800    353.025    192.150
 266      X      352.225    145.800    354.575    146.600
 267      X      352.742    191.350    354.858    192.150
 268      X      353.492    145.800    355.608    146.600
 269      X      353.775    145.800    354.575    192.150
 270      X      353.775    191.350    356.125    192.150
 271      X      354.292    145.800    356.408    146.600
 272      X      355.042    191.350    357.158    192.150
 273      X      355.325    145.800    356.125    192.150
 274      X      355.325    145.800    357.675    146.600
 275      X      355.842    191.350    357.958    192.150
 276      X      356.592    145.800    358.708    146.600
 277      X      356.875    145.800    357.675    192.150
 278      X      356.875    191.350    359.225    192.150
 279      X      357.392    145.800    359.508    146.600
 280      X      358.142    191.350    360.258    192.150
 281      X      358.425    145.800    359.225    192.150
 282      X      358.425    145.800    360.775    146.600
 283      X      358.942    191.350    361.058    192.150
 284      X      359.692    145.800    361.808    146.600
 285      X      359.975    145.800    360.775    192.150
 286      X      359.975    191.350    362.325    192.150
 287      X      360.492    145.800    362.608    146.600
 288      X      361.242    191.350    363.358    192.150
 289      X      361.525    145.800    362.325    192.150
 290      X      361.525    145.800    363.875    146.600
 291      X      362.042    191.350    364.158    192.150
 292      X      362.792    145.800    364.908    146.600
 293      X      363.075    145.800    363.875    192.150
 294      X      363.075    191.350    365.425    192.150
 295      X      363.592    145.800    365.708    146.600
 296      X      364.342    191.350    366.458    192.150
 297      X      364.625    145.800    365.425    192.150
 298      X      364.625    145.800    366.975    146.600
 299      X      365.142    191.350    367.258    192.150
 300      X      365.892    145.800    368.008    146.600
 301      X      366.175    145.800    366.975    192.150
 302      X      366.175    191.350    368.525    192.150
 303      X      366.692    145.800    368.808    146.600
 304      X      367.442    191.350    369.558    192.150
 305      X      367.725    145.800    368.525    192.150
 306      X      367.725    145.800    370.075    146.600
 307      X      368.242    191.350    370.358    192.150
 308      X      368.992    145.800    371.108    146.600
 309      X      369.275    145.800    370.075    192.150
 310      X      369.275    191.350    371.625    192.150
 311      X      369.792    145.800    371.908    146.600
 312      X      370.542    191.350    372.658    192.150
 313      X      370.825    145.800    371.625    192.150
 314      X      370.825    145.800    373.175    146.600
 315      X      371.342    191.350    373.458    192.150
 316      X      372.092    145.800    374.208    146.600
 317      X      372.375    145.800    373.175    192.150
 318      X      372.375    191.350    374.725    192.150
 319      X      372.892    145.800    375.008    146.600
 320      X      373.642    191.350    375.758    192.150
 321      X      373.925    145.800    374.725    192.150
 322      X      373.925    145.800    376.275    146.600
 323      X      374.442    191.350    376.558    192.150
 324      X      375.192    145.800    377.308    146.600
 325      X      375.475    145.800    376.275    192.150
 326      X      375.475    191.350    377.825    192.150
 327      X      375.992    145.800    378.108    146.600
 328      X      376.742    191.350    378.858    192.150
 329      X      377.025    145.800    377.825    192.150
 330      X      377.025    145.800    379.375    146.600
 331      X      377.542    191.350    379.658    192.150
 332      X      378.292    145.800    380.408    146.600
 333      X      378.575    145.800    379.375    192.150
 334      X      378.575    191.350    380.925    192.150
 335      X      379.092    145.800    381.208    146.600
 336      X      379.842    191.350    381.958    192.150
 337      X      380.125    145.800    380.925    192.150
 338      X      380.125    145.800    382.475    146.600
 339      X      380.642    191.350    382.758    192.150
 340      X      381.392    145.800    383.508    146.600
 341      X      381.675    145.800    382.475    192.150
 342      X      381.675    191.350    384.025    192.150
 343      X      382.192    145.800    384.308    146.600
 344      X      382.942    191.350    385.058    192.150
 345      X      383.225    145.800    384.025    192.150
 346      X      383.225    145.800    385.575    146.600
 347      X      383.742    191.350    385.858    192.150
 348      X      384.492    145.800    386.608    146.600
 349      X      384.775    145.800    385.575    192.150
 350      X      384.775    191.350    387.125    192.150
 351      X      385.292    145.800    387.408    146.600
 352      X      386.042    191.350    388.158    192.150
 353      X      386.325    145.800    387.125    192.150
 354      X      386.325    145.800    388.675    146.600
 355      X      386.842    191.350    388.958    192.150
 356      X      387.592    145.800    389.708    146.600
 357      X      387.875    145.800    388.675    192.150
 358      X      387.875    191.350    390.225    192.150
 359      X      388.392    145.800    390.508    146.600
 360      X      389.142    191.350    391.258    192.150
 361      X      389.425    145.800    390.225    192.150
 362      X      389.425    145.800    391.775    146.600
 363      X      389.942    191.350    392.058    192.150
 364      X      390.692    145.800    392.808    146.600
 365      X      390.975    145.800    391.775    192.150
 366      X      390.975    191.350    393.325    192.150
 367      X      391.492    145.800    393.608    146.600
 368      X      392.242    191.350    394.358    192.150
 369      X      392.525    145.800    393.325    192.150
 370      X      392.525    145.800    394.875    146.600
 371      X      393.042    191.350    395.158    192.150
 372      X      393.792    145.800    395.908    146.600
 373      X      394.075    145.800    394.875    192.150
 374      X      394.075    191.350    396.425    192.150
 375      X      394.592    145.800    396.708    146.600
 376      X      395.342    191.350    397.458    192.150
 377      X      395.625    145.800    396.425    192.150
 378      X      395.625    145.800    397.975    146.600
 379      X      396.142    191.350    398.258    192.150
 380      X      396.892    145.800    399.008    146.600
 381      X      397.175    145.800    397.975    192.150
 382      X      397.175    191.350    399.525    192.150
 383      X      397.692    145.800    399.808    146.600
 384      X      398.442    191.350    400.558    192.150
 385      X      398.725    145.800    399.525    192.150
 386      X      398.725    145.800    401.075    146.600
 387      X      399.242    191.350    401.358    192.150
 388      X      399.992    145.800    402.108    146.600
 389      X      400.275    145.800    401.075    192.150
 390      X      400.275    191.350    402.625    192.150
 391      X      400.792    145.800    402.908    146.600
 392      X      401.542    191.350    403.658    192.150
 393      X      401.825    145.800    402.625    192.150
 394      X      401.825    145.800    404.175    146.600
 395      X      402.342    191.350    404.458    192.150
 396      X      403.092    145.800    405.208    146.600
 397      X      403.375    145.800    404.175    192.150
 398      X      403.375    191.350    405.725    192.150
 399      X      403.892    145.800    406.008    146.600
 400      X      404.642    191.350    406.758    192.150
 401      X      404.925    145.800    405.725    192.150
 402      X      404.925    145.800    407.275    146.600
 403      X      405.442    191.350    407.558    192.150
 404      X      406.192    145.800    408.308    146.600
 405      X      406.475    145.800    407.275    192.150
 406      X      406.475    191.350    408.825    192.150
 407      X      406.992    145.800    409.108    146.600
 408      X      407.742    191.350    409.858    192.150
 409      X      408.025    145.800    408.825    192.150
 410      X      408.025    145.800    410.375    146.600
 411      X      408.542    191.350    410.658    192.150
 412      X      409.292    145.800    411.408    146.600
 413      X      409.575    145.800    410.375    192.150
 414      X      409.575    191.350    411.925    192.150
 415      X      410.092    145.800    412.208    146.600
 416      X      410.842    191.350    412.958    192.150
 417      X      411.125    145.800    411.925    192.150
 418      X      411.125    145.800    413.475    146.600
 419      X      411.642    191.350    413.758    192.150
 420      X      412.392    145.800    414.508    146.600
 421      X      412.675    145.800    413.475    192.150
 422      X      412.675    191.350    415.025    192.150
 423      X      413.192    145.800    415.308    146.600
 424      X      413.942    191.350    416.058    192.150
 425      X      414.225    145.800    415.025    192.150
 426      X      414.225    145.800    416.575    146.600
 427      X      414.742    191.350    416.858    192.150
 428      X      415.492    145.800    417.608    146.600
 429      X      415.775    145.800    416.575    192.150
 430      X      415.775    191.350    418.125    192.150
 431      X      416.292    145.800    418.408    146.600
 432      X      417.042    191.350    419.158    192.150
 433      X      417.325    145.800    418.125    192.150
 434      X      417.325    145.800    419.675    146.600
 435      X      417.842    191.350    419.958    192.150
 436      X      418.592    145.800    420.708    146.600
 437      X      418.875    145.800    419.675    192.150
 438      X      418.875    191.350    421.225    192.150
 439      X      419.392    145.800    421.508    146.600
 440      X      420.142    191.350    422.258    192.150
 441      X      420.425    145.800    421.225    192.150
 442      X      420.425    145.800    422.775    146.600
 443      X      420.942    191.350    423.058    192.150
 444      X      421.692    145.800    423.808    146.600
 445      X      421.975    145.800    422.775    192.150
 446      X      421.975    191.350    424.325    192.150
 447      X      422.492    145.800    424.608    146.600
 448      X      423.184    191.350    425.416    192.000
 449      X      423.315    192.750    427.525    193.700
 450      X      423.525    145.800    424.325    192.150
 451      X      423.525    145.800    425.875    146.600
 452      X      424.173    191.100    425.975    192.150
 453      X      425.075    145.800    425.875    192.000
 454      X      425.075    189.314    425.975    192.000
 455      X      425.075    191.100    425.975    192.000
 456      X      426.625    144.250    427.525    192.136
 457      X      426.725    188.517    427.525    193.700
 458      X      474.417     15.600    522.233     16.400
 459      X      517.090    190.300    521.300    191.250
 460      X      519.467     15.600    528.133     16.400
 461      X      520.400     16.400    521.300    189.686
 462      X      520.500    186.067    521.300    191.250
 463      X      524.514     15.600    528.986     16.500
 464      X      525.367     15.600    533.733     16.400
 465      X      526.300     16.400    527.200     16.500
 466      X      530.940     15.600    536.110     16.550
 467      X      531.900     16.400    532.700     20.783
 468      X      531.900     17.164    532.800    191.250
 469      X      531.900    190.450    578.783    191.250

--------------------------------------------------------------------------------
Cell Name : fecg_bandgap3_layout layout FBIAS

                   Cell Errors    Real Errors   Cell Placements     Environments
                             7              7                 1                1
--------------------------------------------------------------------------------
Env.  Env. Placements            X1           Y1          X2           Y2

  1        1               1214.350     1656.900    1217.850     1660.000

Shape               Environments Status & Error Marker 

          1           X1         Y1         X2         Y2

   1      X       40.450    127.700     41.350    128.600
   2      X       40.450    127.700     43.136    128.600
   3      X       40.450    127.800     43.950    128.600
   4      X       40.450    129.900     41.350    130.800
   5      X       40.450    129.900     43.136    130.800
   6      X       40.450    129.900     43.950    130.700
   7      X       43.150    127.800     43.950    130.700

--------------------------------------------------------------------------------
Cell Name : fbias_vol_ref1_layout layout FBIAS

                   Cell Errors    Real Errors   Cell Placements     Environments
                           119            119                 1                1
--------------------------------------------------------------------------------
Env.  Env. Placements            X1           Y1          X2           Y2

  1        1               1924.650     1783.100    1986.450     1823.100

Shape               Environments Status & Error Marker 

          1           X1         Y1         X2         Y2

   1      X      280.350    159.050    281.250    166.836
   2      X      280.350    159.050    288.827    160.500
   3      X      280.350    163.217    281.150    170.083
   4      X      280.350    168.017    281.150    174.883
   5      X      280.350    171.264    281.250    179.386
   6      X      280.350    178.714    281.250    186.836
   7      X      280.350    183.217    281.150    190.083
   8      X      280.350    188.714    281.250    196.836
   9      X      280.350    193.217    281.150    199.050
  10      X      280.350    198.250    285.383    199.050
  11      X      281.150    168.250    283.550    169.850
  12      X      282.173    197.600    291.127    199.050
  13      X      285.617    159.050    291.683    159.850
  14      X      287.450    178.250    289.850    179.850
  15      X      289.750    162.178    291.550    165.922
  16      X      289.750    163.996    291.450    168.250
  17      X      289.750    169.850    291.450    174.104
  18      X      289.750    172.178    291.550    175.922
  19      X      289.750    182.178    291.550    185.922
  20      X      289.750    183.996    291.450    188.250
  21      X      289.750    191.996    291.450    194.104
  22      X      289.750    193.050    291.550    197.600
  23      X      289.850    159.850    291.550    164.104
  24      X      289.850    173.996    291.550    178.250
  25      X      289.850    179.850    291.550    184.104
  26      X      289.850    189.850    291.450    193.050
  27      X      289.850    191.996    291.550    194.104
  28      X      290.173    159.050    299.127    160.500
  29      X      290.173    197.600    299.127    199.050
  30      X      291.450    168.250    293.850    169.850
  31      X      291.450    188.250    293.850    189.850
  32      X      295.917    159.050    301.983    159.850
  33      X      295.917    198.250    301.983    199.050
  34      X      297.750    178.250    300.150    179.850
  35      X      299.917    159.050    305.983    159.850
  36      X      300.050    161.996    301.750    164.104
  37      X      300.050    163.050    301.850    167.600
  38      X      300.050    169.850    301.750    174.104
  39      X      300.050    172.178    301.850    175.922
  40      X      300.050    182.178    301.850    185.922
  41      X      300.050    183.996    301.750    188.250
  42      X      300.050    189.850    301.750    194.104
  43      X      300.050    192.178    301.850    195.922
  44      X      300.150    159.850    301.750    163.050
  45      X      300.150    161.996    301.850    164.104
  46      X      300.150    173.996    301.850    178.250
  47      X      300.150    179.850    301.850    184.104
  48      X      300.150    193.996    301.850    198.250
  49      X      300.473    197.600    309.427    199.050
  50      X      301.750    188.250    304.150    189.850
  51      X      302.773    159.050    311.727    160.500
  52      X      306.217    198.250    312.283    199.050
  53      X      308.050    178.250    310.450    179.850
  54      X      310.217    159.050    316.283    159.850
  55      X      310.217    198.250    316.283    199.050
  56      X      310.350    159.850    312.050    164.104
  57      X      310.350    162.178    312.150    165.922
  58      X      310.350    169.850    312.050    174.104
  59      X      310.350    172.178    312.150    175.922
  60      X      310.350    181.996    312.050    184.104
  61      X      310.350    183.050    312.150    187.600
  62      X      310.350    190.500    312.150    195.050
  63      X      310.350    193.996    312.050    196.104
  64      X      310.450    163.996    312.150    168.250
  65      X      310.450    173.996    312.150    178.250
  66      X      310.450    179.850    312.050    183.050
  67      X      310.450    181.996    312.150    184.104
  68      X      310.450    193.996    312.150    196.104
  69      X      310.450    195.050    312.050    198.250
  70      X      313.073    159.050    322.027    160.500
  71      X      313.073    197.600    322.027    199.050
  72      X      318.350    188.250    320.750    189.850
  73      X      320.517    159.050    326.583    159.850
  74      X      320.517    198.250    326.583    199.050
  75      X      320.650    159.850    322.350    164.104
  76      X      320.650    162.178    322.450    165.922
  77      X      320.650    170.500    322.450    175.050
  78      X      320.650    173.996    322.350    176.104
  79      X      320.650    179.850    322.350    184.104
  80      X      320.650    182.178    322.450    185.922
  81      X      320.650    192.178    322.450    195.922
  82      X      320.650    193.996    322.350    198.250
  83      X      320.750    163.996    322.450    168.250
  84      X      320.750    173.996    322.450    176.104
  85      X      320.750    175.050    322.350    178.250
  86      X      320.750    183.996    322.450    188.250
  87      X      320.750    189.850    322.450    194.104
  88      X      322.350    178.250    324.750    179.850
  89      X      323.373    159.050    332.327    160.500
  90      X      323.373    197.600    332.327    199.050
  91      X      328.650    168.250    331.050    169.850
  92      X      328.650    188.250    331.050    189.850
  93      X      330.817    159.050    336.883    159.850
  94      X      330.817    198.250    336.883    199.050
  95      X      330.950    159.850    332.650    164.104
  96      X      330.950    162.178    332.750    165.922
  97      X      330.950    172.178    332.750    175.922
  98      X      330.950    173.996    332.650    178.250
  99      X      330.950    179.850    332.650    184.104
 100      X      330.950    182.178    332.750    185.922
 101      X      330.950    192.178    332.750    195.922
 102      X      330.950    193.996    332.650    198.250
 103      X      331.050    163.996    332.750    168.250
 104      X      331.050    169.850    332.750    174.104
 105      X      331.050    183.996    332.750    188.250
 106      X      331.050    189.850    332.750    194.104
 107      X      332.650    178.250    335.050    179.850
 108      X      333.673    159.050    342.150    160.500
 109      X      333.673    197.600    342.150    199.050
 110      X      338.950    168.250    341.350    169.850
 111      X      338.950    188.250    341.350    189.850
 112      X      341.250    159.050    342.150    166.836
 113      X      341.250    171.264    342.150    179.386
 114      X      341.250    178.714    342.150    186.836
 115      X      341.250    191.264    342.150    199.050
 116      X      341.350    163.217    342.150    170.083
 117      X      341.350    168.017    342.150    174.883
 118      X      341.350    183.217    342.150    190.083
 119      X      341.350    188.017    342.150    194.883

--------------------------------------------------------------------------------
Cell Name : fbias_por2_fc layout FBIAS

                   Cell Errors    Real Errors   Cell Placements     Environments
                           363            363                 1                1
--------------------------------------------------------------------------------
Env.  Env. Placements            X1           Y1          X2           Y2

  1        1                886.250     1748.100     918.200     1891.650

Shape               Environments Status & Error Marker 

          1           X1         Y1         X2         Y2

   1      X       82.550     47.450     83.350     52.483
   2      X       82.550     47.450     88.383     48.250
   3      X       82.550     49.273     84.000    103.977
   4      X       82.550    100.767     83.350    106.833
   5      X       82.550    103.967     83.350    111.233
   6      X       82.550    108.367     83.350    114.433
   7      X       82.550    111.223     84.000    191.000
   8      X       82.550    190.100    112.286    191.000
   9      X       83.350    105.000     88.383    105.800
  10      X       83.350    109.400     88.383    110.200
  11      X       84.100     49.000     85.800     49.900
  12      X       84.100     49.000     87.586     49.900
  13      X       84.100     49.100    112.650     49.900
  14      X       84.100    103.350     85.800    104.250
  15      X       84.100    103.350     87.586    104.250
  16      X       84.100    103.350    112.650    104.150
  17      X       84.100    110.950     85.800    111.850
  18      X       84.100    110.950     87.586    111.850
  19      X       84.100    111.050    112.300    111.850
  20      X       84.750     49.000     85.800     50.802
  21      X       84.750     50.650     85.550     53.000
  22      X       84.750     50.650    112.650     51.450
  23      X       84.750     51.917     85.550     54.033
  24      X       84.750     52.200    112.650     53.000
  25      X       84.750     52.717     85.550     54.833
  26      X       84.750     53.750     85.550     56.100
  27      X       84.750     53.750    112.650     54.550
  28      X       84.750     55.017     85.550     57.133
  29      X       84.750     55.300    112.650     56.100
  30      X       84.750     55.817     85.550     57.933
  31      X       84.750     56.850     85.550     59.200
  32      X       84.750     56.850    112.650     57.650
  33      X       84.750     58.117     85.550     60.233
  34      X       84.750     58.400    112.650     59.200
  35      X       84.750     58.917     85.550     61.033
  36      X       84.750     59.950     85.550     62.300
  37      X       84.750     59.950    112.650     60.750
  38      X       84.750     61.217     85.550     63.333
  39      X       84.750     61.500    112.650     62.300
  40      X       84.750     62.017     85.550     64.133
  41      X       84.750     63.050     85.550     65.400
  42      X       84.750     63.050    112.650     63.850
  43      X       84.750     64.317     85.550     66.433
  44      X       84.750     64.600    112.650     65.400
  45      X       84.750     65.117     85.550     67.233
  46      X       84.750     66.150     85.550     68.500
  47      X       84.750     66.150    112.650     66.950
  48      X       84.750     67.417     85.550     69.533
  49      X       84.750     67.700    112.650     68.500
  50      X       84.750     68.217     85.550     70.333
  51      X       84.750     69.250     85.550     71.600
  52      X       84.750     69.250    112.650     70.050
  53      X       84.750     70.517     85.550     72.633
  54      X       84.750     70.800    112.650     71.600
  55      X       84.750     71.317     85.550     73.433
  56      X       84.750     72.350     85.550     74.700
  57      X       84.750     72.350    112.650     73.150
  58      X       84.750     73.617     85.550     75.733
  59      X       84.750     73.900    112.650     74.700
  60      X       84.750     74.417     85.550     76.533
  61      X       84.750     75.450     85.550     77.800
  62      X       84.750     75.450    112.650     76.250
  63      X       84.750     76.717     85.550     78.833
  64      X       84.750     77.000    112.650     77.800
  65      X       84.750     77.517     85.550     79.633
  66      X       84.750     78.550     85.550     80.900
  67      X       84.750     78.550    112.650     79.350
  68      X       84.750     79.817     85.550     81.933
  69      X       84.750     80.100    112.650     80.900
  70      X       84.750     80.617     85.550     82.733
  71      X       84.750     81.650     85.550     84.000
  72      X       84.750     81.650    112.650     82.450
  73      X       84.750     82.917     85.550     85.033
  74      X       84.750     83.200    112.650     84.000
  75      X       84.750     83.717     85.550     85.833
  76      X       84.750     84.750     85.550     87.100
  77      X       84.750     84.750    112.650     85.550
  78      X       84.750     86.017     85.550     88.133
  79      X       84.750     86.300    112.650     87.100
  80      X       84.750     86.817     85.550     88.933
  81      X       84.750     87.850     85.550     90.200
  82      X       84.750     87.850    112.650     88.650
  83      X       84.750     89.117     85.550     91.233
  84      X       84.750     89.400    112.650     90.200
  85      X       84.750     89.917     85.550     92.033
  86      X       84.750     90.950     85.550     93.300
  87      X       84.750     90.950    112.650     91.750
  88      X       84.750     92.217     85.550     94.333
  89      X       84.750     92.500    112.650     93.300
  90      X       84.750     93.017     85.550     95.133
  91      X       84.750     94.050     85.550     96.400
  92      X       84.750     94.050    112.650     94.850
  93      X       84.750     95.317     85.550     97.433
  94      X       84.750     95.600    112.650     96.400
  95      X       84.750     96.117     85.550     98.233
  96      X       84.750     97.150     85.550     99.500
  97      X       84.750     97.150    112.650     97.950
  98      X       84.750     98.417     85.550    100.533
  99      X       84.750     98.700    112.650     99.500
 100      X       84.750     99.217     85.550    101.333
 101      X       84.750    100.250     85.550    102.600
 102      X       84.750    100.250    112.650    101.050
 103      X       84.750    101.800    112.650    102.600
 104      X       84.750    102.448     85.800    104.250
 105      X       84.750    110.950     85.800    112.752
 106      X       84.750    112.600     85.550    114.950
 107      X       84.750    112.600    112.300    113.400
 108      X       84.750    113.867     85.550    115.983
 109      X       84.750    114.150    112.300    114.950
 110      X       84.750    114.667     85.550    116.783
 111      X       84.750    115.700     85.550    118.050
 112      X       84.750    115.700    112.300    116.500
 113      X       84.750    116.967     85.550    119.083
 114      X       84.750    117.250    112.300    118.050
 115      X       84.750    117.767     85.550    119.883
 116      X       84.750    118.800     85.550    121.150
 117      X       84.750    118.800    112.300    119.600
 118      X       84.750    120.067     85.550    122.183
 119      X       84.750    120.350    112.300    121.150
 120      X       84.750    120.867     85.550    122.983
 121      X       84.750    121.900     85.550    124.250
 122      X       84.750    121.900    112.300    122.700
 123      X       84.750    123.167     85.550    125.283
 124      X       84.750    123.450    112.300    124.250
 125      X       84.750    123.967     85.550    126.083
 126      X       84.750    125.000     85.550    127.350
 127      X       84.750    125.000    112.300    125.800
 128      X       84.750    126.267     85.550    128.383
 129      X       84.750    126.550    112.300    127.350
 130      X       84.750    127.067     85.550    129.183
 131      X       84.750    128.100     85.550    130.450
 132      X       84.750    128.100    112.300    128.900
 133      X       84.750    129.367     85.550    131.483
 134      X       84.750    129.650    112.300    130.450
 135      X       84.750    130.167     85.550    132.283
 136      X       84.750    131.200     85.550    133.550
 137      X       84.750    131.200    112.300    132.000
 138      X       84.750    132.467     85.550    134.583
 139      X       84.750    132.750    112.300    133.550
 140      X       84.750    133.267     85.550    135.383
 141      X       84.750    134.300     85.550    136.650
 142      X       84.750    134.300    112.300    135.100
 143      X       84.750    135.567     85.550    137.683
 144      X       84.750    135.850    112.300    136.650
 145      X       84.750    136.367     85.550    138.483
 146      X       84.750    137.400     85.550    139.750
 147      X       84.750    137.400    112.300    138.200
 148      X       84.750    138.667     85.550    140.783
 149      X       84.750    138.950    112.300    139.750
 150      X       84.750    139.467     85.550    141.583
 151      X       84.750    140.500     85.550    142.850
 152      X       84.750    140.500    112.300    141.300
 153      X       84.750    141.767     85.550    143.883
 154      X       84.750    142.050    112.300    142.850
 155      X       84.750    142.567     85.550    144.683
 156      X       84.750    143.600     85.550    145.950
 157      X       84.750    143.600    112.300    144.400
 158      X       84.750    144.867     85.550    146.983
 159      X       84.750    145.150    112.300    145.950
 160      X       84.750    145.667     85.550    147.783
 161      X       84.750    146.700     85.550    149.050
 162      X       84.750    146.700    112.300    147.500
 163      X       84.750    147.967     85.550    150.083
 164      X       84.750    148.250    112.300    149.050
 165      X       84.750    148.767     85.550    150.883
 166      X       84.750    149.800     85.550    152.150
 167      X       84.750    149.800    112.300    150.600
 168      X       84.750    151.067     85.550    153.183
 169      X       84.750    151.350    112.300    152.150
 170      X       84.750    151.867     85.550    153.983
 171      X       84.750    152.900     85.550    155.250
 172      X       84.750    152.900    112.300    153.700
 173      X       84.750    154.167     85.550    156.283
 174      X       84.750    154.450    112.300    155.250
 175      X       84.750    154.967     85.550    157.083
 176      X       84.750    156.000     85.550    158.350
 177      X       84.750    156.000    112.300    156.800
 178      X       84.750    157.267     85.550    159.383
 179      X       84.750    157.550    112.300    158.350
 180      X       84.750    158.067     85.550    160.183
 181      X       84.750    159.100     85.550    161.450
 182      X       84.750    159.100    112.300    159.900
 183      X       84.750    160.367     85.550    162.483
 184      X       84.750    160.650    112.300    161.450
 185      X       84.750    161.167     85.550    163.283
 186      X       84.750    162.200     85.550    164.550
 187      X       84.750    162.200    112.300    163.000
 188      X       84.750    163.467     85.550    165.583
 189      X       84.750    163.750    112.300    164.550
 190      X       84.750    164.267     85.550    166.383
 191      X       84.750    165.300     85.550    167.650
 192      X       84.750    165.300    112.300    166.100
 193      X       84.750    166.567     85.550    168.683
 194      X       84.750    166.850    112.300    167.650
 195      X       84.750    167.367     85.550    169.483
 196      X       84.750    168.400     85.550    170.750
 197      X       84.750    168.400    112.300    169.200
 198      X       84.750    169.667     85.550    171.783
 199      X       84.750    169.950    112.300    170.750
 200      X       84.750    170.467     85.550    172.583
 201      X       84.750    171.500     85.550    173.850
 202      X       84.750    171.500    112.300    172.300
 203      X       84.750    172.767     85.550    174.883
 204      X       84.750    173.050    112.300    173.850
 205      X       84.750    173.567     85.550    175.683
 206      X       84.750    174.600     85.550    176.950
 207      X       84.750    174.600    112.300    175.400
 208      X       84.750    175.867     85.550    177.983
 209      X       84.750    176.150    112.300    176.950
 210      X       84.750    176.667     85.550    178.783
 211      X       84.750    177.700     85.550    180.050
 212      X       84.750    177.700    112.300    178.500
 213      X       84.750    178.967     85.550    181.083
 214      X       84.750    179.250    112.300    180.050
 215      X       84.750    179.767     85.550    181.883
 216      X       84.750    180.800     85.550    183.150
 217      X       84.750    180.800    112.300    181.600
 218      X       84.750    182.067     85.550    184.183
 219      X       84.750    182.350    112.300    183.150
 220      X       84.750    182.867     85.550    184.983
 221      X       84.750    183.900     85.550    186.250
 222      X       84.750    183.900    112.300    184.700
 223      X       84.750    185.167     85.550    187.283
 224      X       84.750    185.450    112.300    186.250
 225      X       84.750    185.967     85.550    188.083
 226      X       84.750    187.000     85.550    189.350
 227      X       84.750    187.000    112.300    187.800
 228      X       84.750    188.550    112.950    189.350
 229      X       84.764     47.450    114.200     48.350
 230      X       84.764    104.900    114.200    105.800
 231      X       84.764    109.400    114.500    110.300
 232      X      108.667    190.200    114.500    191.000
 233      X      109.464    188.550    112.950    189.450
 234      X      111.250    187.648    112.300    189.450
 235      X      111.250    188.550    112.950    189.450
 236      X      111.500    111.050    112.300    113.400
 237      X      111.500    112.317    112.300    114.433
 238      X      111.500    113.117    112.300    115.233
 239      X      111.500    114.150    112.300    116.500
 240      X      111.500    115.417    112.300    117.533
 241      X      111.500    116.217    112.300    118.333
 242      X      111.500    117.250    112.300    119.600
 243      X      111.500    118.517    112.300    120.633
 244      X      111.500    119.317    112.300    121.433
 245      X      111.500    120.350    112.300    122.700
 246      X      111.500    121.617    112.300    123.733
 247      X      111.500    122.417    112.300    124.533
 248      X      111.500    123.450    112.300    125.800
 249      X      111.500    124.717    112.300    126.833
 250      X      111.500    125.517    112.300    127.633
 251      X      111.500    126.550    112.300    128.900
 252      X      111.500    127.817    112.300    129.933
 253      X      111.500    128.617    112.300    130.733
 254      X      111.500    129.650    112.300    132.000
 255      X      111.500    130.917    112.300    133.033
 256      X      111.500    131.717    112.300    133.833
 257      X      111.500    132.750    112.300    135.100
 258      X      111.500    134.017    112.300    136.133
 259      X      111.500    134.817    112.300    136.933
 260      X      111.500    135.850    112.300    138.200
 261      X      111.500    137.117    112.300    139.233
 262      X      111.500    137.917    112.300    140.033
 263      X      111.500    138.950    112.300    141.300
 264      X      111.500    140.217    112.300    142.333
 265      X      111.500    141.017    112.300    143.133
 266      X      111.500    142.050    112.300    144.400
 267      X      111.500    143.317    112.300    145.433
 268      X      111.500    144.117    112.300    146.233
 269      X      111.500    145.150    112.300    147.500
 270      X      111.500    146.417    112.300    148.533
 271      X      111.500    147.217    112.300    149.333
 272      X      111.500    148.250    112.300    150.600
 273      X      111.500    149.517    112.300    151.633
 274      X      111.500    150.317    112.300    152.433
 275      X      111.500    151.350    112.300    153.700
 276      X      111.500    152.617    112.300    154.733
 277      X      111.500    153.417    112.300    155.533
 278      X      111.500    154.450    112.300    156.800
 279      X      111.500    155.717    112.300    157.833
 280      X      111.500    156.517    112.300    158.633
 281      X      111.500    157.550    112.300    159.900
 282      X      111.500    158.817    112.300    160.933
 283      X      111.500    159.617    112.300    161.733
 284      X      111.500    160.650    112.300    163.000
 285      X      111.500    161.917    112.300    164.033
 286      X      111.500    162.717    112.300    164.833
 287      X      111.500    163.750    112.300    166.100
 288      X      111.500    165.017    112.300    167.133
 289      X      111.500    165.817    112.300    167.933
 290      X      111.500    166.850    112.300    169.200
 291      X      111.500    168.117    112.300    170.233
 292      X      111.500    168.917    112.300    171.033
 293      X      111.500    169.950    112.300    172.300
 294      X      111.500    171.217    112.300    173.333
 295      X      111.500    172.017    112.300    174.133
 296      X      111.500    173.050    112.300    175.400
 297      X      111.500    174.317    112.300    176.433
 298      X      111.500    175.117    112.300    177.233
 299      X      111.500    176.150    112.300    178.500
 300      X      111.500    177.417    112.300    179.533
 301      X      111.500    178.217    112.300    180.333
 302      X      111.500    179.250    112.300    181.600
 303      X      111.500    180.517    112.300    182.633
 304      X      111.500    181.317    112.300    183.433
 305      X      111.500    182.350    112.300    184.700
 306      X      111.500    183.617    112.300    185.733
 307      X      111.500    184.417    112.300    186.533
 308      X      111.500    185.450    112.300    187.800
 309      X      111.850     49.100    112.650     51.450
 310      X      111.850     50.367    112.650     52.483
 311      X      111.850     51.167    112.650     53.283
 312      X      111.850     52.200    112.650     54.550
 313      X      111.850     53.467    112.650     55.583
 314      X      111.850     54.267    112.650     56.383
 315      X      111.850     55.300    112.650     57.650
 316      X      111.850     56.567    112.650     58.683
 317      X      111.850     57.367    112.650     59.483
 318      X      111.850     58.400    112.650     60.750
 319      X      111.850     59.667    112.650     61.783
 320      X      111.850     60.467    112.650     62.583
 321      X      111.850     61.500    112.650     63.850
 322      X      111.850     62.767    112.650     64.883
 323      X      111.850     63.567    112.650     65.683
 324      X      111.850     64.600    112.650     66.950
 325      X      111.850     65.867    112.650     67.983
 326      X      111.850     66.667    112.650     68.783
 327      X      111.850     67.700    112.650     70.050
 328      X      111.850     68.967    112.650     71.083
 329      X      111.850     69.767    112.650     71.883
 330      X      111.850     70.800    112.650     73.150
 331      X      111.850     72.067    112.650     74.183
 332      X      111.850     72.867    112.650     74.983
 333      X      111.850     73.900    112.650     76.250
 334      X      111.850     75.167    112.650     77.283
 335      X      111.850     75.967    112.650     78.083
 336      X      111.850     77.000    112.650     79.350
 337      X      111.850     78.267    112.650     80.383
 338      X      111.850     79.067    112.650     81.183
 339      X      111.850     80.100    112.650     82.450
 340      X      111.850     81.367    112.650     83.483
 341      X      111.850     82.167    112.650     84.283
 342      X      111.850     83.200    112.650     85.550
 343      X      111.850     84.467    112.650     86.583
 344      X      111.850     85.267    112.650     87.383
 345      X      111.850     86.300    112.650     88.650
 346      X      111.850     87.567    112.650     89.683
 347      X      111.850     88.367    112.650     90.483
 348      X      111.850     89.400    112.650     91.750
 349      X      111.850     90.667    112.650     92.783
 350      X      111.850     91.467    112.650     93.583
 351      X      111.850     92.500    112.650     94.850
 352      X      111.850     93.767    112.650     95.883
 353      X      111.850     94.567    112.650     96.683
 354      X      111.850     95.600    112.650     97.950
 355      X      111.850     96.867    112.650     98.983
 356      X      111.850     97.667    112.650     99.783
 357      X      111.850     98.700    112.650    101.050
 358      X      111.850     99.967    112.650    102.083
 359      X      111.850    100.767    112.650    102.883
 360      X      111.850    101.800    112.650    104.150
 361      X      113.050    109.400    114.500    189.177
 362      X      113.400     47.450    114.200    105.800
 363      X      113.700    185.967    114.500    191.000

--------------------------------------------------------------------------------
Cell Name : fbias_cur_ref2_layout layout FBIAS

                   Cell Errors    Real Errors   Cell Placements     Environments
                            43             43                 1                1
--------------------------------------------------------------------------------
Env.  Env. Placements            X1           Y1          X2           Y2

  1        1               1692.150     1761.525    1708.650     1765.875

Shape               Environments Status & Error Marker 

          1           X1         Y1         X2         Y2

   1      X       75.350    122.525     76.250    124.225
   2      X       75.350    122.525     76.250    125.425
   3      X       75.350    123.175     77.152    124.225
   4      X       75.450    122.525     76.250    126.225
   5      X       75.450    125.425     77.800    126.225
   6      X       76.717    125.425     78.833    126.225
   7      X       77.000    123.175     77.800    126.225
   8      X       77.000    123.175     79.350    123.975
   9      X       77.517    125.425     79.633    126.225
  10      X       78.267    123.175     80.383    123.975
  11      X       78.550    123.175     79.350    126.225
  12      X       78.550    125.425     80.900    126.225
  13      X       79.067    123.175     81.183    123.975
  14      X       79.817    125.425     81.933    126.225
  15      X       80.100    123.175     80.900    126.225
  16      X       80.100    123.175     82.450    123.975
  17      X       80.617    125.425     82.733    126.225
  18      X       81.367    123.175     83.483    123.975
  19      X       81.650    123.175     82.450    126.225
  20      X       81.650    125.425     84.000    126.225
  21      X       82.167    123.175     84.283    123.975
  22      X       82.917    125.425     85.033    126.225
  23      X       83.200    123.175     84.000    126.225
  24      X       83.200    123.175     85.550    123.975
  25      X       83.717    125.425     85.833    126.225
  26      X       84.467    123.175     86.583    123.975
  27      X       84.750    123.175     85.550    126.225
  28      X       84.750    125.425     87.100    126.225
  29      X       85.267    123.175     87.383    123.975
  30      X       86.017    125.425     88.133    126.225
  31      X       86.300    123.175     87.100    126.225
  32      X       86.300    123.175     88.650    123.975
  33      X       86.817    125.425     88.933    126.225
  34      X       87.567    123.175     89.683    123.975
  35      X       87.850    123.175     88.650    126.225
  36      X       87.850    125.425     90.200    126.225
  37      X       88.367    123.175     90.483    123.975
  38      X       89.400    123.175     90.200    126.225
  39      X       89.400    123.175     91.750    123.975
  40      X       90.048    125.175     91.850    126.225
  41      X       90.950    123.175     91.750    126.875
  42      X       90.950    123.975     91.850    126.875
  43      X       90.950    125.175     91.850    126.875

--------------------------------------------------------------------------------
Cell Name : buffer2_f_3c layout FECG

                   Cell Errors    Real Errors   Cell Placements     Environments
                             9              9                 1                1
--------------------------------------------------------------------------------
Env.  Env. Placements            X1           Y1          X2           Y2

  1        1               2165.400     2287.825    2212.400     2368.125

Shape               Environments Status & Error Marker 

          1           X1         Y1         X2         Y2

   1      X      176.467     97.300    198.550     98.100
   2      X      194.340     17.800    199.510     18.750
   3      X      196.717     17.800    201.983     18.600
   4      X      197.650     19.364    198.550     98.100
   5      X      197.750     18.600    198.550     22.983
   6      X      199.217     17.800    222.233     18.600
   7      X      200.150     18.600    201.050     96.536
   8      X      200.150     92.917    200.950     98.100
   9      X      200.150     97.150    204.360     98.100

--------------------------------------------------------------------------------
Cell Name : VGA_1 layout YAOWEN

                   Cell Errors    Real Errors   Cell Placements     Environments
                           150            150                 1                1
--------------------------------------------------------------------------------
Env.  Env. Placements            X1           Y1          X2           Y2

  1        1               1908.750      867.050    2104.150      980.050

Shape               Environments Status & Error Marker 

          1           X1         Y1         X2         Y2

   1      X      423.250     15.400    424.200     19.610
   2      X      423.250     15.400    428.433     16.200
   3      X      423.250     16.017    424.050     35.933
   4      X      423.250     34.067    424.050     53.983
   5      X      423.250     50.390    424.200     55.560
   6      X      423.250     53.640    424.200     58.810
   7      X      423.250     55.217    424.050     75.133
   8      X      423.250     73.267    424.050     93.183
   9      X      423.250     89.590    424.200     93.800
  10      X      423.250     93.000    428.433     93.800
  11      X      424.050     34.100    468.750     35.900
  12      X      424.050     73.300    468.750     75.100
  13      X      424.200     53.800    426.600     55.400
  14      X      424.814     15.400    473.086     16.300
  15      X      424.814     92.900    473.086     93.800
  16      X      425.546     53.700    427.654     55.400
  17      X      425.546     53.800    427.654     55.500
  18      X      426.600     53.700    471.300     55.500
  19      X      467.696     34.100    469.804     35.800
  20      X      467.696     34.200    469.804     35.900
  21      X      467.696     73.300    469.804     75.000
  22      X      467.696     73.400    469.804     75.100
  23      X      468.750     34.200    471.150     35.800
  24      X      468.750     73.400    471.150     75.000
  25      X      471.150     31.582    472.900     34.200
  26      X      471.150     35.800    472.900     38.418
  27      X      471.150     70.782    472.900     73.400
  28      X      471.150     75.000    472.900     77.618
  29      X      471.217     15.400    477.283     16.200
  30      X      471.217     93.000    477.283     93.800
  31      X      471.300     16.200    473.050     18.818
  32      X      471.300     16.650    472.900     33.750
  33      X      471.300     36.250    472.900     53.350
  34      X      471.300     51.182    473.050     53.800
  35      X      471.300     55.400    473.050     58.018
  36      X      471.300     55.850    472.900     72.950
  37      X      471.300     75.450    472.900     92.550
  38      X      471.300     90.382    473.050     93.000
  39      X      472.900     34.100    517.600     35.900
  40      X      472.900     73.300    517.600     75.100
  41      X      473.050     53.800    475.450     55.400
  42      X      473.664     15.400    521.936     16.300
  43      X      473.664     92.900    521.936     93.800
  44      X      474.396     53.700    476.504     55.400
  45      X      474.396     53.800    476.504     55.500
  46      X      475.450     53.700    520.150     55.500
  47      X      516.546     34.100    518.654     35.800
  48      X      516.546     34.200    518.654     35.900
  49      X      516.546     73.300    518.654     75.000
  50      X      516.546     73.400    518.654     75.100
  51      X      517.600     34.200    520.000     35.800
  52      X      517.600     73.400    520.000     75.000
  53      X      520.000     31.582    521.750     34.200
  54      X      520.000     35.800    521.750     38.418
  55      X      520.000     70.782    521.750     73.400
  56      X      520.000     75.000    521.750     77.618
  57      X      520.067     15.400    526.133     16.200
  58      X      520.067     93.000    526.133     93.800
  59      X      520.150     16.200    521.900     18.818
  60      X      520.150     16.650    521.750     33.750
  61      X      520.150     36.250    521.750     53.350
  62      X      520.150     51.182    521.900     53.800
  63      X      520.150     55.400    521.900     58.018
  64      X      520.150     55.850    521.750     72.950
  65      X      520.150     75.450    521.750     92.550
  66      X      520.150     90.382    521.900     93.000
  67      X      521.750     34.100    566.450     35.900
  68      X      521.750     73.300    566.450     75.100
  69      X      521.900     53.800    524.300     55.400
  70      X      522.514     15.400    570.786     16.300
  71      X      522.514     92.900    570.786     93.800
  72      X      523.246     53.700    525.354     55.400
  73      X      523.246     53.800    525.354     55.500
  74      X      524.300     53.700    569.000     55.500
  75      X      560.450    106.250    561.350    107.150
  76      X      560.450    106.250    562.850    107.150
  77      X      560.450    106.350    563.200    107.150
  78      X      560.450    108.450    561.350    109.350
  79      X      560.450    108.450    562.850    109.350
  80      X      560.450    108.450    563.200    109.250
  81      X      561.367    106.350    564.000    107.150
  82      X      561.367    108.450    564.000    109.250
  83      X      562.050    106.350    563.250    107.550
  84      X      562.050    108.050    563.250    109.250
  85      X      562.850    106.350    564.050    107.550
  86      X      562.850    107.150    564.050    108.350
  87      X      562.850    107.250    564.050    108.450
  88      X      562.850    108.050    564.050    109.250
  89      X      563.250    106.400    564.050    108.050
  90      X      563.250    107.200    564.050    108.400
  91      X      563.250    107.550    564.050    109.200
  92      X      565.396     34.100    567.504     35.800
  93      X      565.396     34.200    567.504     35.900
  94      X      565.396     73.300    567.504     75.000
  95      X      565.396     73.400    567.504     75.100
  96      X      566.450     34.200    568.850     35.800
  97      X      566.450     73.400    568.850     75.000
  98      X      568.850     31.582    570.600     34.200
  99      X      568.850     35.800    570.600     38.418
 100      X      568.850     70.782    570.600     73.400
 101      X      568.850     75.000    570.600     77.618
 102      X      568.917     15.400    574.983     16.200
 103      X      568.917     93.000    574.983     93.800
 104      X      569.000     16.200    570.750     18.818
 105      X      569.000     16.650    570.600     33.750
 106      X      569.000     36.250    570.600     53.350
 107      X      569.000     51.182    570.750     53.800
 108      X      569.000     55.400    570.750     58.018
 109      X      569.000     55.850    570.600     72.950
 110      X      569.000     75.450    570.600     92.550
 111      X      569.000     90.382    570.750     93.000
 112      X      570.600     34.100    615.300     35.900
 113      X      570.600     73.300    615.300     75.100
 114      X      570.750     53.800    573.150     55.400
 115      X      571.364     15.400    618.650     16.300
 116      X      571.364     92.900    618.650     93.800
 117      X      572.096     53.700    574.204     55.400
 118      X      572.096     53.800    574.204     55.500
 119      X      573.150     53.700    617.850     55.500
 120      X      586.050    125.300    586.950    126.200
 121      X      586.050    125.300    588.450    126.200
 122      X      586.050    125.400    588.800    126.200
 123      X      586.050    127.500    586.950    128.400
 124      X      586.050    127.500    588.450    128.400
 125      X      586.050    127.500    588.800    128.300
 126      X      586.967    125.400    589.600    126.200
 127      X      586.967    127.500    589.600    128.300
 128      X      587.650    125.400    588.850    126.600
 129      X      587.650    127.100    588.850    128.300
 130      X      588.450    125.400    589.650    126.600
 131      X      588.450    126.200    589.650    127.400
 132      X      588.450    126.300    589.650    127.500
 133      X      588.450    127.100    589.650    128.300
 134      X      588.850    125.450    589.650    127.100
 135      X      588.850    126.250    589.650    127.450
 136      X      588.850    126.600    589.650    128.250
 137      X      614.246     34.100    616.354     35.800
 138      X      614.246     34.200    616.354     35.900
 139      X      614.246     73.300    616.354     75.000
 140      X      614.246     73.400    616.354     75.100
 141      X      615.300     34.200    617.700     35.800
 142      X      615.300     73.400    617.700     75.000
 143      X      617.700     30.790    618.650     35.960
 144      X      617.700     34.040    618.650     39.210
 145      X      617.700     69.990    618.650     75.160
 146      X      617.700     73.240    618.650     78.410
 147      X      617.850     15.400    618.650     34.383
 148      X      617.850     35.617    618.650     55.533
 149      X      617.850     53.667    618.650     73.583
 150      X      617.850     74.817    618.650     93.800

--------------------------------------------------------------------------------
Cell Name : BUFFER layout YAOWEN

                   Cell Errors    Real Errors   Cell Placements     Environments
                            59             59                 1                1
--------------------------------------------------------------------------------
Env.  Env. Placements            X1           Y1          X2           Y2

  1        1               2061.525      343.825    2202.075      385.025

Shape               Environments Status & Error Marker 

          1           X1         Y1         X2         Y2

   1      X       24.025     87.100     24.825     92.133
   2      X       24.025     87.100     29.858     87.900
   3      X       24.025     88.923     25.475     97.877
   4      X       24.025     96.923     25.475    105.877
   5      X       24.025    102.667     24.825    108.733
   6      X       24.025    106.667     24.825    112.733
   7      X       24.025    109.523     25.475    118.477
   8      X       24.025    117.523     25.475    126.477
   9      X       24.025    123.267     24.825    128.300
  10      X       24.025    127.500     29.858    128.300
  11      X       24.825    106.900     28.025    108.500
  12      X       25.475     96.500     75.025     98.300
  13      X       25.475    117.100     75.025    118.900
  14      X       26.239     87.100     79.361     88.000
  15      X       26.239    127.400     79.361    128.300
  16      X       26.971    106.800     29.079    108.500
  17      X       26.971    106.900     29.079    108.600
  18      X       28.025    106.800     77.575    108.600
  19      X       73.971     96.500     76.079     98.200
  20      X       73.971     96.600     76.079     98.300
  21      X       73.971    117.100     76.079    118.800
  22      X       73.971    117.200     76.079    118.900
  23      X       75.025     96.600     78.225     98.200
  24      X       75.025    117.200     78.225    118.800
  25      X       78.225     94.200     79.825     96.600
  26      X       78.225     98.200     79.825    100.600
  27      X       78.225    114.800     79.825    117.200
  28      X       78.225    118.800     79.825    121.200
  29      X       78.689     87.100    131.811     88.000
  30      X       78.689    127.400    131.811    128.300
  31      X       79.825     96.600     83.025     98.200
  32      X       79.825    117.200     83.025    118.800
  33      X       80.475    106.800    130.025    108.600
  34      X       81.971     96.500     84.079     98.200
  35      X       81.971     96.600     84.079     98.300
  36      X       81.971    117.100     84.079    118.800
  37      X       81.971    117.200     84.079    118.900
  38      X       83.025     96.500    132.575     98.300
  39      X       83.025    117.100    132.575    118.900
  40      X      128.192     87.100    134.025     87.900
  41      X      128.192    127.500    134.025    128.300
  42      X      128.971    106.800    131.079    108.500
  43      X      128.971    106.900    131.079    108.600
  44      X      130.025    106.900    133.225    108.500
  45      X      132.575     88.923    134.025     97.877
  46      X      132.575     96.923    134.025    105.877
  47      X      132.575    109.523    134.025    118.477
  48      X      132.575    117.523    134.025    126.477
  49      X      133.225     87.100    134.025     92.133
  50      X      133.225    102.667    134.025    108.733
  51      X      133.225    106.667    134.025    112.733
  52      X      133.225    123.267    134.025    128.300
  53      X      154.625    117.850    155.825    126.550
  54      X      154.625    117.850    164.575    119.050
  55      X      154.625    125.350    164.575    126.550
  56      X      157.125    120.350    162.075    121.550
  57      X      157.125    122.850    162.075    124.050
  58      X      160.875    120.350    162.075    124.050
  59      X      163.375    117.850    164.575    126.550

================================================================================
Rule No. 679 : AMW0 Maximum METx width = 35 metal3

Real Error Count : 8; Flat Error Count : 8
================================================================================

--------------------------------------------------------------------------------
Cell Name : topsyh_floorplan layout VT26_TOP

                   Cell Errors    Real Errors   Cell Placements     Environments
                             8              8                 1                1
--------------------------------------------------------------------------------
Env.  Env. Placements            X1           Y1          X2           Y2

  1        1                105.350      -44.650    3045.450     3044.450

Shape               Environments Status & Error Marker 

          1           X1         Y1         X2         Y2

   1      X      105.350    230.400    180.050    269.400
   2      X      182.950    215.750    257.650    269.400
   3      X     2780.400    -44.650   2820.400     30.050
   4      X     2780.400     32.950   2820.400    107.650
   5      X     2780.400   2892.150   2820.400   2966.850
   6      X     2780.400   2969.750   2820.400   3044.450
   7      X     2893.150    180.400   2967.850    224.400
   8      X     2970.750    180.400   3045.450    224.400

================================================================================
Rule No. 680 : AMW0 Maximum METx width = 35 metal4

Real Error Count : 8; Flat Error Count : 8
================================================================================

--------------------------------------------------------------------------------
Cell Name : topsyh_floorplan layout VT26_TOP

                   Cell Errors    Real Errors   Cell Placements     Environments
                             8              8                 1                1
--------------------------------------------------------------------------------
Env.  Env. Placements            X1           Y1          X2           Y2

  1        1                106.250      -43.750    3044.550     3043.550

Shape               Environments Status & Error Marker 

          1           X1         Y1         X2         Y2

   1      X      106.250    231.300    179.150    269.400
   2      X      183.850    232.300    256.750    269.400
   3      X     2780.400    -43.750   2820.400     29.150
   4      X     2780.400     33.850   2820.400    106.750
   5      X     2780.400   2893.050   2820.650   2965.950
   6      X     2780.400   2970.650   2820.400   3043.550
   7      X     2894.050    180.150   2966.950    219.400
   8      X     2971.650    180.400   3044.550    219.400

================================================================================
Rule No. 681 : AMW1 Fixed slot width = 3 metal1

Real Error Count : 14; Flat Error Count : 14
================================================================================

--------------------------------------------------------------------------------
Cell Name : GND3IP layout IOLIB_4M

                   Cell Errors    Real Errors   Cell Placements     Environments
                            14             14                 1                1
--------------------------------------------------------------------------------
Env.  Env. Placements            X1           Y1          X2           Y2

  1        1                126.250     2271.150     194.250     2347.650

Shape               Environments Status & Error Marker 

          1           X1         Y1         X2         Y2

   1      X       11.750    120.850     45.300    122.850
   2      X       11.750    131.850     45.300    133.850
   3      X       11.750    142.850     45.300    144.850
   4      X       11.750    153.850     45.300    155.850
   5      X       11.750    164.850     45.300    166.850
   6      X       11.750    175.850     45.300    177.850
   7      X       11.750    186.850     45.300    188.850
   8      X       54.700    120.850     88.250    122.850
   9      X       54.700    131.850     88.250    133.850
  10      X       54.700    142.850     88.250    144.850
  11      X       54.700    153.850     88.250    155.850
  12      X       54.700    164.850     88.250    166.850
  13      X       54.700    175.850     88.250    177.850
  14      X       54.700    186.850     88.250    188.850

================================================================================
Rule No. 690 : AML1 AM_L_2 Minimum slot length = 30 Maximum slot length = 300 metal2

Real Error Count : 30; Flat Error Count : 42
================================================================================

--------------------------------------------------------------------------------
Cell Name : VDD3RP layout IOLIB_4M

                   Cell Errors    Real Errors   Cell Placements     Environments
                             4              4                 1                1
--------------------------------------------------------------------------------
Env.  Env. Placements            X1           Y1          X2           Y2

  1        1                100.400     1494.798     127.250     1523.902

Shape               Environments Status & Error Marker 

          1           X1         Y1         X2         Y2

   1      X       35.498     95.000     35.502    121.850
   2      X       38.498     95.000     38.502    121.850
   3      X       61.598     95.000     61.602    121.850
   4      X       64.598     95.000     64.602    121.850

--------------------------------------------------------------------------------
Cell Name : VDD3OP layout IOLIB_4M

                   Cell Errors    Real Errors   Cell Placements     Environments
                             4              4                 1                1
--------------------------------------------------------------------------------
Env.  Env. Placements            X1           Y1          X2           Y2

  1        1                100.400     1294.798     127.250     1323.902

Shape               Environments Status & Error Marker 

          1           X1         Y1         X2         Y2

   1      X       35.498     95.000     35.502    121.850
   2      X       38.498     95.000     38.502    121.850
   3      X       61.598     95.000     61.602    121.850
   4      X       64.598     95.000     64.602    121.850

--------------------------------------------------------------------------------
Cell Name : GND3OP layout IOLIB_4M

                   Cell Errors    Real Errors   Cell Placements     Environments
                             4              4                 1                1
--------------------------------------------------------------------------------
Env.  Env. Placements            X1           Y1          X2           Y2

  1        1                100.400     2094.848     127.250     2123.952

Shape               Environments Status & Error Marker 

          1           X1         Y1         X2         Y2

   1      X       35.448     95.000     35.452    121.850
   2      X       38.448     95.000     38.452    121.850
   3      X       61.548     95.000     61.552    121.850
   4      X       64.548     95.000     64.552    121.850

--------------------------------------------------------------------------------
Cell Name : AVDD3ALLP layout IOLIB_ANA_4M

                   Cell Errors    Real Errors   Cell Placements     Environments
                             4              4                 3                1
--------------------------------------------------------------------------------
Env.  Env. Placements            X1           Y1          X2           Y2

  1        3               2375.898      -49.600    2405.002      -22.750

Shape               Environments Status & Error Marker 

          1           X1         Y1         X2         Y2

   1      X       35.498     95.000     35.502    121.850
   2      X       38.498     95.000     38.502    121.850
   3      X       61.598     95.000     61.602    121.850
   4      X       64.598     95.000     64.602    121.850

--------------------------------------------------------------------------------
Cell Name : AGND3ALLP layout IOLIB_ANA_4M

                   Cell Errors    Real Errors   Cell Placements     Environments
                             2              2                 3                1
--------------------------------------------------------------------------------
Env.  Env. Placements            X1           Y1          X2           Y2

  1        3               2601.948      -49.600    2604.952      -22.750

Shape               Environments Status & Error Marker 

          1           X1         Y1         X2         Y2

   1      X       61.548     95.000     61.552    121.850
   2      X       64.548     95.000     64.552    121.850

--------------------------------------------------------------------------------
Cell Name : topsyh_floorplan layout VT26_TOP

                   Cell Errors    Real Errors   Cell Placements     Environments
                            12             12                 1                1
--------------------------------------------------------------------------------
Env.  Env. Placements            X1           Y1          X2           Y2

  1        1                100.400      -49.600    3050.400     3049.400

Shape               Environments Status & Error Marker 

          1           X1         Y1         X2         Y2

   1      X      100.400   1696.398    127.250   1696.402
   2      X      100.400   1699.398    127.250   1699.402
   3      X      100.400   1720.898    127.250   1720.902
   4      X      100.400   1723.898    127.250   1723.902
   5      X      100.400   1894.848    127.250   1894.852
   6      X      100.400   1897.848    127.250   1897.852
   7      X      100.400   1920.948    127.250   1920.952
   8      X      100.400   1923.948    127.250   1923.952
   9      X      100.400   2294.848    127.250   2294.852
  10      X      100.400   2297.848    127.250   2297.852
  11      X      100.400   2320.948    127.250   2320.952
  12      X      100.400   2323.948    127.250   2323.952

================================================================================
Rule No. 693 : AMS1 Minimum spacing between two parallel slots = 10 metal1

Real Error Count : 19; Flat Error Count : 19
================================================================================

--------------------------------------------------------------------------------
Cell Name : GND3IP layout IOLIB_4M

                   Cell Errors    Real Errors   Cell Placements     Environments
                            19             19                 1                1
--------------------------------------------------------------------------------
Env.  Env. Placements            X1           Y1          X2           Y2

  1        1                126.250     2271.150     194.250     2347.650

Shape               Environments Status & Error Marker 

          1           X1         Y1         X2         Y2

   1      X       11.750    122.850     45.300    131.850
   2      X       11.750    133.850     45.300    142.850
   3      X       11.750    144.850     45.300    153.850
   4      X       11.750    155.850     45.300    164.850
   5      X       11.750    166.850     45.300    175.850
   6      X       11.750    177.850     45.300    186.850
   7      X       45.300    120.850     54.700    122.850
   8      X       45.300    131.850     54.700    133.850
   9      X       45.300    142.850     54.700    144.850
  10      X       45.300    153.850     54.700    155.850
  11      X       45.300    164.850     54.700    166.850
  12      X       45.300    175.850     54.700    177.850
  13      X       45.300    186.850     54.700    188.850
  14      X       54.700    122.850     88.250    131.850
  15      X       54.700    133.850     88.250    142.850
  16      X       54.700    144.850     88.250    153.850
  17      X       54.700    155.850     88.250    164.850
  18      X       54.700    166.850     88.250    175.850
  19      X       54.700    177.850     88.250    186.850

================================================================================
Rule No. 699 : AMC1 Minimum slots spacing between neighbour layers  = 2 met1 met2 overlap 

Real Error Count : 10; Flat Error Count : 10
================================================================================

--------------------------------------------------------------------------------
Cell Name : topsyh_floorplan layout VT26_TOP

                   Cell Errors    Real Errors   Cell Placements     Environments
                            10             10                 1                1
--------------------------------------------------------------------------------
Env.  Env. Placements            X1           Y1          X2           Y2

  1        1                126.250     2294.850     194.250     2323.950

Shape               Environments Status & Error Marker 

          1           X1         Y1         X2         Y2

   1      X      126.250   2294.850    127.250   2297.850
   2      X      126.250   2320.950    127.250   2323.950
   3      X      159.250   2294.850    161.250   2297.850
   4      X      159.250   2320.950    161.250   2323.950
   5      X      170.250   2294.850    172.250   2297.850
   6      X      170.250   2320.950    172.250   2323.950
   7      X      181.250   2294.850    183.250   2297.850
   8      X      181.250   2320.950    183.250   2323.950
   9      X      192.250   2294.850    194.250   2297.850
  10      X      192.250   2320.950    194.250   2323.950

================================================================================
Rule No. 703 : AMC2 AMC3 Minimum slot to inner metal edge spacing = 10 metal1

Real Error Count : 32; Flat Error Count : 32
================================================================================

--------------------------------------------------------------------------------
Cell Name : GND3IP layout IOLIB_4M

                   Cell Errors    Real Errors   Cell Placements     Environments
                            32             32                 1                1
--------------------------------------------------------------------------------
Env.  Env. Placements            X1           Y1          X2           Y2

  1        1                116.275     2263.550     204.225     2355.250

Shape               Environments Status & Error Marker 

          1           X1         Y1         X2         Y2

   1      X        4.150    114.351     11.750    129.349
   2      X        4.150    125.351     11.750    140.349
   3      X        4.150    136.351     11.750    151.349
   4      X        4.150    147.351     11.750    162.349
   5      X        4.150    158.351     11.750    173.349
   6      X        4.150    169.351     11.750    184.349
   7      X        4.150    180.351     11.750    195.349
   8      X       11.750    111.850     45.300    120.850
   9      X       11.750    188.850     45.300    195.850
  10      X       45.300    110.875     46.000    132.825
  11      X       45.300    121.875     46.000    143.825
  12      X       45.300    132.875     46.000    154.825
  13      X       45.300    143.875     46.000    165.825
  14      X       45.300    154.875     46.000    176.825
  15      X       45.300    165.875     46.000    187.825
  16      X       45.300    176.875     46.000    198.825
  17      X       54.000    110.875     54.700    132.825
  18      X       54.000    121.875     54.700    143.825
  19      X       54.000    132.875     54.700    154.825
  20      X       54.000    143.875     54.700    165.825
  21      X       54.000    154.875     54.700    176.825
  22      X       54.000    165.875     54.700    187.825
  23      X       54.000    176.875     54.700    198.825
  24      X       54.700    111.850     88.250    120.850
  25      X       54.700    188.850     88.250    195.850
  26      X       88.250    114.351     95.850    129.349
  27      X       88.250    125.351     95.850    140.349
  28      X       88.250    136.351     95.850    151.349
  29      X       88.250    147.351     95.850    162.349
  30      X       88.250    158.351     95.850    173.349
  31      X       88.250    169.351     95.850    184.349
  32      X       88.250    180.351     95.850    195.349

================================================================================
Rule No. 719 : AMTS1 Maximum MTOP spacing when the width of one or both MTOP shapes is less than 10um = 10

Real Error Count : 72; Flat Error Count : 72
================================================================================

--------------------------------------------------------------------------------
Cell Name : topsyh_floorplan layout VT26_TOP

                   Cell Errors    Real Errors   Cell Placements     Environments
                            72             72                 1                1
--------------------------------------------------------------------------------
Env.  Env. Placements            X1           Y1          X2           Y2

  1        1                  5.000     -145.000    3145.800     3144.800

Shape               Environments Status & Error Marker 

          1           X1         Y1         X2         Y2

   1      X        5.000   -145.000     95.000   3144.800
   2      X        5.400    556.900     95.000    661.900
   3      X        5.400    756.900     95.000    861.900
   4      X       95.000   -145.000   2342.900    -55.000
   5      X       95.000   3054.800   2342.900   3144.800
   6      X      339.400    236.775    493.675   1190.225
   7      X      339.400   2041.950    632.625   2810.400
   8      X      426.600    340.350    493.675    437.075
   9      X      477.400    998.475    477.975   1190.225
  10      X      493.200    189.400   1106.450    641.400
  11      X      545.750    418.875   1865.175    520.450
  12      X      583.150   2143.975    859.675   2704.375
  13      X      601.025    662.250    704.675   2131.950
  14      X      613.725   2557.875    839.075   2704.375
  15      X      696.050   1710.600    730.275   2131.950
  16      X      696.725    662.250    761.800   1596.100
  17      X      696.725   1597.450    697.300   1609.600
  18      X      696.725   1620.400    705.150   1674.650
  19      X      700.475   2557.875    757.775   2601.375
  20      X      704.675   1685.400    715.100   1700.000
  21      X      722.700   1606.700    757.300   2125.950
  22      X      747.075   1606.700    799.350   1612.000
  23      X      750.650   1981.450   1107.450   2253.250
  24      X      750.850   1050.500    761.800   1109.150
  25      X      755.275    662.250    779.600   1596.100
  26      X      757.300   1622.600    809.950   1969.450
  27      X      777.475   1407.950    778.050   1594.700
  28      X      779.100    662.250    938.000   1397.150
  29      X      809.950   1171.400   1457.450   1969.450
  30      X      858.400   2364.250    968.950   2704.375
  31      X      859.675   2266.250   1380.400   2810.400
  32      X      938.000    551.400   1446.850   1167.100
  33      X      959.550    523.200   1582.200    836.250
  34      X      984.950   2569.600   1177.650   2810.400
  35      X      996.650    189.400   1184.100    231.400
  36      X     1049.550    234.750   1891.500    692.550
  37      X     1050.325   2001.950   1402.500   2247.950
  38      X     1066.525   1981.450   1619.600   2468.150
  39      X     1138.550   1858.550   1764.300   1969.450
  40      X     1151.550    848.250   1761.025   1912.650
  41      X     1196.600    189.400   1784.100    222.250
  42      X     1379.200   2482.350   1725.200   2810.400
  43      X     1397.250   2792.100   1584.150   2810.400
  44      X     1490.500    530.900   1798.700   1540.700
  45      X     1619.600   1839.500   2009.450   2247.150
  46      X     1619.600   2018.900   1842.600   2803.100
  47      X     1711.600    898.575   2121.300   1467.550
  48      X     1713.050    704.250   1932.025   1291.600
  49      X     1716.550   1439.600   1828.875   1642.700
  50      X     1761.025   1708.400   1963.375   1917.550
  51      X     1777.300   1925.650   1868.850   1969.450
  52      X     1795.200   2018.900   2000.500   2700.600
  53      X     1796.500    189.400   1984.000    210.100
  54      X     1842.600   2713.100   2184.050   2810.400
  55      X     1891.500    234.750   2245.300   1048.050
  56      X     1932.025    839.350   2042.875   1291.600
  57      X     1937.150   2201.550   2327.700   2810.400
  58      X     1963.375   1708.400   2424.900   2592.550
  59      X     1996.500    189.400   2183.800    202.600
  60      X     2022.350    189.400   2404.100    793.750
  61      X     2095.675    208.650   2811.400   1364.550
  62      X     2095.675    515.925   2811.400   1467.550
  63      X     2307.175   2201.550   2322.900   2490.550
  64      X     2327.700   2694.875   2690.550   2810.400
  65      X     2327.700   2800.300   2580.450   2810.400
  66      X     2342.900   -145.000   3145.400    461.900
  67      X     2342.900   -145.000   3145.800   3144.800
  68      X     2348.300    545.200   2485.800    793.750
  69      X     3055.800    556.900   3145.400    711.900
  70      X     3055.800    806.900   3145.400    911.900
  71      X     3055.800   1006.900   3145.400   1111.900
  72      X     3055.800   1206.900   3145.400   1311.900

================================================================================
Rule No. 772 : ERC Warning: Gates connected to VDD/VCC

Real Error Count : 296; Flat Error Count : 372
================================================================================

--------------------------------------------------------------------------------
Cell Name : G192_2_3_12300_18700_r90_VAR2 sub_array

                   Cell Errors    Real Errors   Cell Placements     Environments
                             3              3                 3                1
--------------------------------------------------------------------------------
Env.  Env. Placements            X1           Y1          X2           Y2

  1        3               1062.825     1510.650    1097.425     1534.350

Shape               Environments Status & Error Marker 

          1           X1         Y1         X2         Y2

   1      X      -10.850     18.700     -0.850     23.700
   2      X        1.450     18.700     11.450     23.700
   3      X       13.750     18.700     23.750     23.700

--------------------------------------------------------------------------------
Cell Name : G192_2_3_12300_18700_r90_VAR1 sub_array

                   Cell Errors    Real Errors   Cell Placements     Environments
                             5              5                 1                1
--------------------------------------------------------------------------------
Env.  Env. Placements            X1           Y1          X2           Y2

  1        1               1173.525     1510.650    1208.125     1534.350

Shape               Environments Status & Error Marker 

          1           X1         Y1         X2         Y2

   1      X      -10.850     18.700     -0.850     23.700
   2      X        1.450      0.000     11.450      5.000
   3      X        1.450     18.700     11.450     23.700
   4      X       13.750      0.000     23.750      5.000
   5      X       13.750     18.700     23.750     23.700

--------------------------------------------------------------------------------
Cell Name : G172_2_4_7300_14300_r90_VAR2 sub_array

                   Cell Errors    Real Errors   Cell Placements     Environments
                             4              4                 3                1
--------------------------------------------------------------------------------
Env.  Env. Placements            X1           Y1          X2           Y2

  1        3               2258.225      444.175    2285.125      463.475

Shape               Environments Status & Error Marker 

          1           X1         Y1         X2         Y2

   1      X       -5.850     14.300     -0.850     19.300
   2      X        1.450     14.300      6.450     19.300
   3      X        8.750     14.300     13.750     19.300
   4      X       16.050     14.300     21.050     19.300

--------------------------------------------------------------------------------
Cell Name : G172_2_4_7300_14300_r90_VAR1 sub_array

                   Cell Errors    Real Errors   Cell Placements     Environments
                             5              5                 1                1
--------------------------------------------------------------------------------
Env.  Env. Placements            X1           Y1          X2           Y2

  1        1               2345.825      444.175    2372.725      463.475

Shape               Environments Status & Error Marker 

          1           X1         Y1         X2         Y2

   1      X       -5.850     14.300     -0.850     19.300
   2      X        1.450     14.300      6.450     19.300
   3      X        8.750     14.300     13.750     19.300
   4      X       16.050      0.000     21.050      5.000
   5      X       16.050     14.300     21.050     19.300

--------------------------------------------------------------------------------
Cell Name : G171_2_2_17300_21800_r90_VAR2 sub_array

                   Cell Errors    Real Errors   Cell Placements     Environments
                             2              2                10                1
--------------------------------------------------------------------------------
Env.  Env. Placements            X1           Y1          X2           Y2

  1       10               1528.975      985.175    1561.275     1016.975

Shape               Environments Status & Error Marker 

          1           X1         Y1         X2         Y2

   1      X      -15.850     21.800     -0.850     31.800
   2      X        1.450     21.800     16.450     31.800

--------------------------------------------------------------------------------
Cell Name : G171_2_2_17300_21800_r90_VAR1 sub_array

                   Cell Errors    Real Errors   Cell Placements     Environments
                             4              4                 2                1
--------------------------------------------------------------------------------
Env.  Env. Placements            X1           Y1          X2           Y2

  1        2               1701.975      985.175    1734.275     1016.975

Shape               Environments Status & Error Marker 

          1           X1         Y1         X2         Y2

   1      X      -15.850      0.000     -0.850     10.000
   2      X      -15.850     21.800     -0.850     31.800
   3      X        1.450      0.000     16.450     10.000
   4      X        1.450     21.800     16.450     31.800

--------------------------------------------------------------------------------
Cell Name : pmos4 layout PRIMLIB l="1u" in1=MP2628729

                   Cell Errors    Real Errors   Cell Placements     Environments
                             1              1                 8                1
--------------------------------------------------------------------------------
Env.  Env. Placements            X1           Y1          X2           Y2

  1        8               2015.325     1446.900    2016.325     1456.900

Shape               Environments Status & Error Marker 

          1           X1         Y1         X2         Y2

   1      X        0.000      0.850     10.000      1.850

--------------------------------------------------------------------------------
Cell Name : pmos4 layout PRIMLIB l="15u" in1=MP428029

                   Cell Errors    Real Errors   Cell Placements     Environments
                             1              1                16                1
--------------------------------------------------------------------------------
Env.  Env. Placements            X1           Y1          X2           Y2

  1       16               1511.675      854.375    1526.675      864.375

Shape               Environments Status & Error Marker 

          1           X1         Y1         X2         Y2

   1      X        0.000      0.850     10.000     15.850

--------------------------------------------------------------------------------
Cell Name : cmfb_opamp1_fc layout FECG

                   Cell Errors    Real Errors   Cell Placements     Environments
                             2              2                 4                1
--------------------------------------------------------------------------------
Env.  Env. Placements            X1           Y1          X2           Y2

  1        4               1714.800      343.200    1717.800      371.200

Shape               Environments Status & Error Marker 

          1           X1         Y1         X2         Y2

   1      X      132.200     74.950    135.200     84.950
   2      X      132.200     92.950    135.200    102.950

--------------------------------------------------------------------------------
Cell Name : ia_new_f layout YAOWEN

                   Cell Errors    Real Errors   Cell Placements     Environments
                            39             39                 1                1
--------------------------------------------------------------------------------
Env.  Env. Placements            X1           Y1          X2           Y2

  1        1                763.025      339.900    1180.475      472.550

Shape               Environments Status & Error Marker 

          1           X1         Y1         X2         Y2

   1      X      305.725    349.100    325.725    374.100
   2      X      417.225    349.100    437.225    374.100
   3      X      525.275    241.450    537.275    251.450
   4      X      525.275    262.950    537.275    272.950
   5      X      525.275    286.250    537.275    296.250
   6      X      525.275    309.550    537.275    319.550
   7      X      525.275    332.850    537.275    342.850
   8      X      525.275    356.150    537.275    366.150
   9      X      539.575    241.450    551.575    251.450
  10      X      539.575    356.150    551.575    366.150
  11      X      553.875    241.450    565.875    251.450
  12      X      553.875    356.150    565.875    366.150
  13      X      568.175    241.450    580.175    251.450
  14      X      568.175    356.150    580.175    366.150
  15      X      582.475    241.450    594.475    251.450
  16      X      582.475    356.150    594.475    366.150
  17      X      596.775    241.450    608.775    251.450
  18      X      596.775    356.150    608.775    366.150
  19      X      611.075    241.450    623.075    251.450
  20      X      611.075    356.150    623.075    366.150
  21      X      625.375    241.450    637.375    251.450
  22      X      625.375    356.150    637.375    366.150
  23      X      639.675    241.450    651.675    251.450
  24      X      639.675    356.150    651.675    366.150
  25      X      653.975    241.450    665.975    251.450
  26      X      653.975    356.150    665.975    366.150
  27      X      668.275    241.450    680.275    251.450
  28      X      668.275    356.150    680.275    366.150
  29      X      682.575    241.450    694.575    251.450
  30      X      682.575    356.150    694.575    366.150
  31      X      696.875    241.450    708.875    251.450
  32      X      696.875    332.850    708.875    342.850
  33      X      696.875    356.150    708.875    366.150
  34      X      711.175    241.450    723.175    251.450
  35      X      711.175    262.950    723.175    272.950
  36      X      711.175    286.250    723.175    296.250
  37      X      711.175    309.550    723.175    319.550
  38      X      711.175    332.850    723.175    342.850
  39      X      711.175    356.150    723.175    366.150

--------------------------------------------------------------------------------
Cell Name : fecg_vga2_f_2 layout FECG

                   Cell Errors    Real Errors   Cell Placements     Environments
                            19             19                 1                1
--------------------------------------------------------------------------------
Env.  Env. Placements            X1           Y1          X2           Y2

  1        1               1414.250     2261.950    1636.850     2424.550

Shape               Environments Status & Error Marker 

          1           X1         Y1         X2         Y2

   1      X       40.950     18.000     55.950     28.000
   2      X       40.950     39.800     55.950     49.800
   3      X       40.950    148.800     55.950    158.800
   4      X       58.250     18.000     73.250     28.000
   5      X       75.550     18.000     90.550     28.000
   6      X       92.850     18.000    107.850     28.000
   7      X      110.150     18.000    125.150     28.000
   8      X      127.450     18.000    142.450     28.000
   9      X      144.750     18.000    159.750     28.000
  10      X      162.050     18.000    177.050     28.000
  11      X      179.350     18.000    194.350     28.000
  12      X      196.650     18.000    211.650     28.000
  13      X      213.950     18.000    228.950     28.000
  14      X      231.250     18.000    246.250     28.000
  15      X      231.250     39.800    246.250     49.800
  16      X      231.250     61.600    246.250     71.600
  17      X      231.250     83.400    246.250     93.400
  18      X      231.250    105.200    246.250    115.200
  19      X      231.250    127.000    246.250    137.000

--------------------------------------------------------------------------------
Cell Name : fecg_ia_5_fc layout FECG

                   Cell Errors    Real Errors   Cell Placements     Environments
                            41             41                 1                1
--------------------------------------------------------------------------------
Env.  Env. Placements            X1           Y1          X2           Y2

  1        1                660.025     2548.050    1046.025     2688.150

Shape               Environments Status & Error Marker 

          1           X1         Y1         X2         Y2

   1      X      280.125    202.350    300.125    214.850
   2      X      280.125    218.650    300.125    231.150
   3      X      391.625    202.350    411.625    214.850
   4      X      391.625    218.650    411.625    231.150
   5      X      468.225     91.050    480.225    101.050
   6      X      468.225    112.550    480.225    122.550
   7      X      468.225    135.850    480.225    145.850
   8      X      468.225    159.150    480.225    169.150
   9      X      468.225    182.450    480.225    192.450
  10      X      468.225    205.750    480.225    215.750
  11      X      482.525     91.050    494.525    101.050
  12      X      482.525    205.750    494.525    215.750
  13      X      496.825     91.050    508.825    101.050
  14      X      496.825    205.750    508.825    215.750
  15      X      511.125     91.050    523.125    101.050
  16      X      511.125    205.750    523.125    215.750
  17      X      525.425     91.050    537.425    101.050
  18      X      525.425    205.750    537.425    215.750
  19      X      539.725     91.050    551.725    101.050
  20      X      539.725    205.750    551.725    215.750
  21      X      554.025     91.050    566.025    101.050
  22      X      554.025    205.750    566.025    215.750
  23      X      568.325     91.050    580.325    101.050
  24      X      568.325    205.750    580.325    215.750
  25      X      582.625     91.050    594.625    101.050
  26      X      582.625    205.750    594.625    215.750
  27      X      596.925     91.050    608.925    101.050
  28      X      596.925    205.750    608.925    215.750
  29      X      611.225     91.050    623.225    101.050
  30      X      611.225    205.750    623.225    215.750
  31      X      625.525     91.050    637.525    101.050
  32      X      625.525    205.750    637.525    215.750
  33      X      639.825     91.050    651.825    101.050
  34      X      639.825    182.450    651.825    192.450
  35      X      639.825    205.750    651.825    215.750
  36      X      654.125     91.050    666.125    101.050
  37      X      654.125    112.550    666.125    122.550
  38      X      654.125    135.850    666.125    145.850
  39      X      654.125    159.150    666.125    169.150
  40      X      654.125    182.450    666.125    192.450
  41      X      654.125    205.750    666.125    215.750

--------------------------------------------------------------------------------
Cell Name : fecg_cmfb2_fc layout FECG

                   Cell Errors    Real Errors   Cell Placements     Environments
                             4              4                 2                1
--------------------------------------------------------------------------------
Env.  Env. Placements            X1           Y1          X2           Y2

  1        2               1495.675      343.200    1871.750      471.650

Shape               Environments Status & Error Marker 

          1           X1         Y1         X2         Y2

   1      X       72.675    176.550     75.675    181.550
   2      X       72.675    186.350     75.675    191.350
   3      X       93.875    176.550     96.875    181.550
   4      X       93.875    186.350     96.875    191.350

--------------------------------------------------------------------------------
Cell Name : fecg_bandgap3_layout layout FBIAS

                   Cell Errors    Real Errors   Cell Placements     Environments
                            34             34                 1                1
--------------------------------------------------------------------------------
Env.  Env. Placements            X1           Y1          X2           Y2

  1        1               1204.325     1748.900    1337.325     1882.000

Shape               Environments Status & Error Marker 

          1           X1         Y1         X2         Y2

   1      X       30.425    219.700     40.425    224.700
   2      X       30.425    238.000     40.425    243.000
   3      X       30.425    256.300     40.425    261.300
   4      X       30.425    274.600     40.425    279.600
   5      X       30.425    292.900     40.425    297.900
   6      X       30.425    311.200     40.425    316.200
   7      X       30.425    329.500     40.425    334.500
   8      X       30.425    347.800     40.425    352.800
   9      X       42.725    219.700     52.725    224.700
  10      X       42.725    347.800     52.725    352.800
  11      X       55.025    219.700     65.025    224.700
  12      X       55.025    347.800     65.025    352.800
  13      X       67.325    219.700     77.325    224.700
  14      X       67.325    347.800     77.325    352.800
  15      X       79.625    219.700     89.625    224.700
  16      X       79.625    347.800     89.625    352.800
  17      X       91.925    219.700    101.925    224.700
  18      X       91.925    347.800    101.925    352.800
  19      X      104.225    219.700    114.225    224.700
  20      X      104.225    347.800    114.225    352.800
  21      X      116.525    219.700    126.525    224.700
  22      X      116.525    347.800    126.525    352.800
  23      X      128.825    219.700    138.825    224.700
  24      X      128.825    347.800    138.825    352.800
  25      X      141.125    219.700    151.125    224.700
  26      X      141.125    347.800    151.125    352.800
  27      X      153.425    219.700    163.425    224.700
  28      X      153.425    238.000    163.425    243.000
  29      X      153.425    256.300    163.425    261.300
  30      X      153.425    274.600    163.425    279.600
  31      X      153.425    292.900    163.425    297.900
  32      X      153.425    311.200    163.425    316.200
  33      X      153.425    329.500    163.425    334.500
  34      X      153.425    347.800    163.425    352.800

--------------------------------------------------------------------------------
Cell Name : buffer2_f_3c layout FECG

                   Cell Errors    Real Errors   Cell Placements     Environments
                             4              4                 1                1
--------------------------------------------------------------------------------
Env.  Env. Placements            X1           Y1          X2           Y2

  1        1               2048.700     2406.450    2136.500     2431.250

Shape               Environments Status & Error Marker 

          1           X1         Y1         X2         Y2

   1      X       59.150    136.425     62.150    146.425
   2      X       59.150    151.225     62.150    161.225
   3      X      143.950    136.425    146.950    146.425
   4      X      143.950    151.225    146.950    161.225

--------------------------------------------------------------------------------
Cell Name : VGA_1 layout YAOWEN

                   Cell Errors    Real Errors   Cell Placements     Environments
                            19             19                 1                1
--------------------------------------------------------------------------------
Env.  Env. Placements            X1           Y1          X2           Y2

  1        1               1511.675      854.375    1734.275     1016.975

Shape               Environments Status & Error Marker 

          1           X1         Y1         X2         Y2

   1      X       43.475      2.725     58.475     12.725
   2      X       43.475     24.525     58.475     34.525
   3      X       43.475    133.525     58.475    143.525
   4      X       60.775      2.725     75.775     12.725
   5      X       78.075      2.725     93.075     12.725
   6      X       95.375      2.725    110.375     12.725
   7      X      112.675      2.725    127.675     12.725
   8      X      129.975      2.725    144.975     12.725
   9      X      147.275      2.725    162.275     12.725
  10      X      164.575      2.725    179.575     12.725
  11      X      181.875      2.725    196.875     12.725
  12      X      199.175      2.725    214.175     12.725
  13      X      216.475      2.725    231.475     12.725
  14      X      233.775      2.725    248.775     12.725
  15      X      233.775     24.525    248.775     34.525
  16      X      233.775     46.325    248.775     56.325
  17      X      233.775     68.125    248.775     78.125
  18      X      233.775     89.925    248.775     99.925
  19      X      233.775    111.725    248.775    121.725

--------------------------------------------------------------------------------
Cell Name : Gm_C_filter layout YAOWEN

                   Cell Errors    Real Errors   Cell Placements     Environments
                             4              4                 3                1
--------------------------------------------------------------------------------
Env.  Env. Placements            X1           Y1          X2           Y2

  1        3                471.100      730.300     563.700      748.700

Shape               Environments Status & Error Marker 

          1           X1         Y1         X2         Y2

   1      X       50.075    -83.200     55.075    -77.200
   2      X       50.075    -70.800     55.075    -64.800
   3      X      137.675    -83.200    142.675    -77.200
   4      X      137.675    -70.800    142.675    -64.800

--------------------------------------------------------------------------------
Cell Name : ECG_bandgap_f_v1 layout YAOWEN

                   Cell Errors    Real Errors   Cell Placements     Environments
                            40             40                 1                1
--------------------------------------------------------------------------------
Env.  Env. Placements            X1           Y1          X2           Y2

  1        1                859.725     1342.350    1208.125     1534.350

Shape               Environments Status & Error Marker 

          1           X1         Y1         X2         Y2

   1      X       46.225    858.950     56.225    863.950
   2      X       46.225    869.950     56.225    874.950
   3      X      193.825    858.950    203.825    863.950
   4      X      193.825    869.950    203.825    874.950
   5      X      249.325    686.950    259.325    691.950
   6      X      249.325    705.650    259.325    710.650
   7      X      249.325    724.350    259.325    729.350
   8      X      249.325    743.050    259.325    748.050
   9      X      249.325    761.750    259.325    766.750
  10      X      249.325    780.450    259.325    785.450
  11      X      249.325    799.150    259.325    804.150
  12      X      249.325    817.850    259.325    822.850
  13      X      249.325    836.550    259.325    841.550
  14      X      249.325    855.250    259.325    860.250
  15      X      261.625    686.950    271.625    691.950
  16      X      261.625    705.650    271.625    710.650
  17      X      261.625    724.350    271.625    729.350
  18      X      261.625    836.550    271.625    841.550
  19      X      261.625    855.250    271.625    860.250
  20      X      273.925    686.950    283.925    691.950
  21      X      286.225    686.950    296.225    691.950
  22      X      298.525    686.950    308.525    691.950
  23      X      310.825    686.950    320.825    691.950
  24      X      323.125    686.950    333.125    691.950
  25      X      335.425    686.950    345.425    691.950
  26      X      347.725    686.950    357.725    691.950
  27      X      360.025    686.950    370.025    691.950
  28      X      372.325    686.950    382.325    691.950
  29      X      372.325    705.650    382.325    710.650
  30      X      372.325    724.350    382.325    729.350
  31      X      372.325    836.550    382.325    841.550
  32      X      384.625    686.950    394.625    691.950
  33      X      384.625    705.650    394.625    710.650
  34      X      384.625    724.350    394.625    729.350
  35      X      384.625    743.050    394.625    748.050
  36      X      384.625    761.750    394.625    766.750
  37      X      384.625    780.450    394.625    785.450
  38      X      384.625    799.150    394.625    804.150
  39      X      384.625    817.850    394.625    822.850
  40      X      384.625    836.550    394.625    841.550

--------------------------------------------------------------------------------
Cell Name : Current_Voltage_Reference layout YAOWEN

                   Cell Errors    Real Errors   Cell Placements     Environments
                            10             10                 1                1
--------------------------------------------------------------------------------
Env.  Env. Placements            X1           Y1          X2           Y2

  1        1               1641.975     1446.900    2245.725     1530.150

Shape               Environments Status & Error Marker 

          1           X1         Y1         X2         Y2

   1      X       51.775    192.250     61.775    202.250
   2      X       51.775    208.050     61.775    218.050
   3      X       88.675    192.250     98.675    202.250
   4      X       88.675    208.050     98.675    218.050
   5      X      232.525    156.200    242.525    166.200
   6      X      232.525    172.000    242.525    182.000
   7      X      269.425    156.200    279.425    166.200
   8      X      269.425    172.000    279.425    182.000
   9      X      428.425    180.600    458.425    190.600
  10      X      622.225    155.800    652.225    165.800

--------------------------------------------------------------------------------
Cell Name : BUFFER layout YAOWEN

                   Cell Errors    Real Errors   Cell Placements     Environments
                            35             35                 1                1
--------------------------------------------------------------------------------
Env.  Env. Placements            X1           Y1          X2           Y2

  1        1               2106.000      291.525    2372.725      463.475

Shape               Environments Status & Error Marker 

          1           X1         Y1         X2         Y2

   1      X       68.500     34.800     70.500     44.800
   2      X       68.500     52.600     70.500     62.600
   3      X      115.800     34.800    117.800     44.800
   4      X      115.800     52.600    117.800     62.600
   5      X      220.725     73.050    225.725     78.050
   6      X      220.725     87.350    225.725     92.350
   7      X      220.725    101.650    225.725    106.650
   8      X      220.725    115.950    225.725    120.950
   9      X      220.725    130.250    225.725    135.250
  10      X      220.725    144.550    225.725    149.550
  11      X      220.725    158.850    225.725    163.850
  12      X      220.725    173.150    225.725    178.150
  13      X      220.725    187.450    225.725    192.450
  14      X      228.025     73.050    233.025     78.050
  15      X      235.325     73.050    240.325     78.050
  16      X      242.625     73.050    247.625     78.050
  17      X      249.925     73.050    254.925     78.050
  18      X      257.225     73.050    262.225     78.050
  19      X      264.525     73.050    269.525     78.050
  20      X      271.825     73.050    276.825     78.050
  21      X      279.125     73.050    284.125     78.050
  22      X      286.425     73.050    291.425     78.050
  23      X      293.725     73.050    298.725     78.050
  24      X      301.025     73.050    306.025     78.050
  25      X      308.325     73.050    313.325     78.050
  26      X      315.625     73.050    320.625     78.050
  27      X      322.925     73.050    327.925     78.050
  28      X      330.225     73.050    335.225     78.050
  29      X      330.225     87.350    335.225     92.350
  30      X      330.225    101.650    335.225    106.650
  31      X      330.225    115.950    335.225    120.950
  32      X      330.225    130.250    335.225    135.250
  33      X      330.225    144.550    335.225    149.550
  34      X      330.225    158.850    335.225    163.850
  35      X      330.225    173.150    335.225    178.150

--------------------------------------------------------------------------------
Cell Name : topsyh_floorplan layout VT26_TOP

                   Cell Errors    Real Errors   Cell Placements     Environments
                            20             20                 1                1
--------------------------------------------------------------------------------
Env.  Env. Placements            X1           Y1          X2           Y2

  1        1                471.100      291.525    2372.725     2688.150

Shape               Environments Status & Error Marker 

          1           X1         Y1         X2         Y2

   1      X      530.175   1417.950    540.175   1418.950
   2      X      530.175   1433.750    540.175   1443.750
   3      X      530.175   1458.550    540.175   1468.550
   4      X      530.175   1483.350    540.175   1493.350
   5      X      530.175   1508.150    540.175   1518.150
   6      X      530.175   1532.950    540.175   1533.950
   7      X      542.475   1417.950    552.475   1418.950
   8      X      542.475   1532.950    552.475   1533.950
   9      X      554.775   1417.950    564.775   1418.950
  10      X      554.775   1532.950    564.775   1533.950
  11      X      567.075   1417.950    577.075   1418.950
  12      X      567.075   1532.950    577.075   1533.950
  13      X      579.375   1417.950    589.375   1418.950
  14      X      579.375   1532.950    589.375   1533.950
  15      X      591.675   1417.950    601.675   1418.950
  16      X      591.675   1433.750    601.675   1443.750
  17      X      591.675   1458.550    601.675   1468.550
  18      X      591.675   1483.350    601.675   1493.350
  19      X      591.675   1508.150    601.675   1518.150
  20      X      591.675   1532.950    601.675   1533.950

================================================================================
Rule No. 773 : ERC Warning: Gates connected to VSS/GND

Real Error Count : 248; Flat Error Count : 990
================================================================================

--------------------------------------------------------------------------------
Cell Name : pmos4 layout PRIMLIB jd=FALSE jg="no" js=FALSE l="350n" ng="10" wtot="100u" in1=MP6

                   Cell Errors    Real Errors   Cell Placements     Environments
                            10             10                 2                1
--------------------------------------------------------------------------------
Env.  Env. Placements            X1           Y1          X2           Y2

  1        2               1856.975      908.475    1869.475      918.475

Shape               Environments Status & Error Marker 

          1           X1         Y1         X2         Y2

   1      X        0.000      0.850     10.000      1.200
   2      X        0.000      2.200     10.000      2.550
   3      X        0.000      3.550     10.000      3.900
   4      X        0.000      4.900     10.000      5.250
   5      X        0.000      6.250     10.000      6.600
   6      X        0.000      7.600     10.000      7.950
   7      X        0.000      8.950     10.000      9.300
   8      X        0.000     10.300     10.000     10.650
   9      X        0.000     11.650     10.000     12.000
  10      X        0.000     13.000     10.000     13.350

--------------------------------------------------------------------------------
Cell Name : cvar layout PRIMLIB col=12 row=10 in1=C028029

                   Cell Errors    Real Errors   Cell Placements     Environments
                           120            120                 6                1
--------------------------------------------------------------------------------
Env.  Env. Placements            X1           Y1          X2           Y2

  1        6                930.300     1727.200     949.100     1807.600

Shape               Environments Status & Error Marker 

          1           X1         Y1         X2         Y2

   1      X        0.850      0.000      1.500      6.600
   2      X        0.850      8.200      1.500     14.800
   3      X        0.850     16.400      1.500     23.000
   4      X        0.850     24.600      1.500     31.200
   5      X        0.850     32.800      1.500     39.400
   6      X        0.850     41.000      1.500     47.600
   7      X        0.850     49.200      1.500     55.800
   8      X        0.850     57.400      1.500     64.000
   9      X        0.850     65.600      1.500     72.200
  10      X        0.850     73.800      1.500     80.400
  11      X        2.500      0.000      3.150      6.600
  12      X        2.500      8.200      3.150     14.800
  13      X        2.500     16.400      3.150     23.000
  14      X        2.500     24.600      3.150     31.200
  15      X        2.500     32.800      3.150     39.400
  16      X        2.500     41.000      3.150     47.600
  17      X        2.500     49.200      3.150     55.800
  18      X        2.500     57.400      3.150     64.000
  19      X        2.500     65.600      3.150     72.200
  20      X        2.500     73.800      3.150     80.400
  21      X        4.150      0.000      4.800      6.600
  22      X        4.150      8.200      4.800     14.800
  23      X        4.150     16.400      4.800     23.000
  24      X        4.150     24.600      4.800     31.200
  25      X        4.150     32.800      4.800     39.400
  26      X        4.150     41.000      4.800     47.600
  27      X        4.150     49.200      4.800     55.800
  28      X        4.150     57.400      4.800     64.000
  29      X        4.150     65.600      4.800     72.200
  30      X        4.150     73.800      4.800     80.400
  31      X        5.800      0.000      6.450      6.600
  32      X        5.800      8.200      6.450     14.800
  33      X        5.800     16.400      6.450     23.000
  34      X        5.800     24.600      6.450     31.200
  35      X        5.800     32.800      6.450     39.400
  36      X        5.800     41.000      6.450     47.600
  37      X        5.800     49.200      6.450     55.800
  38      X        5.800     57.400      6.450     64.000
  39      X        5.800     65.600      6.450     72.200
  40      X        5.800     73.800      6.450     80.400
  41      X        7.450      0.000      8.100      6.600
  42      X        7.450      8.200      8.100     14.800
  43      X        7.450     16.400      8.100     23.000
  44      X        7.450     24.600      8.100     31.200
  45      X        7.450     32.800      8.100     39.400
  46      X        7.450     41.000      8.100     47.600
  47      X        7.450     49.200      8.100     55.800
  48      X        7.450     57.400      8.100     64.000
  49      X        7.450     65.600      8.100     72.200
  50      X        7.450     73.800      8.100     80.400
  51      X        9.100      0.000      9.750      6.600
  52      X        9.100      8.200      9.750     14.800
  53      X        9.100     16.400      9.750     23.000
  54      X        9.100     24.600      9.750     31.200
  55      X        9.100     32.800      9.750     39.400
  56      X        9.100     41.000      9.750     47.600
  57      X        9.100     49.200      9.750     55.800
  58      X        9.100     57.400      9.750     64.000
  59      X        9.100     65.600      9.750     72.200
  60      X        9.100     73.800      9.750     80.400
  61      X       10.750      0.000     11.400      6.600
  62      X       10.750      8.200     11.400     14.800
  63      X       10.750     16.400     11.400     23.000
  64      X       10.750     24.600     11.400     31.200
  65      X       10.750     32.800     11.400     39.400
  66      X       10.750     41.000     11.400     47.600
  67      X       10.750     49.200     11.400     55.800
  68      X       10.750     57.400     11.400     64.000
  69      X       10.750     65.600     11.400     72.200
  70      X       10.750     73.800     11.400     80.400
  71      X       12.400      0.000     13.050      6.600
  72      X       12.400      8.200     13.050     14.800
  73      X       12.400     16.400     13.050     23.000
  74      X       12.400     24.600     13.050     31.200
  75      X       12.400     32.800     13.050     39.400
  76      X       12.400     41.000     13.050     47.600
  77      X       12.400     49.200     13.050     55.800
  78      X       12.400     57.400     13.050     64.000
  79      X       12.400     65.600     13.050     72.200
  80      X       12.400     73.800     13.050     80.400
  81      X       14.050      0.000     14.700      6.600
  82      X       14.050      8.200     14.700     14.800
  83      X       14.050     16.400     14.700     23.000
  84      X       14.050     24.600     14.700     31.200
  85      X       14.050     32.800     14.700     39.400
  86      X       14.050     41.000     14.700     47.600
  87      X       14.050     49.200     14.700     55.800
  88      X       14.050     57.400     14.700     64.000
  89      X       14.050     65.600     14.700     72.200
  90      X       14.050     73.800     14.700     80.400
  91      X       15.700      0.000     16.350      6.600
  92      X       15.700      8.200     16.350     14.800
  93      X       15.700     16.400     16.350     23.000
  94      X       15.700     24.600     16.350     31.200
  95      X       15.700     32.800     16.350     39.400
  96      X       15.700     41.000     16.350     47.600
  97      X       15.700     49.200     16.350     55.800
  98      X       15.700     57.400     16.350     64.000
  99      X       15.700     65.600     16.350     72.200
 100      X       15.700     73.800     16.350     80.400
 101      X       17.350      0.000     18.000      6.600
 102      X       17.350      8.200     18.000     14.800
 103      X       17.350     16.400     18.000     23.000
 104      X       17.350     24.600     18.000     31.200
 105      X       17.350     32.800     18.000     39.400
 106      X       17.350     41.000     18.000     47.600
 107      X       17.350     49.200     18.000     55.800
 108      X       17.350     57.400     18.000     64.000
 109      X       17.350     65.600     18.000     72.200
 110      X       17.350     73.800     18.000     80.400
 111      X       19.000      0.000     19.650      6.600
 112      X       19.000      8.200     19.650     14.800
 113      X       19.000     16.400     19.650     23.000
 114      X       19.000     24.600     19.650     31.200
 115      X       19.000     32.800     19.650     39.400
 116      X       19.000     41.000     19.650     47.600
 117      X       19.000     49.200     19.650     55.800
 118      X       19.000     57.400     19.650     64.000
 119      X       19.000     65.600     19.650     72.200
 120      X       19.000     73.800     19.650     80.400

--------------------------------------------------------------------------------
Cell Name : cmfb_opamp1_fc layout FECG

                   Cell Errors    Real Errors   Cell Placements     Environments
                             4              4                 4                1
--------------------------------------------------------------------------------
Env.  Env. Placements            X1           Y1          X2           Y2

  1        4               1677.675      301.200    1718.275      314.700

Shape               Environments Status & Error Marker 

          1           X1         Y1         X2         Y2

   1      X       95.075     32.950     96.075     37.950
   2      X       95.075     41.450     96.075     46.450
   3      X      134.675     32.950    135.675     37.950
   4      X      134.675     41.450    135.675     46.450

--------------------------------------------------------------------------------
Cell Name : ia_new_f layout YAOWEN

                   Cell Errors    Real Errors   Cell Placements     Environments
                             4              4                 1                1
--------------------------------------------------------------------------------
Env.  Env. Placements            X1           Y1          X2           Y2

  1        1                849.575      322.700     909.075      345.400

Shape               Environments Status & Error Marker 

          1           X1         Y1         X2         Y2

   1      X      392.275    224.250    400.275    234.250
   2      X      392.275    236.950    400.275    246.950
   3      X      443.775    224.250    451.775    234.250
   4      X      443.775    236.950    451.775    246.950

--------------------------------------------------------------------------------
Cell Name : gmc_5_fc layout FECG

                   Cell Errors    Real Errors   Cell Placements     Environments
                            28             28                 3                1
--------------------------------------------------------------------------------
Env.  Env. Placements            X1           Y1          X2           Y2

  1        3               1086.450     2017.050    1130.700     2089.550

Shape               Environments Status & Error Marker 

          1           X1         Y1         X2         Y2

   1      X        7.300     17.050      9.300     21.050
   2      X        7.300     85.550      9.300     89.550
   3      X       10.550     17.050     12.550     21.050
   4      X       10.550     85.550     12.550     89.550
   5      X       13.800     17.050     15.800     21.050
   6      X       13.800     85.550     15.800     89.550
   7      X       17.050     17.050     19.050     21.050
   8      X       17.050     85.550     19.050     89.550
   9      X       20.300     17.050     22.300     21.050
  10      X       20.300     85.550     22.300     89.550
  11      X       23.550     17.050     25.550     21.050
  12      X       23.550     85.550     25.550     89.550
  13      X       26.800     17.050     28.800     21.050
  14      X       26.800     85.550     28.800     89.550
  15      X       30.050     17.050     32.050     21.050
  16      X       30.050     85.550     32.050     89.550
  17      X       33.300     17.050     35.300     21.050
  18      X       33.300     85.550     35.300     89.550
  19      X       36.550     17.050     38.550     21.050
  20      X       36.550     85.550     38.550     89.550
  21      X       39.800     17.050     41.800     21.050
  22      X       39.800     85.550     41.800     89.550
  23      X       43.050     17.050     45.050     21.050
  24      X       43.050     85.550     45.050     89.550
  25      X       46.300     17.050     48.300     21.050
  26      X       46.300     85.550     48.300     89.550
  27      X       49.550     17.050     51.550     21.050
  28      X       49.550     85.550     51.550     89.550

--------------------------------------------------------------------------------
Cell Name : fecg_ia_5_fc layout FECG

                   Cell Errors    Real Errors   Cell Placements     Environments
                             4              4                 1                1
--------------------------------------------------------------------------------
Env.  Env. Placements            X1           Y1          X2           Y2

  1        1               1099.525     2600.050    1159.025     2622.750

Shape               Environments Status & Error Marker 

          1           X1         Y1         X2         Y2

   1      X      719.625    143.050    727.625    153.050
   2      X      719.625    155.750    727.625    165.750
   3      X      771.125    143.050    779.125    153.050
   4      X      771.125    155.750    779.125    165.750

--------------------------------------------------------------------------------
Cell Name : fecg_cmfb2_fc layout FECG

                   Cell Errors    Real Errors   Cell Placements     Environments
                             8              8                 2                1
--------------------------------------------------------------------------------
Env.  Env. Placements            X1           Y1          X2           Y2

  1        2               1451.625      301.200    1879.600      473.350

Shape               Environments Status & Error Marker 

          1           X1         Y1         X2         Y2

   1      X       28.625     30.100     38.625     38.100
   2      X       28.625     40.800     38.625     48.800
   3      X      131.025     30.100    141.025     38.100
   4      X      131.025     40.800    141.025     48.800
   5      X      162.975    175.750    163.325    180.750
   6      X      162.975    188.050    163.325    193.050
   7      X      186.825    175.750    187.175    180.750
   8      X      186.825    188.050    187.175    193.050

--------------------------------------------------------------------------------
Cell Name : fbias_vol_ref1_layout layout FBIAS

                   Cell Errors    Real Errors   Cell Placements     Environments
                             4              4                 1                1
--------------------------------------------------------------------------------
Env.  Env. Placements            X1           Y1          X2           Y2

  1        1               1889.150     1684.250    1989.050     1794.750

Shape               Environments Status & Error Marker 

          1           X1         Y1         X2         Y2

   1      X      244.850     60.200    249.850     93.200
   2      X      244.850     99.500    249.850    132.500
   3      X      339.750     60.200    344.750     93.200
   4      X      339.750     99.500    344.750    132.500

--------------------------------------------------------------------------------
Cell Name : fbias_cur_ref2_layout layout FBIAS

                   Cell Errors    Real Errors   Cell Placements     Environments
                             4              4                 1                1
--------------------------------------------------------------------------------
Env.  Env. Placements            X1           Y1          X2           Y2

  1        1               1636.750     1668.125    1697.000     1766.675

Shape               Environments Status & Error Marker 

          1           X1         Y1         X2         Y2

   1      X       29.700     29.125     30.700     57.625
   2      X       29.700     65.275     30.700     93.775
   3      X       79.200     29.125     80.200     57.625
   4      X       79.200     65.275     80.200     93.775

--------------------------------------------------------------------------------
Cell Name : VGA_1 layout YAOWEN

                   Cell Errors    Real Errors   Cell Placements     Environments
                             4              4                 1                1
--------------------------------------------------------------------------------
Env.  Env. Placements            X1           Y1          X2           Y2

  1        1               1777.925      908.475    1879.425      957.000

Shape               Environments Status & Error Marker 

          1           X1         Y1         X2         Y2

   1      X      292.425     85.550    307.425     93.050
   2      X      292.425     97.850    307.425    105.350
   3      X      378.925     85.550    393.925     93.050
   4      X      378.925     97.850    393.925    105.350

--------------------------------------------------------------------------------
Cell Name : Gm_C_filter layout YAOWEN

                   Cell Errors    Real Errors   Cell Placements     Environments
                            28             28                 3                1
--------------------------------------------------------------------------------
Env.  Env. Placements            X1           Y1          X2           Y2

  1        3                457.400      590.750     501.650      667.750

Shape               Environments Status & Error Marker 

          1           X1         Y1         X2         Y2

   1      X       36.375   -222.750     38.375   -218.750
   2      X       36.375   -149.750     38.375   -145.750
   3      X       39.625   -222.750     41.625   -218.750
   4      X       39.625   -149.750     41.625   -145.750
   5      X       42.875   -222.750     44.875   -218.750
   6      X       42.875   -149.750     44.875   -145.750
   7      X       46.125   -222.750     48.125   -218.750
   8      X       46.125   -149.750     48.125   -145.750
   9      X       49.375   -222.750     51.375   -218.750
  10      X       49.375   -149.750     51.375   -145.750
  11      X       52.625   -222.750     54.625   -218.750
  12      X       52.625   -149.750     54.625   -145.750
  13      X       55.875   -222.750     57.875   -218.750
  14      X       55.875   -149.750     57.875   -145.750
  15      X       59.125   -222.750     61.125   -218.750
  16      X       59.125   -149.750     61.125   -145.750
  17      X       62.375   -222.750     64.375   -218.750
  18      X       62.375   -149.750     64.375   -145.750
  19      X       65.625   -222.750     67.625   -218.750
  20      X       65.625   -149.750     67.625   -145.750
  21      X       68.875   -222.750     70.875   -218.750
  22      X       68.875   -149.750     70.875   -145.750
  23      X       72.125   -222.750     74.125   -218.750
  24      X       72.125   -149.750     74.125   -145.750
  25      X       75.375   -222.750     77.375   -218.750
  26      X       75.375   -149.750     77.375   -145.750
  27      X       78.625   -222.750     80.625   -218.750
  28      X       78.625   -149.750     80.625   -145.750

--------------------------------------------------------------------------------
Cell Name : ECG_bandgap_f_v1 layout YAOWEN

                   Cell Errors    Real Errors   Cell Placements     Environments
                            12             12                 1                1
--------------------------------------------------------------------------------
Env.  Env. Placements            X1           Y1          X2           Y2

  1        1                851.900     1362.900    1018.800     1489.600

Shape               Environments Status & Error Marker 

          1           X1         Y1         X2         Y2

   1      X       38.400    707.500     78.400    717.500
   2      X       38.400    721.900     78.400    731.900
   3      X       44.250    762.400     44.750    767.400
   4      X       44.250    771.800     44.750    776.800
   5      X       52.650    762.400     53.150    767.400
   6      X       52.650    771.800     53.150    776.800
   7      X       83.225    819.800     93.225    824.800
   8      X       83.225    829.200     93.225    834.200
   9      X      132.425    819.800    142.425    824.800
  10      X      132.425    829.200    142.425    834.200
  11      X      165.300    707.500    205.300    717.500
  12      X      165.300    721.900    205.300    731.900

--------------------------------------------------------------------------------
Cell Name : Current_Voltage_Reference layout YAOWEN

                   Cell Errors    Real Errors   Cell Placements     Environments
                            16             16                 1                1
--------------------------------------------------------------------------------
Env.  Env. Placements            X1           Y1          X2           Y2

  1        1               1641.025     1350.600    1946.275     1465.450

Shape               Environments Status & Error Marker 

          1           X1         Y1         X2         Y2

   1      X       50.825     40.700     60.825     45.700
   2      X       50.825     50.500     60.825     55.500
   3      X       54.625    128.750     64.625    138.750
   4      X       54.625    145.550     64.625    155.550
   5      X       87.725     40.700     97.725     45.700
   6      X       87.725     50.500     97.725     55.500
   7      X      165.325    128.750    175.325    138.750
   8      X      165.325    145.550    175.325    155.550
   9      X      235.375     43.500    245.375     48.500
  10      X      235.375     53.300    245.375     58.300
  11      X      235.375     92.700    245.375    102.700
  12      X      235.375    109.500    245.375    119.500
  13      X      284.575     43.500    294.575     48.500
  14      X      284.575     53.300    294.575     58.300
  15      X      346.075     92.700    356.075    102.700
  16      X      346.075    109.500    356.075    119.500

--------------------------------------------------------------------------------
Cell Name : topsyh_floorplan layout VT26_TOP

                   Cell Errors    Real Errors   Cell Placements     Environments
                             2              2                 1                1
--------------------------------------------------------------------------------
Env.  Env. Placements            X1           Y1          X2           Y2

  1        1                439.500      301.200    1989.050     2622.750

Shape               Environments Status & Error Marker 

          1           X1         Y1         X2         Y2

   1      X      641.100   1416.200    651.100   1426.200
   2      X      714.900   1416.200    724.900   1426.200

================================================================================
Rule No. 774 : ERC Warning: floating gate not connected to s/d, pad or resistor

Real Error Count : 56; Flat Error Count : 72
================================================================================

--------------------------------------------------------------------------------
Cell Name : 7_MUX21 layout Potentiostat_cpoly

                   Cell Errors    Real Errors   Cell Placements     Environments
                             8              8                 2                1
--------------------------------------------------------------------------------
Env.  Env. Placements            X1           Y1          X2           Y2

  1        2               2708.875     2234.600    2718.875     2270.375

Shape               Environments Status & Error Marker 

          1           X1         Y1         X2         Y2

   1      X        5.875      9.750      6.225     10.150
   2      X        5.875     13.100      6.225     13.800
   3      X       16.200      6.950     17.200     16.950
   4      X       18.200      6.950     19.200     16.950
   5      X       34.650      6.950     35.650     16.950
   6      X       36.650      6.950     37.650     16.950
   7      X       38.650      6.950     39.650     16.950
   8      X       40.650      6.950     41.650     16.950

--------------------------------------------------------------------------------
Cell Name : 6_TIA_Front_Layout layout Potentiostat_cpoly

                   Cell Errors    Real Errors   Cell Placements     Environments
                            10             10                 1                1
--------------------------------------------------------------------------------
Env.  Env. Placements            X1           Y1          X2           Y2

  1        1               2561.875     1996.200    2607.050     2194.450

Shape               Environments Status & Error Marker 

          1           X1         Y1         X2         Y2

   1      X      100.225     25.100    104.225     35.100
   2      X      106.525     43.900    110.525     53.900
   3      X      112.825     25.100    116.825     35.100
   4      X      119.125     43.900    123.125     53.900
   5      X      125.425     25.100    129.425     35.100
   6      X      131.725     43.900    135.725     53.900
   7      X      138.025     25.100    142.025     35.100
   8      X      144.325     43.900    148.325     53.900
   9      X      150.625     25.100    154.625     35.100
  10      X      156.925     43.900    160.925     53.900

--------------------------------------------------------------------------------
Cell Name : nmos4 layout PRIMLIB l="1u" w="5u" wtot="5u" in1=MN0

                   Cell Errors    Real Errors   Cell Placements     Environments
                             1              1                 3                1
--------------------------------------------------------------------------------
Env.  Env. Placements            X1           Y1          X2           Y2

  1        3               2662.925     1844.925    2663.925     1849.925

Shape               Environments Status & Error Marker 

          1           X1         Y1         X2         Y2

   1      X        0.000      0.850      5.000      1.850

--------------------------------------------------------------------------------
Cell Name : Inverter layout Potentiostat_cpoly

                   Cell Errors    Real Errors   Cell Placements     Environments
                             2              2                 4                1
--------------------------------------------------------------------------------
Env.  Env. Placements            X1           Y1          X2           Y2

  1        4               2650.450     1860.200    2650.800     1864.250

Shape               Environments Status & Error Marker 

          1           X1         Y1         X2         Y2

   1      X        3.725      1.550      4.075      1.950
   2      X        3.725      4.900      4.075      5.600

--------------------------------------------------------------------------------
Cell Name : 8_CA_TIA_Front_calib layout Potentiostat_cpoly

                   Cell Errors    Real Errors   Cell Placements     Environments
                            25             25                 1                1
--------------------------------------------------------------------------------
Env.  Env. Placements            X1           Y1          X2           Y2

  1        1               2554.975     1844.850    2719.000     2528.475

Shape               Environments Status & Error Marker 

          1           X1         Y1         X2         Y2

   1      X      107.050     73.725    111.050     83.725
   2      X      113.350     89.875    117.350     99.875
   3      X      119.650     73.725    123.650     83.725
   4      X      125.950     89.875    129.950     99.875
   5      X      132.250     73.725    136.250     83.725
   6      X      138.550     89.875    142.550     99.875
   7      X      144.850     73.725    148.850     83.725
   8      X      151.150     89.875    155.150     99.875
   9      X      157.450     73.725    161.450     83.725
  10      X      163.750     89.875    167.750     99.875
  11      X      317.525     93.100    317.875     93.500
  12      X      317.525     96.450    317.875     97.150
  13      X      322.650     96.700    323.650    101.700
  14      X      324.650     96.700    325.650    101.700
  15      X      334.925     93.100    335.275     93.500
  16      X      334.925     96.450    335.275     97.150
  17      X      341.750     96.350    342.750    101.350
  18      X      354.675     93.100    355.025     93.500
  19      X      354.675     96.450    355.025     97.150
  20      X      360.575     96.350    361.575    101.350
  21      X      371.275     93.100    371.625     93.500
  22      X      371.275     96.450    371.625     97.150
  23      X      377.850     96.350    378.850    101.350
  24      X      785.600    167.850    790.600    168.850
  25      X      785.600    169.850    790.600    170.850

--------------------------------------------------------------------------------
Cell Name : 8_Poten_PTAT2 layout Potentiostat_cpoly

                   Cell Errors    Real Errors   Cell Placements     Environments
                            10             10                 1                1
--------------------------------------------------------------------------------
Env.  Env. Placements            X1           Y1          X2           Y2

  1        1               2510.150     1006.475    2725.050     2528.475

Shape               Environments Status & Error Marker 

          1           X1         Y1         X2         Y2

   1      X     1598.850    109.075   1602.850    119.075
   2      X     1605.150    125.225   1609.150    135.225
   3      X     1611.450    109.075   1615.450    119.075
   4      X     1617.750    125.225   1621.750    135.225
   5      X     1624.050    109.075   1628.050    119.075
   6      X     1630.350    125.225   1634.350    135.225
   7      X     1636.650    109.075   1640.650    119.075
   8      X     1642.950    125.225   1646.950    135.225
   9      X     1649.250    109.075   1653.250    119.075
  10      X     1655.550    125.225   1659.550    135.225

================================================================================
Rule No. 1450 : BAD_PDIFF_MULTCONN_ERC

Real Error Count : 10; Flat Error Count : 10
================================================================================

--------------------------------------------------------------------------------
Cell Name : topsyh_floorplan layout VT26_TOP

                   Cell Errors    Real Errors   Cell Placements     Environments
                            10             10                 1                1
--------------------------------------------------------------------------------
Env.  Env. Placements            X1           Y1          X2           Y2

  1        1                249.950      473.150     251.250     2473.550

Shape               Environments Status & Error Marker 

          1           X1         Y1         X2         Y2

   1      X      249.950    473.150    250.350    473.550
   2      X      249.950    673.150    250.350    673.550
   3      X      249.950    873.150    250.350    873.550
   4      X      249.950   1073.150    250.350   1073.550
   5      X      249.950   2473.150    250.350   2473.550
   6      X      250.850    473.150    251.250    473.550
   7      X      250.850    673.150    251.250    673.550
   8      X      250.850    873.150    251.250    873.550
   9      X      250.850   1073.150    251.250   1073.550
  10      X      250.850   2473.150    251.250   2473.550

================================================================================
Rule No. 1458 : rpoly2_g1_pres_wexp: RPOLY2_G1: Minimum number of RPOLY2 squares = 5

Real Error Count : 18; Flat Error Count : 486
================================================================================

--------------------------------------------------------------------------------
Cell Name : APRIO200P layout IOLIB_ANA_4M

                   Cell Errors    Real Errors   Cell Placements     Environments
                            18             18                27                1
--------------------------------------------------------------------------------
Env.  Env. Placements            X1           Y1          X2           Y2

  1       27                555.400       71.300     625.400       88.800

Shape               Environments Status & Error Marker 

          1           X1         Y1         X2         Y2

   1      X       15.000    221.900     15.100    227.400
   2      X       15.000    227.900     15.100    233.400
   3      X       25.500    215.900     25.600    221.400
   4      X       36.100    215.900     36.200    221.400
   5      X       36.100    221.900     36.200    227.400
   6      X       36.100    227.900     36.200    233.400
   7      X       39.400    215.900     39.500    221.400
   8      X       39.400    221.900     39.500    227.400
   9      X       39.400    227.900     39.500    233.400
  10      X       60.500    215.900     60.600    221.400
  11      X       60.500    221.900     60.600    227.400
  12      X       60.500    227.900     60.600    233.400
  13      X       63.800    215.900     63.900    221.400
  14      X       63.800    221.900     63.900    227.400
  15      X       63.800    227.900     63.900    233.400
  16      X       84.900    215.900     85.000    221.400
  17      X       84.900    221.900     85.000    227.400
  18      X       84.900    227.900     85.000    233.400

================================================================================
Rule No. 1476 : # INFO: C35B4/C35B3 ASSURA DRC DECK (REV9 DATE 26-Apr-2011) Last modified 07-Sept-2016 #

Real Error Count : 1; Flat Error Count : 1
================================================================================

--------------------------------------------------------------------------------
Cell Name : topsyh_floorplan layout VT26_TOP

                   Cell Errors    Real Errors   Cell Placements     Environments
                             1              1                 1                1
--------------------------------------------------------------------------------
Env.  Env. Placements            X1           Y1          X2           Y2

  1        1                -10.000     -160.000    3160.800     3159.800

Shape               Environments Status & Error Marker 

          1           X1         Y1         X2         Y2

   1      X      -10.000   -160.000   3160.800   3159.800

