[Simulation Monitor: 18]
[2026-05-28 06:59:46.654 Z] [PROCESS] [cadence.virtuoso.ade.simulationMonitor] - Simulation Monitor has successfully started up. Trying to set up communication channels to other components ... {"hostname": "edatools", "processid": 49036, "logfile": "/home/saul/projects/IL2244_VT26_SAUL/logs_saul/logs0/Job18.log"}
[2026-05-28 06:59:46.654 Z] [PROCESS] [cadence.virtuoso.ade.simulationMonitor] - Communication channels have been successfully set up. Start processing events ... {"hostname": "edatools", "processid": 49036, "logfile": "/home/saul/projects/IL2244_VT26_SAUL/logs_saul/logs0/Job18.log"}
[2026-05-28 06:59:46.654 Z] [PROCESS] [cadence.virtuoso.ade.simulationMonitor] - Considering to start history {"hostname": "edatools", "processid": 49036, "history": "Interactive.24", "logfile": "/home/saul/projects/IL2244_VT26_SAUL/logs_saul/logs0/Job18.log"}
[2026-05-28 06:59:46.654 Z] [PROCESS] [cadence.virtuoso.ade.simulationMonitor] - Started History {"hostname": "edatools", "processid": 49036, "history": "MonteCarlo.0", "testname": "TRAN_MC", "cornername": "Nominal", "point": 137, "logfile": "/home/saul/projects/IL2244_VT26_SAUL/logs_saul/logs0/Job18.log"}
[2026-05-28 06:59:46.654 Z] [PROCESS] [cadence.virtuoso.ade.simulationMonitor] - HostInfo:
Host name (type):	edatools (x86_64)
Operating system:	Linux 6.17.0-29-generic #29~24.04.1-Ubuntu SMP PREEMPT_DYNAMIC Mon May 11 10:30:58 UTC 2 {"hostname": "edatools", "processid": 49036, "history": "MonteCarlo.0", "testname": "TRAN_MC", "cornername": "Nominal", "point": 137, "logfile": "/home/saul/projects/IL2244_VT26_SAUL/logs_saul/logs0/Job18.log", "nodename": "edatools", "domainname": "(none)", "machine": "x86_64", "sysname": "Linux", "release": "6.17.0-29-generic", "version": "#29~24.04.1-Ubuntu SMP PREEMPT_DYNAMIC Mon May 11 10:30:58 UTC 2"}
[2026-05-28 06:59:46.654 Z] [PROCESS] [cadence.virtuoso.ade.simulationMonitor] - UsageInfo:
pid=49036
totalPhysicalMemory=62.544987GB,Used=26.380501GB,totalVirtualMemory=70.544983GB,Used=26.380501GB
Cpu: Cores=16, Load average:0.360000,1.650000,1.620000 {"hostname": "edatools", "processid": 49036, "history": "MonteCarlo.0", "testname": "TRAN_MC", "cornername": "Nominal", "point": 137, "logfile": "/home/saul/projects/IL2244_VT26_SAUL/logs_saul/logs0/Job18.log", "pid": "49036", "totalPhysicalMemory": "62.544987", "physicalMemoryUsed": "26.380501", "totalVirtualMemory": "70.544983", "virtualMemoryUsed": "26.380501", "cpuCores": "16", "processes": "2094", "loadAverage1": "0.360000", "loadAverage5": "1.650000", "loadAverage15": "1.620000", "loadAverage1Percent": "0.022500"}
[2026-05-28 06:59:46.654 Z] [EVENT] [cadence.virtuoso.ade.simulationMonitor] - GroupPoints {"history": "MonteCarlo.0", "point": 137, "testname": "TRAN_MC", "cornername": "Nominal", "event": "GroupPoints", "EventSource": "Simulation Monitor", "Points": "137:1:170", "HistoryName": "MonteCarlo.0", "logFile": "/home/saul/projects/IL2244_VT26_SAUL/logs_saul/logs0/Job18.log", "logFileSize": "2619"}
[2026-05-28 06:59:46.654 Z] [EVENT] [cadence.virtuoso.ade.simulationMonitor] - GroupPoints {"history": "MonteCarlo.0", "point": 137, "testname": "TRAN_MC", "cornername": "Nominal", "event": "GroupPoints", "EventSource": "spectre", "Points": "137:1:170", "HistoryName": "MonteCarlo.0", "logFile": "/home/saul/projects/IL2244_VT26_SAUL/Sim/FBIAS/fbias_bias_tb/maestro/results/maestro/MonteCarlo.0/137/TRAN_MC/groupRunDataDir/psf/spectre.out", "logFileSize": "-1"}
[2026-05-28 06:59:46.654 Z] [PROCESS] [cadence.virtuoso.ade.simulationMonitor] - Simulator launched {"hostname": "edatools", "processid": 49036, "history": "MonteCarlo.0", "testname": "TRAN_MC", "cornername": "Nominal", "point": 137, "logfile": "/home/saul/projects/IL2244_VT26_SAUL/logs_saul/logs0/Job18.log", "simid": "1"}
[2026-05-28 06:59:46.654 Z] [PROCESS] [cadence.virtuoso.ade.simulationMonitor] - Expression evaluator launched {"hostname": "edatools", "processid": 49036, "history": "MonteCarlo.0", "testname": "TRAN_MC", "cornername": "Nominal", "point": 137, "logfile": "/home/saul/projects/IL2244_VT26_SAUL/logs_saul/logs0/Job18.log"}
[2026-05-28 06:59:46.654 Z] [PROCESS] [cadence.virtuoso.ade.simulationMonitor] - Started Simulation {"hostname": "edatools", "processid": 49036, "history": "MonteCarlo.0", "testname": "TRAN_MC", "cornername": "Nominal", "point": 137, "logfile": "/home/saul/projects/IL2244_VT26_SAUL/logs_saul/logs0/Job18.log", "event": "started", "task": "simulation"}
[2026-05-28 06:59:47.289 Z] [INFO] [cadence.virtuoso.ade.simulationMonitor] - Notice from spectre during circuit read-in.
    Pre_Configuration file used: /opt/tools/cadence/installs/SPECTRE241/tools.lnx86/spectre/etc/configs/preset.precfg
    Configuration file used: `/opt/tools/cadence/installs/SPECTRE241/tools.lnx86/spectre/etc/configs/preset.cfg'. {"history": "MonteCarlo.0", "point": 137, "testname": "TRAN_MC", "cornername": "Nominal"}
[2026-05-28 06:59:47.289 Z] [WARN] [cadence.virtuoso.ade.simulationMonitor] -     WARNING (SPECTRE-8360): line 1511: `ac' is an undefined primitive device. {"history": "MonteCarlo.0", "point": 137, "testname": "TRAN_MC", "cornername": "Nominal"}
[2026-05-28 06:59:47.289 Z] [WARN] [cadence.virtuoso.ade.simulationMonitor] -     WARNING (SPECTRE-8360): line 1512: `ac' is an undefined primitive device. {"history": "MonteCarlo.0", "point": 137, "testname": "TRAN_MC", "cornername": "Nominal"}
[2026-05-28 06:59:47.289 Z] [WARN] [cadence.virtuoso.ade.simulationMonitor] -     WARNING (SPECTRE-8360): line 1513: `ac' is an undefined primitive device. {"history": "MonteCarlo.0", "point": 137, "testname": "TRAN_MC", "cornername": "Nominal"}
[2026-05-28 06:59:47.289 Z] [WARN] [cadence.virtuoso.ade.simulationMonitor] -     WARNING (SPECTRE-8360): line 1514: `ac' is an undefined primitive device. {"history": "MonteCarlo.0", "point": 137, "testname": "TRAN_MC", "cornername": "Nominal"}
[2026-05-28 06:59:47.289 Z] [WARN] [cadence.virtuoso.ade.simulationMonitor] -     WARNING (SPECTRE-8360): line 1515: `ac' is an undefined primitive device.
        Further occurrences of this warning will be suppressed. {"history": "MonteCarlo.0", "point": 137, "testname": "TRAN_MC", "cornername": "Nominal"}
[2026-05-28 06:59:47.289 Z] [WARN] [cadence.virtuoso.ade.simulationMonitor] -     WARNING (VACOMP-2435): The environment variable CDS_AHDLCMI_ENABLE is no longer supported. Therefore, the simulator will use the default compiled C code flow. {"history": "MonteCarlo.0", "point": 137, "testname": "TRAN_MC", "cornername": "Nominal"}
[2026-05-28 06:59:47.289 Z] [INFO] [cadence.virtuoso.ade.simulationMonitor] - Peak resident memory used = 197 Mbytes. {"history": "MonteCarlo.0", "point": 137, "testname": "TRAN_MC", "cornername": "Nominal"}
[2026-05-28 06:59:50.794 Z] [WARN] [cadence.virtuoso.ade.simulationMonitor] -     WARNING (SFE-3027): The dangling resistor I0.I1.re56 is removed. {"history": "MonteCarlo.0", "point": 137, "testname": "TRAN_MC", "cornername": "Nominal"}
[2026-05-28 06:59:50.794 Z] [WARN] [cadence.virtuoso.ade.simulationMonitor] -     WARNING (SFE-3027): The dangling resistor I0.I1.re57 is removed. {"history": "MonteCarlo.0", "point": 137, "testname": "TRAN_MC", "cornername": "Nominal"}
[2026-05-28 06:59:50.794 Z] [WARN] [cadence.virtuoso.ade.simulationMonitor] -     WARNING (SFE-3027): The dangling resistor I0.I1.re88 is removed. {"history": "MonteCarlo.0", "point": 137, "testname": "TRAN_MC", "cornername": "Nominal"}
[2026-05-28 06:59:50.794 Z] [WARN] [cadence.virtuoso.ade.simulationMonitor] -     WARNING (SFE-3027): The dangling resistor I0.I1.re89 is removed. {"history": "MonteCarlo.0", "point": 137, "testname": "TRAN_MC", "cornername": "Nominal"}
[2026-05-28 06:59:50.794 Z] [WARN] [cadence.virtuoso.ade.simulationMonitor] -     WARNING (SFE-3027): The dangling resistor I0.I1.re202 is removed.
        Further occurrences of this warning will be suppressed. {"history": "MonteCarlo.0", "point": 137, "testname": "TRAN_MC", "cornername": "Nominal"}
[2026-05-28 06:59:50.794 Z] [WARN] [cadence.virtuoso.ade.simulationMonitor] -     WARNING (SFE-3015): The dangling node I0.I2.28\:Y is removed. {"history": "MonteCarlo.0", "point": 137, "testname": "TRAN_MC", "cornername": "Nominal"}
[2026-05-28 06:59:50.794 Z] [WARN] [cadence.virtuoso.ade.simulationMonitor] -     WARNING (SFE-3015): The dangling node I0.I2.30\:BIAS is removed. {"history": "MonteCarlo.0", "point": 137, "testname": "TRAN_MC", "cornername": "Nominal"}
[2026-05-28 06:59:50.794 Z] [WARN] [cadence.virtuoso.ade.simulationMonitor] -     WARNING (SFE-3015): The dangling node I0.I0.33\:BIAS is removed. {"history": "MonteCarlo.0", "point": 137, "testname": "TRAN_MC", "cornername": "Nominal"}
[2026-05-28 06:59:50.794 Z] [WARN] [cadence.virtuoso.ade.simulationMonitor] -     WARNING (SFE-3015): The dangling node I0.I0.30\:BIAS is removed. {"history": "MonteCarlo.0", "point": 137, "testname": "TRAN_MC", "cornername": "Nominal"}
[2026-05-28 06:59:50.794 Z] [WARN] [cadence.virtuoso.ade.simulationMonitor] -     WARNING (SFE-3015): The dangling node I0.I2.24\:BIAS is removed.
        Further occurrences of this warning will be suppressed. {"history": "MonteCarlo.0", "point": 137, "testname": "TRAN_MC", "cornername": "Nominal"}
[2026-05-28 06:59:50.794 Z] [INFO] [cadence.virtuoso.ade.simulationMonitor] - Notice from spectre during hierarchy flattening.
    Spectre X Parasitic Optimization enabled.
    Parasitic optimization will filter out parasitic nodes, nodes only connected to RCs, by default. To view individual parasitic nodes use individual save statements (i.e. save out), or use the 'savefilter=none' option to save all parasitic nodes. Saving all parasitic nodes may slow down simulation and create large waveform files. {"history": "MonteCarlo.0", "point": 137, "testname": "TRAN_MC", "cornername": "Nominal"}
[2026-05-28 06:59:50.794 Z] [INFO] [cadence.virtuoso.ade.simulationMonitor] - Peak resident memory used = 214 Mbytes. {"history": "MonteCarlo.0", "point": 137, "testname": "TRAN_MC", "cornername": "Nominal"}
[2026-05-28 06:59:50.794 Z] [INFO] [cadence.virtuoso.ade.simulationMonitor] - Notice from spectre during hierarchy flattening.
    The value 'psf' specified for the 'checklimitdest' option will no longer be supported in future releases. Use 'spectre -h' to see other recommended values for the 'checklimitdest' option.
    I0.I0.R3.CS0 of rpolyhc: `c' has the unusually small value of 386.063e-21 F.
    I0.I0.R3.CS1 of rpolyhc: `c' has the unusually small value of 386.063e-21 F.
    I0.I0.R4.CS0 of rpolyhc: `c' has the unusually small value of 3.64829e-21 F.
    I0.I0.R4.CS1 of rpolyhc... {"history": "MonteCarlo.0", "point": 137, "testname": "TRAN_MC", "cornername": "Nominal"}
[2026-05-28 06:59:51.302 Z] [INFO] [cadence.virtuoso.ade.simulationMonitor] - Notice from spectre during hierarchy flattening.
    V1: `width' has the unusually large value of 9 s. {"history": "MonteCarlo.0", "point": 137, "testname": "TRAN_MC", "cornername": "Nominal"}
[2026-05-28 06:59:51.302 Z] [INFO] [cadence.virtuoso.ade.simulationMonitor] - Peak resident memory used = 219 Mbytes. {"history": "MonteCarlo.0", "point": 137, "testname": "TRAN_MC", "cornername": "Nominal"}
[2026-05-28 06:59:51.302 Z] [WARN] [cadence.virtuoso.ade.simulationMonitor] -     WARNING (CMI-2210): V1: Period is smaller than rise+width+fall. It is reset to rise+width+fall. {"history": "MonteCarlo.0", "point": 137, "testname": "TRAN_MC", "cornername": "Nominal"}
[2026-05-28 06:59:51.302 Z] [WARN] [cadence.virtuoso.ade.simulationMonitor] -     WARNING (CMI-2425): I0.I4.C1(10): `Acde' = 2.393 is unusually large. {"history": "MonteCarlo.0", "point": 137, "testname": "TRAN_MC", "cornername": "Nominal"}
[2026-05-28 06:59:51.302 Z] [WARN] [cadence.virtuoso.ade.simulationMonitor] -     WARNING (CMI-2425): I0.I4.C1(10): `Noff' = 4.732 is unusually large. {"history": "MonteCarlo.0", "point": 137, "testname": "TRAN_MC", "cornername": "Nominal"}
[2026-05-28 06:59:51.302 Z] [WARN] [cadence.virtuoso.ade.simulationMonitor] -     WARNING (CMI-2424): I0.I4.C1(10): `Voffcv' = -867.4e-03 is unusually small. {"history": "MonteCarlo.0", "point": 137, "testname": "TRAN_MC", "cornername": "Nominal"}
[2026-05-28 06:59:51.302 Z] [WARN] [cadence.virtuoso.ade.simulationMonitor] -     WARNING (CMI-2425): I0.I4.C1(9): `Acde' = 2.393 is unusually large. {"history": "MonteCarlo.0", "point": 137, "testname": "TRAN_MC", "cornername": "Nominal"}
[2026-05-28 06:59:51.302 Z] [WARN] [cadence.virtuoso.ade.simulationMonitor] -     WARNING (CMI-2425): I0.I4.C1(9): `Noff' = 4.732 is unusually large. {"history": "MonteCarlo.0", "point": 137, "testname": "TRAN_MC", "cornername": "Nominal"}
[2026-05-28 06:59:51.302 Z] [WARN] [cadence.virtuoso.ade.simulationMonitor] -     WARNING (CMI-2424): I0.I4.C1(9): `Voffcv' = -867.4e-03 is unusually small. {"history": "MonteCarlo.0", "point": 137, "testname": "TRAN_MC", "cornername": "Nominal"}
[2026-05-28 06:59:51.302 Z] [WARN] [cadence.virtuoso.ade.simulationMonitor] -     WARNING (CMI-2425): I0.I4.C1(8): `Acde' = 2.393 is unusually large.
        Further occurrences of this warning will be suppressed. {"history": "MonteCarlo.0", "point": 137, "testname": "TRAN_MC", "cornername": "Nominal"}
[2026-05-28 06:59:51.302 Z] [WARN] [cadence.virtuoso.ade.simulationMonitor] -     WARNING (CMI-2424): I0.I4.C1(8): `Voffcv' = -867.4e-03 is unusually small. {"history": "MonteCarlo.0", "point": 137, "testname": "TRAN_MC", "cornername": "Nominal"}
[2026-05-28 06:59:51.302 Z] [WARN] [cadence.virtuoso.ade.simulationMonitor] -     WARNING (CMI-2424): I0.I4.C1(7): `Voffcv' = -867.4e-03 is unusually small. {"history": "MonteCarlo.0", "point": 137, "testname": "TRAN_MC", "cornername": "Nominal"}
[2026-05-28 06:59:51.302 Z] [WARN] [cadence.virtuoso.ade.simulationMonitor] -     WARNING (CMI-2424): I0.I4.C1(6): `Voffcv' = -867.4e-03 is unusually small.
        Further occurrences of this warning will be suppressed. {"history": "MonteCarlo.0", "point": 137, "testname": "TRAN_MC", "cornername": "Nominal"}
[2026-05-28 06:59:53.309 Z] [WARN] [cadence.virtuoso.ade.simulationMonitor] -     WARNING (SPECTRE-17607): Assert `SOAC_vert10_vsubpsub' is ignored because it contains an expression which is invalid or not supported by native evaluator.  {"history": "MonteCarlo.0", "point": 137, "testname": "TRAN_MC", "cornername": "Nominal"}
[2026-05-28 06:59:53.309 Z] [WARN] [cadence.virtuoso.ade.simulationMonitor] -     WARNING (SPECTRE-17607): Assert `SOAC_vert10_vcsub' is ignored because it contains an expression which is invalid or not supported by native evaluator.  {"history": "MonteCarlo.0", "point": 137, "testname": "TRAN_MC", "cornername": "Nominal"}
[2026-05-28 06:59:53.309 Z] [WARN] [cadence.virtuoso.ade.simulationMonitor] -     WARNING (SPECTRE-16460): SOAC_cvarm_vspsub:Specified subcircuit master `cvarm' was not found. {"history": "MonteCarlo.0", "point": 137, "testname": "TRAN_MC", "cornername": "Nominal"}
[2026-05-28 06:59:53.309 Z] [WARN] [cadence.virtuoso.ade.simulationMonitor] -     WARNING (SPECTRE-16462): SOAC_cvarm_vspsub:Error in specification of subcircuit master. Assert is ignored. {"history": "MonteCarlo.0", "point": 137, "testname": "TRAN_MC", "cornername": "Nominal"}
[2026-05-28 06:59:53.309 Z] [WARN] [cadence.virtuoso.ade.simulationMonitor] -     WARNING (SPECTRE-16460): SOAC_cvarm_vbs:Specified subcircuit master `cvarm' was not found. {"history": "MonteCarlo.0", "point": 137, "testname": "TRAN_MC", "cornername": "Nominal"}
[2026-05-28 06:59:53.309 Z] [WARN] [cadence.virtuoso.ade.simulationMonitor] -     WARNING (SPECTRE-16462): SOAC_cvarm_vbs:Error in specification of subcircuit master. Assert is ignored. {"history": "MonteCarlo.0", "point": 137, "testname": "TRAN_MC", "cornername": "Nominal"}
[2026-05-28 06:59:53.309 Z] [WARN] [cadence.virtuoso.ade.simulationMonitor] -     WARNING (SPECTRE-16460): SOAC_cvarm_vgb:Specified subcircuit master `cvarm' was not found. {"history": "MonteCarlo.0", "point": 137, "testname": "TRAN_MC", "cornername": "Nominal"}
[2026-05-28 06:59:53.309 Z] [WARN] [cadence.virtuoso.ade.simulationMonitor] -     WARNING (SPECTRE-16462): SOAC_cvarm_vgb:Error in specification of subcircuit master. Assert is ignored. {"history": "MonteCarlo.0", "point": 137, "testname": "TRAN_MC", "cornername": "Nominal"}
[2026-05-28 06:59:53.309 Z] [WARN] [cadence.virtuoso.ade.simulationMonitor] -     WARNING (SPECTRE-16460): SOAC_cvart_vspsub:Specified subcircuit master `cvart' was not found. {"history": "MonteCarlo.0", "point": 137, "testname": "TRAN_MC", "cornername": "Nominal"}
[2026-05-28 06:59:53.309 Z] [WARN] [cadence.virtuoso.ade.simulationMonitor] -     WARNING (SPECTRE-16462): SOAC_cvart_vspsub:Error in specification of subcircuit master. Assert is ignored. {"history": "MonteCarlo.0", "point": 137, "testname": "TRAN_MC", "cornername": "Nominal"}
[2026-05-28 06:59:53.309 Z] [WARN] [cadence.virtuoso.ade.simulationMonitor] -     WARNING (SPECTRE-16460): SOAC_cvart_vbs:Specified subcircuit master `cvart' was not found.
        Further occurrences of this warning will be suppressed. {"history": "MonteCarlo.0", "point": 137, "testname": "TRAN_MC", "cornername": "Nominal"}
[2026-05-28 06:59:53.309 Z] [WARN] [cadence.virtuoso.ade.simulationMonitor] -     WARNING (SPECTRE-16462): SOAC_cvart_vbs:Error in specification of subcircuit master. Assert is ignored.
        Further occurrences of this warning will be suppressed. {"history": "MonteCarlo.0", "point": 137, "testname": "TRAN_MC", "cornername": "Nominal"}
[2026-05-28 06:59:55.816 Z] [INFO] [cadence.virtuoso.ade.simulationMonitor] - Notice from spectre during topology check.
    Only one connection to the following 668 nodes:
        I0.I1.R2.R1.psub!
        I0.I1.R2.R2.psub!
        I0.I1.C0.psub!
        I0.I1.avD43_1.psub!
        I0.I1.MP0(0).psub!
        Further occurrences of this notice will be suppressed. {"history": "MonteCarlo.0", "point": 137, "testname": "TRAN_MC", "cornername": "Nominal"}
[2026-05-28 07:00:01.321 Z] [INFO] [cadence.virtuoso.ade.simulationMonitor] -               nodes 7302 {"history": "MonteCarlo.0", "point": 137, "testname": "TRAN_MC", "cornername": "Nominal"}
[2026-05-28 07:00:01.321 Z] [INFO] [cadence.virtuoso.ade.simulationMonitor] - Notice from spectre during initial setup.
    Spectre X preset=cx enabled.
    5 notices suppressed.
    176 warnings suppressed. {"history": "MonteCarlo.0", "point": 137, "testname": "TRAN_MC", "cornername": "Nominal"}
[2026-05-28 07:00:01.321 Z] [INFO] [cadence.virtuoso.ade.simulationMonitor] - Notice from spectre.
    Multithreading enabled: 8 threads in the system with 16 available processors. {"history": "MonteCarlo.0", "point": 137, "testname": "TRAN_MC", "cornername": "Nominal"}
[2026-05-28 07:00:01.321 Z] [INFO] [cadence.virtuoso.ade.simulationMonitor] - Peak resident memory used = 253 Mbytes. {"history": "MonteCarlo.0", "point": 137, "testname": "TRAN_MC", "cornername": "Nominal"}
[2026-05-28 07:00:01.321 Z] [INFO] [cadence.virtuoso.ade.simulationMonitor] -    -   (Spectre X) Multi-threading. The recommended number of threads is [2, 4], consider adding +mt=2 or +mt=4 on command line. {"history": "MonteCarlo.0", "point": 137, "testname": "TRAN_MC", "cornername": "Nominal"}
[2026-05-28 07:00:01.321 Z] [INFO] [cadence.virtuoso.ade.simulationMonitor] - Notice from spectre in `vert10':`I0.I2.Q3(29)', in `fecg_bandgap3_layout':`I0.I2', in `fbias_bias2_f':`I0', during Monte Carlo analysis `mc1'.
    I0.I2.Q3(29).bjtinsub: `minr' has the unusually small value of 10 fOhm. {"history": "MonteCarlo.0", "point": 137, "testname": "TRAN_MC", "cornername": "Nominal"}
[2026-05-28 07:00:01.321 Z] [INFO] [cadence.virtuoso.ade.simulationMonitor] - Notice from spectre in `vert10':`I0.I2.Q3(28)', in `fecg_bandgap3_layout':`I0.I2', in `fbias_bias2_f':`I0', during Monte Carlo analysis `mc1'.
    I0.I2.Q3(28).bjtinsub: `minr' has the unusually small value of 10 fOhm. {"history": "MonteCarlo.0", "point": 137, "testname": "TRAN_MC", "cornername": "Nominal"}
[2026-05-28 07:00:01.321 Z] [INFO] [cadence.virtuoso.ade.simulationMonitor] - Notice from spectre in `vert10':`I0.I2.Q3(27)', in `fecg_bandgap3_layout':`I0.I2', in `fbias_bias2_f':`I0', during Monte Carlo analysis `mc1'.
    I0.I2.Q3(27).bjtinsub: `minr' has the unusually small value of 10 fOhm. {"history": "MonteCarlo.0", "point": 137, "testname": "TRAN_MC", "cornername": "Nominal"}
[2026-05-28 07:00:01.321 Z] [INFO] [cadence.virtuoso.ade.simulationMonitor] - Notice from spectre in `vert10':`I0.I2.Q3(26)', in `fecg_bandgap3_layout':`I0.I2', in `fbias_bias2_f':`I0', during Monte Carlo analysis `mc1'.
    I0.I2.Q3(26).bjtinsub: `minr' has the unusually small value of 10 fOhm. {"history": "MonteCarlo.0", "point": 137, "testname": "TRAN_MC", "cornername": "Nominal"}
[2026-05-28 07:00:01.321 Z] [INFO] [cadence.virtuoso.ade.simulationMonitor] - Notice from spectre in `vert10':`I0.I2.Q3(25)', in `fecg_bandgap3_layout':`I0.I2', in `fbias_bias2_f':`I0', during Monte Carlo analysis `mc1'.
    I0.I2.Q3(25).bjtinsub: `minr' has the unusually small value of 10 fOhm.
        Further occurrences of this notice will be suppressed. {"history": "MonteCarlo.0", "point": 137, "testname": "TRAN_MC", "cornername": "Nominal"}
[2026-05-28 07:00:10.896 Z] [INFO] [cadence.virtuoso.ade.simulationMonitor] - Notice from spectre at iteration = 137 during Monte Carlo analysis `mc1'.
    V1: `width' has the unusually large value of 9 s. {"history": "MonteCarlo.0", "point": 137, "testname": "TRAN_MC", "cornername": "Nominal"}
[2026-05-28 07:00:11.401 Z] [WARN] [cadence.virtuoso.ade.simulationMonitor] -     WARNING (CMI-2425): I0.I4.C1(10): `Acde' = 2.393 is unusually large. {"history": "MonteCarlo.0", "point": 137, "testname": "TRAN_MC", "cornername": "Nominal"}
[2026-05-28 07:00:11.401 Z] [WARN] [cadence.virtuoso.ade.simulationMonitor] -     WARNING (CMI-2425): I0.I4.C1(10): `Noff' = 4.732 is unusually large. {"history": "MonteCarlo.0", "point": 137, "testname": "TRAN_MC", "cornername": "Nominal"}
[2026-05-28 07:00:11.401 Z] [WARN] [cadence.virtuoso.ade.simulationMonitor] -     WARNING (CMI-2424): I0.I4.C1(10): `Voffcv' = -867.4e-03 is unusually small. {"history": "MonteCarlo.0", "point": 137, "testname": "TRAN_MC", "cornername": "Nominal"}
[2026-05-28 07:00:11.401 Z] [WARN] [cadence.virtuoso.ade.simulationMonitor] -     WARNING (CMI-2425): I0.I4.C1(9): `Acde' = 2.393 is unusually large. {"history": "MonteCarlo.0", "point": 137, "testname": "TRAN_MC", "cornername": "Nominal"}
[2026-05-28 07:00:11.401 Z] [WARN] [cadence.virtuoso.ade.simulationMonitor] -     WARNING (CMI-2425): I0.I4.C1(9): `Noff' = 4.732 is unusually large. {"history": "MonteCarlo.0", "point": 137, "testname": "TRAN_MC", "cornername": "Nominal"}
[2026-05-28 07:00:11.401 Z] [WARN] [cadence.virtuoso.ade.simulationMonitor] -     WARNING (CMI-2424): I0.I4.C1(9): `Voffcv' = -867.4e-03 is unusually small. {"history": "MonteCarlo.0", "point": 137, "testname": "TRAN_MC", "cornername": "Nominal"}
[2026-05-28 07:00:11.401 Z] [WARN] [cadence.virtuoso.ade.simulationMonitor] -     WARNING (CMI-2425): I0.I4.C1(8): `Acde' = 2.393 is unusually large.
        Further occurrences of this warning will be suppressed. {"history": "MonteCarlo.0", "point": 137, "testname": "TRAN_MC", "cornername": "Nominal"}
[2026-05-28 07:00:11.401 Z] [WARN] [cadence.virtuoso.ade.simulationMonitor] -     WARNING (CMI-2424): I0.I4.C1(8): `Voffcv' = -867.4e-03 is unusually small. {"history": "MonteCarlo.0", "point": 137, "testname": "TRAN_MC", "cornername": "Nominal"}
[2026-05-28 07:00:11.401 Z] [WARN] [cadence.virtuoso.ade.simulationMonitor] -     WARNING (CMI-2424): I0.I4.C1(7): `Voffcv' = -867.4e-03 is unusually small. {"history": "MonteCarlo.0", "point": 137, "testname": "TRAN_MC", "cornername": "Nominal"}
[2026-05-28 07:00:11.401 Z] [WARN] [cadence.virtuoso.ade.simulationMonitor] -     WARNING (CMI-2424): I0.I4.C1(6): `Voffcv' = -867.4e-03 is unusually small.
        Further occurrences of this warning will be suppressed. {"history": "MonteCarlo.0", "point": 137, "testname": "TRAN_MC", "cornername": "Nominal"}
[2026-05-28 07:00:11.401 Z] [WARN] [cadence.virtuoso.ade.simulationMonitor] -     WARNING (CMI-2210): V1: Period is smaller than rise+width+fall. It is reset to rise+width+fall. {"history": "MonteCarlo.0", "point": 137, "testname": "TRAN_MC", "cornername": "Nominal"}
[2026-05-28 07:00:11.401 Z] [INFO] [cadence.virtuoso.ade.simulationMonitor] - Notice from spectre at iteration = 137 during transient analysis `tran', during Monte Carlo analysis `mc1'.
    No checklimit analysis defined for asserts. A default checklimit analysis 'SpectreChecklimitAnal' has been created with all asserts enabled. {"history": "MonteCarlo.0", "point": 137, "testname": "TRAN_MC", "cornername": "Nominal"}
[2026-05-28 07:00:13.491 Z] [INFO] [cadence.virtuoso.ade.simulationMonitor] - Notice from spectre at iteration = 137 during IC analysis, during transient analysis `tran', during Monte Carlo analysis `mc1'.
    Bad pivoting is found during DC analysis. Option dc_pivot_check=yes is recommended for possible improvement of convergence. {"history": "MonteCarlo.0", "point": 137, "testname": "TRAN_MC", "cornername": "Nominal"}
[2026-05-28 07:00:13.491 Z] [WARN] [cadence.virtuoso.ade.simulationMonitor] -     WARNING (CMI-2943): Parameter checks have been ignored because the valid value for parameter 'trise' could not be found in 'R7'. {"history": "MonteCarlo.0", "point": 137, "testname": "TRAN_MC", "cornername": "Nominal"}
[2026-05-28 07:00:13.491 Z] [WARN] [cadence.virtuoso.ade.simulationMonitor] -     WARNING (CMI-2943): Parameter checks have been ignored because the valid value for parameter 'trise' could not be found in 'C0'. {"history": "MonteCarlo.0", "point": 137, "testname": "TRAN_MC", "cornername": "Nominal"}
[2026-05-28 07:00:13.491 Z] [WARN] [cadence.virtuoso.ade.simulationMonitor] -     WARNING (CMI-2943): Parameter checks have been ignored because the valid value for parameter 'trise' could not be found in 'C1'. {"history": "MonteCarlo.0", "point": 137, "testname": "TRAN_MC", "cornername": "Nominal"}
[2026-05-28 07:00:13.491 Z] [WARN] [cadence.virtuoso.ade.simulationMonitor] -     WARNING (CMI-2943): Parameter checks have been ignored because the valid value for parameter 'trise' could not be found in 'C2'. {"history": "MonteCarlo.0", "point": 137, "testname": "TRAN_MC", "cornername": "Nominal"}
[2026-05-28 07:00:13.491 Z] [WARN] [cadence.virtuoso.ade.simulationMonitor] -     WARNING (CMI-2943): Parameter checks have been ignored because the valid value for parameter 'trise' could not be found in 'I0.I4.R29.CM'.
        Further occurrences of this warning will be suppressed. {"history": "MonteCarlo.0", "point": 137, "testname": "TRAN_MC", "cornername": "Nominal"}
[2026-05-28 07:00:47.697 Z] [INFO] [cadence.virtuoso.ade.simulationMonitor] - Total time required for tran analysis `tran': CPU = 42.0049 s, elapsed = 36.3036 s, util. = 116%. {"history": "MonteCarlo.0", "point": 137, "testname": "TRAN_MC", "cornername": "Nominal"}
[2026-05-28 07:00:47.697 Z] [INFO] [cadence.virtuoso.ade.simulationMonitor] - Peak resident memory used = 297 Mbytes. {"history": "MonteCarlo.0", "point": 137, "testname": "TRAN_MC", "cornername": "Nominal"}
[2026-05-28 07:00:47.697 Z] [INFO] [cadence.virtuoso.ade.simulationMonitor] - Notice from spectre during transient analysis `tran', during Monte Carlo analysis `mc1'.
    124 notices suppressed.
    560 warnings suppressed. {"history": "MonteCarlo.0", "point": 137, "testname": "TRAN_MC", "cornername": "Nominal"}
[2026-05-28 07:00:49.702 Z] [INFO] [cadence.virtuoso.ade.simulationMonitor] - Notice from spectre in `rpolyhc':`I0.I0.R3', in `fbias_por2_f':`I0.I0', in `fbias_bias2_f':`I0', during Monte Carlo analysis `mc1'.
    I0.I0.R3.CS0 of rpolyhc: `c' has the unusually small value of 386.063e-21 F.
    I0.I0.R3.CS1 of rpolyhc: `c' has the unusually small value of 386.063e-21 F. {"history": "MonteCarlo.0", "point": 137, "testname": "TRAN_MC", "cornername": "Nominal"}
[2026-05-28 07:00:49.702 Z] [INFO] [cadence.virtuoso.ade.simulationMonitor] - Notice from spectre in `rpolyhc':`I0.I0.R4', in `fbias_por2_f':`I0.I0', in `fbias_bias2_f':`I0', during Monte Carlo analysis `mc1'.
    I0.I0.R4.CS0 of rpolyhc: `c' has the unusually small value of 3.64829e-21 F.
    I0.I0.R4.CS1 of rpolyhc: `c' has the unusually small value of 3.64829e-21 F. {"history": "MonteCarlo.0", "point": 137, "testname": "TRAN_MC", "cornername": "Nominal"}
[2026-05-28 07:00:49.702 Z] [PROCESS] [cadence.virtuoso.ade.simulationMonitor] - Finished simulating for one iteration {"hostname": "edatools", "processid": 49036, "history": "MonteCarlo.0", "testname": "TRAN_MC", "cornername": "Nominal", "point": 137, "logfile": "/home/saul/projects/IL2244_VT26_SAUL/logs_saul/logs0/Job18.log", "simid": "1"}
[2026-05-28 07:00:49.702 Z] [PROCESS] [cadence.virtuoso.ade.simulationMonitor] - Started Simulation {"hostname": "edatools", "processid": 49036, "history": "MonteCarlo.0", "testname": "TRAN_MC", "cornername": "Nominal", "point": 138, "logfile": "/home/saul/projects/IL2244_VT26_SAUL/logs_saul/logs0/Job18.log", "event": "started", "task": "simulation"}
[2026-05-28 07:00:50.206 Z] [INFO] [cadence.virtuoso.ade.simulationMonitor] - Notice from spectre in `vert10':`I0.I2.Q3(30)', in `fecg_bandgap3_layout':`I0.I2', in `fbias_bias2_f':`I0', during Monte Carlo analysis `mc1'.
    I0.I2.Q3(30).bjtinsub: `rbm' has the unusually small value of 979.959 mOhm.
        Further occurrences of this notice will be suppressed. {"history": "MonteCarlo.0", "point": 138, "testname": "TRAN_MC", "cornername": "Nominal"}
[2026-05-28 07:00:50.206 Z] [INFO] [cadence.virtuoso.ade.simulationMonitor] - Notice from spectre during Monte Carlo analysis `mc1'.
    V1: `width' has the unusually large value of 9 s. {"history": "MonteCarlo.0", "point": 138, "testname": "TRAN_MC", "cornername": "Nominal"}
[2026-05-28 07:00:50.206 Z] [WARN] [cadence.virtuoso.ade.simulationMonitor] -     WARNING (CMI-2210): V1: Period is smaller than rise+width+fall. It is reset to rise+width+fall. {"history": "MonteCarlo.0", "point": 138, "testname": "TRAN_MC", "cornername": "Nominal"}
[2026-05-28 07:00:50.206 Z] [WARN] [cadence.virtuoso.ade.simulationMonitor] -     WARNING (CMI-2425): I0.I4.C1(10): `Acde' = 2.393 is unusually large. {"history": "MonteCarlo.0", "point": 138, "testname": "TRAN_MC", "cornername": "Nominal"}
[2026-05-28 07:00:50.206 Z] [WARN] [cadence.virtuoso.ade.simulationMonitor] -     WARNING (CMI-2425): I0.I4.C1(10): `Noff' = 4.732 is unusually large. {"history": "MonteCarlo.0", "point": 138, "testname": "TRAN_MC", "cornername": "Nominal"}
[2026-05-28 07:00:50.206 Z] [WARN] [cadence.virtuoso.ade.simulationMonitor] -     WARNING (CMI-2424): I0.I4.C1(10): `Voffcv' = -867.4e-03 is unusually small. {"history": "MonteCarlo.0", "point": 138, "testname": "TRAN_MC", "cornername": "Nominal"}
[2026-05-28 07:00:50.206 Z] [WARN] [cadence.virtuoso.ade.simulationMonitor] -     WARNING (CMI-2425): I0.I4.C1(9): `Acde' = 2.393 is unusually large. {"history": "MonteCarlo.0", "point": 138, "testname": "TRAN_MC", "cornername": "Nominal"}
[2026-05-28 07:00:50.206 Z] [WARN] [cadence.virtuoso.ade.simulationMonitor] -     WARNING (CMI-2425): I0.I4.C1(9): `Noff' = 4.732 is unusually large. {"history": "MonteCarlo.0", "point": 138, "testname": "TRAN_MC", "cornername": "Nominal"}
[2026-05-28 07:00:50.206 Z] [WARN] [cadence.virtuoso.ade.simulationMonitor] -     WARNING (CMI-2424): I0.I4.C1(9): `Voffcv' = -867.4e-03 is unusually small. {"history": "MonteCarlo.0", "point": 138, "testname": "TRAN_MC", "cornername": "Nominal"}
[2026-05-28 07:00:50.206 Z] [WARN] [cadence.virtuoso.ade.simulationMonitor] -     WARNING (CMI-2425): I0.I4.C1(8): `Acde' = 2.393 is unusually large.
        Further occurrences of this warning will be suppressed. {"history": "MonteCarlo.0", "point": 138, "testname": "TRAN_MC", "cornername": "Nominal"}
[2026-05-28 07:00:50.206 Z] [WARN] [cadence.virtuoso.ade.simulationMonitor] -     WARNING (CMI-2424): I0.I4.C1(8): `Voffcv' = -867.4e-03 is unusually small. {"history": "MonteCarlo.0", "point": 138, "testname": "TRAN_MC", "cornername": "Nominal"}
[2026-05-28 07:00:50.206 Z] [WARN] [cadence.virtuoso.ade.simulationMonitor] -     WARNING (CMI-2424): I0.I4.C1(7): `Voffcv' = -867.4e-03 is unusually small. {"history": "MonteCarlo.0", "point": 138, "testname": "TRAN_MC", "cornername": "Nominal"}
[2026-05-28 07:00:50.206 Z] [WARN] [cadence.virtuoso.ade.simulationMonitor] -     WARNING (CMI-2424): I0.I4.C1(6): `Voffcv' = -867.4e-03 is unusually small.
        Further occurrences of this warning will be suppressed. {"history": "MonteCarlo.0", "point": 138, "testname": "TRAN_MC", "cornername": "Nominal"}
[2026-05-28 07:00:52.301 Z] [INFO] [cadence.virtuoso.ade.simulationMonitor] - Notice from spectre during IC analysis, during transient analysis `tran', during Monte Carlo analysis `mc1'.
    Bad pivoting is found during DC analysis. Option dc_pivot_check=yes is recommended for possible improvement of convergence. {"history": "MonteCarlo.0", "point": 138, "testname": "TRAN_MC", "cornername": "Nominal"}
[2026-05-28 07:00:52.301 Z] [WARN] [cadence.virtuoso.ade.simulationMonitor] -     WARNING (CMI-2943): Parameter checks have been ignored because the valid value for parameter 'trise' could not be found in 'R7'. {"history": "MonteCarlo.0", "point": 138, "testname": "TRAN_MC", "cornername": "Nominal"}
[2026-05-28 07:00:52.301 Z] [WARN] [cadence.virtuoso.ade.simulationMonitor] -     WARNING (CMI-2943): Parameter checks have been ignored because the valid value for parameter 'trise' could not be found in 'C0'. {"history": "MonteCarlo.0", "point": 138, "testname": "TRAN_MC", "cornername": "Nominal"}
[2026-05-28 07:00:52.301 Z] [WARN] [cadence.virtuoso.ade.simulationMonitor] -     WARNING (CMI-2943): Parameter checks have been ignored because the valid value for parameter 'trise' could not be found in 'C1'. {"history": "MonteCarlo.0", "point": 138, "testname": "TRAN_MC", "cornername": "Nominal"}
[2026-05-28 07:00:52.301 Z] [WARN] [cadence.virtuoso.ade.simulationMonitor] -     WARNING (CMI-2943): Parameter checks have been ignored because the valid value for parameter 'trise' could not be found in 'C2'. {"history": "MonteCarlo.0", "point": 138, "testname": "TRAN_MC", "cornername": "Nominal"}
[2026-05-28 07:00:52.301 Z] [WARN] [cadence.virtuoso.ade.simulationMonitor] -     WARNING (CMI-2943): Parameter checks have been ignored because the valid value for parameter 'trise' could not be found in 'I0.I4.R29.CM'.
        Further occurrences of this warning will be suppressed. {"history": "MonteCarlo.0", "point": 138, "testname": "TRAN_MC", "cornername": "Nominal"}
[2026-05-28 07:00:58.398 Z] [WARN] [cadence.virtuoso.ade.simulationMonitor] -     WARNING (CMI-2151): I0.I1.C0: Missing bulk-source diode would be forward biased. {"history": "MonteCarlo.0", "point": 138, "testname": "TRAN_MC", "cornername": "Nominal"}
[2026-05-28 07:00:58.398 Z] [WARN] [cadence.virtuoso.ade.simulationMonitor] -     WARNING (CMI-2151): I0.I1.C0: Missing bulk-drain diode would be forward biased. {"history": "MonteCarlo.0", "point": 138, "testname": "TRAN_MC", "cornername": "Nominal"}
[2026-05-28 07:00:58.398 Z] [INFO] [cadence.virtuoso.ade.simulationMonitor] - Notice from spectre at time = 182.098 us during transient analysis `tran', during Monte Carlo analysis `mc1'.
    I0.I1.C0: Missing bulk-source diode returns to normal bias condition.
    I0.I1.C0: Missing bulk-drain diode returns to normal bias condition. {"history": "MonteCarlo.0", "point": 138, "testname": "TRAN_MC", "cornername": "Nominal"}
[2026-05-28 07:01:46.202 Z] [INFO] [cadence.virtuoso.ade.simulationMonitor] - Total time required for tran analysis `tran': CPU = 39.0533 s, elapsed = 55.6359 s, util. = 70.2%. {"history": "MonteCarlo.0", "point": 138, "testname": "TRAN_MC", "cornername": "Nominal"}
[2026-05-28 07:01:46.202 Z] [INFO] [cadence.virtuoso.ade.simulationMonitor] - Peak resident memory used = 302 Mbytes. {"history": "MonteCarlo.0", "point": 138, "testname": "TRAN_MC", "cornername": "Nominal"}
[2026-05-28 07:01:46.202 Z] [INFO] [cadence.virtuoso.ade.simulationMonitor] - Notice from spectre during transient analysis `tran', during Monte Carlo analysis `mc1'.
    125 notices suppressed.
    560 warnings suppressed. {"history": "MonteCarlo.0", "point": 138, "testname": "TRAN_MC", "cornername": "Nominal"}
[2026-05-28 07:01:48.213 Z] [PROCESS] [cadence.virtuoso.ade.simulationMonitor] - Finished simulating for one iteration {"hostname": "edatools", "processid": 49036, "history": "MonteCarlo.0", "testname": "TRAN_MC", "cornername": "Nominal", "point": 138, "logfile": "/home/saul/projects/IL2244_VT26_SAUL/logs_saul/logs0/Job18.log", "simid": "1"}
[2026-05-28 07:01:48.213 Z] [PROCESS] [cadence.virtuoso.ade.simulationMonitor] - Started Simulation {"hostname": "edatools", "processid": 49036, "history": "MonteCarlo.0", "testname": "TRAN_MC", "cornername": "Nominal", "point": 139, "logfile": "/home/saul/projects/IL2244_VT26_SAUL/logs_saul/logs0/Job18.log", "event": "started", "task": "simulation"}
[2026-05-28 07:01:48.213 Z] [INFO] [cadence.virtuoso.ade.simulationMonitor] - Notice from spectre in `rpolyhc':`I0.I0.R3', in `fbias_por2_f':`I0.I0', in `fbias_bias2_f':`I0', during Monte Carlo analysis `mc1'.
    I0.I0.R3.CS0 of rpolyhc: `c' has the unusually small value of 386.063e-21 F.
    I0.I0.R3.CS1 of rpolyhc: `c' has the unusually small value of 386.063e-21 F. {"history": "MonteCarlo.0", "point": 139, "testname": "TRAN_MC", "cornername": "Nominal"}
[2026-05-28 07:01:48.213 Z] [INFO] [cadence.virtuoso.ade.simulationMonitor] - Notice from spectre in `rpolyhc':`I0.I0.R4', in `fbias_por2_f':`I0.I0', in `fbias_bias2_f':`I0', during Monte Carlo analysis `mc1'.
    I0.I0.R4.CS0 of rpolyhc: `c' has the unusually small value of 3.64829e-21 F.
    I0.I0.R4.CS1 of rpolyhc: `c' has the unusually small value of 3.64829e-21 F. {"history": "MonteCarlo.0", "point": 139, "testname": "TRAN_MC", "cornername": "Nominal"}
[2026-05-28 07:01:49.289 Z] [INFO] [cadence.virtuoso.ade.simulationMonitor] - Notice from spectre in `vert10':`I0.I2.Q3(30)', in `fecg_bandgap3_layout':`I0.I2', in `fbias_bias2_f':`I0', during Monte Carlo analysis `mc1'.
    I0.I2.Q3(30).bjtinsub: `minr' has the unusually small value of 10 fOhm.
        Further occurrences of this notice will be suppressed. {"history": "MonteCarlo.0", "point": 139, "testname": "TRAN_MC", "cornername": "Nominal"}
[2026-05-28 07:01:49.289 Z] [INFO] [cadence.virtuoso.ade.simulationMonitor] - Notice from spectre during Monte Carlo analysis `mc1'.
    V1: `width' has the unusually large value of 9 s. {"history": "MonteCarlo.0", "point": 139, "testname": "TRAN_MC", "cornername": "Nominal"}
[2026-05-28 07:01:49.289 Z] [WARN] [cadence.virtuoso.ade.simulationMonitor] -     WARNING (CMI-2210): V1: Period is smaller than rise+width+fall. It is reset to rise+width+fall. {"history": "MonteCarlo.0", "point": 139, "testname": "TRAN_MC", "cornername": "Nominal"}
[2026-05-28 07:01:49.289 Z] [WARN] [cadence.virtuoso.ade.simulationMonitor] -     WARNING (CMI-2425): I0.I4.C1(10): `Acde' = 2.393 is unusually large. {"history": "MonteCarlo.0", "point": 139, "testname": "TRAN_MC", "cornername": "Nominal"}
[2026-05-28 07:01:49.289 Z] [WARN] [cadence.virtuoso.ade.simulationMonitor] -     WARNING (CMI-2425): I0.I4.C1(10): `Noff' = 4.732 is unusually large. {"history": "MonteCarlo.0", "point": 139, "testname": "TRAN_MC", "cornername": "Nominal"}
[2026-05-28 07:01:49.289 Z] [WARN] [cadence.virtuoso.ade.simulationMonitor] -     WARNING (CMI-2424): I0.I4.C1(10): `Voffcv' = -867.4e-03 is unusually small. {"history": "MonteCarlo.0", "point": 139, "testname": "TRAN_MC", "cornername": "Nominal"}
[2026-05-28 07:01:49.289 Z] [WARN] [cadence.virtuoso.ade.simulationMonitor] -     WARNING (CMI-2425): I0.I4.C1(9): `Acde' = 2.393 is unusually large. {"history": "MonteCarlo.0", "point": 139, "testname": "TRAN_MC", "cornername": "Nominal"}
[2026-05-28 07:01:49.289 Z] [WARN] [cadence.virtuoso.ade.simulationMonitor] -     WARNING (CMI-2425): I0.I4.C1(9): `Noff' = 4.732 is unusually large. {"history": "MonteCarlo.0", "point": 139, "testname": "TRAN_MC", "cornername": "Nominal"}
[2026-05-28 07:01:49.289 Z] [WARN] [cadence.virtuoso.ade.simulationMonitor] -     WARNING (CMI-2424): I0.I4.C1(9): `Voffcv' = -867.4e-03 is unusually small. {"history": "MonteCarlo.0", "point": 139, "testname": "TRAN_MC", "cornername": "Nominal"}
[2026-05-28 07:01:49.289 Z] [WARN] [cadence.virtuoso.ade.simulationMonitor] -     WARNING (CMI-2425): I0.I4.C1(8): `Acde' = 2.393 is unusually large.
        Further occurrences of this warning will be suppressed. {"history": "MonteCarlo.0", "point": 139, "testname": "TRAN_MC", "cornername": "Nominal"}
[2026-05-28 07:01:49.289 Z] [WARN] [cadence.virtuoso.ade.simulationMonitor] -     WARNING (CMI-2424): I0.I4.C1(8): `Voffcv' = -867.4e-03 is unusually small. {"history": "MonteCarlo.0", "point": 139, "testname": "TRAN_MC", "cornername": "Nominal"}
[2026-05-28 07:01:49.289 Z] [WARN] [cadence.virtuoso.ade.simulationMonitor] -     WARNING (CMI-2424): I0.I4.C1(7): `Voffcv' = -867.4e-03 is unusually small. {"history": "MonteCarlo.0", "point": 139, "testname": "TRAN_MC", "cornername": "Nominal"}
[2026-05-28 07:01:49.289 Z] [WARN] [cadence.virtuoso.ade.simulationMonitor] -     WARNING (CMI-2424): I0.I4.C1(6): `Voffcv' = -867.4e-03 is unusually small.
        Further occurrences of this warning will be suppressed. {"history": "MonteCarlo.0", "point": 139, "testname": "TRAN_MC", "cornername": "Nominal"}
[2026-05-28 07:01:51.319 Z] [INFO] [cadence.virtuoso.ade.simulationMonitor] - Notice from spectre during IC analysis, during transient analysis `tran', during Monte Carlo analysis `mc1'.
    Bad pivoting is found during DC analysis. Option dc_pivot_check=yes is recommended for possible improvement of convergence. {"history": "MonteCarlo.0", "point": 139, "testname": "TRAN_MC", "cornername": "Nominal"}
[2026-05-28 07:01:51.319 Z] [WARN] [cadence.virtuoso.ade.simulationMonitor] -     WARNING (CMI-2943): Parameter checks have been ignored because the valid value for parameter 'trise' could not be found in 'R7'. {"history": "MonteCarlo.0", "point": 139, "testname": "TRAN_MC", "cornername": "Nominal"}
[2026-05-28 07:01:51.319 Z] [WARN] [cadence.virtuoso.ade.simulationMonitor] -     WARNING (CMI-2943): Parameter checks have been ignored because the valid value for parameter 'trise' could not be found in 'C0'. {"history": "MonteCarlo.0", "point": 139, "testname": "TRAN_MC", "cornername": "Nominal"}
[2026-05-28 07:01:51.319 Z] [WARN] [cadence.virtuoso.ade.simulationMonitor] -     WARNING (CMI-2943): Parameter checks have been ignored because the valid value for parameter 'trise' could not be found in 'C1'. {"history": "MonteCarlo.0", "point": 139, "testname": "TRAN_MC", "cornername": "Nominal"}
[2026-05-28 07:01:51.319 Z] [WARN] [cadence.virtuoso.ade.simulationMonitor] -     WARNING (CMI-2943): Parameter checks have been ignored because the valid value for parameter 'trise' could not be found in 'C2'. {"history": "MonteCarlo.0", "point": 139, "testname": "TRAN_MC", "cornername": "Nominal"}
[2026-05-28 07:01:51.319 Z] [WARN] [cadence.virtuoso.ade.simulationMonitor] -     WARNING (CMI-2943): Parameter checks have been ignored because the valid value for parameter 'trise' could not be found in 'I0.I4.R29.CM'.
        Further occurrences of this warning will be suppressed. {"history": "MonteCarlo.0", "point": 139, "testname": "TRAN_MC", "cornername": "Nominal"}
[2026-05-28 07:02:29.603 Z] [INFO] [cadence.virtuoso.ade.simulationMonitor] - Total time required for tran analysis `tran': CPU = 46.5765 s, elapsed = 39.214 s, util. = 119%. {"history": "MonteCarlo.0", "point": 139, "testname": "TRAN_MC", "cornername": "Nominal"}
[2026-05-28 07:02:29.603 Z] [INFO] [cadence.virtuoso.ade.simulationMonitor] - Peak resident memory used = 304 Mbytes. {"history": "MonteCarlo.0", "point": 139, "testname": "TRAN_MC", "cornername": "Nominal"}
[2026-05-28 07:02:29.603 Z] [INFO] [cadence.virtuoso.ade.simulationMonitor] - Notice from spectre during transient analysis `tran', during Monte Carlo analysis `mc1'.
    62 notices suppressed.
    560 warnings suppressed. {"history": "MonteCarlo.0", "point": 139, "testname": "TRAN_MC", "cornername": "Nominal"}
[2026-05-28 07:02:31.110 Z] [PROCESS] [cadence.virtuoso.ade.simulationMonitor] - Finished simulating for one iteration {"hostname": "edatools", "processid": 49036, "history": "MonteCarlo.0", "testname": "TRAN_MC", "cornername": "Nominal", "point": 139, "logfile": "/home/saul/projects/IL2244_VT26_SAUL/logs_saul/logs0/Job18.log", "simid": "1"}
[2026-05-28 07:02:31.110 Z] [PROCESS] [cadence.virtuoso.ade.simulationMonitor] - Started Simulation {"hostname": "edatools", "processid": 49036, "history": "MonteCarlo.0", "testname": "TRAN_MC", "cornername": "Nominal", "point": 140, "logfile": "/home/saul/projects/IL2244_VT26_SAUL/logs_saul/logs0/Job18.log", "event": "started", "task": "simulation"}
[2026-05-28 07:02:31.110 Z] [INFO] [cadence.virtuoso.ade.simulationMonitor] - Notice from spectre in `rpolyhc':`I0.I0.R3', in `fbias_por2_f':`I0.I0', in `fbias_bias2_f':`I0', during Monte Carlo analysis `mc1'.
    I0.I0.R3.CS0 of rpolyhc: `c' has the unusually small value of 386.063e-21 F.
    I0.I0.R3.CS1 of rpolyhc: `c' has the unusually small value of 386.063e-21 F. {"history": "MonteCarlo.0", "point": 140, "testname": "TRAN_MC", "cornername": "Nominal"}
[2026-05-28 07:02:31.110 Z] [INFO] [cadence.virtuoso.ade.simulationMonitor] - Notice from spectre in `rpolyhc':`I0.I0.R4', in `fbias_por2_f':`I0.I0', in `fbias_bias2_f':`I0', during Monte Carlo analysis `mc1'.
    I0.I0.R4.CS0 of rpolyhc: `c' has the unusually small value of 3.64829e-21 F.
    I0.I0.R4.CS1 of rpolyhc: `c' has the unusually small value of 3.64829e-21 F. {"history": "MonteCarlo.0", "point": 140, "testname": "TRAN_MC", "cornername": "Nominal"}
[2026-05-28 07:02:31.110 Z] [INFO] [cadence.virtuoso.ade.simulationMonitor] - Notice from spectre in `vert10':`I0.I2.Q3(30)', in `fecg_bandgap3_layout':`I0.I2', in `fbias_bias2_f':`I0', during Monte Carlo analysis `mc1'.
    I0.I2.Q3(30).bjtinsub: `minr' has the unusually small value of 10 fOhm.
        Further occurrences of this notice will be suppressed. {"history": "MonteCarlo.0", "point": 140, "testname": "TRAN_MC", "cornername": "Nominal"}
[2026-05-28 07:02:32.119 Z] [INFO] [cadence.virtuoso.ade.simulationMonitor] - Notice from spectre during Monte Carlo analysis `mc1'.
    V1: `width' has the unusually large value of 9 s. {"history": "MonteCarlo.0", "point": 140, "testname": "TRAN_MC", "cornername": "Nominal"}
[2026-05-28 07:02:32.119 Z] [WARN] [cadence.virtuoso.ade.simulationMonitor] -     WARNING (CMI-2210): V1: Period is smaller than rise+width+fall. It is reset to rise+width+fall. {"history": "MonteCarlo.0", "point": 140, "testname": "TRAN_MC", "cornername": "Nominal"}
[2026-05-28 07:02:32.119 Z] [WARN] [cadence.virtuoso.ade.simulationMonitor] -     WARNING (CMI-2425): I0.I4.C1(10): `Acde' = 2.393 is unusually large. {"history": "MonteCarlo.0", "point": 140, "testname": "TRAN_MC", "cornername": "Nominal"}
[2026-05-28 07:02:32.119 Z] [WARN] [cadence.virtuoso.ade.simulationMonitor] -     WARNING (CMI-2425): I0.I4.C1(10): `Noff' = 4.732 is unusually large. {"history": "MonteCarlo.0", "point": 140, "testname": "TRAN_MC", "cornername": "Nominal"}
[2026-05-28 07:02:32.119 Z] [WARN] [cadence.virtuoso.ade.simulationMonitor] -     WARNING (CMI-2424): I0.I4.C1(10): `Voffcv' = -867.4e-03 is unusually small. {"history": "MonteCarlo.0", "point": 140, "testname": "TRAN_MC", "cornername": "Nominal"}
[2026-05-28 07:02:32.119 Z] [WARN] [cadence.virtuoso.ade.simulationMonitor] -     WARNING (CMI-2425): I0.I4.C1(9): `Acde' = 2.393 is unusually large. {"history": "MonteCarlo.0", "point": 140, "testname": "TRAN_MC", "cornername": "Nominal"}
[2026-05-28 07:02:32.119 Z] [WARN] [cadence.virtuoso.ade.simulationMonitor] -     WARNING (CMI-2425): I0.I4.C1(9): `Noff' = 4.732 is unusually large. {"history": "MonteCarlo.0", "point": 140, "testname": "TRAN_MC", "cornername": "Nominal"}
[2026-05-28 07:02:32.119 Z] [WARN] [cadence.virtuoso.ade.simulationMonitor] -     WARNING (CMI-2424): I0.I4.C1(9): `Voffcv' = -867.4e-03 is unusually small. {"history": "MonteCarlo.0", "point": 140, "testname": "TRAN_MC", "cornername": "Nominal"}
[2026-05-28 07:02:32.119 Z] [WARN] [cadence.virtuoso.ade.simulationMonitor] -     WARNING (CMI-2425): I0.I4.C1(8): `Acde' = 2.393 is unusually large.
        Further occurrences of this warning will be suppressed. {"history": "MonteCarlo.0", "point": 140, "testname": "TRAN_MC", "cornername": "Nominal"}
[2026-05-28 07:02:32.119 Z] [WARN] [cadence.virtuoso.ade.simulationMonitor] -     WARNING (CMI-2424): I0.I4.C1(8): `Voffcv' = -867.4e-03 is unusually small. {"history": "MonteCarlo.0", "point": 140, "testname": "TRAN_MC", "cornername": "Nominal"}
[2026-05-28 07:02:32.119 Z] [WARN] [cadence.virtuoso.ade.simulationMonitor] -     WARNING (CMI-2424): I0.I4.C1(7): `Voffcv' = -867.4e-03 is unusually small. {"history": "MonteCarlo.0", "point": 140, "testname": "TRAN_MC", "cornername": "Nominal"}
[2026-05-28 07:02:32.119 Z] [WARN] [cadence.virtuoso.ade.simulationMonitor] -     WARNING (CMI-2424): I0.I4.C1(6): `Voffcv' = -867.4e-03 is unusually small.
        Further occurrences of this warning will be suppressed. {"history": "MonteCarlo.0", "point": 140, "testname": "TRAN_MC", "cornername": "Nominal"}
[2026-05-28 07:02:33.722 Z] [INFO] [cadence.virtuoso.ade.simulationMonitor] - Notice from spectre during IC analysis, during transient analysis `tran', during Monte Carlo analysis `mc1'.
    Bad pivoting is found during DC analysis. Option dc_pivot_check=yes is recommended for possible improvement of convergence. {"history": "MonteCarlo.0", "point": 140, "testname": "TRAN_MC", "cornername": "Nominal"}
[2026-05-28 07:02:33.722 Z] [WARN] [cadence.virtuoso.ade.simulationMonitor] -     WARNING (CMI-2943): Parameter checks have been ignored because the valid value for parameter 'trise' could not be found in 'R7'. {"history": "MonteCarlo.0", "point": 140, "testname": "TRAN_MC", "cornername": "Nominal"}
[2026-05-28 07:02:33.722 Z] [WARN] [cadence.virtuoso.ade.simulationMonitor] -     WARNING (CMI-2943): Parameter checks have been ignored because the valid value for parameter 'trise' could not be found in 'C0'. {"history": "MonteCarlo.0", "point": 140, "testname": "TRAN_MC", "cornername": "Nominal"}
[2026-05-28 07:02:33.722 Z] [WARN] [cadence.virtuoso.ade.simulationMonitor] -     WARNING (CMI-2943): Parameter checks have been ignored because the valid value for parameter 'trise' could not be found in 'C1'. {"history": "MonteCarlo.0", "point": 140, "testname": "TRAN_MC", "cornername": "Nominal"}
[2026-05-28 07:02:33.722 Z] [WARN] [cadence.virtuoso.ade.simulationMonitor] -     WARNING (CMI-2943): Parameter checks have been ignored because the valid value for parameter 'trise' could not be found in 'C2'. {"history": "MonteCarlo.0", "point": 140, "testname": "TRAN_MC", "cornername": "Nominal"}
[2026-05-28 07:02:33.722 Z] [WARN] [cadence.virtuoso.ade.simulationMonitor] -     WARNING (CMI-2943): Parameter checks have been ignored because the valid value for parameter 'trise' could not be found in 'I0.I4.R29.CM'.
        Further occurrences of this warning will be suppressed. {"history": "MonteCarlo.0", "point": 140, "testname": "TRAN_MC", "cornername": "Nominal"}
[2026-05-28 07:03:28.619 Z] [INFO] [cadence.virtuoso.ade.simulationMonitor] - Total time required for tran analysis `tran': CPU = 37.373 s, elapsed = 56.6952 s, util. = 65.9%. {"history": "MonteCarlo.0", "point": 140, "testname": "TRAN_MC", "cornername": "Nominal"}
[2026-05-28 07:03:28.619 Z] [INFO] [cadence.virtuoso.ade.simulationMonitor] - Peak resident memory used = 305 Mbytes. {"history": "MonteCarlo.0", "point": 140, "testname": "TRAN_MC", "cornername": "Nominal"}
[2026-05-28 07:03:28.619 Z] [INFO] [cadence.virtuoso.ade.simulationMonitor] - Notice from spectre during transient analysis `tran', during Monte Carlo analysis `mc1'.
    62 notices suppressed.
    560 warnings suppressed. {"history": "MonteCarlo.0", "point": 140, "testname": "TRAN_MC", "cornername": "Nominal"}
[2026-05-28 07:03:30.694 Z] [PROCESS] [cadence.virtuoso.ade.simulationMonitor] - Finished simulating for one iteration {"hostname": "edatools", "processid": 49036, "history": "MonteCarlo.0", "testname": "TRAN_MC", "cornername": "Nominal", "point": 140, "logfile": "/home/saul/projects/IL2244_VT26_SAUL/logs_saul/logs0/Job18.log", "simid": "1"}
[2026-05-28 07:03:30.694 Z] [PROCESS] [cadence.virtuoso.ade.simulationMonitor] - Started Simulation {"hostname": "edatools", "processid": 49036, "history": "MonteCarlo.0", "testname": "TRAN_MC", "cornername": "Nominal", "point": 141, "logfile": "/home/saul/projects/IL2244_VT26_SAUL/logs_saul/logs0/Job18.log", "event": "started", "task": "simulation"}
[2026-05-28 07:03:31.203 Z] [INFO] [cadence.virtuoso.ade.simulationMonitor] - Notice from spectre in `rpolyhc':`I0.I0.R3', in `fbias_por2_f':`I0.I0', in `fbias_bias2_f':`I0', during Monte Carlo analysis `mc1'.
    I0.I0.R3.CS0 of rpolyhc: `c' has the unusually small value of 386.063e-21 F.
    I0.I0.R3.CS1 of rpolyhc: `c' has the unusually small value of 386.063e-21 F. {"history": "MonteCarlo.0", "point": 141, "testname": "TRAN_MC", "cornername": "Nominal"}
[2026-05-28 07:03:31.203 Z] [INFO] [cadence.virtuoso.ade.simulationMonitor] - Notice from spectre in `rpolyhc':`I0.I0.R4', in `fbias_por2_f':`I0.I0', in `fbias_bias2_f':`I0', during Monte Carlo analysis `mc1'.
    I0.I0.R4.CS0 of rpolyhc: `c' has the unusually small value of 3.64829e-21 F.
    I0.I0.R4.CS1 of rpolyhc: `c' has the unusually small value of 3.64829e-21 F. {"history": "MonteCarlo.0", "point": 141, "testname": "TRAN_MC", "cornername": "Nominal"}
[2026-05-28 07:03:31.203 Z] [INFO] [cadence.virtuoso.ade.simulationMonitor] - Notice from spectre in `vert10':`I0.I2.Q3(30)', in `fecg_bandgap3_layout':`I0.I2', in `fbias_bias2_f':`I0', during Monte Carlo analysis `mc1'.
    I0.I2.Q3(30).bjtinsub: `rbm' has the unusually small value of 954.959 mOhm.
        Further occurrences of this notice will be suppressed. {"history": "MonteCarlo.0", "point": 141, "testname": "TRAN_MC", "cornername": "Nominal"}
[2026-05-28 07:03:32.213 Z] [INFO] [cadence.virtuoso.ade.simulationMonitor] - Notice from spectre during Monte Carlo analysis `mc1'.
    V1: `width' has the unusually large value of 9 s. {"history": "MonteCarlo.0", "point": 141, "testname": "TRAN_MC", "cornername": "Nominal"}
[2026-05-28 07:03:32.213 Z] [WARN] [cadence.virtuoso.ade.simulationMonitor] -     WARNING (CMI-2210): V1: Period is smaller than rise+width+fall. It is reset to rise+width+fall. {"history": "MonteCarlo.0", "point": 141, "testname": "TRAN_MC", "cornername": "Nominal"}
[2026-05-28 07:03:32.213 Z] [WARN] [cadence.virtuoso.ade.simulationMonitor] -     WARNING (CMI-2425): I0.I4.C1(10): `Acde' = 2.393 is unusually large. {"history": "MonteCarlo.0", "point": 141, "testname": "TRAN_MC", "cornername": "Nominal"}
[2026-05-28 07:03:32.213 Z] [WARN] [cadence.virtuoso.ade.simulationMonitor] -     WARNING (CMI-2425): I0.I4.C1(10): `Noff' = 4.732 is unusually large. {"history": "MonteCarlo.0", "point": 141, "testname": "TRAN_MC", "cornername": "Nominal"}
[2026-05-28 07:03:32.213 Z] [WARN] [cadence.virtuoso.ade.simulationMonitor] -     WARNING (CMI-2424): I0.I4.C1(10): `Voffcv' = -867.4e-03 is unusually small. {"history": "MonteCarlo.0", "point": 141, "testname": "TRAN_MC", "cornername": "Nominal"}
[2026-05-28 07:03:32.213 Z] [WARN] [cadence.virtuoso.ade.simulationMonitor] -     WARNING (CMI-2425): I0.I4.C1(9): `Acde' = 2.393 is unusually large. {"history": "MonteCarlo.0", "point": 141, "testname": "TRAN_MC", "cornername": "Nominal"}
[2026-05-28 07:03:32.213 Z] [WARN] [cadence.virtuoso.ade.simulationMonitor] -     WARNING (CMI-2425): I0.I4.C1(9): `Noff' = 4.732 is unusually large. {"history": "MonteCarlo.0", "point": 141, "testname": "TRAN_MC", "cornername": "Nominal"}
[2026-05-28 07:03:32.213 Z] [WARN] [cadence.virtuoso.ade.simulationMonitor] -     WARNING (CMI-2424): I0.I4.C1(9): `Voffcv' = -867.4e-03 is unusually small. {"history": "MonteCarlo.0", "point": 141, "testname": "TRAN_MC", "cornername": "Nominal"}
[2026-05-28 07:03:32.213 Z] [WARN] [cadence.virtuoso.ade.simulationMonitor] -     WARNING (CMI-2425): I0.I4.C1(8): `Acde' = 2.393 is unusually large.
        Further occurrences of this warning will be suppressed. {"history": "MonteCarlo.0", "point": 141, "testname": "TRAN_MC", "cornername": "Nominal"}
[2026-05-28 07:03:32.213 Z] [WARN] [cadence.virtuoso.ade.simulationMonitor] -     WARNING (CMI-2424): I0.I4.C1(8): `Voffcv' = -867.4e-03 is unusually small. {"history": "MonteCarlo.0", "point": 141, "testname": "TRAN_MC", "cornername": "Nominal"}
[2026-05-28 07:03:32.213 Z] [WARN] [cadence.virtuoso.ade.simulationMonitor] -     WARNING (CMI-2424): I0.I4.C1(7): `Voffcv' = -867.4e-03 is unusually small. {"history": "MonteCarlo.0", "point": 141, "testname": "TRAN_MC", "cornername": "Nominal"}
[2026-05-28 07:03:32.213 Z] [WARN] [cadence.virtuoso.ade.simulationMonitor] -     WARNING (CMI-2424): I0.I4.C1(6): `Voffcv' = -867.4e-03 is unusually small.
        Further occurrences of this warning will be suppressed. {"history": "MonteCarlo.0", "point": 141, "testname": "TRAN_MC", "cornername": "Nominal"}
[2026-05-28 07:03:34.305 Z] [INFO] [cadence.virtuoso.ade.simulationMonitor] - Notice from spectre during IC analysis, during transient analysis `tran', during Monte Carlo analysis `mc1'.
    Bad pivoting is found during DC analysis. Option dc_pivot_check=yes is recommended for possible improvement of convergence. {"history": "MonteCarlo.0", "point": 141, "testname": "TRAN_MC", "cornername": "Nominal"}
[2026-05-28 07:03:34.305 Z] [WARN] [cadence.virtuoso.ade.simulationMonitor] -     WARNING (CMI-2943): Parameter checks have been ignored because the valid value for parameter 'trise' could not be found in 'R7'. {"history": "MonteCarlo.0", "point": 141, "testname": "TRAN_MC", "cornername": "Nominal"}
[2026-05-28 07:03:34.305 Z] [WARN] [cadence.virtuoso.ade.simulationMonitor] -     WARNING (CMI-2943): Parameter checks have been ignored because the valid value for parameter 'trise' could not be found in 'C0'. {"history": "MonteCarlo.0", "point": 141, "testname": "TRAN_MC", "cornername": "Nominal"}
[2026-05-28 07:03:34.305 Z] [WARN] [cadence.virtuoso.ade.simulationMonitor] -     WARNING (CMI-2943): Parameter checks have been ignored because the valid value for parameter 'trise' could not be found in 'C1'. {"history": "MonteCarlo.0", "point": 141, "testname": "TRAN_MC", "cornername": "Nominal"}
[2026-05-28 07:03:34.305 Z] [WARN] [cadence.virtuoso.ade.simulationMonitor] -     WARNING (CMI-2943): Parameter checks have been ignored because the valid value for parameter 'trise' could not be found in 'C2'. {"history": "MonteCarlo.0", "point": 141, "testname": "TRAN_MC", "cornername": "Nominal"}
[2026-05-28 07:03:34.305 Z] [WARN] [cadence.virtuoso.ade.simulationMonitor] -     WARNING (CMI-2943): Parameter checks have been ignored because the valid value for parameter 'trise' could not be found in 'I0.I4.R29.CM'.
        Further occurrences of this warning will be suppressed. {"history": "MonteCarlo.0", "point": 141, "testname": "TRAN_MC", "cornername": "Nominal"}
[2026-05-28 07:03:41.399 Z] [WARN] [cadence.virtuoso.ade.simulationMonitor] -     WARNING (CMI-2151): I0.I1.C0: Missing bulk-source diode would be forward biased. {"history": "MonteCarlo.0", "point": 141, "testname": "TRAN_MC", "cornername": "Nominal"}
[2026-05-28 07:03:41.399 Z] [WARN] [cadence.virtuoso.ade.simulationMonitor] -     WARNING (CMI-2151): I0.I1.C0: Missing bulk-drain diode would be forward biased. {"history": "MonteCarlo.0", "point": 141, "testname": "TRAN_MC", "cornername": "Nominal"}
[2026-05-28 07:03:43.907 Z] [INFO] [cadence.virtuoso.ade.simulationMonitor] - Notice from spectre at time = 245.397 us during transient analysis `tran', during Monte Carlo analysis `mc1'.
    I0.I1.C0: Missing bulk-source diode returns to normal bias condition.
    I0.I1.C0: Missing bulk-drain diode returns to normal bias condition. {"history": "MonteCarlo.0", "point": 141, "testname": "TRAN_MC", "cornername": "Nominal"}
[2026-05-28 07:04:10.099 Z] [INFO] [cadence.virtuoso.ade.simulationMonitor] - Total time required for tran analysis `tran': CPU = 48.6077 s, elapsed = 37.2217 s, util. = 131%. {"history": "MonteCarlo.0", "point": 141, "testname": "TRAN_MC", "cornername": "Nominal"}
[2026-05-28 07:04:10.099 Z] [INFO] [cadence.virtuoso.ade.simulationMonitor] - Peak resident memory used = 308 Mbytes. {"history": "MonteCarlo.0", "point": 141, "testname": "TRAN_MC", "cornername": "Nominal"}
[2026-05-28 07:04:10.099 Z] [INFO] [cadence.virtuoso.ade.simulationMonitor] - Notice from spectre during transient analysis `tran', during Monte Carlo analysis `mc1'.
    125 notices suppressed.
    560 warnings suppressed. {"history": "MonteCarlo.0", "point": 141, "testname": "TRAN_MC", "cornername": "Nominal"}
[2026-05-28 07:04:12.108 Z] [INFO] [cadence.virtuoso.ade.simulationMonitor] - Notice from spectre in `rpolyhc':`I0.I0.R3', in `fbias_por2_f':`I0.I0', in `fbias_bias2_f':`I0', during Monte Carlo analysis `mc1'.
    I0.I0.R3.CS0 of rpolyhc: `c' has the unusually small value of 386.063e-21 F.
    I0.I0.R3.CS1 of rpolyhc: `c' has the unusually small value of 386.063e-21 F. {"history": "MonteCarlo.0", "point": 141, "testname": "TRAN_MC", "cornername": "Nominal"}
[2026-05-28 07:04:12.108 Z] [INFO] [cadence.virtuoso.ade.simulationMonitor] - Notice from spectre in `rpolyhc':`I0.I0.R4', in `fbias_por2_f':`I0.I0', in `fbias_bias2_f':`I0', during Monte Carlo analysis `mc1'.
    I0.I0.R4.CS0 of rpolyhc: `c' has the unusually small value of 3.64829e-21 F.
    I0.I0.R4.CS1 of rpolyhc: `c' has the unusually small value of 3.64829e-21 F. {"history": "MonteCarlo.0", "point": 141, "testname": "TRAN_MC", "cornername": "Nominal"}
[2026-05-28 07:04:12.108 Z] [INFO] [cadence.virtuoso.ade.simulationMonitor] - Notice from spectre in `vert10':`I0.I2.Q3(30)', in `fecg_bandgap3_layout':`I0.I2', in `fbias_bias2_f':`I0', during Monte Carlo analysis `mc1'.
    I0.I2.Q3(30).bjtinsub: `minr' has the unusually small value of 10 fOhm.
        Further occurrences of this notice will be suppressed. {"history": "MonteCarlo.0", "point": 141, "testname": "TRAN_MC", "cornername": "Nominal"}
[2026-05-28 07:04:12.108 Z] [PROCESS] [cadence.virtuoso.ade.simulationMonitor] - Finished simulating for one iteration {"hostname": "edatools", "processid": 49036, "history": "MonteCarlo.0", "testname": "TRAN_MC", "cornername": "Nominal", "point": 141, "logfile": "/home/saul/projects/IL2244_VT26_SAUL/logs_saul/logs0/Job18.log", "simid": "1"}
[2026-05-28 07:04:12.108 Z] [PROCESS] [cadence.virtuoso.ade.simulationMonitor] - Started Simulation {"hostname": "edatools", "processid": 49036, "history": "MonteCarlo.0", "testname": "TRAN_MC", "cornername": "Nominal", "point": 142, "logfile": "/home/saul/projects/IL2244_VT26_SAUL/logs_saul/logs0/Job18.log", "event": "started", "task": "simulation"}
[2026-05-28 07:04:12.108 Z] [INFO] [cadence.virtuoso.ade.simulationMonitor] - Notice from spectre during Monte Carlo analysis `mc1'.
    V1: `width' has the unusually large value of 9 s. {"history": "MonteCarlo.0", "point": 142, "testname": "TRAN_MC", "cornername": "Nominal"}
[2026-05-28 07:04:12.108 Z] [WARN] [cadence.virtuoso.ade.simulationMonitor] -     WARNING (CMI-2210): V1: Period is smaller than rise+width+fall. It is reset to rise+width+fall. {"history": "MonteCarlo.0", "point": 142, "testname": "TRAN_MC", "cornername": "Nominal"}
[2026-05-28 07:04:12.108 Z] [WARN] [cadence.virtuoso.ade.simulationMonitor] -     WARNING (CMI-2425): I0.I4.C1(10): `Acde' = 2.393 is unusually large. {"history": "MonteCarlo.0", "point": 142, "testname": "TRAN_MC", "cornername": "Nominal"}
[2026-05-28 07:04:12.108 Z] [WARN] [cadence.virtuoso.ade.simulationMonitor] -     WARNING (CMI-2425): I0.I4.C1(10): `Noff' = 4.732 is unusually large. {"history": "MonteCarlo.0", "point": 142, "testname": "TRAN_MC", "cornername": "Nominal"}
[2026-05-28 07:04:12.108 Z] [WARN] [cadence.virtuoso.ade.simulationMonitor] -     WARNING (CMI-2424): I0.I4.C1(10): `Voffcv' = -867.4e-03 is unusually small. {"history": "MonteCarlo.0", "point": 142, "testname": "TRAN_MC", "cornername": "Nominal"}
[2026-05-28 07:04:12.108 Z] [WARN] [cadence.virtuoso.ade.simulationMonitor] -     WARNING (CMI-2425): I0.I4.C1(9): `Acde' = 2.393 is unusually large. {"history": "MonteCarlo.0", "point": 142, "testname": "TRAN_MC", "cornername": "Nominal"}
[2026-05-28 07:04:12.108 Z] [WARN] [cadence.virtuoso.ade.simulationMonitor] -     WARNING (CMI-2425): I0.I4.C1(9): `Noff' = 4.732 is unusually large. {"history": "MonteCarlo.0", "point": 142, "testname": "TRAN_MC", "cornername": "Nominal"}
[2026-05-28 07:04:12.108 Z] [WARN] [cadence.virtuoso.ade.simulationMonitor] -     WARNING (CMI-2424): I0.I4.C1(9): `Voffcv' = -867.4e-03 is unusually small. {"history": "MonteCarlo.0", "point": 142, "testname": "TRAN_MC", "cornername": "Nominal"}
[2026-05-28 07:04:12.108 Z] [WARN] [cadence.virtuoso.ade.simulationMonitor] -     WARNING (CMI-2425): I0.I4.C1(8): `Acde' = 2.393 is unusually large.
        Further occurrences of this warning will be suppressed. {"history": "MonteCarlo.0", "point": 142, "testname": "TRAN_MC", "cornername": "Nominal"}
[2026-05-28 07:04:12.108 Z] [WARN] [cadence.virtuoso.ade.simulationMonitor] -     WARNING (CMI-2424): I0.I4.C1(8): `Voffcv' = -867.4e-03 is unusually small. {"history": "MonteCarlo.0", "point": 142, "testname": "TRAN_MC", "cornername": "Nominal"}
[2026-05-28 07:04:12.108 Z] [WARN] [cadence.virtuoso.ade.simulationMonitor] -     WARNING (CMI-2424): I0.I4.C1(7): `Voffcv' = -867.4e-03 is unusually small. {"history": "MonteCarlo.0", "point": 142, "testname": "TRAN_MC", "cornername": "Nominal"}
[2026-05-28 07:04:12.108 Z] [WARN] [cadence.virtuoso.ade.simulationMonitor] -     WARNING (CMI-2424): I0.I4.C1(6): `Voffcv' = -867.4e-03 is unusually small.
        Further occurrences of this warning will be suppressed. {"history": "MonteCarlo.0", "point": 142, "testname": "TRAN_MC", "cornername": "Nominal"}
[2026-05-28 07:04:14.293 Z] [INFO] [cadence.virtuoso.ade.simulationMonitor] - Notice from spectre during IC analysis, during transient analysis `tran', during Monte Carlo analysis `mc1'.
    Bad pivoting is found during DC analysis. Option dc_pivot_check=yes is recommended for possible improvement of convergence. {"history": "MonteCarlo.0", "point": 142, "testname": "TRAN_MC", "cornername": "Nominal"}
[2026-05-28 07:04:14.293 Z] [WARN] [cadence.virtuoso.ade.simulationMonitor] -     WARNING (CMI-2943): Parameter checks have been ignored because the valid value for parameter 'trise' could not be found in 'R7'. {"history": "MonteCarlo.0", "point": 142, "testname": "TRAN_MC", "cornername": "Nominal"}
[2026-05-28 07:04:14.293 Z] [WARN] [cadence.virtuoso.ade.simulationMonitor] -     WARNING (CMI-2943): Parameter checks have been ignored because the valid value for parameter 'trise' could not be found in 'C0'. {"history": "MonteCarlo.0", "point": 142, "testname": "TRAN_MC", "cornername": "Nominal"}
[2026-05-28 07:04:14.293 Z] [WARN] [cadence.virtuoso.ade.simulationMonitor] -     WARNING (CMI-2943): Parameter checks have been ignored because the valid value for parameter 'trise' could not be found in 'C1'. {"history": "MonteCarlo.0", "point": 142, "testname": "TRAN_MC", "cornername": "Nominal"}
[2026-05-28 07:04:14.293 Z] [WARN] [cadence.virtuoso.ade.simulationMonitor] -     WARNING (CMI-2943): Parameter checks have been ignored because the valid value for parameter 'trise' could not be found in 'C2'. {"history": "MonteCarlo.0", "point": 142, "testname": "TRAN_MC", "cornername": "Nominal"}
[2026-05-28 07:04:14.293 Z] [WARN] [cadence.virtuoso.ade.simulationMonitor] -     WARNING (CMI-2943): Parameter checks have been ignored because the valid value for parameter 'trise' could not be found in 'I0.I4.R29.CM'.
        Further occurrences of this warning will be suppressed. {"history": "MonteCarlo.0", "point": 142, "testname": "TRAN_MC", "cornername": "Nominal"}
[2026-05-28 07:05:02.121 Z] [INFO] [cadence.virtuoso.ade.simulationMonitor] - Total time required for tran analysis `tran': CPU = 40.0261 s, elapsed = 49.508 s, util. = 80.8%. {"history": "MonteCarlo.0", "point": 142, "testname": "TRAN_MC", "cornername": "Nominal"}
[2026-05-28 07:05:02.121 Z] [INFO] [cadence.virtuoso.ade.simulationMonitor] - Peak resident memory used = 310 Mbytes. {"history": "MonteCarlo.0", "point": 142, "testname": "TRAN_MC", "cornername": "Nominal"}
[2026-05-28 07:05:02.121 Z] [INFO] [cadence.virtuoso.ade.simulationMonitor] - Notice from spectre during transient analysis `tran', during Monte Carlo analysis `mc1'.
    62 notices suppressed.
    560 warnings suppressed. {"history": "MonteCarlo.0", "point": 142, "testname": "TRAN_MC", "cornername": "Nominal"}
[2026-05-28 07:05:04.696 Z] [PROCESS] [cadence.virtuoso.ade.simulationMonitor] - Finished simulating for one iteration {"hostname": "edatools", "processid": 49036, "history": "MonteCarlo.0", "testname": "TRAN_MC", "cornername": "Nominal", "point": 142, "logfile": "/home/saul/projects/IL2244_VT26_SAUL/logs_saul/logs0/Job18.log", "simid": "1"}
[2026-05-28 07:05:04.696 Z] [PROCESS] [cadence.virtuoso.ade.simulationMonitor] - Started Simulation {"hostname": "edatools", "processid": 49036, "history": "MonteCarlo.0", "testname": "TRAN_MC", "cornername": "Nominal", "point": 143, "logfile": "/home/saul/projects/IL2244_VT26_SAUL/logs_saul/logs0/Job18.log", "event": "started", "task": "simulation"}
[2026-05-28 07:05:05.199 Z] [INFO] [cadence.virtuoso.ade.simulationMonitor] - Notice from spectre in `rpolyhc':`I0.I0.R3', in `fbias_por2_f':`I0.I0', in `fbias_bias2_f':`I0', during Monte Carlo analysis `mc1'.
    I0.I0.R3.CS0 of rpolyhc: `c' has the unusually small value of 386.063e-21 F.
    I0.I0.R3.CS1 of rpolyhc: `c' has the unusually small value of 386.063e-21 F. {"history": "MonteCarlo.0", "point": 143, "testname": "TRAN_MC", "cornername": "Nominal"}
[2026-05-28 07:05:05.199 Z] [INFO] [cadence.virtuoso.ade.simulationMonitor] - Notice from spectre in `rpolyhc':`I0.I0.R4', in `fbias_por2_f':`I0.I0', in `fbias_bias2_f':`I0', during Monte Carlo analysis `mc1'.
    I0.I0.R4.CS0 of rpolyhc: `c' has the unusually small value of 3.64829e-21 F.
    I0.I0.R4.CS1 of rpolyhc: `c' has the unusually small value of 3.64829e-21 F. {"history": "MonteCarlo.0", "point": 143, "testname": "TRAN_MC", "cornername": "Nominal"}
[2026-05-28 07:05:05.199 Z] [INFO] [cadence.virtuoso.ade.simulationMonitor] - Notice from spectre in `vert10':`I0.I2.Q3(30)', in `fecg_bandgap3_layout':`I0.I2', in `fbias_bias2_f':`I0', during Monte Carlo analysis `mc1'.
    I0.I2.Q3(30).bjtinsub: `rbm' has the unusually small value of 904.959 mOhm.
        Further occurrences of this notice will be suppressed. {"history": "MonteCarlo.0", "point": 143, "testname": "TRAN_MC", "cornername": "Nominal"}
[2026-05-28 07:05:06.208 Z] [INFO] [cadence.virtuoso.ade.simulationMonitor] - Notice from spectre during Monte Carlo analysis `mc1'.
    V1: `width' has the unusually large value of 9 s. {"history": "MonteCarlo.0", "point": 143, "testname": "TRAN_MC", "cornername": "Nominal"}
[2026-05-28 07:05:06.208 Z] [WARN] [cadence.virtuoso.ade.simulationMonitor] -     WARNING (CMI-2210): V1: Period is smaller than rise+width+fall. It is reset to rise+width+fall. {"history": "MonteCarlo.0", "point": 143, "testname": "TRAN_MC", "cornername": "Nominal"}
[2026-05-28 07:05:06.208 Z] [WARN] [cadence.virtuoso.ade.simulationMonitor] -     WARNING (CMI-2425): I0.I4.C1(10): `Acde' = 2.393 is unusually large. {"history": "MonteCarlo.0", "point": 143, "testname": "TRAN_MC", "cornername": "Nominal"}
[2026-05-28 07:05:06.208 Z] [WARN] [cadence.virtuoso.ade.simulationMonitor] -     WARNING (CMI-2425): I0.I4.C1(10): `Noff' = 4.732 is unusually large. {"history": "MonteCarlo.0", "point": 143, "testname": "TRAN_MC", "cornername": "Nominal"}
[2026-05-28 07:05:06.208 Z] [WARN] [cadence.virtuoso.ade.simulationMonitor] -     WARNING (CMI-2424): I0.I4.C1(10): `Voffcv' = -867.4e-03 is unusually small. {"history": "MonteCarlo.0", "point": 143, "testname": "TRAN_MC", "cornername": "Nominal"}
[2026-05-28 07:05:06.208 Z] [WARN] [cadence.virtuoso.ade.simulationMonitor] -     WARNING (CMI-2425): I0.I4.C1(9): `Acde' = 2.393 is unusually large. {"history": "MonteCarlo.0", "point": 143, "testname": "TRAN_MC", "cornername": "Nominal"}
[2026-05-28 07:05:06.208 Z] [WARN] [cadence.virtuoso.ade.simulationMonitor] -     WARNING (CMI-2425): I0.I4.C1(9): `Noff' = 4.732 is unusually large. {"history": "MonteCarlo.0", "point": 143, "testname": "TRAN_MC", "cornername": "Nominal"}
[2026-05-28 07:05:06.208 Z] [WARN] [cadence.virtuoso.ade.simulationMonitor] -     WARNING (CMI-2424): I0.I4.C1(9): `Voffcv' = -867.4e-03 is unusually small. {"history": "MonteCarlo.0", "point": 143, "testname": "TRAN_MC", "cornername": "Nominal"}
[2026-05-28 07:05:06.208 Z] [WARN] [cadence.virtuoso.ade.simulationMonitor] -     WARNING (CMI-2425): I0.I4.C1(8): `Acde' = 2.393 is unusually large.
        Further occurrences of this warning will be suppressed. {"history": "MonteCarlo.0", "point": 143, "testname": "TRAN_MC", "cornername": "Nominal"}
[2026-05-28 07:05:06.208 Z] [WARN] [cadence.virtuoso.ade.simulationMonitor] -     WARNING (CMI-2424): I0.I4.C1(8): `Voffcv' = -867.4e-03 is unusually small. {"history": "MonteCarlo.0", "point": 143, "testname": "TRAN_MC", "cornername": "Nominal"}
[2026-05-28 07:05:06.208 Z] [WARN] [cadence.virtuoso.ade.simulationMonitor] -     WARNING (CMI-2424): I0.I4.C1(7): `Voffcv' = -867.4e-03 is unusually small. {"history": "MonteCarlo.0", "point": 143, "testname": "TRAN_MC", "cornername": "Nominal"}
[2026-05-28 07:05:06.208 Z] [WARN] [cadence.virtuoso.ade.simulationMonitor] -     WARNING (CMI-2424): I0.I4.C1(6): `Voffcv' = -867.4e-03 is unusually small.
        Further occurrences of this warning will be suppressed. {"history": "MonteCarlo.0", "point": 143, "testname": "TRAN_MC", "cornername": "Nominal"}
[2026-05-28 07:05:08.796 Z] [INFO] [cadence.virtuoso.ade.simulationMonitor] - Notice from spectre during IC analysis, during transient analysis `tran', during Monte Carlo analysis `mc1'.
    Bad pivoting is found during DC analysis. Option dc_pivot_check=yes is recommended for possible improvement of convergence. {"history": "MonteCarlo.0", "point": 143, "testname": "TRAN_MC", "cornername": "Nominal"}
[2026-05-28 07:05:08.796 Z] [WARN] [cadence.virtuoso.ade.simulationMonitor] -     WARNING (CMI-2943): Parameter checks have been ignored because the valid value for parameter 'trise' could not be found in 'R7'. {"history": "MonteCarlo.0", "point": 143, "testname": "TRAN_MC", "cornername": "Nominal"}
[2026-05-28 07:05:08.796 Z] [WARN] [cadence.virtuoso.ade.simulationMonitor] -     WARNING (CMI-2943): Parameter checks have been ignored because the valid value for parameter 'trise' could not be found in 'C0'. {"history": "MonteCarlo.0", "point": 143, "testname": "TRAN_MC", "cornername": "Nominal"}
[2026-05-28 07:05:08.796 Z] [WARN] [cadence.virtuoso.ade.simulationMonitor] -     WARNING (CMI-2943): Parameter checks have been ignored because the valid value for parameter 'trise' could not be found in 'C1'. {"history": "MonteCarlo.0", "point": 143, "testname": "TRAN_MC", "cornername": "Nominal"}
[2026-05-28 07:05:08.796 Z] [WARN] [cadence.virtuoso.ade.simulationMonitor] -     WARNING (CMI-2943): Parameter checks have been ignored because the valid value for parameter 'trise' could not be found in 'C2'. {"history": "MonteCarlo.0", "point": 143, "testname": "TRAN_MC", "cornername": "Nominal"}
[2026-05-28 07:05:08.796 Z] [WARN] [cadence.virtuoso.ade.simulationMonitor] -     WARNING (CMI-2943): Parameter checks have been ignored because the valid value for parameter 'trise' could not be found in 'I0.I4.R29.CM'.
        Further occurrences of this warning will be suppressed. {"history": "MonteCarlo.0", "point": 143, "testname": "TRAN_MC", "cornername": "Nominal"}
[2026-05-28 07:05:46.515 Z] [INFO] [cadence.virtuoso.ade.simulationMonitor] - Total time required for tran analysis `tran': CPU = 44.3056 s, elapsed = 40.3867 s, util. = 110%. {"history": "MonteCarlo.0", "point": 143, "testname": "TRAN_MC", "cornername": "Nominal"}
[2026-05-28 07:05:46.515 Z] [INFO] [cadence.virtuoso.ade.simulationMonitor] - Peak resident memory used = 311 Mbytes. {"history": "MonteCarlo.0", "point": 143, "testname": "TRAN_MC", "cornername": "Nominal"}
[2026-05-28 07:05:46.515 Z] [INFO] [cadence.virtuoso.ade.simulationMonitor] - Notice from spectre during transient analysis `tran', during Monte Carlo analysis `mc1'.
    125 notices suppressed.
    560 warnings suppressed. {"history": "MonteCarlo.0", "point": 143, "testname": "TRAN_MC", "cornername": "Nominal"}
[2026-05-28 07:05:48.021 Z] [PROCESS] [cadence.virtuoso.ade.simulationMonitor] - Finished simulating for one iteration {"hostname": "edatools", "processid": 49036, "history": "MonteCarlo.0", "testname": "TRAN_MC", "cornername": "Nominal", "point": 143, "logfile": "/home/saul/projects/IL2244_VT26_SAUL/logs_saul/logs0/Job18.log", "simid": "1"}
[2026-05-28 07:05:48.021 Z] [PROCESS] [cadence.virtuoso.ade.simulationMonitor] - Started Simulation {"hostname": "edatools", "processid": 49036, "history": "MonteCarlo.0", "testname": "TRAN_MC", "cornername": "Nominal", "point": 144, "logfile": "/home/saul/projects/IL2244_VT26_SAUL/logs_saul/logs0/Job18.log", "event": "started", "task": "simulation"}
[2026-05-28 07:05:48.021 Z] [INFO] [cadence.virtuoso.ade.simulationMonitor] - Notice from spectre in `rpolyhc':`I0.I0.R3', in `fbias_por2_f':`I0.I0', in `fbias_bias2_f':`I0', during Monte Carlo analysis `mc1'.
    I0.I0.R3.CS0 of rpolyhc: `c' has the unusually small value of 386.063e-21 F.
    I0.I0.R3.CS1 of rpolyhc: `c' has the unusually small value of 386.063e-21 F. {"history": "MonteCarlo.0", "point": 144, "testname": "TRAN_MC", "cornername": "Nominal"}
[2026-05-28 07:05:48.021 Z] [INFO] [cadence.virtuoso.ade.simulationMonitor] - Notice from spectre in `rpolyhc':`I0.I0.R4', in `fbias_por2_f':`I0.I0', in `fbias_bias2_f':`I0', during Monte Carlo analysis `mc1'.
    I0.I0.R4.CS0 of rpolyhc: `c' has the unusually small value of 3.64829e-21 F.
    I0.I0.R4.CS1 of rpolyhc: `c' has the unusually small value of 3.64829e-21 F. {"history": "MonteCarlo.0", "point": 144, "testname": "TRAN_MC", "cornername": "Nominal"}
[2026-05-28 07:05:49.094 Z] [INFO] [cadence.virtuoso.ade.simulationMonitor] - Notice from spectre in `vert10':`I0.I2.Q3(30)', in `fecg_bandgap3_layout':`I0.I2', in `fbias_bias2_f':`I0', during Monte Carlo analysis `mc1'.
    I0.I2.Q3(30).bjtinsub: `minr' has the unusually small value of 10 fOhm.
        Further occurrences of this notice will be suppressed. {"history": "MonteCarlo.0", "point": 144, "testname": "TRAN_MC", "cornername": "Nominal"}
[2026-05-28 07:05:49.094 Z] [INFO] [cadence.virtuoso.ade.simulationMonitor] - Notice from spectre during Monte Carlo analysis `mc1'.
    V1: `width' has the unusually large value of 9 s. {"history": "MonteCarlo.0", "point": 144, "testname": "TRAN_MC", "cornername": "Nominal"}
[2026-05-28 07:05:49.094 Z] [WARN] [cadence.virtuoso.ade.simulationMonitor] -     WARNING (CMI-2210): V1: Period is smaller than rise+width+fall. It is reset to rise+width+fall. {"history": "MonteCarlo.0", "point": 144, "testname": "TRAN_MC", "cornername": "Nominal"}
[2026-05-28 07:05:49.094 Z] [WARN] [cadence.virtuoso.ade.simulationMonitor] -     WARNING (CMI-2425): I0.I4.C1(10): `Acde' = 2.393 is unusually large. {"history": "MonteCarlo.0", "point": 144, "testname": "TRAN_MC", "cornername": "Nominal"}
[2026-05-28 07:05:49.094 Z] [WARN] [cadence.virtuoso.ade.simulationMonitor] -     WARNING (CMI-2425): I0.I4.C1(10): `Noff' = 4.732 is unusually large. {"history": "MonteCarlo.0", "point": 144, "testname": "TRAN_MC", "cornername": "Nominal"}
[2026-05-28 07:05:49.094 Z] [WARN] [cadence.virtuoso.ade.simulationMonitor] -     WARNING (CMI-2424): I0.I4.C1(10): `Voffcv' = -867.4e-03 is unusually small. {"history": "MonteCarlo.0", "point": 144, "testname": "TRAN_MC", "cornername": "Nominal"}
[2026-05-28 07:05:49.094 Z] [WARN] [cadence.virtuoso.ade.simulationMonitor] -     WARNING (CMI-2425): I0.I4.C1(9): `Acde' = 2.393 is unusually large. {"history": "MonteCarlo.0", "point": 144, "testname": "TRAN_MC", "cornername": "Nominal"}
[2026-05-28 07:05:49.094 Z] [WARN] [cadence.virtuoso.ade.simulationMonitor] -     WARNING (CMI-2425): I0.I4.C1(9): `Noff' = 4.732 is unusually large. {"history": "MonteCarlo.0", "point": 144, "testname": "TRAN_MC", "cornername": "Nominal"}
[2026-05-28 07:05:49.094 Z] [WARN] [cadence.virtuoso.ade.simulationMonitor] -     WARNING (CMI-2424): I0.I4.C1(9): `Voffcv' = -867.4e-03 is unusually small. {"history": "MonteCarlo.0", "point": 144, "testname": "TRAN_MC", "cornername": "Nominal"}
[2026-05-28 07:05:49.094 Z] [WARN] [cadence.virtuoso.ade.simulationMonitor] -     WARNING (CMI-2425): I0.I4.C1(8): `Acde' = 2.393 is unusually large.
        Further occurrences of this warning will be suppressed. {"history": "MonteCarlo.0", "point": 144, "testname": "TRAN_MC", "cornername": "Nominal"}
[2026-05-28 07:05:49.094 Z] [WARN] [cadence.virtuoso.ade.simulationMonitor] -     WARNING (CMI-2424): I0.I4.C1(8): `Voffcv' = -867.4e-03 is unusually small. {"history": "MonteCarlo.0", "point": 144, "testname": "TRAN_MC", "cornername": "Nominal"}
[2026-05-28 07:05:49.094 Z] [WARN] [cadence.virtuoso.ade.simulationMonitor] -     WARNING (CMI-2424): I0.I4.C1(7): `Voffcv' = -867.4e-03 is unusually small. {"history": "MonteCarlo.0", "point": 144, "testname": "TRAN_MC", "cornername": "Nominal"}
[2026-05-28 07:05:49.094 Z] [WARN] [cadence.virtuoso.ade.simulationMonitor] -     WARNING (CMI-2424): I0.I4.C1(6): `Voffcv' = -867.4e-03 is unusually small.
        Further occurrences of this warning will be suppressed. {"history": "MonteCarlo.0", "point": 144, "testname": "TRAN_MC", "cornername": "Nominal"}
[2026-05-28 07:05:51.621 Z] [INFO] [cadence.virtuoso.ade.simulationMonitor] - Notice from spectre during IC analysis, during transient analysis `tran', during Monte Carlo analysis `mc1'.
    Bad pivoting is found during DC analysis. Option dc_pivot_check=yes is recommended for possible improvement of convergence. {"history": "MonteCarlo.0", "point": 144, "testname": "TRAN_MC", "cornername": "Nominal"}
[2026-05-28 07:05:51.621 Z] [WARN] [cadence.virtuoso.ade.simulationMonitor] -     WARNING (CMI-2943): Parameter checks have been ignored because the valid value for parameter 'trise' could not be found in 'R7'. {"history": "MonteCarlo.0", "point": 144, "testname": "TRAN_MC", "cornername": "Nominal"}
[2026-05-28 07:05:51.621 Z] [WARN] [cadence.virtuoso.ade.simulationMonitor] -     WARNING (CMI-2943): Parameter checks have been ignored because the valid value for parameter 'trise' could not be found in 'C0'. {"history": "MonteCarlo.0", "point": 144, "testname": "TRAN_MC", "cornername": "Nominal"}
[2026-05-28 07:05:51.621 Z] [WARN] [cadence.virtuoso.ade.simulationMonitor] -     WARNING (CMI-2943): Parameter checks have been ignored because the valid value for parameter 'trise' could not be found in 'C1'. {"history": "MonteCarlo.0", "point": 144, "testname": "TRAN_MC", "cornername": "Nominal"}
[2026-05-28 07:05:51.621 Z] [WARN] [cadence.virtuoso.ade.simulationMonitor] -     WARNING (CMI-2943): Parameter checks have been ignored because the valid value for parameter 'trise' could not be found in 'C2'. {"history": "MonteCarlo.0", "point": 144, "testname": "TRAN_MC", "cornername": "Nominal"}
[2026-05-28 07:05:51.621 Z] [WARN] [cadence.virtuoso.ade.simulationMonitor] -     WARNING (CMI-2943): Parameter checks have been ignored because the valid value for parameter 'trise' could not be found in 'I0.I4.R29.CM'.
        Further occurrences of this warning will be suppressed. {"history": "MonteCarlo.0", "point": 144, "testname": "TRAN_MC", "cornername": "Nominal"}
[2026-05-28 07:05:57.214 Z] [WARN] [cadence.virtuoso.ade.simulationMonitor] -     WARNING (CMI-2151): I0.I1.C0: Missing bulk-source diode would be forward biased. {"history": "MonteCarlo.0", "point": 144, "testname": "TRAN_MC", "cornername": "Nominal"}
[2026-05-28 07:05:57.214 Z] [WARN] [cadence.virtuoso.ade.simulationMonitor] -     WARNING (CMI-2151): I0.I1.C0: Missing bulk-drain diode would be forward biased. {"history": "MonteCarlo.0", "point": 144, "testname": "TRAN_MC", "cornername": "Nominal"}
[2026-05-28 07:05:58.224 Z] [INFO] [cadence.virtuoso.ade.simulationMonitor] - Notice from spectre at time = 222.043 us during transient analysis `tran', during Monte Carlo analysis `mc1'.
    I0.I1.C0: Missing bulk-source diode returns to normal bias condition.
    I0.I1.C0: Missing bulk-drain diode returns to normal bias condition. {"history": "MonteCarlo.0", "point": 144, "testname": "TRAN_MC", "cornername": "Nominal"}
[2026-05-28 07:06:50.593 Z] [INFO] [cadence.virtuoso.ade.simulationMonitor] - Total time required for tran analysis `tran': CPU = 91.6966 s (1m  31.7s), elapsed = 60.7173 s (1m  0.7s), util. = 151%. {"history": "MonteCarlo.0", "point": 144, "testname": "TRAN_MC", "cornername": "Nominal"}
[2026-05-28 07:06:50.593 Z] [INFO] [cadence.virtuoso.ade.simulationMonitor] - Peak resident memory used = 312 Mbytes. {"history": "MonteCarlo.0", "point": 144, "testname": "TRAN_MC", "cornername": "Nominal"}
[2026-05-28 07:06:50.593 Z] [INFO] [cadence.virtuoso.ade.simulationMonitor] - Notice from spectre during transient analysis `tran', during Monte Carlo analysis `mc1'.
    62 notices suppressed.
    560 warnings suppressed. {"history": "MonteCarlo.0", "point": 144, "testname": "TRAN_MC", "cornername": "Nominal"}
[2026-05-28 07:06:53.098 Z] [INFO] [cadence.virtuoso.ade.simulationMonitor] - Notice from spectre in `rpolyhc':`I0.I0.R3', in `fbias_por2_f':`I0.I0', in `fbias_bias2_f':`I0', during Monte Carlo analysis `mc1'.
    I0.I0.R3.CS0 of rpolyhc: `c' has the unusually small value of 386.063e-21 F.
    I0.I0.R3.CS1 of rpolyhc: `c' has the unusually small value of 386.063e-21 F. {"history": "MonteCarlo.0", "point": 144, "testname": "TRAN_MC", "cornername": "Nominal"}
[2026-05-28 07:06:53.098 Z] [INFO] [cadence.virtuoso.ade.simulationMonitor] - Notice from spectre in `rpolyhc':`I0.I0.R4', in `fbias_por2_f':`I0.I0', in `fbias_bias2_f':`I0', during Monte Carlo analysis `mc1'.
    I0.I0.R4.CS0 of rpolyhc: `c' has the unusually small value of 3.64829e-21 F.
    I0.I0.R4.CS1 of rpolyhc: `c' has the unusually small value of 3.64829e-21 F. {"history": "MonteCarlo.0", "point": 144, "testname": "TRAN_MC", "cornername": "Nominal"}
[2026-05-28 07:06:53.098 Z] [PROCESS] [cadence.virtuoso.ade.simulationMonitor] - Finished simulating for one iteration {"hostname": "edatools", "processid": 49036, "history": "MonteCarlo.0", "testname": "TRAN_MC", "cornername": "Nominal", "point": 144, "logfile": "/home/saul/projects/IL2244_VT26_SAUL/logs_saul/logs0/Job18.log", "simid": "1"}
[2026-05-28 07:06:53.098 Z] [PROCESS] [cadence.virtuoso.ade.simulationMonitor] - Started Simulation {"hostname": "edatools", "processid": 49036, "history": "MonteCarlo.0", "testname": "TRAN_MC", "cornername": "Nominal", "point": 145, "logfile": "/home/saul/projects/IL2244_VT26_SAUL/logs_saul/logs0/Job18.log", "event": "started", "task": "simulation"}
[2026-05-28 07:06:53.098 Z] [INFO] [cadence.virtuoso.ade.simulationMonitor] - Notice from spectre in `vert10':`I0.I2.Q3(30)', in `fecg_bandgap3_layout':`I0.I2', in `fbias_bias2_f':`I0', during Monte Carlo analysis `mc1'.
    I0.I2.Q3(30).bjtinsub: `rbm' has the unusually small value of 911.209 mOhm.
        Further occurrences of this notice will be suppressed. {"history": "MonteCarlo.0", "point": 145, "testname": "TRAN_MC", "cornername": "Nominal"}
[2026-05-28 07:06:53.098 Z] [INFO] [cadence.virtuoso.ade.simulationMonitor] - Notice from spectre during Monte Carlo analysis `mc1'.
    V1: `width' has the unusually large value of 9 s. {"history": "MonteCarlo.0", "point": 145, "testname": "TRAN_MC", "cornername": "Nominal"}
[2026-05-28 07:06:53.098 Z] [WARN] [cadence.virtuoso.ade.simulationMonitor] -     WARNING (CMI-2210): V1: Period is smaller than rise+width+fall. It is reset to rise+width+fall. {"history": "MonteCarlo.0", "point": 145, "testname": "TRAN_MC", "cornername": "Nominal"}
[2026-05-28 07:06:53.098 Z] [WARN] [cadence.virtuoso.ade.simulationMonitor] -     WARNING (CMI-2425): I0.I4.C1(10): `Acde' = 2.393 is unusually large. {"history": "MonteCarlo.0", "point": 145, "testname": "TRAN_MC", "cornername": "Nominal"}
[2026-05-28 07:06:53.098 Z] [WARN] [cadence.virtuoso.ade.simulationMonitor] -     WARNING (CMI-2425): I0.I4.C1(10): `Noff' = 4.732 is unusually large. {"history": "MonteCarlo.0", "point": 145, "testname": "TRAN_MC", "cornername": "Nominal"}
[2026-05-28 07:06:53.098 Z] [WARN] [cadence.virtuoso.ade.simulationMonitor] -     WARNING (CMI-2424): I0.I4.C1(10): `Voffcv' = -867.4e-03 is unusually small. {"history": "MonteCarlo.0", "point": 145, "testname": "TRAN_MC", "cornername": "Nominal"}
[2026-05-28 07:06:53.098 Z] [WARN] [cadence.virtuoso.ade.simulationMonitor] -     WARNING (CMI-2425): I0.I4.C1(9): `Acde' = 2.393 is unusually large. {"history": "MonteCarlo.0", "point": 145, "testname": "TRAN_MC", "cornername": "Nominal"}
[2026-05-28 07:06:53.098 Z] [WARN] [cadence.virtuoso.ade.simulationMonitor] -     WARNING (CMI-2425): I0.I4.C1(9): `Noff' = 4.732 is unusually large. {"history": "MonteCarlo.0", "point": 145, "testname": "TRAN_MC", "cornername": "Nominal"}
[2026-05-28 07:06:53.098 Z] [WARN] [cadence.virtuoso.ade.simulationMonitor] -     WARNING (CMI-2424): I0.I4.C1(9): `Voffcv' = -867.4e-03 is unusually small. {"history": "MonteCarlo.0", "point": 145, "testname": "TRAN_MC", "cornername": "Nominal"}
[2026-05-28 07:06:53.098 Z] [WARN] [cadence.virtuoso.ade.simulationMonitor] -     WARNING (CMI-2425): I0.I4.C1(8): `Acde' = 2.393 is unusually large.
        Further occurrences of this warning will be suppressed. {"history": "MonteCarlo.0", "point": 145, "testname": "TRAN_MC", "cornername": "Nominal"}
[2026-05-28 07:06:53.098 Z] [WARN] [cadence.virtuoso.ade.simulationMonitor] -     WARNING (CMI-2424): I0.I4.C1(8): `Voffcv' = -867.4e-03 is unusually small. {"history": "MonteCarlo.0", "point": 145, "testname": "TRAN_MC", "cornername": "Nominal"}
[2026-05-28 07:06:53.098 Z] [WARN] [cadence.virtuoso.ade.simulationMonitor] -     WARNING (CMI-2424): I0.I4.C1(7): `Voffcv' = -867.4e-03 is unusually small. {"history": "MonteCarlo.0", "point": 145, "testname": "TRAN_MC", "cornername": "Nominal"}
[2026-05-28 07:06:53.098 Z] [WARN] [cadence.virtuoso.ade.simulationMonitor] -     WARNING (CMI-2424): I0.I4.C1(6): `Voffcv' = -867.4e-03 is unusually small.
        Further occurrences of this warning will be suppressed. {"history": "MonteCarlo.0", "point": 145, "testname": "TRAN_MC", "cornername": "Nominal"}
[2026-05-28 07:06:56.121 Z] [INFO] [cadence.virtuoso.ade.simulationMonitor] - Notice from spectre during IC analysis, during transient analysis `tran', during Monte Carlo analysis `mc1'.
    Bad pivoting is found during DC analysis. Option dc_pivot_check=yes is recommended for possible improvement of convergence. {"history": "MonteCarlo.0", "point": 145, "testname": "TRAN_MC", "cornername": "Nominal"}
[2026-05-28 07:06:56.121 Z] [WARN] [cadence.virtuoso.ade.simulationMonitor] -     WARNING (CMI-2943): Parameter checks have been ignored because the valid value for parameter 'trise' could not be found in 'R7'. {"history": "MonteCarlo.0", "point": 145, "testname": "TRAN_MC", "cornername": "Nominal"}
[2026-05-28 07:06:56.121 Z] [WARN] [cadence.virtuoso.ade.simulationMonitor] -     WARNING (CMI-2943): Parameter checks have been ignored because the valid value for parameter 'trise' could not be found in 'C0'. {"history": "MonteCarlo.0", "point": 145, "testname": "TRAN_MC", "cornername": "Nominal"}
[2026-05-28 07:06:56.121 Z] [WARN] [cadence.virtuoso.ade.simulationMonitor] -     WARNING (CMI-2943): Parameter checks have been ignored because the valid value for parameter 'trise' could not be found in 'C1'. {"history": "MonteCarlo.0", "point": 145, "testname": "TRAN_MC", "cornername": "Nominal"}
[2026-05-28 07:06:56.121 Z] [WARN] [cadence.virtuoso.ade.simulationMonitor] -     WARNING (CMI-2943): Parameter checks have been ignored because the valid value for parameter 'trise' could not be found in 'C2'. {"history": "MonteCarlo.0", "point": 145, "testname": "TRAN_MC", "cornername": "Nominal"}
[2026-05-28 07:06:56.121 Z] [WARN] [cadence.virtuoso.ade.simulationMonitor] -     WARNING (CMI-2943): Parameter checks have been ignored because the valid value for parameter 'trise' could not be found in 'I0.I4.R29.CM'.
        Further occurrences of this warning will be suppressed. {"history": "MonteCarlo.0", "point": 145, "testname": "TRAN_MC", "cornername": "Nominal"}
[2026-05-28 07:07:46.408 Z] [INFO] [cadence.virtuoso.ade.simulationMonitor] - Total time required for tran analysis `tran': CPU = 38.1107 s, elapsed = 52.7116 s, util. = 72.3%. {"history": "MonteCarlo.0", "point": 145, "testname": "TRAN_MC", "cornername": "Nominal"}
[2026-05-28 07:07:46.408 Z] [INFO] [cadence.virtuoso.ade.simulationMonitor] - Peak resident memory used = 314 Mbytes. {"history": "MonteCarlo.0", "point": 145, "testname": "TRAN_MC", "cornername": "Nominal"}
[2026-05-28 07:07:46.408 Z] [INFO] [cadence.virtuoso.ade.simulationMonitor] - Notice from spectre during transient analysis `tran', during Monte Carlo analysis `mc1'.
    125 notices suppressed.
    560 warnings suppressed. {"history": "MonteCarlo.0", "point": 145, "testname": "TRAN_MC", "cornername": "Nominal"}
[2026-05-28 07:07:47.918 Z] [PROCESS] [cadence.virtuoso.ade.simulationMonitor] - Finished simulating for one iteration {"hostname": "edatools", "processid": 49036, "history": "MonteCarlo.0", "testname": "TRAN_MC", "cornername": "Nominal", "point": 145, "logfile": "/home/saul/projects/IL2244_VT26_SAUL/logs_saul/logs0/Job18.log", "simid": "1"}
[2026-05-28 07:07:47.918 Z] [PROCESS] [cadence.virtuoso.ade.simulationMonitor] - Started Simulation {"hostname": "edatools", "processid": 49036, "history": "MonteCarlo.0", "testname": "TRAN_MC", "cornername": "Nominal", "point": 146, "logfile": "/home/saul/projects/IL2244_VT26_SAUL/logs_saul/logs0/Job18.log", "event": "started", "task": "simulation"}
[2026-05-28 07:07:48.423 Z] [INFO] [cadence.virtuoso.ade.simulationMonitor] - Notice from spectre in `rpolyhc':`I0.I0.R3', in `fbias_por2_f':`I0.I0', in `fbias_bias2_f':`I0', during Monte Carlo analysis `mc1'.
    I0.I0.R3.CS0 of rpolyhc: `c' has the unusually small value of 386.063e-21 F.
    I0.I0.R3.CS1 of rpolyhc: `c' has the unusually small value of 386.063e-21 F. {"history": "MonteCarlo.0", "point": 146, "testname": "TRAN_MC", "cornername": "Nominal"}
[2026-05-28 07:07:48.423 Z] [INFO] [cadence.virtuoso.ade.simulationMonitor] - Notice from spectre in `rpolyhc':`I0.I0.R4', in `fbias_por2_f':`I0.I0', in `fbias_bias2_f':`I0', during Monte Carlo analysis `mc1'.
    I0.I0.R4.CS0 of rpolyhc: `c' has the unusually small value of 3.64829e-21 F.
    I0.I0.R4.CS1 of rpolyhc: `c' has the unusually small value of 3.64829e-21 F. {"history": "MonteCarlo.0", "point": 146, "testname": "TRAN_MC", "cornername": "Nominal"}
[2026-05-28 07:07:48.423 Z] [INFO] [cadence.virtuoso.ade.simulationMonitor] - Notice from spectre in `vert10':`I0.I2.Q3(30)', in `fecg_bandgap3_layout':`I0.I2', in `fbias_bias2_f':`I0', during Monte Carlo analysis `mc1'.
    I0.I2.Q3(30).bjtinsub: `minr' has the unusually small value of 10 fOhm.
        Further occurrences of this notice will be suppressed. {"history": "MonteCarlo.0", "point": 146, "testname": "TRAN_MC", "cornername": "Nominal"}
[2026-05-28 07:07:48.423 Z] [INFO] [cadence.virtuoso.ade.simulationMonitor] - Notice from spectre during Monte Carlo analysis `mc1'.
    V1: `width' has the unusually large value of 9 s. {"history": "MonteCarlo.0", "point": 146, "testname": "TRAN_MC", "cornername": "Nominal"}
[2026-05-28 07:07:48.423 Z] [WARN] [cadence.virtuoso.ade.simulationMonitor] -     WARNING (CMI-2210): V1: Period is smaller than rise+width+fall. It is reset to rise+width+fall. {"history": "MonteCarlo.0", "point": 146, "testname": "TRAN_MC", "cornername": "Nominal"}
[2026-05-28 07:07:48.423 Z] [WARN] [cadence.virtuoso.ade.simulationMonitor] -     WARNING (CMI-2425): I0.I4.C1(10): `Acde' = 2.393 is unusually large. {"history": "MonteCarlo.0", "point": 146, "testname": "TRAN_MC", "cornername": "Nominal"}
[2026-05-28 07:07:48.423 Z] [WARN] [cadence.virtuoso.ade.simulationMonitor] -     WARNING (CMI-2425): I0.I4.C1(10): `Noff' = 4.732 is unusually large. {"history": "MonteCarlo.0", "point": 146, "testname": "TRAN_MC", "cornername": "Nominal"}
[2026-05-28 07:07:48.423 Z] [WARN] [cadence.virtuoso.ade.simulationMonitor] -     WARNING (CMI-2424): I0.I4.C1(10): `Voffcv' = -867.4e-03 is unusually small. {"history": "MonteCarlo.0", "point": 146, "testname": "TRAN_MC", "cornername": "Nominal"}
[2026-05-28 07:07:49.001 Z] [WARN] [cadence.virtuoso.ade.simulationMonitor] -     WARNING (CMI-2425): I0.I4.C1(9): `Acde' = 2.393 is unusually large. {"history": "MonteCarlo.0", "point": 146, "testname": "TRAN_MC", "cornername": "Nominal"}
[2026-05-28 07:07:49.001 Z] [WARN] [cadence.virtuoso.ade.simulationMonitor] -     WARNING (CMI-2425): I0.I4.C1(9): `Noff' = 4.732 is unusually large. {"history": "MonteCarlo.0", "point": 146, "testname": "TRAN_MC", "cornername": "Nominal"}
[2026-05-28 07:07:49.001 Z] [WARN] [cadence.virtuoso.ade.simulationMonitor] -     WARNING (CMI-2424): I0.I4.C1(9): `Voffcv' = -867.4e-03 is unusually small. {"history": "MonteCarlo.0", "point": 146, "testname": "TRAN_MC", "cornername": "Nominal"}
[2026-05-28 07:07:49.001 Z] [WARN] [cadence.virtuoso.ade.simulationMonitor] -     WARNING (CMI-2425): I0.I4.C1(8): `Acde' = 2.393 is unusually large.
        Further occurrences of this warning will be suppressed. {"history": "MonteCarlo.0", "point": 146, "testname": "TRAN_MC", "cornername": "Nominal"}
[2026-05-28 07:07:49.001 Z] [WARN] [cadence.virtuoso.ade.simulationMonitor] -     WARNING (CMI-2424): I0.I4.C1(8): `Voffcv' = -867.4e-03 is unusually small. {"history": "MonteCarlo.0", "point": 146, "testname": "TRAN_MC", "cornername": "Nominal"}
[2026-05-28 07:07:49.001 Z] [WARN] [cadence.virtuoso.ade.simulationMonitor] -     WARNING (CMI-2424): I0.I4.C1(7): `Voffcv' = -867.4e-03 is unusually small. {"history": "MonteCarlo.0", "point": 146, "testname": "TRAN_MC", "cornername": "Nominal"}
[2026-05-28 07:07:49.001 Z] [WARN] [cadence.virtuoso.ade.simulationMonitor] -     WARNING (CMI-2424): I0.I4.C1(6): `Voffcv' = -867.4e-03 is unusually small.
        Further occurrences of this warning will be suppressed. {"history": "MonteCarlo.0", "point": 146, "testname": "TRAN_MC", "cornername": "Nominal"}
[2026-05-28 07:07:50.521 Z] [INFO] [cadence.virtuoso.ade.simulationMonitor] - Notice from spectre during IC analysis, during transient analysis `tran', during Monte Carlo analysis `mc1'.
    Bad pivoting is found during DC analysis. Option dc_pivot_check=yes is recommended for possible improvement of convergence. {"history": "MonteCarlo.0", "point": 146, "testname": "TRAN_MC", "cornername": "Nominal"}
[2026-05-28 07:07:50.521 Z] [WARN] [cadence.virtuoso.ade.simulationMonitor] -     WARNING (CMI-2943): Parameter checks have been ignored because the valid value for parameter 'trise' could not be found in 'R7'. {"history": "MonteCarlo.0", "point": 146, "testname": "TRAN_MC", "cornername": "Nominal"}
[2026-05-28 07:07:50.521 Z] [WARN] [cadence.virtuoso.ade.simulationMonitor] -     WARNING (CMI-2943): Parameter checks have been ignored because the valid value for parameter 'trise' could not be found in 'C0'. {"history": "MonteCarlo.0", "point": 146, "testname": "TRAN_MC", "cornername": "Nominal"}
[2026-05-28 07:07:50.521 Z] [WARN] [cadence.virtuoso.ade.simulationMonitor] -     WARNING (CMI-2943): Parameter checks have been ignored because the valid value for parameter 'trise' could not be found in 'C1'. {"history": "MonteCarlo.0", "point": 146, "testname": "TRAN_MC", "cornername": "Nominal"}
[2026-05-28 07:07:50.521 Z] [WARN] [cadence.virtuoso.ade.simulationMonitor] -     WARNING (CMI-2943): Parameter checks have been ignored because the valid value for parameter 'trise' could not be found in 'C2'. {"history": "MonteCarlo.0", "point": 146, "testname": "TRAN_MC", "cornername": "Nominal"}
[2026-05-28 07:07:50.521 Z] [WARN] [cadence.virtuoso.ade.simulationMonitor] -     WARNING (CMI-2943): Parameter checks have been ignored because the valid value for parameter 'trise' could not be found in 'I0.I4.R29.CM'.
        Further occurrences of this warning will be suppressed. {"history": "MonteCarlo.0", "point": 146, "testname": "TRAN_MC", "cornername": "Nominal"}
[2026-05-28 07:08:40.993 Z] [INFO] [cadence.virtuoso.ade.simulationMonitor] - Total time required for tran analysis `tran': CPU = 37.6796 s, elapsed = 51.5322 s, util. = 73.1%. {"history": "MonteCarlo.0", "point": 146, "testname": "TRAN_MC", "cornername": "Nominal"}
[2026-05-28 07:08:40.993 Z] [INFO] [cadence.virtuoso.ade.simulationMonitor] - Peak resident memory used = 316 Mbytes. {"history": "MonteCarlo.0", "point": 146, "testname": "TRAN_MC", "cornername": "Nominal"}
[2026-05-28 07:08:40.993 Z] [INFO] [cadence.virtuoso.ade.simulationMonitor] - Notice from spectre during transient analysis `tran', during Monte Carlo analysis `mc1'.
    62 notices suppressed.
    560 warnings suppressed. {"history": "MonteCarlo.0", "point": 146, "testname": "TRAN_MC", "cornername": "Nominal"}
[2026-05-28 07:08:42.999 Z] [PROCESS] [cadence.virtuoso.ade.simulationMonitor] - Finished simulating for one iteration {"hostname": "edatools", "processid": 49036, "history": "MonteCarlo.0", "testname": "TRAN_MC", "cornername": "Nominal", "point": 146, "logfile": "/home/saul/projects/IL2244_VT26_SAUL/logs_saul/logs0/Job18.log", "simid": "1"}
[2026-05-28 07:08:43.004 Z] [PROCESS] [cadence.virtuoso.ade.simulationMonitor] - Started Simulation {"hostname": "edatools", "processid": 49036, "history": "MonteCarlo.0", "testname": "TRAN_MC", "cornername": "Nominal", "point": 147, "logfile": "/home/saul/projects/IL2244_VT26_SAUL/logs_saul/logs0/Job18.log", "event": "started", "task": "simulation"}
[2026-05-28 07:08:43.004 Z] [INFO] [cadence.virtuoso.ade.simulationMonitor] - Notice from spectre in `rpolyhc':`I0.I0.R3', in `fbias_por2_f':`I0.I0', in `fbias_bias2_f':`I0', during Monte Carlo analysis `mc1'.
    I0.I0.R3.CS0 of rpolyhc: `c' has the unusually small value of 386.063e-21 F.
    I0.I0.R3.CS1 of rpolyhc: `c' has the unusually small value of 386.063e-21 F. {"history": "MonteCarlo.0", "point": 147, "testname": "TRAN_MC", "cornername": "Nominal"}
[2026-05-28 07:08:43.004 Z] [INFO] [cadence.virtuoso.ade.simulationMonitor] - Notice from spectre in `rpolyhc':`I0.I0.R4', in `fbias_por2_f':`I0.I0', in `fbias_bias2_f':`I0', during Monte Carlo analysis `mc1'.
    I0.I0.R4.CS0 of rpolyhc: `c' has the unusually small value of 3.64829e-21 F.
    I0.I0.R4.CS1 of rpolyhc: `c' has the unusually small value of 3.64829e-21 F. {"history": "MonteCarlo.0", "point": 147, "testname": "TRAN_MC", "cornername": "Nominal"}
[2026-05-28 07:08:43.004 Z] [INFO] [cadence.virtuoso.ade.simulationMonitor] - Notice from spectre in `vert10':`I0.I2.Q3(30)', in `fecg_bandgap3_layout':`I0.I2', in `fbias_bias2_f':`I0', during Monte Carlo analysis `mc1'.
    I0.I2.Q3(30).bjtinsub: `rbm' has the unusually small value of 961.209 mOhm.
        Further occurrences of this notice will be suppressed. {"history": "MonteCarlo.0", "point": 147, "testname": "TRAN_MC", "cornername": "Nominal"}
[2026-05-28 07:08:44.013 Z] [INFO] [cadence.virtuoso.ade.simulationMonitor] - Notice from spectre during Monte Carlo analysis `mc1'.
    V1: `width' has the unusually large value of 9 s. {"history": "MonteCarlo.0", "point": 147, "testname": "TRAN_MC", "cornername": "Nominal"}
[2026-05-28 07:08:44.013 Z] [WARN] [cadence.virtuoso.ade.simulationMonitor] -     WARNING (CMI-2210): V1: Period is smaller than rise+width+fall. It is reset to rise+width+fall. {"history": "MonteCarlo.0", "point": 147, "testname": "TRAN_MC", "cornername": "Nominal"}
[2026-05-28 07:08:44.013 Z] [WARN] [cadence.virtuoso.ade.simulationMonitor] -     WARNING (CMI-2425): I0.I4.C1(10): `Acde' = 2.393 is unusually large. {"history": "MonteCarlo.0", "point": 147, "testname": "TRAN_MC", "cornername": "Nominal"}
[2026-05-28 07:08:44.013 Z] [WARN] [cadence.virtuoso.ade.simulationMonitor] -     WARNING (CMI-2425): I0.I4.C1(10): `Noff' = 4.732 is unusually large. {"history": "MonteCarlo.0", "point": 147, "testname": "TRAN_MC", "cornername": "Nominal"}
[2026-05-28 07:08:44.013 Z] [WARN] [cadence.virtuoso.ade.simulationMonitor] -     WARNING (CMI-2424): I0.I4.C1(10): `Voffcv' = -867.4e-03 is unusually small. {"history": "MonteCarlo.0", "point": 147, "testname": "TRAN_MC", "cornername": "Nominal"}
[2026-05-28 07:08:44.013 Z] [WARN] [cadence.virtuoso.ade.simulationMonitor] -     WARNING (CMI-2425): I0.I4.C1(9): `Acde' = 2.393 is unusually large. {"history": "MonteCarlo.0", "point": 147, "testname": "TRAN_MC", "cornername": "Nominal"}
[2026-05-28 07:08:44.013 Z] [WARN] [cadence.virtuoso.ade.simulationMonitor] -     WARNING (CMI-2425): I0.I4.C1(9): `Noff' = 4.732 is unusually large. {"history": "MonteCarlo.0", "point": 147, "testname": "TRAN_MC", "cornername": "Nominal"}
[2026-05-28 07:08:44.013 Z] [WARN] [cadence.virtuoso.ade.simulationMonitor] -     WARNING (CMI-2424): I0.I4.C1(9): `Voffcv' = -867.4e-03 is unusually small. {"history": "MonteCarlo.0", "point": 147, "testname": "TRAN_MC", "cornername": "Nominal"}
[2026-05-28 07:08:44.013 Z] [WARN] [cadence.virtuoso.ade.simulationMonitor] -     WARNING (CMI-2425): I0.I4.C1(8): `Acde' = 2.393 is unusually large.
        Further occurrences of this warning will be suppressed. {"history": "MonteCarlo.0", "point": 147, "testname": "TRAN_MC", "cornername": "Nominal"}
[2026-05-28 07:08:44.013 Z] [WARN] [cadence.virtuoso.ade.simulationMonitor] -     WARNING (CMI-2424): I0.I4.C1(8): `Voffcv' = -867.4e-03 is unusually small. {"history": "MonteCarlo.0", "point": 147, "testname": "TRAN_MC", "cornername": "Nominal"}
[2026-05-28 07:08:44.013 Z] [WARN] [cadence.virtuoso.ade.simulationMonitor] -     WARNING (CMI-2424): I0.I4.C1(7): `Voffcv' = -867.4e-03 is unusually small. {"history": "MonteCarlo.0", "point": 147, "testname": "TRAN_MC", "cornername": "Nominal"}
[2026-05-28 07:08:44.013 Z] [WARN] [cadence.virtuoso.ade.simulationMonitor] -     WARNING (CMI-2424): I0.I4.C1(6): `Voffcv' = -867.4e-03 is unusually small.
        Further occurrences of this warning will be suppressed. {"history": "MonteCarlo.0", "point": 147, "testname": "TRAN_MC", "cornername": "Nominal"}
[2026-05-28 07:08:45.522 Z] [INFO] [cadence.virtuoso.ade.simulationMonitor] - Notice from spectre during IC analysis, during transient analysis `tran', during Monte Carlo analysis `mc1'.
    Bad pivoting is found during DC analysis. Option dc_pivot_check=yes is recommended for possible improvement of convergence. {"history": "MonteCarlo.0", "point": 147, "testname": "TRAN_MC", "cornername": "Nominal"}
[2026-05-28 07:08:45.522 Z] [WARN] [cadence.virtuoso.ade.simulationMonitor] -     WARNING (CMI-2943): Parameter checks have been ignored because the valid value for parameter 'trise' could not be found in 'R7'. {"history": "MonteCarlo.0", "point": 147, "testname": "TRAN_MC", "cornername": "Nominal"}
[2026-05-28 07:08:45.522 Z] [WARN] [cadence.virtuoso.ade.simulationMonitor] -     WARNING (CMI-2943): Parameter checks have been ignored because the valid value for parameter 'trise' could not be found in 'C0'. {"history": "MonteCarlo.0", "point": 147, "testname": "TRAN_MC", "cornername": "Nominal"}
[2026-05-28 07:08:45.522 Z] [WARN] [cadence.virtuoso.ade.simulationMonitor] -     WARNING (CMI-2943): Parameter checks have been ignored because the valid value for parameter 'trise' could not be found in 'C1'. {"history": "MonteCarlo.0", "point": 147, "testname": "TRAN_MC", "cornername": "Nominal"}
[2026-05-28 07:08:45.522 Z] [WARN] [cadence.virtuoso.ade.simulationMonitor] -     WARNING (CMI-2943): Parameter checks have been ignored because the valid value for parameter 'trise' could not be found in 'C2'. {"history": "MonteCarlo.0", "point": 147, "testname": "TRAN_MC", "cornername": "Nominal"}
[2026-05-28 07:08:45.522 Z] [WARN] [cadence.virtuoso.ade.simulationMonitor] -     WARNING (CMI-2943): Parameter checks have been ignored because the valid value for parameter 'trise' could not be found in 'I0.I4.R29.CM'.
        Further occurrences of this warning will be suppressed. {"history": "MonteCarlo.0", "point": 147, "testname": "TRAN_MC", "cornername": "Nominal"}
[2026-05-28 07:09:35.925 Z] [INFO] [cadence.virtuoso.ade.simulationMonitor] - Total time required for tran analysis `tran': CPU = 34.2462 s, elapsed = 52.0783 s, util. = 65.8%. {"history": "MonteCarlo.0", "point": 147, "testname": "TRAN_MC", "cornername": "Nominal"}
[2026-05-28 07:09:35.925 Z] [INFO] [cadence.virtuoso.ade.simulationMonitor] - Peak resident memory used = 318 Mbytes. {"history": "MonteCarlo.0", "point": 147, "testname": "TRAN_MC", "cornername": "Nominal"}
[2026-05-28 07:09:35.925 Z] [INFO] [cadence.virtuoso.ade.simulationMonitor] - Notice from spectre during transient analysis `tran', during Monte Carlo analysis `mc1'.
    125 notices suppressed.
    560 warnings suppressed. {"history": "MonteCarlo.0", "point": 147, "testname": "TRAN_MC", "cornername": "Nominal"}
[2026-05-28 07:09:38.498 Z] [PROCESS] [cadence.virtuoso.ade.simulationMonitor] - Finished simulating for one iteration {"hostname": "edatools", "processid": 49036, "history": "MonteCarlo.0", "testname": "TRAN_MC", "cornername": "Nominal", "point": 147, "logfile": "/home/saul/projects/IL2244_VT26_SAUL/logs_saul/logs0/Job18.log", "simid": "1"}
[2026-05-28 07:09:38.498 Z] [PROCESS] [cadence.virtuoso.ade.simulationMonitor] - Started Simulation {"hostname": "edatools", "processid": 49036, "history": "MonteCarlo.0", "testname": "TRAN_MC", "cornername": "Nominal", "point": 148, "logfile": "/home/saul/projects/IL2244_VT26_SAUL/logs_saul/logs0/Job18.log", "event": "started", "task": "simulation"}
[2026-05-28 07:09:39.004 Z] [INFO] [cadence.virtuoso.ade.simulationMonitor] - Notice from spectre in `rpolyhc':`I0.I0.R3', in `fbias_por2_f':`I0.I0', in `fbias_bias2_f':`I0', during Monte Carlo analysis `mc1'.
    I0.I0.R3.CS0 of rpolyhc: `c' has the unusually small value of 386.063e-21 F.
    I0.I0.R3.CS1 of rpolyhc: `c' has the unusually small value of 386.063e-21 F. {"history": "MonteCarlo.0", "point": 148, "testname": "TRAN_MC", "cornername": "Nominal"}
[2026-05-28 07:09:39.004 Z] [INFO] [cadence.virtuoso.ade.simulationMonitor] - Notice from spectre in `rpolyhc':`I0.I0.R4', in `fbias_por2_f':`I0.I0', in `fbias_bias2_f':`I0', during Monte Carlo analysis `mc1'.
    I0.I0.R4.CS0 of rpolyhc: `c' has the unusually small value of 3.64829e-21 F.
    I0.I0.R4.CS1 of rpolyhc: `c' has the unusually small value of 3.64829e-21 F. {"history": "MonteCarlo.0", "point": 148, "testname": "TRAN_MC", "cornername": "Nominal"}
[2026-05-28 07:09:39.004 Z] [INFO] [cadence.virtuoso.ade.simulationMonitor] - Notice from spectre in `vert10':`I0.I2.Q3(30)', in `fecg_bandgap3_layout':`I0.I2', in `fbias_bias2_f':`I0', during Monte Carlo analysis `mc1'.
    I0.I2.Q3(30).bjtinsub: `rbm' has the unusually small value of 986.209 mOhm.
        Further occurrences of this notice will be suppressed. {"history": "MonteCarlo.0", "point": 148, "testname": "TRAN_MC", "cornername": "Nominal"}
[2026-05-28 07:09:40.012 Z] [INFO] [cadence.virtuoso.ade.simulationMonitor] - Notice from spectre during Monte Carlo analysis `mc1'.
    V1: `width' has the unusually large value of 9 s. {"history": "MonteCarlo.0", "point": 148, "testname": "TRAN_MC", "cornername": "Nominal"}
[2026-05-28 07:09:40.012 Z] [WARN] [cadence.virtuoso.ade.simulationMonitor] -     WARNING (CMI-2210): V1: Period is smaller than rise+width+fall. It is reset to rise+width+fall. {"history": "MonteCarlo.0", "point": 148, "testname": "TRAN_MC", "cornername": "Nominal"}
[2026-05-28 07:09:40.012 Z] [WARN] [cadence.virtuoso.ade.simulationMonitor] -     WARNING (CMI-2425): I0.I4.C1(10): `Acde' = 2.393 is unusually large. {"history": "MonteCarlo.0", "point": 148, "testname": "TRAN_MC", "cornername": "Nominal"}
[2026-05-28 07:09:40.012 Z] [WARN] [cadence.virtuoso.ade.simulationMonitor] -     WARNING (CMI-2425): I0.I4.C1(10): `Noff' = 4.732 is unusually large. {"history": "MonteCarlo.0", "point": 148, "testname": "TRAN_MC", "cornername": "Nominal"}
[2026-05-28 07:09:40.012 Z] [WARN] [cadence.virtuoso.ade.simulationMonitor] -     WARNING (CMI-2424): I0.I4.C1(10): `Voffcv' = -867.4e-03 is unusually small. {"history": "MonteCarlo.0", "point": 148, "testname": "TRAN_MC", "cornername": "Nominal"}
[2026-05-28 07:09:40.012 Z] [WARN] [cadence.virtuoso.ade.simulationMonitor] -     WARNING (CMI-2425): I0.I4.C1(9): `Acde' = 2.393 is unusually large. {"history": "MonteCarlo.0", "point": 148, "testname": "TRAN_MC", "cornername": "Nominal"}
[2026-05-28 07:09:40.012 Z] [WARN] [cadence.virtuoso.ade.simulationMonitor] -     WARNING (CMI-2425): I0.I4.C1(9): `Noff' = 4.732 is unusually large. {"history": "MonteCarlo.0", "point": 148, "testname": "TRAN_MC", "cornername": "Nominal"}
[2026-05-28 07:09:40.012 Z] [WARN] [cadence.virtuoso.ade.simulationMonitor] -     WARNING (CMI-2424): I0.I4.C1(9): `Voffcv' = -867.4e-03 is unusually small. {"history": "MonteCarlo.0", "point": 148, "testname": "TRAN_MC", "cornername": "Nominal"}
[2026-05-28 07:09:40.012 Z] [WARN] [cadence.virtuoso.ade.simulationMonitor] -     WARNING (CMI-2425): I0.I4.C1(8): `Acde' = 2.393 is unusually large.
        Further occurrences of this warning will be suppressed. {"history": "MonteCarlo.0", "point": 148, "testname": "TRAN_MC", "cornername": "Nominal"}
[2026-05-28 07:09:40.012 Z] [WARN] [cadence.virtuoso.ade.simulationMonitor] -     WARNING (CMI-2424): I0.I4.C1(8): `Voffcv' = -867.4e-03 is unusually small. {"history": "MonteCarlo.0", "point": 148, "testname": "TRAN_MC", "cornername": "Nominal"}
[2026-05-28 07:09:40.012 Z] [WARN] [cadence.virtuoso.ade.simulationMonitor] -     WARNING (CMI-2424): I0.I4.C1(7): `Voffcv' = -867.4e-03 is unusually small. {"history": "MonteCarlo.0", "point": 148, "testname": "TRAN_MC", "cornername": "Nominal"}
[2026-05-28 07:09:40.012 Z] [WARN] [cadence.virtuoso.ade.simulationMonitor] -     WARNING (CMI-2424): I0.I4.C1(6): `Voffcv' = -867.4e-03 is unusually small.
        Further occurrences of this warning will be suppressed. {"history": "MonteCarlo.0", "point": 148, "testname": "TRAN_MC", "cornername": "Nominal"}
[2026-05-28 07:09:42.097 Z] [INFO] [cadence.virtuoso.ade.simulationMonitor] - Notice from spectre during IC analysis, during transient analysis `tran', during Monte Carlo analysis `mc1'.
    Bad pivoting is found during DC analysis. Option dc_pivot_check=yes is recommended for possible improvement of convergence. {"history": "MonteCarlo.0", "point": 148, "testname": "TRAN_MC", "cornername": "Nominal"}
[2026-05-28 07:09:42.097 Z] [WARN] [cadence.virtuoso.ade.simulationMonitor] -     WARNING (CMI-2943): Parameter checks have been ignored because the valid value for parameter 'trise' could not be found in 'R7'. {"history": "MonteCarlo.0", "point": 148, "testname": "TRAN_MC", "cornername": "Nominal"}
[2026-05-28 07:09:42.097 Z] [WARN] [cadence.virtuoso.ade.simulationMonitor] -     WARNING (CMI-2943): Parameter checks have been ignored because the valid value for parameter 'trise' could not be found in 'C0'. {"history": "MonteCarlo.0", "point": 148, "testname": "TRAN_MC", "cornername": "Nominal"}
[2026-05-28 07:09:42.097 Z] [WARN] [cadence.virtuoso.ade.simulationMonitor] -     WARNING (CMI-2943): Parameter checks have been ignored because the valid value for parameter 'trise' could not be found in 'C1'. {"history": "MonteCarlo.0", "point": 148, "testname": "TRAN_MC", "cornername": "Nominal"}
[2026-05-28 07:09:42.097 Z] [WARN] [cadence.virtuoso.ade.simulationMonitor] -     WARNING (CMI-2943): Parameter checks have been ignored because the valid value for parameter 'trise' could not be found in 'C2'. {"history": "MonteCarlo.0", "point": 148, "testname": "TRAN_MC", "cornername": "Nominal"}
[2026-05-28 07:09:42.097 Z] [WARN] [cadence.virtuoso.ade.simulationMonitor] -     WARNING (CMI-2943): Parameter checks have been ignored because the valid value for parameter 'trise' could not be found in 'I0.I4.R29.CM'.
        Further occurrences of this warning will be suppressed. {"history": "MonteCarlo.0", "point": 148, "testname": "TRAN_MC", "cornername": "Nominal"}
[2026-05-28 07:10:19.902 Z] [INFO] [cadence.virtuoso.ade.simulationMonitor] - Total time required for tran analysis `tran': CPU = 51.5937 s, elapsed = 39.922 s, util. = 129%. {"history": "MonteCarlo.0", "point": 148, "testname": "TRAN_MC", "cornername": "Nominal"}
[2026-05-28 07:10:19.902 Z] [INFO] [cadence.virtuoso.ade.simulationMonitor] - Peak resident memory used = 320 Mbytes. {"history": "MonteCarlo.0", "point": 148, "testname": "TRAN_MC", "cornername": "Nominal"}
[2026-05-28 07:10:19.902 Z] [INFO] [cadence.virtuoso.ade.simulationMonitor] - Notice from spectre during transient analysis `tran', during Monte Carlo analysis `mc1'.
    125 notices suppressed.
    560 warnings suppressed. {"history": "MonteCarlo.0", "point": 148, "testname": "TRAN_MC", "cornername": "Nominal"}
[2026-05-28 07:10:21.913 Z] [INFO] [cadence.virtuoso.ade.simulationMonitor] - Notice from spectre in `rpolyhc':`I0.I0.R3', in `fbias_por2_f':`I0.I0', in `fbias_bias2_f':`I0', during Monte Carlo analysis `mc1'.
    I0.I0.R3.CS0 of rpolyhc: `c' has the unusually small value of 386.063e-21 F.
    I0.I0.R3.CS1 of rpolyhc: `c' has the unusually small value of 386.063e-21 F. {"history": "MonteCarlo.0", "point": 148, "testname": "TRAN_MC", "cornername": "Nominal"}
[2026-05-28 07:10:21.913 Z] [INFO] [cadence.virtuoso.ade.simulationMonitor] - Notice from spectre in `rpolyhc':`I0.I0.R4', in `fbias_por2_f':`I0.I0', in `fbias_bias2_f':`I0', during Monte Carlo analysis `mc1'.
    I0.I0.R4.CS0 of rpolyhc: `c' has the unusually small value of 3.64829e-21 F.
    I0.I0.R4.CS1 of rpolyhc: `c' has the unusually small value of 3.64829e-21 F. {"history": "MonteCarlo.0", "point": 148, "testname": "TRAN_MC", "cornername": "Nominal"}
[2026-05-28 07:10:21.913 Z] [PROCESS] [cadence.virtuoso.ade.simulationMonitor] - Finished simulating for one iteration {"hostname": "edatools", "processid": 49036, "history": "MonteCarlo.0", "testname": "TRAN_MC", "cornername": "Nominal", "point": 148, "logfile": "/home/saul/projects/IL2244_VT26_SAUL/logs_saul/logs0/Job18.log", "simid": "1"}
[2026-05-28 07:10:21.913 Z] [PROCESS] [cadence.virtuoso.ade.simulationMonitor] - Started Simulation {"hostname": "edatools", "processid": 49036, "history": "MonteCarlo.0", "testname": "TRAN_MC", "cornername": "Nominal", "point": 149, "logfile": "/home/saul/projects/IL2244_VT26_SAUL/logs_saul/logs0/Job18.log", "event": "started", "task": "simulation"}
[2026-05-28 07:10:22.422 Z] [INFO] [cadence.virtuoso.ade.simulationMonitor] - Notice from spectre in `vert10':`I0.I2.Q3(30)', in `fecg_bandgap3_layout':`I0.I2', in `fbias_bias2_f':`I0', during Monte Carlo analysis `mc1'.
    I0.I2.Q3(30).bjtinsub: `minr' has the unusually small value of 10 fOhm.
        Further occurrences of this notice will be suppressed. {"history": "MonteCarlo.0", "point": 149, "testname": "TRAN_MC", "cornername": "Nominal"}
[2026-05-28 07:10:22.422 Z] [INFO] [cadence.virtuoso.ade.simulationMonitor] - Notice from spectre during Monte Carlo analysis `mc1'.
    V1: `width' has the unusually large value of 9 s. {"history": "MonteCarlo.0", "point": 149, "testname": "TRAN_MC", "cornername": "Nominal"}
[2026-05-28 07:10:22.422 Z] [WARN] [cadence.virtuoso.ade.simulationMonitor] -     WARNING (CMI-2210): V1: Period is smaller than rise+width+fall. It is reset to rise+width+fall. {"history": "MonteCarlo.0", "point": 149, "testname": "TRAN_MC", "cornername": "Nominal"}
[2026-05-28 07:10:22.422 Z] [WARN] [cadence.virtuoso.ade.simulationMonitor] -     WARNING (CMI-2425): I0.I4.C1(10): `Acde' = 2.393 is unusually large. {"history": "MonteCarlo.0", "point": 149, "testname": "TRAN_MC", "cornername": "Nominal"}
[2026-05-28 07:10:22.422 Z] [WARN] [cadence.virtuoso.ade.simulationMonitor] -     WARNING (CMI-2425): I0.I4.C1(10): `Noff' = 4.732 is unusually large. {"history": "MonteCarlo.0", "point": 149, "testname": "TRAN_MC", "cornername": "Nominal"}
[2026-05-28 07:10:22.422 Z] [WARN] [cadence.virtuoso.ade.simulationMonitor] -     WARNING (CMI-2424): I0.I4.C1(10): `Voffcv' = -867.4e-03 is unusually small. {"history": "MonteCarlo.0", "point": 149, "testname": "TRAN_MC", "cornername": "Nominal"}
[2026-05-28 07:10:23.004 Z] [WARN] [cadence.virtuoso.ade.simulationMonitor] -     WARNING (CMI-2425): I0.I4.C1(9): `Acde' = 2.393 is unusually large. {"history": "MonteCarlo.0", "point": 149, "testname": "TRAN_MC", "cornername": "Nominal"}
[2026-05-28 07:10:23.004 Z] [WARN] [cadence.virtuoso.ade.simulationMonitor] -     WARNING (CMI-2425): I0.I4.C1(9): `Noff' = 4.732 is unusually large. {"history": "MonteCarlo.0", "point": 149, "testname": "TRAN_MC", "cornername": "Nominal"}
[2026-05-28 07:10:23.004 Z] [WARN] [cadence.virtuoso.ade.simulationMonitor] -     WARNING (CMI-2424): I0.I4.C1(9): `Voffcv' = -867.4e-03 is unusually small. {"history": "MonteCarlo.0", "point": 149, "testname": "TRAN_MC", "cornername": "Nominal"}
[2026-05-28 07:10:23.004 Z] [WARN] [cadence.virtuoso.ade.simulationMonitor] -     WARNING (CMI-2425): I0.I4.C1(8): `Acde' = 2.393 is unusually large.
        Further occurrences of this warning will be suppressed. {"history": "MonteCarlo.0", "point": 149, "testname": "TRAN_MC", "cornername": "Nominal"}
[2026-05-28 07:10:23.004 Z] [WARN] [cadence.virtuoso.ade.simulationMonitor] -     WARNING (CMI-2424): I0.I4.C1(8): `Voffcv' = -867.4e-03 is unusually small. {"history": "MonteCarlo.0", "point": 149, "testname": "TRAN_MC", "cornername": "Nominal"}
[2026-05-28 07:10:23.004 Z] [WARN] [cadence.virtuoso.ade.simulationMonitor] -     WARNING (CMI-2424): I0.I4.C1(7): `Voffcv' = -867.4e-03 is unusually small. {"history": "MonteCarlo.0", "point": 149, "testname": "TRAN_MC", "cornername": "Nominal"}
[2026-05-28 07:10:23.004 Z] [WARN] [cadence.virtuoso.ade.simulationMonitor] -     WARNING (CMI-2424): I0.I4.C1(6): `Voffcv' = -867.4e-03 is unusually small.
        Further occurrences of this warning will be suppressed. {"history": "MonteCarlo.0", "point": 149, "testname": "TRAN_MC", "cornername": "Nominal"}
[2026-05-28 07:10:24.014 Z] [INFO] [cadence.virtuoso.ade.simulationMonitor] - Notice from spectre during IC analysis, during transient analysis `tran', during Monte Carlo analysis `mc1'.
    Bad pivoting is found during DC analysis. Option dc_pivot_check=yes is recommended for possible improvement of convergence. {"history": "MonteCarlo.0", "point": 149, "testname": "TRAN_MC", "cornername": "Nominal"}
[2026-05-28 07:10:24.014 Z] [WARN] [cadence.virtuoso.ade.simulationMonitor] -     WARNING (CMI-2943): Parameter checks have been ignored because the valid value for parameter 'trise' could not be found in 'R7'. {"history": "MonteCarlo.0", "point": 149, "testname": "TRAN_MC", "cornername": "Nominal"}
[2026-05-28 07:10:24.014 Z] [WARN] [cadence.virtuoso.ade.simulationMonitor] -     WARNING (CMI-2943): Parameter checks have been ignored because the valid value for parameter 'trise' could not be found in 'C0'. {"history": "MonteCarlo.0", "point": 149, "testname": "TRAN_MC", "cornername": "Nominal"}
[2026-05-28 07:10:24.014 Z] [WARN] [cadence.virtuoso.ade.simulationMonitor] -     WARNING (CMI-2943): Parameter checks have been ignored because the valid value for parameter 'trise' could not be found in 'C1'. {"history": "MonteCarlo.0", "point": 149, "testname": "TRAN_MC", "cornername": "Nominal"}
[2026-05-28 07:10:24.014 Z] [WARN] [cadence.virtuoso.ade.simulationMonitor] -     WARNING (CMI-2943): Parameter checks have been ignored because the valid value for parameter 'trise' could not be found in 'C2'. {"history": "MonteCarlo.0", "point": 149, "testname": "TRAN_MC", "cornername": "Nominal"}
[2026-05-28 07:10:24.014 Z] [WARN] [cadence.virtuoso.ade.simulationMonitor] -     WARNING (CMI-2943): Parameter checks have been ignored because the valid value for parameter 'trise' could not be found in 'I0.I4.R29.CM'.
        Further occurrences of this warning will be suppressed. {"history": "MonteCarlo.0", "point": 149, "testname": "TRAN_MC", "cornername": "Nominal"}
[2026-05-28 07:10:30.593 Z] [WARN] [cadence.virtuoso.ade.simulationMonitor] -     WARNING (CMI-2151): I0.I1.C0: Missing bulk-source diode would be forward biased. {"history": "MonteCarlo.0", "point": 149, "testname": "TRAN_MC", "cornername": "Nominal"}
[2026-05-28 07:10:30.593 Z] [WARN] [cadence.virtuoso.ade.simulationMonitor] -     WARNING (CMI-2151): I0.I1.C0: Missing bulk-drain diode would be forward biased. {"history": "MonteCarlo.0", "point": 149, "testname": "TRAN_MC", "cornername": "Nominal"}
[2026-05-28 07:10:31.094 Z] [INFO] [cadence.virtuoso.ade.simulationMonitor] - Notice from spectre at time = 215.72 us during transient analysis `tran', during Monte Carlo analysis `mc1'.
    I0.I1.C0: Missing bulk-source diode returns to normal bias condition.
    I0.I1.C0: Missing bulk-drain diode returns to normal bias condition. {"history": "MonteCarlo.0", "point": 149, "testname": "TRAN_MC", "cornername": "Nominal"}
[2026-05-28 07:11:17.318 Z] [INFO] [cadence.virtuoso.ade.simulationMonitor] - Total time required for tran analysis `tran': CPU = 36.131 s, elapsed = 54.3958 s, util. = 66.4%. {"history": "MonteCarlo.0", "point": 149, "testname": "TRAN_MC", "cornername": "Nominal"}
[2026-05-28 07:11:17.318 Z] [INFO] [cadence.virtuoso.ade.simulationMonitor] - Peak resident memory used = 321 Mbytes. {"history": "MonteCarlo.0", "point": 149, "testname": "TRAN_MC", "cornername": "Nominal"}
[2026-05-28 07:11:17.318 Z] [INFO] [cadence.virtuoso.ade.simulationMonitor] - Notice from spectre during transient analysis `tran', during Monte Carlo analysis `mc1'.
    62 notices suppressed.
    560 warnings suppressed. {"history": "MonteCarlo.0", "point": 149, "testname": "TRAN_MC", "cornername": "Nominal"}
[2026-05-28 07:11:19.391 Z] [PROCESS] [cadence.virtuoso.ade.simulationMonitor] - Finished simulating for one iteration {"hostname": "edatools", "processid": 49036, "history": "MonteCarlo.0", "testname": "TRAN_MC", "cornername": "Nominal", "point": 149, "logfile": "/home/saul/projects/IL2244_VT26_SAUL/logs_saul/logs0/Job18.log", "simid": "1"}
[2026-05-28 07:11:19.391 Z] [PROCESS] [cadence.virtuoso.ade.simulationMonitor] - Started Simulation {"hostname": "edatools", "processid": 49036, "history": "MonteCarlo.0", "testname": "TRAN_MC", "cornername": "Nominal", "point": 150, "logfile": "/home/saul/projects/IL2244_VT26_SAUL/logs_saul/logs0/Job18.log", "event": "started", "task": "simulation"}
[2026-05-28 07:11:19.391 Z] [INFO] [cadence.virtuoso.ade.simulationMonitor] - Notice from spectre in `rpolyhc':`I0.I0.R3', in `fbias_por2_f':`I0.I0', in `fbias_bias2_f':`I0', during Monte Carlo analysis `mc1'.
    I0.I0.R3.CS0 of rpolyhc: `c' has the unusually small value of 386.063e-21 F.
    I0.I0.R3.CS1 of rpolyhc: `c' has the unusually small value of 386.063e-21 F. {"history": "MonteCarlo.0", "point": 150, "testname": "TRAN_MC", "cornername": "Nominal"}
[2026-05-28 07:11:19.391 Z] [INFO] [cadence.virtuoso.ade.simulationMonitor] - Notice from spectre in `rpolyhc':`I0.I0.R4', in `fbias_por2_f':`I0.I0', in `fbias_bias2_f':`I0', during Monte Carlo analysis `mc1'.
    I0.I0.R4.CS0 of rpolyhc: `c' has the unusually small value of 3.64829e-21 F.
    I0.I0.R4.CS1 of rpolyhc: `c' has the unusually small value of 3.64829e-21 F. {"history": "MonteCarlo.0", "point": 150, "testname": "TRAN_MC", "cornername": "Nominal"}
[2026-05-28 07:11:19.391 Z] [INFO] [cadence.virtuoso.ade.simulationMonitor] - Notice from spectre in `vert10':`I0.I2.Q3(30)', in `fecg_bandgap3_layout':`I0.I2', in `fbias_bias2_f':`I0', during Monte Carlo analysis `mc1'.
    I0.I2.Q3(30).bjtinsub: `rbm' has the unusually small value of 936.209 mOhm.
        Further occurrences of this notice will be suppressed. {"history": "MonteCarlo.0", "point": 150, "testname": "TRAN_MC", "cornername": "Nominal"}
[2026-05-28 07:11:20.409 Z] [INFO] [cadence.virtuoso.ade.simulationMonitor] - Notice from spectre during Monte Carlo analysis `mc1'.
    V1: `width' has the unusually large value of 9 s. {"history": "MonteCarlo.0", "point": 150, "testname": "TRAN_MC", "cornername": "Nominal"}
[2026-05-28 07:11:20.409 Z] [WARN] [cadence.virtuoso.ade.simulationMonitor] -     WARNING (CMI-2210): V1: Period is smaller than rise+width+fall. It is reset to rise+width+fall. {"history": "MonteCarlo.0", "point": 150, "testname": "TRAN_MC", "cornername": "Nominal"}
[2026-05-28 07:11:20.409 Z] [WARN] [cadence.virtuoso.ade.simulationMonitor] -     WARNING (CMI-2425): I0.I4.C1(10): `Acde' = 2.393 is unusually large. {"history": "MonteCarlo.0", "point": 150, "testname": "TRAN_MC", "cornername": "Nominal"}
[2026-05-28 07:11:20.409 Z] [WARN] [cadence.virtuoso.ade.simulationMonitor] -     WARNING (CMI-2425): I0.I4.C1(10): `Noff' = 4.732 is unusually large. {"history": "MonteCarlo.0", "point": 150, "testname": "TRAN_MC", "cornername": "Nominal"}
[2026-05-28 07:11:20.409 Z] [WARN] [cadence.virtuoso.ade.simulationMonitor] -     WARNING (CMI-2424): I0.I4.C1(10): `Voffcv' = -867.4e-03 is unusually small. {"history": "MonteCarlo.0", "point": 150, "testname": "TRAN_MC", "cornername": "Nominal"}
[2026-05-28 07:11:20.409 Z] [WARN] [cadence.virtuoso.ade.simulationMonitor] -     WARNING (CMI-2425): I0.I4.C1(9): `Acde' = 2.393 is unusually large. {"history": "MonteCarlo.0", "point": 150, "testname": "TRAN_MC", "cornername": "Nominal"}
[2026-05-28 07:11:20.409 Z] [WARN] [cadence.virtuoso.ade.simulationMonitor] -     WARNING (CMI-2425): I0.I4.C1(9): `Noff' = 4.732 is unusually large. {"history": "MonteCarlo.0", "point": 150, "testname": "TRAN_MC", "cornername": "Nominal"}
[2026-05-28 07:11:20.409 Z] [WARN] [cadence.virtuoso.ade.simulationMonitor] -     WARNING (CMI-2424): I0.I4.C1(9): `Voffcv' = -867.4e-03 is unusually small. {"history": "MonteCarlo.0", "point": 150, "testname": "TRAN_MC", "cornername": "Nominal"}
[2026-05-28 07:11:20.409 Z] [WARN] [cadence.virtuoso.ade.simulationMonitor] -     WARNING (CMI-2425): I0.I4.C1(8): `Acde' = 2.393 is unusually large.
        Further occurrences of this warning will be suppressed. {"history": "MonteCarlo.0", "point": 150, "testname": "TRAN_MC", "cornername": "Nominal"}
[2026-05-28 07:11:20.409 Z] [WARN] [cadence.virtuoso.ade.simulationMonitor] -     WARNING (CMI-2424): I0.I4.C1(8): `Voffcv' = -867.4e-03 is unusually small. {"history": "MonteCarlo.0", "point": 150, "testname": "TRAN_MC", "cornername": "Nominal"}
[2026-05-28 07:11:20.409 Z] [WARN] [cadence.virtuoso.ade.simulationMonitor] -     WARNING (CMI-2424): I0.I4.C1(7): `Voffcv' = -867.4e-03 is unusually small. {"history": "MonteCarlo.0", "point": 150, "testname": "TRAN_MC", "cornername": "Nominal"}
[2026-05-28 07:11:20.409 Z] [WARN] [cadence.virtuoso.ade.simulationMonitor] -     WARNING (CMI-2424): I0.I4.C1(6): `Voffcv' = -867.4e-03 is unusually small.
        Further occurrences of this warning will be suppressed. {"history": "MonteCarlo.0", "point": 150, "testname": "TRAN_MC", "cornername": "Nominal"}
[2026-05-28 07:11:22.502 Z] [INFO] [cadence.virtuoso.ade.simulationMonitor] - Notice from spectre during IC analysis, during transient analysis `tran', during Monte Carlo analysis `mc1'.
    Bad pivoting is found during DC analysis. Option dc_pivot_check=yes is recommended for possible improvement of convergence. {"history": "MonteCarlo.0", "point": 150, "testname": "TRAN_MC", "cornername": "Nominal"}
[2026-05-28 07:11:22.502 Z] [WARN] [cadence.virtuoso.ade.simulationMonitor] -     WARNING (CMI-2943): Parameter checks have been ignored because the valid value for parameter 'trise' could not be found in 'R7'. {"history": "MonteCarlo.0", "point": 150, "testname": "TRAN_MC", "cornername": "Nominal"}
[2026-05-28 07:11:22.502 Z] [WARN] [cadence.virtuoso.ade.simulationMonitor] -     WARNING (CMI-2943): Parameter checks have been ignored because the valid value for parameter 'trise' could not be found in 'C0'. {"history": "MonteCarlo.0", "point": 150, "testname": "TRAN_MC", "cornername": "Nominal"}
[2026-05-28 07:11:22.502 Z] [WARN] [cadence.virtuoso.ade.simulationMonitor] -     WARNING (CMI-2943): Parameter checks have been ignored because the valid value for parameter 'trise' could not be found in 'C1'. {"history": "MonteCarlo.0", "point": 150, "testname": "TRAN_MC", "cornername": "Nominal"}
[2026-05-28 07:11:22.502 Z] [WARN] [cadence.virtuoso.ade.simulationMonitor] -     WARNING (CMI-2943): Parameter checks have been ignored because the valid value for parameter 'trise' could not be found in 'C2'. {"history": "MonteCarlo.0", "point": 150, "testname": "TRAN_MC", "cornername": "Nominal"}
[2026-05-28 07:11:22.502 Z] [WARN] [cadence.virtuoso.ade.simulationMonitor] -     WARNING (CMI-2943): Parameter checks have been ignored because the valid value for parameter 'trise' could not be found in 'I0.I4.R29.CM'.
        Further occurrences of this warning will be suppressed. {"history": "MonteCarlo.0", "point": 150, "testname": "TRAN_MC", "cornername": "Nominal"}
[2026-05-28 07:11:59.725 Z] [INFO] [cadence.virtuoso.ade.simulationMonitor] - Total time required for tran analysis `tran': CPU = 59.2443 s, elapsed = 38.9983 s, util. = 152%. {"history": "MonteCarlo.0", "point": 150, "testname": "TRAN_MC", "cornername": "Nominal"}
[2026-05-28 07:11:59.725 Z] [INFO] [cadence.virtuoso.ade.simulationMonitor] - Peak resident memory used = 322 Mbytes. {"history": "MonteCarlo.0", "point": 150, "testname": "TRAN_MC", "cornername": "Nominal"}
[2026-05-28 07:11:59.725 Z] [INFO] [cadence.virtuoso.ade.simulationMonitor] - Notice from spectre during transient analysis `tran', during Monte Carlo analysis `mc1'.
    125 notices suppressed.
    560 warnings suppressed. {"history": "MonteCarlo.0", "point": 150, "testname": "TRAN_MC", "cornername": "Nominal"}
[2026-05-28 07:12:00.794 Z] [PROCESS] [cadence.virtuoso.ade.simulationMonitor] - Finished simulating for one iteration {"hostname": "edatools", "processid": 49036, "history": "MonteCarlo.0", "testname": "TRAN_MC", "cornername": "Nominal", "point": 150, "logfile": "/home/saul/projects/IL2244_VT26_SAUL/logs_saul/logs0/Job18.log", "simid": "1"}
[2026-05-28 07:12:00.794 Z] [PROCESS] [cadence.virtuoso.ade.simulationMonitor] - Started Simulation {"hostname": "edatools", "processid": 49036, "history": "MonteCarlo.0", "testname": "TRAN_MC", "cornername": "Nominal", "point": 151, "logfile": "/home/saul/projects/IL2244_VT26_SAUL/logs_saul/logs0/Job18.log", "event": "started", "task": "simulation"}
[2026-05-28 07:12:01.301 Z] [INFO] [cadence.virtuoso.ade.simulationMonitor] - Notice from spectre in `rpolyhc':`I0.I0.R3', in `fbias_por2_f':`I0.I0', in `fbias_bias2_f':`I0', during Monte Carlo analysis `mc1'.
    I0.I0.R3.CS0 of rpolyhc: `c' has the unusually small value of 386.063e-21 F.
    I0.I0.R3.CS1 of rpolyhc: `c' has the unusually small value of 386.063e-21 F. {"history": "MonteCarlo.0", "point": 151, "testname": "TRAN_MC", "cornername": "Nominal"}
[2026-05-28 07:12:01.301 Z] [INFO] [cadence.virtuoso.ade.simulationMonitor] - Notice from spectre in `rpolyhc':`I0.I0.R4', in `fbias_por2_f':`I0.I0', in `fbias_bias2_f':`I0', during Monte Carlo analysis `mc1'.
    I0.I0.R4.CS0 of rpolyhc: `c' has the unusually small value of 3.64829e-21 F.
    I0.I0.R4.CS1 of rpolyhc: `c' has the unusually small value of 3.64829e-21 F. {"history": "MonteCarlo.0", "point": 151, "testname": "TRAN_MC", "cornername": "Nominal"}
[2026-05-28 07:12:01.301 Z] [INFO] [cadence.virtuoso.ade.simulationMonitor] - Notice from spectre in `vert10':`I0.I2.Q3(30)', in `fecg_bandgap3_layout':`I0.I2', in `fbias_bias2_f':`I0', during Monte Carlo analysis `mc1'.
    I0.I2.Q3(30).bjtinsub: `minr' has the unusually small value of 10 fOhm.
        Further occurrences of this notice will be suppressed. {"history": "MonteCarlo.0", "point": 151, "testname": "TRAN_MC", "cornername": "Nominal"}
[2026-05-28 07:12:01.301 Z] [INFO] [cadence.virtuoso.ade.simulationMonitor] - Notice from spectre during Monte Carlo analysis `mc1'.
    V1: `width' has the unusually large value of 9 s. {"history": "MonteCarlo.0", "point": 151, "testname": "TRAN_MC", "cornername": "Nominal"}
[2026-05-28 07:12:01.301 Z] [WARN] [cadence.virtuoso.ade.simulationMonitor] -     WARNING (CMI-2210): V1: Period is smaller than rise+width+fall. It is reset to rise+width+fall. {"history": "MonteCarlo.0", "point": 151, "testname": "TRAN_MC", "cornername": "Nominal"}
[2026-05-28 07:12:01.301 Z] [WARN] [cadence.virtuoso.ade.simulationMonitor] -     WARNING (CMI-2425): I0.I4.C1(10): `Acde' = 2.393 is unusually large. {"history": "MonteCarlo.0", "point": 151, "testname": "TRAN_MC", "cornername": "Nominal"}
[2026-05-28 07:12:01.301 Z] [WARN] [cadence.virtuoso.ade.simulationMonitor] -     WARNING (CMI-2425): I0.I4.C1(10): `Noff' = 4.732 is unusually large. {"history": "MonteCarlo.0", "point": 151, "testname": "TRAN_MC", "cornername": "Nominal"}
[2026-05-28 07:12:01.301 Z] [WARN] [cadence.virtuoso.ade.simulationMonitor] -     WARNING (CMI-2424): I0.I4.C1(10): `Voffcv' = -867.4e-03 is unusually small. {"history": "MonteCarlo.0", "point": 151, "testname": "TRAN_MC", "cornername": "Nominal"}
[2026-05-28 07:12:01.301 Z] [WARN] [cadence.virtuoso.ade.simulationMonitor] -     WARNING (CMI-2425): I0.I4.C1(9): `Acde' = 2.393 is unusually large. {"history": "MonteCarlo.0", "point": 151, "testname": "TRAN_MC", "cornername": "Nominal"}
[2026-05-28 07:12:01.301 Z] [WARN] [cadence.virtuoso.ade.simulationMonitor] -     WARNING (CMI-2425): I0.I4.C1(9): `Noff' = 4.732 is unusually large. {"history": "MonteCarlo.0", "point": 151, "testname": "TRAN_MC", "cornername": "Nominal"}
[2026-05-28 07:12:01.301 Z] [WARN] [cadence.virtuoso.ade.simulationMonitor] -     WARNING (CMI-2424): I0.I4.C1(9): `Voffcv' = -867.4e-03 is unusually small. {"history": "MonteCarlo.0", "point": 151, "testname": "TRAN_MC", "cornername": "Nominal"}
[2026-05-28 07:12:01.301 Z] [WARN] [cadence.virtuoso.ade.simulationMonitor] -     WARNING (CMI-2425): I0.I4.C1(8): `Acde' = 2.393 is unusually large.
        Further occurrences of this warning will be suppressed. {"history": "MonteCarlo.0", "point": 151, "testname": "TRAN_MC", "cornername": "Nominal"}
[2026-05-28 07:12:01.301 Z] [WARN] [cadence.virtuoso.ade.simulationMonitor] -     WARNING (CMI-2424): I0.I4.C1(8): `Voffcv' = -867.4e-03 is unusually small. {"history": "MonteCarlo.0", "point": 151, "testname": "TRAN_MC", "cornername": "Nominal"}
[2026-05-28 07:12:01.301 Z] [WARN] [cadence.virtuoso.ade.simulationMonitor] -     WARNING (CMI-2424): I0.I4.C1(7): `Voffcv' = -867.4e-03 is unusually small. {"history": "MonteCarlo.0", "point": 151, "testname": "TRAN_MC", "cornername": "Nominal"}
[2026-05-28 07:12:01.301 Z] [WARN] [cadence.virtuoso.ade.simulationMonitor] -     WARNING (CMI-2424): I0.I4.C1(6): `Voffcv' = -867.4e-03 is unusually small.
        Further occurrences of this warning will be suppressed. {"history": "MonteCarlo.0", "point": 151, "testname": "TRAN_MC", "cornername": "Nominal"}
[2026-05-28 07:12:03.403 Z] [INFO] [cadence.virtuoso.ade.simulationMonitor] - Notice from spectre during IC analysis, during transient analysis `tran', during Monte Carlo analysis `mc1'.
    Bad pivoting is found during DC analysis. Option dc_pivot_check=yes is recommended for possible improvement of convergence. {"history": "MonteCarlo.0", "point": 151, "testname": "TRAN_MC", "cornername": "Nominal"}
[2026-05-28 07:12:03.403 Z] [WARN] [cadence.virtuoso.ade.simulationMonitor] -     WARNING (CMI-2943): Parameter checks have been ignored because the valid value for parameter 'trise' could not be found in 'R7'. {"history": "MonteCarlo.0", "point": 151, "testname": "TRAN_MC", "cornername": "Nominal"}
[2026-05-28 07:12:03.403 Z] [WARN] [cadence.virtuoso.ade.simulationMonitor] -     WARNING (CMI-2943): Parameter checks have been ignored because the valid value for parameter 'trise' could not be found in 'C0'. {"history": "MonteCarlo.0", "point": 151, "testname": "TRAN_MC", "cornername": "Nominal"}
[2026-05-28 07:12:03.403 Z] [WARN] [cadence.virtuoso.ade.simulationMonitor] -     WARNING (CMI-2943): Parameter checks have been ignored because the valid value for parameter 'trise' could not be found in 'C1'. {"history": "MonteCarlo.0", "point": 151, "testname": "TRAN_MC", "cornername": "Nominal"}
[2026-05-28 07:12:03.403 Z] [WARN] [cadence.virtuoso.ade.simulationMonitor] -     WARNING (CMI-2943): Parameter checks have been ignored because the valid value for parameter 'trise' could not be found in 'C2'. {"history": "MonteCarlo.0", "point": 151, "testname": "TRAN_MC", "cornername": "Nominal"}
[2026-05-28 07:12:03.403 Z] [WARN] [cadence.virtuoso.ade.simulationMonitor] -     WARNING (CMI-2943): Parameter checks have been ignored because the valid value for parameter 'trise' could not be found in 'I0.I4.R29.CM'.
        Further occurrences of this warning will be suppressed. {"history": "MonteCarlo.0", "point": 151, "testname": "TRAN_MC", "cornername": "Nominal"}
[2026-05-28 07:12:47.710 Z] [INFO] [cadence.virtuoso.ade.simulationMonitor] - Total time required for tran analysis `tran': CPU = 37.9352 s, elapsed = 46.0717 s, util. = 82.3%. {"history": "MonteCarlo.0", "point": 151, "testname": "TRAN_MC", "cornername": "Nominal"}
[2026-05-28 07:12:47.710 Z] [INFO] [cadence.virtuoso.ade.simulationMonitor] - Peak resident memory used = 323 Mbytes. {"history": "MonteCarlo.0", "point": 151, "testname": "TRAN_MC", "cornername": "Nominal"}
[2026-05-28 07:12:47.710 Z] [INFO] [cadence.virtuoso.ade.simulationMonitor] - Notice from spectre during transient analysis `tran', during Monte Carlo analysis `mc1'.
    62 notices suppressed.
    560 warnings suppressed. {"history": "MonteCarlo.0", "point": 151, "testname": "TRAN_MC", "cornername": "Nominal"}
[2026-05-28 07:12:49.225 Z] [PROCESS] [cadence.virtuoso.ade.simulationMonitor] - Finished simulating for one iteration {"hostname": "edatools", "processid": 49036, "history": "MonteCarlo.0", "testname": "TRAN_MC", "cornername": "Nominal", "point": 151, "logfile": "/home/saul/projects/IL2244_VT26_SAUL/logs_saul/logs0/Job18.log", "simid": "1"}
[2026-05-28 07:12:49.225 Z] [PROCESS] [cadence.virtuoso.ade.simulationMonitor] - Started Simulation {"hostname": "edatools", "processid": 49036, "history": "MonteCarlo.0", "testname": "TRAN_MC", "cornername": "Nominal", "point": 152, "logfile": "/home/saul/projects/IL2244_VT26_SAUL/logs_saul/logs0/Job18.log", "event": "started", "task": "simulation"}
[2026-05-28 07:12:49.225 Z] [INFO] [cadence.virtuoso.ade.simulationMonitor] - Notice from spectre in `rpolyhc':`I0.I0.R3', in `fbias_por2_f':`I0.I0', in `fbias_bias2_f':`I0', during Monte Carlo analysis `mc1'.
    I0.I0.R3.CS0 of rpolyhc: `c' has the unusually small value of 386.063e-21 F.
    I0.I0.R3.CS1 of rpolyhc: `c' has the unusually small value of 386.063e-21 F. {"history": "MonteCarlo.0", "point": 152, "testname": "TRAN_MC", "cornername": "Nominal"}
[2026-05-28 07:12:49.225 Z] [INFO] [cadence.virtuoso.ade.simulationMonitor] - Notice from spectre in `rpolyhc':`I0.I0.R4', in `fbias_por2_f':`I0.I0', in `fbias_bias2_f':`I0', during Monte Carlo analysis `mc1'.
    I0.I0.R4.CS0 of rpolyhc: `c' has the unusually small value of 3.64829e-21 F.
    I0.I0.R4.CS1 of rpolyhc: `c' has the unusually small value of 3.64829e-21 F. {"history": "MonteCarlo.0", "point": 152, "testname": "TRAN_MC", "cornername": "Nominal"}
[2026-05-28 07:12:49.225 Z] [INFO] [cadence.virtuoso.ade.simulationMonitor] - Notice from spectre in `vert10':`I0.I2.Q3(30)', in `fecg_bandgap3_layout':`I0.I2', in `fbias_bias2_f':`I0', during Monte Carlo analysis `mc1'.
    I0.I2.Q3(30).bjtinsub: `rbm' has the unusually small value of 973.709 mOhm.
        Further occurrences of this notice will be suppressed. {"history": "MonteCarlo.0", "point": 152, "testname": "TRAN_MC", "cornername": "Nominal"}
[2026-05-28 07:12:49.225 Z] [INFO] [cadence.virtuoso.ade.simulationMonitor] - Notice from spectre during Monte Carlo analysis `mc1'.
    V1: `width' has the unusually large value of 9 s. {"history": "MonteCarlo.0", "point": 152, "testname": "TRAN_MC", "cornername": "Nominal"}
[2026-05-28 07:12:50.303 Z] [WARN] [cadence.virtuoso.ade.simulationMonitor] -     WARNING (CMI-2210): V1: Period is smaller than rise+width+fall. It is reset to rise+width+fall. {"history": "MonteCarlo.0", "point": 152, "testname": "TRAN_MC", "cornername": "Nominal"}
[2026-05-28 07:12:50.303 Z] [WARN] [cadence.virtuoso.ade.simulationMonitor] -     WARNING (CMI-2425): I0.I4.C1(10): `Acde' = 2.393 is unusually large. {"history": "MonteCarlo.0", "point": 152, "testname": "TRAN_MC", "cornername": "Nominal"}
[2026-05-28 07:12:50.303 Z] [WARN] [cadence.virtuoso.ade.simulationMonitor] -     WARNING (CMI-2425): I0.I4.C1(10): `Noff' = 4.732 is unusually large. {"history": "MonteCarlo.0", "point": 152, "testname": "TRAN_MC", "cornername": "Nominal"}
[2026-05-28 07:12:50.303 Z] [WARN] [cadence.virtuoso.ade.simulationMonitor] -     WARNING (CMI-2424): I0.I4.C1(10): `Voffcv' = -867.4e-03 is unusually small. {"history": "MonteCarlo.0", "point": 152, "testname": "TRAN_MC", "cornername": "Nominal"}
[2026-05-28 07:12:50.303 Z] [WARN] [cadence.virtuoso.ade.simulationMonitor] -     WARNING (CMI-2425): I0.I4.C1(9): `Acde' = 2.393 is unusually large. {"history": "MonteCarlo.0", "point": 152, "testname": "TRAN_MC", "cornername": "Nominal"}
[2026-05-28 07:12:50.303 Z] [WARN] [cadence.virtuoso.ade.simulationMonitor] -     WARNING (CMI-2425): I0.I4.C1(9): `Noff' = 4.732 is unusually large. {"history": "MonteCarlo.0", "point": 152, "testname": "TRAN_MC", "cornername": "Nominal"}
[2026-05-28 07:12:50.303 Z] [WARN] [cadence.virtuoso.ade.simulationMonitor] -     WARNING (CMI-2424): I0.I4.C1(9): `Voffcv' = -867.4e-03 is unusually small. {"history": "MonteCarlo.0", "point": 152, "testname": "TRAN_MC", "cornername": "Nominal"}
[2026-05-28 07:12:50.303 Z] [WARN] [cadence.virtuoso.ade.simulationMonitor] -     WARNING (CMI-2425): I0.I4.C1(8): `Acde' = 2.393 is unusually large.
        Further occurrences of this warning will be suppressed. {"history": "MonteCarlo.0", "point": 152, "testname": "TRAN_MC", "cornername": "Nominal"}
[2026-05-28 07:12:50.303 Z] [WARN] [cadence.virtuoso.ade.simulationMonitor] -     WARNING (CMI-2424): I0.I4.C1(8): `Voffcv' = -867.4e-03 is unusually small. {"history": "MonteCarlo.0", "point": 152, "testname": "TRAN_MC", "cornername": "Nominal"}
[2026-05-28 07:12:50.303 Z] [WARN] [cadence.virtuoso.ade.simulationMonitor] -     WARNING (CMI-2424): I0.I4.C1(7): `Voffcv' = -867.4e-03 is unusually small. {"history": "MonteCarlo.0", "point": 152, "testname": "TRAN_MC", "cornername": "Nominal"}
[2026-05-28 07:12:50.303 Z] [WARN] [cadence.virtuoso.ade.simulationMonitor] -     WARNING (CMI-2424): I0.I4.C1(6): `Voffcv' = -867.4e-03 is unusually small.
        Further occurrences of this warning will be suppressed. {"history": "MonteCarlo.0", "point": 152, "testname": "TRAN_MC", "cornername": "Nominal"}
[2026-05-28 07:12:51.820 Z] [INFO] [cadence.virtuoso.ade.simulationMonitor] - Notice from spectre during IC analysis, during transient analysis `tran', during Monte Carlo analysis `mc1'.
    Bad pivoting is found during DC analysis. Option dc_pivot_check=yes is recommended for possible improvement of convergence. {"history": "MonteCarlo.0", "point": 152, "testname": "TRAN_MC", "cornername": "Nominal"}
[2026-05-28 07:12:51.820 Z] [WARN] [cadence.virtuoso.ade.simulationMonitor] -     WARNING (CMI-2943): Parameter checks have been ignored because the valid value for parameter 'trise' could not be found in 'R7'. {"history": "MonteCarlo.0", "point": 152, "testname": "TRAN_MC", "cornername": "Nominal"}
[2026-05-28 07:12:51.820 Z] [WARN] [cadence.virtuoso.ade.simulationMonitor] -     WARNING (CMI-2943): Parameter checks have been ignored because the valid value for parameter 'trise' could not be found in 'C0'. {"history": "MonteCarlo.0", "point": 152, "testname": "TRAN_MC", "cornername": "Nominal"}
[2026-05-28 07:12:51.820 Z] [WARN] [cadence.virtuoso.ade.simulationMonitor] -     WARNING (CMI-2943): Parameter checks have been ignored because the valid value for parameter 'trise' could not be found in 'C1'. {"history": "MonteCarlo.0", "point": 152, "testname": "TRAN_MC", "cornername": "Nominal"}
[2026-05-28 07:12:51.820 Z] [WARN] [cadence.virtuoso.ade.simulationMonitor] -     WARNING (CMI-2943): Parameter checks have been ignored because the valid value for parameter 'trise' could not be found in 'C2'. {"history": "MonteCarlo.0", "point": 152, "testname": "TRAN_MC", "cornername": "Nominal"}
[2026-05-28 07:12:51.820 Z] [WARN] [cadence.virtuoso.ade.simulationMonitor] -     WARNING (CMI-2943): Parameter checks have been ignored because the valid value for parameter 'trise' could not be found in 'I0.I4.R29.CM'.
        Further occurrences of this warning will be suppressed. {"history": "MonteCarlo.0", "point": 152, "testname": "TRAN_MC", "cornername": "Nominal"}
[2026-05-28 07:13:30.614 Z] [INFO] [cadence.virtuoso.ade.simulationMonitor] - Total time required for tran analysis `tran': CPU = 50.7071 s, elapsed = 40.4218 s, util. = 125%. {"history": "MonteCarlo.0", "point": 152, "testname": "TRAN_MC", "cornername": "Nominal"}
[2026-05-28 07:13:30.614 Z] [INFO] [cadence.virtuoso.ade.simulationMonitor] - Peak resident memory used = 324 Mbytes. {"history": "MonteCarlo.0", "point": 152, "testname": "TRAN_MC", "cornername": "Nominal"}
[2026-05-28 07:13:30.614 Z] [INFO] [cadence.virtuoso.ade.simulationMonitor] - Notice from spectre during transient analysis `tran', during Monte Carlo analysis `mc1'.
    125 notices suppressed.
    560 warnings suppressed. {"history": "MonteCarlo.0", "point": 152, "testname": "TRAN_MC", "cornername": "Nominal"}
[2026-05-28 07:13:33.189 Z] [INFO] [cadence.virtuoso.ade.simulationMonitor] - Notice from spectre in `rpolyhc':`I0.I0.R3', in `fbias_por2_f':`I0.I0', in `fbias_bias2_f':`I0', during Monte Carlo analysis `mc1'.
    I0.I0.R3.CS0 of rpolyhc: `c' has the unusually small value of 386.063e-21 F.
    I0.I0.R3.CS1 of rpolyhc: `c' has the unusually small value of 386.063e-21 F. {"history": "MonteCarlo.0", "point": 152, "testname": "TRAN_MC", "cornername": "Nominal"}
[2026-05-28 07:13:33.189 Z] [INFO] [cadence.virtuoso.ade.simulationMonitor] - Notice from spectre in `rpolyhc':`I0.I0.R4', in `fbias_por2_f':`I0.I0', in `fbias_bias2_f':`I0', during Monte Carlo analysis `mc1'.
    I0.I0.R4.CS0 of rpolyhc: `c' has the unusually small value of 3.64829e-21 F.
    I0.I0.R4.CS1 of rpolyhc: `c' has the unusually small value of 3.64829e-21 F. {"history": "MonteCarlo.0", "point": 152, "testname": "TRAN_MC", "cornername": "Nominal"}
[2026-05-28 07:13:33.189 Z] [PROCESS] [cadence.virtuoso.ade.simulationMonitor] - Finished simulating for one iteration {"hostname": "edatools", "processid": 49036, "history": "MonteCarlo.0", "testname": "TRAN_MC", "cornername": "Nominal", "point": 152, "logfile": "/home/saul/projects/IL2244_VT26_SAUL/logs_saul/logs0/Job18.log", "simid": "1"}
[2026-05-28 07:13:33.189 Z] [PROCESS] [cadence.virtuoso.ade.simulationMonitor] - Started Simulation {"hostname": "edatools", "processid": 49036, "history": "MonteCarlo.0", "testname": "TRAN_MC", "cornername": "Nominal", "point": 153, "logfile": "/home/saul/projects/IL2244_VT26_SAUL/logs_saul/logs0/Job18.log", "event": "started", "task": "simulation"}
[2026-05-28 07:13:33.189 Z] [INFO] [cadence.virtuoso.ade.simulationMonitor] - Notice from spectre in `vert10':`I0.I2.Q3(30)', in `fecg_bandgap3_layout':`I0.I2', in `fbias_bias2_f':`I0', during Monte Carlo analysis `mc1'.
    I0.I2.Q3(30).bjtinsub: `minr' has the unusually small value of 10 fOhm.
        Further occurrences of this notice will be suppressed. {"history": "MonteCarlo.0", "point": 153, "testname": "TRAN_MC", "cornername": "Nominal"}
[2026-05-28 07:13:33.189 Z] [INFO] [cadence.virtuoso.ade.simulationMonitor] - Notice from spectre during Monte Carlo analysis `mc1'.
    V1: `width' has the unusually large value of 9 s. {"history": "MonteCarlo.0", "point": 153, "testname": "TRAN_MC", "cornername": "Nominal"}
[2026-05-28 07:13:33.189 Z] [WARN] [cadence.virtuoso.ade.simulationMonitor] -     WARNING (CMI-2210): V1: Period is smaller than rise+width+fall. It is reset to rise+width+fall. {"history": "MonteCarlo.0", "point": 153, "testname": "TRAN_MC", "cornername": "Nominal"}
[2026-05-28 07:13:33.189 Z] [WARN] [cadence.virtuoso.ade.simulationMonitor] -     WARNING (CMI-2425): I0.I4.C1(10): `Acde' = 2.393 is unusually large. {"history": "MonteCarlo.0", "point": 153, "testname": "TRAN_MC", "cornername": "Nominal"}
[2026-05-28 07:13:33.189 Z] [WARN] [cadence.virtuoso.ade.simulationMonitor] -     WARNING (CMI-2425): I0.I4.C1(10): `Noff' = 4.732 is unusually large. {"history": "MonteCarlo.0", "point": 153, "testname": "TRAN_MC", "cornername": "Nominal"}
[2026-05-28 07:13:33.189 Z] [WARN] [cadence.virtuoso.ade.simulationMonitor] -     WARNING (CMI-2424): I0.I4.C1(10): `Voffcv' = -867.4e-03 is unusually small. {"history": "MonteCarlo.0", "point": 153, "testname": "TRAN_MC", "cornername": "Nominal"}
[2026-05-28 07:13:33.189 Z] [WARN] [cadence.virtuoso.ade.simulationMonitor] -     WARNING (CMI-2425): I0.I4.C1(9): `Acde' = 2.393 is unusually large. {"history": "MonteCarlo.0", "point": 153, "testname": "TRAN_MC", "cornername": "Nominal"}
[2026-05-28 07:13:33.189 Z] [WARN] [cadence.virtuoso.ade.simulationMonitor] -     WARNING (CMI-2425): I0.I4.C1(9): `Noff' = 4.732 is unusually large. {"history": "MonteCarlo.0", "point": 153, "testname": "TRAN_MC", "cornername": "Nominal"}
[2026-05-28 07:13:33.189 Z] [WARN] [cadence.virtuoso.ade.simulationMonitor] -     WARNING (CMI-2424): I0.I4.C1(9): `Voffcv' = -867.4e-03 is unusually small. {"history": "MonteCarlo.0", "point": 153, "testname": "TRAN_MC", "cornername": "Nominal"}
[2026-05-28 07:13:33.189 Z] [WARN] [cadence.virtuoso.ade.simulationMonitor] -     WARNING (CMI-2425): I0.I4.C1(8): `Acde' = 2.393 is unusually large.
        Further occurrences of this warning will be suppressed. {"history": "MonteCarlo.0", "point": 153, "testname": "TRAN_MC", "cornername": "Nominal"}
[2026-05-28 07:13:33.189 Z] [WARN] [cadence.virtuoso.ade.simulationMonitor] -     WARNING (CMI-2424): I0.I4.C1(8): `Voffcv' = -867.4e-03 is unusually small. {"history": "MonteCarlo.0", "point": 153, "testname": "TRAN_MC", "cornername": "Nominal"}
[2026-05-28 07:13:33.189 Z] [WARN] [cadence.virtuoso.ade.simulationMonitor] -     WARNING (CMI-2424): I0.I4.C1(7): `Voffcv' = -867.4e-03 is unusually small. {"history": "MonteCarlo.0", "point": 153, "testname": "TRAN_MC", "cornername": "Nominal"}
[2026-05-28 07:13:33.189 Z] [WARN] [cadence.virtuoso.ade.simulationMonitor] -     WARNING (CMI-2424): I0.I4.C1(6): `Voffcv' = -867.4e-03 is unusually small.
        Further occurrences of this warning will be suppressed. {"history": "MonteCarlo.0", "point": 153, "testname": "TRAN_MC", "cornername": "Nominal"}
[2026-05-28 07:13:35.721 Z] [INFO] [cadence.virtuoso.ade.simulationMonitor] - Notice from spectre during IC analysis, during transient analysis `tran', during Monte Carlo analysis `mc1'.
    Bad pivoting is found during DC analysis. Option dc_pivot_check=yes is recommended for possible improvement of convergence. {"history": "MonteCarlo.0", "point": 153, "testname": "TRAN_MC", "cornername": "Nominal"}
[2026-05-28 07:13:35.721 Z] [WARN] [cadence.virtuoso.ade.simulationMonitor] -     WARNING (CMI-2943): Parameter checks have been ignored because the valid value for parameter 'trise' could not be found in 'R7'. {"history": "MonteCarlo.0", "point": 153, "testname": "TRAN_MC", "cornername": "Nominal"}
[2026-05-28 07:13:35.721 Z] [WARN] [cadence.virtuoso.ade.simulationMonitor] -     WARNING (CMI-2943): Parameter checks have been ignored because the valid value for parameter 'trise' could not be found in 'C0'. {"history": "MonteCarlo.0", "point": 153, "testname": "TRAN_MC", "cornername": "Nominal"}
[2026-05-28 07:13:35.721 Z] [WARN] [cadence.virtuoso.ade.simulationMonitor] -     WARNING (CMI-2943): Parameter checks have been ignored because the valid value for parameter 'trise' could not be found in 'C1'. {"history": "MonteCarlo.0", "point": 153, "testname": "TRAN_MC", "cornername": "Nominal"}
[2026-05-28 07:13:35.721 Z] [WARN] [cadence.virtuoso.ade.simulationMonitor] -     WARNING (CMI-2943): Parameter checks have been ignored because the valid value for parameter 'trise' could not be found in 'C2'. {"history": "MonteCarlo.0", "point": 153, "testname": "TRAN_MC", "cornername": "Nominal"}
[2026-05-28 07:13:35.721 Z] [WARN] [cadence.virtuoso.ade.simulationMonitor] -     WARNING (CMI-2943): Parameter checks have been ignored because the valid value for parameter 'trise' could not be found in 'I0.I4.R29.CM'.
        Further occurrences of this warning will be suppressed. {"history": "MonteCarlo.0", "point": 153, "testname": "TRAN_MC", "cornername": "Nominal"}
[2026-05-28 07:13:42.307 Z] [WARN] [cadence.virtuoso.ade.simulationMonitor] -     WARNING (CMI-2151): I0.I1.C0: Missing bulk-source diode would be forward biased. {"history": "MonteCarlo.0", "point": 153, "testname": "TRAN_MC", "cornername": "Nominal"}
[2026-05-28 07:13:42.307 Z] [WARN] [cadence.virtuoso.ade.simulationMonitor] -     WARNING (CMI-2151): I0.I1.C0: Missing bulk-drain diode would be forward biased. {"history": "MonteCarlo.0", "point": 153, "testname": "TRAN_MC", "cornername": "Nominal"}
[2026-05-28 07:13:42.307 Z] [INFO] [cadence.virtuoso.ade.simulationMonitor] - Notice from spectre at time = 194.544 us during transient analysis `tran', during Monte Carlo analysis `mc1'.
    I0.I1.C0: Missing bulk-source diode returns to normal bias condition.
    I0.I1.C0: Missing bulk-drain diode returns to normal bias condition. {"history": "MonteCarlo.0", "point": 153, "testname": "TRAN_MC", "cornername": "Nominal"}
[2026-05-28 07:14:19.024 Z] [INFO] [cadence.virtuoso.ade.simulationMonitor] - Total time required for tran analysis `tran': CPU = 36.7048 s, elapsed = 45.3886 s, util. = 80.9%. {"history": "MonteCarlo.0", "point": 153, "testname": "TRAN_MC", "cornername": "Nominal"}
[2026-05-28 07:14:19.024 Z] [INFO] [cadence.virtuoso.ade.simulationMonitor] - Peak resident memory used = 325 Mbytes. {"history": "MonteCarlo.0", "point": 153, "testname": "TRAN_MC", "cornername": "Nominal"}
[2026-05-28 07:14:19.024 Z] [INFO] [cadence.virtuoso.ade.simulationMonitor] - Notice from spectre during transient analysis `tran', during Monte Carlo analysis `mc1'.
    62 notices suppressed.
    560 warnings suppressed. {"history": "MonteCarlo.0", "point": 153, "testname": "TRAN_MC", "cornername": "Nominal"}
[2026-05-28 07:14:21.098 Z] [PROCESS] [cadence.virtuoso.ade.simulationMonitor] - Finished simulating for one iteration {"hostname": "edatools", "processid": 49036, "history": "MonteCarlo.0", "testname": "TRAN_MC", "cornername": "Nominal", "point": 153, "logfile": "/home/saul/projects/IL2244_VT26_SAUL/logs_saul/logs0/Job18.log", "simid": "1"}
[2026-05-28 07:14:21.098 Z] [PROCESS] [cadence.virtuoso.ade.simulationMonitor] - Started Simulation {"hostname": "edatools", "processid": 49036, "history": "MonteCarlo.0", "testname": "TRAN_MC", "cornername": "Nominal", "point": 154, "logfile": "/home/saul/projects/IL2244_VT26_SAUL/logs_saul/logs0/Job18.log", "event": "started", "task": "simulation"}
[2026-05-28 07:14:21.098 Z] [INFO] [cadence.virtuoso.ade.simulationMonitor] - Notice from spectre in `rpolyhc':`I0.I0.R3', in `fbias_por2_f':`I0.I0', in `fbias_bias2_f':`I0', during Monte Carlo analysis `mc1'.
    I0.I0.R3.CS0 of rpolyhc: `c' has the unusually small value of 386.063e-21 F.
    I0.I0.R3.CS1 of rpolyhc: `c' has the unusually small value of 386.063e-21 F. {"history": "MonteCarlo.0", "point": 154, "testname": "TRAN_MC", "cornername": "Nominal"}
[2026-05-28 07:14:21.098 Z] [INFO] [cadence.virtuoso.ade.simulationMonitor] - Notice from spectre in `rpolyhc':`I0.I0.R4', in `fbias_por2_f':`I0.I0', in `fbias_bias2_f':`I0', during Monte Carlo analysis `mc1'.
    I0.I0.R4.CS0 of rpolyhc: `c' has the unusually small value of 3.64829e-21 F.
    I0.I0.R4.CS1 of rpolyhc: `c' has the unusually small value of 3.64829e-21 F. {"history": "MonteCarlo.0", "point": 154, "testname": "TRAN_MC", "cornername": "Nominal"}
[2026-05-28 07:14:21.098 Z] [INFO] [cadence.virtuoso.ade.simulationMonitor] - Notice from spectre in `vert10':`I0.I2.Q3(30)', in `fecg_bandgap3_layout':`I0.I2', in `fbias_bias2_f':`I0', during Monte Carlo analysis `mc1'.
    I0.I2.Q3(30).bjtinsub: `rbm' has the unusually small value of 923.709 mOhm.
        Further occurrences of this notice will be suppressed. {"history": "MonteCarlo.0", "point": 154, "testname": "TRAN_MC", "cornername": "Nominal"}
[2026-05-28 07:14:21.098 Z] [INFO] [cadence.virtuoso.ade.simulationMonitor] - Notice from spectre during Monte Carlo analysis `mc1'.
    V1: `width' has the unusually large value of 9 s. {"history": "MonteCarlo.0", "point": 154, "testname": "TRAN_MC", "cornername": "Nominal"}
[2026-05-28 07:14:22.116 Z] [WARN] [cadence.virtuoso.ade.simulationMonitor] -     WARNING (CMI-2210): V1: Period is smaller than rise+width+fall. It is reset to rise+width+fall. {"history": "MonteCarlo.0", "point": 154, "testname": "TRAN_MC", "cornername": "Nominal"}
[2026-05-28 07:14:22.116 Z] [WARN] [cadence.virtuoso.ade.simulationMonitor] -     WARNING (CMI-2425): I0.I4.C1(10): `Acde' = 2.393 is unusually large. {"history": "MonteCarlo.0", "point": 154, "testname": "TRAN_MC", "cornername": "Nominal"}
[2026-05-28 07:14:22.116 Z] [WARN] [cadence.virtuoso.ade.simulationMonitor] -     WARNING (CMI-2425): I0.I4.C1(10): `Noff' = 4.732 is unusually large. {"history": "MonteCarlo.0", "point": 154, "testname": "TRAN_MC", "cornername": "Nominal"}
[2026-05-28 07:14:22.116 Z] [WARN] [cadence.virtuoso.ade.simulationMonitor] -     WARNING (CMI-2424): I0.I4.C1(10): `Voffcv' = -867.4e-03 is unusually small. {"history": "MonteCarlo.0", "point": 154, "testname": "TRAN_MC", "cornername": "Nominal"}
[2026-05-28 07:14:22.116 Z] [WARN] [cadence.virtuoso.ade.simulationMonitor] -     WARNING (CMI-2425): I0.I4.C1(9): `Acde' = 2.393 is unusually large. {"history": "MonteCarlo.0", "point": 154, "testname": "TRAN_MC", "cornername": "Nominal"}
[2026-05-28 07:14:22.116 Z] [WARN] [cadence.virtuoso.ade.simulationMonitor] -     WARNING (CMI-2425): I0.I4.C1(9): `Noff' = 4.732 is unusually large. {"history": "MonteCarlo.0", "point": 154, "testname": "TRAN_MC", "cornername": "Nominal"}
[2026-05-28 07:14:22.116 Z] [WARN] [cadence.virtuoso.ade.simulationMonitor] -     WARNING (CMI-2424): I0.I4.C1(9): `Voffcv' = -867.4e-03 is unusually small. {"history": "MonteCarlo.0", "point": 154, "testname": "TRAN_MC", "cornername": "Nominal"}
[2026-05-28 07:14:22.116 Z] [WARN] [cadence.virtuoso.ade.simulationMonitor] -     WARNING (CMI-2425): I0.I4.C1(8): `Acde' = 2.393 is unusually large.
        Further occurrences of this warning will be suppressed. {"history": "MonteCarlo.0", "point": 154, "testname": "TRAN_MC", "cornername": "Nominal"}
[2026-05-28 07:14:22.116 Z] [WARN] [cadence.virtuoso.ade.simulationMonitor] -     WARNING (CMI-2424): I0.I4.C1(8): `Voffcv' = -867.4e-03 is unusually small. {"history": "MonteCarlo.0", "point": 154, "testname": "TRAN_MC", "cornername": "Nominal"}
[2026-05-28 07:14:22.116 Z] [WARN] [cadence.virtuoso.ade.simulationMonitor] -     WARNING (CMI-2424): I0.I4.C1(7): `Voffcv' = -867.4e-03 is unusually small. {"history": "MonteCarlo.0", "point": 154, "testname": "TRAN_MC", "cornername": "Nominal"}
[2026-05-28 07:14:22.116 Z] [WARN] [cadence.virtuoso.ade.simulationMonitor] -     WARNING (CMI-2424): I0.I4.C1(6): `Voffcv' = -867.4e-03 is unusually small.
        Further occurrences of this warning will be suppressed. {"history": "MonteCarlo.0", "point": 154, "testname": "TRAN_MC", "cornername": "Nominal"}
[2026-05-28 07:14:23.706 Z] [INFO] [cadence.virtuoso.ade.simulationMonitor] - Notice from spectre during IC analysis, during transient analysis `tran', during Monte Carlo analysis `mc1'.
    Bad pivoting is found during DC analysis. Option dc_pivot_check=yes is recommended for possible improvement of convergence. {"history": "MonteCarlo.0", "point": 154, "testname": "TRAN_MC", "cornername": "Nominal"}
[2026-05-28 07:14:23.706 Z] [WARN] [cadence.virtuoso.ade.simulationMonitor] -     WARNING (CMI-2943): Parameter checks have been ignored because the valid value for parameter 'trise' could not be found in 'R7'. {"history": "MonteCarlo.0", "point": 154, "testname": "TRAN_MC", "cornername": "Nominal"}
[2026-05-28 07:14:23.706 Z] [WARN] [cadence.virtuoso.ade.simulationMonitor] -     WARNING (CMI-2943): Parameter checks have been ignored because the valid value for parameter 'trise' could not be found in 'C0'. {"history": "MonteCarlo.0", "point": 154, "testname": "TRAN_MC", "cornername": "Nominal"}
[2026-05-28 07:14:23.706 Z] [WARN] [cadence.virtuoso.ade.simulationMonitor] -     WARNING (CMI-2943): Parameter checks have been ignored because the valid value for parameter 'trise' could not be found in 'C1'. {"history": "MonteCarlo.0", "point": 154, "testname": "TRAN_MC", "cornername": "Nominal"}
[2026-05-28 07:14:23.706 Z] [WARN] [cadence.virtuoso.ade.simulationMonitor] -     WARNING (CMI-2943): Parameter checks have been ignored because the valid value for parameter 'trise' could not be found in 'C2'. {"history": "MonteCarlo.0", "point": 154, "testname": "TRAN_MC", "cornername": "Nominal"}
[2026-05-28 07:14:23.706 Z] [WARN] [cadence.virtuoso.ade.simulationMonitor] -     WARNING (CMI-2943): Parameter checks have been ignored because the valid value for parameter 'trise' could not be found in 'I0.I4.R29.CM'.
        Further occurrences of this warning will be suppressed. {"history": "MonteCarlo.0", "point": 154, "testname": "TRAN_MC", "cornername": "Nominal"}
[2026-05-28 07:15:01.924 Z] [INFO] [cadence.virtuoso.ade.simulationMonitor] - Total time required for tran analysis `tran': CPU = 47.2097 s, elapsed = 39.5876 s, util. = 119%. {"history": "MonteCarlo.0", "point": 154, "testname": "TRAN_MC", "cornername": "Nominal"}
[2026-05-28 07:15:01.924 Z] [INFO] [cadence.virtuoso.ade.simulationMonitor] - Peak resident memory used = 327 Mbytes. {"history": "MonteCarlo.0", "point": 154, "testname": "TRAN_MC", "cornername": "Nominal"}
[2026-05-28 07:15:01.924 Z] [INFO] [cadence.virtuoso.ade.simulationMonitor] - Notice from spectre during transient analysis `tran', during Monte Carlo analysis `mc1'.
    125 notices suppressed.
    560 warnings suppressed. {"history": "MonteCarlo.0", "point": 154, "testname": "TRAN_MC", "cornername": "Nominal"}
[2026-05-28 07:15:04.500 Z] [PROCESS] [cadence.virtuoso.ade.simulationMonitor] - Finished simulating for one iteration {"hostname": "edatools", "processid": 49036, "history": "MonteCarlo.0", "testname": "TRAN_MC", "cornername": "Nominal", "point": 154, "logfile": "/home/saul/projects/IL2244_VT26_SAUL/logs_saul/logs0/Job18.log", "simid": "1"}
[2026-05-28 07:15:04.500 Z] [PROCESS] [cadence.virtuoso.ade.simulationMonitor] - Started Simulation {"hostname": "edatools", "processid": 49036, "history": "MonteCarlo.0", "testname": "TRAN_MC", "cornername": "Nominal", "point": 155, "logfile": "/home/saul/projects/IL2244_VT26_SAUL/logs_saul/logs0/Job18.log", "event": "started", "task": "simulation"}
[2026-05-28 07:15:05.001 Z] [INFO] [cadence.virtuoso.ade.simulationMonitor] - Notice from spectre in `rpolyhc':`I0.I0.R3', in `fbias_por2_f':`I0.I0', in `fbias_bias2_f':`I0', during Monte Carlo analysis `mc1'.
    I0.I0.R3.CS0 of rpolyhc: `c' has the unusually small value of 386.063e-21 F.
    I0.I0.R3.CS1 of rpolyhc: `c' has the unusually small value of 386.063e-21 F. {"history": "MonteCarlo.0", "point": 155, "testname": "TRAN_MC", "cornername": "Nominal"}
[2026-05-28 07:15:05.001 Z] [INFO] [cadence.virtuoso.ade.simulationMonitor] - Notice from spectre in `rpolyhc':`I0.I0.R4', in `fbias_por2_f':`I0.I0', in `fbias_bias2_f':`I0', during Monte Carlo analysis `mc1'.
    I0.I0.R4.CS0 of rpolyhc: `c' has the unusually small value of 3.64829e-21 F.
    I0.I0.R4.CS1 of rpolyhc: `c' has the unusually small value of 3.64829e-21 F. {"history": "MonteCarlo.0", "point": 155, "testname": "TRAN_MC", "cornername": "Nominal"}
[2026-05-28 07:15:05.001 Z] [INFO] [cadence.virtuoso.ade.simulationMonitor] - Notice from spectre in `vert10':`I0.I2.Q3(30)', in `fecg_bandgap3_layout':`I0.I2', in `fbias_bias2_f':`I0', during Monte Carlo analysis `mc1'.
    I0.I2.Q3(30).bjtinsub: `minr' has the unusually small value of 10 fOhm.
        Further occurrences of this notice will be suppressed. {"history": "MonteCarlo.0", "point": 155, "testname": "TRAN_MC", "cornername": "Nominal"}
[2026-05-28 07:15:06.009 Z] [INFO] [cadence.virtuoso.ade.simulationMonitor] - Notice from spectre during Monte Carlo analysis `mc1'.
    V1: `width' has the unusually large value of 9 s. {"history": "MonteCarlo.0", "point": 155, "testname": "TRAN_MC", "cornername": "Nominal"}
[2026-05-28 07:15:06.009 Z] [WARN] [cadence.virtuoso.ade.simulationMonitor] -     WARNING (CMI-2210): V1: Period is smaller than rise+width+fall. It is reset to rise+width+fall. {"history": "MonteCarlo.0", "point": 155, "testname": "TRAN_MC", "cornername": "Nominal"}
[2026-05-28 07:15:06.009 Z] [WARN] [cadence.virtuoso.ade.simulationMonitor] -     WARNING (CMI-2425): I0.I4.C1(10): `Acde' = 2.393 is unusually large. {"history": "MonteCarlo.0", "point": 155, "testname": "TRAN_MC", "cornername": "Nominal"}
[2026-05-28 07:15:06.009 Z] [WARN] [cadence.virtuoso.ade.simulationMonitor] -     WARNING (CMI-2425): I0.I4.C1(10): `Noff' = 4.732 is unusually large. {"history": "MonteCarlo.0", "point": 155, "testname": "TRAN_MC", "cornername": "Nominal"}
[2026-05-28 07:15:06.009 Z] [WARN] [cadence.virtuoso.ade.simulationMonitor] -     WARNING (CMI-2424): I0.I4.C1(10): `Voffcv' = -867.4e-03 is unusually small. {"history": "MonteCarlo.0", "point": 155, "testname": "TRAN_MC", "cornername": "Nominal"}
[2026-05-28 07:15:06.009 Z] [WARN] [cadence.virtuoso.ade.simulationMonitor] -     WARNING (CMI-2425): I0.I4.C1(9): `Acde' = 2.393 is unusually large. {"history": "MonteCarlo.0", "point": 155, "testname": "TRAN_MC", "cornername": "Nominal"}
[2026-05-28 07:15:06.009 Z] [WARN] [cadence.virtuoso.ade.simulationMonitor] -     WARNING (CMI-2425): I0.I4.C1(9): `Noff' = 4.732 is unusually large. {"history": "MonteCarlo.0", "point": 155, "testname": "TRAN_MC", "cornername": "Nominal"}
[2026-05-28 07:15:06.009 Z] [WARN] [cadence.virtuoso.ade.simulationMonitor] -     WARNING (CMI-2424): I0.I4.C1(9): `Voffcv' = -867.4e-03 is unusually small. {"history": "MonteCarlo.0", "point": 155, "testname": "TRAN_MC", "cornername": "Nominal"}
[2026-05-28 07:15:06.009 Z] [WARN] [cadence.virtuoso.ade.simulationMonitor] -     WARNING (CMI-2425): I0.I4.C1(8): `Acde' = 2.393 is unusually large.
        Further occurrences of this warning will be suppressed. {"history": "MonteCarlo.0", "point": 155, "testname": "TRAN_MC", "cornername": "Nominal"}
[2026-05-28 07:15:06.009 Z] [WARN] [cadence.virtuoso.ade.simulationMonitor] -     WARNING (CMI-2424): I0.I4.C1(8): `Voffcv' = -867.4e-03 is unusually small. {"history": "MonteCarlo.0", "point": 155, "testname": "TRAN_MC", "cornername": "Nominal"}
[2026-05-28 07:15:06.009 Z] [WARN] [cadence.virtuoso.ade.simulationMonitor] -     WARNING (CMI-2424): I0.I4.C1(7): `Voffcv' = -867.4e-03 is unusually small. {"history": "MonteCarlo.0", "point": 155, "testname": "TRAN_MC", "cornername": "Nominal"}
[2026-05-28 07:15:06.009 Z] [WARN] [cadence.virtuoso.ade.simulationMonitor] -     WARNING (CMI-2424): I0.I4.C1(6): `Voffcv' = -867.4e-03 is unusually small.
        Further occurrences of this warning will be suppressed. {"history": "MonteCarlo.0", "point": 155, "testname": "TRAN_MC", "cornername": "Nominal"}
[2026-05-28 07:15:08.097 Z] [INFO] [cadence.virtuoso.ade.simulationMonitor] - Notice from spectre during IC analysis, during transient analysis `tran', during Monte Carlo analysis `mc1'.
    Bad pivoting is found during DC analysis. Option dc_pivot_check=yes is recommended for possible improvement of convergence. {"history": "MonteCarlo.0", "point": 155, "testname": "TRAN_MC", "cornername": "Nominal"}
[2026-05-28 07:15:08.097 Z] [WARN] [cadence.virtuoso.ade.simulationMonitor] -     WARNING (CMI-2943): Parameter checks have been ignored because the valid value for parameter 'trise' could not be found in 'R7'. {"history": "MonteCarlo.0", "point": 155, "testname": "TRAN_MC", "cornername": "Nominal"}
[2026-05-28 07:15:08.097 Z] [WARN] [cadence.virtuoso.ade.simulationMonitor] -     WARNING (CMI-2943): Parameter checks have been ignored because the valid value for parameter 'trise' could not be found in 'C0'. {"history": "MonteCarlo.0", "point": 155, "testname": "TRAN_MC", "cornername": "Nominal"}
[2026-05-28 07:15:08.097 Z] [WARN] [cadence.virtuoso.ade.simulationMonitor] -     WARNING (CMI-2943): Parameter checks have been ignored because the valid value for parameter 'trise' could not be found in 'C1'. {"history": "MonteCarlo.0", "point": 155, "testname": "TRAN_MC", "cornername": "Nominal"}
[2026-05-28 07:15:08.097 Z] [WARN] [cadence.virtuoso.ade.simulationMonitor] -     WARNING (CMI-2943): Parameter checks have been ignored because the valid value for parameter 'trise' could not be found in 'C2'. {"history": "MonteCarlo.0", "point": 155, "testname": "TRAN_MC", "cornername": "Nominal"}
[2026-05-28 07:15:08.097 Z] [WARN] [cadence.virtuoso.ade.simulationMonitor] -     WARNING (CMI-2943): Parameter checks have been ignored because the valid value for parameter 'trise' could not be found in 'I0.I4.R29.CM'.
        Further occurrences of this warning will be suppressed. {"history": "MonteCarlo.0", "point": 155, "testname": "TRAN_MC", "cornername": "Nominal"}
[2026-05-28 07:15:57.901 Z] [INFO] [cadence.virtuoso.ade.simulationMonitor] - Total time required for tran analysis `tran': CPU = 39.5651 s, elapsed = 51.7082 s, util. = 76.5%. {"history": "MonteCarlo.0", "point": 155, "testname": "TRAN_MC", "cornername": "Nominal"}
[2026-05-28 07:15:57.901 Z] [INFO] [cadence.virtuoso.ade.simulationMonitor] - Peak resident memory used = 328 Mbytes. {"history": "MonteCarlo.0", "point": 155, "testname": "TRAN_MC", "cornername": "Nominal"}
[2026-05-28 07:15:57.901 Z] [INFO] [cadence.virtuoso.ade.simulationMonitor] - Notice from spectre during transient analysis `tran', during Monte Carlo analysis `mc1'.
    62 notices suppressed.
    560 warnings suppressed. {"history": "MonteCarlo.0", "point": 155, "testname": "TRAN_MC", "cornername": "Nominal"}
[2026-05-28 07:15:59.913 Z] [INFO] [cadence.virtuoso.ade.simulationMonitor] - Notice from spectre in `rpolyhc':`I0.I0.R3', in `fbias_por2_f':`I0.I0', in `fbias_bias2_f':`I0', during Monte Carlo analysis `mc1'.
    I0.I0.R3.CS0 of rpolyhc: `c' has the unusually small value of 386.063e-21 F.
    I0.I0.R3.CS1 of rpolyhc: `c' has the unusually small value of 386.063e-21 F. {"history": "MonteCarlo.0", "point": 155, "testname": "TRAN_MC", "cornername": "Nominal"}
[2026-05-28 07:15:59.913 Z] [INFO] [cadence.virtuoso.ade.simulationMonitor] - Notice from spectre in `rpolyhc':`I0.I0.R4', in `fbias_por2_f':`I0.I0', in `fbias_bias2_f':`I0', during Monte Carlo analysis `mc1'.
    I0.I0.R4.CS0 of rpolyhc: `c' has the unusually small value of 3.64829e-21 F.
    I0.I0.R4.CS1 of rpolyhc: `c' has the unusually small value of 3.64829e-21 F. {"history": "MonteCarlo.0", "point": 155, "testname": "TRAN_MC", "cornername": "Nominal"}
[2026-05-28 07:15:59.913 Z] [PROCESS] [cadence.virtuoso.ade.simulationMonitor] - Finished simulating for one iteration {"hostname": "edatools", "processid": 49036, "history": "MonteCarlo.0", "testname": "TRAN_MC", "cornername": "Nominal", "point": 155, "logfile": "/home/saul/projects/IL2244_VT26_SAUL/logs_saul/logs0/Job18.log", "simid": "1"}
[2026-05-28 07:15:59.913 Z] [PROCESS] [cadence.virtuoso.ade.simulationMonitor] - Started Simulation {"hostname": "edatools", "processid": 49036, "history": "MonteCarlo.0", "testname": "TRAN_MC", "cornername": "Nominal", "point": 156, "logfile": "/home/saul/projects/IL2244_VT26_SAUL/logs_saul/logs0/Job18.log", "event": "started", "task": "simulation"}
[2026-05-28 07:16:00.425 Z] [INFO] [cadence.virtuoso.ade.simulationMonitor] - Notice from spectre in `vert10':`I0.I2.Q3(30)', in `fecg_bandgap3_layout':`I0.I2', in `fbias_bias2_f':`I0', during Monte Carlo analysis `mc1'.
    I0.I2.Q3(30).bjtinsub: `rbm' has the unusually small value of 998.709 mOhm.
        Further occurrences of this notice will be suppressed. {"history": "MonteCarlo.0", "point": 156, "testname": "TRAN_MC", "cornername": "Nominal"}
[2026-05-28 07:16:00.425 Z] [INFO] [cadence.virtuoso.ade.simulationMonitor] - Notice from spectre during Monte Carlo analysis `mc1'.
    V1: `width' has the unusually large value of 9 s. {"history": "MonteCarlo.0", "point": 156, "testname": "TRAN_MC", "cornername": "Nominal"}
[2026-05-28 07:16:00.425 Z] [WARN] [cadence.virtuoso.ade.simulationMonitor] -     WARNING (CMI-2210): V1: Period is smaller than rise+width+fall. It is reset to rise+width+fall. {"history": "MonteCarlo.0", "point": 156, "testname": "TRAN_MC", "cornername": "Nominal"}
[2026-05-28 07:16:00.425 Z] [WARN] [cadence.virtuoso.ade.simulationMonitor] -     WARNING (CMI-2425): I0.I4.C1(10): `Acde' = 2.393 is unusually large. {"history": "MonteCarlo.0", "point": 156, "testname": "TRAN_MC", "cornername": "Nominal"}
[2026-05-28 07:16:00.425 Z] [WARN] [cadence.virtuoso.ade.simulationMonitor] -     WARNING (CMI-2425): I0.I4.C1(10): `Noff' = 4.732 is unusually large. {"history": "MonteCarlo.0", "point": 156, "testname": "TRAN_MC", "cornername": "Nominal"}
[2026-05-28 07:16:00.425 Z] [WARN] [cadence.virtuoso.ade.simulationMonitor] -     WARNING (CMI-2424): I0.I4.C1(10): `Voffcv' = -867.4e-03 is unusually small. {"history": "MonteCarlo.0", "point": 156, "testname": "TRAN_MC", "cornername": "Nominal"}
[2026-05-28 07:16:00.425 Z] [WARN] [cadence.virtuoso.ade.simulationMonitor] -     WARNING (CMI-2425): I0.I4.C1(9): `Acde' = 2.393 is unusually large. {"history": "MonteCarlo.0", "point": 156, "testname": "TRAN_MC", "cornername": "Nominal"}
[2026-05-28 07:16:00.425 Z] [WARN] [cadence.virtuoso.ade.simulationMonitor] -     WARNING (CMI-2425): I0.I4.C1(9): `Noff' = 4.732 is unusually large. {"history": "MonteCarlo.0", "point": 156, "testname": "TRAN_MC", "cornername": "Nominal"}
[2026-05-28 07:16:00.425 Z] [WARN] [cadence.virtuoso.ade.simulationMonitor] -     WARNING (CMI-2424): I0.I4.C1(9): `Voffcv' = -867.4e-03 is unusually small. {"history": "MonteCarlo.0", "point": 156, "testname": "TRAN_MC", "cornername": "Nominal"}
[2026-05-28 07:16:01.000 Z] [WARN] [cadence.virtuoso.ade.simulationMonitor] -     WARNING (CMI-2425): I0.I4.C1(8): `Acde' = 2.393 is unusually large.
        Further occurrences of this warning will be suppressed. {"history": "MonteCarlo.0", "point": 156, "testname": "TRAN_MC", "cornername": "Nominal"}
[2026-05-28 07:16:01.000 Z] [WARN] [cadence.virtuoso.ade.simulationMonitor] -     WARNING (CMI-2424): I0.I4.C1(8): `Voffcv' = -867.4e-03 is unusually small. {"history": "MonteCarlo.0", "point": 156, "testname": "TRAN_MC", "cornername": "Nominal"}
[2026-05-28 07:16:01.000 Z] [WARN] [cadence.virtuoso.ade.simulationMonitor] -     WARNING (CMI-2424): I0.I4.C1(7): `Voffcv' = -867.4e-03 is unusually small. {"history": "MonteCarlo.0", "point": 156, "testname": "TRAN_MC", "cornername": "Nominal"}
[2026-05-28 07:16:01.000 Z] [WARN] [cadence.virtuoso.ade.simulationMonitor] -     WARNING (CMI-2424): I0.I4.C1(6): `Voffcv' = -867.4e-03 is unusually small.
        Further occurrences of this warning will be suppressed. {"history": "MonteCarlo.0", "point": 156, "testname": "TRAN_MC", "cornername": "Nominal"}
[2026-05-28 07:16:02.518 Z] [INFO] [cadence.virtuoso.ade.simulationMonitor] - Notice from spectre during IC analysis, during transient analysis `tran', during Monte Carlo analysis `mc1'.
    Bad pivoting is found during DC analysis. Option dc_pivot_check=yes is recommended for possible improvement of convergence. {"history": "MonteCarlo.0", "point": 156, "testname": "TRAN_MC", "cornername": "Nominal"}
[2026-05-28 07:16:02.518 Z] [WARN] [cadence.virtuoso.ade.simulationMonitor] -     WARNING (CMI-2943): Parameter checks have been ignored because the valid value for parameter 'trise' could not be found in 'R7'. {"history": "MonteCarlo.0", "point": 156, "testname": "TRAN_MC", "cornername": "Nominal"}
[2026-05-28 07:16:02.518 Z] [WARN] [cadence.virtuoso.ade.simulationMonitor] -     WARNING (CMI-2943): Parameter checks have been ignored because the valid value for parameter 'trise' could not be found in 'C0'. {"history": "MonteCarlo.0", "point": 156, "testname": "TRAN_MC", "cornername": "Nominal"}
[2026-05-28 07:16:02.518 Z] [WARN] [cadence.virtuoso.ade.simulationMonitor] -     WARNING (CMI-2943): Parameter checks have been ignored because the valid value for parameter 'trise' could not be found in 'C1'. {"history": "MonteCarlo.0", "point": 156, "testname": "TRAN_MC", "cornername": "Nominal"}
[2026-05-28 07:16:02.518 Z] [WARN] [cadence.virtuoso.ade.simulationMonitor] -     WARNING (CMI-2943): Parameter checks have been ignored because the valid value for parameter 'trise' could not be found in 'C2'. {"history": "MonteCarlo.0", "point": 156, "testname": "TRAN_MC", "cornername": "Nominal"}
[2026-05-28 07:16:02.518 Z] [WARN] [cadence.virtuoso.ade.simulationMonitor] -     WARNING (CMI-2943): Parameter checks have been ignored because the valid value for parameter 'trise' could not be found in 'I0.I4.R29.CM'.
        Further occurrences of this warning will be suppressed. {"history": "MonteCarlo.0", "point": 156, "testname": "TRAN_MC", "cornername": "Nominal"}
[2026-05-28 07:16:09.618 Z] [WARN] [cadence.virtuoso.ade.simulationMonitor] -     WARNING (CMI-2151): I0.I1.C0: Missing bulk-source diode would be forward biased. {"history": "MonteCarlo.0", "point": 156, "testname": "TRAN_MC", "cornername": "Nominal"}
[2026-05-28 07:16:09.618 Z] [WARN] [cadence.virtuoso.ade.simulationMonitor] -     WARNING (CMI-2151): I0.I1.C0: Missing bulk-drain diode would be forward biased. {"history": "MonteCarlo.0", "point": 156, "testname": "TRAN_MC", "cornername": "Nominal"}
[2026-05-28 07:16:10.121 Z] [INFO] [cadence.virtuoso.ade.simulationMonitor] - Notice from spectre at time = 185.874 us during transient analysis `tran', during Monte Carlo analysis `mc1'.
    I0.I1.C0: Missing bulk-source diode returns to normal bias condition.
    I0.I1.C0: Missing bulk-drain diode returns to normal bias condition. {"history": "MonteCarlo.0", "point": 156, "testname": "TRAN_MC", "cornername": "Nominal"}
[2026-05-28 07:16:36.302 Z] [INFO] [cadence.virtuoso.ade.simulationMonitor] - Total time required for tran analysis `tran': CPU = 43.4328 s, elapsed = 35.4957 s, util. = 122%. {"history": "MonteCarlo.0", "point": 156, "testname": "TRAN_MC", "cornername": "Nominal"}
[2026-05-28 07:16:36.302 Z] [INFO] [cadence.virtuoso.ade.simulationMonitor] - Peak resident memory used = 329 Mbytes. {"history": "MonteCarlo.0", "point": 156, "testname": "TRAN_MC", "cornername": "Nominal"}
[2026-05-28 07:16:36.302 Z] [INFO] [cadence.virtuoso.ade.simulationMonitor] - Notice from spectre during transient analysis `tran', during Monte Carlo analysis `mc1'.
    125 notices suppressed.
    560 warnings suppressed. {"history": "MonteCarlo.0", "point": 156, "testname": "TRAN_MC", "cornername": "Nominal"}
[2026-05-28 07:16:38.315 Z] [PROCESS] [cadence.virtuoso.ade.simulationMonitor] - Finished simulating for one iteration {"hostname": "edatools", "processid": 49036, "history": "MonteCarlo.0", "testname": "TRAN_MC", "cornername": "Nominal", "point": 156, "logfile": "/home/saul/projects/IL2244_VT26_SAUL/logs_saul/logs0/Job18.log", "simid": "1"}
[2026-05-28 07:16:38.315 Z] [PROCESS] [cadence.virtuoso.ade.simulationMonitor] - Started Simulation {"hostname": "edatools", "processid": 49036, "history": "MonteCarlo.0", "testname": "TRAN_MC", "cornername": "Nominal", "point": 157, "logfile": "/home/saul/projects/IL2244_VT26_SAUL/logs_saul/logs0/Job18.log", "event": "started", "task": "simulation"}
[2026-05-28 07:16:38.315 Z] [INFO] [cadence.virtuoso.ade.simulationMonitor] - Notice from spectre in `rpolyhc':`I0.I0.R3', in `fbias_por2_f':`I0.I0', in `fbias_bias2_f':`I0', during Monte Carlo analysis `mc1'.
    I0.I0.R3.CS0 of rpolyhc: `c' has the unusually small value of 386.063e-21 F.
    I0.I0.R3.CS1 of rpolyhc: `c' has the unusually small value of 386.063e-21 F. {"history": "MonteCarlo.0", "point": 157, "testname": "TRAN_MC", "cornername": "Nominal"}
[2026-05-28 07:16:38.315 Z] [INFO] [cadence.virtuoso.ade.simulationMonitor] - Notice from spectre in `rpolyhc':`I0.I0.R4', in `fbias_por2_f':`I0.I0', in `fbias_bias2_f':`I0', during Monte Carlo analysis `mc1'.
    I0.I0.R4.CS0 of rpolyhc: `c' has the unusually small value of 3.64829e-21 F.
    I0.I0.R4.CS1 of rpolyhc: `c' has the unusually small value of 3.64829e-21 F. {"history": "MonteCarlo.0", "point": 157, "testname": "TRAN_MC", "cornername": "Nominal"}
[2026-05-28 07:16:39.390 Z] [INFO] [cadence.virtuoso.ade.simulationMonitor] - Notice from spectre in `vert10':`I0.I2.Q3(30)', in `fecg_bandgap3_layout':`I0.I2', in `fbias_bias2_f':`I0', during Monte Carlo analysis `mc1'.
    I0.I2.Q3(30).bjtinsub: `minr' has the unusually small value of 10 fOhm.
        Further occurrences of this notice will be suppressed. {"history": "MonteCarlo.0", "point": 157, "testname": "TRAN_MC", "cornername": "Nominal"}
[2026-05-28 07:16:39.390 Z] [INFO] [cadence.virtuoso.ade.simulationMonitor] - Notice from spectre during Monte Carlo analysis `mc1'.
    V1: `width' has the unusually large value of 9 s. {"history": "MonteCarlo.0", "point": 157, "testname": "TRAN_MC", "cornername": "Nominal"}
[2026-05-28 07:16:39.390 Z] [WARN] [cadence.virtuoso.ade.simulationMonitor] -     WARNING (CMI-2210): V1: Period is smaller than rise+width+fall. It is reset to rise+width+fall. {"history": "MonteCarlo.0", "point": 157, "testname": "TRAN_MC", "cornername": "Nominal"}
[2026-05-28 07:16:39.390 Z] [WARN] [cadence.virtuoso.ade.simulationMonitor] -     WARNING (CMI-2425): I0.I4.C1(10): `Acde' = 2.393 is unusually large. {"history": "MonteCarlo.0", "point": 157, "testname": "TRAN_MC", "cornername": "Nominal"}
[2026-05-28 07:16:39.390 Z] [WARN] [cadence.virtuoso.ade.simulationMonitor] -     WARNING (CMI-2425): I0.I4.C1(10): `Noff' = 4.732 is unusually large. {"history": "MonteCarlo.0", "point": 157, "testname": "TRAN_MC", "cornername": "Nominal"}
[2026-05-28 07:16:39.390 Z] [WARN] [cadence.virtuoso.ade.simulationMonitor] -     WARNING (CMI-2424): I0.I4.C1(10): `Voffcv' = -867.4e-03 is unusually small. {"history": "MonteCarlo.0", "point": 157, "testname": "TRAN_MC", "cornername": "Nominal"}
[2026-05-28 07:16:39.390 Z] [WARN] [cadence.virtuoso.ade.simulationMonitor] -     WARNING (CMI-2425): I0.I4.C1(9): `Acde' = 2.393 is unusually large. {"history": "MonteCarlo.0", "point": 157, "testname": "TRAN_MC", "cornername": "Nominal"}
[2026-05-28 07:16:39.390 Z] [WARN] [cadence.virtuoso.ade.simulationMonitor] -     WARNING (CMI-2425): I0.I4.C1(9): `Noff' = 4.732 is unusually large. {"history": "MonteCarlo.0", "point": 157, "testname": "TRAN_MC", "cornername": "Nominal"}
[2026-05-28 07:16:39.390 Z] [WARN] [cadence.virtuoso.ade.simulationMonitor] -     WARNING (CMI-2424): I0.I4.C1(9): `Voffcv' = -867.4e-03 is unusually small. {"history": "MonteCarlo.0", "point": 157, "testname": "TRAN_MC", "cornername": "Nominal"}
[2026-05-28 07:16:39.390 Z] [WARN] [cadence.virtuoso.ade.simulationMonitor] -     WARNING (CMI-2425): I0.I4.C1(8): `Acde' = 2.393 is unusually large.
        Further occurrences of this warning will be suppressed. {"history": "MonteCarlo.0", "point": 157, "testname": "TRAN_MC", "cornername": "Nominal"}
[2026-05-28 07:16:39.390 Z] [WARN] [cadence.virtuoso.ade.simulationMonitor] -     WARNING (CMI-2424): I0.I4.C1(8): `Voffcv' = -867.4e-03 is unusually small. {"history": "MonteCarlo.0", "point": 157, "testname": "TRAN_MC", "cornername": "Nominal"}
[2026-05-28 07:16:39.390 Z] [WARN] [cadence.virtuoso.ade.simulationMonitor] -     WARNING (CMI-2424): I0.I4.C1(7): `Voffcv' = -867.4e-03 is unusually small. {"history": "MonteCarlo.0", "point": 157, "testname": "TRAN_MC", "cornername": "Nominal"}
[2026-05-28 07:16:39.390 Z] [WARN] [cadence.virtuoso.ade.simulationMonitor] -     WARNING (CMI-2424): I0.I4.C1(6): `Voffcv' = -867.4e-03 is unusually small.
        Further occurrences of this warning will be suppressed. {"history": "MonteCarlo.0", "point": 157, "testname": "TRAN_MC", "cornername": "Nominal"}
[2026-05-28 07:16:41.999 Z] [INFO] [cadence.virtuoso.ade.simulationMonitor] - Notice from spectre during IC analysis, during transient analysis `tran', during Monte Carlo analysis `mc1'.
    Bad pivoting is found during DC analysis. Option dc_pivot_check=yes is recommended for possible improvement of convergence. {"history": "MonteCarlo.0", "point": 157, "testname": "TRAN_MC", "cornername": "Nominal"}
[2026-05-28 07:16:42.004 Z] [WARN] [cadence.virtuoso.ade.simulationMonitor] -     WARNING (CMI-2943): Parameter checks have been ignored because the valid value for parameter 'trise' could not be found in 'R7'. {"history": "MonteCarlo.0", "point": 157, "testname": "TRAN_MC", "cornername": "Nominal"}
[2026-05-28 07:16:42.004 Z] [WARN] [cadence.virtuoso.ade.simulationMonitor] -     WARNING (CMI-2943): Parameter checks have been ignored because the valid value for parameter 'trise' could not be found in 'C0'. {"history": "MonteCarlo.0", "point": 157, "testname": "TRAN_MC", "cornername": "Nominal"}
[2026-05-28 07:16:42.004 Z] [WARN] [cadence.virtuoso.ade.simulationMonitor] -     WARNING (CMI-2943): Parameter checks have been ignored because the valid value for parameter 'trise' could not be found in 'C1'. {"history": "MonteCarlo.0", "point": 157, "testname": "TRAN_MC", "cornername": "Nominal"}
[2026-05-28 07:16:42.004 Z] [WARN] [cadence.virtuoso.ade.simulationMonitor] -     WARNING (CMI-2943): Parameter checks have been ignored because the valid value for parameter 'trise' could not be found in 'C2'. {"history": "MonteCarlo.0", "point": 157, "testname": "TRAN_MC", "cornername": "Nominal"}
[2026-05-28 07:16:42.004 Z] [WARN] [cadence.virtuoso.ade.simulationMonitor] -     WARNING (CMI-2943): Parameter checks have been ignored because the valid value for parameter 'trise' could not be found in 'I0.I4.R29.CM'.
        Further occurrences of this warning will be suppressed. {"history": "MonteCarlo.0", "point": 157, "testname": "TRAN_MC", "cornername": "Nominal"}
[2026-05-28 07:17:18.219 Z] [INFO] [cadence.virtuoso.ade.simulationMonitor] - Total time required for tran analysis `tran': CPU = 54.8513 s, elapsed = 38.2138 s, util. = 144%. {"history": "MonteCarlo.0", "point": 157, "testname": "TRAN_MC", "cornername": "Nominal"}
[2026-05-28 07:17:18.219 Z] [INFO] [cadence.virtuoso.ade.simulationMonitor] - Peak resident memory used = 330 Mbytes. {"history": "MonteCarlo.0", "point": 157, "testname": "TRAN_MC", "cornername": "Nominal"}
[2026-05-28 07:17:18.219 Z] [INFO] [cadence.virtuoso.ade.simulationMonitor] - Notice from spectre during transient analysis `tran', during Monte Carlo analysis `mc1'.
    62 notices suppressed.
    560 warnings suppressed. {"history": "MonteCarlo.0", "point": 157, "testname": "TRAN_MC", "cornername": "Nominal"}
[2026-05-28 07:17:20.290 Z] [PROCESS] [cadence.virtuoso.ade.simulationMonitor] - Finished simulating for one iteration {"hostname": "edatools", "processid": 49036, "history": "MonteCarlo.0", "testname": "TRAN_MC", "cornername": "Nominal", "point": 157, "logfile": "/home/saul/projects/IL2244_VT26_SAUL/logs_saul/logs0/Job18.log", "simid": "1"}
[2026-05-28 07:17:20.290 Z] [PROCESS] [cadence.virtuoso.ade.simulationMonitor] - Started Simulation {"hostname": "edatools", "processid": 49036, "history": "MonteCarlo.0", "testname": "TRAN_MC", "cornername": "Nominal", "point": 158, "logfile": "/home/saul/projects/IL2244_VT26_SAUL/logs_saul/logs0/Job18.log", "event": "started", "task": "simulation"}
[2026-05-28 07:17:20.290 Z] [INFO] [cadence.virtuoso.ade.simulationMonitor] - Notice from spectre in `rpolyhc':`I0.I0.R3', in `fbias_por2_f':`I0.I0', in `fbias_bias2_f':`I0', during Monte Carlo analysis `mc1'.
    I0.I0.R3.CS0 of rpolyhc: `c' has the unusually small value of 386.063e-21 F.
    I0.I0.R3.CS1 of rpolyhc: `c' has the unusually small value of 386.063e-21 F. {"history": "MonteCarlo.0", "point": 158, "testname": "TRAN_MC", "cornername": "Nominal"}
[2026-05-28 07:17:20.290 Z] [INFO] [cadence.virtuoso.ade.simulationMonitor] - Notice from spectre in `rpolyhc':`I0.I0.R4', in `fbias_por2_f':`I0.I0', in `fbias_bias2_f':`I0', during Monte Carlo analysis `mc1'.
    I0.I0.R4.CS0 of rpolyhc: `c' has the unusually small value of 3.64829e-21 F.
    I0.I0.R4.CS1 of rpolyhc: `c' has the unusually small value of 3.64829e-21 F. {"history": "MonteCarlo.0", "point": 158, "testname": "TRAN_MC", "cornername": "Nominal"}
[2026-05-28 07:17:20.290 Z] [INFO] [cadence.virtuoso.ade.simulationMonitor] - Notice from spectre in `vert10':`I0.I2.Q3(30)', in `fecg_bandgap3_layout':`I0.I2', in `fbias_bias2_f':`I0', during Monte Carlo analysis `mc1'.
    I0.I2.Q3(30).bjtinsub: `minr' has the unusually small value of 10 fOhm.
        Further occurrences of this notice will be suppressed. {"history": "MonteCarlo.0", "point": 158, "testname": "TRAN_MC", "cornername": "Nominal"}
[2026-05-28 07:17:21.306 Z] [INFO] [cadence.virtuoso.ade.simulationMonitor] - Notice from spectre during Monte Carlo analysis `mc1'.
    V1: `width' has the unusually large value of 9 s. {"history": "MonteCarlo.0", "point": 158, "testname": "TRAN_MC", "cornername": "Nominal"}
[2026-05-28 07:17:21.306 Z] [WARN] [cadence.virtuoso.ade.simulationMonitor] -     WARNING (CMI-2210): V1: Period is smaller than rise+width+fall. It is reset to rise+width+fall. {"history": "MonteCarlo.0", "point": 158, "testname": "TRAN_MC", "cornername": "Nominal"}
[2026-05-28 07:17:21.306 Z] [WARN] [cadence.virtuoso.ade.simulationMonitor] -     WARNING (CMI-2425): I0.I4.C1(10): `Acde' = 2.393 is unusually large. {"history": "MonteCarlo.0", "point": 158, "testname": "TRAN_MC", "cornername": "Nominal"}
[2026-05-28 07:17:21.306 Z] [WARN] [cadence.virtuoso.ade.simulationMonitor] -     WARNING (CMI-2425): I0.I4.C1(10): `Noff' = 4.732 is unusually large. {"history": "MonteCarlo.0", "point": 158, "testname": "TRAN_MC", "cornername": "Nominal"}
[2026-05-28 07:17:21.306 Z] [WARN] [cadence.virtuoso.ade.simulationMonitor] -     WARNING (CMI-2424): I0.I4.C1(10): `Voffcv' = -867.4e-03 is unusually small. {"history": "MonteCarlo.0", "point": 158, "testname": "TRAN_MC", "cornername": "Nominal"}
[2026-05-28 07:17:21.306 Z] [WARN] [cadence.virtuoso.ade.simulationMonitor] -     WARNING (CMI-2425): I0.I4.C1(9): `Acde' = 2.393 is unusually large. {"history": "MonteCarlo.0", "point": 158, "testname": "TRAN_MC", "cornername": "Nominal"}
[2026-05-28 07:17:21.306 Z] [WARN] [cadence.virtuoso.ade.simulationMonitor] -     WARNING (CMI-2425): I0.I4.C1(9): `Noff' = 4.732 is unusually large. {"history": "MonteCarlo.0", "point": 158, "testname": "TRAN_MC", "cornername": "Nominal"}
[2026-05-28 07:17:21.306 Z] [WARN] [cadence.virtuoso.ade.simulationMonitor] -     WARNING (CMI-2424): I0.I4.C1(9): `Voffcv' = -867.4e-03 is unusually small. {"history": "MonteCarlo.0", "point": 158, "testname": "TRAN_MC", "cornername": "Nominal"}
[2026-05-28 07:17:21.306 Z] [WARN] [cadence.virtuoso.ade.simulationMonitor] -     WARNING (CMI-2425): I0.I4.C1(8): `Acde' = 2.393 is unusually large.
        Further occurrences of this warning will be suppressed. {"history": "MonteCarlo.0", "point": 158, "testname": "TRAN_MC", "cornername": "Nominal"}
[2026-05-28 07:17:21.306 Z] [WARN] [cadence.virtuoso.ade.simulationMonitor] -     WARNING (CMI-2424): I0.I4.C1(8): `Voffcv' = -867.4e-03 is unusually small. {"history": "MonteCarlo.0", "point": 158, "testname": "TRAN_MC", "cornername": "Nominal"}
[2026-05-28 07:17:21.306 Z] [WARN] [cadence.virtuoso.ade.simulationMonitor] -     WARNING (CMI-2424): I0.I4.C1(7): `Voffcv' = -867.4e-03 is unusually small. {"history": "MonteCarlo.0", "point": 158, "testname": "TRAN_MC", "cornername": "Nominal"}
[2026-05-28 07:17:21.306 Z] [WARN] [cadence.virtuoso.ade.simulationMonitor] -     WARNING (CMI-2424): I0.I4.C1(6): `Voffcv' = -867.4e-03 is unusually small.
        Further occurrences of this warning will be suppressed. {"history": "MonteCarlo.0", "point": 158, "testname": "TRAN_MC", "cornername": "Nominal"}
[2026-05-28 07:17:22.821 Z] [INFO] [cadence.virtuoso.ade.simulationMonitor] - Notice from spectre during IC analysis, during transient analysis `tran', during Monte Carlo analysis `mc1'.
    Bad pivoting is found during DC analysis. Option dc_pivot_check=yes is recommended for possible improvement of convergence. {"history": "MonteCarlo.0", "point": 158, "testname": "TRAN_MC", "cornername": "Nominal"}
[2026-05-28 07:17:22.821 Z] [WARN] [cadence.virtuoso.ade.simulationMonitor] -     WARNING (CMI-2943): Parameter checks have been ignored because the valid value for parameter 'trise' could not be found in 'R7'. {"history": "MonteCarlo.0", "point": 158, "testname": "TRAN_MC", "cornername": "Nominal"}
[2026-05-28 07:17:22.821 Z] [WARN] [cadence.virtuoso.ade.simulationMonitor] -     WARNING (CMI-2943): Parameter checks have been ignored because the valid value for parameter 'trise' could not be found in 'C0'. {"history": "MonteCarlo.0", "point": 158, "testname": "TRAN_MC", "cornername": "Nominal"}
[2026-05-28 07:17:22.821 Z] [WARN] [cadence.virtuoso.ade.simulationMonitor] -     WARNING (CMI-2943): Parameter checks have been ignored because the valid value for parameter 'trise' could not be found in 'C1'. {"history": "MonteCarlo.0", "point": 158, "testname": "TRAN_MC", "cornername": "Nominal"}
[2026-05-28 07:17:22.821 Z] [WARN] [cadence.virtuoso.ade.simulationMonitor] -     WARNING (CMI-2943): Parameter checks have been ignored because the valid value for parameter 'trise' could not be found in 'C2'. {"history": "MonteCarlo.0", "point": 158, "testname": "TRAN_MC", "cornername": "Nominal"}
[2026-05-28 07:17:22.821 Z] [WARN] [cadence.virtuoso.ade.simulationMonitor] -     WARNING (CMI-2943): Parameter checks have been ignored because the valid value for parameter 'trise' could not be found in 'I0.I4.R29.CM'.
        Further occurrences of this warning will be suppressed. {"history": "MonteCarlo.0", "point": 158, "testname": "TRAN_MC", "cornername": "Nominal"}
[2026-05-28 07:18:10.797 Z] [INFO] [cadence.virtuoso.ade.simulationMonitor] - Total time required for tran analysis `tran': CPU = 40.6655 s, elapsed = 49.5859 s, util. = 82%. {"history": "MonteCarlo.0", "point": 158, "testname": "TRAN_MC", "cornername": "Nominal"}
[2026-05-28 07:18:10.797 Z] [INFO] [cadence.virtuoso.ade.simulationMonitor] - Peak resident memory used = 332 Mbytes. {"history": "MonteCarlo.0", "point": 158, "testname": "TRAN_MC", "cornername": "Nominal"}
[2026-05-28 07:18:10.797 Z] [INFO] [cadence.virtuoso.ade.simulationMonitor] - Notice from spectre during transient analysis `tran', during Monte Carlo analysis `mc1'.
    62 notices suppressed.
    560 warnings suppressed. {"history": "MonteCarlo.0", "point": 158, "testname": "TRAN_MC", "cornername": "Nominal"}
[2026-05-28 07:18:12.807 Z] [PROCESS] [cadence.virtuoso.ade.simulationMonitor] - Finished simulating for one iteration {"hostname": "edatools", "processid": 49036, "history": "MonteCarlo.0", "testname": "TRAN_MC", "cornername": "Nominal", "point": 158, "logfile": "/home/saul/projects/IL2244_VT26_SAUL/logs_saul/logs0/Job18.log", "simid": "1"}
[2026-05-28 07:18:12.807 Z] [PROCESS] [cadence.virtuoso.ade.simulationMonitor] - Started Simulation {"hostname": "edatools", "processid": 49036, "history": "MonteCarlo.0", "testname": "TRAN_MC", "cornername": "Nominal", "point": 159, "logfile": "/home/saul/projects/IL2244_VT26_SAUL/logs_saul/logs0/Job18.log", "event": "started", "task": "simulation"}
[2026-05-28 07:18:13.309 Z] [INFO] [cadence.virtuoso.ade.simulationMonitor] - Notice from spectre in `rpolyhc':`I0.I0.R3', in `fbias_por2_f':`I0.I0', in `fbias_bias2_f':`I0', during Monte Carlo analysis `mc1'.
    I0.I0.R3.CS0 of rpolyhc: `c' has the unusually small value of 386.063e-21 F.
    I0.I0.R3.CS1 of rpolyhc: `c' has the unusually small value of 386.063e-21 F. {"history": "MonteCarlo.0", "point": 159, "testname": "TRAN_MC", "cornername": "Nominal"}
[2026-05-28 07:18:13.309 Z] [INFO] [cadence.virtuoso.ade.simulationMonitor] - Notice from spectre in `rpolyhc':`I0.I0.R4', in `fbias_por2_f':`I0.I0', in `fbias_bias2_f':`I0', during Monte Carlo analysis `mc1'.
    I0.I0.R4.CS0 of rpolyhc: `c' has the unusually small value of 3.64829e-21 F.
    I0.I0.R4.CS1 of rpolyhc: `c' has the unusually small value of 3.64829e-21 F. {"history": "MonteCarlo.0", "point": 159, "testname": "TRAN_MC", "cornername": "Nominal"}
[2026-05-28 07:18:13.309 Z] [INFO] [cadence.virtuoso.ade.simulationMonitor] - Notice from spectre in `vert10':`I0.I2.Q3(30)', in `fecg_bandgap3_layout':`I0.I2', in `fbias_bias2_f':`I0', during Monte Carlo analysis `mc1'.
    I0.I2.Q3(30).bjtinsub: `rbm' has the unusually small value of 948.709 mOhm.
        Further occurrences of this notice will be suppressed. {"history": "MonteCarlo.0", "point": 159, "testname": "TRAN_MC", "cornername": "Nominal"}
[2026-05-28 07:18:14.816 Z] [INFO] [cadence.virtuoso.ade.simulationMonitor] - Notice from spectre during Monte Carlo analysis `mc1'.
    V1: `width' has the unusually large value of 9 s. {"history": "MonteCarlo.0", "point": 159, "testname": "TRAN_MC", "cornername": "Nominal"}
[2026-05-28 07:18:14.816 Z] [WARN] [cadence.virtuoso.ade.simulationMonitor] -     WARNING (CMI-2210): V1: Period is smaller than rise+width+fall. It is reset to rise+width+fall. {"history": "MonteCarlo.0", "point": 159, "testname": "TRAN_MC", "cornername": "Nominal"}
[2026-05-28 07:18:14.816 Z] [WARN] [cadence.virtuoso.ade.simulationMonitor] -     WARNING (CMI-2425): I0.I4.C1(10): `Acde' = 2.393 is unusually large. {"history": "MonteCarlo.0", "point": 159, "testname": "TRAN_MC", "cornername": "Nominal"}
[2026-05-28 07:18:14.816 Z] [WARN] [cadence.virtuoso.ade.simulationMonitor] -     WARNING (CMI-2425): I0.I4.C1(10): `Noff' = 4.732 is unusually large. {"history": "MonteCarlo.0", "point": 159, "testname": "TRAN_MC", "cornername": "Nominal"}
[2026-05-28 07:18:14.816 Z] [WARN] [cadence.virtuoso.ade.simulationMonitor] -     WARNING (CMI-2424): I0.I4.C1(10): `Voffcv' = -867.4e-03 is unusually small. {"history": "MonteCarlo.0", "point": 159, "testname": "TRAN_MC", "cornername": "Nominal"}
[2026-05-28 07:18:14.816 Z] [WARN] [cadence.virtuoso.ade.simulationMonitor] -     WARNING (CMI-2425): I0.I4.C1(9): `Acde' = 2.393 is unusually large. {"history": "MonteCarlo.0", "point": 159, "testname": "TRAN_MC", "cornername": "Nominal"}
[2026-05-28 07:18:14.816 Z] [WARN] [cadence.virtuoso.ade.simulationMonitor] -     WARNING (CMI-2425): I0.I4.C1(9): `Noff' = 4.732 is unusually large. {"history": "MonteCarlo.0", "point": 159, "testname": "TRAN_MC", "cornername": "Nominal"}
[2026-05-28 07:18:14.816 Z] [WARN] [cadence.virtuoso.ade.simulationMonitor] -     WARNING (CMI-2424): I0.I4.C1(9): `Voffcv' = -867.4e-03 is unusually small. {"history": "MonteCarlo.0", "point": 159, "testname": "TRAN_MC", "cornername": "Nominal"}
[2026-05-28 07:18:14.816 Z] [WARN] [cadence.virtuoso.ade.simulationMonitor] -     WARNING (CMI-2425): I0.I4.C1(8): `Acde' = 2.393 is unusually large.
        Further occurrences of this warning will be suppressed. {"history": "MonteCarlo.0", "point": 159, "testname": "TRAN_MC", "cornername": "Nominal"}
[2026-05-28 07:18:14.816 Z] [WARN] [cadence.virtuoso.ade.simulationMonitor] -     WARNING (CMI-2424): I0.I4.C1(8): `Voffcv' = -867.4e-03 is unusually small. {"history": "MonteCarlo.0", "point": 159, "testname": "TRAN_MC", "cornername": "Nominal"}
[2026-05-28 07:18:14.816 Z] [WARN] [cadence.virtuoso.ade.simulationMonitor] -     WARNING (CMI-2424): I0.I4.C1(7): `Voffcv' = -867.4e-03 is unusually small. {"history": "MonteCarlo.0", "point": 159, "testname": "TRAN_MC", "cornername": "Nominal"}
[2026-05-28 07:18:14.816 Z] [WARN] [cadence.virtuoso.ade.simulationMonitor] -     WARNING (CMI-2424): I0.I4.C1(6): `Voffcv' = -867.4e-03 is unusually small.
        Further occurrences of this warning will be suppressed. {"history": "MonteCarlo.0", "point": 159, "testname": "TRAN_MC", "cornername": "Nominal"}
[2026-05-28 07:18:16.901 Z] [INFO] [cadence.virtuoso.ade.simulationMonitor] - Notice from spectre during IC analysis, during transient analysis `tran', during Monte Carlo analysis `mc1'.
    Bad pivoting is found during DC analysis. Option dc_pivot_check=yes is recommended for possible improvement of convergence. {"history": "MonteCarlo.0", "point": 159, "testname": "TRAN_MC", "cornername": "Nominal"}
[2026-05-28 07:18:16.901 Z] [WARN] [cadence.virtuoso.ade.simulationMonitor] -     WARNING (CMI-2943): Parameter checks have been ignored because the valid value for parameter 'trise' could not be found in 'R7'. {"history": "MonteCarlo.0", "point": 159, "testname": "TRAN_MC", "cornername": "Nominal"}
[2026-05-28 07:18:16.901 Z] [WARN] [cadence.virtuoso.ade.simulationMonitor] -     WARNING (CMI-2943): Parameter checks have been ignored because the valid value for parameter 'trise' could not be found in 'C0'. {"history": "MonteCarlo.0", "point": 159, "testname": "TRAN_MC", "cornername": "Nominal"}
[2026-05-28 07:18:16.901 Z] [WARN] [cadence.virtuoso.ade.simulationMonitor] -     WARNING (CMI-2943): Parameter checks have been ignored because the valid value for parameter 'trise' could not be found in 'C1'. {"history": "MonteCarlo.0", "point": 159, "testname": "TRAN_MC", "cornername": "Nominal"}
[2026-05-28 07:18:16.901 Z] [WARN] [cadence.virtuoso.ade.simulationMonitor] -     WARNING (CMI-2943): Parameter checks have been ignored because the valid value for parameter 'trise' could not be found in 'C2'. {"history": "MonteCarlo.0", "point": 159, "testname": "TRAN_MC", "cornername": "Nominal"}
[2026-05-28 07:18:16.901 Z] [WARN] [cadence.virtuoso.ade.simulationMonitor] -     WARNING (CMI-2943): Parameter checks have been ignored because the valid value for parameter 'trise' could not be found in 'I0.I4.R29.CM'.
        Further occurrences of this warning will be suppressed. {"history": "MonteCarlo.0", "point": 159, "testname": "TRAN_MC", "cornername": "Nominal"}
[2026-05-28 07:19:12.799 Z] [INFO] [cadence.virtuoso.ade.simulationMonitor] - Total time required for tran analysis `tran': CPU = 36.7166 s, elapsed = 57.982 s, util. = 63.3%. {"history": "MonteCarlo.0", "point": 159, "testname": "TRAN_MC", "cornername": "Nominal"}
[2026-05-28 07:19:12.799 Z] [INFO] [cadence.virtuoso.ade.simulationMonitor] - Peak resident memory used = 333 Mbytes. {"history": "MonteCarlo.0", "point": 159, "testname": "TRAN_MC", "cornername": "Nominal"}
[2026-05-28 07:19:12.799 Z] [INFO] [cadence.virtuoso.ade.simulationMonitor] - Notice from spectre during transient analysis `tran', during Monte Carlo analysis `mc1'.
    125 notices suppressed.
    560 warnings suppressed. {"history": "MonteCarlo.0", "point": 159, "testname": "TRAN_MC", "cornername": "Nominal"}
[2026-05-28 07:19:14.812 Z] [PROCESS] [cadence.virtuoso.ade.simulationMonitor] - Finished simulating for one iteration {"hostname": "edatools", "processid": 49036, "history": "MonteCarlo.0", "testname": "TRAN_MC", "cornername": "Nominal", "point": 159, "logfile": "/home/saul/projects/IL2244_VT26_SAUL/logs_saul/logs0/Job18.log", "simid": "1"}
[2026-05-28 07:19:14.812 Z] [PROCESS] [cadence.virtuoso.ade.simulationMonitor] - Started Simulation {"hostname": "edatools", "processid": 49036, "history": "MonteCarlo.0", "testname": "TRAN_MC", "cornername": "Nominal", "point": 160, "logfile": "/home/saul/projects/IL2244_VT26_SAUL/logs_saul/logs0/Job18.log", "event": "started", "task": "simulation"}
[2026-05-28 07:19:15.317 Z] [INFO] [cadence.virtuoso.ade.simulationMonitor] - Notice from spectre in `rpolyhc':`I0.I0.R3', in `fbias_por2_f':`I0.I0', in `fbias_bias2_f':`I0', during Monte Carlo analysis `mc1'.
    I0.I0.R3.CS0 of rpolyhc: `c' has the unusually small value of 386.063e-21 F.
    I0.I0.R3.CS1 of rpolyhc: `c' has the unusually small value of 386.063e-21 F. {"history": "MonteCarlo.0", "point": 160, "testname": "TRAN_MC", "cornername": "Nominal"}
[2026-05-28 07:19:15.317 Z] [INFO] [cadence.virtuoso.ade.simulationMonitor] - Notice from spectre in `rpolyhc':`I0.I0.R4', in `fbias_por2_f':`I0.I0', in `fbias_bias2_f':`I0', during Monte Carlo analysis `mc1'.
    I0.I0.R4.CS0 of rpolyhc: `c' has the unusually small value of 3.64829e-21 F.
    I0.I0.R4.CS1 of rpolyhc: `c' has the unusually small value of 3.64829e-21 F. {"history": "MonteCarlo.0", "point": 160, "testname": "TRAN_MC", "cornername": "Nominal"}
[2026-05-28 07:19:15.317 Z] [INFO] [cadence.virtuoso.ade.simulationMonitor] - Notice from spectre in `vert10':`I0.I2.Q3(30)', in `fecg_bandgap3_layout':`I0.I2', in `fbias_bias2_f':`I0', during Monte Carlo analysis `mc1'.
    I0.I2.Q3(30).bjtinsub: `minr' has the unusually small value of 10 fOhm.
        Further occurrences of this notice will be suppressed. {"history": "MonteCarlo.0", "point": 160, "testname": "TRAN_MC", "cornername": "Nominal"}
[2026-05-28 07:19:15.317 Z] [INFO] [cadence.virtuoso.ade.simulationMonitor] - Notice from spectre during Monte Carlo analysis `mc1'.
    V1: `width' has the unusually large value of 9 s. {"history": "MonteCarlo.0", "point": 160, "testname": "TRAN_MC", "cornername": "Nominal"}
[2026-05-28 07:19:15.317 Z] [WARN] [cadence.virtuoso.ade.simulationMonitor] -     WARNING (CMI-2210): V1: Period is smaller than rise+width+fall. It is reset to rise+width+fall. {"history": "MonteCarlo.0", "point": 160, "testname": "TRAN_MC", "cornername": "Nominal"}
[2026-05-28 07:19:15.317 Z] [WARN] [cadence.virtuoso.ade.simulationMonitor] -     WARNING (CMI-2425): I0.I4.C1(10): `Acde' = 2.393 is unusually large. {"history": "MonteCarlo.0", "point": 160, "testname": "TRAN_MC", "cornername": "Nominal"}
[2026-05-28 07:19:15.317 Z] [WARN] [cadence.virtuoso.ade.simulationMonitor] -     WARNING (CMI-2425): I0.I4.C1(10): `Noff' = 4.732 is unusually large. {"history": "MonteCarlo.0", "point": 160, "testname": "TRAN_MC", "cornername": "Nominal"}
[2026-05-28 07:19:15.317 Z] [WARN] [cadence.virtuoso.ade.simulationMonitor] -     WARNING (CMI-2424): I0.I4.C1(10): `Voffcv' = -867.4e-03 is unusually small. {"history": "MonteCarlo.0", "point": 160, "testname": "TRAN_MC", "cornername": "Nominal"}
[2026-05-28 07:19:15.317 Z] [WARN] [cadence.virtuoso.ade.simulationMonitor] -     WARNING (CMI-2425): I0.I4.C1(9): `Acde' = 2.393 is unusually large. {"history": "MonteCarlo.0", "point": 160, "testname": "TRAN_MC", "cornername": "Nominal"}
[2026-05-28 07:19:15.317 Z] [WARN] [cadence.virtuoso.ade.simulationMonitor] -     WARNING (CMI-2425): I0.I4.C1(9): `Noff' = 4.732 is unusually large. {"history": "MonteCarlo.0", "point": 160, "testname": "TRAN_MC", "cornername": "Nominal"}
[2026-05-28 07:19:15.317 Z] [WARN] [cadence.virtuoso.ade.simulationMonitor] -     WARNING (CMI-2424): I0.I4.C1(9): `Voffcv' = -867.4e-03 is unusually small. {"history": "MonteCarlo.0", "point": 160, "testname": "TRAN_MC", "cornername": "Nominal"}
[2026-05-28 07:19:15.317 Z] [WARN] [cadence.virtuoso.ade.simulationMonitor] -     WARNING (CMI-2425): I0.I4.C1(8): `Acde' = 2.393 is unusually large.
        Further occurrences of this warning will be suppressed. {"history": "MonteCarlo.0", "point": 160, "testname": "TRAN_MC", "cornername": "Nominal"}
[2026-05-28 07:19:15.317 Z] [WARN] [cadence.virtuoso.ade.simulationMonitor] -     WARNING (CMI-2424): I0.I4.C1(8): `Voffcv' = -867.4e-03 is unusually small. {"history": "MonteCarlo.0", "point": 160, "testname": "TRAN_MC", "cornername": "Nominal"}
[2026-05-28 07:19:15.317 Z] [WARN] [cadence.virtuoso.ade.simulationMonitor] -     WARNING (CMI-2424): I0.I4.C1(7): `Voffcv' = -867.4e-03 is unusually small. {"history": "MonteCarlo.0", "point": 160, "testname": "TRAN_MC", "cornername": "Nominal"}
[2026-05-28 07:19:15.317 Z] [WARN] [cadence.virtuoso.ade.simulationMonitor] -     WARNING (CMI-2424): I0.I4.C1(6): `Voffcv' = -867.4e-03 is unusually small.
        Further occurrences of this warning will be suppressed. {"history": "MonteCarlo.0", "point": 160, "testname": "TRAN_MC", "cornername": "Nominal"}
[2026-05-28 07:19:17.419 Z] [INFO] [cadence.virtuoso.ade.simulationMonitor] - Notice from spectre during IC analysis, during transient analysis `tran', during Monte Carlo analysis `mc1'.
    Bad pivoting is found during DC analysis. Option dc_pivot_check=yes is recommended for possible improvement of convergence. {"history": "MonteCarlo.0", "point": 160, "testname": "TRAN_MC", "cornername": "Nominal"}
[2026-05-28 07:19:17.419 Z] [WARN] [cadence.virtuoso.ade.simulationMonitor] -     WARNING (CMI-2943): Parameter checks have been ignored because the valid value for parameter 'trise' could not be found in 'R7'. {"history": "MonteCarlo.0", "point": 160, "testname": "TRAN_MC", "cornername": "Nominal"}
[2026-05-28 07:19:17.419 Z] [WARN] [cadence.virtuoso.ade.simulationMonitor] -     WARNING (CMI-2943): Parameter checks have been ignored because the valid value for parameter 'trise' could not be found in 'C0'. {"history": "MonteCarlo.0", "point": 160, "testname": "TRAN_MC", "cornername": "Nominal"}
[2026-05-28 07:19:17.419 Z] [WARN] [cadence.virtuoso.ade.simulationMonitor] -     WARNING (CMI-2943): Parameter checks have been ignored because the valid value for parameter 'trise' could not be found in 'C1'. {"history": "MonteCarlo.0", "point": 160, "testname": "TRAN_MC", "cornername": "Nominal"}
[2026-05-28 07:19:17.419 Z] [WARN] [cadence.virtuoso.ade.simulationMonitor] -     WARNING (CMI-2943): Parameter checks have been ignored because the valid value for parameter 'trise' could not be found in 'C2'. {"history": "MonteCarlo.0", "point": 160, "testname": "TRAN_MC", "cornername": "Nominal"}
[2026-05-28 07:19:17.419 Z] [WARN] [cadence.virtuoso.ade.simulationMonitor] -     WARNING (CMI-2943): Parameter checks have been ignored because the valid value for parameter 'trise' could not be found in 'I0.I4.R29.CM'.
        Further occurrences of this warning will be suppressed. {"history": "MonteCarlo.0", "point": 160, "testname": "TRAN_MC", "cornername": "Nominal"}
[2026-05-28 07:19:23.520 Z] [WARN] [cadence.virtuoso.ade.simulationMonitor] -     WARNING (CMI-2151): I0.I1.C0: Missing bulk-source diode would be forward biased. {"history": "MonteCarlo.0", "point": 160, "testname": "TRAN_MC", "cornername": "Nominal"}
[2026-05-28 07:19:23.520 Z] [WARN] [cadence.virtuoso.ade.simulationMonitor] -     WARNING (CMI-2151): I0.I1.C0: Missing bulk-drain diode would be forward biased. {"history": "MonteCarlo.0", "point": 160, "testname": "TRAN_MC", "cornername": "Nominal"}
[2026-05-28 07:19:23.520 Z] [INFO] [cadence.virtuoso.ade.simulationMonitor] - Notice from spectre at time = 172.839 us during transient analysis `tran', during Monte Carlo analysis `mc1'.
    I0.I1.C0: Missing bulk-source diode returns to normal bias condition.
    I0.I1.C0: Missing bulk-drain diode returns to normal bias condition. {"history": "MonteCarlo.0", "point": 160, "testname": "TRAN_MC", "cornername": "Nominal"}
[2026-05-28 07:19:52.791 Z] [INFO] [cadence.virtuoso.ade.simulationMonitor] - Total time required for tran analysis `tran': CPU = 52.9085 s, elapsed = 36.8792 s, util. = 143%. {"history": "MonteCarlo.0", "point": 160, "testname": "TRAN_MC", "cornername": "Nominal"}
[2026-05-28 07:19:52.791 Z] [INFO] [cadence.virtuoso.ade.simulationMonitor] - Peak resident memory used = 334 Mbytes. {"history": "MonteCarlo.0", "point": 160, "testname": "TRAN_MC", "cornername": "Nominal"}
[2026-05-28 07:19:52.791 Z] [INFO] [cadence.virtuoso.ade.simulationMonitor] - Notice from spectre during transient analysis `tran', during Monte Carlo analysis `mc1'.
    62 notices suppressed.
    560 warnings suppressed. {"history": "MonteCarlo.0", "point": 160, "testname": "TRAN_MC", "cornername": "Nominal"}
[2026-05-28 07:19:55.302 Z] [INFO] [cadence.virtuoso.ade.simulationMonitor] - Notice from spectre in `rpolyhc':`I0.I0.R3', in `fbias_por2_f':`I0.I0', in `fbias_bias2_f':`I0', during Monte Carlo analysis `mc1'.
    I0.I0.R3.CS0 of rpolyhc: `c' has the unusually small value of 386.063e-21 F.
    I0.I0.R3.CS1 of rpolyhc: `c' has the unusually small value of 386.063e-21 F. {"history": "MonteCarlo.0", "point": 160, "testname": "TRAN_MC", "cornername": "Nominal"}
[2026-05-28 07:19:55.302 Z] [INFO] [cadence.virtuoso.ade.simulationMonitor] - Notice from spectre in `rpolyhc':`I0.I0.R4', in `fbias_por2_f':`I0.I0', in `fbias_bias2_f':`I0', during Monte Carlo analysis `mc1'.
    I0.I0.R4.CS0 of rpolyhc: `c' has the unusually small value of 3.64829e-21 F.
    I0.I0.R4.CS1 of rpolyhc: `c' has the unusually small value of 3.64829e-21 F. {"history": "MonteCarlo.0", "point": 160, "testname": "TRAN_MC", "cornername": "Nominal"}
[2026-05-28 07:19:55.302 Z] [PROCESS] [cadence.virtuoso.ade.simulationMonitor] - Finished simulating for one iteration {"hostname": "edatools", "processid": 49036, "history": "MonteCarlo.0", "testname": "TRAN_MC", "cornername": "Nominal", "point": 160, "logfile": "/home/saul/projects/IL2244_VT26_SAUL/logs_saul/logs0/Job18.log", "simid": "1"}
[2026-05-28 07:19:55.302 Z] [PROCESS] [cadence.virtuoso.ade.simulationMonitor] - Started Simulation {"hostname": "edatools", "processid": 49036, "history": "MonteCarlo.0", "testname": "TRAN_MC", "cornername": "Nominal", "point": 161, "logfile": "/home/saul/projects/IL2244_VT26_SAUL/logs_saul/logs0/Job18.log", "event": "started", "task": "simulation"}
[2026-05-28 07:19:55.302 Z] [INFO] [cadence.virtuoso.ade.simulationMonitor] - Notice from spectre in `vert10':`I0.I2.Q3(30)', in `fecg_bandgap3_layout':`I0.I2', in `fbias_bias2_f':`I0', during Monte Carlo analysis `mc1'.
    I0.I2.Q3(30).bjtinsub: `rbm' has the unusually small value of 983.084 mOhm.
        Further occurrences of this notice will be suppressed. {"history": "MonteCarlo.0", "point": 161, "testname": "TRAN_MC", "cornername": "Nominal"}
[2026-05-28 07:19:55.302 Z] [INFO] [cadence.virtuoso.ade.simulationMonitor] - Notice from spectre during Monte Carlo analysis `mc1'.
    V1: `width' has the unusually large value of 9 s. {"history": "MonteCarlo.0", "point": 161, "testname": "TRAN_MC", "cornername": "Nominal"}
[2026-05-28 07:19:55.302 Z] [WARN] [cadence.virtuoso.ade.simulationMonitor] -     WARNING (CMI-2210): V1: Period is smaller than rise+width+fall. It is reset to rise+width+fall. {"history": "MonteCarlo.0", "point": 161, "testname": "TRAN_MC", "cornername": "Nominal"}
[2026-05-28 07:19:55.302 Z] [WARN] [cadence.virtuoso.ade.simulationMonitor] -     WARNING (CMI-2425): I0.I4.C1(10): `Acde' = 2.393 is unusually large. {"history": "MonteCarlo.0", "point": 161, "testname": "TRAN_MC", "cornername": "Nominal"}
[2026-05-28 07:19:55.302 Z] [WARN] [cadence.virtuoso.ade.simulationMonitor] -     WARNING (CMI-2425): I0.I4.C1(10): `Noff' = 4.732 is unusually large. {"history": "MonteCarlo.0", "point": 161, "testname": "TRAN_MC", "cornername": "Nominal"}
[2026-05-28 07:19:55.302 Z] [WARN] [cadence.virtuoso.ade.simulationMonitor] -     WARNING (CMI-2424): I0.I4.C1(10): `Voffcv' = -867.4e-03 is unusually small. {"history": "MonteCarlo.0", "point": 161, "testname": "TRAN_MC", "cornername": "Nominal"}
[2026-05-28 07:19:55.302 Z] [WARN] [cadence.virtuoso.ade.simulationMonitor] -     WARNING (CMI-2425): I0.I4.C1(9): `Acde' = 2.393 is unusually large. {"history": "MonteCarlo.0", "point": 161, "testname": "TRAN_MC", "cornername": "Nominal"}
[2026-05-28 07:19:55.302 Z] [WARN] [cadence.virtuoso.ade.simulationMonitor] -     WARNING (CMI-2425): I0.I4.C1(9): `Noff' = 4.732 is unusually large. {"history": "MonteCarlo.0", "point": 161, "testname": "TRAN_MC", "cornername": "Nominal"}
[2026-05-28 07:19:55.302 Z] [WARN] [cadence.virtuoso.ade.simulationMonitor] -     WARNING (CMI-2424): I0.I4.C1(9): `Voffcv' = -867.4e-03 is unusually small. {"history": "MonteCarlo.0", "point": 161, "testname": "TRAN_MC", "cornername": "Nominal"}
[2026-05-28 07:19:55.302 Z] [WARN] [cadence.virtuoso.ade.simulationMonitor] -     WARNING (CMI-2425): I0.I4.C1(8): `Acde' = 2.393 is unusually large.
        Further occurrences of this warning will be suppressed. {"history": "MonteCarlo.0", "point": 161, "testname": "TRAN_MC", "cornername": "Nominal"}
[2026-05-28 07:19:55.302 Z] [WARN] [cadence.virtuoso.ade.simulationMonitor] -     WARNING (CMI-2424): I0.I4.C1(8): `Voffcv' = -867.4e-03 is unusually small. {"history": "MonteCarlo.0", "point": 161, "testname": "TRAN_MC", "cornername": "Nominal"}
[2026-05-28 07:19:55.302 Z] [WARN] [cadence.virtuoso.ade.simulationMonitor] -     WARNING (CMI-2424): I0.I4.C1(7): `Voffcv' = -867.4e-03 is unusually small. {"history": "MonteCarlo.0", "point": 161, "testname": "TRAN_MC", "cornername": "Nominal"}
[2026-05-28 07:19:55.302 Z] [WARN] [cadence.virtuoso.ade.simulationMonitor] -     WARNING (CMI-2424): I0.I4.C1(6): `Voffcv' = -867.4e-03 is unusually small.
        Further occurrences of this warning will be suppressed. {"history": "MonteCarlo.0", "point": 161, "testname": "TRAN_MC", "cornername": "Nominal"}
[2026-05-28 07:19:57.907 Z] [INFO] [cadence.virtuoso.ade.simulationMonitor] - Notice from spectre during IC analysis, during transient analysis `tran', during Monte Carlo analysis `mc1'.
    Bad pivoting is found during DC analysis. Option dc_pivot_check=yes is recommended for possible improvement of convergence. {"history": "MonteCarlo.0", "point": 161, "testname": "TRAN_MC", "cornername": "Nominal"}
[2026-05-28 07:19:57.907 Z] [WARN] [cadence.virtuoso.ade.simulationMonitor] -     WARNING (CMI-2943): Parameter checks have been ignored because the valid value for parameter 'trise' could not be found in 'R7'. {"history": "MonteCarlo.0", "point": 161, "testname": "TRAN_MC", "cornername": "Nominal"}
[2026-05-28 07:19:57.907 Z] [WARN] [cadence.virtuoso.ade.simulationMonitor] -     WARNING (CMI-2943): Parameter checks have been ignored because the valid value for parameter 'trise' could not be found in 'C0'. {"history": "MonteCarlo.0", "point": 161, "testname": "TRAN_MC", "cornername": "Nominal"}
[2026-05-28 07:19:57.907 Z] [WARN] [cadence.virtuoso.ade.simulationMonitor] -     WARNING (CMI-2943): Parameter checks have been ignored because the valid value for parameter 'trise' could not be found in 'C1'. {"history": "MonteCarlo.0", "point": 161, "testname": "TRAN_MC", "cornername": "Nominal"}
[2026-05-28 07:19:57.907 Z] [WARN] [cadence.virtuoso.ade.simulationMonitor] -     WARNING (CMI-2943): Parameter checks have been ignored because the valid value for parameter 'trise' could not be found in 'C2'. {"history": "MonteCarlo.0", "point": 161, "testname": "TRAN_MC", "cornername": "Nominal"}
[2026-05-28 07:19:57.907 Z] [WARN] [cadence.virtuoso.ade.simulationMonitor] -     WARNING (CMI-2943): Parameter checks have been ignored because the valid value for parameter 'trise' could not be found in 'I0.I4.R29.CM'.
        Further occurrences of this warning will be suppressed. {"history": "MonteCarlo.0", "point": 161, "testname": "TRAN_MC", "cornername": "Nominal"}
[2026-05-28 07:20:43.791 Z] [INFO] [cadence.virtuoso.ade.simulationMonitor] - Total time required for tran analysis `tran': CPU = 36.9116 s, elapsed = 47.3179 s, util. = 78%. {"history": "MonteCarlo.0", "point": 161, "testname": "TRAN_MC", "cornername": "Nominal"}
[2026-05-28 07:20:43.791 Z] [INFO] [cadence.virtuoso.ade.simulationMonitor] - Peak resident memory used = 334 Mbytes. {"history": "MonteCarlo.0", "point": 161, "testname": "TRAN_MC", "cornername": "Nominal"}
[2026-05-28 07:20:43.791 Z] [INFO] [cadence.virtuoso.ade.simulationMonitor] - Notice from spectre during transient analysis `tran', during Monte Carlo analysis `mc1'.
    125 notices suppressed.
    560 warnings suppressed. {"history": "MonteCarlo.0", "point": 161, "testname": "TRAN_MC", "cornername": "Nominal"}
[2026-05-28 07:20:45.297 Z] [PROCESS] [cadence.virtuoso.ade.simulationMonitor] - Finished simulating for one iteration {"hostname": "edatools", "processid": 49036, "history": "MonteCarlo.0", "testname": "TRAN_MC", "cornername": "Nominal", "point": 161, "logfile": "/home/saul/projects/IL2244_VT26_SAUL/logs_saul/logs0/Job18.log", "simid": "1"}
[2026-05-28 07:20:45.297 Z] [PROCESS] [cadence.virtuoso.ade.simulationMonitor] - Started Simulation {"hostname": "edatools", "processid": 49036, "history": "MonteCarlo.0", "testname": "TRAN_MC", "cornername": "Nominal", "point": 162, "logfile": "/home/saul/projects/IL2244_VT26_SAUL/logs_saul/logs0/Job18.log", "event": "started", "task": "simulation"}
[2026-05-28 07:20:45.297 Z] [INFO] [cadence.virtuoso.ade.simulationMonitor] - Notice from spectre in `rpolyhc':`I0.I0.R3', in `fbias_por2_f':`I0.I0', in `fbias_bias2_f':`I0', during Monte Carlo analysis `mc1'.
    I0.I0.R3.CS0 of rpolyhc: `c' has the unusually small value of 386.063e-21 F.
    I0.I0.R3.CS1 of rpolyhc: `c' has the unusually small value of 386.063e-21 F. {"history": "MonteCarlo.0", "point": 162, "testname": "TRAN_MC", "cornername": "Nominal"}
[2026-05-28 07:20:45.297 Z] [INFO] [cadence.virtuoso.ade.simulationMonitor] - Notice from spectre in `rpolyhc':`I0.I0.R4', in `fbias_por2_f':`I0.I0', in `fbias_bias2_f':`I0', during Monte Carlo analysis `mc1'.
    I0.I0.R4.CS0 of rpolyhc: `c' has the unusually small value of 3.64829e-21 F.
    I0.I0.R4.CS1 of rpolyhc: `c' has the unusually small value of 3.64829e-21 F. {"history": "MonteCarlo.0", "point": 162, "testname": "TRAN_MC", "cornername": "Nominal"}
[2026-05-28 07:20:45.297 Z] [INFO] [cadence.virtuoso.ade.simulationMonitor] - Notice from spectre in `vert10':`I0.I2.Q3(30)', in `fecg_bandgap3_layout':`I0.I2', in `fbias_bias2_f':`I0', during Monte Carlo analysis `mc1'.
    I0.I2.Q3(30).bjtinsub: `minr' has the unusually small value of 10 fOhm.
        Further occurrences of this notice will be suppressed. {"history": "MonteCarlo.0", "point": 162, "testname": "TRAN_MC", "cornername": "Nominal"}
[2026-05-28 07:20:46.313 Z] [INFO] [cadence.virtuoso.ade.simulationMonitor] - Notice from spectre during Monte Carlo analysis `mc1'.
    V1: `width' has the unusually large value of 9 s. {"history": "MonteCarlo.0", "point": 162, "testname": "TRAN_MC", "cornername": "Nominal"}
[2026-05-28 07:20:46.313 Z] [WARN] [cadence.virtuoso.ade.simulationMonitor] -     WARNING (CMI-2210): V1: Period is smaller than rise+width+fall. It is reset to rise+width+fall. {"history": "MonteCarlo.0", "point": 162, "testname": "TRAN_MC", "cornername": "Nominal"}
[2026-05-28 07:20:46.313 Z] [WARN] [cadence.virtuoso.ade.simulationMonitor] -     WARNING (CMI-2425): I0.I4.C1(10): `Acde' = 2.393 is unusually large. {"history": "MonteCarlo.0", "point": 162, "testname": "TRAN_MC", "cornername": "Nominal"}
[2026-05-28 07:20:46.313 Z] [WARN] [cadence.virtuoso.ade.simulationMonitor] -     WARNING (CMI-2425): I0.I4.C1(10): `Noff' = 4.732 is unusually large. {"history": "MonteCarlo.0", "point": 162, "testname": "TRAN_MC", "cornername": "Nominal"}
[2026-05-28 07:20:46.313 Z] [WARN] [cadence.virtuoso.ade.simulationMonitor] -     WARNING (CMI-2424): I0.I4.C1(10): `Voffcv' = -867.4e-03 is unusually small. {"history": "MonteCarlo.0", "point": 162, "testname": "TRAN_MC", "cornername": "Nominal"}
[2026-05-28 07:20:46.313 Z] [WARN] [cadence.virtuoso.ade.simulationMonitor] -     WARNING (CMI-2425): I0.I4.C1(9): `Acde' = 2.393 is unusually large. {"history": "MonteCarlo.0", "point": 162, "testname": "TRAN_MC", "cornername": "Nominal"}
[2026-05-28 07:20:46.313 Z] [WARN] [cadence.virtuoso.ade.simulationMonitor] -     WARNING (CMI-2425): I0.I4.C1(9): `Noff' = 4.732 is unusually large. {"history": "MonteCarlo.0", "point": 162, "testname": "TRAN_MC", "cornername": "Nominal"}
[2026-05-28 07:20:46.313 Z] [WARN] [cadence.virtuoso.ade.simulationMonitor] -     WARNING (CMI-2424): I0.I4.C1(9): `Voffcv' = -867.4e-03 is unusually small. {"history": "MonteCarlo.0", "point": 162, "testname": "TRAN_MC", "cornername": "Nominal"}
[2026-05-28 07:20:46.313 Z] [WARN] [cadence.virtuoso.ade.simulationMonitor] -     WARNING (CMI-2425): I0.I4.C1(8): `Acde' = 2.393 is unusually large.
        Further occurrences of this warning will be suppressed. {"history": "MonteCarlo.0", "point": 162, "testname": "TRAN_MC", "cornername": "Nominal"}
[2026-05-28 07:20:46.313 Z] [WARN] [cadence.virtuoso.ade.simulationMonitor] -     WARNING (CMI-2424): I0.I4.C1(8): `Voffcv' = -867.4e-03 is unusually small. {"history": "MonteCarlo.0", "point": 162, "testname": "TRAN_MC", "cornername": "Nominal"}
[2026-05-28 07:20:46.313 Z] [WARN] [cadence.virtuoso.ade.simulationMonitor] -     WARNING (CMI-2424): I0.I4.C1(7): `Voffcv' = -867.4e-03 is unusually small. {"history": "MonteCarlo.0", "point": 162, "testname": "TRAN_MC", "cornername": "Nominal"}
[2026-05-28 07:20:46.313 Z] [WARN] [cadence.virtuoso.ade.simulationMonitor] -     WARNING (CMI-2424): I0.I4.C1(6): `Voffcv' = -867.4e-03 is unusually small.
        Further occurrences of this warning will be suppressed. {"history": "MonteCarlo.0", "point": 162, "testname": "TRAN_MC", "cornername": "Nominal"}
[2026-05-28 07:20:47.894 Z] [INFO] [cadence.virtuoso.ade.simulationMonitor] - Notice from spectre during IC analysis, during transient analysis `tran', during Monte Carlo analysis `mc1'.
    Bad pivoting is found during DC analysis. Option dc_pivot_check=yes is recommended for possible improvement of convergence. {"history": "MonteCarlo.0", "point": 162, "testname": "TRAN_MC", "cornername": "Nominal"}
[2026-05-28 07:20:47.894 Z] [WARN] [cadence.virtuoso.ade.simulationMonitor] -     WARNING (CMI-2943): Parameter checks have been ignored because the valid value for parameter 'trise' could not be found in 'R7'. {"history": "MonteCarlo.0", "point": 162, "testname": "TRAN_MC", "cornername": "Nominal"}
[2026-05-28 07:20:47.894 Z] [WARN] [cadence.virtuoso.ade.simulationMonitor] -     WARNING (CMI-2943): Parameter checks have been ignored because the valid value for parameter 'trise' could not be found in 'C0'. {"history": "MonteCarlo.0", "point": 162, "testname": "TRAN_MC", "cornername": "Nominal"}
[2026-05-28 07:20:47.894 Z] [WARN] [cadence.virtuoso.ade.simulationMonitor] -     WARNING (CMI-2943): Parameter checks have been ignored because the valid value for parameter 'trise' could not be found in 'C1'. {"history": "MonteCarlo.0", "point": 162, "testname": "TRAN_MC", "cornername": "Nominal"}
[2026-05-28 07:20:47.894 Z] [WARN] [cadence.virtuoso.ade.simulationMonitor] -     WARNING (CMI-2943): Parameter checks have been ignored because the valid value for parameter 'trise' could not be found in 'C2'. {"history": "MonteCarlo.0", "point": 162, "testname": "TRAN_MC", "cornername": "Nominal"}
[2026-05-28 07:20:47.894 Z] [WARN] [cadence.virtuoso.ade.simulationMonitor] -     WARNING (CMI-2943): Parameter checks have been ignored because the valid value for parameter 'trise' could not be found in 'I0.I4.R29.CM'.
        Further occurrences of this warning will be suppressed. {"history": "MonteCarlo.0", "point": 162, "testname": "TRAN_MC", "cornername": "Nominal"}
[2026-05-28 07:20:54.923 Z] [WARN] [cadence.virtuoso.ade.simulationMonitor] -     WARNING (CMI-2151): I0.I1.C0: Missing bulk-source diode would be forward biased. {"history": "MonteCarlo.0", "point": 162, "testname": "TRAN_MC", "cornername": "Nominal"}
[2026-05-28 07:20:54.923 Z] [WARN] [cadence.virtuoso.ade.simulationMonitor] -     WARNING (CMI-2151): I0.I1.C0: Missing bulk-drain diode would be forward biased. {"history": "MonteCarlo.0", "point": 162, "testname": "TRAN_MC", "cornername": "Nominal"}
[2026-05-28 07:20:56.499 Z] [INFO] [cadence.virtuoso.ade.simulationMonitor] - Notice from spectre at time = 212.571 us during transient analysis `tran', during Monte Carlo analysis `mc1'.
    I0.I1.C0: Missing bulk-source diode returns to normal bias condition.
    I0.I1.C0: Missing bulk-drain diode returns to normal bias condition. {"history": "MonteCarlo.0", "point": 162, "testname": "TRAN_MC", "cornername": "Nominal"}
[2026-05-28 07:21:42.817 Z] [INFO] [cadence.virtuoso.ade.simulationMonitor] - Total time required for tran analysis `tran': CPU = 36.416 s, elapsed = 56.3154 s, util. = 64.7%. {"history": "MonteCarlo.0", "point": 162, "testname": "TRAN_MC", "cornername": "Nominal"}
[2026-05-28 07:21:42.817 Z] [INFO] [cadence.virtuoso.ade.simulationMonitor] - Peak resident memory used = 335 Mbytes. {"history": "MonteCarlo.0", "point": 162, "testname": "TRAN_MC", "cornername": "Nominal"}
[2026-05-28 07:21:42.817 Z] [INFO] [cadence.virtuoso.ade.simulationMonitor] - Notice from spectre during transient analysis `tran', during Monte Carlo analysis `mc1'.
    62 notices suppressed.
    560 warnings suppressed. {"history": "MonteCarlo.0", "point": 162, "testname": "TRAN_MC", "cornername": "Nominal"}
[2026-05-28 07:21:44.897 Z] [PROCESS] [cadence.virtuoso.ade.simulationMonitor] - Finished simulating for one iteration {"hostname": "edatools", "processid": 49036, "history": "MonteCarlo.0", "testname": "TRAN_MC", "cornername": "Nominal", "point": 162, "logfile": "/home/saul/projects/IL2244_VT26_SAUL/logs_saul/logs0/Job18.log", "simid": "1"}
[2026-05-28 07:21:44.897 Z] [PROCESS] [cadence.virtuoso.ade.simulationMonitor] - Started Simulation {"hostname": "edatools", "processid": 49036, "history": "MonteCarlo.0", "testname": "TRAN_MC", "cornername": "Nominal", "point": 163, "logfile": "/home/saul/projects/IL2244_VT26_SAUL/logs_saul/logs0/Job18.log", "event": "started", "task": "simulation"}
[2026-05-28 07:21:45.407 Z] [INFO] [cadence.virtuoso.ade.simulationMonitor] - Notice from spectre in `rpolyhc':`I0.I0.R3', in `fbias_por2_f':`I0.I0', in `fbias_bias2_f':`I0', during Monte Carlo analysis `mc1'.
    I0.I0.R3.CS0 of rpolyhc: `c' has the unusually small value of 386.063e-21 F.
    I0.I0.R3.CS1 of rpolyhc: `c' has the unusually small value of 386.063e-21 F. {"history": "MonteCarlo.0", "point": 163, "testname": "TRAN_MC", "cornername": "Nominal"}
[2026-05-28 07:21:45.407 Z] [INFO] [cadence.virtuoso.ade.simulationMonitor] - Notice from spectre in `rpolyhc':`I0.I0.R4', in `fbias_por2_f':`I0.I0', in `fbias_bias2_f':`I0', during Monte Carlo analysis `mc1'.
    I0.I0.R4.CS0 of rpolyhc: `c' has the unusually small value of 3.64829e-21 F.
    I0.I0.R4.CS1 of rpolyhc: `c' has the unusually small value of 3.64829e-21 F. {"history": "MonteCarlo.0", "point": 163, "testname": "TRAN_MC", "cornername": "Nominal"}
[2026-05-28 07:21:45.407 Z] [INFO] [cadence.virtuoso.ade.simulationMonitor] - Notice from spectre in `vert10':`I0.I2.Q3(30)', in `fecg_bandgap3_layout':`I0.I2', in `fbias_bias2_f':`I0', during Monte Carlo analysis `mc1'.
    I0.I2.Q3(30).bjtinsub: `rbm' has the unusually small value of 933.084 mOhm.
        Further occurrences of this notice will be suppressed. {"history": "MonteCarlo.0", "point": 163, "testname": "TRAN_MC", "cornername": "Nominal"}
[2026-05-28 07:21:45.407 Z] [INFO] [cadence.virtuoso.ade.simulationMonitor] - Notice from spectre during Monte Carlo analysis `mc1'.
    V1: `width' has the unusually large value of 9 s. {"history": "MonteCarlo.0", "point": 163, "testname": "TRAN_MC", "cornername": "Nominal"}
[2026-05-28 07:21:45.407 Z] [WARN] [cadence.virtuoso.ade.simulationMonitor] -     WARNING (CMI-2210): V1: Period is smaller than rise+width+fall. It is reset to rise+width+fall. {"history": "MonteCarlo.0", "point": 163, "testname": "TRAN_MC", "cornername": "Nominal"}
[2026-05-28 07:21:45.407 Z] [WARN] [cadence.virtuoso.ade.simulationMonitor] -     WARNING (CMI-2425): I0.I4.C1(10): `Acde' = 2.393 is unusually large. {"history": "MonteCarlo.0", "point": 163, "testname": "TRAN_MC", "cornername": "Nominal"}
[2026-05-28 07:21:45.407 Z] [WARN] [cadence.virtuoso.ade.simulationMonitor] -     WARNING (CMI-2425): I0.I4.C1(10): `Noff' = 4.732 is unusually large. {"history": "MonteCarlo.0", "point": 163, "testname": "TRAN_MC", "cornername": "Nominal"}
[2026-05-28 07:21:45.407 Z] [WARN] [cadence.virtuoso.ade.simulationMonitor] -     WARNING (CMI-2424): I0.I4.C1(10): `Voffcv' = -867.4e-03 is unusually small. {"history": "MonteCarlo.0", "point": 163, "testname": "TRAN_MC", "cornername": "Nominal"}
[2026-05-28 07:21:45.407 Z] [WARN] [cadence.virtuoso.ade.simulationMonitor] -     WARNING (CMI-2425): I0.I4.C1(9): `Acde' = 2.393 is unusually large. {"history": "MonteCarlo.0", "point": 163, "testname": "TRAN_MC", "cornername": "Nominal"}
[2026-05-28 07:21:45.407 Z] [WARN] [cadence.virtuoso.ade.simulationMonitor] -     WARNING (CMI-2425): I0.I4.C1(9): `Noff' = 4.732 is unusually large. {"history": "MonteCarlo.0", "point": 163, "testname": "TRAN_MC", "cornername": "Nominal"}
[2026-05-28 07:21:45.407 Z] [WARN] [cadence.virtuoso.ade.simulationMonitor] -     WARNING (CMI-2424): I0.I4.C1(9): `Voffcv' = -867.4e-03 is unusually small. {"history": "MonteCarlo.0", "point": 163, "testname": "TRAN_MC", "cornername": "Nominal"}
[2026-05-28 07:21:45.407 Z] [WARN] [cadence.virtuoso.ade.simulationMonitor] -     WARNING (CMI-2425): I0.I4.C1(8): `Acde' = 2.393 is unusually large.
        Further occurrences of this warning will be suppressed. {"history": "MonteCarlo.0", "point": 163, "testname": "TRAN_MC", "cornername": "Nominal"}
[2026-05-28 07:21:45.407 Z] [WARN] [cadence.virtuoso.ade.simulationMonitor] -     WARNING (CMI-2424): I0.I4.C1(8): `Voffcv' = -867.4e-03 is unusually small. {"history": "MonteCarlo.0", "point": 163, "testname": "TRAN_MC", "cornername": "Nominal"}
[2026-05-28 07:21:45.407 Z] [WARN] [cadence.virtuoso.ade.simulationMonitor] -     WARNING (CMI-2424): I0.I4.C1(7): `Voffcv' = -867.4e-03 is unusually small. {"history": "MonteCarlo.0", "point": 163, "testname": "TRAN_MC", "cornername": "Nominal"}
[2026-05-28 07:21:45.407 Z] [WARN] [cadence.virtuoso.ade.simulationMonitor] -     WARNING (CMI-2424): I0.I4.C1(6): `Voffcv' = -867.4e-03 is unusually small.
        Further occurrences of this warning will be suppressed. {"history": "MonteCarlo.0", "point": 163, "testname": "TRAN_MC", "cornername": "Nominal"}
[2026-05-28 07:21:47.998 Z] [INFO] [cadence.virtuoso.ade.simulationMonitor] - Notice from spectre during IC analysis, during transient analysis `tran', during Monte Carlo analysis `mc1'.
    Bad pivoting is found during DC analysis. Option dc_pivot_check=yes is recommended for possible improvement of convergence. {"history": "MonteCarlo.0", "point": 163, "testname": "TRAN_MC", "cornername": "Nominal"}
[2026-05-28 07:21:48.000 Z] [WARN] [cadence.virtuoso.ade.simulationMonitor] -     WARNING (CMI-2943): Parameter checks have been ignored because the valid value for parameter 'trise' could not be found in 'R7'. {"history": "MonteCarlo.0", "point": 163, "testname": "TRAN_MC", "cornername": "Nominal"}
[2026-05-28 07:21:48.000 Z] [WARN] [cadence.virtuoso.ade.simulationMonitor] -     WARNING (CMI-2943): Parameter checks have been ignored because the valid value for parameter 'trise' could not be found in 'C0'. {"history": "MonteCarlo.0", "point": 163, "testname": "TRAN_MC", "cornername": "Nominal"}
[2026-05-28 07:21:48.000 Z] [WARN] [cadence.virtuoso.ade.simulationMonitor] -     WARNING (CMI-2943): Parameter checks have been ignored because the valid value for parameter 'trise' could not be found in 'C1'. {"history": "MonteCarlo.0", "point": 163, "testname": "TRAN_MC", "cornername": "Nominal"}
[2026-05-28 07:21:48.000 Z] [WARN] [cadence.virtuoso.ade.simulationMonitor] -     WARNING (CMI-2943): Parameter checks have been ignored because the valid value for parameter 'trise' could not be found in 'C2'. {"history": "MonteCarlo.0", "point": 163, "testname": "TRAN_MC", "cornername": "Nominal"}
[2026-05-28 07:21:48.000 Z] [WARN] [cadence.virtuoso.ade.simulationMonitor] -     WARNING (CMI-2943): Parameter checks have been ignored because the valid value for parameter 'trise' could not be found in 'I0.I4.R29.CM'.
        Further occurrences of this warning will be suppressed. {"history": "MonteCarlo.0", "point": 163, "testname": "TRAN_MC", "cornername": "Nominal"}
[2026-05-28 07:22:23.205 Z] [INFO] [cadence.virtuoso.ade.simulationMonitor] - Total time required for tran analysis `tran': CPU = 46.1472 s, elapsed = 37.1149 s, util. = 124%. {"history": "MonteCarlo.0", "point": 163, "testname": "TRAN_MC", "cornername": "Nominal"}
[2026-05-28 07:22:23.205 Z] [INFO] [cadence.virtuoso.ade.simulationMonitor] - Peak resident memory used = 336 Mbytes. {"history": "MonteCarlo.0", "point": 163, "testname": "TRAN_MC", "cornername": "Nominal"}
[2026-05-28 07:22:23.205 Z] [INFO] [cadence.virtuoso.ade.simulationMonitor] - Notice from spectre during transient analysis `tran', during Monte Carlo analysis `mc1'.
    125 notices suppressed.
    560 warnings suppressed. {"history": "MonteCarlo.0", "point": 163, "testname": "TRAN_MC", "cornername": "Nominal"}
[2026-05-28 07:22:25.215 Z] [PROCESS] [cadence.virtuoso.ade.simulationMonitor] - Finished simulating for one iteration {"hostname": "edatools", "processid": 49036, "history": "MonteCarlo.0", "testname": "TRAN_MC", "cornername": "Nominal", "point": 163, "logfile": "/home/saul/projects/IL2244_VT26_SAUL/logs_saul/logs0/Job18.log", "simid": "1"}
[2026-05-28 07:22:25.215 Z] [PROCESS] [cadence.virtuoso.ade.simulationMonitor] - Started Simulation {"hostname": "edatools", "processid": 49036, "history": "MonteCarlo.0", "testname": "TRAN_MC", "cornername": "Nominal", "point": 164, "logfile": "/home/saul/projects/IL2244_VT26_SAUL/logs_saul/logs0/Job18.log", "event": "started", "task": "simulation"}
[2026-05-28 07:22:25.215 Z] [INFO] [cadence.virtuoso.ade.simulationMonitor] - Notice from spectre in `rpolyhc':`I0.I0.R3', in `fbias_por2_f':`I0.I0', in `fbias_bias2_f':`I0', during Monte Carlo analysis `mc1'.
    I0.I0.R3.CS0 of rpolyhc: `c' has the unusually small value of 386.063e-21 F.
    I0.I0.R3.CS1 of rpolyhc: `c' has the unusually small value of 386.063e-21 F. {"history": "MonteCarlo.0", "point": 164, "testname": "TRAN_MC", "cornername": "Nominal"}
[2026-05-28 07:22:25.215 Z] [INFO] [cadence.virtuoso.ade.simulationMonitor] - Notice from spectre in `rpolyhc':`I0.I0.R4', in `fbias_por2_f':`I0.I0', in `fbias_bias2_f':`I0', during Monte Carlo analysis `mc1'.
    I0.I0.R4.CS0 of rpolyhc: `c' has the unusually small value of 3.64829e-21 F.
    I0.I0.R4.CS1 of rpolyhc: `c' has the unusually small value of 3.64829e-21 F. {"history": "MonteCarlo.0", "point": 164, "testname": "TRAN_MC", "cornername": "Nominal"}
[2026-05-28 07:22:25.215 Z] [INFO] [cadence.virtuoso.ade.simulationMonitor] - Notice from spectre in `vert10':`I0.I2.Q3(30)', in `fecg_bandgap3_layout':`I0.I2', in `fbias_bias2_f':`I0', during Monte Carlo analysis `mc1'.
    I0.I2.Q3(30).bjtinsub: `rbm' has the unusually small value of 908.084 mOhm.
        Further occurrences of this notice will be suppressed. {"history": "MonteCarlo.0", "point": 164, "testname": "TRAN_MC", "cornername": "Nominal"}
[2026-05-28 07:22:26.226 Z] [INFO] [cadence.virtuoso.ade.simulationMonitor] - Notice from spectre during Monte Carlo analysis `mc1'.
    V1: `width' has the unusually large value of 9 s. {"history": "MonteCarlo.0", "point": 164, "testname": "TRAN_MC", "cornername": "Nominal"}
[2026-05-28 07:22:26.226 Z] [WARN] [cadence.virtuoso.ade.simulationMonitor] -     WARNING (CMI-2210): V1: Period is smaller than rise+width+fall. It is reset to rise+width+fall. {"history": "MonteCarlo.0", "point": 164, "testname": "TRAN_MC", "cornername": "Nominal"}
[2026-05-28 07:22:26.226 Z] [WARN] [cadence.virtuoso.ade.simulationMonitor] -     WARNING (CMI-2425): I0.I4.C1(10): `Acde' = 2.393 is unusually large. {"history": "MonteCarlo.0", "point": 164, "testname": "TRAN_MC", "cornername": "Nominal"}
[2026-05-28 07:22:26.226 Z] [WARN] [cadence.virtuoso.ade.simulationMonitor] -     WARNING (CMI-2425): I0.I4.C1(10): `Noff' = 4.732 is unusually large. {"history": "MonteCarlo.0", "point": 164, "testname": "TRAN_MC", "cornername": "Nominal"}
[2026-05-28 07:22:26.226 Z] [WARN] [cadence.virtuoso.ade.simulationMonitor] -     WARNING (CMI-2424): I0.I4.C1(10): `Voffcv' = -867.4e-03 is unusually small. {"history": "MonteCarlo.0", "point": 164, "testname": "TRAN_MC", "cornername": "Nominal"}
[2026-05-28 07:22:26.226 Z] [WARN] [cadence.virtuoso.ade.simulationMonitor] -     WARNING (CMI-2425): I0.I4.C1(9): `Acde' = 2.393 is unusually large. {"history": "MonteCarlo.0", "point": 164, "testname": "TRAN_MC", "cornername": "Nominal"}
[2026-05-28 07:22:26.226 Z] [WARN] [cadence.virtuoso.ade.simulationMonitor] -     WARNING (CMI-2425): I0.I4.C1(9): `Noff' = 4.732 is unusually large. {"history": "MonteCarlo.0", "point": 164, "testname": "TRAN_MC", "cornername": "Nominal"}
[2026-05-28 07:22:26.226 Z] [WARN] [cadence.virtuoso.ade.simulationMonitor] -     WARNING (CMI-2424): I0.I4.C1(9): `Voffcv' = -867.4e-03 is unusually small. {"history": "MonteCarlo.0", "point": 164, "testname": "TRAN_MC", "cornername": "Nominal"}
[2026-05-28 07:22:26.226 Z] [WARN] [cadence.virtuoso.ade.simulationMonitor] -     WARNING (CMI-2425): I0.I4.C1(8): `Acde' = 2.393 is unusually large.
        Further occurrences of this warning will be suppressed. {"history": "MonteCarlo.0", "point": 164, "testname": "TRAN_MC", "cornername": "Nominal"}
[2026-05-28 07:22:26.226 Z] [WARN] [cadence.virtuoso.ade.simulationMonitor] -     WARNING (CMI-2424): I0.I4.C1(8): `Voffcv' = -867.4e-03 is unusually small. {"history": "MonteCarlo.0", "point": 164, "testname": "TRAN_MC", "cornername": "Nominal"}
[2026-05-28 07:22:26.226 Z] [WARN] [cadence.virtuoso.ade.simulationMonitor] -     WARNING (CMI-2424): I0.I4.C1(7): `Voffcv' = -867.4e-03 is unusually small. {"history": "MonteCarlo.0", "point": 164, "testname": "TRAN_MC", "cornername": "Nominal"}
[2026-05-28 07:22:26.226 Z] [WARN] [cadence.virtuoso.ade.simulationMonitor] -     WARNING (CMI-2424): I0.I4.C1(6): `Voffcv' = -867.4e-03 is unusually small.
        Further occurrences of this warning will be suppressed. {"history": "MonteCarlo.0", "point": 164, "testname": "TRAN_MC", "cornername": "Nominal"}
[2026-05-28 07:22:27.811 Z] [INFO] [cadence.virtuoso.ade.simulationMonitor] - Notice from spectre during IC analysis, during transient analysis `tran', during Monte Carlo analysis `mc1'.
    Bad pivoting is found during DC analysis. Option dc_pivot_check=yes is recommended for possible improvement of convergence. {"history": "MonteCarlo.0", "point": 164, "testname": "TRAN_MC", "cornername": "Nominal"}
[2026-05-28 07:22:27.811 Z] [WARN] [cadence.virtuoso.ade.simulationMonitor] -     WARNING (CMI-2943): Parameter checks have been ignored because the valid value for parameter 'trise' could not be found in 'R7'. {"history": "MonteCarlo.0", "point": 164, "testname": "TRAN_MC", "cornername": "Nominal"}
[2026-05-28 07:22:27.811 Z] [WARN] [cadence.virtuoso.ade.simulationMonitor] -     WARNING (CMI-2943): Parameter checks have been ignored because the valid value for parameter 'trise' could not be found in 'C0'. {"history": "MonteCarlo.0", "point": 164, "testname": "TRAN_MC", "cornername": "Nominal"}
[2026-05-28 07:22:27.811 Z] [WARN] [cadence.virtuoso.ade.simulationMonitor] -     WARNING (CMI-2943): Parameter checks have been ignored because the valid value for parameter 'trise' could not be found in 'C1'. {"history": "MonteCarlo.0", "point": 164, "testname": "TRAN_MC", "cornername": "Nominal"}
[2026-05-28 07:22:27.811 Z] [WARN] [cadence.virtuoso.ade.simulationMonitor] -     WARNING (CMI-2943): Parameter checks have been ignored because the valid value for parameter 'trise' could not be found in 'C2'. {"history": "MonteCarlo.0", "point": 164, "testname": "TRAN_MC", "cornername": "Nominal"}
[2026-05-28 07:22:27.811 Z] [WARN] [cadence.virtuoso.ade.simulationMonitor] -     WARNING (CMI-2943): Parameter checks have been ignored because the valid value for parameter 'trise' could not be found in 'I0.I4.R29.CM'.
        Further occurrences of this warning will be suppressed. {"history": "MonteCarlo.0", "point": 164, "testname": "TRAN_MC", "cornername": "Nominal"}
[2026-05-28 07:23:20.123 Z] [INFO] [cadence.virtuoso.ade.simulationMonitor] - Total time required for tran analysis `tran': CPU = 37.9412 s, elapsed = 53.4891 s, util. = 70.9%. {"history": "MonteCarlo.0", "point": 164, "testname": "TRAN_MC", "cornername": "Nominal"}
[2026-05-28 07:23:20.123 Z] [INFO] [cadence.virtuoso.ade.simulationMonitor] - Peak resident memory used = 337 Mbytes. {"history": "MonteCarlo.0", "point": 164, "testname": "TRAN_MC", "cornername": "Nominal"}
[2026-05-28 07:23:20.123 Z] [INFO] [cadence.virtuoso.ade.simulationMonitor] - Notice from spectre during transient analysis `tran', during Monte Carlo analysis `mc1'.
    125 notices suppressed.
    560 warnings suppressed. {"history": "MonteCarlo.0", "point": 164, "testname": "TRAN_MC", "cornername": "Nominal"}
[2026-05-28 07:23:21.698 Z] [PROCESS] [cadence.virtuoso.ade.simulationMonitor] - Finished simulating for one iteration {"hostname": "edatools", "processid": 49036, "history": "MonteCarlo.0", "testname": "TRAN_MC", "cornername": "Nominal", "point": 164, "logfile": "/home/saul/projects/IL2244_VT26_SAUL/logs_saul/logs0/Job18.log", "simid": "1"}
[2026-05-28 07:23:21.698 Z] [PROCESS] [cadence.virtuoso.ade.simulationMonitor] - Started Simulation {"hostname": "edatools", "processid": 49036, "history": "MonteCarlo.0", "testname": "TRAN_MC", "cornername": "Nominal", "point": 165, "logfile": "/home/saul/projects/IL2244_VT26_SAUL/logs_saul/logs0/Job18.log", "event": "started", "task": "simulation"}
[2026-05-28 07:23:22.202 Z] [INFO] [cadence.virtuoso.ade.simulationMonitor] - Notice from spectre in `rpolyhc':`I0.I0.R3', in `fbias_por2_f':`I0.I0', in `fbias_bias2_f':`I0', during Monte Carlo analysis `mc1'.
    I0.I0.R3.CS0 of rpolyhc: `c' has the unusually small value of 386.063e-21 F.
    I0.I0.R3.CS1 of rpolyhc: `c' has the unusually small value of 386.063e-21 F. {"history": "MonteCarlo.0", "point": 165, "testname": "TRAN_MC", "cornername": "Nominal"}
[2026-05-28 07:23:22.202 Z] [INFO] [cadence.virtuoso.ade.simulationMonitor] - Notice from spectre in `rpolyhc':`I0.I0.R4', in `fbias_por2_f':`I0.I0', in `fbias_bias2_f':`I0', during Monte Carlo analysis `mc1'.
    I0.I0.R4.CS0 of rpolyhc: `c' has the unusually small value of 3.64829e-21 F.
    I0.I0.R4.CS1 of rpolyhc: `c' has the unusually small value of 3.64829e-21 F. {"history": "MonteCarlo.0", "point": 165, "testname": "TRAN_MC", "cornername": "Nominal"}
[2026-05-28 07:23:22.202 Z] [INFO] [cadence.virtuoso.ade.simulationMonitor] - Notice from spectre in `vert10':`I0.I2.Q3(30)', in `fecg_bandgap3_layout':`I0.I2', in `fbias_bias2_f':`I0', during Monte Carlo analysis `mc1'.
    I0.I2.Q3(30).bjtinsub: `minr' has the unusually small value of 10 fOhm.
        Further occurrences of this notice will be suppressed. {"history": "MonteCarlo.0", "point": 165, "testname": "TRAN_MC", "cornername": "Nominal"}
[2026-05-28 07:23:22.202 Z] [INFO] [cadence.virtuoso.ade.simulationMonitor] - Notice from spectre during Monte Carlo analysis `mc1'.
    V1: `width' has the unusually large value of 9 s. {"history": "MonteCarlo.0", "point": 165, "testname": "TRAN_MC", "cornername": "Nominal"}
[2026-05-28 07:23:22.202 Z] [WARN] [cadence.virtuoso.ade.simulationMonitor] -     WARNING (CMI-2210): V1: Period is smaller than rise+width+fall. It is reset to rise+width+fall. {"history": "MonteCarlo.0", "point": 165, "testname": "TRAN_MC", "cornername": "Nominal"}
[2026-05-28 07:23:22.202 Z] [WARN] [cadence.virtuoso.ade.simulationMonitor] -     WARNING (CMI-2425): I0.I4.C1(10): `Acde' = 2.393 is unusually large. {"history": "MonteCarlo.0", "point": 165, "testname": "TRAN_MC", "cornername": "Nominal"}
[2026-05-28 07:23:22.202 Z] [WARN] [cadence.virtuoso.ade.simulationMonitor] -     WARNING (CMI-2425): I0.I4.C1(10): `Noff' = 4.732 is unusually large. {"history": "MonteCarlo.0", "point": 165, "testname": "TRAN_MC", "cornername": "Nominal"}
[2026-05-28 07:23:22.202 Z] [WARN] [cadence.virtuoso.ade.simulationMonitor] -     WARNING (CMI-2424): I0.I4.C1(10): `Voffcv' = -867.4e-03 is unusually small. {"history": "MonteCarlo.0", "point": 165, "testname": "TRAN_MC", "cornername": "Nominal"}
[2026-05-28 07:23:22.202 Z] [WARN] [cadence.virtuoso.ade.simulationMonitor] -     WARNING (CMI-2425): I0.I4.C1(9): `Acde' = 2.393 is unusually large. {"history": "MonteCarlo.0", "point": 165, "testname": "TRAN_MC", "cornername": "Nominal"}
[2026-05-28 07:23:22.202 Z] [WARN] [cadence.virtuoso.ade.simulationMonitor] -     WARNING (CMI-2425): I0.I4.C1(9): `Noff' = 4.732 is unusually large. {"history": "MonteCarlo.0", "point": 165, "testname": "TRAN_MC", "cornername": "Nominal"}
[2026-05-28 07:23:22.202 Z] [WARN] [cadence.virtuoso.ade.simulationMonitor] -     WARNING (CMI-2424): I0.I4.C1(9): `Voffcv' = -867.4e-03 is unusually small. {"history": "MonteCarlo.0", "point": 165, "testname": "TRAN_MC", "cornername": "Nominal"}
[2026-05-28 07:23:22.202 Z] [WARN] [cadence.virtuoso.ade.simulationMonitor] -     WARNING (CMI-2425): I0.I4.C1(8): `Acde' = 2.393 is unusually large.
        Further occurrences of this warning will be suppressed. {"history": "MonteCarlo.0", "point": 165, "testname": "TRAN_MC", "cornername": "Nominal"}
[2026-05-28 07:23:22.202 Z] [WARN] [cadence.virtuoso.ade.simulationMonitor] -     WARNING (CMI-2424): I0.I4.C1(8): `Voffcv' = -867.4e-03 is unusually small. {"history": "MonteCarlo.0", "point": 165, "testname": "TRAN_MC", "cornername": "Nominal"}
[2026-05-28 07:23:22.202 Z] [WARN] [cadence.virtuoso.ade.simulationMonitor] -     WARNING (CMI-2424): I0.I4.C1(7): `Voffcv' = -867.4e-03 is unusually small. {"history": "MonteCarlo.0", "point": 165, "testname": "TRAN_MC", "cornername": "Nominal"}
[2026-05-28 07:23:22.202 Z] [WARN] [cadence.virtuoso.ade.simulationMonitor] -     WARNING (CMI-2424): I0.I4.C1(6): `Voffcv' = -867.4e-03 is unusually small.
        Further occurrences of this warning will be suppressed. {"history": "MonteCarlo.0", "point": 165, "testname": "TRAN_MC", "cornername": "Nominal"}
[2026-05-28 07:23:24.791 Z] [INFO] [cadence.virtuoso.ade.simulationMonitor] - Notice from spectre during IC analysis, during transient analysis `tran', during Monte Carlo analysis `mc1'.
    Bad pivoting is found during DC analysis. Option dc_pivot_check=yes is recommended for possible improvement of convergence. {"history": "MonteCarlo.0", "point": 165, "testname": "TRAN_MC", "cornername": "Nominal"}
[2026-05-28 07:23:24.791 Z] [WARN] [cadence.virtuoso.ade.simulationMonitor] -     WARNING (CMI-2943): Parameter checks have been ignored because the valid value for parameter 'trise' could not be found in 'R7'. {"history": "MonteCarlo.0", "point": 165, "testname": "TRAN_MC", "cornername": "Nominal"}
[2026-05-28 07:23:24.791 Z] [WARN] [cadence.virtuoso.ade.simulationMonitor] -     WARNING (CMI-2943): Parameter checks have been ignored because the valid value for parameter 'trise' could not be found in 'C0'. {"history": "MonteCarlo.0", "point": 165, "testname": "TRAN_MC", "cornername": "Nominal"}
[2026-05-28 07:23:24.791 Z] [WARN] [cadence.virtuoso.ade.simulationMonitor] -     WARNING (CMI-2943): Parameter checks have been ignored because the valid value for parameter 'trise' could not be found in 'C1'. {"history": "MonteCarlo.0", "point": 165, "testname": "TRAN_MC", "cornername": "Nominal"}
[2026-05-28 07:23:24.791 Z] [WARN] [cadence.virtuoso.ade.simulationMonitor] -     WARNING (CMI-2943): Parameter checks have been ignored because the valid value for parameter 'trise' could not be found in 'C2'. {"history": "MonteCarlo.0", "point": 165, "testname": "TRAN_MC", "cornername": "Nominal"}
[2026-05-28 07:23:24.791 Z] [WARN] [cadence.virtuoso.ade.simulationMonitor] -     WARNING (CMI-2943): Parameter checks have been ignored because the valid value for parameter 'trise' could not be found in 'I0.I4.R29.CM'.
        Further occurrences of this warning will be suppressed. {"history": "MonteCarlo.0", "point": 165, "testname": "TRAN_MC", "cornername": "Nominal"}
[2026-05-28 07:24:01.694 Z] [INFO] [cadence.virtuoso.ade.simulationMonitor] - Total time required for tran analysis `tran': CPU = 48.1484 s, elapsed = 38.6984 s, util. = 124%. {"history": "MonteCarlo.0", "point": 165, "testname": "TRAN_MC", "cornername": "Nominal"}
[2026-05-28 07:24:01.694 Z] [INFO] [cadence.virtuoso.ade.simulationMonitor] - Peak resident memory used = 337 Mbytes. {"history": "MonteCarlo.0", "point": 165, "testname": "TRAN_MC", "cornername": "Nominal"}
[2026-05-28 07:24:01.694 Z] [INFO] [cadence.virtuoso.ade.simulationMonitor] - Notice from spectre during transient analysis `tran', during Monte Carlo analysis `mc1'.
    62 notices suppressed.
    560 warnings suppressed. {"history": "MonteCarlo.0", "point": 165, "testname": "TRAN_MC", "cornername": "Nominal"}
[2026-05-28 07:24:04.198 Z] [PROCESS] [cadence.virtuoso.ade.simulationMonitor] - Finished simulating for one iteration {"hostname": "edatools", "processid": 49036, "history": "MonteCarlo.0", "testname": "TRAN_MC", "cornername": "Nominal", "point": 165, "logfile": "/home/saul/projects/IL2244_VT26_SAUL/logs_saul/logs0/Job18.log", "simid": "1"}
[2026-05-28 07:24:04.198 Z] [PROCESS] [cadence.virtuoso.ade.simulationMonitor] - Started Simulation {"hostname": "edatools", "processid": 49036, "history": "MonteCarlo.0", "testname": "TRAN_MC", "cornername": "Nominal", "point": 166, "logfile": "/home/saul/projects/IL2244_VT26_SAUL/logs_saul/logs0/Job18.log", "event": "started", "task": "simulation"}
[2026-05-28 07:24:04.198 Z] [INFO] [cadence.virtuoso.ade.simulationMonitor] - Notice from spectre in `rpolyhc':`I0.I0.R3', in `fbias_por2_f':`I0.I0', in `fbias_bias2_f':`I0', during Monte Carlo analysis `mc1'.
    I0.I0.R3.CS0 of rpolyhc: `c' has the unusually small value of 386.063e-21 F.
    I0.I0.R3.CS1 of rpolyhc: `c' has the unusually small value of 386.063e-21 F. {"history": "MonteCarlo.0", "point": 166, "testname": "TRAN_MC", "cornername": "Nominal"}
[2026-05-28 07:24:04.198 Z] [INFO] [cadence.virtuoso.ade.simulationMonitor] - Notice from spectre in `rpolyhc':`I0.I0.R4', in `fbias_por2_f':`I0.I0', in `fbias_bias2_f':`I0', during Monte Carlo analysis `mc1'.
    I0.I0.R4.CS0 of rpolyhc: `c' has the unusually small value of 3.64829e-21 F.
    I0.I0.R4.CS1 of rpolyhc: `c' has the unusually small value of 3.64829e-21 F. {"history": "MonteCarlo.0", "point": 166, "testname": "TRAN_MC", "cornername": "Nominal"}
[2026-05-28 07:24:04.198 Z] [INFO] [cadence.virtuoso.ade.simulationMonitor] - Notice from spectre in `vert10':`I0.I2.Q3(30)', in `fecg_bandgap3_layout':`I0.I2', in `fbias_bias2_f':`I0', during Monte Carlo analysis `mc1'.
    I0.I2.Q3(30).bjtinsub: `rbm' has the unusually small value of 958.084 mOhm.
        Further occurrences of this notice will be suppressed. {"history": "MonteCarlo.0", "point": 166, "testname": "TRAN_MC", "cornername": "Nominal"}
[2026-05-28 07:24:05.221 Z] [INFO] [cadence.virtuoso.ade.simulationMonitor] - Notice from spectre during Monte Carlo analysis `mc1'.
    V1: `width' has the unusually large value of 9 s. {"history": "MonteCarlo.0", "point": 166, "testname": "TRAN_MC", "cornername": "Nominal"}
[2026-05-28 07:24:05.221 Z] [WARN] [cadence.virtuoso.ade.simulationMonitor] -     WARNING (CMI-2210): V1: Period is smaller than rise+width+fall. It is reset to rise+width+fall. {"history": "MonteCarlo.0", "point": 166, "testname": "TRAN_MC", "cornername": "Nominal"}
[2026-05-28 07:24:05.221 Z] [WARN] [cadence.virtuoso.ade.simulationMonitor] -     WARNING (CMI-2425): I0.I4.C1(10): `Acde' = 2.393 is unusually large. {"history": "MonteCarlo.0", "point": 166, "testname": "TRAN_MC", "cornername": "Nominal"}
[2026-05-28 07:24:05.221 Z] [WARN] [cadence.virtuoso.ade.simulationMonitor] -     WARNING (CMI-2425): I0.I4.C1(10): `Noff' = 4.732 is unusually large. {"history": "MonteCarlo.0", "point": 166, "testname": "TRAN_MC", "cornername": "Nominal"}
[2026-05-28 07:24:05.221 Z] [WARN] [cadence.virtuoso.ade.simulationMonitor] -     WARNING (CMI-2424): I0.I4.C1(10): `Voffcv' = -867.4e-03 is unusually small. {"history": "MonteCarlo.0", "point": 166, "testname": "TRAN_MC", "cornername": "Nominal"}
[2026-05-28 07:24:05.221 Z] [WARN] [cadence.virtuoso.ade.simulationMonitor] -     WARNING (CMI-2425): I0.I4.C1(9): `Acde' = 2.393 is unusually large. {"history": "MonteCarlo.0", "point": 166, "testname": "TRAN_MC", "cornername": "Nominal"}
[2026-05-28 07:24:05.221 Z] [WARN] [cadence.virtuoso.ade.simulationMonitor] -     WARNING (CMI-2425): I0.I4.C1(9): `Noff' = 4.732 is unusually large. {"history": "MonteCarlo.0", "point": 166, "testname": "TRAN_MC", "cornername": "Nominal"}
[2026-05-28 07:24:05.221 Z] [WARN] [cadence.virtuoso.ade.simulationMonitor] -     WARNING (CMI-2424): I0.I4.C1(9): `Voffcv' = -867.4e-03 is unusually small. {"history": "MonteCarlo.0", "point": 166, "testname": "TRAN_MC", "cornername": "Nominal"}
[2026-05-28 07:24:05.221 Z] [WARN] [cadence.virtuoso.ade.simulationMonitor] -     WARNING (CMI-2425): I0.I4.C1(8): `Acde' = 2.393 is unusually large.
        Further occurrences of this warning will be suppressed. {"history": "MonteCarlo.0", "point": 166, "testname": "TRAN_MC", "cornername": "Nominal"}
[2026-05-28 07:24:05.221 Z] [WARN] [cadence.virtuoso.ade.simulationMonitor] -     WARNING (CMI-2424): I0.I4.C1(8): `Voffcv' = -867.4e-03 is unusually small. {"history": "MonteCarlo.0", "point": 166, "testname": "TRAN_MC", "cornername": "Nominal"}
[2026-05-28 07:24:05.221 Z] [WARN] [cadence.virtuoso.ade.simulationMonitor] -     WARNING (CMI-2424): I0.I4.C1(7): `Voffcv' = -867.4e-03 is unusually small. {"history": "MonteCarlo.0", "point": 166, "testname": "TRAN_MC", "cornername": "Nominal"}
[2026-05-28 07:24:05.221 Z] [WARN] [cadence.virtuoso.ade.simulationMonitor] -     WARNING (CMI-2424): I0.I4.C1(6): `Voffcv' = -867.4e-03 is unusually small.
        Further occurrences of this warning will be suppressed. {"history": "MonteCarlo.0", "point": 166, "testname": "TRAN_MC", "cornername": "Nominal"}
[2026-05-28 07:24:06.807 Z] [INFO] [cadence.virtuoso.ade.simulationMonitor] - Notice from spectre during IC analysis, during transient analysis `tran', during Monte Carlo analysis `mc1'.
    Bad pivoting is found during DC analysis. Option dc_pivot_check=yes is recommended for possible improvement of convergence. {"history": "MonteCarlo.0", "point": 166, "testname": "TRAN_MC", "cornername": "Nominal"}
[2026-05-28 07:24:06.807 Z] [WARN] [cadence.virtuoso.ade.simulationMonitor] -     WARNING (CMI-2943): Parameter checks have been ignored because the valid value for parameter 'trise' could not be found in 'R7'. {"history": "MonteCarlo.0", "point": 166, "testname": "TRAN_MC", "cornername": "Nominal"}
[2026-05-28 07:24:06.807 Z] [WARN] [cadence.virtuoso.ade.simulationMonitor] -     WARNING (CMI-2943): Parameter checks have been ignored because the valid value for parameter 'trise' could not be found in 'C0'. {"history": "MonteCarlo.0", "point": 166, "testname": "TRAN_MC", "cornername": "Nominal"}
[2026-05-28 07:24:06.807 Z] [WARN] [cadence.virtuoso.ade.simulationMonitor] -     WARNING (CMI-2943): Parameter checks have been ignored because the valid value for parameter 'trise' could not be found in 'C1'. {"history": "MonteCarlo.0", "point": 166, "testname": "TRAN_MC", "cornername": "Nominal"}
[2026-05-28 07:24:06.807 Z] [WARN] [cadence.virtuoso.ade.simulationMonitor] -     WARNING (CMI-2943): Parameter checks have been ignored because the valid value for parameter 'trise' could not be found in 'C2'. {"history": "MonteCarlo.0", "point": 166, "testname": "TRAN_MC", "cornername": "Nominal"}
[2026-05-28 07:24:06.807 Z] [WARN] [cadence.virtuoso.ade.simulationMonitor] -     WARNING (CMI-2943): Parameter checks have been ignored because the valid value for parameter 'trise' could not be found in 'I0.I4.R29.CM'.
        Further occurrences of this warning will be suppressed. {"history": "MonteCarlo.0", "point": 166, "testname": "TRAN_MC", "cornername": "Nominal"}
[2026-05-28 07:24:55.714 Z] [INFO] [cadence.virtuoso.ade.simulationMonitor] - Total time required for tran analysis `tran': CPU = 40.547 s, elapsed = 50.6734 s, util. = 80%. {"history": "MonteCarlo.0", "point": 166, "testname": "TRAN_MC", "cornername": "Nominal"}
[2026-05-28 07:24:55.714 Z] [INFO] [cadence.virtuoso.ade.simulationMonitor] - Peak resident memory used = 338 Mbytes. {"history": "MonteCarlo.0", "point": 166, "testname": "TRAN_MC", "cornername": "Nominal"}
[2026-05-28 07:24:55.714 Z] [INFO] [cadence.virtuoso.ade.simulationMonitor] - Notice from spectre during transient analysis `tran', during Monte Carlo analysis `mc1'.
    125 notices suppressed.
    560 warnings suppressed. {"history": "MonteCarlo.0", "point": 166, "testname": "TRAN_MC", "cornername": "Nominal"}
[2026-05-28 07:24:56.720 Z] [PROCESS] [cadence.virtuoso.ade.simulationMonitor] - Finished simulating for one iteration {"hostname": "edatools", "processid": 49036, "history": "MonteCarlo.0", "testname": "TRAN_MC", "cornername": "Nominal", "point": 166, "logfile": "/home/saul/projects/IL2244_VT26_SAUL/logs_saul/logs0/Job18.log", "simid": "1"}
[2026-05-28 07:24:56.720 Z] [PROCESS] [cadence.virtuoso.ade.simulationMonitor] - Started Simulation {"hostname": "edatools", "processid": 49036, "history": "MonteCarlo.0", "testname": "TRAN_MC", "cornername": "Nominal", "point": 167, "logfile": "/home/saul/projects/IL2244_VT26_SAUL/logs_saul/logs0/Job18.log", "event": "started", "task": "simulation"}
[2026-05-28 07:24:57.225 Z] [INFO] [cadence.virtuoso.ade.simulationMonitor] - Notice from spectre in `rpolyhc':`I0.I0.R3', in `fbias_por2_f':`I0.I0', in `fbias_bias2_f':`I0', during Monte Carlo analysis `mc1'.
    I0.I0.R3.CS0 of rpolyhc: `c' has the unusually small value of 386.063e-21 F.
    I0.I0.R3.CS1 of rpolyhc: `c' has the unusually small value of 386.063e-21 F. {"history": "MonteCarlo.0", "point": 167, "testname": "TRAN_MC", "cornername": "Nominal"}
[2026-05-28 07:24:57.225 Z] [INFO] [cadence.virtuoso.ade.simulationMonitor] - Notice from spectre in `rpolyhc':`I0.I0.R4', in `fbias_por2_f':`I0.I0', in `fbias_bias2_f':`I0', during Monte Carlo analysis `mc1'.
    I0.I0.R4.CS0 of rpolyhc: `c' has the unusually small value of 3.64829e-21 F.
    I0.I0.R4.CS1 of rpolyhc: `c' has the unusually small value of 3.64829e-21 F. {"history": "MonteCarlo.0", "point": 167, "testname": "TRAN_MC", "cornername": "Nominal"}
[2026-05-28 07:24:57.225 Z] [INFO] [cadence.virtuoso.ade.simulationMonitor] - Notice from spectre in `vert10':`I0.I2.Q3(30)', in `fecg_bandgap3_layout':`I0.I2', in `fbias_bias2_f':`I0', during Monte Carlo analysis `mc1'.
    I0.I2.Q3(30).bjtinsub: `minr' has the unusually small value of 10 fOhm.
        Further occurrences of this notice will be suppressed. {"history": "MonteCarlo.0", "point": 167, "testname": "TRAN_MC", "cornername": "Nominal"}
[2026-05-28 07:24:57.225 Z] [INFO] [cadence.virtuoso.ade.simulationMonitor] - Notice from spectre during Monte Carlo analysis `mc1'.
    V1: `width' has the unusually large value of 9 s. {"history": "MonteCarlo.0", "point": 167, "testname": "TRAN_MC", "cornername": "Nominal"}
[2026-05-28 07:24:57.225 Z] [WARN] [cadence.virtuoso.ade.simulationMonitor] -     WARNING (CMI-2210): V1: Period is smaller than rise+width+fall. It is reset to rise+width+fall. {"history": "MonteCarlo.0", "point": 167, "testname": "TRAN_MC", "cornername": "Nominal"}
[2026-05-28 07:24:57.225 Z] [WARN] [cadence.virtuoso.ade.simulationMonitor] -     WARNING (CMI-2425): I0.I4.C1(10): `Acde' = 2.393 is unusually large. {"history": "MonteCarlo.0", "point": 167, "testname": "TRAN_MC", "cornername": "Nominal"}
[2026-05-28 07:24:57.225 Z] [WARN] [cadence.virtuoso.ade.simulationMonitor] -     WARNING (CMI-2425): I0.I4.C1(10): `Noff' = 4.732 is unusually large. {"history": "MonteCarlo.0", "point": 167, "testname": "TRAN_MC", "cornername": "Nominal"}
[2026-05-28 07:24:57.225 Z] [WARN] [cadence.virtuoso.ade.simulationMonitor] -     WARNING (CMI-2424): I0.I4.C1(10): `Voffcv' = -867.4e-03 is unusually small. {"history": "MonteCarlo.0", "point": 167, "testname": "TRAN_MC", "cornername": "Nominal"}
[2026-05-28 07:24:57.225 Z] [WARN] [cadence.virtuoso.ade.simulationMonitor] -     WARNING (CMI-2425): I0.I4.C1(9): `Acde' = 2.393 is unusually large. {"history": "MonteCarlo.0", "point": 167, "testname": "TRAN_MC", "cornername": "Nominal"}
[2026-05-28 07:24:57.225 Z] [WARN] [cadence.virtuoso.ade.simulationMonitor] -     WARNING (CMI-2425): I0.I4.C1(9): `Noff' = 4.732 is unusually large. {"history": "MonteCarlo.0", "point": 167, "testname": "TRAN_MC", "cornername": "Nominal"}
[2026-05-28 07:24:57.225 Z] [WARN] [cadence.virtuoso.ade.simulationMonitor] -     WARNING (CMI-2424): I0.I4.C1(9): `Voffcv' = -867.4e-03 is unusually small. {"history": "MonteCarlo.0", "point": 167, "testname": "TRAN_MC", "cornername": "Nominal"}
[2026-05-28 07:24:57.225 Z] [WARN] [cadence.virtuoso.ade.simulationMonitor] -     WARNING (CMI-2425): I0.I4.C1(8): `Acde' = 2.393 is unusually large.
        Further occurrences of this warning will be suppressed. {"history": "MonteCarlo.0", "point": 167, "testname": "TRAN_MC", "cornername": "Nominal"}
[2026-05-28 07:24:57.225 Z] [WARN] [cadence.virtuoso.ade.simulationMonitor] -     WARNING (CMI-2424): I0.I4.C1(8): `Voffcv' = -867.4e-03 is unusually small. {"history": "MonteCarlo.0", "point": 167, "testname": "TRAN_MC", "cornername": "Nominal"}
[2026-05-28 07:24:57.225 Z] [WARN] [cadence.virtuoso.ade.simulationMonitor] -     WARNING (CMI-2424): I0.I4.C1(7): `Voffcv' = -867.4e-03 is unusually small. {"history": "MonteCarlo.0", "point": 167, "testname": "TRAN_MC", "cornername": "Nominal"}
[2026-05-28 07:24:57.225 Z] [WARN] [cadence.virtuoso.ade.simulationMonitor] -     WARNING (CMI-2424): I0.I4.C1(6): `Voffcv' = -867.4e-03 is unusually small.
        Further occurrences of this warning will be suppressed. {"history": "MonteCarlo.0", "point": 167, "testname": "TRAN_MC", "cornername": "Nominal"}
[2026-05-28 07:24:59.815 Z] [INFO] [cadence.virtuoso.ade.simulationMonitor] - Notice from spectre during IC analysis, during transient analysis `tran', during Monte Carlo analysis `mc1'.
    Bad pivoting is found during DC analysis. Option dc_pivot_check=yes is recommended for possible improvement of convergence. {"history": "MonteCarlo.0", "point": 167, "testname": "TRAN_MC", "cornername": "Nominal"}
[2026-05-28 07:24:59.815 Z] [WARN] [cadence.virtuoso.ade.simulationMonitor] -     WARNING (CMI-2943): Parameter checks have been ignored because the valid value for parameter 'trise' could not be found in 'R7'. {"history": "MonteCarlo.0", "point": 167, "testname": "TRAN_MC", "cornername": "Nominal"}
[2026-05-28 07:24:59.815 Z] [WARN] [cadence.virtuoso.ade.simulationMonitor] -     WARNING (CMI-2943): Parameter checks have been ignored because the valid value for parameter 'trise' could not be found in 'C0'. {"history": "MonteCarlo.0", "point": 167, "testname": "TRAN_MC", "cornername": "Nominal"}
[2026-05-28 07:24:59.815 Z] [WARN] [cadence.virtuoso.ade.simulationMonitor] -     WARNING (CMI-2943): Parameter checks have been ignored because the valid value for parameter 'trise' could not be found in 'C1'. {"history": "MonteCarlo.0", "point": 167, "testname": "TRAN_MC", "cornername": "Nominal"}
[2026-05-28 07:24:59.815 Z] [WARN] [cadence.virtuoso.ade.simulationMonitor] -     WARNING (CMI-2943): Parameter checks have been ignored because the valid value for parameter 'trise' could not be found in 'C2'. {"history": "MonteCarlo.0", "point": 167, "testname": "TRAN_MC", "cornername": "Nominal"}
[2026-05-28 07:24:59.815 Z] [WARN] [cadence.virtuoso.ade.simulationMonitor] -     WARNING (CMI-2943): Parameter checks have been ignored because the valid value for parameter 'trise' could not be found in 'I0.I4.R29.CM'.
        Further occurrences of this warning will be suppressed. {"history": "MonteCarlo.0", "point": 167, "testname": "TRAN_MC", "cornername": "Nominal"}
[2026-05-28 07:25:46.699 Z] [INFO] [cadence.virtuoso.ade.simulationMonitor] - Total time required for tran analysis `tran': CPU = 37.05 s, elapsed = 48.4047 s, util. = 76.5%. {"history": "MonteCarlo.0", "point": 167, "testname": "TRAN_MC", "cornername": "Nominal"}
[2026-05-28 07:25:46.699 Z] [INFO] [cadence.virtuoso.ade.simulationMonitor] - Peak resident memory used = 342 Mbytes. {"history": "MonteCarlo.0", "point": 167, "testname": "TRAN_MC", "cornername": "Nominal"}
[2026-05-28 07:25:46.699 Z] [INFO] [cadence.virtuoso.ade.simulationMonitor] - Notice from spectre during transient analysis `tran', during Monte Carlo analysis `mc1'.
    62 notices suppressed.
    560 warnings suppressed. {"history": "MonteCarlo.0", "point": 167, "testname": "TRAN_MC", "cornername": "Nominal"}
[2026-05-28 07:25:48.202 Z] [PROCESS] [cadence.virtuoso.ade.simulationMonitor] - Finished simulating for one iteration {"hostname": "edatools", "processid": 49036, "history": "MonteCarlo.0", "testname": "TRAN_MC", "cornername": "Nominal", "point": 167, "logfile": "/home/saul/projects/IL2244_VT26_SAUL/logs_saul/logs0/Job18.log", "simid": "1"}
[2026-05-28 07:25:48.202 Z] [PROCESS] [cadence.virtuoso.ade.simulationMonitor] - Started Simulation {"hostname": "edatools", "processid": 49036, "history": "MonteCarlo.0", "testname": "TRAN_MC", "cornername": "Nominal", "point": 168, "logfile": "/home/saul/projects/IL2244_VT26_SAUL/logs_saul/logs0/Job18.log", "event": "started", "task": "simulation"}
[2026-05-28 07:25:48.202 Z] [INFO] [cadence.virtuoso.ade.simulationMonitor] - Notice from spectre in `rpolyhc':`I0.I0.R3', in `fbias_por2_f':`I0.I0', in `fbias_bias2_f':`I0', during Monte Carlo analysis `mc1'.
    I0.I0.R3.CS0 of rpolyhc: `c' has the unusually small value of 386.063e-21 F.
    I0.I0.R3.CS1 of rpolyhc: `c' has the unusually small value of 386.063e-21 F. {"history": "MonteCarlo.0", "point": 168, "testname": "TRAN_MC", "cornername": "Nominal"}
[2026-05-28 07:25:48.202 Z] [INFO] [cadence.virtuoso.ade.simulationMonitor] - Notice from spectre in `rpolyhc':`I0.I0.R4', in `fbias_por2_f':`I0.I0', in `fbias_bias2_f':`I0', during Monte Carlo analysis `mc1'.
    I0.I0.R4.CS0 of rpolyhc: `c' has the unusually small value of 3.64829e-21 F.
    I0.I0.R4.CS1 of rpolyhc: `c' has the unusually small value of 3.64829e-21 F. {"history": "MonteCarlo.0", "point": 168, "testname": "TRAN_MC", "cornername": "Nominal"}
[2026-05-28 07:25:49.210 Z] [INFO] [cadence.virtuoso.ade.simulationMonitor] - Notice from spectre in `vert10':`I0.I2.Q3(30)', in `fecg_bandgap3_layout':`I0.I2', in `fbias_bias2_f':`I0', during Monte Carlo analysis `mc1'.
    I0.I2.Q3(30).bjtinsub: `minr' has the unusually small value of 10 fOhm.
        Further occurrences of this notice will be suppressed. {"history": "MonteCarlo.0", "point": 168, "testname": "TRAN_MC", "cornername": "Nominal"}
[2026-05-28 07:25:49.210 Z] [INFO] [cadence.virtuoso.ade.simulationMonitor] - Notice from spectre during Monte Carlo analysis `mc1'.
    V1: `width' has the unusually large value of 9 s. {"history": "MonteCarlo.0", "point": 168, "testname": "TRAN_MC", "cornername": "Nominal"}
[2026-05-28 07:25:49.210 Z] [WARN] [cadence.virtuoso.ade.simulationMonitor] -     WARNING (CMI-2210): V1: Period is smaller than rise+width+fall. It is reset to rise+width+fall. {"history": "MonteCarlo.0", "point": 168, "testname": "TRAN_MC", "cornername": "Nominal"}
[2026-05-28 07:25:49.210 Z] [WARN] [cadence.virtuoso.ade.simulationMonitor] -     WARNING (CMI-2425): I0.I4.C1(10): `Acde' = 2.393 is unusually large. {"history": "MonteCarlo.0", "point": 168, "testname": "TRAN_MC", "cornername": "Nominal"}
[2026-05-28 07:25:49.210 Z] [WARN] [cadence.virtuoso.ade.simulationMonitor] -     WARNING (CMI-2425): I0.I4.C1(10): `Noff' = 4.732 is unusually large. {"history": "MonteCarlo.0", "point": 168, "testname": "TRAN_MC", "cornername": "Nominal"}
[2026-05-28 07:25:49.210 Z] [WARN] [cadence.virtuoso.ade.simulationMonitor] -     WARNING (CMI-2424): I0.I4.C1(10): `Voffcv' = -867.4e-03 is unusually small. {"history": "MonteCarlo.0", "point": 168, "testname": "TRAN_MC", "cornername": "Nominal"}
[2026-05-28 07:25:49.210 Z] [WARN] [cadence.virtuoso.ade.simulationMonitor] -     WARNING (CMI-2425): I0.I4.C1(9): `Acde' = 2.393 is unusually large. {"history": "MonteCarlo.0", "point": 168, "testname": "TRAN_MC", "cornername": "Nominal"}
[2026-05-28 07:25:49.210 Z] [WARN] [cadence.virtuoso.ade.simulationMonitor] -     WARNING (CMI-2425): I0.I4.C1(9): `Noff' = 4.732 is unusually large. {"history": "MonteCarlo.0", "point": 168, "testname": "TRAN_MC", "cornername": "Nominal"}
[2026-05-28 07:25:49.210 Z] [WARN] [cadence.virtuoso.ade.simulationMonitor] -     WARNING (CMI-2424): I0.I4.C1(9): `Voffcv' = -867.4e-03 is unusually small. {"history": "MonteCarlo.0", "point": 168, "testname": "TRAN_MC", "cornername": "Nominal"}
[2026-05-28 07:25:49.210 Z] [WARN] [cadence.virtuoso.ade.simulationMonitor] -     WARNING (CMI-2425): I0.I4.C1(8): `Acde' = 2.393 is unusually large.
        Further occurrences of this warning will be suppressed. {"history": "MonteCarlo.0", "point": 168, "testname": "TRAN_MC", "cornername": "Nominal"}
[2026-05-28 07:25:49.210 Z] [WARN] [cadence.virtuoso.ade.simulationMonitor] -     WARNING (CMI-2424): I0.I4.C1(8): `Voffcv' = -867.4e-03 is unusually small. {"history": "MonteCarlo.0", "point": 168, "testname": "TRAN_MC", "cornername": "Nominal"}
[2026-05-28 07:25:49.210 Z] [WARN] [cadence.virtuoso.ade.simulationMonitor] -     WARNING (CMI-2424): I0.I4.C1(7): `Voffcv' = -867.4e-03 is unusually small. {"history": "MonteCarlo.0", "point": 168, "testname": "TRAN_MC", "cornername": "Nominal"}
[2026-05-28 07:25:49.210 Z] [WARN] [cadence.virtuoso.ade.simulationMonitor] -     WARNING (CMI-2424): I0.I4.C1(6): `Voffcv' = -867.4e-03 is unusually small.
        Further occurrences of this warning will be suppressed. {"history": "MonteCarlo.0", "point": 168, "testname": "TRAN_MC", "cornername": "Nominal"}
[2026-05-28 07:25:51.310 Z] [INFO] [cadence.virtuoso.ade.simulationMonitor] - Notice from spectre during IC analysis, during transient analysis `tran', during Monte Carlo analysis `mc1'.
    Bad pivoting is found during DC analysis. Option dc_pivot_check=yes is recommended for possible improvement of convergence. {"history": "MonteCarlo.0", "point": 168, "testname": "TRAN_MC", "cornername": "Nominal"}
[2026-05-28 07:25:51.310 Z] [WARN] [cadence.virtuoso.ade.simulationMonitor] -     WARNING (CMI-2943): Parameter checks have been ignored because the valid value for parameter 'trise' could not be found in 'R7'. {"history": "MonteCarlo.0", "point": 168, "testname": "TRAN_MC", "cornername": "Nominal"}
[2026-05-28 07:25:51.310 Z] [WARN] [cadence.virtuoso.ade.simulationMonitor] -     WARNING (CMI-2943): Parameter checks have been ignored because the valid value for parameter 'trise' could not be found in 'C0'. {"history": "MonteCarlo.0", "point": 168, "testname": "TRAN_MC", "cornername": "Nominal"}
[2026-05-28 07:25:51.310 Z] [WARN] [cadence.virtuoso.ade.simulationMonitor] -     WARNING (CMI-2943): Parameter checks have been ignored because the valid value for parameter 'trise' could not be found in 'C1'. {"history": "MonteCarlo.0", "point": 168, "testname": "TRAN_MC", "cornername": "Nominal"}
[2026-05-28 07:25:51.310 Z] [WARN] [cadence.virtuoso.ade.simulationMonitor] -     WARNING (CMI-2943): Parameter checks have been ignored because the valid value for parameter 'trise' could not be found in 'C2'. {"history": "MonteCarlo.0", "point": 168, "testname": "TRAN_MC", "cornername": "Nominal"}
[2026-05-28 07:25:51.310 Z] [WARN] [cadence.virtuoso.ade.simulationMonitor] -     WARNING (CMI-2943): Parameter checks have been ignored because the valid value for parameter 'trise' could not be found in 'I0.I4.R29.CM'.
        Further occurrences of this warning will be suppressed. {"history": "MonteCarlo.0", "point": 168, "testname": "TRAN_MC", "cornername": "Nominal"}
[2026-05-28 07:26:24.110 Z] [INFO] [cadence.virtuoso.ade.simulationMonitor] - Total time required for tran analysis `tran': CPU = 57.9642 s, elapsed = 34.575 s, util. = 168%. {"history": "MonteCarlo.0", "point": 168, "testname": "TRAN_MC", "cornername": "Nominal"}
[2026-05-28 07:26:24.110 Z] [INFO] [cadence.virtuoso.ade.simulationMonitor] - Peak resident memory used = 343 Mbytes. {"history": "MonteCarlo.0", "point": 168, "testname": "TRAN_MC", "cornername": "Nominal"}
[2026-05-28 07:26:24.110 Z] [INFO] [cadence.virtuoso.ade.simulationMonitor] - Notice from spectre during transient analysis `tran', during Monte Carlo analysis `mc1'.
    62 notices suppressed.
    560 warnings suppressed. {"history": "MonteCarlo.0", "point": 168, "testname": "TRAN_MC", "cornername": "Nominal"}
[2026-05-28 07:26:26.117 Z] [PROCESS] [cadence.virtuoso.ade.simulationMonitor] - Finished simulating for one iteration {"hostname": "edatools", "processid": 49036, "history": "MonteCarlo.0", "testname": "TRAN_MC", "cornername": "Nominal", "point": 168, "logfile": "/home/saul/projects/IL2244_VT26_SAUL/logs_saul/logs0/Job18.log", "simid": "1"}
[2026-05-28 07:26:26.117 Z] [PROCESS] [cadence.virtuoso.ade.simulationMonitor] - Started Simulation {"hostname": "edatools", "processid": 49036, "history": "MonteCarlo.0", "testname": "TRAN_MC", "cornername": "Nominal", "point": 169, "logfile": "/home/saul/projects/IL2244_VT26_SAUL/logs_saul/logs0/Job18.log", "event": "started", "task": "simulation"}
[2026-05-28 07:26:26.117 Z] [INFO] [cadence.virtuoso.ade.simulationMonitor] - Notice from spectre in `rpolyhc':`I0.I0.R3', in `fbias_por2_f':`I0.I0', in `fbias_bias2_f':`I0', during Monte Carlo analysis `mc1'.
    I0.I0.R3.CS0 of rpolyhc: `c' has the unusually small value of 386.063e-21 F.
    I0.I0.R3.CS1 of rpolyhc: `c' has the unusually small value of 386.063e-21 F. {"history": "MonteCarlo.0", "point": 169, "testname": "TRAN_MC", "cornername": "Nominal"}
[2026-05-28 07:26:26.117 Z] [INFO] [cadence.virtuoso.ade.simulationMonitor] - Notice from spectre in `rpolyhc':`I0.I0.R4', in `fbias_por2_f':`I0.I0', in `fbias_bias2_f':`I0', during Monte Carlo analysis `mc1'.
    I0.I0.R4.CS0 of rpolyhc: `c' has the unusually small value of 3.64829e-21 F.
    I0.I0.R4.CS1 of rpolyhc: `c' has the unusually small value of 3.64829e-21 F. {"history": "MonteCarlo.0", "point": 169, "testname": "TRAN_MC", "cornername": "Nominal"}
[2026-05-28 07:26:26.117 Z] [INFO] [cadence.virtuoso.ade.simulationMonitor] - Notice from spectre in `vert10':`I0.I2.Q3(30)', in `fecg_bandgap3_layout':`I0.I2', in `fbias_bias2_f':`I0', during Monte Carlo analysis `mc1'.
    I0.I2.Q3(30).bjtinsub: `rbm' has the unusually small value of 995.584 mOhm.
        Further occurrences of this notice will be suppressed. {"history": "MonteCarlo.0", "point": 169, "testname": "TRAN_MC", "cornername": "Nominal"}
[2026-05-28 07:26:27.124 Z] [INFO] [cadence.virtuoso.ade.simulationMonitor] - Notice from spectre during Monte Carlo analysis `mc1'.
    V1: `width' has the unusually large value of 9 s. {"history": "MonteCarlo.0", "point": 169, "testname": "TRAN_MC", "cornername": "Nominal"}
[2026-05-28 07:26:27.124 Z] [WARN] [cadence.virtuoso.ade.simulationMonitor] -     WARNING (CMI-2210): V1: Period is smaller than rise+width+fall. It is reset to rise+width+fall. {"history": "MonteCarlo.0", "point": 169, "testname": "TRAN_MC", "cornername": "Nominal"}
[2026-05-28 07:26:27.124 Z] [WARN] [cadence.virtuoso.ade.simulationMonitor] -     WARNING (CMI-2425): I0.I4.C1(10): `Acde' = 2.393 is unusually large. {"history": "MonteCarlo.0", "point": 169, "testname": "TRAN_MC", "cornername": "Nominal"}
[2026-05-28 07:26:27.124 Z] [WARN] [cadence.virtuoso.ade.simulationMonitor] -     WARNING (CMI-2425): I0.I4.C1(10): `Noff' = 4.732 is unusually large. {"history": "MonteCarlo.0", "point": 169, "testname": "TRAN_MC", "cornername": "Nominal"}
[2026-05-28 07:26:27.124 Z] [WARN] [cadence.virtuoso.ade.simulationMonitor] -     WARNING (CMI-2424): I0.I4.C1(10): `Voffcv' = -867.4e-03 is unusually small. {"history": "MonteCarlo.0", "point": 169, "testname": "TRAN_MC", "cornername": "Nominal"}
[2026-05-28 07:26:27.124 Z] [WARN] [cadence.virtuoso.ade.simulationMonitor] -     WARNING (CMI-2425): I0.I4.C1(9): `Acde' = 2.393 is unusually large. {"history": "MonteCarlo.0", "point": 169, "testname": "TRAN_MC", "cornername": "Nominal"}
[2026-05-28 07:26:27.124 Z] [WARN] [cadence.virtuoso.ade.simulationMonitor] -     WARNING (CMI-2425): I0.I4.C1(9): `Noff' = 4.732 is unusually large. {"history": "MonteCarlo.0", "point": 169, "testname": "TRAN_MC", "cornername": "Nominal"}
[2026-05-28 07:26:27.124 Z] [WARN] [cadence.virtuoso.ade.simulationMonitor] -     WARNING (CMI-2424): I0.I4.C1(9): `Voffcv' = -867.4e-03 is unusually small. {"history": "MonteCarlo.0", "point": 169, "testname": "TRAN_MC", "cornername": "Nominal"}
[2026-05-28 07:26:27.124 Z] [WARN] [cadence.virtuoso.ade.simulationMonitor] -     WARNING (CMI-2425): I0.I4.C1(8): `Acde' = 2.393 is unusually large.
        Further occurrences of this warning will be suppressed. {"history": "MonteCarlo.0", "point": 169, "testname": "TRAN_MC", "cornername": "Nominal"}
[2026-05-28 07:26:27.124 Z] [WARN] [cadence.virtuoso.ade.simulationMonitor] -     WARNING (CMI-2424): I0.I4.C1(8): `Voffcv' = -867.4e-03 is unusually small. {"history": "MonteCarlo.0", "point": 169, "testname": "TRAN_MC", "cornername": "Nominal"}
[2026-05-28 07:26:27.124 Z] [WARN] [cadence.virtuoso.ade.simulationMonitor] -     WARNING (CMI-2424): I0.I4.C1(7): `Voffcv' = -867.4e-03 is unusually small. {"history": "MonteCarlo.0", "point": 169, "testname": "TRAN_MC", "cornername": "Nominal"}
[2026-05-28 07:26:27.124 Z] [WARN] [cadence.virtuoso.ade.simulationMonitor] -     WARNING (CMI-2424): I0.I4.C1(6): `Voffcv' = -867.4e-03 is unusually small.
        Further occurrences of this warning will be suppressed. {"history": "MonteCarlo.0", "point": 169, "testname": "TRAN_MC", "cornername": "Nominal"}
[2026-05-28 07:26:28.700 Z] [INFO] [cadence.virtuoso.ade.simulationMonitor] - Notice from spectre during IC analysis, during transient analysis `tran', during Monte Carlo analysis `mc1'.
    Bad pivoting is found during DC analysis. Option dc_pivot_check=yes is recommended for possible improvement of convergence. {"history": "MonteCarlo.0", "point": 169, "testname": "TRAN_MC", "cornername": "Nominal"}
[2026-05-28 07:26:28.700 Z] [WARN] [cadence.virtuoso.ade.simulationMonitor] -     WARNING (CMI-2943): Parameter checks have been ignored because the valid value for parameter 'trise' could not be found in 'R7'. {"history": "MonteCarlo.0", "point": 169, "testname": "TRAN_MC", "cornername": "Nominal"}
[2026-05-28 07:26:28.700 Z] [WARN] [cadence.virtuoso.ade.simulationMonitor] -     WARNING (CMI-2943): Parameter checks have been ignored because the valid value for parameter 'trise' could not be found in 'C0'. {"history": "MonteCarlo.0", "point": 169, "testname": "TRAN_MC", "cornername": "Nominal"}
[2026-05-28 07:26:28.700 Z] [WARN] [cadence.virtuoso.ade.simulationMonitor] -     WARNING (CMI-2943): Parameter checks have been ignored because the valid value for parameter 'trise' could not be found in 'C1'. {"history": "MonteCarlo.0", "point": 169, "testname": "TRAN_MC", "cornername": "Nominal"}
[2026-05-28 07:26:28.700 Z] [WARN] [cadence.virtuoso.ade.simulationMonitor] -     WARNING (CMI-2943): Parameter checks have been ignored because the valid value for parameter 'trise' could not be found in 'C2'. {"history": "MonteCarlo.0", "point": 169, "testname": "TRAN_MC", "cornername": "Nominal"}
[2026-05-28 07:26:28.700 Z] [WARN] [cadence.virtuoso.ade.simulationMonitor] -     WARNING (CMI-2943): Parameter checks have been ignored because the valid value for parameter 'trise' could not be found in 'I0.I4.R29.CM'.
        Further occurrences of this warning will be suppressed. {"history": "MonteCarlo.0", "point": 169, "testname": "TRAN_MC", "cornername": "Nominal"}
[2026-05-28 07:27:09.523 Z] [INFO] [cadence.virtuoso.ade.simulationMonitor] - Total time required for tran analysis `tran': CPU = 39.1183 s, elapsed = 42.2257 s, util. = 92.6%. {"history": "MonteCarlo.0", "point": 169, "testname": "TRAN_MC", "cornername": "Nominal"}
[2026-05-28 07:27:09.523 Z] [INFO] [cadence.virtuoso.ade.simulationMonitor] - Peak resident memory used = 345 Mbytes. {"history": "MonteCarlo.0", "point": 169, "testname": "TRAN_MC", "cornername": "Nominal"}
[2026-05-28 07:27:09.523 Z] [INFO] [cadence.virtuoso.ade.simulationMonitor] - Notice from spectre during transient analysis `tran', during Monte Carlo analysis `mc1'.
    125 notices suppressed.
    560 warnings suppressed. {"history": "MonteCarlo.0", "point": 169, "testname": "TRAN_MC", "cornername": "Nominal"}
[2026-05-28 07:27:11.098 Z] [PROCESS] [cadence.virtuoso.ade.simulationMonitor] - Finished simulating for one iteration {"hostname": "edatools", "processid": 49036, "history": "MonteCarlo.0", "testname": "TRAN_MC", "cornername": "Nominal", "point": 169, "logfile": "/home/saul/projects/IL2244_VT26_SAUL/logs_saul/logs0/Job18.log", "simid": "1"}
[2026-05-28 07:27:11.098 Z] [PROCESS] [cadence.virtuoso.ade.simulationMonitor] - Started Simulation {"hostname": "edatools", "processid": 49036, "history": "MonteCarlo.0", "testname": "TRAN_MC", "cornername": "Nominal", "point": 170, "logfile": "/home/saul/projects/IL2244_VT26_SAUL/logs_saul/logs0/Job18.log", "event": "started", "task": "simulation"}
[2026-05-28 07:27:11.098 Z] [INFO] [cadence.virtuoso.ade.simulationMonitor] - Notice from spectre in `rpolyhc':`I0.I0.R3', in `fbias_por2_f':`I0.I0', in `fbias_bias2_f':`I0', during Monte Carlo analysis `mc1'.
    I0.I0.R3.CS0 of rpolyhc: `c' has the unusually small value of 386.063e-21 F.
    I0.I0.R3.CS1 of rpolyhc: `c' has the unusually small value of 386.063e-21 F. {"history": "MonteCarlo.0", "point": 170, "testname": "TRAN_MC", "cornername": "Nominal"}
[2026-05-28 07:27:11.098 Z] [INFO] [cadence.virtuoso.ade.simulationMonitor] - Notice from spectre in `rpolyhc':`I0.I0.R4', in `fbias_por2_f':`I0.I0', in `fbias_bias2_f':`I0', during Monte Carlo analysis `mc1'.
    I0.I0.R4.CS0 of rpolyhc: `c' has the unusually small value of 3.64829e-21 F.
    I0.I0.R4.CS1 of rpolyhc: `c' has the unusually small value of 3.64829e-21 F. {"history": "MonteCarlo.0", "point": 170, "testname": "TRAN_MC", "cornername": "Nominal"}
[2026-05-28 07:27:11.098 Z] [INFO] [cadence.virtuoso.ade.simulationMonitor] - Notice from spectre in `vert10':`I0.I2.Q3(30)', in `fecg_bandgap3_layout':`I0.I2', in `fbias_bias2_f':`I0', during Monte Carlo analysis `mc1'.
    I0.I2.Q3(30).bjtinsub: `rbm' has the unusually small value of 945.584 mOhm.
        Further occurrences of this notice will be suppressed. {"history": "MonteCarlo.0", "point": 170, "testname": "TRAN_MC", "cornername": "Nominal"}
[2026-05-28 07:27:12.113 Z] [INFO] [cadence.virtuoso.ade.simulationMonitor] - Notice from spectre during Monte Carlo analysis `mc1'.
    V1: `width' has the unusually large value of 9 s. {"history": "MonteCarlo.0", "point": 170, "testname": "TRAN_MC", "cornername": "Nominal"}
[2026-05-28 07:27:12.113 Z] [WARN] [cadence.virtuoso.ade.simulationMonitor] -     WARNING (CMI-2210): V1: Period is smaller than rise+width+fall. It is reset to rise+width+fall. {"history": "MonteCarlo.0", "point": 170, "testname": "TRAN_MC", "cornername": "Nominal"}
[2026-05-28 07:27:12.113 Z] [WARN] [cadence.virtuoso.ade.simulationMonitor] -     WARNING (CMI-2425): I0.I4.C1(10): `Acde' = 2.393 is unusually large. {"history": "MonteCarlo.0", "point": 170, "testname": "TRAN_MC", "cornername": "Nominal"}
[2026-05-28 07:27:12.113 Z] [WARN] [cadence.virtuoso.ade.simulationMonitor] -     WARNING (CMI-2425): I0.I4.C1(10): `Noff' = 4.732 is unusually large. {"history": "MonteCarlo.0", "point": 170, "testname": "TRAN_MC", "cornername": "Nominal"}
[2026-05-28 07:27:12.113 Z] [WARN] [cadence.virtuoso.ade.simulationMonitor] -     WARNING (CMI-2424): I0.I4.C1(10): `Voffcv' = -867.4e-03 is unusually small. {"history": "MonteCarlo.0", "point": 170, "testname": "TRAN_MC", "cornername": "Nominal"}
[2026-05-28 07:27:12.113 Z] [WARN] [cadence.virtuoso.ade.simulationMonitor] -     WARNING (CMI-2425): I0.I4.C1(9): `Acde' = 2.393 is unusually large. {"history": "MonteCarlo.0", "point": 170, "testname": "TRAN_MC", "cornername": "Nominal"}
[2026-05-28 07:27:12.113 Z] [WARN] [cadence.virtuoso.ade.simulationMonitor] -     WARNING (CMI-2425): I0.I4.C1(9): `Noff' = 4.732 is unusually large. {"history": "MonteCarlo.0", "point": 170, "testname": "TRAN_MC", "cornername": "Nominal"}
[2026-05-28 07:27:12.113 Z] [WARN] [cadence.virtuoso.ade.simulationMonitor] -     WARNING (CMI-2424): I0.I4.C1(9): `Voffcv' = -867.4e-03 is unusually small. {"history": "MonteCarlo.0", "point": 170, "testname": "TRAN_MC", "cornername": "Nominal"}
[2026-05-28 07:27:12.113 Z] [WARN] [cadence.virtuoso.ade.simulationMonitor] -     WARNING (CMI-2425): I0.I4.C1(8): `Acde' = 2.393 is unusually large.
        Further occurrences of this warning will be suppressed. {"history": "MonteCarlo.0", "point": 170, "testname": "TRAN_MC", "cornername": "Nominal"}
[2026-05-28 07:27:12.113 Z] [WARN] [cadence.virtuoso.ade.simulationMonitor] -     WARNING (CMI-2424): I0.I4.C1(8): `Voffcv' = -867.4e-03 is unusually small. {"history": "MonteCarlo.0", "point": 170, "testname": "TRAN_MC", "cornername": "Nominal"}
[2026-05-28 07:27:12.113 Z] [WARN] [cadence.virtuoso.ade.simulationMonitor] -     WARNING (CMI-2424): I0.I4.C1(7): `Voffcv' = -867.4e-03 is unusually small. {"history": "MonteCarlo.0", "point": 170, "testname": "TRAN_MC", "cornername": "Nominal"}
[2026-05-28 07:27:12.113 Z] [WARN] [cadence.virtuoso.ade.simulationMonitor] -     WARNING (CMI-2424): I0.I4.C1(6): `Voffcv' = -867.4e-03 is unusually small.
        Further occurrences of this warning will be suppressed. {"history": "MonteCarlo.0", "point": 170, "testname": "TRAN_MC", "cornername": "Nominal"}
[2026-05-28 07:27:13.705 Z] [INFO] [cadence.virtuoso.ade.simulationMonitor] - Notice from spectre during IC analysis, during transient analysis `tran', during Monte Carlo analysis `mc1'.
    Bad pivoting is found during DC analysis. Option dc_pivot_check=yes is recommended for possible improvement of convergence. {"history": "MonteCarlo.0", "point": 170, "testname": "TRAN_MC", "cornername": "Nominal"}
[2026-05-28 07:27:13.705 Z] [WARN] [cadence.virtuoso.ade.simulationMonitor] -     WARNING (CMI-2943): Parameter checks have been ignored because the valid value for parameter 'trise' could not be found in 'R7'. {"history": "MonteCarlo.0", "point": 170, "testname": "TRAN_MC", "cornername": "Nominal"}
[2026-05-28 07:27:13.705 Z] [WARN] [cadence.virtuoso.ade.simulationMonitor] -     WARNING (CMI-2943): Parameter checks have been ignored because the valid value for parameter 'trise' could not be found in 'C0'. {"history": "MonteCarlo.0", "point": 170, "testname": "TRAN_MC", "cornername": "Nominal"}
[2026-05-28 07:27:13.705 Z] [WARN] [cadence.virtuoso.ade.simulationMonitor] -     WARNING (CMI-2943): Parameter checks have been ignored because the valid value for parameter 'trise' could not be found in 'C1'. {"history": "MonteCarlo.0", "point": 170, "testname": "TRAN_MC", "cornername": "Nominal"}
[2026-05-28 07:27:13.705 Z] [WARN] [cadence.virtuoso.ade.simulationMonitor] -     WARNING (CMI-2943): Parameter checks have been ignored because the valid value for parameter 'trise' could not be found in 'C2'. {"history": "MonteCarlo.0", "point": 170, "testname": "TRAN_MC", "cornername": "Nominal"}
[2026-05-28 07:27:13.705 Z] [WARN] [cadence.virtuoso.ade.simulationMonitor] -     WARNING (CMI-2943): Parameter checks have been ignored because the valid value for parameter 'trise' could not be found in 'I0.I4.R29.CM'.
        Further occurrences of this warning will be suppressed. {"history": "MonteCarlo.0", "point": 170, "testname": "TRAN_MC", "cornername": "Nominal"}
[2026-05-28 07:27:57.493 Z] [INFO] [cadence.virtuoso.ade.simulationMonitor] - Total time required for tran analysis `tran': CPU = 35.5141 s, elapsed = 44.7949 s, util. = 79.3%. {"history": "MonteCarlo.0", "point": 170, "testname": "TRAN_MC", "cornername": "Nominal"}
[2026-05-28 07:27:57.493 Z] [INFO] [cadence.virtuoso.ade.simulationMonitor] - Peak resident memory used = 346 Mbytes. {"history": "MonteCarlo.0", "point": 170, "testname": "TRAN_MC", "cornername": "Nominal"}
[2026-05-28 07:27:57.493 Z] [INFO] [cadence.virtuoso.ade.simulationMonitor] - Notice from spectre during transient analysis `tran', during Monte Carlo analysis `mc1'.
    125 notices suppressed.
    560 warnings suppressed. {"history": "MonteCarlo.0", "point": 170, "testname": "TRAN_MC", "cornername": "Nominal"}
[2026-05-28 07:27:58.501 Z] [PROCESS] [cadence.virtuoso.ade.simulationMonitor] - Finished simulating for one iteration {"hostname": "edatools", "processid": 49036, "history": "MonteCarlo.0", "testname": "TRAN_MC", "cornername": "Nominal", "point": 170, "logfile": "/home/saul/projects/IL2244_VT26_SAUL/logs_saul/logs0/Job18.log", "simid": "1"}
[2026-05-28 07:27:59.003 Z] [INFO] [cadence.virtuoso.ade.simulationMonitor] - Total time required for montecarlo analysis `mc1': CPU = 1.59701 ks (26m  37.0s), elapsed = 1.67768 ks (27m  57.7s), util. = 95.2%. {"history": "MonteCarlo.0", "point": 170, "testname": "TRAN_MC", "cornername": "Nominal"}
[2026-05-28 07:27:59.003 Z] [INFO] [cadence.virtuoso.ade.simulationMonitor] - Peak resident memory used = 346 Mbytes. {"history": "MonteCarlo.0", "point": 170, "testname": "TRAN_MC", "cornername": "Nominal"}
[2026-05-28 07:27:59.003 Z] [INFO] [cadence.virtuoso.ade.simulationMonitor] - Time used: CPU = 1.6 ks (26m  42.3s), elapsed = 1.69 ks (28m  11.8s), util. = 94.7%. {"history": "MonteCarlo.0", "point": 170, "testname": "TRAN_MC", "cornername": "Nominal"}
[2026-05-28 07:27:59.003 Z] [INFO] [cadence.virtuoso.ade.simulationMonitor] - Time spent in licensing: elapsed = 145 ms. {"history": "MonteCarlo.0", "point": 170, "testname": "TRAN_MC", "cornername": "Nominal"}
[2026-05-28 07:27:59.003 Z] [INFO] [cadence.virtuoso.ade.simulationMonitor] - Peak memory used = 344 Mbytes. {"history": "MonteCarlo.0", "point": 170, "testname": "TRAN_MC", "cornername": "Nominal"}
[2026-05-28 07:27:59.003 Z] [PROCESS] [cadence.virtuoso.ade.simulationMonitor] - Simulation started at: 6:59:46 AM, Thur May 28, 2026, ended at: 7:27:58 AM, Thur May 28, 2026, with elapsed time (wall clock): 1.69 ks (28m  11.8s). {"history": "MonteCarlo.0", "point": 137, "testname": "TRAN_MC", "cornername": "Nominal", "Points": "137 138 139 140 141 142 143 144 145 146 147 148 149 150 151 152 153 154 155 156 157 158 159 160 161 162 163 164 165 166 167 168 169 170 "}
[2026-05-28 07:27:59.003 Z] [PROCESS] [cadence.virtuoso.ade.simulationMonitor] - spectre completes with 0 errors, 599 warnings, and 340 notices. {"history": "MonteCarlo.0", "point": 137, "testname": "TRAN_MC", "cornername": "Nominal", "Points": "137 138 139 140 141 142 143 144 145 146 147 148 149 150 151 152 153 154 155 156 157 158 159 160 161 162 163 164 165 166 167 168 169 170 "}
[2026-05-28 07:27:59.003 Z] [PROCESS] [cadence.virtuoso.ade.simulationMonitor] - Simulator exited {"hostname": "edatools", "processid": 49036, "history": "MonteCarlo.0", "testname": "TRAN_MC", "cornername": "Nominal", "point": 170, "logfile": "/home/saul/projects/IL2244_VT26_SAUL/logs_saul/logs0/Job18.log", "exitStatus": "0"}
[2026-05-28 07:27:59.003 Z] [PROCESS] [cadence.virtuoso.ade.simulationMonitor] - Finished Simulation {"hostname": "edatools", "processid": 49036, "history": "MonteCarlo.0", "testname": "TRAN_MC", "cornername": "Nominal", "point": 137, "logfile": "/home/saul/projects/IL2244_VT26_SAUL/logs_saul/logs0/Job18.log", "simid": "1"}
[2026-05-28 07:28:10.192 Z] [PROCESS] [cadence.virtuoso.ade.simulationMonitor] - Point Finished {"hostname": "edatools", "processid": 49036, "history": "MonteCarlo.0", "testname": "TRAN_MC", "cornername": "Nominal", "point": 137, "logfile": "/home/saul/projects/IL2244_VT26_SAUL/logs_saul/logs0/Job18.log"}
[2026-05-28 07:28:11.195 Z] [PROCESS] [cadence.virtuoso.ade.simulationMonitor] - Stay with the runId '7', Linger time '300', currentRunSyn '15', currentTestSyn '16' {"hostname": "edatools", "processid": 49036, "history": "MonteCarlo.0", "testname": "TRAN_MC", "cornername": "Nominal", "point": 137, "logfile": "/home/saul/projects/IL2244_VT26_SAUL/logs_saul/logs0/Job18.log"}
[2026-05-28 07:28:12.195 Z] [PROCESS] [cadence.virtuoso.ade.simulationMonitor] - Stay with the runId '7', Linger time '300', currentRunSyn '15', currentTestSyn '16' {"hostname": "edatools", "processid": 49036, "history": "MonteCarlo.0", "testname": "TRAN_MC", "cornername": "Nominal", "point": 137, "logfile": "/home/saul/projects/IL2244_VT26_SAUL/logs_saul/logs0/Job18.log"}
[2026-05-28 07:33:11.826 Z] [PROCESS] [cadence.virtuoso.ade.simulationMonitor] - Current memory used: 52.3125 MBytes, peak memory used: 52.3125 MBytes {"hostname": "edatools", "processid": 49036, "history": "MonteCarlo.0", "testname": "TRAN_MC", "cornername": "Nominal", "point": 137, "logfile": "/home/saul/projects/IL2244_VT26_SAUL/logs_saul/logs0/Job18.log"}
[2026-05-28 07:33:11.826 Z] [PROCESS] [cadence.virtuoso.ade.simulationMonitor] - Simulation Monitor process exit. {"hostname": "edatools", "processid": 49036, "history": "MonteCarlo.0", "testname": "TRAN_MC", "cornername": "Nominal", "point": 137, "logfile": "/home/saul/projects/IL2244_VT26_SAUL/logs_saul/logs0/Job18.log"}
