[Simulation Monitor: 28]
[2026-05-14 18:14:45.036 Z] [PROCESS] [cadence.virtuoso.ade.simulationMonitor] - Simulation Monitor has successfully started up. Trying to set up communication channels to other components ... {"hostname": "edatools", "processid": 703335, "logfile": "/home/saul/projects/IL2244_VT26_SAUL/logs_saul/logs0/Job28.log"}
[2026-05-14 18:14:45.037 Z] [PROCESS] [cadence.virtuoso.ade.simulationMonitor] - Communication channels have been successfully set up. Start processing events ... {"hostname": "edatools", "processid": 703335, "logfile": "/home/saul/projects/IL2244_VT26_SAUL/logs_saul/logs0/Job28.log"}
[2026-05-14 18:14:45.037 Z] [PROCESS] [cadence.virtuoso.ade.simulationMonitor] - Considering to start history {"hostname": "edatools", "processid": 703335, "history": "Interactive.53", "logfile": "/home/saul/projects/IL2244_VT26_SAUL/logs_saul/logs0/Job28.log"}
[2026-05-14 18:14:45.038 Z] [PROCESS] [cadence.virtuoso.ade.simulationMonitor] - HostInfo:
Host name (type):	edatools (x86_64)
Operating system:	Linux 6.17.0-20-generic #20~24.04.1-Ubuntu SMP PREEMPT_DYNAMIC Thu Mar 19 01:28:37 UTC 2 {"hostname": "edatools", "processid": 703335, "history": "Interactive.53", "logfile": "/home/saul/projects/IL2244_VT26_SAUL/logs_saul/logs0/Job28.log", "nodename": "edatools", "domainname": "(none)", "machine": "x86_64", "sysname": "Linux", "release": "6.17.0-20-generic", "version": "#20~24.04.1-Ubuntu SMP PREEMPT_DYNAMIC Thu Mar 19 01:28:37 UTC 2"}
[2026-05-14 18:14:45.038 Z] [PROCESS] [cadence.virtuoso.ade.simulationMonitor] - UsageInfo:
pid=703335
totalPhysicalMemory=62.544991GB,Used=50.974869GB,totalVirtualMemory=70.544987GB,Used=50.974869GB
Cpu: Cores=16, Load average:0.350000,0.800000,1.560000 {"hostname": "edatools", "processid": 703335, "history": "Interactive.53", "logfile": "/home/saul/projects/IL2244_VT26_SAUL/logs_saul/logs0/Job28.log", "pid": "703335", "totalPhysicalMemory": "62.544991", "physicalMemoryUsed": "50.974869", "totalVirtualMemory": "70.544987", "virtualMemoryUsed": "50.974869", "cpuCores": "16", "processes": "1563", "loadAverage1": "0.350000", "loadAverage5": "0.800000", "loadAverage15": "1.560000", "loadAverage1Percent": "0.021875"}
[2026-05-14 18:14:45.039 Z] [EVENT] [cadence.virtuoso.ade.simulationMonitor] - NewPoint {"history": "Interactive.53", "point": 1, "testname": "PSS_VIN", "cornername": "Nominal", "event": "NewPoint", "EventSource": "Simulation Monitor", "HistoryName": "Interactive.53", "logFile": "/home/saul/projects/IL2244_VT26_SAUL/logs_saul/logs0/Job28.log", "logFileSize": "2198"}
[2026-05-14 18:14:45.139 Z] [EVENT] [cadence.virtuoso.ade.simulationMonitor] - NewPoint {"history": "Interactive.53", "point": 1, "testname": "PSS_VIN", "cornername": "Nominal", "event": "NewPoint", "EventSource": "spectre", "HistoryName": "Interactive.53", "logFile": "/home/saul/projects/IL2244_VT26_SAUL/Sim/FECG/fecg_front_end_tb/maestro/results/maestro/Interactive.53/1/PSS_VIN/psf/spectre.out", "logFileSize": "-1"}
[2026-05-14 18:14:45.149 Z] [PROCESS] [cadence.virtuoso.ade.simulationMonitor] - Simulator launched {"hostname": "edatools", "processid": 703335, "history": "Interactive.53", "testname": "PSS_VIN", "cornername": "Nominal", "point": 1, "logfile": "/home/saul/projects/IL2244_VT26_SAUL/logs_saul/logs0/Job28.log", "simid": "1"}
[2026-05-14 18:14:45.150 Z] [PROCESS] [cadence.virtuoso.ade.simulationMonitor] - Expression evaluator launched {"hostname": "edatools", "processid": 703335, "history": "Interactive.53", "testname": "PSS_VIN", "cornername": "Nominal", "point": 1, "logfile": "/home/saul/projects/IL2244_VT26_SAUL/logs_saul/logs0/Job28.log"}
[2026-05-14 18:14:45.175 Z] [PROCESS] [cadence.virtuoso.ade.simulationMonitor] - Started Simulation {"hostname": "edatools", "processid": 703335, "history": "Interactive.53", "testname": "PSS_VIN", "cornername": "Nominal", "point": 1, "logfile": "/home/saul/projects/IL2244_VT26_SAUL/logs_saul/logs0/Job28.log", "event": "started", "task": "simulation"}
[2026-05-14 18:14:45.676 Z] [INFO] [cadence.virtuoso.ade.simulationMonitor] - Notice from spectre during circuit read-in.
    Pre_Configuration file used: /opt/tools/cadence/installs/SPECTRE241/tools.lnx86/spectre/etc/configs/preset.precfg
    Configuration file used: `/opt/tools/cadence/installs/SPECTRE241/tools.lnx86/spectre/etc/configs/preset.cfg'. {"history": "Interactive.53", "point": 1, "testname": "PSS_VIN", "cornername": "Nominal"}
[2026-05-14 18:14:45.676 Z] [WARN] [cadence.virtuoso.ade.simulationMonitor] -     WARNING (SPECTRE-8360): line 1511: `ac' is an undefined primitive device. {"history": "Interactive.53", "point": 1, "testname": "PSS_VIN", "cornername": "Nominal"}
[2026-05-14 18:14:45.676 Z] [WARN] [cadence.virtuoso.ade.simulationMonitor] -     WARNING (SPECTRE-8360): line 1512: `ac' is an undefined primitive device. {"history": "Interactive.53", "point": 1, "testname": "PSS_VIN", "cornername": "Nominal"}
[2026-05-14 18:14:45.676 Z] [WARN] [cadence.virtuoso.ade.simulationMonitor] -     WARNING (SPECTRE-8360): line 1513: `ac' is an undefined primitive device. {"history": "Interactive.53", "point": 1, "testname": "PSS_VIN", "cornername": "Nominal"}
[2026-05-14 18:14:45.676 Z] [WARN] [cadence.virtuoso.ade.simulationMonitor] -     WARNING (SPECTRE-8360): line 1514: `ac' is an undefined primitive device. {"history": "Interactive.53", "point": 1, "testname": "PSS_VIN", "cornername": "Nominal"}
[2026-05-14 18:14:45.676 Z] [WARN] [cadence.virtuoso.ade.simulationMonitor] -     WARNING (SPECTRE-8360): line 1515: `ac' is an undefined primitive device.
        Further occurrences of this warning will be suppressed. {"history": "Interactive.53", "point": 1, "testname": "PSS_VIN", "cornername": "Nominal"}
[2026-05-14 18:14:45.676 Z] [INFO] [cadence.virtuoso.ade.simulationMonitor] - Peak resident memory used = 172 Mbytes. {"history": "Interactive.53", "point": 1, "testname": "PSS_VIN", "cornername": "Nominal"}
[2026-05-14 18:14:45.676 Z] [WARN] [cadence.virtuoso.ade.simulationMonitor] -     WARNING (VACOMP-2435): The environment variable CDS_AHDLCMI_ENABLE is no longer supported. Therefore, the simulator will use the default compiled C code flow. {"history": "Interactive.53", "point": 1, "testname": "PSS_VIN", "cornername": "Nominal"}
[2026-05-14 18:14:46.176 Z] [WARN] [cadence.virtuoso.ade.simulationMonitor] -     WARNING (SFE-3014): The floating device I19.I0.I5.MN14<0>_turbo_m4 is removed. {"history": "Interactive.53", "point": 1, "testname": "PSS_VIN", "cornername": "Nominal"}
[2026-05-14 18:14:46.177 Z] [WARN] [cadence.virtuoso.ade.simulationMonitor] -     WARNING (SFE-3031): The floating capacitor I19.I11.C7<0>_turbo_m3.C1 is removed. {"history": "Interactive.53", "point": 1, "testname": "PSS_VIN", "cornername": "Nominal"}
[2026-05-14 18:14:46.177 Z] [WARN] [cadence.virtuoso.ade.simulationMonitor] -     WARNING (SFE-3031): The floating capacitor I19.I12.C7<0>_turbo_m3.C1 is removed. {"history": "Interactive.53", "point": 1, "testname": "PSS_VIN", "cornername": "Nominal"}
[2026-05-14 18:14:46.177 Z] [WARN] [cadence.virtuoso.ade.simulationMonitor] -     WARNING (SFE-3031): The floating capacitor I19.I12.C10<0>_turbo_m12.C1 is removed. {"history": "Interactive.53", "point": 1, "testname": "PSS_VIN", "cornername": "Nominal"}
[2026-05-14 18:14:46.177 Z] [WARN] [cadence.virtuoso.ade.simulationMonitor] -     WARNING (SFE-3031): The floating capacitor I19.I12.C9<0>_turbo_m6.C1 is removed. {"history": "Interactive.53", "point": 1, "testname": "PSS_VIN", "cornername": "Nominal"}
[2026-05-14 18:14:46.177 Z] [WARN] [cadence.virtuoso.ade.simulationMonitor] -     WARNING (SFE-3031): The floating capacitor I19.I12.C6<0>_turbo_m3.C1 is removed.
        Further occurrences of this warning will be suppressed. {"history": "Interactive.53", "point": 1, "testname": "PSS_VIN", "cornername": "Nominal"}
[2026-05-14 18:14:46.177 Z] [WARN] [cadence.virtuoso.ade.simulationMonitor] -     WARNING (SFE-3012): The dummy device I19.I2.MP31<0>_turbo_m4 is removed. {"history": "Interactive.53", "point": 1, "testname": "PSS_VIN", "cornername": "Nominal"}
[2026-05-14 18:14:46.177 Z] [WARN] [cadence.virtuoso.ade.simulationMonitor] -     WARNING (SFE-3014): The floating device I19.I0.C2.dsub1 is removed. {"history": "Interactive.53", "point": 1, "testname": "PSS_VIN", "cornername": "Nominal"}
[2026-05-14 18:14:46.177 Z] [WARN] [cadence.virtuoso.ade.simulationMonitor] -     WARNING (SFE-3014): The floating device I19.I0.I3.MN14<0>_turbo_m4 is removed. {"history": "Interactive.53", "point": 1, "testname": "PSS_VIN", "cornername": "Nominal"}
[2026-05-14 18:14:46.177 Z] [WARN] [cadence.virtuoso.ade.simulationMonitor] -     WARNING (SFE-3012): The dummy device I19.I2.MP29<0>_turbo_m37 is removed. {"history": "Interactive.53", "point": 1, "testname": "PSS_VIN", "cornername": "Nominal"}
[2026-05-14 18:14:46.177 Z] [WARN] [cadence.virtuoso.ade.simulationMonitor] -     WARNING (SFE-3012): The dummy device I19.I14.MP13<0>_turbo_m4 is removed. {"history": "Interactive.53", "point": 1, "testname": "PSS_VIN", "cornername": "Nominal"}
[2026-05-14 18:14:46.177 Z] [WARN] [cadence.virtuoso.ade.simulationMonitor] -     WARNING (SFE-3012): The dummy device I19.I0.MP11<0>_turbo_m4 is removed. {"history": "Interactive.53", "point": 1, "testname": "PSS_VIN", "cornername": "Nominal"}
[2026-05-14 18:14:46.177 Z] [WARN] [cadence.virtuoso.ade.simulationMonitor] -     WARNING (SFE-3014): The floating device I19.I0.C2.dsub2 is removed. {"history": "Interactive.53", "point": 1, "testname": "PSS_VIN", "cornername": "Nominal"}
[2026-05-14 18:14:46.177 Z] [WARN] [cadence.virtuoso.ade.simulationMonitor] -     WARNING (SFE-3012): The dummy device I19.I0.I3.MP13<0>_turbo_m4 is removed.
        Further occurrences of this warning will be suppressed. {"history": "Interactive.53", "point": 1, "testname": "PSS_VIN", "cornername": "Nominal"}
[2026-05-14 18:14:46.177 Z] [WARN] [cadence.virtuoso.ade.simulationMonitor] -     WARNING (SFE-3014): The floating device I19.I14.C5.dsub1 is removed.
        Further occurrences of this warning will be suppressed. {"history": "Interactive.53", "point": 1, "testname": "PSS_VIN", "cornername": "Nominal"}
[2026-05-14 18:14:46.178 Z] [WARN] [cadence.virtuoso.ade.simulationMonitor] -     WARNING (SFE-3028): The floating resistor I19.I0.C2.rsub2 is removed. {"history": "Interactive.53", "point": 1, "testname": "PSS_VIN", "cornername": "Nominal"}
[2026-05-14 18:14:46.178 Z] [WARN] [cadence.virtuoso.ade.simulationMonitor] -     WARNING (SFE-3028): The floating resistor I19.I14.C5.rsub2 is removed. {"history": "Interactive.53", "point": 1, "testname": "PSS_VIN", "cornername": "Nominal"}
[2026-05-14 18:14:46.178 Z] [WARN] [cadence.virtuoso.ade.simulationMonitor] -     WARNING (SFE-3028): The floating resistor I19.I0.C2.rsub1 is removed. {"history": "Interactive.53", "point": 1, "testname": "PSS_VIN", "cornername": "Nominal"}
[2026-05-14 18:14:46.178 Z] [WARN] [cadence.virtuoso.ade.simulationMonitor] -     WARNING (SFE-3028): The floating resistor I19.I0.C1<0>_turbo_m5.rsub1 is removed. {"history": "Interactive.53", "point": 1, "testname": "PSS_VIN", "cornername": "Nominal"}
[2026-05-14 18:14:46.178 Z] [WARN] [cadence.virtuoso.ade.simulationMonitor] -     WARNING (SFE-3028): The floating resistor I19.I0.C1<0>_turbo_m5.rsub2 is removed.
        Further occurrences of this warning will be suppressed. {"history": "Interactive.53", "point": 1, "testname": "PSS_VIN", "cornername": "Nominal"}
[2026-05-14 18:14:46.178 Z] [WARN] [cadence.virtuoso.ade.simulationMonitor] -     WARNING (SFE-3016): The floating node I19.I14.C4.b2 is removed. {"history": "Interactive.53", "point": 1, "testname": "PSS_VIN", "cornername": "Nominal"}
[2026-05-14 18:14:46.178 Z] [WARN] [cadence.virtuoso.ade.simulationMonitor] -     WARNING (SFE-3016): The floating node I19.I14.C4.b1 is removed. {"history": "Interactive.53", "point": 1, "testname": "PSS_VIN", "cornername": "Nominal"}
[2026-05-14 18:14:46.178 Z] [WARN] [cadence.virtuoso.ade.simulationMonitor] -     WARNING (SFE-3016): The floating node I19.I14.C5.b2 is removed. {"history": "Interactive.53", "point": 1, "testname": "PSS_VIN", "cornername": "Nominal"}
[2026-05-14 18:14:46.178 Z] [WARN] [cadence.virtuoso.ade.simulationMonitor] -     WARNING (SFE-3016): The floating node I19.I14.C5.b1 is removed. {"history": "Interactive.53", "point": 1, "testname": "PSS_VIN", "cornername": "Nominal"}
[2026-05-14 18:14:46.178 Z] [WARN] [cadence.virtuoso.ade.simulationMonitor] -     WARNING (SFE-3016): The floating node I19.I0.C1<0>_turbo_m5.b2 is removed.
        Further occurrences of this warning will be suppressed. {"history": "Interactive.53", "point": 1, "testname": "PSS_VIN", "cornername": "Nominal"}
[2026-05-14 18:14:46.178 Z] [INFO] [cadence.virtuoso.ade.simulationMonitor] - Notice from spectre during hierarchy flattening.
    The value 'psf' specified for the 'checklimitdest' option will no longer be supported in future releases. Use 'spectre -h' to see other recommended values for the 'checklimitdest' option. {"history": "Interactive.53", "point": 1, "testname": "PSS_VIN", "cornername": "Nominal"}
[2026-05-14 18:14:46.178 Z] [INFO] [cadence.virtuoso.ade.simulationMonitor] - Peak resident memory used = 197 Mbytes. {"history": "Interactive.53", "point": 1, "testname": "PSS_VIN", "cornername": "Nominal"}
[2026-05-14 18:14:46.178 Z] [INFO] [cadence.virtuoso.ade.simulationMonitor] - Notice from spectre during hierarchy flattening.
    The value 'psf' specified for the 'checklimitdest' option will no longer be supported in future releases. Use 'spectre -h' to see other recommended values for the 'checklimitdest' option.
    I19.I0.R10.CS0 of rpolyhc: `c' has the unusually small value of 0 F.
    I19.I0.R10.CS1 of rpolyhc: `c' has the unusually small value of 0 F.
    I19.I0.R9.CS0 of rpolyhc: `c' has the unusually small value of 0 F.
    I19.I0.R9.CS1 of rpolyhc: `c' has the unusually ... {"history": "Interactive.53", "point": 1, "testname": "PSS_VIN", "cornername": "Nominal"}
[2026-05-14 18:14:46.178 Z] [INFO] [cadence.virtuoso.ade.simulationMonitor] - Peak resident memory used = 198 Mbytes. {"history": "Interactive.53", "point": 1, "testname": "PSS_VIN", "cornername": "Nominal"}
[2026-05-14 18:14:46.178 Z] [WARN] [cadence.virtuoso.ade.simulationMonitor] -     WARNING (CMI-2425): I19.I0.C2: `Acde' = 2.393 is unusually large. {"history": "Interactive.53", "point": 1, "testname": "PSS_VIN", "cornername": "Nominal"}
[2026-05-14 18:14:46.178 Z] [WARN] [cadence.virtuoso.ade.simulationMonitor] -     WARNING (CMI-2425): I19.I0.C2: `Noff' = 4.732 is unusually large. {"history": "Interactive.53", "point": 1, "testname": "PSS_VIN", "cornername": "Nominal"}
[2026-05-14 18:14:46.178 Z] [WARN] [cadence.virtuoso.ade.simulationMonitor] -     WARNING (CMI-2424): I19.I0.C2: `Voffcv' = -867.4e-03 is unusually small. {"history": "Interactive.53", "point": 1, "testname": "PSS_VIN", "cornername": "Nominal"}
[2026-05-14 18:14:46.178 Z] [WARN] [cadence.virtuoso.ade.simulationMonitor] -     WARNING (CMI-2425): I19.I0.C0: `Acde' = 2.393 is unusually large. {"history": "Interactive.53", "point": 1, "testname": "PSS_VIN", "cornername": "Nominal"}
[2026-05-14 18:14:46.178 Z] [WARN] [cadence.virtuoso.ade.simulationMonitor] -     WARNING (CMI-2425): I19.I0.C0: `Noff' = 4.732 is unusually large. {"history": "Interactive.53", "point": 1, "testname": "PSS_VIN", "cornername": "Nominal"}
[2026-05-14 18:14:46.178 Z] [WARN] [cadence.virtuoso.ade.simulationMonitor] -     WARNING (CMI-2424): I19.I0.C0: `Voffcv' = -867.4e-03 is unusually small. {"history": "Interactive.53", "point": 1, "testname": "PSS_VIN", "cornername": "Nominal"}
[2026-05-14 18:14:46.179 Z] [WARN] [cadence.virtuoso.ade.simulationMonitor] -     WARNING (CMI-2425): I19.I0.I3.C1: `Acde' = 2.393 is unusually large.
        Further occurrences of this warning will be suppressed. {"history": "Interactive.53", "point": 1, "testname": "PSS_VIN", "cornername": "Nominal"}
[2026-05-14 18:14:46.179 Z] [WARN] [cadence.virtuoso.ade.simulationMonitor] -     WARNING (CMI-2424): I19.I0.I3.C1: `Voffcv' = -867.4e-03 is unusually small. {"history": "Interactive.53", "point": 1, "testname": "PSS_VIN", "cornername": "Nominal"}
[2026-05-14 18:14:46.179 Z] [WARN] [cadence.virtuoso.ade.simulationMonitor] -     WARNING (CMI-2424): I19.I0.C1<0>_turbo_m5: `Voffcv' = -867.4e-03 is unusually small. {"history": "Interactive.53", "point": 1, "testname": "PSS_VIN", "cornername": "Nominal"}
[2026-05-14 18:14:46.179 Z] [WARN] [cadence.virtuoso.ade.simulationMonitor] -     WARNING (CMI-2424): I19.I14.C5: `Voffcv' = -867.4e-03 is unusually small.
        Further occurrences of this warning will be suppressed. {"history": "Interactive.53", "point": 1, "testname": "PSS_VIN", "cornername": "Nominal"}
[2026-05-14 18:14:46.679 Z] [WARN] [cadence.virtuoso.ade.simulationMonitor] -     WARNING (SPECTRE-17607): Assert `SOAC_rpolyh_vminuspsub' is ignored because it contains an expression which is invalid or not supported by native evaluator.  {"history": "Interactive.53", "point": 1, "testname": "PSS_VIN", "cornername": "Nominal"}
[2026-05-14 18:14:46.679 Z] [WARN] [cadence.virtuoso.ade.simulationMonitor] -     WARNING (SPECTRE-17607): Assert `SOAC_rpolyh_vpluspsub' is ignored because it contains an expression which is invalid or not supported by native evaluator.  {"history": "Interactive.53", "point": 1, "testname": "PSS_VIN", "cornername": "Nominal"}
[2026-05-14 18:14:46.679 Z] [WARN] [cadence.virtuoso.ade.simulationMonitor] -     WARNING (SPECTRE-16460): SOAC_cvarm_vspsub:Specified subcircuit master `cvarm' was not found. {"history": "Interactive.53", "point": 1, "testname": "PSS_VIN", "cornername": "Nominal"}
[2026-05-14 18:14:46.679 Z] [WARN] [cadence.virtuoso.ade.simulationMonitor] -     WARNING (SPECTRE-16462): SOAC_cvarm_vspsub:Error in specification of subcircuit master. Assert is ignored. {"history": "Interactive.53", "point": 1, "testname": "PSS_VIN", "cornername": "Nominal"}
[2026-05-14 18:14:46.680 Z] [WARN] [cadence.virtuoso.ade.simulationMonitor] -     WARNING (SPECTRE-16460): SOAC_cvarm_vbs:Specified subcircuit master `cvarm' was not found. {"history": "Interactive.53", "point": 1, "testname": "PSS_VIN", "cornername": "Nominal"}
[2026-05-14 18:14:46.680 Z] [WARN] [cadence.virtuoso.ade.simulationMonitor] -     WARNING (SPECTRE-16462): SOAC_cvarm_vbs:Error in specification of subcircuit master. Assert is ignored. {"history": "Interactive.53", "point": 1, "testname": "PSS_VIN", "cornername": "Nominal"}
[2026-05-14 18:14:46.680 Z] [WARN] [cadence.virtuoso.ade.simulationMonitor] -     WARNING (SPECTRE-16460): SOAC_cvarm_vgb:Specified subcircuit master `cvarm' was not found. {"history": "Interactive.53", "point": 1, "testname": "PSS_VIN", "cornername": "Nominal"}
[2026-05-14 18:14:46.680 Z] [WARN] [cadence.virtuoso.ade.simulationMonitor] -     WARNING (SPECTRE-16462): SOAC_cvarm_vgb:Error in specification of subcircuit master. Assert is ignored. {"history": "Interactive.53", "point": 1, "testname": "PSS_VIN", "cornername": "Nominal"}
[2026-05-14 18:14:46.680 Z] [WARN] [cadence.virtuoso.ade.simulationMonitor] -     WARNING (SPECTRE-16460): SOAC_cvart_vspsub:Specified subcircuit master `cvart' was not found. {"history": "Interactive.53", "point": 1, "testname": "PSS_VIN", "cornername": "Nominal"}
[2026-05-14 18:14:46.680 Z] [WARN] [cadence.virtuoso.ade.simulationMonitor] -     WARNING (SPECTRE-16462): SOAC_cvart_vspsub:Error in specification of subcircuit master. Assert is ignored. {"history": "Interactive.53", "point": 1, "testname": "PSS_VIN", "cornername": "Nominal"}
[2026-05-14 18:14:46.680 Z] [WARN] [cadence.virtuoso.ade.simulationMonitor] -     WARNING (SPECTRE-16460): SOAC_cvart_vbs:Specified subcircuit master `cvart' was not found.
        Further occurrences of this warning will be suppressed. {"history": "Interactive.53", "point": 1, "testname": "PSS_VIN", "cornername": "Nominal"}
[2026-05-14 18:14:46.680 Z] [WARN] [cadence.virtuoso.ade.simulationMonitor] -     WARNING (SPECTRE-16462): SOAC_cvart_vbs:Error in specification of subcircuit master. Assert is ignored.
        Further occurrences of this warning will be suppressed. {"history": "Interactive.53", "point": 1, "testname": "PSS_VIN", "cornername": "Nominal"}
[2026-05-14 18:14:46.680 Z] [WARN] [cadence.virtuoso.ade.simulationMonitor] -     WARNING (SPECTRE-17607): Assert `SOAC_cvar_vspsub' is ignored because it contains an expression which is invalid or not supported by native evaluator.  {"history": "Interactive.53", "point": 1, "testname": "PSS_VIN", "cornername": "Nominal"}
[2026-05-14 18:14:46.680 Z] [WARN] [cadence.virtuoso.ade.simulationMonitor] -     WARNING (SPECTRE-17607): Assert `SOAC_cvar_vbpsub' is ignored because it contains an expression which is invalid or not supported by native evaluator.  {"history": "Interactive.53", "point": 1, "testname": "PSS_VIN", "cornername": "Nominal"}
[2026-05-14 18:14:46.680 Z] [WARN] [cadence.virtuoso.ade.simulationMonitor] -     WARNING (SPECTRE-17607): Assert `SOAC_cvar_vgpsub' is ignored because it contains an expression which is invalid or not supported by native evaluator. 
        Further occurrences of this warning will be suppressed. {"history": "Interactive.53", "point": 1, "testname": "PSS_VIN", "cornername": "Nominal"}
[2026-05-14 18:14:46.680 Z] [INFO] [cadence.virtuoso.ade.simulationMonitor] - Notice from spectre during topology check.
    Only one connection to node `I19.I4.net3'.
    No DC path from node `I19.I4.net3' to ground, Gmin installed to provide path. {"history": "Interactive.53", "point": 1, "testname": "PSS_VIN", "cornername": "Nominal"}
[2026-05-14 18:14:46.680 Z] [WARN] [cadence.virtuoso.ade.simulationMonitor] -     WARNING (SPECTRE-7): No DC path from node `I19.I4.net5' to ground. {"history": "Interactive.53", "point": 1, "testname": "PSS_VIN", "cornername": "Nominal"}
[2026-05-14 18:14:46.680 Z] [INFO] [cadence.virtuoso.ade.simulationMonitor] - Notice from spectre during initial setup.
    Multithreading is disabled due to the size of the design being too small. {"history": "Interactive.53", "point": 1, "testname": "PSS_VIN", "cornername": "Nominal"}
[2026-05-14 18:14:46.680 Z] [WARN] [cadence.virtuoso.ade.simulationMonitor] -     WARNING (SPECTRE-592): Following parameters are disabled because they are ignored or redefined in Spectre X:
        Option Parameters:
          reltol
        
        PSS Parameters:
          errpreset {"history": "Interactive.53", "point": 1, "testname": "PSS_VIN", "cornername": "Nominal"}
[2026-05-14 18:14:46.681 Z] [INFO] [cadence.virtuoso.ade.simulationMonitor] -               nodes 715 {"history": "Interactive.53", "point": 1, "testname": "PSS_VIN", "cornername": "Nominal"}
[2026-05-14 18:14:46.681 Z] [INFO] [cadence.virtuoso.ade.simulationMonitor] - Notice from spectre during initial setup.
    4 vsources are shorted because their absolute value is less than or equal to 'vabsshort'.
    Spectre X preset=vx enabled.
    19 notices suppressed.
    160 warnings suppressed. {"history": "Interactive.53", "point": 1, "testname": "PSS_VIN", "cornername": "Nominal"}
[2026-05-14 18:14:46.681 Z] [INFO] [cadence.virtuoso.ade.simulationMonitor] - Peak resident memory used = 216 Mbytes. {"history": "Interactive.53", "point": 1, "testname": "PSS_VIN", "cornername": "Nominal"}
[2026-05-14 18:14:46.681 Z] [INFO] [cadence.virtuoso.ade.simulationMonitor] -    -   (Spectre X) Multi-threading. The recommended number of threads is 1, consider adding +mt=1 on command line. {"history": "Interactive.53", "point": 1, "testname": "PSS_VIN", "cornername": "Nominal"}
[2026-05-14 18:14:46.681 Z] [INFO] [cadence.virtuoso.ade.simulationMonitor] - Notice from spectre during DC analysis `dcOp'.
    No checklimit analysis defined for asserts. A default checklimit analysis 'SpectreChecklimitAnal' has been created with all asserts enabled. {"history": "Interactive.53", "point": 1, "testname": "PSS_VIN", "cornername": "Nominal"}
[2026-05-14 18:14:46.681 Z] [INFO] [cadence.virtuoso.ade.simulationMonitor] - Notice from spectre during DC analysis `dcOp'.
    GminDC = 1 pS is large enough to noticeably affect the DC solution.
        dV(I19.I14.C1.s1) = 2.58856 mV
        Use the `gmin_check' option to eliminate or expand this report.
    Bad pivoting is found during DC analysis. Option dc_pivot_check=yes is recommended for possible improvement of convergence. {"history": "Interactive.53", "point": 1, "testname": "PSS_VIN", "cornername": "Nominal"}
[2026-05-14 18:14:46.681 Z] [WARN] [cadence.virtuoso.ade.simulationMonitor] -     WARNING (CMI-2943): Parameter checks have been ignored because the valid value for parameter 'trise' could not be found in 'C0'. {"history": "Interactive.53", "point": 1, "testname": "PSS_VIN", "cornername": "Nominal"}
[2026-05-14 18:14:46.681 Z] [WARN] [cadence.virtuoso.ade.simulationMonitor] -     WARNING (CMI-2943): Parameter checks have been ignored because the valid value for parameter 'trise' could not be found in 'C3'. {"history": "Interactive.53", "point": 1, "testname": "PSS_VIN", "cornername": "Nominal"}
[2026-05-14 18:14:46.681 Z] [WARN] [cadence.virtuoso.ade.simulationMonitor] -     WARNING (CMI-2943): Parameter checks have been ignored because the valid value for parameter 'trise' could not be found in 'I19.I4.C9<0>_turbo_m3.C1'. {"history": "Interactive.53", "point": 1, "testname": "PSS_VIN", "cornername": "Nominal"}
[2026-05-14 18:14:46.681 Z] [WARN] [cadence.virtuoso.ade.simulationMonitor] -     WARNING (CMI-2943): Parameter checks have been ignored because the valid value for parameter 'trise' could not be found in 'I19.I4.R1.CM'. {"history": "Interactive.53", "point": 1, "testname": "PSS_VIN", "cornername": "Nominal"}
[2026-05-14 18:14:46.681 Z] [WARN] [cadence.virtuoso.ade.simulationMonitor] -     WARNING (CMI-2943): Parameter checks have been ignored because the valid value for parameter 'trise' could not be found in 'I19.I4.R1.CS1'.
        Further occurrences of this warning will be suppressed. {"history": "Interactive.53", "point": 1, "testname": "PSS_VIN", "cornername": "Nominal"}
[2026-05-14 18:14:46.681 Z] [INFO] [cadence.virtuoso.ade.simulationMonitor] - Total time required for dc analysis `dcOp': CPU = 101.868 ms, elapsed = 117.534 ms, util. = 86.7%. {"history": "Interactive.53", "point": 1, "testname": "PSS_VIN", "cornername": "Nominal"}
[2026-05-14 18:14:46.681 Z] [INFO] [cadence.virtuoso.ade.simulationMonitor] - Peak resident memory used = 228 Mbytes. {"history": "Interactive.53", "point": 1, "testname": "PSS_VIN", "cornername": "Nominal"}
[2026-05-14 18:14:46.681 Z] [INFO] [cadence.virtuoso.ade.simulationMonitor] - Notice from spectre.
    192 warnings suppressed. {"history": "Interactive.53", "point": 1, "testname": "PSS_VIN", "cornername": "Nominal"}
[2026-05-14 18:14:47.181 Z] [WARN] [cadence.virtuoso.ade.simulationMonitor] -     WARNING (CMI-2425): I19.I0.C2: `Acde' = 2.393 is unusually large. {"history": "Interactive.53", "point": 1, "testname": "PSS_VIN", "cornername": "Nominal"}
[2026-05-14 18:14:47.182 Z] [WARN] [cadence.virtuoso.ade.simulationMonitor] -     WARNING (CMI-2425): I19.I0.C2: `Noff' = 4.732 is unusually large. {"history": "Interactive.53", "point": 1, "testname": "PSS_VIN", "cornername": "Nominal"}
[2026-05-14 18:14:47.182 Z] [WARN] [cadence.virtuoso.ade.simulationMonitor] -     WARNING (CMI-2424): I19.I0.C2: `Voffcv' = -867.4e-03 is unusually small. {"history": "Interactive.53", "point": 1, "testname": "PSS_VIN", "cornername": "Nominal"}
[2026-05-14 18:14:47.182 Z] [WARN] [cadence.virtuoso.ade.simulationMonitor] -     WARNING (CMI-2425): I19.I0.C0: `Acde' = 2.393 is unusually large. {"history": "Interactive.53", "point": 1, "testname": "PSS_VIN", "cornername": "Nominal"}
[2026-05-14 18:14:47.182 Z] [WARN] [cadence.virtuoso.ade.simulationMonitor] -     WARNING (CMI-2425): I19.I0.C0: `Noff' = 4.732 is unusually large. {"history": "Interactive.53", "point": 1, "testname": "PSS_VIN", "cornername": "Nominal"}
[2026-05-14 18:14:47.182 Z] [WARN] [cadence.virtuoso.ade.simulationMonitor] -     WARNING (CMI-2424): I19.I0.C0: `Voffcv' = -867.4e-03 is unusually small. {"history": "Interactive.53", "point": 1, "testname": "PSS_VIN", "cornername": "Nominal"}
[2026-05-14 18:14:47.182 Z] [WARN] [cadence.virtuoso.ade.simulationMonitor] -     WARNING (CMI-2425): I19.I0.I3.C1: `Acde' = 2.393 is unusually large.
        Further occurrences of this warning will be suppressed. {"history": "Interactive.53", "point": 1, "testname": "PSS_VIN", "cornername": "Nominal"}
[2026-05-14 18:14:47.182 Z] [WARN] [cadence.virtuoso.ade.simulationMonitor] -     WARNING (CMI-2424): I19.I0.I3.C1: `Voffcv' = -867.4e-03 is unusually small. {"history": "Interactive.53", "point": 1, "testname": "PSS_VIN", "cornername": "Nominal"}
[2026-05-14 18:14:47.183 Z] [WARN] [cadence.virtuoso.ade.simulationMonitor] -     WARNING (CMI-2424): I19.I0.C1<0>_turbo_m5: `Voffcv' = -867.4e-03 is unusually small. {"history": "Interactive.53", "point": 1, "testname": "PSS_VIN", "cornername": "Nominal"}
[2026-05-14 18:14:47.183 Z] [WARN] [cadence.virtuoso.ade.simulationMonitor] -     WARNING (CMI-2424): I19.I14.C5: `Voffcv' = -867.4e-03 is unusually small.
        Further occurrences of this warning will be suppressed. {"history": "Interactive.53", "point": 1, "testname": "PSS_VIN", "cornername": "Nominal"}
[2026-05-14 18:14:47.183 Z] [INFO] [cadence.virtuoso.ade.simulationMonitor] - Notice from spectre during IC analysis, during periodic steady state analysis `pss'.
    GminDC = 1 pS is large enough to noticeably affect the DC solution.
        dV(I19.I14.C1.d1) = 2.58848 mV
        Use the `gmin_check' option to eliminate or expand this report.
    Bad pivoting is found during DC analysis. Option dc_pivot_check=yes is recommended for possible improvement of convergence. {"history": "Interactive.53", "point": 1, "testname": "PSS_VIN", "cornername": "Nominal"}
[2026-05-14 18:14:47.183 Z] [WARN] [cadence.virtuoso.ade.simulationMonitor] -     WARNING (CMI-2943): Parameter checks have been ignored because the valid value for parameter 'trise' could not be found in 'C0'. {"history": "Interactive.53", "point": 1, "testname": "PSS_VIN", "cornername": "Nominal"}
[2026-05-14 18:14:47.183 Z] [WARN] [cadence.virtuoso.ade.simulationMonitor] -     WARNING (CMI-2943): Parameter checks have been ignored because the valid value for parameter 'trise' could not be found in 'C3'. {"history": "Interactive.53", "point": 1, "testname": "PSS_VIN", "cornername": "Nominal"}
[2026-05-14 18:14:47.183 Z] [WARN] [cadence.virtuoso.ade.simulationMonitor] -     WARNING (CMI-2943): Parameter checks have been ignored because the valid value for parameter 'trise' could not be found in 'I19.I4.C9<0>_turbo_m3.C1'. {"history": "Interactive.53", "point": 1, "testname": "PSS_VIN", "cornername": "Nominal"}
[2026-05-14 18:14:47.183 Z] [WARN] [cadence.virtuoso.ade.simulationMonitor] -     WARNING (CMI-2943): Parameter checks have been ignored because the valid value for parameter 'trise' could not be found in 'I19.I4.R1.CM'. {"history": "Interactive.53", "point": 1, "testname": "PSS_VIN", "cornername": "Nominal"}
[2026-05-14 18:14:47.183 Z] [WARN] [cadence.virtuoso.ade.simulationMonitor] -     WARNING (CMI-2943): Parameter checks have been ignored because the valid value for parameter 'trise' could not be found in 'I19.I4.R1.CS1'.
        Further occurrences of this warning will be suppressed. {"history": "Interactive.53", "point": 1, "testname": "PSS_VIN", "cornername": "Nominal"}
[2026-05-14 18:14:47.183 Z] [INFO] [cadence.virtuoso.ade.simulationMonitor] - Notice from spectre at time = 296.601 ns during periodic steady state analysis `pss'.
    Found trapezoidal ringing on node I19.I2.R2.net9. {"history": "Interactive.53", "point": 1, "testname": "PSS_VIN", "cornername": "Nominal"}
[2026-05-14 18:14:47.184 Z] [INFO] [cadence.virtuoso.ade.simulationMonitor] - Notice from spectre at time = 449.329 ns during periodic steady state analysis `pss'.
    Found trapezoidal ringing on node I19.I2.R2.net9. {"history": "Interactive.53", "point": 1, "testname": "PSS_VIN", "cornername": "Nominal"}
[2026-05-14 18:14:47.184 Z] [INFO] [cadence.virtuoso.ade.simulationMonitor] - Notice from spectre at time = 690.492 ns during periodic steady state analysis `pss'.
    Found trapezoidal ringing on node I19.I2.R2.net9. {"history": "Interactive.53", "point": 1, "testname": "PSS_VIN", "cornername": "Nominal"}
[2026-05-14 18:14:47.184 Z] [INFO] [cadence.virtuoso.ade.simulationMonitor] - Notice from spectre at time = 1.11711 us during periodic steady state analysis `pss'.
    Found trapezoidal ringing on node I19.I2.R2.net9. {"history": "Interactive.53", "point": 1, "testname": "PSS_VIN", "cornername": "Nominal"}
[2026-05-14 18:14:47.184 Z] [INFO] [cadence.virtuoso.ade.simulationMonitor] - Notice from spectre at time = 1.784 us during periodic steady state analysis `pss'.
    Found trapezoidal ringing on node I19.I2.R2.net9.
        Further occurrences of this notice will be suppressed. {"history": "Interactive.53", "point": 1, "testname": "PSS_VIN", "cornername": "Nominal"}
[2026-05-14 18:14:48.684 Z] [INFO] [cadence.virtuoso.ade.simulationMonitor] - Total time required for tstab analysis `pss': CPU = 1.64298 s, elapsed = 1.64316 s. {"history": "Interactive.53", "point": 1, "testname": "PSS_VIN", "cornername": "Nominal"}
[2026-05-14 18:14:48.684 Z] [INFO] [cadence.virtuoso.ade.simulationMonitor] - Peak resident memory used = 233 Mbytes. {"history": "Interactive.53", "point": 1, "testname": "PSS_VIN", "cornername": "Nominal"}
[2026-05-14 18:14:48.685 Z] [INFO] [cadence.virtuoso.ade.simulationMonitor] - Notice from spectre during periodic steady state analysis `pss'.
    203 warnings suppressed. {"history": "Interactive.53", "point": 1, "testname": "PSS_VIN", "cornername": "Nominal"}
[2026-05-14 18:15:08.191 Z] [INFO] [cadence.virtuoso.ade.simulationMonitor] - Notice from spectre during periodic steady state analysis `pss'.
    Trapezoidal ringing is detected during pss analysis.
        Please use method=trap for better results and performance. {"history": "Interactive.53", "point": 1, "testname": "PSS_VIN", "cornername": "Nominal"}
[2026-05-14 18:15:08.191 Z] [INFO] [cadence.virtuoso.ade.simulationMonitor] - Total time required for pss analysis `pss': CPU = 21.3074 s, elapsed = 21.3391 s, util. = 99.9%. {"history": "Interactive.53", "point": 1, "testname": "PSS_VIN", "cornername": "Nominal"}
[2026-05-14 18:15:08.192 Z] [INFO] [cadence.virtuoso.ade.simulationMonitor] - Peak resident memory used = 558 Mbytes. {"history": "Interactive.53", "point": 1, "testname": "PSS_VIN", "cornername": "Nominal"}
[2026-05-14 18:15:08.192 Z] [INFO] [cadence.virtuoso.ade.simulationMonitor] - Notice from spectre.
    587 notices suppressed. {"history": "Interactive.53", "point": 1, "testname": "PSS_VIN", "cornername": "Nominal"}
[2026-05-14 18:15:08.193 Z] [WARN] [cadence.virtuoso.ade.simulationMonitor] -     WARNING (CMI-2425): I19.I14.C1: `Acde' = 2.393 is unusually large. {"history": "Interactive.53", "point": 1, "testname": "PSS_VIN", "cornername": "Nominal"}
[2026-05-14 18:15:08.193 Z] [WARN] [cadence.virtuoso.ade.simulationMonitor] -     WARNING (CMI-2425): I19.I14.C1: `Noff' = 4.732 is unusually large. {"history": "Interactive.53", "point": 1, "testname": "PSS_VIN", "cornername": "Nominal"}
[2026-05-14 18:15:08.194 Z] [WARN] [cadence.virtuoso.ade.simulationMonitor] -     WARNING (CMI-2424): I19.I14.C1: `Voffcv' = -867.4e-03 is unusually small. {"history": "Interactive.53", "point": 1, "testname": "PSS_VIN", "cornername": "Nominal"}
[2026-05-14 18:15:08.194 Z] [WARN] [cadence.virtuoso.ade.simulationMonitor] -     WARNING (CMI-2425): I19.I14.C4: `Acde' = 2.393 is unusually large. {"history": "Interactive.53", "point": 1, "testname": "PSS_VIN", "cornername": "Nominal"}
[2026-05-14 18:15:08.194 Z] [WARN] [cadence.virtuoso.ade.simulationMonitor] -     WARNING (CMI-2425): I19.I14.C4: `Noff' = 4.732 is unusually large. {"history": "Interactive.53", "point": 1, "testname": "PSS_VIN", "cornername": "Nominal"}
[2026-05-14 18:15:08.195 Z] [WARN] [cadence.virtuoso.ade.simulationMonitor] -     WARNING (CMI-2424): I19.I14.C4: `Voffcv' = -867.4e-03 is unusually small. {"history": "Interactive.53", "point": 1, "testname": "PSS_VIN", "cornername": "Nominal"}
[2026-05-14 18:15:08.195 Z] [WARN] [cadence.virtuoso.ade.simulationMonitor] -     WARNING (CMI-2425): I19.I14.C5: `Acde' = 2.393 is unusually large.
        Further occurrences of this warning will be suppressed. {"history": "Interactive.53", "point": 1, "testname": "PSS_VIN", "cornername": "Nominal"}
[2026-05-14 18:15:08.196 Z] [WARN] [cadence.virtuoso.ade.simulationMonitor] -     WARNING (CMI-2424): I19.I14.C5: `Voffcv' = -867.4e-03 is unusually small. {"history": "Interactive.53", "point": 1, "testname": "PSS_VIN", "cornername": "Nominal"}
[2026-05-14 18:15:08.196 Z] [WARN] [cadence.virtuoso.ade.simulationMonitor] -     WARNING (CMI-2424): I19.I0.C1<0>_turbo_m5: `Voffcv' = -867.4e-03 is unusually small. {"history": "Interactive.53", "point": 1, "testname": "PSS_VIN", "cornername": "Nominal"}
[2026-05-14 18:15:08.196 Z] [WARN] [cadence.virtuoso.ade.simulationMonitor] -     WARNING (CMI-2424): I19.I0.I3.C1: `Voffcv' = -867.4e-03 is unusually small.
        Further occurrences of this warning will be suppressed. {"history": "Interactive.53", "point": 1, "testname": "PSS_VIN", "cornername": "Nominal"}
[2026-05-14 18:15:08.197 Z] [INFO] [cadence.virtuoso.ade.simulationMonitor] - Notice from spectre.
    11 warnings suppressed. {"history": "Interactive.53", "point": 1, "testname": "PSS_VIN", "cornername": "Nominal"}
[2026-05-14 18:15:08.197 Z] [WARN] [cadence.virtuoso.ade.simulationMonitor] -     WARNING (CMI-2425): I19.I0.C1<0>_dummy: `Acde' = 2.393 is unusually large. {"history": "Interactive.53", "point": 1, "testname": "PSS_VIN", "cornername": "Nominal"}
[2026-05-14 18:15:08.198 Z] [WARN] [cadence.virtuoso.ade.simulationMonitor] -     WARNING (CMI-2425): I19.I0.C1<0>_dummy: `Noff' = 4.732 is unusually large. {"history": "Interactive.53", "point": 1, "testname": "PSS_VIN", "cornername": "Nominal"}
[2026-05-14 18:15:08.198 Z] [WARN] [cadence.virtuoso.ade.simulationMonitor] -     WARNING (CMI-2424): I19.I0.C1<0>_dummy: `Voffcv' = -867.4e-03 is unusually small. {"history": "Interactive.53", "point": 1, "testname": "PSS_VIN", "cornername": "Nominal"}
[2026-05-14 18:15:08.199 Z] [INFO] [cadence.virtuoso.ade.simulationMonitor] - Time used: CPU = 21.8 s, elapsed = 22.8 s, util. = 95.6%. {"history": "Interactive.53", "point": 1, "testname": "PSS_VIN", "cornername": "Nominal"}
[2026-05-14 18:15:08.199 Z] [INFO] [cadence.virtuoso.ade.simulationMonitor] - Time spent in licensing: elapsed = 50.8 ms. {"history": "Interactive.53", "point": 1, "testname": "PSS_VIN", "cornername": "Nominal"}
[2026-05-14 18:15:08.200 Z] [INFO] [cadence.virtuoso.ade.simulationMonitor] - Peak memory used = 557 Mbytes. {"history": "Interactive.53", "point": 1, "testname": "PSS_VIN", "cornername": "Nominal"}
[2026-05-14 18:15:08.200 Z] [PROCESS] [cadence.virtuoso.ade.simulationMonitor] - Simulation started at: 6:14:45 PM, Thur May 14, 2026, ended at: 6:15:08 PM, Thur May 14, 2026, with elapsed time (wall clock): 22.8 s. {"history": "Interactive.53", "point": 1, "testname": "PSS_VIN", "cornername": "Nominal"}
[2026-05-14 18:15:08.200 Z] [PROCESS] [cadence.virtuoso.ade.simulationMonitor] - spectre completes with 0 errors, 91 warnings, and 33 notices. {"history": "Interactive.53", "point": 1, "testname": "PSS_VIN", "cornername": "Nominal"}
[2026-05-14 18:15:08.201 Z] [PROCESS] [cadence.virtuoso.ade.simulationMonitor] - Finished simulating for one point {"hostname": "edatools", "processid": 703335, "history": "Interactive.53", "testname": "PSS_VIN", "cornername": "Nominal", "point": 1, "logfile": "/home/saul/projects/IL2244_VT26_SAUL/logs_saul/logs0/Job28.log", "simid": "1"}
[2026-05-14 18:15:08.201 Z] [PROCESS] [cadence.virtuoso.ade.simulationMonitor] - Simulator exited {"hostname": "edatools", "processid": 703335, "history": "Interactive.53", "testname": "PSS_VIN", "cornername": "Nominal", "point": 1, "logfile": "/home/saul/projects/IL2244_VT26_SAUL/logs_saul/logs0/Job28.log", "exitStatus": "0"}
[2026-05-14 18:15:08.201 Z] [PROCESS] [cadence.virtuoso.ade.simulationMonitor] - Finished Simulation {"hostname": "edatools", "processid": 703335, "history": "Interactive.53", "testname": "PSS_VIN", "cornername": "Nominal", "point": 1, "logfile": "/home/saul/projects/IL2244_VT26_SAUL/logs_saul/logs0/Job28.log", "simid": "1"}
[2026-05-14 18:15:09.218 Z] [PROCESS] [cadence.virtuoso.ade.simulationMonitor] - Point Finished {"hostname": "edatools", "processid": 703335, "history": "Interactive.53", "testname": "PSS_VIN", "cornername": "Nominal", "point": 1, "logfile": "/home/saul/projects/IL2244_VT26_SAUL/logs_saul/logs0/Job28.log"}
[2026-05-14 18:15:10.221 Z] [PROCESS] [cadence.virtuoso.ade.simulationMonitor] - Stay with the runId '6', Linger time '300', currentRunSyn '39', currentTestSyn '38' {"hostname": "edatools", "processid": 703335, "history": "Interactive.53", "testname": "PSS_VIN", "cornername": "Nominal", "point": 1, "logfile": "/home/saul/projects/IL2244_VT26_SAUL/logs_saul/logs0/Job28.log"}
[2026-05-14 18:15:11.231 Z] [PROCESS] [cadence.virtuoso.ade.simulationMonitor] - Padding test token found for runId '6', Linger time '300', currentRunSyn '40', currentTestSyn '39' {"hostname": "edatools", "processid": 703335, "history": "Interactive.53", "testname": "PSS_VIN", "cornername": "Nominal", "point": 1, "logfile": "/home/saul/projects/IL2244_VT26_SAUL/logs_saul/logs0/Job28.log"}
[2026-05-14 18:15:11.238 Z] [PROCESS] [cadence.virtuoso.ade.simulationMonitor] - Padding test token found for runId '6', Linger time '300', currentRunSyn '40', currentTestSyn '39' {"hostname": "edatools", "processid": 703335, "history": "Interactive.53", "testname": "PSS_VIN", "cornername": "Nominal", "point": 1, "logfile": "/home/saul/projects/IL2244_VT26_SAUL/logs_saul/logs0/Job28.log"}
[2026-05-14 18:15:11.275 Z] [PROCESS] [cadence.virtuoso.ade.simulationMonitor] - Padding test token found for runId '6', Linger time '300', currentRunSyn '40', currentTestSyn '39' {"hostname": "edatools", "processid": 703335, "history": "Interactive.53", "testname": "PSS_VIN", "cornername": "Nominal", "point": 1, "logfile": "/home/saul/projects/IL2244_VT26_SAUL/logs_saul/logs0/Job28.log"}
[2026-05-14 18:15:11.457 Z] [PROCESS] [cadence.virtuoso.ade.simulationMonitor] - Padding test token found for runId '6', Linger time '300', currentRunSyn '40', currentTestSyn '39' {"hostname": "edatools", "processid": 703335, "history": "Interactive.53", "testname": "PSS_VIN", "cornername": "Nominal", "point": 1, "logfile": "/home/saul/projects/IL2244_VT26_SAUL/logs_saul/logs0/Job28.log"}
[2026-05-14 18:15:12.467 Z] [PROCESS] [cadence.virtuoso.ade.simulationMonitor] - Padding test token found for runId '6', Linger time '300', currentRunSyn '40', currentTestSyn '39' {"hostname": "edatools", "processid": 703335, "history": "Interactive.53", "testname": "PSS_VIN", "cornername": "Nominal", "point": 1, "logfile": "/home/saul/projects/IL2244_VT26_SAUL/logs_saul/logs0/Job28.log"}
[2026-05-14 18:15:14.007 Z] [PROCESS] [cadence.virtuoso.ade.simulationMonitor] - Stay with the runId '6', Linger time '300', currentRunSyn '40', currentTestSyn '39' {"hostname": "edatools", "processid": 703335, "history": "Interactive.53", "testname": "PSS_VIN", "cornername": "Nominal", "point": 1, "logfile": "/home/saul/projects/IL2244_VT26_SAUL/logs_saul/logs0/Job28.log"}
[2026-05-14 18:15:15.016 Z] [PROCESS] [cadence.virtuoso.ade.simulationMonitor] - Stay with the runId '6', Linger time '300', currentRunSyn '40', currentTestSyn '39' {"hostname": "edatools", "processid": 703335, "history": "Interactive.53", "testname": "PSS_VIN", "cornername": "Nominal", "point": 1, "logfile": "/home/saul/projects/IL2244_VT26_SAUL/logs_saul/logs0/Job28.log"}
[2026-05-14 18:15:16.023 Z] [PROCESS] [cadence.virtuoso.ade.simulationMonitor] - Stay with the runId '6', Linger time '300', currentRunSyn '40', currentTestSyn '39' {"hostname": "edatools", "processid": 703335, "history": "Interactive.53", "testname": "PSS_VIN", "cornername": "Nominal", "point": 1, "logfile": "/home/saul/projects/IL2244_VT26_SAUL/logs_saul/logs0/Job28.log"}
[2026-05-14 18:15:17.025 Z] [PROCESS] [cadence.virtuoso.ade.simulationMonitor] - Stay with the runId '6', Linger time '300', currentRunSyn '40', currentTestSyn '39' {"hostname": "edatools", "processid": 703335, "history": "Interactive.53", "testname": "PSS_VIN", "cornername": "Nominal", "point": 1, "logfile": "/home/saul/projects/IL2244_VT26_SAUL/logs_saul/logs0/Job28.log"}
[2026-05-14 18:15:18.025 Z] [PROCESS] [cadence.virtuoso.ade.simulationMonitor] - Stay with the runId '6', Linger time '300', currentRunSyn '40', currentTestSyn '39' {"hostname": "edatools", "processid": 703335, "history": "Interactive.53", "testname": "PSS_VIN", "cornername": "Nominal", "point": 1, "logfile": "/home/saul/projects/IL2244_VT26_SAUL/logs_saul/logs0/Job28.log"}
[2026-05-14 18:15:19.032 Z] [PROCESS] [cadence.virtuoso.ade.simulationMonitor] - Stay with the runId '6', Linger time '300', currentRunSyn '40', currentTestSyn '39' {"hostname": "edatools", "processid": 703335, "history": "Interactive.53", "testname": "PSS_VIN", "cornername": "Nominal", "point": 1, "logfile": "/home/saul/projects/IL2244_VT26_SAUL/logs_saul/logs0/Job28.log"}
[2026-05-14 18:15:20.035 Z] [PROCESS] [cadence.virtuoso.ade.simulationMonitor] - Stay with the runId '6', Linger time '300', currentRunSyn '40', currentTestSyn '39' {"hostname": "edatools", "processid": 703335, "history": "Interactive.53", "testname": "PSS_VIN", "cornername": "Nominal", "point": 1, "logfile": "/home/saul/projects/IL2244_VT26_SAUL/logs_saul/logs0/Job28.log"}
[2026-05-14 18:15:21.042 Z] [PROCESS] [cadence.virtuoso.ade.simulationMonitor] - Stay with the runId '6', Linger time '300', currentRunSyn '40', currentTestSyn '39' {"hostname": "edatools", "processid": 703335, "history": "Interactive.53", "testname": "PSS_VIN", "cornername": "Nominal", "point": 1, "logfile": "/home/saul/projects/IL2244_VT26_SAUL/logs_saul/logs0/Job28.log"}
[2026-05-14 18:15:22.041 Z] [PROCESS] [cadence.virtuoso.ade.simulationMonitor] - Stay with the runId '6', Linger time '300', currentRunSyn '40', currentTestSyn '39' {"hostname": "edatools", "processid": 703335, "history": "Interactive.53", "testname": "PSS_VIN", "cornername": "Nominal", "point": 1, "logfile": "/home/saul/projects/IL2244_VT26_SAUL/logs_saul/logs0/Job28.log"}
[2026-05-14 18:15:23.046 Z] [PROCESS] [cadence.virtuoso.ade.simulationMonitor] - Stay with the runId '6', Linger time '300', currentRunSyn '40', currentTestSyn '39' {"hostname": "edatools", "processid": 703335, "history": "Interactive.53", "testname": "PSS_VIN", "cornername": "Nominal", "point": 1, "logfile": "/home/saul/projects/IL2244_VT26_SAUL/logs_saul/logs0/Job28.log"}
[2026-05-14 18:15:24.050 Z] [PROCESS] [cadence.virtuoso.ade.simulationMonitor] - Stay with the runId '6', Linger time '300', currentRunSyn '40', currentTestSyn '39' {"hostname": "edatools", "processid": 703335, "history": "Interactive.53", "testname": "PSS_VIN", "cornername": "Nominal", "point": 1, "logfile": "/home/saul/projects/IL2244_VT26_SAUL/logs_saul/logs0/Job28.log"}
[2026-05-14 18:15:25.054 Z] [PROCESS] [cadence.virtuoso.ade.simulationMonitor] - Stay with the runId '6', Linger time '300', currentRunSyn '40', currentTestSyn '39' {"hostname": "edatools", "processid": 703335, "history": "Interactive.53", "testname": "PSS_VIN", "cornername": "Nominal", "point": 1, "logfile": "/home/saul/projects/IL2244_VT26_SAUL/logs_saul/logs0/Job28.log"}
[2026-05-14 18:15:26.057 Z] [PROCESS] [cadence.virtuoso.ade.simulationMonitor] - Stay with the runId '6', Linger time '300', currentRunSyn '40', currentTestSyn '39' {"hostname": "edatools", "processid": 703335, "history": "Interactive.53", "testname": "PSS_VIN", "cornername": "Nominal", "point": 1, "logfile": "/home/saul/projects/IL2244_VT26_SAUL/logs_saul/logs0/Job28.log"}
[2026-05-14 18:15:27.059 Z] [PROCESS] [cadence.virtuoso.ade.simulationMonitor] - Stay with the runId '6', Linger time '300', currentRunSyn '40', currentTestSyn '39' {"hostname": "edatools", "processid": 703335, "history": "Interactive.53", "testname": "PSS_VIN", "cornername": "Nominal", "point": 1, "logfile": "/home/saul/projects/IL2244_VT26_SAUL/logs_saul/logs0/Job28.log"}
[2026-05-14 18:15:28.066 Z] [PROCESS] [cadence.virtuoso.ade.simulationMonitor] - Stay with the runId '6', Linger time '300', currentRunSyn '40', currentTestSyn '39' {"hostname": "edatools", "processid": 703335, "history": "Interactive.53", "testname": "PSS_VIN", "cornername": "Nominal", "point": 1, "logfile": "/home/saul/projects/IL2244_VT26_SAUL/logs_saul/logs0/Job28.log"}
[2026-05-14 18:15:29.067 Z] [PROCESS] [cadence.virtuoso.ade.simulationMonitor] - Stay with the runId '6', Linger time '300', currentRunSyn '40', currentTestSyn '39' {"hostname": "edatools", "processid": 703335, "history": "Interactive.53", "testname": "PSS_VIN", "cornername": "Nominal", "point": 1, "logfile": "/home/saul/projects/IL2244_VT26_SAUL/logs_saul/logs0/Job28.log"}
[2026-05-14 18:15:30.068 Z] [PROCESS] [cadence.virtuoso.ade.simulationMonitor] - Stay with the runId '6', Linger time '300', currentRunSyn '40', currentTestSyn '39' {"hostname": "edatools", "processid": 703335, "history": "Interactive.53", "testname": "PSS_VIN", "cornername": "Nominal", "point": 1, "logfile": "/home/saul/projects/IL2244_VT26_SAUL/logs_saul/logs0/Job28.log"}
[2026-05-14 18:15:31.075 Z] [PROCESS] [cadence.virtuoso.ade.simulationMonitor] - Stay with the runId '6', Linger time '300', currentRunSyn '40', currentTestSyn '39' {"hostname": "edatools", "processid": 703335, "history": "Interactive.53", "testname": "PSS_VIN", "cornername": "Nominal", "point": 1, "logfile": "/home/saul/projects/IL2244_VT26_SAUL/logs_saul/logs0/Job28.log"}
[2026-05-14 18:15:32.078 Z] [PROCESS] [cadence.virtuoso.ade.simulationMonitor] - Stay with the runId '6', Linger time '300', currentRunSyn '40', currentTestSyn '39' {"hostname": "edatools", "processid": 703335, "history": "Interactive.53", "testname": "PSS_VIN", "cornername": "Nominal", "point": 1, "logfile": "/home/saul/projects/IL2244_VT26_SAUL/logs_saul/logs0/Job28.log"}
[2026-05-14 18:15:33.079 Z] [PROCESS] [cadence.virtuoso.ade.simulationMonitor] - Stay with the runId '6', Linger time '300', currentRunSyn '40', currentTestSyn '39' {"hostname": "edatools", "processid": 703335, "history": "Interactive.53", "testname": "PSS_VIN", "cornername": "Nominal", "point": 1, "logfile": "/home/saul/projects/IL2244_VT26_SAUL/logs_saul/logs0/Job28.log"}
[2026-05-14 18:15:34.081 Z] [PROCESS] [cadence.virtuoso.ade.simulationMonitor] - Stay with the runId '6', Linger time '300', currentRunSyn '40', currentTestSyn '39' {"hostname": "edatools", "processid": 703335, "history": "Interactive.53", "testname": "PSS_VIN", "cornername": "Nominal", "point": 1, "logfile": "/home/saul/projects/IL2244_VT26_SAUL/logs_saul/logs0/Job28.log"}
[2026-05-14 18:15:35.087 Z] [PROCESS] [cadence.virtuoso.ade.simulationMonitor] - Stay with the runId '6', Linger time '300', currentRunSyn '40', currentTestSyn '39' {"hostname": "edatools", "processid": 703335, "history": "Interactive.53", "testname": "PSS_VIN", "cornername": "Nominal", "point": 1, "logfile": "/home/saul/projects/IL2244_VT26_SAUL/logs_saul/logs0/Job28.log"}
[2026-05-14 18:15:36.087 Z] [PROCESS] [cadence.virtuoso.ade.simulationMonitor] - Stay with the runId '6', Linger time '300', currentRunSyn '40', currentTestSyn '39' {"hostname": "edatools", "processid": 703335, "history": "Interactive.53", "testname": "PSS_VIN", "cornername": "Nominal", "point": 1, "logfile": "/home/saul/projects/IL2244_VT26_SAUL/logs_saul/logs0/Job28.log"}
[2026-05-14 18:15:37.088 Z] [PROCESS] [cadence.virtuoso.ade.simulationMonitor] - Stay with the runId '6', Linger time '300', currentRunSyn '40', currentTestSyn '39' {"hostname": "edatools", "processid": 703335, "history": "Interactive.53", "testname": "PSS_VIN", "cornername": "Nominal", "point": 1, "logfile": "/home/saul/projects/IL2244_VT26_SAUL/logs_saul/logs0/Job28.log"}
[2026-05-14 18:15:38.095 Z] [PROCESS] [cadence.virtuoso.ade.simulationMonitor] - Stay with the runId '6', Linger time '300', currentRunSyn '40', currentTestSyn '39' {"hostname": "edatools", "processid": 703335, "history": "Interactive.53", "testname": "PSS_VIN", "cornername": "Nominal", "point": 1, "logfile": "/home/saul/projects/IL2244_VT26_SAUL/logs_saul/logs0/Job28.log"}
[2026-05-14 18:15:39.095 Z] [PROCESS] [cadence.virtuoso.ade.simulationMonitor] - Stay with the runId '6', Linger time '300', currentRunSyn '40', currentTestSyn '39' {"hostname": "edatools", "processid": 703335, "history": "Interactive.53", "testname": "PSS_VIN", "cornername": "Nominal", "point": 1, "logfile": "/home/saul/projects/IL2244_VT26_SAUL/logs_saul/logs0/Job28.log"}
[2026-05-14 18:15:40.096 Z] [PROCESS] [cadence.virtuoso.ade.simulationMonitor] - Stay with the runId '6', Linger time '300', currentRunSyn '40', currentTestSyn '39' {"hostname": "edatools", "processid": 703335, "history": "Interactive.53", "testname": "PSS_VIN", "cornername": "Nominal", "point": 1, "logfile": "/home/saul/projects/IL2244_VT26_SAUL/logs_saul/logs0/Job28.log"}
[2026-05-14 18:15:41.103 Z] [PROCESS] [cadence.virtuoso.ade.simulationMonitor] - Stay with the runId '6', Linger time '300', currentRunSyn '40', currentTestSyn '39' {"hostname": "edatools", "processid": 703335, "history": "Interactive.53", "testname": "PSS_VIN", "cornername": "Nominal", "point": 1, "logfile": "/home/saul/projects/IL2244_VT26_SAUL/logs_saul/logs0/Job28.log"}
[2026-05-14 18:15:42.103 Z] [PROCESS] [cadence.virtuoso.ade.simulationMonitor] - Stay with the runId '6', Linger time '300', currentRunSyn '40', currentTestSyn '39' {"hostname": "edatools", "processid": 703335, "history": "Interactive.53", "testname": "PSS_VIN", "cornername": "Nominal", "point": 1, "logfile": "/home/saul/projects/IL2244_VT26_SAUL/logs_saul/logs0/Job28.log"}
[2026-05-14 18:15:43.105 Z] [PROCESS] [cadence.virtuoso.ade.simulationMonitor] - Stay with the runId '6', Linger time '300', currentRunSyn '40', currentTestSyn '39' {"hostname": "edatools", "processid": 703335, "history": "Interactive.53", "testname": "PSS_VIN", "cornername": "Nominal", "point": 1, "logfile": "/home/saul/projects/IL2244_VT26_SAUL/logs_saul/logs0/Job28.log"}
[2026-05-14 18:15:44.109 Z] [PROCESS] [cadence.virtuoso.ade.simulationMonitor] - Stay with the runId '6', Linger time '300', currentRunSyn '40', currentTestSyn '39' {"hostname": "edatools", "processid": 703335, "history": "Interactive.53", "testname": "PSS_VIN", "cornername": "Nominal", "point": 1, "logfile": "/home/saul/projects/IL2244_VT26_SAUL/logs_saul/logs0/Job28.log"}
[2026-05-14 18:15:45.109 Z] [PROCESS] [cadence.virtuoso.ade.simulationMonitor] - Stay with the runId '6', Linger time '300', currentRunSyn '40', currentTestSyn '39' {"hostname": "edatools", "processid": 703335, "history": "Interactive.53", "testname": "PSS_VIN", "cornername": "Nominal", "point": 1, "logfile": "/home/saul/projects/IL2244_VT26_SAUL/logs_saul/logs0/Job28.log"}
[2026-05-14 18:15:46.109 Z] [PROCESS] [cadence.virtuoso.ade.simulationMonitor] - Stay with the runId '6', Linger time '300', currentRunSyn '40', currentTestSyn '39' {"hostname": "edatools", "processid": 703335, "history": "Interactive.53", "testname": "PSS_VIN", "cornername": "Nominal", "point": 1, "logfile": "/home/saul/projects/IL2244_VT26_SAUL/logs_saul/logs0/Job28.log"}
[2026-05-14 18:15:47.116 Z] [PROCESS] [cadence.virtuoso.ade.simulationMonitor] - Stay with the runId '6', Linger time '300', currentRunSyn '40', currentTestSyn '39' {"hostname": "edatools", "processid": 703335, "history": "Interactive.53", "testname": "PSS_VIN", "cornername": "Nominal", "point": 1, "logfile": "/home/saul/projects/IL2244_VT26_SAUL/logs_saul/logs0/Job28.log"}
[2026-05-14 18:15:48.121 Z] [PROCESS] [cadence.virtuoso.ade.simulationMonitor] - Stay with the runId '6', Linger time '300', currentRunSyn '40', currentTestSyn '39' {"hostname": "edatools", "processid": 703335, "history": "Interactive.53", "testname": "PSS_VIN", "cornername": "Nominal", "point": 1, "logfile": "/home/saul/projects/IL2244_VT26_SAUL/logs_saul/logs0/Job28.log"}
[2026-05-14 18:15:49.118 Z] [PROCESS] [cadence.virtuoso.ade.simulationMonitor] - Stay with the runId '6', Linger time '300', currentRunSyn '40', currentTestSyn '39' {"hostname": "edatools", "processid": 703335, "history": "Interactive.53", "testname": "PSS_VIN", "cornername": "Nominal", "point": 1, "logfile": "/home/saul/projects/IL2244_VT26_SAUL/logs_saul/logs0/Job28.log"}
[2026-05-14 18:15:50.122 Z] [PROCESS] [cadence.virtuoso.ade.simulationMonitor] - Stay with the runId '6', Linger time '300', currentRunSyn '40', currentTestSyn '39' {"hostname": "edatools", "processid": 703335, "history": "Interactive.53", "testname": "PSS_VIN", "cornername": "Nominal", "point": 1, "logfile": "/home/saul/projects/IL2244_VT26_SAUL/logs_saul/logs0/Job28.log"}
[2026-05-14 18:15:51.131 Z] [PROCESS] [cadence.virtuoso.ade.simulationMonitor] - Stay with the runId '6', Linger time '300', currentRunSyn '40', currentTestSyn '39' {"hostname": "edatools", "processid": 703335, "history": "Interactive.53", "testname": "PSS_VIN", "cornername": "Nominal", "point": 1, "logfile": "/home/saul/projects/IL2244_VT26_SAUL/logs_saul/logs0/Job28.log"}
[2026-05-14 18:15:52.137 Z] [PROCESS] [cadence.virtuoso.ade.simulationMonitor] - Stay with the runId '6', Linger time '300', currentRunSyn '40', currentTestSyn '39' {"hostname": "edatools", "processid": 703335, "history": "Interactive.53", "testname": "PSS_VIN", "cornername": "Nominal", "point": 1, "logfile": "/home/saul/projects/IL2244_VT26_SAUL/logs_saul/logs0/Job28.log"}
[2026-05-14 18:15:53.137 Z] [PROCESS] [cadence.virtuoso.ade.simulationMonitor] - Stay with the runId '6', Linger time '300', currentRunSyn '40', currentTestSyn '39' {"hostname": "edatools", "processid": 703335, "history": "Interactive.53", "testname": "PSS_VIN", "cornername": "Nominal", "point": 1, "logfile": "/home/saul/projects/IL2244_VT26_SAUL/logs_saul/logs0/Job28.log"}
[2026-05-14 18:15:54.140 Z] [PROCESS] [cadence.virtuoso.ade.simulationMonitor] - Stay with the runId '6', Linger time '300', currentRunSyn '40', currentTestSyn '39' {"hostname": "edatools", "processid": 703335, "history": "Interactive.53", "testname": "PSS_VIN", "cornername": "Nominal", "point": 1, "logfile": "/home/saul/projects/IL2244_VT26_SAUL/logs_saul/logs0/Job28.log"}
[2026-05-14 18:15:55.146 Z] [PROCESS] [cadence.virtuoso.ade.simulationMonitor] - Stay with the runId '6', Linger time '300', currentRunSyn '40', currentTestSyn '39' {"hostname": "edatools", "processid": 703335, "history": "Interactive.53", "testname": "PSS_VIN", "cornername": "Nominal", "point": 1, "logfile": "/home/saul/projects/IL2244_VT26_SAUL/logs_saul/logs0/Job28.log"}
[2026-05-14 18:15:56.153 Z] [PROCESS] [cadence.virtuoso.ade.simulationMonitor] - Stay with the runId '6', Linger time '300', currentRunSyn '40', currentTestSyn '39' {"hostname": "edatools", "processid": 703335, "history": "Interactive.53", "testname": "PSS_VIN", "cornername": "Nominal", "point": 1, "logfile": "/home/saul/projects/IL2244_VT26_SAUL/logs_saul/logs0/Job28.log"}
[2026-05-14 18:15:57.158 Z] [PROCESS] [cadence.virtuoso.ade.simulationMonitor] - Stay with the runId '6', Linger time '300', currentRunSyn '40', currentTestSyn '39' {"hostname": "edatools", "processid": 703335, "history": "Interactive.53", "testname": "PSS_VIN", "cornername": "Nominal", "point": 1, "logfile": "/home/saul/projects/IL2244_VT26_SAUL/logs_saul/logs0/Job28.log"}
[2026-05-14 18:15:58.151 Z] [PROCESS] [cadence.virtuoso.ade.simulationMonitor] - Stay with the runId '6', Linger time '300', currentRunSyn '40', currentTestSyn '39' {"hostname": "edatools", "processid": 703335, "history": "Interactive.53", "testname": "PSS_VIN", "cornername": "Nominal", "point": 1, "logfile": "/home/saul/projects/IL2244_VT26_SAUL/logs_saul/logs0/Job28.log"}
[2026-05-14 18:15:59.156 Z] [PROCESS] [cadence.virtuoso.ade.simulationMonitor] - Stay with the runId '6', Linger time '300', currentRunSyn '40', currentTestSyn '39' {"hostname": "edatools", "processid": 703335, "history": "Interactive.53", "testname": "PSS_VIN", "cornername": "Nominal", "point": 1, "logfile": "/home/saul/projects/IL2244_VT26_SAUL/logs_saul/logs0/Job28.log"}
[2026-05-14 18:16:00.164 Z] [PROCESS] [cadence.virtuoso.ade.simulationMonitor] - Stay with the runId '6', Linger time '300', currentRunSyn '40', currentTestSyn '39' {"hostname": "edatools", "processid": 703335, "history": "Interactive.53", "testname": "PSS_VIN", "cornername": "Nominal", "point": 1, "logfile": "/home/saul/projects/IL2244_VT26_SAUL/logs_saul/logs0/Job28.log"}
[2026-05-14 18:16:01.165 Z] [PROCESS] [cadence.virtuoso.ade.simulationMonitor] - Stay with the runId '6', Linger time '300', currentRunSyn '40', currentTestSyn '39' {"hostname": "edatools", "processid": 703335, "history": "Interactive.53", "testname": "PSS_VIN", "cornername": "Nominal", "point": 1, "logfile": "/home/saul/projects/IL2244_VT26_SAUL/logs_saul/logs0/Job28.log"}
[2026-05-14 18:16:02.168 Z] [PROCESS] [cadence.virtuoso.ade.simulationMonitor] - Stay with the runId '6', Linger time '300', currentRunSyn '40', currentTestSyn '39' {"hostname": "edatools", "processid": 703335, "history": "Interactive.53", "testname": "PSS_VIN", "cornername": "Nominal", "point": 1, "logfile": "/home/saul/projects/IL2244_VT26_SAUL/logs_saul/logs0/Job28.log"}
[2026-05-14 18:16:03.173 Z] [PROCESS] [cadence.virtuoso.ade.simulationMonitor] - Stay with the runId '6', Linger time '300', currentRunSyn '40', currentTestSyn '39' {"hostname": "edatools", "processid": 703335, "history": "Interactive.53", "testname": "PSS_VIN", "cornername": "Nominal", "point": 1, "logfile": "/home/saul/projects/IL2244_VT26_SAUL/logs_saul/logs0/Job28.log"}
[2026-05-14 18:16:04.178 Z] [PROCESS] [cadence.virtuoso.ade.simulationMonitor] - Stay with the runId '6', Linger time '300', currentRunSyn '40', currentTestSyn '39' {"hostname": "edatools", "processid": 703335, "history": "Interactive.53", "testname": "PSS_VIN", "cornername": "Nominal", "point": 1, "logfile": "/home/saul/projects/IL2244_VT26_SAUL/logs_saul/logs0/Job28.log"}
[2026-05-14 18:16:05.185 Z] [PROCESS] [cadence.virtuoso.ade.simulationMonitor] - Stay with the runId '6', Linger time '300', currentRunSyn '40', currentTestSyn '39' {"hostname": "edatools", "processid": 703335, "history": "Interactive.53", "testname": "PSS_VIN", "cornername": "Nominal", "point": 1, "logfile": "/home/saul/projects/IL2244_VT26_SAUL/logs_saul/logs0/Job28.log"}
[2026-05-14 18:16:06.191 Z] [PROCESS] [cadence.virtuoso.ade.simulationMonitor] - Stay with the runId '6', Linger time '300', currentRunSyn '40', currentTestSyn '39' {"hostname": "edatools", "processid": 703335, "history": "Interactive.53", "testname": "PSS_VIN", "cornername": "Nominal", "point": 1, "logfile": "/home/saul/projects/IL2244_VT26_SAUL/logs_saul/logs0/Job28.log"}
[2026-05-14 18:16:07.194 Z] [PROCESS] [cadence.virtuoso.ade.simulationMonitor] - Stay with the runId '6', Linger time '300', currentRunSyn '40', currentTestSyn '39' {"hostname": "edatools", "processid": 703335, "history": "Interactive.53", "testname": "PSS_VIN", "cornername": "Nominal", "point": 1, "logfile": "/home/saul/projects/IL2244_VT26_SAUL/logs_saul/logs0/Job28.log"}
[2026-05-14 18:16:08.196 Z] [PROCESS] [cadence.virtuoso.ade.simulationMonitor] - Stay with the runId '6', Linger time '300', currentRunSyn '40', currentTestSyn '39' {"hostname": "edatools", "processid": 703335, "history": "Interactive.53", "testname": "PSS_VIN", "cornername": "Nominal", "point": 1, "logfile": "/home/saul/projects/IL2244_VT26_SAUL/logs_saul/logs0/Job28.log"}
[2026-05-14 18:16:09.198 Z] [PROCESS] [cadence.virtuoso.ade.simulationMonitor] - Stay with the runId '6', Linger time '300', currentRunSyn '40', currentTestSyn '39' {"hostname": "edatools", "processid": 703335, "history": "Interactive.53", "testname": "PSS_VIN", "cornername": "Nominal", "point": 1, "logfile": "/home/saul/projects/IL2244_VT26_SAUL/logs_saul/logs0/Job28.log"}
[2026-05-14 18:16:10.197 Z] [PROCESS] [cadence.virtuoso.ade.simulationMonitor] - Stay with the runId '6', Linger time '300', currentRunSyn '40', currentTestSyn '39' {"hostname": "edatools", "processid": 703335, "history": "Interactive.53", "testname": "PSS_VIN", "cornername": "Nominal", "point": 1, "logfile": "/home/saul/projects/IL2244_VT26_SAUL/logs_saul/logs0/Job28.log"}
[2026-05-14 18:16:11.203 Z] [PROCESS] [cadence.virtuoso.ade.simulationMonitor] - Stay with the runId '6', Linger time '300', currentRunSyn '40', currentTestSyn '39' {"hostname": "edatools", "processid": 703335, "history": "Interactive.53", "testname": "PSS_VIN", "cornername": "Nominal", "point": 1, "logfile": "/home/saul/projects/IL2244_VT26_SAUL/logs_saul/logs0/Job28.log"}
[2026-05-14 18:16:12.206 Z] [PROCESS] [cadence.virtuoso.ade.simulationMonitor] - Stay with the runId '6', Linger time '300', currentRunSyn '40', currentTestSyn '39' {"hostname": "edatools", "processid": 703335, "history": "Interactive.53", "testname": "PSS_VIN", "cornername": "Nominal", "point": 1, "logfile": "/home/saul/projects/IL2244_VT26_SAUL/logs_saul/logs0/Job28.log"}
[2026-05-14 18:16:13.207 Z] [PROCESS] [cadence.virtuoso.ade.simulationMonitor] - Stay with the runId '6', Linger time '300', currentRunSyn '40', currentTestSyn '39' {"hostname": "edatools", "processid": 703335, "history": "Interactive.53", "testname": "PSS_VIN", "cornername": "Nominal", "point": 1, "logfile": "/home/saul/projects/IL2244_VT26_SAUL/logs_saul/logs0/Job28.log"}
[2026-05-14 18:16:14.210 Z] [PROCESS] [cadence.virtuoso.ade.simulationMonitor] - Stay with the runId '6', Linger time '300', currentRunSyn '40', currentTestSyn '39' {"hostname": "edatools", "processid": 703335, "history": "Interactive.53", "testname": "PSS_VIN", "cornername": "Nominal", "point": 1, "logfile": "/home/saul/projects/IL2244_VT26_SAUL/logs_saul/logs0/Job28.log"}
[2026-05-14 18:16:15.210 Z] [PROCESS] [cadence.virtuoso.ade.simulationMonitor] - Stay with the runId '6', Linger time '300', currentRunSyn '40', currentTestSyn '39' {"hostname": "edatools", "processid": 703335, "history": "Interactive.53", "testname": "PSS_VIN", "cornername": "Nominal", "point": 1, "logfile": "/home/saul/projects/IL2244_VT26_SAUL/logs_saul/logs0/Job28.log"}
[2026-05-14 18:16:16.211 Z] [PROCESS] [cadence.virtuoso.ade.simulationMonitor] - Stay with the runId '6', Linger time '300', currentRunSyn '40', currentTestSyn '39' {"hostname": "edatools", "processid": 703335, "history": "Interactive.53", "testname": "PSS_VIN", "cornername": "Nominal", "point": 1, "logfile": "/home/saul/projects/IL2244_VT26_SAUL/logs_saul/logs0/Job28.log"}
[2026-05-14 18:16:17.213 Z] [PROCESS] [cadence.virtuoso.ade.simulationMonitor] - Stay with the runId '6', Linger time '300', currentRunSyn '40', currentTestSyn '39' {"hostname": "edatools", "processid": 703335, "history": "Interactive.53", "testname": "PSS_VIN", "cornername": "Nominal", "point": 1, "logfile": "/home/saul/projects/IL2244_VT26_SAUL/logs_saul/logs0/Job28.log"}
[2026-05-14 18:16:18.218 Z] [PROCESS] [cadence.virtuoso.ade.simulationMonitor] - Stay with the runId '6', Linger time '300', currentRunSyn '40', currentTestSyn '39' {"hostname": "edatools", "processid": 703335, "history": "Interactive.53", "testname": "PSS_VIN", "cornername": "Nominal", "point": 1, "logfile": "/home/saul/projects/IL2244_VT26_SAUL/logs_saul/logs0/Job28.log"}
[2026-05-14 18:16:19.224 Z] [PROCESS] [cadence.virtuoso.ade.simulationMonitor] - Stay with the runId '6', Linger time '300', currentRunSyn '40', currentTestSyn '39' {"hostname": "edatools", "processid": 703335, "history": "Interactive.53", "testname": "PSS_VIN", "cornername": "Nominal", "point": 1, "logfile": "/home/saul/projects/IL2244_VT26_SAUL/logs_saul/logs0/Job28.log"}
[2026-05-14 18:16:20.223 Z] [PROCESS] [cadence.virtuoso.ade.simulationMonitor] - Stay with the runId '6', Linger time '300', currentRunSyn '40', currentTestSyn '39' {"hostname": "edatools", "processid": 703335, "history": "Interactive.53", "testname": "PSS_VIN", "cornername": "Nominal", "point": 1, "logfile": "/home/saul/projects/IL2244_VT26_SAUL/logs_saul/logs0/Job28.log"}
[2026-05-14 18:16:21.234 Z] [PROCESS] [cadence.virtuoso.ade.simulationMonitor] - Stay with the runId '6', Linger time '300', currentRunSyn '40', currentTestSyn '39' {"hostname": "edatools", "processid": 703335, "history": "Interactive.53", "testname": "PSS_VIN", "cornername": "Nominal", "point": 1, "logfile": "/home/saul/projects/IL2244_VT26_SAUL/logs_saul/logs0/Job28.log"}
[2026-05-14 18:16:22.235 Z] [PROCESS] [cadence.virtuoso.ade.simulationMonitor] - Stay with the runId '6', Linger time '300', currentRunSyn '40', currentTestSyn '39' {"hostname": "edatools", "processid": 703335, "history": "Interactive.53", "testname": "PSS_VIN", "cornername": "Nominal", "point": 1, "logfile": "/home/saul/projects/IL2244_VT26_SAUL/logs_saul/logs0/Job28.log"}
[2026-05-14 18:16:23.237 Z] [PROCESS] [cadence.virtuoso.ade.simulationMonitor] - Stay with the runId '6', Linger time '300', currentRunSyn '40', currentTestSyn '39' {"hostname": "edatools", "processid": 703335, "history": "Interactive.53", "testname": "PSS_VIN", "cornername": "Nominal", "point": 1, "logfile": "/home/saul/projects/IL2244_VT26_SAUL/logs_saul/logs0/Job28.log"}
[2026-05-14 18:16:24.241 Z] [PROCESS] [cadence.virtuoso.ade.simulationMonitor] - Stay with the runId '6', Linger time '300', currentRunSyn '40', currentTestSyn '39' {"hostname": "edatools", "processid": 703335, "history": "Interactive.53", "testname": "PSS_VIN", "cornername": "Nominal", "point": 1, "logfile": "/home/saul/projects/IL2244_VT26_SAUL/logs_saul/logs0/Job28.log"}
[2026-05-14 18:16:25.239 Z] [PROCESS] [cadence.virtuoso.ade.simulationMonitor] - Stay with the runId '6', Linger time '300', currentRunSyn '40', currentTestSyn '39' {"hostname": "edatools", "processid": 703335, "history": "Interactive.53", "testname": "PSS_VIN", "cornername": "Nominal", "point": 1, "logfile": "/home/saul/projects/IL2244_VT26_SAUL/logs_saul/logs0/Job28.log"}
[2026-05-14 18:16:26.240 Z] [PROCESS] [cadence.virtuoso.ade.simulationMonitor] - Stay with the runId '6', Linger time '300', currentRunSyn '40', currentTestSyn '39' {"hostname": "edatools", "processid": 703335, "history": "Interactive.53", "testname": "PSS_VIN", "cornername": "Nominal", "point": 1, "logfile": "/home/saul/projects/IL2244_VT26_SAUL/logs_saul/logs0/Job28.log"}
[2026-05-14 18:16:27.245 Z] [PROCESS] [cadence.virtuoso.ade.simulationMonitor] - Stay with the runId '6', Linger time '300', currentRunSyn '40', currentTestSyn '39' {"hostname": "edatools", "processid": 703335, "history": "Interactive.53", "testname": "PSS_VIN", "cornername": "Nominal", "point": 1, "logfile": "/home/saul/projects/IL2244_VT26_SAUL/logs_saul/logs0/Job28.log"}
[2026-05-14 18:16:28.252 Z] [PROCESS] [cadence.virtuoso.ade.simulationMonitor] - Stay with the runId '6', Linger time '300', currentRunSyn '40', currentTestSyn '39' {"hostname": "edatools", "processid": 703335, "history": "Interactive.53", "testname": "PSS_VIN", "cornername": "Nominal", "point": 1, "logfile": "/home/saul/projects/IL2244_VT26_SAUL/logs_saul/logs0/Job28.log"}
[2026-05-14 18:16:29.254 Z] [PROCESS] [cadence.virtuoso.ade.simulationMonitor] - Stay with the runId '6', Linger time '300', currentRunSyn '40', currentTestSyn '39' {"hostname": "edatools", "processid": 703335, "history": "Interactive.53", "testname": "PSS_VIN", "cornername": "Nominal", "point": 1, "logfile": "/home/saul/projects/IL2244_VT26_SAUL/logs_saul/logs0/Job28.log"}
[2026-05-14 18:16:30.255 Z] [PROCESS] [cadence.virtuoso.ade.simulationMonitor] - Stay with the runId '6', Linger time '300', currentRunSyn '40', currentTestSyn '39' {"hostname": "edatools", "processid": 703335, "history": "Interactive.53", "testname": "PSS_VIN", "cornername": "Nominal", "point": 1, "logfile": "/home/saul/projects/IL2244_VT26_SAUL/logs_saul/logs0/Job28.log"}
[2026-05-14 18:16:31.258 Z] [PROCESS] [cadence.virtuoso.ade.simulationMonitor] - Stay with the runId '6', Linger time '300', currentRunSyn '40', currentTestSyn '39' {"hostname": "edatools", "processid": 703335, "history": "Interactive.53", "testname": "PSS_VIN", "cornername": "Nominal", "point": 1, "logfile": "/home/saul/projects/IL2244_VT26_SAUL/logs_saul/logs0/Job28.log"}
[2026-05-14 18:16:32.259 Z] [PROCESS] [cadence.virtuoso.ade.simulationMonitor] - Stay with the runId '6', Linger time '300', currentRunSyn '40', currentTestSyn '39' {"hostname": "edatools", "processid": 703335, "history": "Interactive.53", "testname": "PSS_VIN", "cornername": "Nominal", "point": 1, "logfile": "/home/saul/projects/IL2244_VT26_SAUL/logs_saul/logs0/Job28.log"}
[2026-05-14 18:16:33.261 Z] [PROCESS] [cadence.virtuoso.ade.simulationMonitor] - Stay with the runId '6', Linger time '300', currentRunSyn '40', currentTestSyn '39' {"hostname": "edatools", "processid": 703335, "history": "Interactive.53", "testname": "PSS_VIN", "cornername": "Nominal", "point": 1, "logfile": "/home/saul/projects/IL2244_VT26_SAUL/logs_saul/logs0/Job28.log"}
[2026-05-14 18:16:34.266 Z] [PROCESS] [cadence.virtuoso.ade.simulationMonitor] - Stay with the runId '6', Linger time '300', currentRunSyn '40', currentTestSyn '39' {"hostname": "edatools", "processid": 703335, "history": "Interactive.53", "testname": "PSS_VIN", "cornername": "Nominal", "point": 1, "logfile": "/home/saul/projects/IL2244_VT26_SAUL/logs_saul/logs0/Job28.log"}
[2026-05-14 18:16:35.268 Z] [PROCESS] [cadence.virtuoso.ade.simulationMonitor] - Stay with the runId '6', Linger time '300', currentRunSyn '40', currentTestSyn '39' {"hostname": "edatools", "processid": 703335, "history": "Interactive.53", "testname": "PSS_VIN", "cornername": "Nominal", "point": 1, "logfile": "/home/saul/projects/IL2244_VT26_SAUL/logs_saul/logs0/Job28.log"}
[2026-05-14 18:16:36.268 Z] [PROCESS] [cadence.virtuoso.ade.simulationMonitor] - Stay with the runId '6', Linger time '300', currentRunSyn '40', currentTestSyn '39' {"hostname": "edatools", "processid": 703335, "history": "Interactive.53", "testname": "PSS_VIN", "cornername": "Nominal", "point": 1, "logfile": "/home/saul/projects/IL2244_VT26_SAUL/logs_saul/logs0/Job28.log"}
[2026-05-14 18:16:37.267 Z] [PROCESS] [cadence.virtuoso.ade.simulationMonitor] - Stay with the runId '6', Linger time '300', currentRunSyn '40', currentTestSyn '39' {"hostname": "edatools", "processid": 703335, "history": "Interactive.53", "testname": "PSS_VIN", "cornername": "Nominal", "point": 1, "logfile": "/home/saul/projects/IL2244_VT26_SAUL/logs_saul/logs0/Job28.log"}
[2026-05-14 18:16:38.271 Z] [PROCESS] [cadence.virtuoso.ade.simulationMonitor] - Stay with the runId '6', Linger time '300', currentRunSyn '40', currentTestSyn '39' {"hostname": "edatools", "processid": 703335, "history": "Interactive.53", "testname": "PSS_VIN", "cornername": "Nominal", "point": 1, "logfile": "/home/saul/projects/IL2244_VT26_SAUL/logs_saul/logs0/Job28.log"}
[2026-05-14 18:16:39.268 Z] [PROCESS] [cadence.virtuoso.ade.simulationMonitor] - Stay with the runId '6', Linger time '300', currentRunSyn '40', currentTestSyn '39' {"hostname": "edatools", "processid": 703335, "history": "Interactive.53", "testname": "PSS_VIN", "cornername": "Nominal", "point": 1, "logfile": "/home/saul/projects/IL2244_VT26_SAUL/logs_saul/logs0/Job28.log"}
[2026-05-14 18:16:40.276 Z] [PROCESS] [cadence.virtuoso.ade.simulationMonitor] - Stay with the runId '6', Linger time '300', currentRunSyn '40', currentTestSyn '39' {"hostname": "edatools", "processid": 703335, "history": "Interactive.53", "testname": "PSS_VIN", "cornername": "Nominal", "point": 1, "logfile": "/home/saul/projects/IL2244_VT26_SAUL/logs_saul/logs0/Job28.log"}
[2026-05-14 18:16:41.279 Z] [PROCESS] [cadence.virtuoso.ade.simulationMonitor] - Stay with the runId '6', Linger time '300', currentRunSyn '40', currentTestSyn '39' {"hostname": "edatools", "processid": 703335, "history": "Interactive.53", "testname": "PSS_VIN", "cornername": "Nominal", "point": 1, "logfile": "/home/saul/projects/IL2244_VT26_SAUL/logs_saul/logs0/Job28.log"}
[2026-05-14 18:16:42.287 Z] [PROCESS] [cadence.virtuoso.ade.simulationMonitor] - Stay with the runId '6', Linger time '300', currentRunSyn '40', currentTestSyn '39' {"hostname": "edatools", "processid": 703335, "history": "Interactive.53", "testname": "PSS_VIN", "cornername": "Nominal", "point": 1, "logfile": "/home/saul/projects/IL2244_VT26_SAUL/logs_saul/logs0/Job28.log"}
[2026-05-14 18:16:43.290 Z] [PROCESS] [cadence.virtuoso.ade.simulationMonitor] - Stay with the runId '6', Linger time '300', currentRunSyn '40', currentTestSyn '39' {"hostname": "edatools", "processid": 703335, "history": "Interactive.53", "testname": "PSS_VIN", "cornername": "Nominal", "point": 1, "logfile": "/home/saul/projects/IL2244_VT26_SAUL/logs_saul/logs0/Job28.log"}
[2026-05-14 18:16:44.298 Z] [PROCESS] [cadence.virtuoso.ade.simulationMonitor] - Stay with the runId '6', Linger time '300', currentRunSyn '40', currentTestSyn '39' {"hostname": "edatools", "processid": 703335, "history": "Interactive.53", "testname": "PSS_VIN", "cornername": "Nominal", "point": 1, "logfile": "/home/saul/projects/IL2244_VT26_SAUL/logs_saul/logs0/Job28.log"}
[2026-05-14 18:16:45.301 Z] [PROCESS] [cadence.virtuoso.ade.simulationMonitor] - Stay with the runId '6', Linger time '300', currentRunSyn '40', currentTestSyn '39' {"hostname": "edatools", "processid": 703335, "history": "Interactive.53", "testname": "PSS_VIN", "cornername": "Nominal", "point": 1, "logfile": "/home/saul/projects/IL2244_VT26_SAUL/logs_saul/logs0/Job28.log"}
[2026-05-14 18:16:46.305 Z] [PROCESS] [cadence.virtuoso.ade.simulationMonitor] - Stay with the runId '6', Linger time '300', currentRunSyn '40', currentTestSyn '39' {"hostname": "edatools", "processid": 703335, "history": "Interactive.53", "testname": "PSS_VIN", "cornername": "Nominal", "point": 1, "logfile": "/home/saul/projects/IL2244_VT26_SAUL/logs_saul/logs0/Job28.log"}
[2026-05-14 18:16:47.307 Z] [PROCESS] [cadence.virtuoso.ade.simulationMonitor] - Stay with the runId '6', Linger time '300', currentRunSyn '40', currentTestSyn '39' {"hostname": "edatools", "processid": 703335, "history": "Interactive.53", "testname": "PSS_VIN", "cornername": "Nominal", "point": 1, "logfile": "/home/saul/projects/IL2244_VT26_SAUL/logs_saul/logs0/Job28.log"}
[2026-05-14 18:16:48.307 Z] [PROCESS] [cadence.virtuoso.ade.simulationMonitor] - Stay with the runId '6', Linger time '300', currentRunSyn '40', currentTestSyn '39' {"hostname": "edatools", "processid": 703335, "history": "Interactive.53", "testname": "PSS_VIN", "cornername": "Nominal", "point": 1, "logfile": "/home/saul/projects/IL2244_VT26_SAUL/logs_saul/logs0/Job28.log"}
[2026-05-14 18:16:49.309 Z] [PROCESS] [cadence.virtuoso.ade.simulationMonitor] - Stay with the runId '6', Linger time '300', currentRunSyn '40', currentTestSyn '39' {"hostname": "edatools", "processid": 703335, "history": "Interactive.53", "testname": "PSS_VIN", "cornername": "Nominal", "point": 1, "logfile": "/home/saul/projects/IL2244_VT26_SAUL/logs_saul/logs0/Job28.log"}
[2026-05-14 18:16:50.311 Z] [PROCESS] [cadence.virtuoso.ade.simulationMonitor] - Stay with the runId '6', Linger time '300', currentRunSyn '40', currentTestSyn '39' {"hostname": "edatools", "processid": 703335, "history": "Interactive.53", "testname": "PSS_VIN", "cornername": "Nominal", "point": 1, "logfile": "/home/saul/projects/IL2244_VT26_SAUL/logs_saul/logs0/Job28.log"}
[2026-05-14 18:16:51.311 Z] [PROCESS] [cadence.virtuoso.ade.simulationMonitor] - Stay with the runId '6', Linger time '300', currentRunSyn '40', currentTestSyn '39' {"hostname": "edatools", "processid": 703335, "history": "Interactive.53", "testname": "PSS_VIN", "cornername": "Nominal", "point": 1, "logfile": "/home/saul/projects/IL2244_VT26_SAUL/logs_saul/logs0/Job28.log"}
[2026-05-14 18:16:52.316 Z] [PROCESS] [cadence.virtuoso.ade.simulationMonitor] - Stay with the runId '6', Linger time '300', currentRunSyn '40', currentTestSyn '39' {"hostname": "edatools", "processid": 703335, "history": "Interactive.53", "testname": "PSS_VIN", "cornername": "Nominal", "point": 1, "logfile": "/home/saul/projects/IL2244_VT26_SAUL/logs_saul/logs0/Job28.log"}
[2026-05-14 18:16:53.319 Z] [PROCESS] [cadence.virtuoso.ade.simulationMonitor] - Stay with the runId '6', Linger time '300', currentRunSyn '40', currentTestSyn '39' {"hostname": "edatools", "processid": 703335, "history": "Interactive.53", "testname": "PSS_VIN", "cornername": "Nominal", "point": 1, "logfile": "/home/saul/projects/IL2244_VT26_SAUL/logs_saul/logs0/Job28.log"}
[2026-05-14 18:16:54.322 Z] [PROCESS] [cadence.virtuoso.ade.simulationMonitor] - Stay with the runId '6', Linger time '300', currentRunSyn '40', currentTestSyn '39' {"hostname": "edatools", "processid": 703335, "history": "Interactive.53", "testname": "PSS_VIN", "cornername": "Nominal", "point": 1, "logfile": "/home/saul/projects/IL2244_VT26_SAUL/logs_saul/logs0/Job28.log"}
[2026-05-14 18:16:55.325 Z] [PROCESS] [cadence.virtuoso.ade.simulationMonitor] - Stay with the runId '6', Linger time '300', currentRunSyn '40', currentTestSyn '39' {"hostname": "edatools", "processid": 703335, "history": "Interactive.53", "testname": "PSS_VIN", "cornername": "Nominal", "point": 1, "logfile": "/home/saul/projects/IL2244_VT26_SAUL/logs_saul/logs0/Job28.log"}
[2026-05-14 18:16:56.328 Z] [PROCESS] [cadence.virtuoso.ade.simulationMonitor] - Stay with the runId '6', Linger time '300', currentRunSyn '40', currentTestSyn '39' {"hostname": "edatools", "processid": 703335, "history": "Interactive.53", "testname": "PSS_VIN", "cornername": "Nominal", "point": 1, "logfile": "/home/saul/projects/IL2244_VT26_SAUL/logs_saul/logs0/Job28.log"}
[2026-05-14 18:16:57.334 Z] [PROCESS] [cadence.virtuoso.ade.simulationMonitor] - Stay with the runId '6', Linger time '300', currentRunSyn '40', currentTestSyn '39' {"hostname": "edatools", "processid": 703335, "history": "Interactive.53", "testname": "PSS_VIN", "cornername": "Nominal", "point": 1, "logfile": "/home/saul/projects/IL2244_VT26_SAUL/logs_saul/logs0/Job28.log"}
[2026-05-14 18:16:58.337 Z] [PROCESS] [cadence.virtuoso.ade.simulationMonitor] - Stay with the runId '6', Linger time '300', currentRunSyn '40', currentTestSyn '39' {"hostname": "edatools", "processid": 703335, "history": "Interactive.53", "testname": "PSS_VIN", "cornername": "Nominal", "point": 1, "logfile": "/home/saul/projects/IL2244_VT26_SAUL/logs_saul/logs0/Job28.log"}
[2026-05-14 18:16:59.345 Z] [PROCESS] [cadence.virtuoso.ade.simulationMonitor] - Stay with the runId '6', Linger time '300', currentRunSyn '40', currentTestSyn '39' {"hostname": "edatools", "processid": 703335, "history": "Interactive.53", "testname": "PSS_VIN", "cornername": "Nominal", "point": 1, "logfile": "/home/saul/projects/IL2244_VT26_SAUL/logs_saul/logs0/Job28.log"}
[2026-05-14 18:17:00.350 Z] [PROCESS] [cadence.virtuoso.ade.simulationMonitor] - Stay with the runId '6', Linger time '300', currentRunSyn '40', currentTestSyn '39' {"hostname": "edatools", "processid": 703335, "history": "Interactive.53", "testname": "PSS_VIN", "cornername": "Nominal", "point": 1, "logfile": "/home/saul/projects/IL2244_VT26_SAUL/logs_saul/logs0/Job28.log"}
[2026-05-14 18:17:01.349 Z] [PROCESS] [cadence.virtuoso.ade.simulationMonitor] - Stay with the runId '6', Linger time '300', currentRunSyn '40', currentTestSyn '39' {"hostname": "edatools", "processid": 703335, "history": "Interactive.53", "testname": "PSS_VIN", "cornername": "Nominal", "point": 1, "logfile": "/home/saul/projects/IL2244_VT26_SAUL/logs_saul/logs0/Job28.log"}
[2026-05-14 18:17:02.349 Z] [PROCESS] [cadence.virtuoso.ade.simulationMonitor] - Stay with the runId '6', Linger time '300', currentRunSyn '40', currentTestSyn '39' {"hostname": "edatools", "processid": 703335, "history": "Interactive.53", "testname": "PSS_VIN", "cornername": "Nominal", "point": 1, "logfile": "/home/saul/projects/IL2244_VT26_SAUL/logs_saul/logs0/Job28.log"}
[2026-05-14 18:17:03.351 Z] [PROCESS] [cadence.virtuoso.ade.simulationMonitor] - Stay with the runId '6', Linger time '300', currentRunSyn '40', currentTestSyn '39' {"hostname": "edatools", "processid": 703335, "history": "Interactive.53", "testname": "PSS_VIN", "cornername": "Nominal", "point": 1, "logfile": "/home/saul/projects/IL2244_VT26_SAUL/logs_saul/logs0/Job28.log"}
[2026-05-14 18:17:04.354 Z] [PROCESS] [cadence.virtuoso.ade.simulationMonitor] - Stay with the runId '6', Linger time '300', currentRunSyn '40', currentTestSyn '39' {"hostname": "edatools", "processid": 703335, "history": "Interactive.53", "testname": "PSS_VIN", "cornername": "Nominal", "point": 1, "logfile": "/home/saul/projects/IL2244_VT26_SAUL/logs_saul/logs0/Job28.log"}
[2026-05-14 18:17:05.356 Z] [PROCESS] [cadence.virtuoso.ade.simulationMonitor] - Stay with the runId '6', Linger time '300', currentRunSyn '40', currentTestSyn '39' {"hostname": "edatools", "processid": 703335, "history": "Interactive.53", "testname": "PSS_VIN", "cornername": "Nominal", "point": 1, "logfile": "/home/saul/projects/IL2244_VT26_SAUL/logs_saul/logs0/Job28.log"}
[2026-05-14 18:17:06.359 Z] [PROCESS] [cadence.virtuoso.ade.simulationMonitor] - Stay with the runId '6', Linger time '300', currentRunSyn '40', currentTestSyn '39' {"hostname": "edatools", "processid": 703335, "history": "Interactive.53", "testname": "PSS_VIN", "cornername": "Nominal", "point": 1, "logfile": "/home/saul/projects/IL2244_VT26_SAUL/logs_saul/logs0/Job28.log"}
[2026-05-14 18:17:07.361 Z] [PROCESS] [cadence.virtuoso.ade.simulationMonitor] - Stay with the runId '6', Linger time '300', currentRunSyn '40', currentTestSyn '39' {"hostname": "edatools", "processid": 703335, "history": "Interactive.53", "testname": "PSS_VIN", "cornername": "Nominal", "point": 1, "logfile": "/home/saul/projects/IL2244_VT26_SAUL/logs_saul/logs0/Job28.log"}
[2026-05-14 18:17:08.369 Z] [PROCESS] [cadence.virtuoso.ade.simulationMonitor] - Stay with the runId '6', Linger time '300', currentRunSyn '40', currentTestSyn '39' {"hostname": "edatools", "processid": 703335, "history": "Interactive.53", "testname": "PSS_VIN", "cornername": "Nominal", "point": 1, "logfile": "/home/saul/projects/IL2244_VT26_SAUL/logs_saul/logs0/Job28.log"}
[2026-05-14 18:17:09.373 Z] [PROCESS] [cadence.virtuoso.ade.simulationMonitor] - Stay with the runId '6', Linger time '300', currentRunSyn '40', currentTestSyn '39' {"hostname": "edatools", "processid": 703335, "history": "Interactive.53", "testname": "PSS_VIN", "cornername": "Nominal", "point": 1, "logfile": "/home/saul/projects/IL2244_VT26_SAUL/logs_saul/logs0/Job28.log"}
[2026-05-14 18:17:10.375 Z] [PROCESS] [cadence.virtuoso.ade.simulationMonitor] - Stay with the runId '6', Linger time '300', currentRunSyn '40', currentTestSyn '39' {"hostname": "edatools", "processid": 703335, "history": "Interactive.53", "testname": "PSS_VIN", "cornername": "Nominal", "point": 1, "logfile": "/home/saul/projects/IL2244_VT26_SAUL/logs_saul/logs0/Job28.log"}
[2026-05-14 18:17:11.377 Z] [PROCESS] [cadence.virtuoso.ade.simulationMonitor] - Stay with the runId '6', Linger time '300', currentRunSyn '40', currentTestSyn '39' {"hostname": "edatools", "processid": 703335, "history": "Interactive.53", "testname": "PSS_VIN", "cornername": "Nominal", "point": 1, "logfile": "/home/saul/projects/IL2244_VT26_SAUL/logs_saul/logs0/Job28.log"}
[2026-05-14 18:17:12.381 Z] [PROCESS] [cadence.virtuoso.ade.simulationMonitor] - Stay with the runId '6', Linger time '300', currentRunSyn '40', currentTestSyn '39' {"hostname": "edatools", "processid": 703335, "history": "Interactive.53", "testname": "PSS_VIN", "cornername": "Nominal", "point": 1, "logfile": "/home/saul/projects/IL2244_VT26_SAUL/logs_saul/logs0/Job28.log"}
[2026-05-14 18:17:13.380 Z] [PROCESS] [cadence.virtuoso.ade.simulationMonitor] - Stay with the runId '6', Linger time '300', currentRunSyn '40', currentTestSyn '39' {"hostname": "edatools", "processid": 703335, "history": "Interactive.53", "testname": "PSS_VIN", "cornername": "Nominal", "point": 1, "logfile": "/home/saul/projects/IL2244_VT26_SAUL/logs_saul/logs0/Job28.log"}
[2026-05-14 18:17:14.383 Z] [PROCESS] [cadence.virtuoso.ade.simulationMonitor] - Stay with the runId '6', Linger time '300', currentRunSyn '40', currentTestSyn '39' {"hostname": "edatools", "processid": 703335, "history": "Interactive.53", "testname": "PSS_VIN", "cornername": "Nominal", "point": 1, "logfile": "/home/saul/projects/IL2244_VT26_SAUL/logs_saul/logs0/Job28.log"}
[2026-05-14 18:17:15.386 Z] [PROCESS] [cadence.virtuoso.ade.simulationMonitor] - Stay with the runId '6', Linger time '300', currentRunSyn '40', currentTestSyn '39' {"hostname": "edatools", "processid": 703335, "history": "Interactive.53", "testname": "PSS_VIN", "cornername": "Nominal", "point": 1, "logfile": "/home/saul/projects/IL2244_VT26_SAUL/logs_saul/logs0/Job28.log"}
[2026-05-14 18:17:16.388 Z] [PROCESS] [cadence.virtuoso.ade.simulationMonitor] - Stay with the runId '6', Linger time '300', currentRunSyn '40', currentTestSyn '39' {"hostname": "edatools", "processid": 703335, "history": "Interactive.53", "testname": "PSS_VIN", "cornername": "Nominal", "point": 1, "logfile": "/home/saul/projects/IL2244_VT26_SAUL/logs_saul/logs0/Job28.log"}
[2026-05-14 18:17:17.393 Z] [PROCESS] [cadence.virtuoso.ade.simulationMonitor] - Stay with the runId '6', Linger time '300', currentRunSyn '40', currentTestSyn '39' {"hostname": "edatools", "processid": 703335, "history": "Interactive.53", "testname": "PSS_VIN", "cornername": "Nominal", "point": 1, "logfile": "/home/saul/projects/IL2244_VT26_SAUL/logs_saul/logs0/Job28.log"}
[2026-05-14 18:17:18.394 Z] [PROCESS] [cadence.virtuoso.ade.simulationMonitor] - Stay with the runId '6', Linger time '300', currentRunSyn '40', currentTestSyn '39' {"hostname": "edatools", "processid": 703335, "history": "Interactive.53", "testname": "PSS_VIN", "cornername": "Nominal", "point": 1, "logfile": "/home/saul/projects/IL2244_VT26_SAUL/logs_saul/logs0/Job28.log"}
[2026-05-14 18:17:19.395 Z] [PROCESS] [cadence.virtuoso.ade.simulationMonitor] - Stay with the runId '6', Linger time '300', currentRunSyn '40', currentTestSyn '39' {"hostname": "edatools", "processid": 703335, "history": "Interactive.53", "testname": "PSS_VIN", "cornername": "Nominal", "point": 1, "logfile": "/home/saul/projects/IL2244_VT26_SAUL/logs_saul/logs0/Job28.log"}
[2026-05-14 18:17:20.397 Z] [PROCESS] [cadence.virtuoso.ade.simulationMonitor] - Stay with the runId '6', Linger time '300', currentRunSyn '40', currentTestSyn '39' {"hostname": "edatools", "processid": 703335, "history": "Interactive.53", "testname": "PSS_VIN", "cornername": "Nominal", "point": 1, "logfile": "/home/saul/projects/IL2244_VT26_SAUL/logs_saul/logs0/Job28.log"}
[2026-05-14 18:17:21.399 Z] [PROCESS] [cadence.virtuoso.ade.simulationMonitor] - Stay with the runId '6', Linger time '300', currentRunSyn '40', currentTestSyn '39' {"hostname": "edatools", "processid": 703335, "history": "Interactive.53", "testname": "PSS_VIN", "cornername": "Nominal", "point": 1, "logfile": "/home/saul/projects/IL2244_VT26_SAUL/logs_saul/logs0/Job28.log"}
[2026-05-14 18:17:22.409 Z] [PROCESS] [cadence.virtuoso.ade.simulationMonitor] - Stay with the runId '6', Linger time '300', currentRunSyn '40', currentTestSyn '39' {"hostname": "edatools", "processid": 703335, "history": "Interactive.53", "testname": "PSS_VIN", "cornername": "Nominal", "point": 1, "logfile": "/home/saul/projects/IL2244_VT26_SAUL/logs_saul/logs0/Job28.log"}
[2026-05-14 18:17:23.410 Z] [PROCESS] [cadence.virtuoso.ade.simulationMonitor] - Stay with the runId '6', Linger time '300', currentRunSyn '40', currentTestSyn '39' {"hostname": "edatools", "processid": 703335, "history": "Interactive.53", "testname": "PSS_VIN", "cornername": "Nominal", "point": 1, "logfile": "/home/saul/projects/IL2244_VT26_SAUL/logs_saul/logs0/Job28.log"}
[2026-05-14 18:17:24.415 Z] [PROCESS] [cadence.virtuoso.ade.simulationMonitor] - Stay with the runId '6', Linger time '300', currentRunSyn '40', currentTestSyn '39' {"hostname": "edatools", "processid": 703335, "history": "Interactive.53", "testname": "PSS_VIN", "cornername": "Nominal", "point": 1, "logfile": "/home/saul/projects/IL2244_VT26_SAUL/logs_saul/logs0/Job28.log"}
[2026-05-14 18:17:25.421 Z] [PROCESS] [cadence.virtuoso.ade.simulationMonitor] - Stay with the runId '6', Linger time '300', currentRunSyn '40', currentTestSyn '39' {"hostname": "edatools", "processid": 703335, "history": "Interactive.53", "testname": "PSS_VIN", "cornername": "Nominal", "point": 1, "logfile": "/home/saul/projects/IL2244_VT26_SAUL/logs_saul/logs0/Job28.log"}
[2026-05-14 18:17:26.424 Z] [PROCESS] [cadence.virtuoso.ade.simulationMonitor] - Stay with the runId '6', Linger time '300', currentRunSyn '40', currentTestSyn '39' {"hostname": "edatools", "processid": 703335, "history": "Interactive.53", "testname": "PSS_VIN", "cornername": "Nominal", "point": 1, "logfile": "/home/saul/projects/IL2244_VT26_SAUL/logs_saul/logs0/Job28.log"}
[2026-05-14 18:17:27.426 Z] [PROCESS] [cadence.virtuoso.ade.simulationMonitor] - Stay with the runId '6', Linger time '300', currentRunSyn '40', currentTestSyn '39' {"hostname": "edatools", "processid": 703335, "history": "Interactive.53", "testname": "PSS_VIN", "cornername": "Nominal", "point": 1, "logfile": "/home/saul/projects/IL2244_VT26_SAUL/logs_saul/logs0/Job28.log"}
[2026-05-14 18:17:28.428 Z] [PROCESS] [cadence.virtuoso.ade.simulationMonitor] - Stay with the runId '6', Linger time '300', currentRunSyn '40', currentTestSyn '39' {"hostname": "edatools", "processid": 703335, "history": "Interactive.53", "testname": "PSS_VIN", "cornername": "Nominal", "point": 1, "logfile": "/home/saul/projects/IL2244_VT26_SAUL/logs_saul/logs0/Job28.log"}
[2026-05-14 18:17:29.432 Z] [PROCESS] [cadence.virtuoso.ade.simulationMonitor] - Stay with the runId '6', Linger time '300', currentRunSyn '40', currentTestSyn '39' {"hostname": "edatools", "processid": 703335, "history": "Interactive.53", "testname": "PSS_VIN", "cornername": "Nominal", "point": 1, "logfile": "/home/saul/projects/IL2244_VT26_SAUL/logs_saul/logs0/Job28.log"}
[2026-05-14 18:17:30.438 Z] [PROCESS] [cadence.virtuoso.ade.simulationMonitor] - Stay with the runId '6', Linger time '300', currentRunSyn '40', currentTestSyn '39' {"hostname": "edatools", "processid": 703335, "history": "Interactive.53", "testname": "PSS_VIN", "cornername": "Nominal", "point": 1, "logfile": "/home/saul/projects/IL2244_VT26_SAUL/logs_saul/logs0/Job28.log"}
[2026-05-14 18:17:31.441 Z] [PROCESS] [cadence.virtuoso.ade.simulationMonitor] - Stay with the runId '6', Linger time '300', currentRunSyn '40', currentTestSyn '39' {"hostname": "edatools", "processid": 703335, "history": "Interactive.53", "testname": "PSS_VIN", "cornername": "Nominal", "point": 1, "logfile": "/home/saul/projects/IL2244_VT26_SAUL/logs_saul/logs0/Job28.log"}
[2026-05-14 18:17:32.441 Z] [PROCESS] [cadence.virtuoso.ade.simulationMonitor] - Stay with the runId '6', Linger time '300', currentRunSyn '40', currentTestSyn '39' {"hostname": "edatools", "processid": 703335, "history": "Interactive.53", "testname": "PSS_VIN", "cornername": "Nominal", "point": 1, "logfile": "/home/saul/projects/IL2244_VT26_SAUL/logs_saul/logs0/Job28.log"}
[2026-05-14 18:17:33.446 Z] [PROCESS] [cadence.virtuoso.ade.simulationMonitor] - Stay with the runId '6', Linger time '300', currentRunSyn '40', currentTestSyn '39' {"hostname": "edatools", "processid": 703335, "history": "Interactive.53", "testname": "PSS_VIN", "cornername": "Nominal", "point": 1, "logfile": "/home/saul/projects/IL2244_VT26_SAUL/logs_saul/logs0/Job28.log"}
[2026-05-14 18:17:34.451 Z] [PROCESS] [cadence.virtuoso.ade.simulationMonitor] - Stay with the runId '6', Linger time '300', currentRunSyn '40', currentTestSyn '39' {"hostname": "edatools", "processid": 703335, "history": "Interactive.53", "testname": "PSS_VIN", "cornername": "Nominal", "point": 1, "logfile": "/home/saul/projects/IL2244_VT26_SAUL/logs_saul/logs0/Job28.log"}
[2026-05-14 18:17:35.455 Z] [PROCESS] [cadence.virtuoso.ade.simulationMonitor] - Stay with the runId '6', Linger time '300', currentRunSyn '40', currentTestSyn '39' {"hostname": "edatools", "processid": 703335, "history": "Interactive.53", "testname": "PSS_VIN", "cornername": "Nominal", "point": 1, "logfile": "/home/saul/projects/IL2244_VT26_SAUL/logs_saul/logs0/Job28.log"}
[2026-05-14 18:17:36.459 Z] [PROCESS] [cadence.virtuoso.ade.simulationMonitor] - Stay with the runId '6', Linger time '300', currentRunSyn '40', currentTestSyn '39' {"hostname": "edatools", "processid": 703335, "history": "Interactive.53", "testname": "PSS_VIN", "cornername": "Nominal", "point": 1, "logfile": "/home/saul/projects/IL2244_VT26_SAUL/logs_saul/logs0/Job28.log"}
[2026-05-14 18:17:37.456 Z] [PROCESS] [cadence.virtuoso.ade.simulationMonitor] - Stay with the runId '6', Linger time '300', currentRunSyn '40', currentTestSyn '39' {"hostname": "edatools", "processid": 703335, "history": "Interactive.53", "testname": "PSS_VIN", "cornername": "Nominal", "point": 1, "logfile": "/home/saul/projects/IL2244_VT26_SAUL/logs_saul/logs0/Job28.log"}
[2026-05-14 18:17:38.457 Z] [PROCESS] [cadence.virtuoso.ade.simulationMonitor] - Stay with the runId '6', Linger time '300', currentRunSyn '40', currentTestSyn '39' {"hostname": "edatools", "processid": 703335, "history": "Interactive.53", "testname": "PSS_VIN", "cornername": "Nominal", "point": 1, "logfile": "/home/saul/projects/IL2244_VT26_SAUL/logs_saul/logs0/Job28.log"}
[2026-05-14 18:17:39.458 Z] [PROCESS] [cadence.virtuoso.ade.simulationMonitor] - Stay with the runId '6', Linger time '300', currentRunSyn '40', currentTestSyn '39' {"hostname": "edatools", "processid": 703335, "history": "Interactive.53", "testname": "PSS_VIN", "cornername": "Nominal", "point": 1, "logfile": "/home/saul/projects/IL2244_VT26_SAUL/logs_saul/logs0/Job28.log"}
[2026-05-14 18:17:40.462 Z] [PROCESS] [cadence.virtuoso.ade.simulationMonitor] - Stay with the runId '6', Linger time '300', currentRunSyn '40', currentTestSyn '39' {"hostname": "edatools", "processid": 703335, "history": "Interactive.53", "testname": "PSS_VIN", "cornername": "Nominal", "point": 1, "logfile": "/home/saul/projects/IL2244_VT26_SAUL/logs_saul/logs0/Job28.log"}
[2026-05-14 18:17:41.457 Z] [PROCESS] [cadence.virtuoso.ade.simulationMonitor] - Stay with the runId '6', Linger time '300', currentRunSyn '40', currentTestSyn '39' {"hostname": "edatools", "processid": 703335, "history": "Interactive.53", "testname": "PSS_VIN", "cornername": "Nominal", "point": 1, "logfile": "/home/saul/projects/IL2244_VT26_SAUL/logs_saul/logs0/Job28.log"}
[2026-05-14 18:17:42.463 Z] [PROCESS] [cadence.virtuoso.ade.simulationMonitor] - Stay with the runId '6', Linger time '300', currentRunSyn '40', currentTestSyn '39' {"hostname": "edatools", "processid": 703335, "history": "Interactive.53", "testname": "PSS_VIN", "cornername": "Nominal", "point": 1, "logfile": "/home/saul/projects/IL2244_VT26_SAUL/logs_saul/logs0/Job28.log"}
[2026-05-14 18:17:43.464 Z] [PROCESS] [cadence.virtuoso.ade.simulationMonitor] - Stay with the runId '6', Linger time '300', currentRunSyn '40', currentTestSyn '39' {"hostname": "edatools", "processid": 703335, "history": "Interactive.53", "testname": "PSS_VIN", "cornername": "Nominal", "point": 1, "logfile": "/home/saul/projects/IL2244_VT26_SAUL/logs_saul/logs0/Job28.log"}
[2026-05-14 18:17:44.469 Z] [PROCESS] [cadence.virtuoso.ade.simulationMonitor] - Stay with the runId '6', Linger time '300', currentRunSyn '40', currentTestSyn '39' {"hostname": "edatools", "processid": 703335, "history": "Interactive.53", "testname": "PSS_VIN", "cornername": "Nominal", "point": 1, "logfile": "/home/saul/projects/IL2244_VT26_SAUL/logs_saul/logs0/Job28.log"}
[2026-05-14 18:17:45.474 Z] [PROCESS] [cadence.virtuoso.ade.simulationMonitor] - Stay with the runId '6', Linger time '300', currentRunSyn '40', currentTestSyn '39' {"hostname": "edatools", "processid": 703335, "history": "Interactive.53", "testname": "PSS_VIN", "cornername": "Nominal", "point": 1, "logfile": "/home/saul/projects/IL2244_VT26_SAUL/logs_saul/logs0/Job28.log"}
[2026-05-14 18:17:46.473 Z] [PROCESS] [cadence.virtuoso.ade.simulationMonitor] - Stay with the runId '6', Linger time '300', currentRunSyn '40', currentTestSyn '39' {"hostname": "edatools", "processid": 703335, "history": "Interactive.53", "testname": "PSS_VIN", "cornername": "Nominal", "point": 1, "logfile": "/home/saul/projects/IL2244_VT26_SAUL/logs_saul/logs0/Job28.log"}
[2026-05-14 18:17:47.477 Z] [PROCESS] [cadence.virtuoso.ade.simulationMonitor] - Stay with the runId '6', Linger time '300', currentRunSyn '40', currentTestSyn '39' {"hostname": "edatools", "processid": 703335, "history": "Interactive.53", "testname": "PSS_VIN", "cornername": "Nominal", "point": 1, "logfile": "/home/saul/projects/IL2244_VT26_SAUL/logs_saul/logs0/Job28.log"}
[2026-05-14 18:17:48.480 Z] [PROCESS] [cadence.virtuoso.ade.simulationMonitor] - Stay with the runId '6', Linger time '300', currentRunSyn '40', currentTestSyn '39' {"hostname": "edatools", "processid": 703335, "history": "Interactive.53", "testname": "PSS_VIN", "cornername": "Nominal", "point": 1, "logfile": "/home/saul/projects/IL2244_VT26_SAUL/logs_saul/logs0/Job28.log"}
[2026-05-14 18:17:49.480 Z] [PROCESS] [cadence.virtuoso.ade.simulationMonitor] - Stay with the runId '6', Linger time '300', currentRunSyn '40', currentTestSyn '39' {"hostname": "edatools", "processid": 703335, "history": "Interactive.53", "testname": "PSS_VIN", "cornername": "Nominal", "point": 1, "logfile": "/home/saul/projects/IL2244_VT26_SAUL/logs_saul/logs0/Job28.log"}
[2026-05-14 18:17:50.485 Z] [PROCESS] [cadence.virtuoso.ade.simulationMonitor] - Stay with the runId '6', Linger time '300', currentRunSyn '40', currentTestSyn '39' {"hostname": "edatools", "processid": 703335, "history": "Interactive.53", "testname": "PSS_VIN", "cornername": "Nominal", "point": 1, "logfile": "/home/saul/projects/IL2244_VT26_SAUL/logs_saul/logs0/Job28.log"}
[2026-05-14 18:17:51.489 Z] [PROCESS] [cadence.virtuoso.ade.simulationMonitor] - Stay with the runId '6', Linger time '300', currentRunSyn '40', currentTestSyn '39' {"hostname": "edatools", "processid": 703335, "history": "Interactive.53", "testname": "PSS_VIN", "cornername": "Nominal", "point": 1, "logfile": "/home/saul/projects/IL2244_VT26_SAUL/logs_saul/logs0/Job28.log"}
[2026-05-14 18:17:52.491 Z] [PROCESS] [cadence.virtuoso.ade.simulationMonitor] - Stay with the runId '6', Linger time '300', currentRunSyn '40', currentTestSyn '39' {"hostname": "edatools", "processid": 703335, "history": "Interactive.53", "testname": "PSS_VIN", "cornername": "Nominal", "point": 1, "logfile": "/home/saul/projects/IL2244_VT26_SAUL/logs_saul/logs0/Job28.log"}
[2026-05-14 18:17:53.490 Z] [PROCESS] [cadence.virtuoso.ade.simulationMonitor] - Stay with the runId '6', Linger time '300', currentRunSyn '40', currentTestSyn '39' {"hostname": "edatools", "processid": 703335, "history": "Interactive.53", "testname": "PSS_VIN", "cornername": "Nominal", "point": 1, "logfile": "/home/saul/projects/IL2244_VT26_SAUL/logs_saul/logs0/Job28.log"}
[2026-05-14 18:17:54.498 Z] [PROCESS] [cadence.virtuoso.ade.simulationMonitor] - Stay with the runId '6', Linger time '300', currentRunSyn '40', currentTestSyn '39' {"hostname": "edatools", "processid": 703335, "history": "Interactive.53", "testname": "PSS_VIN", "cornername": "Nominal", "point": 1, "logfile": "/home/saul/projects/IL2244_VT26_SAUL/logs_saul/logs0/Job28.log"}
[2026-05-14 18:17:55.500 Z] [PROCESS] [cadence.virtuoso.ade.simulationMonitor] - Stay with the runId '6', Linger time '300', currentRunSyn '40', currentTestSyn '39' {"hostname": "edatools", "processid": 703335, "history": "Interactive.53", "testname": "PSS_VIN", "cornername": "Nominal", "point": 1, "logfile": "/home/saul/projects/IL2244_VT26_SAUL/logs_saul/logs0/Job28.log"}
[2026-05-14 18:17:56.501 Z] [PROCESS] [cadence.virtuoso.ade.simulationMonitor] - Stay with the runId '6', Linger time '300', currentRunSyn '40', currentTestSyn '39' {"hostname": "edatools", "processid": 703335, "history": "Interactive.53", "testname": "PSS_VIN", "cornername": "Nominal", "point": 1, "logfile": "/home/saul/projects/IL2244_VT26_SAUL/logs_saul/logs0/Job28.log"}
[2026-05-14 18:17:57.506 Z] [PROCESS] [cadence.virtuoso.ade.simulationMonitor] - Stay with the runId '6', Linger time '300', currentRunSyn '40', currentTestSyn '39' {"hostname": "edatools", "processid": 703335, "history": "Interactive.53", "testname": "PSS_VIN", "cornername": "Nominal", "point": 1, "logfile": "/home/saul/projects/IL2244_VT26_SAUL/logs_saul/logs0/Job28.log"}
[2026-05-14 18:17:58.509 Z] [PROCESS] [cadence.virtuoso.ade.simulationMonitor] - Stay with the runId '6', Linger time '300', currentRunSyn '40', currentTestSyn '39' {"hostname": "edatools", "processid": 703335, "history": "Interactive.53", "testname": "PSS_VIN", "cornername": "Nominal", "point": 1, "logfile": "/home/saul/projects/IL2244_VT26_SAUL/logs_saul/logs0/Job28.log"}
[2026-05-14 18:17:59.512 Z] [PROCESS] [cadence.virtuoso.ade.simulationMonitor] - Stay with the runId '6', Linger time '300', currentRunSyn '40', currentTestSyn '39' {"hostname": "edatools", "processid": 703335, "history": "Interactive.53", "testname": "PSS_VIN", "cornername": "Nominal", "point": 1, "logfile": "/home/saul/projects/IL2244_VT26_SAUL/logs_saul/logs0/Job28.log"}
[2026-05-14 18:18:00.511 Z] [PROCESS] [cadence.virtuoso.ade.simulationMonitor] - Stay with the runId '6', Linger time '300', currentRunSyn '40', currentTestSyn '39' {"hostname": "edatools", "processid": 703335, "history": "Interactive.53", "testname": "PSS_VIN", "cornername": "Nominal", "point": 1, "logfile": "/home/saul/projects/IL2244_VT26_SAUL/logs_saul/logs0/Job28.log"}
[2026-05-14 18:18:01.516 Z] [PROCESS] [cadence.virtuoso.ade.simulationMonitor] - Stay with the runId '6', Linger time '300', currentRunSyn '40', currentTestSyn '39' {"hostname": "edatools", "processid": 703335, "history": "Interactive.53", "testname": "PSS_VIN", "cornername": "Nominal", "point": 1, "logfile": "/home/saul/projects/IL2244_VT26_SAUL/logs_saul/logs0/Job28.log"}
[2026-05-14 18:18:02.517 Z] [PROCESS] [cadence.virtuoso.ade.simulationMonitor] - Stay with the runId '6', Linger time '300', currentRunSyn '40', currentTestSyn '39' {"hostname": "edatools", "processid": 703335, "history": "Interactive.53", "testname": "PSS_VIN", "cornername": "Nominal", "point": 1, "logfile": "/home/saul/projects/IL2244_VT26_SAUL/logs_saul/logs0/Job28.log"}
[2026-05-14 18:18:03.520 Z] [PROCESS] [cadence.virtuoso.ade.simulationMonitor] - Stay with the runId '6', Linger time '300', currentRunSyn '40', currentTestSyn '39' {"hostname": "edatools", "processid": 703335, "history": "Interactive.53", "testname": "PSS_VIN", "cornername": "Nominal", "point": 1, "logfile": "/home/saul/projects/IL2244_VT26_SAUL/logs_saul/logs0/Job28.log"}
[2026-05-14 18:18:04.523 Z] [PROCESS] [cadence.virtuoso.ade.simulationMonitor] - Stay with the runId '6', Linger time '300', currentRunSyn '40', currentTestSyn '39' {"hostname": "edatools", "processid": 703335, "history": "Interactive.53", "testname": "PSS_VIN", "cornername": "Nominal", "point": 1, "logfile": "/home/saul/projects/IL2244_VT26_SAUL/logs_saul/logs0/Job28.log"}
[2026-05-14 18:18:05.529 Z] [PROCESS] [cadence.virtuoso.ade.simulationMonitor] - Stay with the runId '6', Linger time '300', currentRunSyn '40', currentTestSyn '39' {"hostname": "edatools", "processid": 703335, "history": "Interactive.53", "testname": "PSS_VIN", "cornername": "Nominal", "point": 1, "logfile": "/home/saul/projects/IL2244_VT26_SAUL/logs_saul/logs0/Job28.log"}
[2026-05-14 18:18:06.530 Z] [PROCESS] [cadence.virtuoso.ade.simulationMonitor] - Stay with the runId '6', Linger time '300', currentRunSyn '40', currentTestSyn '39' {"hostname": "edatools", "processid": 703335, "history": "Interactive.53", "testname": "PSS_VIN", "cornername": "Nominal", "point": 1, "logfile": "/home/saul/projects/IL2244_VT26_SAUL/logs_saul/logs0/Job28.log"}
[2026-05-14 18:18:07.530 Z] [PROCESS] [cadence.virtuoso.ade.simulationMonitor] - Stay with the runId '6', Linger time '300', currentRunSyn '40', currentTestSyn '39' {"hostname": "edatools", "processid": 703335, "history": "Interactive.53", "testname": "PSS_VIN", "cornername": "Nominal", "point": 1, "logfile": "/home/saul/projects/IL2244_VT26_SAUL/logs_saul/logs0/Job28.log"}
[2026-05-14 18:18:08.536 Z] [PROCESS] [cadence.virtuoso.ade.simulationMonitor] - Stay with the runId '6', Linger time '300', currentRunSyn '40', currentTestSyn '39' {"hostname": "edatools", "processid": 703335, "history": "Interactive.53", "testname": "PSS_VIN", "cornername": "Nominal", "point": 1, "logfile": "/home/saul/projects/IL2244_VT26_SAUL/logs_saul/logs0/Job28.log"}
[2026-05-14 18:18:09.541 Z] [PROCESS] [cadence.virtuoso.ade.simulationMonitor] - Stay with the runId '6', Linger time '300', currentRunSyn '40', currentTestSyn '39' {"hostname": "edatools", "processid": 703335, "history": "Interactive.53", "testname": "PSS_VIN", "cornername": "Nominal", "point": 1, "logfile": "/home/saul/projects/IL2244_VT26_SAUL/logs_saul/logs0/Job28.log"}
[2026-05-14 18:18:10.539 Z] [PROCESS] [cadence.virtuoso.ade.simulationMonitor] - Stay with the runId '6', Linger time '300', currentRunSyn '40', currentTestSyn '39' {"hostname": "edatools", "processid": 703335, "history": "Interactive.53", "testname": "PSS_VIN", "cornername": "Nominal", "point": 1, "logfile": "/home/saul/projects/IL2244_VT26_SAUL/logs_saul/logs0/Job28.log"}
[2026-05-14 18:18:11.541 Z] [PROCESS] [cadence.virtuoso.ade.simulationMonitor] - Stay with the runId '6', Linger time '300', currentRunSyn '40', currentTestSyn '39' {"hostname": "edatools", "processid": 703335, "history": "Interactive.53", "testname": "PSS_VIN", "cornername": "Nominal", "point": 1, "logfile": "/home/saul/projects/IL2244_VT26_SAUL/logs_saul/logs0/Job28.log"}
[2026-05-14 18:18:12.547 Z] [PROCESS] [cadence.virtuoso.ade.simulationMonitor] - Stay with the runId '6', Linger time '300', currentRunSyn '40', currentTestSyn '39' {"hostname": "edatools", "processid": 703335, "history": "Interactive.53", "testname": "PSS_VIN", "cornername": "Nominal", "point": 1, "logfile": "/home/saul/projects/IL2244_VT26_SAUL/logs_saul/logs0/Job28.log"}
[2026-05-14 18:18:13.551 Z] [PROCESS] [cadence.virtuoso.ade.simulationMonitor] - Stay with the runId '6', Linger time '300', currentRunSyn '40', currentTestSyn '39' {"hostname": "edatools", "processid": 703335, "history": "Interactive.53", "testname": "PSS_VIN", "cornername": "Nominal", "point": 1, "logfile": "/home/saul/projects/IL2244_VT26_SAUL/logs_saul/logs0/Job28.log"}
[2026-05-14 18:18:14.555 Z] [PROCESS] [cadence.virtuoso.ade.simulationMonitor] - Stay with the runId '6', Linger time '300', currentRunSyn '40', currentTestSyn '39' {"hostname": "edatools", "processid": 703335, "history": "Interactive.53", "testname": "PSS_VIN", "cornername": "Nominal", "point": 1, "logfile": "/home/saul/projects/IL2244_VT26_SAUL/logs_saul/logs0/Job28.log"}
[2026-05-14 18:18:15.556 Z] [PROCESS] [cadence.virtuoso.ade.simulationMonitor] - Stay with the runId '6', Linger time '300', currentRunSyn '40', currentTestSyn '39' {"hostname": "edatools", "processid": 703335, "history": "Interactive.53", "testname": "PSS_VIN", "cornername": "Nominal", "point": 1, "logfile": "/home/saul/projects/IL2244_VT26_SAUL/logs_saul/logs0/Job28.log"}
[2026-05-14 18:18:16.559 Z] [PROCESS] [cadence.virtuoso.ade.simulationMonitor] - Stay with the runId '6', Linger time '300', currentRunSyn '40', currentTestSyn '39' {"hostname": "edatools", "processid": 703335, "history": "Interactive.53", "testname": "PSS_VIN", "cornername": "Nominal", "point": 1, "logfile": "/home/saul/projects/IL2244_VT26_SAUL/logs_saul/logs0/Job28.log"}
[2026-05-14 18:18:17.561 Z] [PROCESS] [cadence.virtuoso.ade.simulationMonitor] - Stay with the runId '6', Linger time '300', currentRunSyn '40', currentTestSyn '39' {"hostname": "edatools", "processid": 703335, "history": "Interactive.53", "testname": "PSS_VIN", "cornername": "Nominal", "point": 1, "logfile": "/home/saul/projects/IL2244_VT26_SAUL/logs_saul/logs0/Job28.log"}
[2026-05-14 18:18:18.565 Z] [PROCESS] [cadence.virtuoso.ade.simulationMonitor] - Stay with the runId '6', Linger time '300', currentRunSyn '40', currentTestSyn '39' {"hostname": "edatools", "processid": 703335, "history": "Interactive.53", "testname": "PSS_VIN", "cornername": "Nominal", "point": 1, "logfile": "/home/saul/projects/IL2244_VT26_SAUL/logs_saul/logs0/Job28.log"}
[2026-05-14 18:18:19.566 Z] [PROCESS] [cadence.virtuoso.ade.simulationMonitor] - Stay with the runId '6', Linger time '300', currentRunSyn '40', currentTestSyn '39' {"hostname": "edatools", "processid": 703335, "history": "Interactive.53", "testname": "PSS_VIN", "cornername": "Nominal", "point": 1, "logfile": "/home/saul/projects/IL2244_VT26_SAUL/logs_saul/logs0/Job28.log"}
[2026-05-14 18:18:20.567 Z] [PROCESS] [cadence.virtuoso.ade.simulationMonitor] - Stay with the runId '6', Linger time '300', currentRunSyn '40', currentTestSyn '39' {"hostname": "edatools", "processid": 703335, "history": "Interactive.53", "testname": "PSS_VIN", "cornername": "Nominal", "point": 1, "logfile": "/home/saul/projects/IL2244_VT26_SAUL/logs_saul/logs0/Job28.log"}
[2026-05-14 18:18:21.571 Z] [PROCESS] [cadence.virtuoso.ade.simulationMonitor] - Stay with the runId '6', Linger time '300', currentRunSyn '40', currentTestSyn '39' {"hostname": "edatools", "processid": 703335, "history": "Interactive.53", "testname": "PSS_VIN", "cornername": "Nominal", "point": 1, "logfile": "/home/saul/projects/IL2244_VT26_SAUL/logs_saul/logs0/Job28.log"}
[2026-05-14 18:18:22.580 Z] [PROCESS] [cadence.virtuoso.ade.simulationMonitor] - Stay with the runId '6', Linger time '300', currentRunSyn '40', currentTestSyn '39' {"hostname": "edatools", "processid": 703335, "history": "Interactive.53", "testname": "PSS_VIN", "cornername": "Nominal", "point": 1, "logfile": "/home/saul/projects/IL2244_VT26_SAUL/logs_saul/logs0/Job28.log"}
[2026-05-14 18:18:23.582 Z] [PROCESS] [cadence.virtuoso.ade.simulationMonitor] - Stay with the runId '6', Linger time '300', currentRunSyn '40', currentTestSyn '39' {"hostname": "edatools", "processid": 703335, "history": "Interactive.53", "testname": "PSS_VIN", "cornername": "Nominal", "point": 1, "logfile": "/home/saul/projects/IL2244_VT26_SAUL/logs_saul/logs0/Job28.log"}
[2026-05-14 18:18:24.588 Z] [PROCESS] [cadence.virtuoso.ade.simulationMonitor] - Stay with the runId '6', Linger time '300', currentRunSyn '40', currentTestSyn '39' {"hostname": "edatools", "processid": 703335, "history": "Interactive.53", "testname": "PSS_VIN", "cornername": "Nominal", "point": 1, "logfile": "/home/saul/projects/IL2244_VT26_SAUL/logs_saul/logs0/Job28.log"}
[2026-05-14 18:18:25.587 Z] [PROCESS] [cadence.virtuoso.ade.simulationMonitor] - Stay with the runId '6', Linger time '300', currentRunSyn '40', currentTestSyn '39' {"hostname": "edatools", "processid": 703335, "history": "Interactive.53", "testname": "PSS_VIN", "cornername": "Nominal", "point": 1, "logfile": "/home/saul/projects/IL2244_VT26_SAUL/logs_saul/logs0/Job28.log"}
[2026-05-14 18:18:26.590 Z] [PROCESS] [cadence.virtuoso.ade.simulationMonitor] - Stay with the runId '6', Linger time '300', currentRunSyn '40', currentTestSyn '39' {"hostname": "edatools", "processid": 703335, "history": "Interactive.53", "testname": "PSS_VIN", "cornername": "Nominal", "point": 1, "logfile": "/home/saul/projects/IL2244_VT26_SAUL/logs_saul/logs0/Job28.log"}
[2026-05-14 18:18:27.594 Z] [PROCESS] [cadence.virtuoso.ade.simulationMonitor] - Stay with the runId '6', Linger time '300', currentRunSyn '40', currentTestSyn '39' {"hostname": "edatools", "processid": 703335, "history": "Interactive.53", "testname": "PSS_VIN", "cornername": "Nominal", "point": 1, "logfile": "/home/saul/projects/IL2244_VT26_SAUL/logs_saul/logs0/Job28.log"}
[2026-05-14 18:18:28.597 Z] [PROCESS] [cadence.virtuoso.ade.simulationMonitor] - Stay with the runId '6', Linger time '300', currentRunSyn '40', currentTestSyn '39' {"hostname": "edatools", "processid": 703335, "history": "Interactive.53", "testname": "PSS_VIN", "cornername": "Nominal", "point": 1, "logfile": "/home/saul/projects/IL2244_VT26_SAUL/logs_saul/logs0/Job28.log"}
[2026-05-14 18:18:29.605 Z] [PROCESS] [cadence.virtuoso.ade.simulationMonitor] - Stay with the runId '6', Linger time '300', currentRunSyn '40', currentTestSyn '39' {"hostname": "edatools", "processid": 703335, "history": "Interactive.53", "testname": "PSS_VIN", "cornername": "Nominal", "point": 1, "logfile": "/home/saul/projects/IL2244_VT26_SAUL/logs_saul/logs0/Job28.log"}
[2026-05-14 18:18:30.608 Z] [PROCESS] [cadence.virtuoso.ade.simulationMonitor] - Stay with the runId '6', Linger time '300', currentRunSyn '40', currentTestSyn '39' {"hostname": "edatools", "processid": 703335, "history": "Interactive.53", "testname": "PSS_VIN", "cornername": "Nominal", "point": 1, "logfile": "/home/saul/projects/IL2244_VT26_SAUL/logs_saul/logs0/Job28.log"}
[2026-05-14 18:18:31.615 Z] [PROCESS] [cadence.virtuoso.ade.simulationMonitor] - Stay with the runId '6', Linger time '300', currentRunSyn '40', currentTestSyn '39' {"hostname": "edatools", "processid": 703335, "history": "Interactive.53", "testname": "PSS_VIN", "cornername": "Nominal", "point": 1, "logfile": "/home/saul/projects/IL2244_VT26_SAUL/logs_saul/logs0/Job28.log"}
[2026-05-14 18:18:32.620 Z] [PROCESS] [cadence.virtuoso.ade.simulationMonitor] - Stay with the runId '6', Linger time '300', currentRunSyn '40', currentTestSyn '39' {"hostname": "edatools", "processid": 703335, "history": "Interactive.53", "testname": "PSS_VIN", "cornername": "Nominal", "point": 1, "logfile": "/home/saul/projects/IL2244_VT26_SAUL/logs_saul/logs0/Job28.log"}
[2026-05-14 18:18:33.617 Z] [PROCESS] [cadence.virtuoso.ade.simulationMonitor] - Stay with the runId '6', Linger time '300', currentRunSyn '40', currentTestSyn '39' {"hostname": "edatools", "processid": 703335, "history": "Interactive.53", "testname": "PSS_VIN", "cornername": "Nominal", "point": 1, "logfile": "/home/saul/projects/IL2244_VT26_SAUL/logs_saul/logs0/Job28.log"}
[2026-05-14 18:18:34.623 Z] [PROCESS] [cadence.virtuoso.ade.simulationMonitor] - Stay with the runId '6', Linger time '300', currentRunSyn '40', currentTestSyn '39' {"hostname": "edatools", "processid": 703335, "history": "Interactive.53", "testname": "PSS_VIN", "cornername": "Nominal", "point": 1, "logfile": "/home/saul/projects/IL2244_VT26_SAUL/logs_saul/logs0/Job28.log"}
[2026-05-14 18:18:35.626 Z] [PROCESS] [cadence.virtuoso.ade.simulationMonitor] - Stay with the runId '6', Linger time '300', currentRunSyn '40', currentTestSyn '39' {"hostname": "edatools", "processid": 703335, "history": "Interactive.53", "testname": "PSS_VIN", "cornername": "Nominal", "point": 1, "logfile": "/home/saul/projects/IL2244_VT26_SAUL/logs_saul/logs0/Job28.log"}
[2026-05-14 18:18:36.629 Z] [PROCESS] [cadence.virtuoso.ade.simulationMonitor] - Stay with the runId '6', Linger time '300', currentRunSyn '40', currentTestSyn '39' {"hostname": "edatools", "processid": 703335, "history": "Interactive.53", "testname": "PSS_VIN", "cornername": "Nominal", "point": 1, "logfile": "/home/saul/projects/IL2244_VT26_SAUL/logs_saul/logs0/Job28.log"}
[2026-05-14 18:18:37.635 Z] [PROCESS] [cadence.virtuoso.ade.simulationMonitor] - Stay with the runId '6', Linger time '300', currentRunSyn '40', currentTestSyn '39' {"hostname": "edatools", "processid": 703335, "history": "Interactive.53", "testname": "PSS_VIN", "cornername": "Nominal", "point": 1, "logfile": "/home/saul/projects/IL2244_VT26_SAUL/logs_saul/logs0/Job28.log"}
[2026-05-14 18:18:38.637 Z] [PROCESS] [cadence.virtuoso.ade.simulationMonitor] - Stay with the runId '6', Linger time '300', currentRunSyn '40', currentTestSyn '39' {"hostname": "edatools", "processid": 703335, "history": "Interactive.53", "testname": "PSS_VIN", "cornername": "Nominal", "point": 1, "logfile": "/home/saul/projects/IL2244_VT26_SAUL/logs_saul/logs0/Job28.log"}
[2026-05-14 18:18:39.641 Z] [PROCESS] [cadence.virtuoso.ade.simulationMonitor] - Stay with the runId '6', Linger time '300', currentRunSyn '40', currentTestSyn '39' {"hostname": "edatools", "processid": 703335, "history": "Interactive.53", "testname": "PSS_VIN", "cornername": "Nominal", "point": 1, "logfile": "/home/saul/projects/IL2244_VT26_SAUL/logs_saul/logs0/Job28.log"}
[2026-05-14 18:18:40.644 Z] [PROCESS] [cadence.virtuoso.ade.simulationMonitor] - Stay with the runId '6', Linger time '300', currentRunSyn '40', currentTestSyn '39' {"hostname": "edatools", "processid": 703335, "history": "Interactive.53", "testname": "PSS_VIN", "cornername": "Nominal", "point": 1, "logfile": "/home/saul/projects/IL2244_VT26_SAUL/logs_saul/logs0/Job28.log"}
[2026-05-14 18:18:41.647 Z] [PROCESS] [cadence.virtuoso.ade.simulationMonitor] - Stay with the runId '6', Linger time '300', currentRunSyn '40', currentTestSyn '39' {"hostname": "edatools", "processid": 703335, "history": "Interactive.53", "testname": "PSS_VIN", "cornername": "Nominal", "point": 1, "logfile": "/home/saul/projects/IL2244_VT26_SAUL/logs_saul/logs0/Job28.log"}
[2026-05-14 18:18:42.652 Z] [PROCESS] [cadence.virtuoso.ade.simulationMonitor] - Stay with the runId '6', Linger time '300', currentRunSyn '40', currentTestSyn '39' {"hostname": "edatools", "processid": 703335, "history": "Interactive.53", "testname": "PSS_VIN", "cornername": "Nominal", "point": 1, "logfile": "/home/saul/projects/IL2244_VT26_SAUL/logs_saul/logs0/Job28.log"}
[2026-05-14 18:18:43.655 Z] [PROCESS] [cadence.virtuoso.ade.simulationMonitor] - Stay with the runId '6', Linger time '300', currentRunSyn '40', currentTestSyn '39' {"hostname": "edatools", "processid": 703335, "history": "Interactive.53", "testname": "PSS_VIN", "cornername": "Nominal", "point": 1, "logfile": "/home/saul/projects/IL2244_VT26_SAUL/logs_saul/logs0/Job28.log"}
[2026-05-14 18:18:44.658 Z] [PROCESS] [cadence.virtuoso.ade.simulationMonitor] - Stay with the runId '6', Linger time '300', currentRunSyn '40', currentTestSyn '39' {"hostname": "edatools", "processid": 703335, "history": "Interactive.53", "testname": "PSS_VIN", "cornername": "Nominal", "point": 1, "logfile": "/home/saul/projects/IL2244_VT26_SAUL/logs_saul/logs0/Job28.log"}
[2026-05-14 18:18:45.660 Z] [PROCESS] [cadence.virtuoso.ade.simulationMonitor] - Stay with the runId '6', Linger time '300', currentRunSyn '40', currentTestSyn '39' {"hostname": "edatools", "processid": 703335, "history": "Interactive.53", "testname": "PSS_VIN", "cornername": "Nominal", "point": 1, "logfile": "/home/saul/projects/IL2244_VT26_SAUL/logs_saul/logs0/Job28.log"}
[2026-05-14 18:18:46.663 Z] [PROCESS] [cadence.virtuoso.ade.simulationMonitor] - Stay with the runId '6', Linger time '300', currentRunSyn '40', currentTestSyn '39' {"hostname": "edatools", "processid": 703335, "history": "Interactive.53", "testname": "PSS_VIN", "cornername": "Nominal", "point": 1, "logfile": "/home/saul/projects/IL2244_VT26_SAUL/logs_saul/logs0/Job28.log"}
[2026-05-14 18:18:47.666 Z] [PROCESS] [cadence.virtuoso.ade.simulationMonitor] - Stay with the runId '6', Linger time '300', currentRunSyn '40', currentTestSyn '39' {"hostname": "edatools", "processid": 703335, "history": "Interactive.53", "testname": "PSS_VIN", "cornername": "Nominal", "point": 1, "logfile": "/home/saul/projects/IL2244_VT26_SAUL/logs_saul/logs0/Job28.log"}
[2026-05-14 18:18:48.673 Z] [PROCESS] [cadence.virtuoso.ade.simulationMonitor] - Stay with the runId '6', Linger time '300', currentRunSyn '40', currentTestSyn '39' {"hostname": "edatools", "processid": 703335, "history": "Interactive.53", "testname": "PSS_VIN", "cornername": "Nominal", "point": 1, "logfile": "/home/saul/projects/IL2244_VT26_SAUL/logs_saul/logs0/Job28.log"}
[2026-05-14 18:18:49.674 Z] [PROCESS] [cadence.virtuoso.ade.simulationMonitor] - Stay with the runId '6', Linger time '300', currentRunSyn '40', currentTestSyn '39' {"hostname": "edatools", "processid": 703335, "history": "Interactive.53", "testname": "PSS_VIN", "cornername": "Nominal", "point": 1, "logfile": "/home/saul/projects/IL2244_VT26_SAUL/logs_saul/logs0/Job28.log"}
[2026-05-14 18:18:50.680 Z] [PROCESS] [cadence.virtuoso.ade.simulationMonitor] - Stay with the runId '6', Linger time '300', currentRunSyn '40', currentTestSyn '39' {"hostname": "edatools", "processid": 703335, "history": "Interactive.53", "testname": "PSS_VIN", "cornername": "Nominal", "point": 1, "logfile": "/home/saul/projects/IL2244_VT26_SAUL/logs_saul/logs0/Job28.log"}
[2026-05-14 18:18:51.684 Z] [PROCESS] [cadence.virtuoso.ade.simulationMonitor] - Stay with the runId '6', Linger time '300', currentRunSyn '40', currentTestSyn '39' {"hostname": "edatools", "processid": 703335, "history": "Interactive.53", "testname": "PSS_VIN", "cornername": "Nominal", "point": 1, "logfile": "/home/saul/projects/IL2244_VT26_SAUL/logs_saul/logs0/Job28.log"}
[2026-05-14 18:18:52.689 Z] [PROCESS] [cadence.virtuoso.ade.simulationMonitor] - Stay with the runId '6', Linger time '300', currentRunSyn '40', currentTestSyn '39' {"hostname": "edatools", "processid": 703335, "history": "Interactive.53", "testname": "PSS_VIN", "cornername": "Nominal", "point": 1, "logfile": "/home/saul/projects/IL2244_VT26_SAUL/logs_saul/logs0/Job28.log"}
[2026-05-14 18:18:53.690 Z] [PROCESS] [cadence.virtuoso.ade.simulationMonitor] - Stay with the runId '6', Linger time '300', currentRunSyn '40', currentTestSyn '39' {"hostname": "edatools", "processid": 703335, "history": "Interactive.53", "testname": "PSS_VIN", "cornername": "Nominal", "point": 1, "logfile": "/home/saul/projects/IL2244_VT26_SAUL/logs_saul/logs0/Job28.log"}
[2026-05-14 18:18:54.694 Z] [PROCESS] [cadence.virtuoso.ade.simulationMonitor] - Stay with the runId '6', Linger time '300', currentRunSyn '40', currentTestSyn '39' {"hostname": "edatools", "processid": 703335, "history": "Interactive.53", "testname": "PSS_VIN", "cornername": "Nominal", "point": 1, "logfile": "/home/saul/projects/IL2244_VT26_SAUL/logs_saul/logs0/Job28.log"}
[2026-05-14 18:18:55.697 Z] [PROCESS] [cadence.virtuoso.ade.simulationMonitor] - Stay with the runId '6', Linger time '300', currentRunSyn '40', currentTestSyn '39' {"hostname": "edatools", "processid": 703335, "history": "Interactive.53", "testname": "PSS_VIN", "cornername": "Nominal", "point": 1, "logfile": "/home/saul/projects/IL2244_VT26_SAUL/logs_saul/logs0/Job28.log"}
[2026-05-14 18:18:56.700 Z] [PROCESS] [cadence.virtuoso.ade.simulationMonitor] - Stay with the runId '6', Linger time '300', currentRunSyn '40', currentTestSyn '39' {"hostname": "edatools", "processid": 703335, "history": "Interactive.53", "testname": "PSS_VIN", "cornername": "Nominal", "point": 1, "logfile": "/home/saul/projects/IL2244_VT26_SAUL/logs_saul/logs0/Job28.log"}
[2026-05-14 18:18:57.704 Z] [PROCESS] [cadence.virtuoso.ade.simulationMonitor] - Stay with the runId '6', Linger time '300', currentRunSyn '40', currentTestSyn '39' {"hostname": "edatools", "processid": 703335, "history": "Interactive.53", "testname": "PSS_VIN", "cornername": "Nominal", "point": 1, "logfile": "/home/saul/projects/IL2244_VT26_SAUL/logs_saul/logs0/Job28.log"}
[2026-05-14 18:18:58.708 Z] [PROCESS] [cadence.virtuoso.ade.simulationMonitor] - Stay with the runId '6', Linger time '300', currentRunSyn '40', currentTestSyn '39' {"hostname": "edatools", "processid": 703335, "history": "Interactive.53", "testname": "PSS_VIN", "cornername": "Nominal", "point": 1, "logfile": "/home/saul/projects/IL2244_VT26_SAUL/logs_saul/logs0/Job28.log"}
[2026-05-14 18:18:59.712 Z] [PROCESS] [cadence.virtuoso.ade.simulationMonitor] - Stay with the runId '6', Linger time '300', currentRunSyn '40', currentTestSyn '39' {"hostname": "edatools", "processid": 703335, "history": "Interactive.53", "testname": "PSS_VIN", "cornername": "Nominal", "point": 1, "logfile": "/home/saul/projects/IL2244_VT26_SAUL/logs_saul/logs0/Job28.log"}
[2026-05-14 18:19:00.712 Z] [PROCESS] [cadence.virtuoso.ade.simulationMonitor] - Stay with the runId '6', Linger time '300', currentRunSyn '40', currentTestSyn '39' {"hostname": "edatools", "processid": 703335, "history": "Interactive.53", "testname": "PSS_VIN", "cornername": "Nominal", "point": 1, "logfile": "/home/saul/projects/IL2244_VT26_SAUL/logs_saul/logs0/Job28.log"}
[2026-05-14 18:19:01.719 Z] [PROCESS] [cadence.virtuoso.ade.simulationMonitor] - Stay with the runId '6', Linger time '300', currentRunSyn '40', currentTestSyn '39' {"hostname": "edatools", "processid": 703335, "history": "Interactive.53", "testname": "PSS_VIN", "cornername": "Nominal", "point": 1, "logfile": "/home/saul/projects/IL2244_VT26_SAUL/logs_saul/logs0/Job28.log"}
[2026-05-14 18:19:02.723 Z] [PROCESS] [cadence.virtuoso.ade.simulationMonitor] - Stay with the runId '6', Linger time '300', currentRunSyn '40', currentTestSyn '39' {"hostname": "edatools", "processid": 703335, "history": "Interactive.53", "testname": "PSS_VIN", "cornername": "Nominal", "point": 1, "logfile": "/home/saul/projects/IL2244_VT26_SAUL/logs_saul/logs0/Job28.log"}
[2026-05-14 18:19:03.727 Z] [PROCESS] [cadence.virtuoso.ade.simulationMonitor] - Stay with the runId '6', Linger time '300', currentRunSyn '40', currentTestSyn '39' {"hostname": "edatools", "processid": 703335, "history": "Interactive.53", "testname": "PSS_VIN", "cornername": "Nominal", "point": 1, "logfile": "/home/saul/projects/IL2244_VT26_SAUL/logs_saul/logs0/Job28.log"}
[2026-05-14 18:19:04.732 Z] [PROCESS] [cadence.virtuoso.ade.simulationMonitor] - Stay with the runId '6', Linger time '300', currentRunSyn '40', currentTestSyn '39' {"hostname": "edatools", "processid": 703335, "history": "Interactive.53", "testname": "PSS_VIN", "cornername": "Nominal", "point": 1, "logfile": "/home/saul/projects/IL2244_VT26_SAUL/logs_saul/logs0/Job28.log"}
[2026-05-14 18:19:05.736 Z] [PROCESS] [cadence.virtuoso.ade.simulationMonitor] - Stay with the runId '6', Linger time '300', currentRunSyn '40', currentTestSyn '39' {"hostname": "edatools", "processid": 703335, "history": "Interactive.53", "testname": "PSS_VIN", "cornername": "Nominal", "point": 1, "logfile": "/home/saul/projects/IL2244_VT26_SAUL/logs_saul/logs0/Job28.log"}
[2026-05-14 18:19:06.736 Z] [PROCESS] [cadence.virtuoso.ade.simulationMonitor] - Stay with the runId '6', Linger time '300', currentRunSyn '40', currentTestSyn '39' {"hostname": "edatools", "processid": 703335, "history": "Interactive.53", "testname": "PSS_VIN", "cornername": "Nominal", "point": 1, "logfile": "/home/saul/projects/IL2244_VT26_SAUL/logs_saul/logs0/Job28.log"}
[2026-05-14 18:19:07.737 Z] [PROCESS] [cadence.virtuoso.ade.simulationMonitor] - Stay with the runId '6', Linger time '300', currentRunSyn '40', currentTestSyn '39' {"hostname": "edatools", "processid": 703335, "history": "Interactive.53", "testname": "PSS_VIN", "cornername": "Nominal", "point": 1, "logfile": "/home/saul/projects/IL2244_VT26_SAUL/logs_saul/logs0/Job28.log"}
[2026-05-14 18:19:08.742 Z] [PROCESS] [cadence.virtuoso.ade.simulationMonitor] - Stay with the runId '6', Linger time '300', currentRunSyn '40', currentTestSyn '39' {"hostname": "edatools", "processid": 703335, "history": "Interactive.53", "testname": "PSS_VIN", "cornername": "Nominal", "point": 1, "logfile": "/home/saul/projects/IL2244_VT26_SAUL/logs_saul/logs0/Job28.log"}
[2026-05-14 18:19:09.744 Z] [PROCESS] [cadence.virtuoso.ade.simulationMonitor] - Stay with the runId '6', Linger time '300', currentRunSyn '40', currentTestSyn '39' {"hostname": "edatools", "processid": 703335, "history": "Interactive.53", "testname": "PSS_VIN", "cornername": "Nominal", "point": 1, "logfile": "/home/saul/projects/IL2244_VT26_SAUL/logs_saul/logs0/Job28.log"}
[2026-05-14 18:19:10.747 Z] [PROCESS] [cadence.virtuoso.ade.simulationMonitor] - Stay with the runId '6', Linger time '300', currentRunSyn '40', currentTestSyn '39' {"hostname": "edatools", "processid": 703335, "history": "Interactive.53", "testname": "PSS_VIN", "cornername": "Nominal", "point": 1, "logfile": "/home/saul/projects/IL2244_VT26_SAUL/logs_saul/logs0/Job28.log"}
[2026-05-14 18:19:11.752 Z] [PROCESS] [cadence.virtuoso.ade.simulationMonitor] - Stay with the runId '6', Linger time '300', currentRunSyn '40', currentTestSyn '39' {"hostname": "edatools", "processid": 703335, "history": "Interactive.53", "testname": "PSS_VIN", "cornername": "Nominal", "point": 1, "logfile": "/home/saul/projects/IL2244_VT26_SAUL/logs_saul/logs0/Job28.log"}
[2026-05-14 18:19:12.756 Z] [PROCESS] [cadence.virtuoso.ade.simulationMonitor] - Stay with the runId '6', Linger time '300', currentRunSyn '40', currentTestSyn '39' {"hostname": "edatools", "processid": 703335, "history": "Interactive.53", "testname": "PSS_VIN", "cornername": "Nominal", "point": 1, "logfile": "/home/saul/projects/IL2244_VT26_SAUL/logs_saul/logs0/Job28.log"}
[2026-05-14 18:19:13.764 Z] [PROCESS] [cadence.virtuoso.ade.simulationMonitor] - Stay with the runId '6', Linger time '300', currentRunSyn '40', currentTestSyn '39' {"hostname": "edatools", "processid": 703335, "history": "Interactive.53", "testname": "PSS_VIN", "cornername": "Nominal", "point": 1, "logfile": "/home/saul/projects/IL2244_VT26_SAUL/logs_saul/logs0/Job28.log"}
[2026-05-14 18:19:14.769 Z] [PROCESS] [cadence.virtuoso.ade.simulationMonitor] - Stay with the runId '6', Linger time '300', currentRunSyn '40', currentTestSyn '39' {"hostname": "edatools", "processid": 703335, "history": "Interactive.53", "testname": "PSS_VIN", "cornername": "Nominal", "point": 1, "logfile": "/home/saul/projects/IL2244_VT26_SAUL/logs_saul/logs0/Job28.log"}
[2026-05-14 18:19:15.775 Z] [PROCESS] [cadence.virtuoso.ade.simulationMonitor] - Stay with the runId '6', Linger time '300', currentRunSyn '40', currentTestSyn '39' {"hostname": "edatools", "processid": 703335, "history": "Interactive.53", "testname": "PSS_VIN", "cornername": "Nominal", "point": 1, "logfile": "/home/saul/projects/IL2244_VT26_SAUL/logs_saul/logs0/Job28.log"}
[2026-05-14 18:19:16.773 Z] [PROCESS] [cadence.virtuoso.ade.simulationMonitor] - Stay with the runId '6', Linger time '300', currentRunSyn '40', currentTestSyn '39' {"hostname": "edatools", "processid": 703335, "history": "Interactive.53", "testname": "PSS_VIN", "cornername": "Nominal", "point": 1, "logfile": "/home/saul/projects/IL2244_VT26_SAUL/logs_saul/logs0/Job28.log"}
[2026-05-14 18:19:17.780 Z] [PROCESS] [cadence.virtuoso.ade.simulationMonitor] - Stay with the runId '6', Linger time '300', currentRunSyn '40', currentTestSyn '39' {"hostname": "edatools", "processid": 703335, "history": "Interactive.53", "testname": "PSS_VIN", "cornername": "Nominal", "point": 1, "logfile": "/home/saul/projects/IL2244_VT26_SAUL/logs_saul/logs0/Job28.log"}
[2026-05-14 18:19:18.786 Z] [PROCESS] [cadence.virtuoso.ade.simulationMonitor] - Stay with the runId '6', Linger time '300', currentRunSyn '40', currentTestSyn '39' {"hostname": "edatools", "processid": 703335, "history": "Interactive.53", "testname": "PSS_VIN", "cornername": "Nominal", "point": 1, "logfile": "/home/saul/projects/IL2244_VT26_SAUL/logs_saul/logs0/Job28.log"}
[2026-05-14 18:19:19.790 Z] [PROCESS] [cadence.virtuoso.ade.simulationMonitor] - Stay with the runId '6', Linger time '300', currentRunSyn '40', currentTestSyn '39' {"hostname": "edatools", "processid": 703335, "history": "Interactive.53", "testname": "PSS_VIN", "cornername": "Nominal", "point": 1, "logfile": "/home/saul/projects/IL2244_VT26_SAUL/logs_saul/logs0/Job28.log"}
[2026-05-14 18:19:20.790 Z] [PROCESS] [cadence.virtuoso.ade.simulationMonitor] - Stay with the runId '6', Linger time '300', currentRunSyn '40', currentTestSyn '39' {"hostname": "edatools", "processid": 703335, "history": "Interactive.53", "testname": "PSS_VIN", "cornername": "Nominal", "point": 1, "logfile": "/home/saul/projects/IL2244_VT26_SAUL/logs_saul/logs0/Job28.log"}
[2026-05-14 18:19:21.793 Z] [PROCESS] [cadence.virtuoso.ade.simulationMonitor] - Stay with the runId '6', Linger time '300', currentRunSyn '40', currentTestSyn '39' {"hostname": "edatools", "processid": 703335, "history": "Interactive.53", "testname": "PSS_VIN", "cornername": "Nominal", "point": 1, "logfile": "/home/saul/projects/IL2244_VT26_SAUL/logs_saul/logs0/Job28.log"}
[2026-05-14 18:19:22.794 Z] [PROCESS] [cadence.virtuoso.ade.simulationMonitor] - Stay with the runId '6', Linger time '300', currentRunSyn '40', currentTestSyn '39' {"hostname": "edatools", "processid": 703335, "history": "Interactive.53", "testname": "PSS_VIN", "cornername": "Nominal", "point": 1, "logfile": "/home/saul/projects/IL2244_VT26_SAUL/logs_saul/logs0/Job28.log"}
[2026-05-14 18:19:23.798 Z] [PROCESS] [cadence.virtuoso.ade.simulationMonitor] - Stay with the runId '6', Linger time '300', currentRunSyn '40', currentTestSyn '39' {"hostname": "edatools", "processid": 703335, "history": "Interactive.53", "testname": "PSS_VIN", "cornername": "Nominal", "point": 1, "logfile": "/home/saul/projects/IL2244_VT26_SAUL/logs_saul/logs0/Job28.log"}
[2026-05-14 18:19:24.801 Z] [PROCESS] [cadence.virtuoso.ade.simulationMonitor] - Stay with the runId '6', Linger time '300', currentRunSyn '40', currentTestSyn '39' {"hostname": "edatools", "processid": 703335, "history": "Interactive.53", "testname": "PSS_VIN", "cornername": "Nominal", "point": 1, "logfile": "/home/saul/projects/IL2244_VT26_SAUL/logs_saul/logs0/Job28.log"}
[2026-05-14 18:19:25.797 Z] [PROCESS] [cadence.virtuoso.ade.simulationMonitor] - Stay with the runId '6', Linger time '300', currentRunSyn '40', currentTestSyn '39' {"hostname": "edatools", "processid": 703335, "history": "Interactive.53", "testname": "PSS_VIN", "cornername": "Nominal", "point": 1, "logfile": "/home/saul/projects/IL2244_VT26_SAUL/logs_saul/logs0/Job28.log"}
[2026-05-14 18:19:26.804 Z] [PROCESS] [cadence.virtuoso.ade.simulationMonitor] - Stay with the runId '6', Linger time '300', currentRunSyn '40', currentTestSyn '39' {"hostname": "edatools", "processid": 703335, "history": "Interactive.53", "testname": "PSS_VIN", "cornername": "Nominal", "point": 1, "logfile": "/home/saul/projects/IL2244_VT26_SAUL/logs_saul/logs0/Job28.log"}
[2026-05-14 18:19:27.808 Z] [PROCESS] [cadence.virtuoso.ade.simulationMonitor] - Stay with the runId '6', Linger time '300', currentRunSyn '40', currentTestSyn '39' {"hostname": "edatools", "processid": 703335, "history": "Interactive.53", "testname": "PSS_VIN", "cornername": "Nominal", "point": 1, "logfile": "/home/saul/projects/IL2244_VT26_SAUL/logs_saul/logs0/Job28.log"}
[2026-05-14 18:19:28.815 Z] [PROCESS] [cadence.virtuoso.ade.simulationMonitor] - Stay with the runId '6', Linger time '300', currentRunSyn '40', currentTestSyn '39' {"hostname": "edatools", "processid": 703335, "history": "Interactive.53", "testname": "PSS_VIN", "cornername": "Nominal", "point": 1, "logfile": "/home/saul/projects/IL2244_VT26_SAUL/logs_saul/logs0/Job28.log"}
[2026-05-14 18:19:29.820 Z] [PROCESS] [cadence.virtuoso.ade.simulationMonitor] - Stay with the runId '6', Linger time '300', currentRunSyn '40', currentTestSyn '39' {"hostname": "edatools", "processid": 703335, "history": "Interactive.53", "testname": "PSS_VIN", "cornername": "Nominal", "point": 1, "logfile": "/home/saul/projects/IL2244_VT26_SAUL/logs_saul/logs0/Job28.log"}
[2026-05-14 18:19:30.822 Z] [PROCESS] [cadence.virtuoso.ade.simulationMonitor] - Stay with the runId '6', Linger time '300', currentRunSyn '40', currentTestSyn '39' {"hostname": "edatools", "processid": 703335, "history": "Interactive.53", "testname": "PSS_VIN", "cornername": "Nominal", "point": 1, "logfile": "/home/saul/projects/IL2244_VT26_SAUL/logs_saul/logs0/Job28.log"}
[2026-05-14 18:19:31.826 Z] [PROCESS] [cadence.virtuoso.ade.simulationMonitor] - Stay with the runId '6', Linger time '300', currentRunSyn '40', currentTestSyn '39' {"hostname": "edatools", "processid": 703335, "history": "Interactive.53", "testname": "PSS_VIN", "cornername": "Nominal", "point": 1, "logfile": "/home/saul/projects/IL2244_VT26_SAUL/logs_saul/logs0/Job28.log"}
[2026-05-14 18:19:32.826 Z] [PROCESS] [cadence.virtuoso.ade.simulationMonitor] - Stay with the runId '6', Linger time '300', currentRunSyn '40', currentTestSyn '39' {"hostname": "edatools", "processid": 703335, "history": "Interactive.53", "testname": "PSS_VIN", "cornername": "Nominal", "point": 1, "logfile": "/home/saul/projects/IL2244_VT26_SAUL/logs_saul/logs0/Job28.log"}
[2026-05-14 18:19:33.827 Z] [PROCESS] [cadence.virtuoso.ade.simulationMonitor] - Stay with the runId '6', Linger time '300', currentRunSyn '40', currentTestSyn '39' {"hostname": "edatools", "processid": 703335, "history": "Interactive.53", "testname": "PSS_VIN", "cornername": "Nominal", "point": 1, "logfile": "/home/saul/projects/IL2244_VT26_SAUL/logs_saul/logs0/Job28.log"}
[2026-05-14 18:19:34.834 Z] [PROCESS] [cadence.virtuoso.ade.simulationMonitor] - Stay with the runId '6', Linger time '300', currentRunSyn '40', currentTestSyn '39' {"hostname": "edatools", "processid": 703335, "history": "Interactive.53", "testname": "PSS_VIN", "cornername": "Nominal", "point": 1, "logfile": "/home/saul/projects/IL2244_VT26_SAUL/logs_saul/logs0/Job28.log"}
[2026-05-14 18:19:35.840 Z] [PROCESS] [cadence.virtuoso.ade.simulationMonitor] - Stay with the runId '6', Linger time '300', currentRunSyn '40', currentTestSyn '39' {"hostname": "edatools", "processid": 703335, "history": "Interactive.53", "testname": "PSS_VIN", "cornername": "Nominal", "point": 1, "logfile": "/home/saul/projects/IL2244_VT26_SAUL/logs_saul/logs0/Job28.log"}
[2026-05-14 18:19:36.843 Z] [PROCESS] [cadence.virtuoso.ade.simulationMonitor] - Stay with the runId '6', Linger time '300', currentRunSyn '40', currentTestSyn '39' {"hostname": "edatools", "processid": 703335, "history": "Interactive.53", "testname": "PSS_VIN", "cornername": "Nominal", "point": 1, "logfile": "/home/saul/projects/IL2244_VT26_SAUL/logs_saul/logs0/Job28.log"}
[2026-05-14 18:19:37.844 Z] [PROCESS] [cadence.virtuoso.ade.simulationMonitor] - Stay with the runId '6', Linger time '300', currentRunSyn '40', currentTestSyn '39' {"hostname": "edatools", "processid": 703335, "history": "Interactive.53", "testname": "PSS_VIN", "cornername": "Nominal", "point": 1, "logfile": "/home/saul/projects/IL2244_VT26_SAUL/logs_saul/logs0/Job28.log"}
[2026-05-14 18:19:38.848 Z] [PROCESS] [cadence.virtuoso.ade.simulationMonitor] - Stay with the runId '6', Linger time '300', currentRunSyn '40', currentTestSyn '39' {"hostname": "edatools", "processid": 703335, "history": "Interactive.53", "testname": "PSS_VIN", "cornername": "Nominal", "point": 1, "logfile": "/home/saul/projects/IL2244_VT26_SAUL/logs_saul/logs0/Job28.log"}
[2026-05-14 18:19:39.847 Z] [PROCESS] [cadence.virtuoso.ade.simulationMonitor] - Stay with the runId '6', Linger time '300', currentRunSyn '40', currentTestSyn '39' {"hostname": "edatools", "processid": 703335, "history": "Interactive.53", "testname": "PSS_VIN", "cornername": "Nominal", "point": 1, "logfile": "/home/saul/projects/IL2244_VT26_SAUL/logs_saul/logs0/Job28.log"}
[2026-05-14 18:19:40.851 Z] [PROCESS] [cadence.virtuoso.ade.simulationMonitor] - Stay with the runId '6', Linger time '300', currentRunSyn '40', currentTestSyn '39' {"hostname": "edatools", "processid": 703335, "history": "Interactive.53", "testname": "PSS_VIN", "cornername": "Nominal", "point": 1, "logfile": "/home/saul/projects/IL2244_VT26_SAUL/logs_saul/logs0/Job28.log"}
[2026-05-14 18:19:41.854 Z] [PROCESS] [cadence.virtuoso.ade.simulationMonitor] - Stay with the runId '6', Linger time '300', currentRunSyn '40', currentTestSyn '39' {"hostname": "edatools", "processid": 703335, "history": "Interactive.53", "testname": "PSS_VIN", "cornername": "Nominal", "point": 1, "logfile": "/home/saul/projects/IL2244_VT26_SAUL/logs_saul/logs0/Job28.log"}
[2026-05-14 18:19:42.863 Z] [PROCESS] [cadence.virtuoso.ade.simulationMonitor] - Stay with the runId '6', Linger time '300', currentRunSyn '40', currentTestSyn '39' {"hostname": "edatools", "processid": 703335, "history": "Interactive.53", "testname": "PSS_VIN", "cornername": "Nominal", "point": 1, "logfile": "/home/saul/projects/IL2244_VT26_SAUL/logs_saul/logs0/Job28.log"}
[2026-05-14 18:19:43.870 Z] [PROCESS] [cadence.virtuoso.ade.simulationMonitor] - Stay with the runId '6', Linger time '300', currentRunSyn '40', currentTestSyn '39' {"hostname": "edatools", "processid": 703335, "history": "Interactive.53", "testname": "PSS_VIN", "cornername": "Nominal", "point": 1, "logfile": "/home/saul/projects/IL2244_VT26_SAUL/logs_saul/logs0/Job28.log"}
[2026-05-14 18:19:44.871 Z] [PROCESS] [cadence.virtuoso.ade.simulationMonitor] - Stay with the runId '6', Linger time '300', currentRunSyn '40', currentTestSyn '39' {"hostname": "edatools", "processid": 703335, "history": "Interactive.53", "testname": "PSS_VIN", "cornername": "Nominal", "point": 1, "logfile": "/home/saul/projects/IL2244_VT26_SAUL/logs_saul/logs0/Job28.log"}
[2026-05-14 18:19:45.876 Z] [PROCESS] [cadence.virtuoso.ade.simulationMonitor] - Stay with the runId '6', Linger time '300', currentRunSyn '40', currentTestSyn '39' {"hostname": "edatools", "processid": 703335, "history": "Interactive.53", "testname": "PSS_VIN", "cornername": "Nominal", "point": 1, "logfile": "/home/saul/projects/IL2244_VT26_SAUL/logs_saul/logs0/Job28.log"}
[2026-05-14 18:19:46.879 Z] [PROCESS] [cadence.virtuoso.ade.simulationMonitor] - Stay with the runId '6', Linger time '300', currentRunSyn '40', currentTestSyn '39' {"hostname": "edatools", "processid": 703335, "history": "Interactive.53", "testname": "PSS_VIN", "cornername": "Nominal", "point": 1, "logfile": "/home/saul/projects/IL2244_VT26_SAUL/logs_saul/logs0/Job28.log"}
[2026-05-14 18:19:47.881 Z] [PROCESS] [cadence.virtuoso.ade.simulationMonitor] - Stay with the runId '6', Linger time '300', currentRunSyn '40', currentTestSyn '39' {"hostname": "edatools", "processid": 703335, "history": "Interactive.53", "testname": "PSS_VIN", "cornername": "Nominal", "point": 1, "logfile": "/home/saul/projects/IL2244_VT26_SAUL/logs_saul/logs0/Job28.log"}
[2026-05-14 18:19:48.882 Z] [PROCESS] [cadence.virtuoso.ade.simulationMonitor] - Stay with the runId '6', Linger time '300', currentRunSyn '40', currentTestSyn '39' {"hostname": "edatools", "processid": 703335, "history": "Interactive.53", "testname": "PSS_VIN", "cornername": "Nominal", "point": 1, "logfile": "/home/saul/projects/IL2244_VT26_SAUL/logs_saul/logs0/Job28.log"}
[2026-05-14 18:19:49.887 Z] [PROCESS] [cadence.virtuoso.ade.simulationMonitor] - Stay with the runId '6', Linger time '300', currentRunSyn '40', currentTestSyn '39' {"hostname": "edatools", "processid": 703335, "history": "Interactive.53", "testname": "PSS_VIN", "cornername": "Nominal", "point": 1, "logfile": "/home/saul/projects/IL2244_VT26_SAUL/logs_saul/logs0/Job28.log"}
[2026-05-14 18:19:50.886 Z] [PROCESS] [cadence.virtuoso.ade.simulationMonitor] - Stay with the runId '6', Linger time '300', currentRunSyn '40', currentTestSyn '39' {"hostname": "edatools", "processid": 703335, "history": "Interactive.53", "testname": "PSS_VIN", "cornername": "Nominal", "point": 1, "logfile": "/home/saul/projects/IL2244_VT26_SAUL/logs_saul/logs0/Job28.log"}
[2026-05-14 18:19:51.888 Z] [PROCESS] [cadence.virtuoso.ade.simulationMonitor] - Stay with the runId '6', Linger time '300', currentRunSyn '40', currentTestSyn '39' {"hostname": "edatools", "processid": 703335, "history": "Interactive.53", "testname": "PSS_VIN", "cornername": "Nominal", "point": 1, "logfile": "/home/saul/projects/IL2244_VT26_SAUL/logs_saul/logs0/Job28.log"}
[2026-05-14 18:19:52.890 Z] [PROCESS] [cadence.virtuoso.ade.simulationMonitor] - Stay with the runId '6', Linger time '300', currentRunSyn '40', currentTestSyn '39' {"hostname": "edatools", "processid": 703335, "history": "Interactive.53", "testname": "PSS_VIN", "cornername": "Nominal", "point": 1, "logfile": "/home/saul/projects/IL2244_VT26_SAUL/logs_saul/logs0/Job28.log"}
[2026-05-14 18:19:53.891 Z] [PROCESS] [cadence.virtuoso.ade.simulationMonitor] - Stay with the runId '6', Linger time '300', currentRunSyn '40', currentTestSyn '39' {"hostname": "edatools", "processid": 703335, "history": "Interactive.53", "testname": "PSS_VIN", "cornername": "Nominal", "point": 1, "logfile": "/home/saul/projects/IL2244_VT26_SAUL/logs_saul/logs0/Job28.log"}
[2026-05-14 18:19:54.894 Z] [PROCESS] [cadence.virtuoso.ade.simulationMonitor] - Stay with the runId '6', Linger time '300', currentRunSyn '40', currentTestSyn '39' {"hostname": "edatools", "processid": 703335, "history": "Interactive.53", "testname": "PSS_VIN", "cornername": "Nominal", "point": 1, "logfile": "/home/saul/projects/IL2244_VT26_SAUL/logs_saul/logs0/Job28.log"}
[2026-05-14 18:19:55.893 Z] [PROCESS] [cadence.virtuoso.ade.simulationMonitor] - Stay with the runId '6', Linger time '300', currentRunSyn '40', currentTestSyn '39' {"hostname": "edatools", "processid": 703335, "history": "Interactive.53", "testname": "PSS_VIN", "cornername": "Nominal", "point": 1, "logfile": "/home/saul/projects/IL2244_VT26_SAUL/logs_saul/logs0/Job28.log"}
[2026-05-14 18:19:56.893 Z] [PROCESS] [cadence.virtuoso.ade.simulationMonitor] - Stay with the runId '6', Linger time '300', currentRunSyn '40', currentTestSyn '39' {"hostname": "edatools", "processid": 703335, "history": "Interactive.53", "testname": "PSS_VIN", "cornername": "Nominal", "point": 1, "logfile": "/home/saul/projects/IL2244_VT26_SAUL/logs_saul/logs0/Job28.log"}
[2026-05-14 18:19:57.894 Z] [PROCESS] [cadence.virtuoso.ade.simulationMonitor] - Stay with the runId '6', Linger time '300', currentRunSyn '40', currentTestSyn '39' {"hostname": "edatools", "processid": 703335, "history": "Interactive.53", "testname": "PSS_VIN", "cornername": "Nominal", "point": 1, "logfile": "/home/saul/projects/IL2244_VT26_SAUL/logs_saul/logs0/Job28.log"}
[2026-05-14 18:19:58.898 Z] [PROCESS] [cadence.virtuoso.ade.simulationMonitor] - Stay with the runId '6', Linger time '300', currentRunSyn '40', currentTestSyn '39' {"hostname": "edatools", "processid": 703335, "history": "Interactive.53", "testname": "PSS_VIN", "cornername": "Nominal", "point": 1, "logfile": "/home/saul/projects/IL2244_VT26_SAUL/logs_saul/logs0/Job28.log"}
[2026-05-14 18:19:59.905 Z] [PROCESS] [cadence.virtuoso.ade.simulationMonitor] - Stay with the runId '6', Linger time '300', currentRunSyn '40', currentTestSyn '39' {"hostname": "edatools", "processid": 703335, "history": "Interactive.53", "testname": "PSS_VIN", "cornername": "Nominal", "point": 1, "logfile": "/home/saul/projects/IL2244_VT26_SAUL/logs_saul/logs0/Job28.log"}
[2026-05-14 18:20:00.906 Z] [PROCESS] [cadence.virtuoso.ade.simulationMonitor] - Stay with the runId '6', Linger time '300', currentRunSyn '40', currentTestSyn '39' {"hostname": "edatools", "processid": 703335, "history": "Interactive.53", "testname": "PSS_VIN", "cornername": "Nominal", "point": 1, "logfile": "/home/saul/projects/IL2244_VT26_SAUL/logs_saul/logs0/Job28.log"}
[2026-05-14 18:20:01.906 Z] [PROCESS] [cadence.virtuoso.ade.simulationMonitor] - Stay with the runId '6', Linger time '300', currentRunSyn '40', currentTestSyn '39' {"hostname": "edatools", "processid": 703335, "history": "Interactive.53", "testname": "PSS_VIN", "cornername": "Nominal", "point": 1, "logfile": "/home/saul/projects/IL2244_VT26_SAUL/logs_saul/logs0/Job28.log"}
[2026-05-14 18:20:02.908 Z] [PROCESS] [cadence.virtuoso.ade.simulationMonitor] - Stay with the runId '6', Linger time '300', currentRunSyn '40', currentTestSyn '39' {"hostname": "edatools", "processid": 703335, "history": "Interactive.53", "testname": "PSS_VIN", "cornername": "Nominal", "point": 1, "logfile": "/home/saul/projects/IL2244_VT26_SAUL/logs_saul/logs0/Job28.log"}
[2026-05-14 18:20:03.912 Z] [PROCESS] [cadence.virtuoso.ade.simulationMonitor] - Stay with the runId '6', Linger time '300', currentRunSyn '40', currentTestSyn '39' {"hostname": "edatools", "processid": 703335, "history": "Interactive.53", "testname": "PSS_VIN", "cornername": "Nominal", "point": 1, "logfile": "/home/saul/projects/IL2244_VT26_SAUL/logs_saul/logs0/Job28.log"}
[2026-05-14 18:20:04.918 Z] [PROCESS] [cadence.virtuoso.ade.simulationMonitor] - Stay with the runId '6', Linger time '300', currentRunSyn '40', currentTestSyn '39' {"hostname": "edatools", "processid": 703335, "history": "Interactive.53", "testname": "PSS_VIN", "cornername": "Nominal", "point": 1, "logfile": "/home/saul/projects/IL2244_VT26_SAUL/logs_saul/logs0/Job28.log"}
[2026-05-14 18:20:05.922 Z] [PROCESS] [cadence.virtuoso.ade.simulationMonitor] - Stay with the runId '6', Linger time '300', currentRunSyn '40', currentTestSyn '39' {"hostname": "edatools", "processid": 703335, "history": "Interactive.53", "testname": "PSS_VIN", "cornername": "Nominal", "point": 1, "logfile": "/home/saul/projects/IL2244_VT26_SAUL/logs_saul/logs0/Job28.log"}
[2026-05-14 18:20:06.920 Z] [PROCESS] [cadence.virtuoso.ade.simulationMonitor] - Stay with the runId '6', Linger time '300', currentRunSyn '40', currentTestSyn '39' {"hostname": "edatools", "processid": 703335, "history": "Interactive.53", "testname": "PSS_VIN", "cornername": "Nominal", "point": 1, "logfile": "/home/saul/projects/IL2244_VT26_SAUL/logs_saul/logs0/Job28.log"}
[2026-05-14 18:20:07.922 Z] [PROCESS] [cadence.virtuoso.ade.simulationMonitor] - Stay with the runId '6', Linger time '300', currentRunSyn '40', currentTestSyn '39' {"hostname": "edatools", "processid": 703335, "history": "Interactive.53", "testname": "PSS_VIN", "cornername": "Nominal", "point": 1, "logfile": "/home/saul/projects/IL2244_VT26_SAUL/logs_saul/logs0/Job28.log"}
[2026-05-14 18:20:08.929 Z] [PROCESS] [cadence.virtuoso.ade.simulationMonitor] - Stay with the runId '6', Linger time '300', currentRunSyn '40', currentTestSyn '39' {"hostname": "edatools", "processid": 703335, "history": "Interactive.53", "testname": "PSS_VIN", "cornername": "Nominal", "point": 1, "logfile": "/home/saul/projects/IL2244_VT26_SAUL/logs_saul/logs0/Job28.log"}
[2026-05-14 18:20:09.933 Z] [PROCESS] [cadence.virtuoso.ade.simulationMonitor] - Stay with the runId '6', Linger time '300', currentRunSyn '40', currentTestSyn '39' {"hostname": "edatools", "processid": 703335, "history": "Interactive.53", "testname": "PSS_VIN", "cornername": "Nominal", "point": 1, "logfile": "/home/saul/projects/IL2244_VT26_SAUL/logs_saul/logs0/Job28.log"}
[2026-05-14 18:20:10.937 Z] [PROCESS] [cadence.virtuoso.ade.simulationMonitor] - Stay with the runId '6', Linger time '300', currentRunSyn '40', currentTestSyn '39' {"hostname": "edatools", "processid": 703335, "history": "Interactive.53", "testname": "PSS_VIN", "cornername": "Nominal", "point": 1, "logfile": "/home/saul/projects/IL2244_VT26_SAUL/logs_saul/logs0/Job28.log"}
[2026-05-14 18:20:11.936 Z] [PROCESS] [cadence.virtuoso.ade.simulationMonitor] - Current memory used: 52.3867 MBytes, peak memory used: 52.3867 MBytes {"hostname": "edatools", "processid": 703335, "history": "Interactive.53", "testname": "PSS_VIN", "cornername": "Nominal", "point": 1, "logfile": "/home/saul/projects/IL2244_VT26_SAUL/logs_saul/logs0/Job28.log"}
[2026-05-14 18:20:11.937 Z] [PROCESS] [cadence.virtuoso.ade.simulationMonitor] - Simulation Monitor process exit. {"hostname": "edatools", "processid": 703335, "history": "Interactive.53", "testname": "PSS_VIN", "cornername": "Nominal", "point": 1, "logfile": "/home/saul/projects/IL2244_VT26_SAUL/logs_saul/logs0/Job28.log"}
