[Simulation Monitor: 39]
[2026-05-26 08:12:02.746 Z] [PROCESS] [cadence.virtuoso.ade.simulationMonitor] - Simulation Monitor has successfully started up. Trying to set up communication channels to other components ... {"hostname": "edatools", "processid": 229994, "logfile": "/home/saul/projects/IL2244_VT26_SAUL/logs_saul/logs0/Job39.log"}
[2026-05-26 08:12:02.746 Z] [PROCESS] [cadence.virtuoso.ade.simulationMonitor] - Communication channels have been successfully set up. Start processing events ... {"hostname": "edatools", "processid": 229994, "logfile": "/home/saul/projects/IL2244_VT26_SAUL/logs_saul/logs0/Job39.log"}
[2026-05-26 08:12:02.747 Z] [PROCESS] [cadence.virtuoso.ade.simulationMonitor] - Considering to start history {"hostname": "edatools", "processid": 229994, "history": "Interactive.76", "logfile": "/home/saul/projects/IL2244_VT26_SAUL/logs_saul/logs0/Job39.log"}
[2026-05-26 08:12:02.748 Z] [PROCESS] [cadence.virtuoso.ade.simulationMonitor] - HostInfo:
Host name (type):	edatools (x86_64)
Operating system:	Linux 6.17.0-29-generic #29~24.04.1-Ubuntu SMP PREEMPT_DYNAMIC Mon May 11 10:30:58 UTC 2 {"hostname": "edatools", "processid": 229994, "history": "Interactive.76", "logfile": "/home/saul/projects/IL2244_VT26_SAUL/logs_saul/logs0/Job39.log", "nodename": "edatools", "domainname": "(none)", "machine": "x86_64", "sysname": "Linux", "release": "6.17.0-29-generic", "version": "#29~24.04.1-Ubuntu SMP PREEMPT_DYNAMIC Mon May 11 10:30:58 UTC 2"}
[2026-05-26 08:12:02.748 Z] [PROCESS] [cadence.virtuoso.ade.simulationMonitor] - UsageInfo:
pid=229994
totalPhysicalMemory=62.544987GB,Used=44.273693GB,totalVirtualMemory=70.544983GB,Used=44.273693GB
Cpu: Cores=16, Load average:1.060000,2.370000,3.220000 {"hostname": "edatools", "processid": 229994, "history": "Interactive.76", "logfile": "/home/saul/projects/IL2244_VT26_SAUL/logs_saul/logs0/Job39.log", "pid": "229994", "totalPhysicalMemory": "62.544987", "physicalMemoryUsed": "44.273693", "totalVirtualMemory": "70.544983", "virtualMemoryUsed": "44.273693", "cpuCores": "16", "processes": "1859", "loadAverage1": "1.060000", "loadAverage5": "2.370000", "loadAverage15": "3.220000", "loadAverage1Percent": "0.066250"}
[2026-05-26 08:12:02.749 Z] [EVENT] [cadence.virtuoso.ade.simulationMonitor] - NewPoint {"history": "Interactive.76", "point": 3, "testname": "TRAN_VDD_PULSE", "cornername": "CMOS_RES_CAP_TEMP_1", "event": "NewPoint", "EventSource": "Simulation Monitor", "HistoryName": "Interactive.76", "logFile": "/home/saul/projects/IL2244_VT26_SAUL/logs_saul/logs0/Job39.log", "logFileSize": "2198"}
[2026-05-26 08:12:02.849 Z] [EVENT] [cadence.virtuoso.ade.simulationMonitor] - NewPoint {"history": "Interactive.76", "point": 3, "testname": "TRAN_VDD_PULSE", "cornername": "CMOS_RES_CAP_TEMP_1", "event": "NewPoint", "EventSource": "spectre", "HistoryName": "Interactive.76", "logFile": "/home/saul/projects/IL2244_VT26_SAUL/Sim/FECG/fecg_front_end_tran_tb/maestro/results/maestro/Interactive.76/3/TRAN_VDD_PULSE/psf/spectre.out", "logFileSize": "-1"}
[2026-05-26 08:12:02.867 Z] [PROCESS] [cadence.virtuoso.ade.simulationMonitor] - Simulator launched {"hostname": "edatools", "processid": 229994, "history": "Interactive.76", "testname": "TRAN_VDD_PULSE", "cornername": "CMOS_RES_CAP_TEMP_1", "point": 3, "logfile": "/home/saul/projects/IL2244_VT26_SAUL/logs_saul/logs0/Job39.log", "simid": "1"}
[2026-05-26 08:12:02.868 Z] [PROCESS] [cadence.virtuoso.ade.simulationMonitor] - Expression evaluator launched {"hostname": "edatools", "processid": 229994, "history": "Interactive.76", "testname": "TRAN_VDD_PULSE", "cornername": "CMOS_RES_CAP_TEMP_1", "point": 3, "logfile": "/home/saul/projects/IL2244_VT26_SAUL/logs_saul/logs0/Job39.log"}
[2026-05-26 08:12:02.882 Z] [PROCESS] [cadence.virtuoso.ade.simulationMonitor] - Started Simulation {"hostname": "edatools", "processid": 229994, "history": "Interactive.76", "testname": "TRAN_VDD_PULSE", "cornername": "CMOS_RES_CAP_TEMP_1", "point": 3, "logfile": "/home/saul/projects/IL2244_VT26_SAUL/logs_saul/logs0/Job39.log", "event": "started", "task": "simulation"}
[2026-05-26 08:12:03.382 Z] [INFO] [cadence.virtuoso.ade.simulationMonitor] - Notice from spectre during circuit read-in.
    Pre_Configuration file used: /opt/tools/cadence/installs/SPECTRE241/tools.lnx86/spectre/etc/configs/preset.precfg
    Configuration file used: `/opt/tools/cadence/installs/SPECTRE241/tools.lnx86/spectre/etc/configs/preset.cfg'. {"history": "Interactive.76", "point": 3, "testname": "TRAN_VDD_PULSE", "cornername": "CMOS_RES_CAP_TEMP_1"}
[2026-05-26 08:12:03.383 Z] [WARN] [cadence.virtuoso.ade.simulationMonitor] -     WARNING (SPECTRE-8360): line 1511: `ac' is an undefined primitive device. {"history": "Interactive.76", "point": 3, "testname": "TRAN_VDD_PULSE", "cornername": "CMOS_RES_CAP_TEMP_1"}
[2026-05-26 08:12:03.384 Z] [WARN] [cadence.virtuoso.ade.simulationMonitor] -     WARNING (SPECTRE-8360): line 1512: `ac' is an undefined primitive device. {"history": "Interactive.76", "point": 3, "testname": "TRAN_VDD_PULSE", "cornername": "CMOS_RES_CAP_TEMP_1"}
[2026-05-26 08:12:03.385 Z] [WARN] [cadence.virtuoso.ade.simulationMonitor] -     WARNING (SPECTRE-8360): line 1513: `ac' is an undefined primitive device. {"history": "Interactive.76", "point": 3, "testname": "TRAN_VDD_PULSE", "cornername": "CMOS_RES_CAP_TEMP_1"}
[2026-05-26 08:12:03.385 Z] [WARN] [cadence.virtuoso.ade.simulationMonitor] -     WARNING (SPECTRE-8360): line 1514: `ac' is an undefined primitive device. {"history": "Interactive.76", "point": 3, "testname": "TRAN_VDD_PULSE", "cornername": "CMOS_RES_CAP_TEMP_1"}
[2026-05-26 08:12:03.386 Z] [WARN] [cadence.virtuoso.ade.simulationMonitor] -     WARNING (SPECTRE-8360): line 1515: `ac' is an undefined primitive device.
        Further occurrences of this warning will be suppressed. {"history": "Interactive.76", "point": 3, "testname": "TRAN_VDD_PULSE", "cornername": "CMOS_RES_CAP_TEMP_1"}
[2026-05-26 08:12:03.386 Z] [INFO] [cadence.virtuoso.ade.simulationMonitor] - Peak resident memory used = 174 Mbytes. {"history": "Interactive.76", "point": 3, "testname": "TRAN_VDD_PULSE", "cornername": "CMOS_RES_CAP_TEMP_1"}
[2026-05-26 08:12:03.387 Z] [WARN] [cadence.virtuoso.ade.simulationMonitor] -     WARNING (VACOMP-2435): The environment variable CDS_AHDLCMI_ENABLE is no longer supported. Therefore, the simulator will use the default compiled C code flow. {"history": "Interactive.76", "point": 3, "testname": "TRAN_VDD_PULSE", "cornername": "CMOS_RES_CAP_TEMP_1"}
[2026-05-26 08:12:03.388 Z] [WARN] [cadence.virtuoso.ade.simulationMonitor] -     WARNING (SFE-3014): The floating device I19.I0.I5.MN14<0>_turbo_m4 is removed. {"history": "Interactive.76", "point": 3, "testname": "TRAN_VDD_PULSE", "cornername": "CMOS_RES_CAP_TEMP_1"}
[2026-05-26 08:12:03.388 Z] [WARN] [cadence.virtuoso.ade.simulationMonitor] -     WARNING (SFE-3012): The dummy device I19.I4.MP16<0>_turbo_m41 is removed. {"history": "Interactive.76", "point": 3, "testname": "TRAN_VDD_PULSE", "cornername": "CMOS_RES_CAP_TEMP_1"}
[2026-05-26 08:12:03.389 Z] [WARN] [cadence.virtuoso.ade.simulationMonitor] -     WARNING (SFE-3014): The floating device I19.I8.MN57<0>_turbo_m28 is removed. {"history": "Interactive.76", "point": 3, "testname": "TRAN_VDD_PULSE", "cornername": "CMOS_RES_CAP_TEMP_1"}
[2026-05-26 08:12:03.389 Z] [WARN] [cadence.virtuoso.ade.simulationMonitor] -     WARNING (SFE-3012): The dummy device I19.I14.MP13<0>_turbo_m4 is removed. {"history": "Interactive.76", "point": 3, "testname": "TRAN_VDD_PULSE", "cornername": "CMOS_RES_CAP_TEMP_1"}
[2026-05-26 08:12:03.390 Z] [WARN] [cadence.virtuoso.ade.simulationMonitor] -     WARNING (SFE-3031): The floating capacitor I19.I12.C10<0>_turbo_m12.C1 is removed. {"history": "Interactive.76", "point": 3, "testname": "TRAN_VDD_PULSE", "cornername": "CMOS_RES_CAP_TEMP_1"}
[2026-05-26 08:12:03.390 Z] [WARN] [cadence.virtuoso.ade.simulationMonitor] -     WARNING (SFE-3014): The floating device I19.I2.MN37<0>_turbo_m4 is removed. {"history": "Interactive.76", "point": 3, "testname": "TRAN_VDD_PULSE", "cornername": "CMOS_RES_CAP_TEMP_1"}
[2026-05-26 08:12:03.392 Z] [WARN] [cadence.virtuoso.ade.simulationMonitor] -     WARNING (SFE-3012): The dummy device I19.I0.I5.MP12<0>_turbo_m2 is removed. {"history": "Interactive.76", "point": 3, "testname": "TRAN_VDD_PULSE", "cornername": "CMOS_RES_CAP_TEMP_1"}
[2026-05-26 08:12:03.392 Z] [WARN] [cadence.virtuoso.ade.simulationMonitor] -     WARNING (SFE-3014): The floating device I19.I0.MN13<0>_turbo_m4 is removed. {"history": "Interactive.76", "point": 3, "testname": "TRAN_VDD_PULSE", "cornername": "CMOS_RES_CAP_TEMP_1"}
[2026-05-26 08:12:03.393 Z] [WARN] [cadence.virtuoso.ade.simulationMonitor] -     WARNING (SFE-3012): The dummy device I19.I0.I3.MP13<0>_turbo_m4 is removed. {"history": "Interactive.76", "point": 3, "testname": "TRAN_VDD_PULSE", "cornername": "CMOS_RES_CAP_TEMP_1"}
[2026-05-26 08:12:03.393 Z] [WARN] [cadence.virtuoso.ade.simulationMonitor] -     WARNING (SFE-3031): The floating capacitor I19.I12.C6<0>_turbo_m3.C1 is removed. {"history": "Interactive.76", "point": 3, "testname": "TRAN_VDD_PULSE", "cornername": "CMOS_RES_CAP_TEMP_1"}
[2026-05-26 08:12:03.394 Z] [WARN] [cadence.virtuoso.ade.simulationMonitor] -     WARNING (SFE-3012): The dummy device I19.I0.MP11<0>_turbo_m4 is removed.
        Further occurrences of this warning will be suppressed. {"history": "Interactive.76", "point": 3, "testname": "TRAN_VDD_PULSE", "cornername": "CMOS_RES_CAP_TEMP_1"}
[2026-05-26 08:12:03.395 Z] [WARN] [cadence.virtuoso.ade.simulationMonitor] -     WARNING (SFE-3031): The floating capacitor I19.I11.C7<0>_turbo_m3.C1 is removed. {"history": "Interactive.76", "point": 3, "testname": "TRAN_VDD_PULSE", "cornername": "CMOS_RES_CAP_TEMP_1"}
[2026-05-26 08:12:03.396 Z] [WARN] [cadence.virtuoso.ade.simulationMonitor] -     WARNING (SFE-3014): The floating device I19.I12.MN57<0>_turbo_m28 is removed.
        Further occurrences of this warning will be suppressed. {"history": "Interactive.76", "point": 3, "testname": "TRAN_VDD_PULSE", "cornername": "CMOS_RES_CAP_TEMP_1"}
[2026-05-26 08:12:03.399 Z] [WARN] [cadence.virtuoso.ade.simulationMonitor] -     WARNING (SFE-3031): The floating capacitor I19.I11.C10<0>_turbo_m12.C1 is removed. {"history": "Interactive.76", "point": 3, "testname": "TRAN_VDD_PULSE", "cornername": "CMOS_RES_CAP_TEMP_1"}
[2026-05-26 08:12:03.400 Z] [WARN] [cadence.virtuoso.ade.simulationMonitor] -     WARNING (SFE-3031): The floating capacitor I19.I12.C7<0>_turbo_m3.C1 is removed.
        Further occurrences of this warning will be suppressed. {"history": "Interactive.76", "point": 3, "testname": "TRAN_VDD_PULSE", "cornername": "CMOS_RES_CAP_TEMP_1"}
[2026-05-26 08:12:03.400 Z] [INFO] [cadence.virtuoso.ade.simulationMonitor] - Notice from spectre during hierarchy flattening.
    The value 'psf' specified for the 'checklimitdest' option will no longer be supported in future releases. Use 'spectre -h' to see other recommended values for the 'checklimitdest' option. {"history": "Interactive.76", "point": 3, "testname": "TRAN_VDD_PULSE", "cornername": "CMOS_RES_CAP_TEMP_1"}
[2026-05-26 08:12:03.400 Z] [INFO] [cadence.virtuoso.ade.simulationMonitor] - Peak resident memory used = 189 Mbytes. {"history": "Interactive.76", "point": 3, "testname": "TRAN_VDD_PULSE", "cornername": "CMOS_RES_CAP_TEMP_1"}
[2026-05-26 08:12:03.401 Z] [INFO] [cadence.virtuoso.ade.simulationMonitor] - Notice from spectre during hierarchy flattening.
    The value 'psf' specified for the 'checklimitdest' option will no longer be supported in future releases. Use 'spectre -h' to see other recommended values for the 'checklimitdest' option.
    I19.I0.R10.CS0 of rpolyhc: `c' has the unusually small value of 0 F.
    I19.I0.R10.CS1 of rpolyhc: `c' has the unusually small value of 0 F.
    I19.I0.R9.CS0 of rpolyhc: `c' has the unusually small value of 0 F.
    I19.I0.R9.CS1 of rpolyhc: `c' has the unusually ... {"history": "Interactive.76", "point": 3, "testname": "TRAN_VDD_PULSE", "cornername": "CMOS_RES_CAP_TEMP_1"}
[2026-05-26 08:12:03.401 Z] [INFO] [cadence.virtuoso.ade.simulationMonitor] - Notice from spectre during hierarchy flattening.
    V17: `period' has the unusually large value of 20 s.
    V17: `width' has the unusually large value of 19 s.
    V16: `period' has the unusually large value of 10 s.
    V16: `width' has the unusually large value of 9 s.
    V9: `period' has the unusually large value of 10 s.
        Further occurrences of this notice will be suppressed. {"history": "Interactive.76", "point": 3, "testname": "TRAN_VDD_PULSE", "cornername": "CMOS_RES_CAP_TEMP_1"}
[2026-05-26 08:12:03.401 Z] [INFO] [cadence.virtuoso.ade.simulationMonitor] - Peak resident memory used = 192 Mbytes. {"history": "Interactive.76", "point": 3, "testname": "TRAN_VDD_PULSE", "cornername": "CMOS_RES_CAP_TEMP_1"}
[2026-05-26 08:12:03.402 Z] [WARN] [cadence.virtuoso.ade.simulationMonitor] -     WARNING (CMI-2425): I19.I0.C2: `Acde' = 2.393 is unusually large. {"history": "Interactive.76", "point": 3, "testname": "TRAN_VDD_PULSE", "cornername": "CMOS_RES_CAP_TEMP_1"}
[2026-05-26 08:12:03.402 Z] [WARN] [cadence.virtuoso.ade.simulationMonitor] -     WARNING (CMI-2425): I19.I0.C2: `Noff' = 4.732 is unusually large. {"history": "Interactive.76", "point": 3, "testname": "TRAN_VDD_PULSE", "cornername": "CMOS_RES_CAP_TEMP_1"}
[2026-05-26 08:12:03.402 Z] [WARN] [cadence.virtuoso.ade.simulationMonitor] -     WARNING (CMI-2424): I19.I0.C2: `Voffcv' = -867.4e-03 is unusually small. {"history": "Interactive.76", "point": 3, "testname": "TRAN_VDD_PULSE", "cornername": "CMOS_RES_CAP_TEMP_1"}
[2026-05-26 08:12:03.403 Z] [WARN] [cadence.virtuoso.ade.simulationMonitor] -     WARNING (CMI-2425): I19.I0.C3: `Acde' = 2.393 is unusually large. {"history": "Interactive.76", "point": 3, "testname": "TRAN_VDD_PULSE", "cornername": "CMOS_RES_CAP_TEMP_1"}
[2026-05-26 08:12:03.403 Z] [WARN] [cadence.virtuoso.ade.simulationMonitor] -     WARNING (CMI-2425): I19.I0.C3: `Noff' = 4.732 is unusually large. {"history": "Interactive.76", "point": 3, "testname": "TRAN_VDD_PULSE", "cornername": "CMOS_RES_CAP_TEMP_1"}
[2026-05-26 08:12:03.403 Z] [WARN] [cadence.virtuoso.ade.simulationMonitor] -     WARNING (CMI-2424): I19.I0.C3: `Voffcv' = -867.4e-03 is unusually small. {"history": "Interactive.76", "point": 3, "testname": "TRAN_VDD_PULSE", "cornername": "CMOS_RES_CAP_TEMP_1"}
[2026-05-26 08:12:03.403 Z] [WARN] [cadence.virtuoso.ade.simulationMonitor] -     WARNING (CMI-2425): I19.I0.C0: `Acde' = 2.393 is unusually large.
        Further occurrences of this warning will be suppressed. {"history": "Interactive.76", "point": 3, "testname": "TRAN_VDD_PULSE", "cornername": "CMOS_RES_CAP_TEMP_1"}
[2026-05-26 08:12:03.404 Z] [WARN] [cadence.virtuoso.ade.simulationMonitor] -     WARNING (CMI-2424): I19.I0.C0: `Voffcv' = -867.4e-03 is unusually small. {"history": "Interactive.76", "point": 3, "testname": "TRAN_VDD_PULSE", "cornername": "CMOS_RES_CAP_TEMP_1"}
[2026-05-26 08:12:03.404 Z] [WARN] [cadence.virtuoso.ade.simulationMonitor] -     WARNING (CMI-2424): I19.I0.I3.C1: `Voffcv' = -867.4e-03 is unusually small. {"history": "Interactive.76", "point": 3, "testname": "TRAN_VDD_PULSE", "cornername": "CMOS_RES_CAP_TEMP_1"}
[2026-05-26 08:12:03.404 Z] [WARN] [cadence.virtuoso.ade.simulationMonitor] -     WARNING (CMI-2424): I19.I0.C1<0>_turbo_m5: `Voffcv' = -867.4e-03 is unusually small.
        Further occurrences of this warning will be suppressed. {"history": "Interactive.76", "point": 3, "testname": "TRAN_VDD_PULSE", "cornername": "CMOS_RES_CAP_TEMP_1"}
[2026-05-26 08:12:03.405 Z] [WARN] [cadence.virtuoso.ade.simulationMonitor] -     WARNING (SPECTRE-17607): Assert `SOAC_rpolyh_vminuspsub' is ignored because it contains an expression which is invalid or not supported by native evaluator.  {"history": "Interactive.76", "point": 3, "testname": "TRAN_VDD_PULSE", "cornername": "CMOS_RES_CAP_TEMP_1"}
[2026-05-26 08:12:03.405 Z] [WARN] [cadence.virtuoso.ade.simulationMonitor] -     WARNING (SPECTRE-17607): Assert `SOAC_rpolyh_vpluspsub' is ignored because it contains an expression which is invalid or not supported by native evaluator.  {"history": "Interactive.76", "point": 3, "testname": "TRAN_VDD_PULSE", "cornername": "CMOS_RES_CAP_TEMP_1"}
[2026-05-26 08:12:03.405 Z] [WARN] [cadence.virtuoso.ade.simulationMonitor] -     WARNING (SPECTRE-16460): SOAC_cvarm_vspsub:Specified subcircuit master `cvarm' was not found. {"history": "Interactive.76", "point": 3, "testname": "TRAN_VDD_PULSE", "cornername": "CMOS_RES_CAP_TEMP_1"}
[2026-05-26 08:12:03.406 Z] [WARN] [cadence.virtuoso.ade.simulationMonitor] -     WARNING (SPECTRE-16462): SOAC_cvarm_vspsub:Error in specification of subcircuit master. Assert is ignored. {"history": "Interactive.76", "point": 3, "testname": "TRAN_VDD_PULSE", "cornername": "CMOS_RES_CAP_TEMP_1"}
[2026-05-26 08:12:03.406 Z] [WARN] [cadence.virtuoso.ade.simulationMonitor] -     WARNING (SPECTRE-16460): SOAC_cvarm_vbs:Specified subcircuit master `cvarm' was not found. {"history": "Interactive.76", "point": 3, "testname": "TRAN_VDD_PULSE", "cornername": "CMOS_RES_CAP_TEMP_1"}
[2026-05-26 08:12:03.406 Z] [WARN] [cadence.virtuoso.ade.simulationMonitor] -     WARNING (SPECTRE-16462): SOAC_cvarm_vbs:Error in specification of subcircuit master. Assert is ignored. {"history": "Interactive.76", "point": 3, "testname": "TRAN_VDD_PULSE", "cornername": "CMOS_RES_CAP_TEMP_1"}
[2026-05-26 08:12:03.407 Z] [WARN] [cadence.virtuoso.ade.simulationMonitor] -     WARNING (SPECTRE-16460): SOAC_cvarm_vgb:Specified subcircuit master `cvarm' was not found. {"history": "Interactive.76", "point": 3, "testname": "TRAN_VDD_PULSE", "cornername": "CMOS_RES_CAP_TEMP_1"}
[2026-05-26 08:12:03.407 Z] [WARN] [cadence.virtuoso.ade.simulationMonitor] -     WARNING (SPECTRE-16462): SOAC_cvarm_vgb:Error in specification of subcircuit master. Assert is ignored. {"history": "Interactive.76", "point": 3, "testname": "TRAN_VDD_PULSE", "cornername": "CMOS_RES_CAP_TEMP_1"}
[2026-05-26 08:12:03.407 Z] [WARN] [cadence.virtuoso.ade.simulationMonitor] -     WARNING (SPECTRE-16460): SOAC_cvart_vspsub:Specified subcircuit master `cvart' was not found. {"history": "Interactive.76", "point": 3, "testname": "TRAN_VDD_PULSE", "cornername": "CMOS_RES_CAP_TEMP_1"}
[2026-05-26 08:12:03.408 Z] [WARN] [cadence.virtuoso.ade.simulationMonitor] -     WARNING (SPECTRE-16462): SOAC_cvart_vspsub:Error in specification of subcircuit master. Assert is ignored. {"history": "Interactive.76", "point": 3, "testname": "TRAN_VDD_PULSE", "cornername": "CMOS_RES_CAP_TEMP_1"}
[2026-05-26 08:12:03.408 Z] [WARN] [cadence.virtuoso.ade.simulationMonitor] -     WARNING (SPECTRE-16460): SOAC_cvart_vbs:Specified subcircuit master `cvart' was not found.
        Further occurrences of this warning will be suppressed. {"history": "Interactive.76", "point": 3, "testname": "TRAN_VDD_PULSE", "cornername": "CMOS_RES_CAP_TEMP_1"}
[2026-05-26 08:12:03.408 Z] [WARN] [cadence.virtuoso.ade.simulationMonitor] -     WARNING (SPECTRE-16462): SOAC_cvart_vbs:Error in specification of subcircuit master. Assert is ignored.
        Further occurrences of this warning will be suppressed. {"history": "Interactive.76", "point": 3, "testname": "TRAN_VDD_PULSE", "cornername": "CMOS_RES_CAP_TEMP_1"}
[2026-05-26 08:12:03.409 Z] [WARN] [cadence.virtuoso.ade.simulationMonitor] -     WARNING (SPECTRE-17607): Assert `SOAC_cvar_vspsub' is ignored because it contains an expression which is invalid or not supported by native evaluator.  {"history": "Interactive.76", "point": 3, "testname": "TRAN_VDD_PULSE", "cornername": "CMOS_RES_CAP_TEMP_1"}
[2026-05-26 08:12:03.409 Z] [WARN] [cadence.virtuoso.ade.simulationMonitor] -     WARNING (SPECTRE-17607): Assert `SOAC_cvar_vbpsub' is ignored because it contains an expression which is invalid or not supported by native evaluator.  {"history": "Interactive.76", "point": 3, "testname": "TRAN_VDD_PULSE", "cornername": "CMOS_RES_CAP_TEMP_1"}
[2026-05-26 08:12:03.409 Z] [WARN] [cadence.virtuoso.ade.simulationMonitor] -     WARNING (SPECTRE-17607): Assert `SOAC_cvar_vgpsub' is ignored because it contains an expression which is invalid or not supported by native evaluator. 
        Further occurrences of this warning will be suppressed. {"history": "Interactive.76", "point": 3, "testname": "TRAN_VDD_PULSE", "cornername": "CMOS_RES_CAP_TEMP_1"}
[2026-05-26 08:12:04.911 Z] [INFO] [cadence.virtuoso.ade.simulationMonitor] - Notice from spectre during topology check.
    No DC path from node `net19' to ground, Gmin installed to provide path. {"history": "Interactive.76", "point": 3, "testname": "TRAN_VDD_PULSE", "cornername": "CMOS_RES_CAP_TEMP_1"}
[2026-05-26 08:12:04.912 Z] [INFO] [cadence.virtuoso.ade.simulationMonitor] - Notice from spectre during initial setup.
    Multithreading is disabled due to the size of the design being too small. {"history": "Interactive.76", "point": 3, "testname": "TRAN_VDD_PULSE", "cornername": "CMOS_RES_CAP_TEMP_1"}
[2026-05-26 08:12:04.912 Z] [WARN] [cadence.virtuoso.ade.simulationMonitor] -     WARNING (SPECTRE-592): Following parameters are disabled because they are ignored or redefined in Spectre X:
        Option Parameters:
          reltol
        
         {"history": "Interactive.76", "point": 3, "testname": "TRAN_VDD_PULSE", "cornername": "CMOS_RES_CAP_TEMP_1"}
[2026-05-26 08:12:04.913 Z] [INFO] [cadence.virtuoso.ade.simulationMonitor] -               nodes 784 {"history": "Interactive.76", "point": 3, "testname": "TRAN_VDD_PULSE", "cornername": "CMOS_RES_CAP_TEMP_1"}
[2026-05-26 08:12:04.913 Z] [INFO] [cadence.virtuoso.ade.simulationMonitor] - Notice from spectre during initial setup.
    4 vsources are shorted because their absolute value is less than or equal to 'vabsshort'.
    Spectre X preset=vx enabled.
    18 notices suppressed.
    154 warnings suppressed. {"history": "Interactive.76", "point": 3, "testname": "TRAN_VDD_PULSE", "cornername": "CMOS_RES_CAP_TEMP_1"}
[2026-05-26 08:12:04.914 Z] [INFO] [cadence.virtuoso.ade.simulationMonitor] - Peak resident memory used = 213 Mbytes. {"history": "Interactive.76", "point": 3, "testname": "TRAN_VDD_PULSE", "cornername": "CMOS_RES_CAP_TEMP_1"}
[2026-05-26 08:12:04.915 Z] [INFO] [cadence.virtuoso.ade.simulationMonitor] -    -   (Spectre X) Multi-threading. The recommended number of threads is 1, consider adding +mt=1 on command line. {"history": "Interactive.76", "point": 3, "testname": "TRAN_VDD_PULSE", "cornername": "CMOS_RES_CAP_TEMP_1"}
[2026-05-26 08:12:04.915 Z] [INFO] [cadence.virtuoso.ade.simulationMonitor] - Notice from spectre during DC analysis `dcOp'.
    No checklimit analysis defined for asserts. A default checklimit analysis 'SpectreChecklimitAnal' has been created with all asserts enabled. {"history": "Interactive.76", "point": 3, "testname": "TRAN_VDD_PULSE", "cornername": "CMOS_RES_CAP_TEMP_1"}
[2026-05-26 08:12:05.416 Z] [INFO] [cadence.virtuoso.ade.simulationMonitor] - Notice from spectre during DC analysis `dcOp'.
    GminDC = 1 pS is large enough to noticeably affect the DC solution.
        dV(I19.I2.C1.s1) = 912.01 uV
        Use the `gmin_check' option to eliminate or expand this report. {"history": "Interactive.76", "point": 3, "testname": "TRAN_VDD_PULSE", "cornername": "CMOS_RES_CAP_TEMP_1"}
[2026-05-26 08:12:05.416 Z] [WARN] [cadence.virtuoso.ade.simulationMonitor] -     WARNING (CMI-2943): Parameter checks have been ignored because the valid value for parameter 'trise' could not be found in 'C0'. {"history": "Interactive.76", "point": 3, "testname": "TRAN_VDD_PULSE", "cornername": "CMOS_RES_CAP_TEMP_1"}
[2026-05-26 08:12:05.416 Z] [WARN] [cadence.virtuoso.ade.simulationMonitor] -     WARNING (CMI-2943): Parameter checks have been ignored because the valid value for parameter 'trise' could not be found in 'C3'. {"history": "Interactive.76", "point": 3, "testname": "TRAN_VDD_PULSE", "cornername": "CMOS_RES_CAP_TEMP_1"}
[2026-05-26 08:12:05.417 Z] [WARN] [cadence.virtuoso.ade.simulationMonitor] -     WARNING (CMI-2943): Parameter checks have been ignored because the valid value for parameter 'trise' could not be found in 'C4'. {"history": "Interactive.76", "point": 3, "testname": "TRAN_VDD_PULSE", "cornername": "CMOS_RES_CAP_TEMP_1"}
[2026-05-26 08:12:05.417 Z] [WARN] [cadence.virtuoso.ade.simulationMonitor] -     WARNING (CMI-2943): Parameter checks have been ignored because the valid value for parameter 'trise' could not be found in 'C5'. {"history": "Interactive.76", "point": 3, "testname": "TRAN_VDD_PULSE", "cornername": "CMOS_RES_CAP_TEMP_1"}
[2026-05-26 08:12:05.417 Z] [WARN] [cadence.virtuoso.ade.simulationMonitor] -     WARNING (CMI-2943): Parameter checks have been ignored because the valid value for parameter 'trise' could not be found in 'I19.I4.C9<0>_turbo_m6.C1'.
        Further occurrences of this warning will be suppressed. {"history": "Interactive.76", "point": 3, "testname": "TRAN_VDD_PULSE", "cornername": "CMOS_RES_CAP_TEMP_1"}
[2026-05-26 08:12:05.917 Z] [INFO] [cadence.virtuoso.ade.simulationMonitor] - Total time required for dc analysis `dcOp': CPU = 257.464 ms, elapsed = 574.878 ms, util. = 44.8%. {"history": "Interactive.76", "point": 3, "testname": "TRAN_VDD_PULSE", "cornername": "CMOS_RES_CAP_TEMP_1"}
[2026-05-26 08:12:05.917 Z] [INFO] [cadence.virtuoso.ade.simulationMonitor] - Peak resident memory used = 223 Mbytes. {"history": "Interactive.76", "point": 3, "testname": "TRAN_VDD_PULSE", "cornername": "CMOS_RES_CAP_TEMP_1"}
[2026-05-26 08:12:05.917 Z] [INFO] [cadence.virtuoso.ade.simulationMonitor] - Notice from spectre.
    308 warnings suppressed. {"history": "Interactive.76", "point": 3, "testname": "TRAN_VDD_PULSE", "cornername": "CMOS_RES_CAP_TEMP_1"}
[2026-05-26 08:12:05.917 Z] [INFO] [cadence.virtuoso.ade.simulationMonitor] - Notice from spectre during IC analysis, during transient analysis `tran'.
    GminDC = 1 pS is large enough to noticeably affect the DC solution.
        dV(I19.I2.C1.s1) = 912.01 uV
        Use the `gmin_check' option to eliminate or expand this report. {"history": "Interactive.76", "point": 3, "testname": "TRAN_VDD_PULSE", "cornername": "CMOS_RES_CAP_TEMP_1"}
[2026-05-26 08:12:05.918 Z] [WARN] [cadence.virtuoso.ade.simulationMonitor] -     WARNING (CMI-2943): Parameter checks have been ignored because the valid value for parameter 'trise' could not be found in 'C0'. {"history": "Interactive.76", "point": 3, "testname": "TRAN_VDD_PULSE", "cornername": "CMOS_RES_CAP_TEMP_1"}
[2026-05-26 08:12:05.918 Z] [WARN] [cadence.virtuoso.ade.simulationMonitor] -     WARNING (CMI-2943): Parameter checks have been ignored because the valid value for parameter 'trise' could not be found in 'C3'. {"history": "Interactive.76", "point": 3, "testname": "TRAN_VDD_PULSE", "cornername": "CMOS_RES_CAP_TEMP_1"}
[2026-05-26 08:12:05.918 Z] [WARN] [cadence.virtuoso.ade.simulationMonitor] -     WARNING (CMI-2943): Parameter checks have been ignored because the valid value for parameter 'trise' could not be found in 'C4'. {"history": "Interactive.76", "point": 3, "testname": "TRAN_VDD_PULSE", "cornername": "CMOS_RES_CAP_TEMP_1"}
[2026-05-26 08:12:05.918 Z] [WARN] [cadence.virtuoso.ade.simulationMonitor] -     WARNING (CMI-2943): Parameter checks have been ignored because the valid value for parameter 'trise' could not be found in 'C5'. {"history": "Interactive.76", "point": 3, "testname": "TRAN_VDD_PULSE", "cornername": "CMOS_RES_CAP_TEMP_1"}
[2026-05-26 08:12:05.918 Z] [WARN] [cadence.virtuoso.ade.simulationMonitor] -     WARNING (CMI-2943): Parameter checks have been ignored because the valid value for parameter 'trise' could not be found in 'I19.I4.C9<0>_turbo_m6.C1'.
        Further occurrences of this warning will be suppressed. {"history": "Interactive.76", "point": 3, "testname": "TRAN_VDD_PULSE", "cornername": "CMOS_RES_CAP_TEMP_1"}
[2026-05-26 08:12:05.918 Z] [INFO] [cadence.virtuoso.ade.simulationMonitor] - Notice from spectre during transient analysis `tran'.
    Output compression for transient analysis is enabled. {"history": "Interactive.76", "point": 3, "testname": "TRAN_VDD_PULSE", "cornername": "CMOS_RES_CAP_TEMP_1"}
[2026-05-26 08:12:05.918 Z] [INFO] [cadence.virtuoso.ade.simulationMonitor] - Notice from spectre during transient analysis `tran'.
    Multithreading is disabled due to the size of the design being too small. {"history": "Interactive.76", "point": 3, "testname": "TRAN_VDD_PULSE", "cornername": "CMOS_RES_CAP_TEMP_1"}
[2026-05-26 08:13:18.439 Z] [INFO] [cadence.virtuoso.ade.simulationMonitor] - Total time required for tran analysis `tran': CPU = 65.5632 s (1m  5.6s), elapsed = 72.7792 s (1m  12.8s), util. = 90.1%. {"history": "Interactive.76", "point": 3, "testname": "TRAN_VDD_PULSE", "cornername": "CMOS_RES_CAP_TEMP_1"}
[2026-05-26 08:13:18.439 Z] [INFO] [cadence.virtuoso.ade.simulationMonitor] - Peak resident memory used = 230 Mbytes. {"history": "Interactive.76", "point": 3, "testname": "TRAN_VDD_PULSE", "cornername": "CMOS_RES_CAP_TEMP_1"}
[2026-05-26 08:13:18.439 Z] [INFO] [cadence.virtuoso.ade.simulationMonitor] - Notice from spectre.
    308 warnings suppressed. {"history": "Interactive.76", "point": 3, "testname": "TRAN_VDD_PULSE", "cornername": "CMOS_RES_CAP_TEMP_1"}
[2026-05-26 08:13:18.439 Z] [WARN] [cadence.virtuoso.ade.simulationMonitor] -     WARNING (CMI-2425): I19.I2.C1: `Acde' = 2.393 is unusually large. {"history": "Interactive.76", "point": 3, "testname": "TRAN_VDD_PULSE", "cornername": "CMOS_RES_CAP_TEMP_1"}
[2026-05-26 08:13:18.439 Z] [WARN] [cadence.virtuoso.ade.simulationMonitor] -     WARNING (CMI-2425): I19.I2.C1: `Noff' = 4.732 is unusually large. {"history": "Interactive.76", "point": 3, "testname": "TRAN_VDD_PULSE", "cornername": "CMOS_RES_CAP_TEMP_1"}
[2026-05-26 08:13:18.439 Z] [WARN] [cadence.virtuoso.ade.simulationMonitor] -     WARNING (CMI-2424): I19.I2.C1: `Voffcv' = -867.4e-03 is unusually small. {"history": "Interactive.76", "point": 3, "testname": "TRAN_VDD_PULSE", "cornername": "CMOS_RES_CAP_TEMP_1"}
[2026-05-26 08:13:18.439 Z] [WARN] [cadence.virtuoso.ade.simulationMonitor] -     WARNING (CMI-2425): I19.I8.C0: `Acde' = 2.393 is unusually large. {"history": "Interactive.76", "point": 3, "testname": "TRAN_VDD_PULSE", "cornername": "CMOS_RES_CAP_TEMP_1"}
[2026-05-26 08:13:18.439 Z] [WARN] [cadence.virtuoso.ade.simulationMonitor] -     WARNING (CMI-2425): I19.I8.C0: `Noff' = 4.732 is unusually large. {"history": "Interactive.76", "point": 3, "testname": "TRAN_VDD_PULSE", "cornername": "CMOS_RES_CAP_TEMP_1"}
[2026-05-26 08:13:18.440 Z] [WARN] [cadence.virtuoso.ade.simulationMonitor] -     WARNING (CMI-2424): I19.I8.C0: `Voffcv' = -867.4e-03 is unusually small. {"history": "Interactive.76", "point": 3, "testname": "TRAN_VDD_PULSE", "cornername": "CMOS_RES_CAP_TEMP_1"}
[2026-05-26 08:13:18.440 Z] [WARN] [cadence.virtuoso.ade.simulationMonitor] -     WARNING (CMI-2425): I19.I8.C1: `Acde' = 2.393 is unusually large.
        Further occurrences of this warning will be suppressed. {"history": "Interactive.76", "point": 3, "testname": "TRAN_VDD_PULSE", "cornername": "CMOS_RES_CAP_TEMP_1"}
[2026-05-26 08:13:18.440 Z] [WARN] [cadence.virtuoso.ade.simulationMonitor] -     WARNING (CMI-2424): I19.I8.C1: `Voffcv' = -867.4e-03 is unusually small. {"history": "Interactive.76", "point": 3, "testname": "TRAN_VDD_PULSE", "cornername": "CMOS_RES_CAP_TEMP_1"}
[2026-05-26 08:13:18.440 Z] [WARN] [cadence.virtuoso.ade.simulationMonitor] -     WARNING (CMI-2424): I19.I14.C1: `Voffcv' = -867.4e-03 is unusually small. {"history": "Interactive.76", "point": 3, "testname": "TRAN_VDD_PULSE", "cornername": "CMOS_RES_CAP_TEMP_1"}
[2026-05-26 08:13:18.440 Z] [WARN] [cadence.virtuoso.ade.simulationMonitor] -     WARNING (CMI-2424): I19.I14.C4: `Voffcv' = -867.4e-03 is unusually small.
        Further occurrences of this warning will be suppressed. {"history": "Interactive.76", "point": 3, "testname": "TRAN_VDD_PULSE", "cornername": "CMOS_RES_CAP_TEMP_1"}
[2026-05-26 08:13:18.940 Z] [INFO] [cadence.virtuoso.ade.simulationMonitor] - Notice from spectre.
    56 warnings suppressed. {"history": "Interactive.76", "point": 3, "testname": "TRAN_VDD_PULSE", "cornername": "CMOS_RES_CAP_TEMP_1"}
[2026-05-26 08:13:18.940 Z] [WARN] [cadence.virtuoso.ade.simulationMonitor] -     WARNING (CMI-2425): I19.I2.C1: `Acde' = 2.393 is unusually large. {"history": "Interactive.76", "point": 3, "testname": "TRAN_VDD_PULSE", "cornername": "CMOS_RES_CAP_TEMP_1"}
[2026-05-26 08:13:18.940 Z] [WARN] [cadence.virtuoso.ade.simulationMonitor] -     WARNING (CMI-2425): I19.I2.C1: `Noff' = 4.732 is unusually large. {"history": "Interactive.76", "point": 3, "testname": "TRAN_VDD_PULSE", "cornername": "CMOS_RES_CAP_TEMP_1"}
[2026-05-26 08:13:18.941 Z] [WARN] [cadence.virtuoso.ade.simulationMonitor] -     WARNING (CMI-2424): I19.I2.C1: `Voffcv' = -867.4e-03 is unusually small. {"history": "Interactive.76", "point": 3, "testname": "TRAN_VDD_PULSE", "cornername": "CMOS_RES_CAP_TEMP_1"}
[2026-05-26 08:13:18.941 Z] [WARN] [cadence.virtuoso.ade.simulationMonitor] -     WARNING (CMI-2425): I19.I8.C0: `Acde' = 2.393 is unusually large. {"history": "Interactive.76", "point": 3, "testname": "TRAN_VDD_PULSE", "cornername": "CMOS_RES_CAP_TEMP_1"}
[2026-05-26 08:13:18.941 Z] [WARN] [cadence.virtuoso.ade.simulationMonitor] -     WARNING (CMI-2425): I19.I8.C0: `Noff' = 4.732 is unusually large. {"history": "Interactive.76", "point": 3, "testname": "TRAN_VDD_PULSE", "cornername": "CMOS_RES_CAP_TEMP_1"}
[2026-05-26 08:13:18.941 Z] [WARN] [cadence.virtuoso.ade.simulationMonitor] -     WARNING (CMI-2424): I19.I8.C0: `Voffcv' = -867.4e-03 is unusually small. {"history": "Interactive.76", "point": 3, "testname": "TRAN_VDD_PULSE", "cornername": "CMOS_RES_CAP_TEMP_1"}
[2026-05-26 08:13:18.941 Z] [WARN] [cadence.virtuoso.ade.simulationMonitor] -     WARNING (CMI-2425): I19.I8.C1: `Acde' = 2.393 is unusually large.
        Further occurrences of this warning will be suppressed. {"history": "Interactive.76", "point": 3, "testname": "TRAN_VDD_PULSE", "cornername": "CMOS_RES_CAP_TEMP_1"}
[2026-05-26 08:13:18.941 Z] [WARN] [cadence.virtuoso.ade.simulationMonitor] -     WARNING (CMI-2424): I19.I8.C1: `Voffcv' = -867.4e-03 is unusually small. {"history": "Interactive.76", "point": 3, "testname": "TRAN_VDD_PULSE", "cornername": "CMOS_RES_CAP_TEMP_1"}
[2026-05-26 08:13:18.941 Z] [WARN] [cadence.virtuoso.ade.simulationMonitor] -     WARNING (CMI-2424): I19.I14.C1: `Voffcv' = -867.4e-03 is unusually small. {"history": "Interactive.76", "point": 3, "testname": "TRAN_VDD_PULSE", "cornername": "CMOS_RES_CAP_TEMP_1"}
[2026-05-26 08:13:18.941 Z] [WARN] [cadence.virtuoso.ade.simulationMonitor] -     WARNING (CMI-2424): I19.I14.C4: `Voffcv' = -867.4e-03 is unusually small.
        Further occurrences of this warning will be suppressed. {"history": "Interactive.76", "point": 3, "testname": "TRAN_VDD_PULSE", "cornername": "CMOS_RES_CAP_TEMP_1"}
[2026-05-26 08:13:18.941 Z] [INFO] [cadence.virtuoso.ade.simulationMonitor] - Notice from spectre.
    59 warnings suppressed. {"history": "Interactive.76", "point": 3, "testname": "TRAN_VDD_PULSE", "cornername": "CMOS_RES_CAP_TEMP_1"}
[2026-05-26 08:13:18.941 Z] [WARN] [cadence.virtuoso.ade.simulationMonitor] -     WARNING (CMI-2425): I19.I2.C1: `Acde' = 2.393 is unusually large. {"history": "Interactive.76", "point": 3, "testname": "TRAN_VDD_PULSE", "cornername": "CMOS_RES_CAP_TEMP_1"}
[2026-05-26 08:13:18.941 Z] [WARN] [cadence.virtuoso.ade.simulationMonitor] -     WARNING (CMI-2425): I19.I2.C1: `Noff' = 4.732 is unusually large. {"history": "Interactive.76", "point": 3, "testname": "TRAN_VDD_PULSE", "cornername": "CMOS_RES_CAP_TEMP_1"}
[2026-05-26 08:13:18.941 Z] [WARN] [cadence.virtuoso.ade.simulationMonitor] -     WARNING (CMI-2424): I19.I2.C1: `Voffcv' = -867.4e-03 is unusually small. {"history": "Interactive.76", "point": 3, "testname": "TRAN_VDD_PULSE", "cornername": "CMOS_RES_CAP_TEMP_1"}
[2026-05-26 08:13:18.941 Z] [WARN] [cadence.virtuoso.ade.simulationMonitor] -     WARNING (CMI-2425): I19.I8.C0: `Acde' = 2.393 is unusually large. {"history": "Interactive.76", "point": 3, "testname": "TRAN_VDD_PULSE", "cornername": "CMOS_RES_CAP_TEMP_1"}
[2026-05-26 08:13:18.941 Z] [WARN] [cadence.virtuoso.ade.simulationMonitor] -     WARNING (CMI-2425): I19.I8.C0: `Noff' = 4.732 is unusually large. {"history": "Interactive.76", "point": 3, "testname": "TRAN_VDD_PULSE", "cornername": "CMOS_RES_CAP_TEMP_1"}
[2026-05-26 08:13:18.941 Z] [WARN] [cadence.virtuoso.ade.simulationMonitor] -     WARNING (CMI-2424): I19.I8.C0: `Voffcv' = -867.4e-03 is unusually small. {"history": "Interactive.76", "point": 3, "testname": "TRAN_VDD_PULSE", "cornername": "CMOS_RES_CAP_TEMP_1"}
[2026-05-26 08:13:18.941 Z] [WARN] [cadence.virtuoso.ade.simulationMonitor] -     WARNING (CMI-2425): I19.I8.C1: `Acde' = 2.393 is unusually large.
        Further occurrences of this warning will be suppressed. {"history": "Interactive.76", "point": 3, "testname": "TRAN_VDD_PULSE", "cornername": "CMOS_RES_CAP_TEMP_1"}
[2026-05-26 08:13:18.941 Z] [WARN] [cadence.virtuoso.ade.simulationMonitor] -     WARNING (CMI-2424): I19.I8.C1: `Voffcv' = -867.4e-03 is unusually small. {"history": "Interactive.76", "point": 3, "testname": "TRAN_VDD_PULSE", "cornername": "CMOS_RES_CAP_TEMP_1"}
[2026-05-26 08:13:18.941 Z] [WARN] [cadence.virtuoso.ade.simulationMonitor] -     WARNING (CMI-2424): I19.I14.C1: `Voffcv' = -867.4e-03 is unusually small. {"history": "Interactive.76", "point": 3, "testname": "TRAN_VDD_PULSE", "cornername": "CMOS_RES_CAP_TEMP_1"}
[2026-05-26 08:13:18.942 Z] [WARN] [cadence.virtuoso.ade.simulationMonitor] -     WARNING (CMI-2424): I19.I14.C4: `Voffcv' = -867.4e-03 is unusually small.
        Further occurrences of this warning will be suppressed. {"history": "Interactive.76", "point": 3, "testname": "TRAN_VDD_PULSE", "cornername": "CMOS_RES_CAP_TEMP_1"}
[2026-05-26 08:13:18.942 Z] [INFO] [cadence.virtuoso.ade.simulationMonitor] - Notice from spectre.
    56 warnings suppressed. {"history": "Interactive.76", "point": 3, "testname": "TRAN_VDD_PULSE", "cornername": "CMOS_RES_CAP_TEMP_1"}
[2026-05-26 08:13:18.942 Z] [WARN] [cadence.virtuoso.ade.simulationMonitor] -     WARNING (CMI-2425): I19.I2.C1: `Acde' = 2.393 is unusually large. {"history": "Interactive.76", "point": 3, "testname": "TRAN_VDD_PULSE", "cornername": "CMOS_RES_CAP_TEMP_1"}
[2026-05-26 08:13:18.942 Z] [WARN] [cadence.virtuoso.ade.simulationMonitor] -     WARNING (CMI-2425): I19.I2.C1: `Noff' = 4.732 is unusually large. {"history": "Interactive.76", "point": 3, "testname": "TRAN_VDD_PULSE", "cornername": "CMOS_RES_CAP_TEMP_1"}
[2026-05-26 08:13:18.942 Z] [WARN] [cadence.virtuoso.ade.simulationMonitor] -     WARNING (CMI-2424): I19.I2.C1: `Voffcv' = -867.4e-03 is unusually small. {"history": "Interactive.76", "point": 3, "testname": "TRAN_VDD_PULSE", "cornername": "CMOS_RES_CAP_TEMP_1"}
[2026-05-26 08:13:18.942 Z] [WARN] [cadence.virtuoso.ade.simulationMonitor] -     WARNING (CMI-2425): I19.I8.C0: `Acde' = 2.393 is unusually large. {"history": "Interactive.76", "point": 3, "testname": "TRAN_VDD_PULSE", "cornername": "CMOS_RES_CAP_TEMP_1"}
[2026-05-26 08:13:18.942 Z] [WARN] [cadence.virtuoso.ade.simulationMonitor] -     WARNING (CMI-2425): I19.I8.C0: `Noff' = 4.732 is unusually large. {"history": "Interactive.76", "point": 3, "testname": "TRAN_VDD_PULSE", "cornername": "CMOS_RES_CAP_TEMP_1"}
[2026-05-26 08:13:18.942 Z] [WARN] [cadence.virtuoso.ade.simulationMonitor] -     WARNING (CMI-2424): I19.I8.C0: `Voffcv' = -867.4e-03 is unusually small. {"history": "Interactive.76", "point": 3, "testname": "TRAN_VDD_PULSE", "cornername": "CMOS_RES_CAP_TEMP_1"}
[2026-05-26 08:13:18.942 Z] [WARN] [cadence.virtuoso.ade.simulationMonitor] -     WARNING (CMI-2425): I19.I8.C1: `Acde' = 2.393 is unusually large.
        Further occurrences of this warning will be suppressed. {"history": "Interactive.76", "point": 3, "testname": "TRAN_VDD_PULSE", "cornername": "CMOS_RES_CAP_TEMP_1"}
[2026-05-26 08:13:18.942 Z] [WARN] [cadence.virtuoso.ade.simulationMonitor] -     WARNING (CMI-2424): I19.I8.C1: `Voffcv' = -867.4e-03 is unusually small. {"history": "Interactive.76", "point": 3, "testname": "TRAN_VDD_PULSE", "cornername": "CMOS_RES_CAP_TEMP_1"}
[2026-05-26 08:13:18.942 Z] [WARN] [cadence.virtuoso.ade.simulationMonitor] -     WARNING (CMI-2424): I19.I14.C1: `Voffcv' = -867.4e-03 is unusually small. {"history": "Interactive.76", "point": 3, "testname": "TRAN_VDD_PULSE", "cornername": "CMOS_RES_CAP_TEMP_1"}
[2026-05-26 08:13:18.942 Z] [WARN] [cadence.virtuoso.ade.simulationMonitor] -     WARNING (CMI-2424): I19.I14.C4: `Voffcv' = -867.4e-03 is unusually small.
        Further occurrences of this warning will be suppressed. {"history": "Interactive.76", "point": 3, "testname": "TRAN_VDD_PULSE", "cornername": "CMOS_RES_CAP_TEMP_1"}
[2026-05-26 08:13:18.942 Z] [INFO] [cadence.virtuoso.ade.simulationMonitor] - Notice from spectre.
    56 warnings suppressed. {"history": "Interactive.76", "point": 3, "testname": "TRAN_VDD_PULSE", "cornername": "CMOS_RES_CAP_TEMP_1"}
[2026-05-26 08:13:18.942 Z] [INFO] [cadence.virtuoso.ade.simulationMonitor] - Time used: CPU = 66.3 s (1m  6.3s), elapsed = 75.5 s (1m  15.5s), util. = 87.8%. {"history": "Interactive.76", "point": 3, "testname": "TRAN_VDD_PULSE", "cornername": "CMOS_RES_CAP_TEMP_1"}
[2026-05-26 08:13:18.942 Z] [INFO] [cadence.virtuoso.ade.simulationMonitor] - Time spent in licensing: elapsed = 39.5 ms. {"history": "Interactive.76", "point": 3, "testname": "TRAN_VDD_PULSE", "cornername": "CMOS_RES_CAP_TEMP_1"}
[2026-05-26 08:13:18.942 Z] [INFO] [cadence.virtuoso.ade.simulationMonitor] - Peak memory used = 230 Mbytes. {"history": "Interactive.76", "point": 3, "testname": "TRAN_VDD_PULSE", "cornername": "CMOS_RES_CAP_TEMP_1"}
[2026-05-26 08:13:18.942 Z] [PROCESS] [cadence.virtuoso.ade.simulationMonitor] - Simulation started at: 8:12:02 AM, Tue May 26, 2026, ended at: 8:13:18 AM, Tue May 26, 2026, with elapsed time (wall clock): 75.5 s (1m  15.5s). {"history": "Interactive.76", "point": 3, "testname": "TRAN_VDD_PULSE", "cornername": "CMOS_RES_CAP_TEMP_1"}
[2026-05-26 08:13:18.943 Z] [PROCESS] [cadence.virtuoso.ade.simulationMonitor] - spectre completes with 0 errors, 97 warnings, and 33 notices. {"history": "Interactive.76", "point": 3, "testname": "TRAN_VDD_PULSE", "cornername": "CMOS_RES_CAP_TEMP_1"}
[2026-05-26 08:13:18.943 Z] [PROCESS] [cadence.virtuoso.ade.simulationMonitor] - Finished simulating for one point {"hostname": "edatools", "processid": 229994, "history": "Interactive.76", "testname": "TRAN_VDD_PULSE", "cornername": "CMOS_RES_CAP_TEMP_1", "point": 3, "logfile": "/home/saul/projects/IL2244_VT26_SAUL/logs_saul/logs0/Job39.log", "simid": "1"}
[2026-05-26 08:13:18.943 Z] [PROCESS] [cadence.virtuoso.ade.simulationMonitor] - Simulator exited {"hostname": "edatools", "processid": 229994, "history": "Interactive.76", "testname": "TRAN_VDD_PULSE", "cornername": "CMOS_RES_CAP_TEMP_1", "point": 3, "logfile": "/home/saul/projects/IL2244_VT26_SAUL/logs_saul/logs0/Job39.log", "exitStatus": "0"}
[2026-05-26 08:13:18.943 Z] [PROCESS] [cadence.virtuoso.ade.simulationMonitor] - Finished Simulation {"hostname": "edatools", "processid": 229994, "history": "Interactive.76", "testname": "TRAN_VDD_PULSE", "cornername": "CMOS_RES_CAP_TEMP_1", "point": 3, "logfile": "/home/saul/projects/IL2244_VT26_SAUL/logs_saul/logs0/Job39.log", "simid": "1"}
[2026-05-26 08:13:20.949 Z] [PROCESS] [cadence.virtuoso.ade.simulationMonitor] - Point Finished {"hostname": "edatools", "processid": 229994, "history": "Interactive.76", "testname": "TRAN_VDD_PULSE", "cornername": "CMOS_RES_CAP_TEMP_1", "point": 3, "logfile": "/home/saul/projects/IL2244_VT26_SAUL/logs_saul/logs0/Job39.log"}
[2026-05-26 08:13:20.950 Z] [PROCESS] [cadence.virtuoso.ade.simulationMonitor] - HostInfo:
Host name (type):	edatools (x86_64)
Operating system:	Linux 6.17.0-29-generic #29~24.04.1-Ubuntu SMP PREEMPT_DYNAMIC Mon May 11 10:30:58 UTC 2 {"hostname": "edatools", "processid": 229994, "history": "Interactive.76", "testname": "TRAN_VDD_PULSE", "cornername": "CMOS_RES_CAP_TEMP_1", "point": 3, "logfile": "/home/saul/projects/IL2244_VT26_SAUL/logs_saul/logs0/Job39.log", "nodename": "edatools", "domainname": "(none)", "machine": "x86_64", "sysname": "Linux", "release": "6.17.0-29-generic", "version": "#29~24.04.1-Ubuntu SMP PREEMPT_DYNAMIC Mon May 11 10:30:58 UTC 2"}
[2026-05-26 08:13:20.951 Z] [PROCESS] [cadence.virtuoso.ade.simulationMonitor] - UsageInfo:
pid=229994
totalPhysicalMemory=62.544987GB,Used=45.579327GB,totalVirtualMemory=70.544983GB,Used=45.579327GB
Cpu: Cores=16, Load average:5.710000,3.660000,3.610000 {"hostname": "edatools", "processid": 229994, "history": "Interactive.76", "testname": "TRAN_VDD_PULSE", "cornername": "CMOS_RES_CAP_TEMP_1", "point": 3, "logfile": "/home/saul/projects/IL2244_VT26_SAUL/logs_saul/logs0/Job39.log", "pid": "229994", "totalPhysicalMemory": "62.544987", "physicalMemoryUsed": "45.579327", "totalVirtualMemory": "70.544983", "virtualMemoryUsed": "45.579327", "cpuCores": "16", "processes": "1904", "loadAverage1": "5.710000", "loadAverage5": "3.660000", "loadAverage15": "3.610000", "loadAverage1Percent": "0.356875"}
[2026-05-26 08:13:20.951 Z] [EVENT] [cadence.virtuoso.ade.simulationMonitor] - NewPoint {"history": "Interactive.76", "point": 8, "testname": "TRAN_VDD_PULSE", "cornername": "CMOS_RES_CAP_TEMP_6", "event": "NewPoint", "EventSource": "Simulation Monitor", "HistoryName": "Interactive.76", "logFile": "/home/saul/projects/IL2244_VT26_SAUL/logs_saul/logs0/Job39.log", "logFileSize": "45392"}
[2026-05-26 08:13:21.051 Z] [EVENT] [cadence.virtuoso.ade.simulationMonitor] - NewPoint {"history": "Interactive.76", "point": 8, "testname": "TRAN_VDD_PULSE", "cornername": "CMOS_RES_CAP_TEMP_6", "event": "NewPoint", "EventSource": "spectre", "HistoryName": "Interactive.76", "logFile": "/home/saul/projects/IL2244_VT26_SAUL/Sim/FECG/fecg_front_end_tran_tb/maestro/results/maestro/Interactive.76/8/TRAN_VDD_PULSE/psf/spectre.out", "logFileSize": "-1"}
[2026-05-26 08:13:21.055 Z] [PROCESS] [cadence.virtuoso.ade.simulationMonitor] - Simulator launched {"hostname": "edatools", "processid": 229994, "history": "Interactive.76", "testname": "TRAN_VDD_PULSE", "cornername": "CMOS_RES_CAP_TEMP_6", "point": 8, "logfile": "/home/saul/projects/IL2244_VT26_SAUL/logs_saul/logs0/Job39.log", "simid": "2"}
[2026-05-26 08:13:21.071 Z] [PROCESS] [cadence.virtuoso.ade.simulationMonitor] - Started Simulation {"hostname": "edatools", "processid": 229994, "history": "Interactive.76", "testname": "TRAN_VDD_PULSE", "cornername": "CMOS_RES_CAP_TEMP_6", "point": 8, "logfile": "/home/saul/projects/IL2244_VT26_SAUL/logs_saul/logs0/Job39.log", "event": "started", "task": "simulation"}
[2026-05-26 08:13:21.572 Z] [INFO] [cadence.virtuoso.ade.simulationMonitor] - Notice from spectre during circuit read-in.
    Pre_Configuration file used: /opt/tools/cadence/installs/SPECTRE241/tools.lnx86/spectre/etc/configs/preset.precfg
    Configuration file used: `/opt/tools/cadence/installs/SPECTRE241/tools.lnx86/spectre/etc/configs/preset.cfg'. {"history": "Interactive.76", "point": 8, "testname": "TRAN_VDD_PULSE", "cornername": "CMOS_RES_CAP_TEMP_6"}
[2026-05-26 08:13:21.572 Z] [WARN] [cadence.virtuoso.ade.simulationMonitor] -     WARNING (SPECTRE-8360): line 1511: `ac' is an undefined primitive device. {"history": "Interactive.76", "point": 8, "testname": "TRAN_VDD_PULSE", "cornername": "CMOS_RES_CAP_TEMP_6"}
[2026-05-26 08:13:21.572 Z] [WARN] [cadence.virtuoso.ade.simulationMonitor] -     WARNING (SPECTRE-8360): line 1512: `ac' is an undefined primitive device. {"history": "Interactive.76", "point": 8, "testname": "TRAN_VDD_PULSE", "cornername": "CMOS_RES_CAP_TEMP_6"}
[2026-05-26 08:13:21.572 Z] [WARN] [cadence.virtuoso.ade.simulationMonitor] -     WARNING (SPECTRE-8360): line 1513: `ac' is an undefined primitive device. {"history": "Interactive.76", "point": 8, "testname": "TRAN_VDD_PULSE", "cornername": "CMOS_RES_CAP_TEMP_6"}
[2026-05-26 08:13:21.572 Z] [WARN] [cadence.virtuoso.ade.simulationMonitor] -     WARNING (SPECTRE-8360): line 1514: `ac' is an undefined primitive device. {"history": "Interactive.76", "point": 8, "testname": "TRAN_VDD_PULSE", "cornername": "CMOS_RES_CAP_TEMP_6"}
[2026-05-26 08:13:21.572 Z] [WARN] [cadence.virtuoso.ade.simulationMonitor] -     WARNING (SPECTRE-8360): line 1515: `ac' is an undefined primitive device.
        Further occurrences of this warning will be suppressed. {"history": "Interactive.76", "point": 8, "testname": "TRAN_VDD_PULSE", "cornername": "CMOS_RES_CAP_TEMP_6"}
[2026-05-26 08:13:21.572 Z] [INFO] [cadence.virtuoso.ade.simulationMonitor] - Peak resident memory used = 173 Mbytes. {"history": "Interactive.76", "point": 8, "testname": "TRAN_VDD_PULSE", "cornername": "CMOS_RES_CAP_TEMP_6"}
[2026-05-26 08:13:21.572 Z] [WARN] [cadence.virtuoso.ade.simulationMonitor] -     WARNING (VACOMP-2435): The environment variable CDS_AHDLCMI_ENABLE is no longer supported. Therefore, the simulator will use the default compiled C code flow. {"history": "Interactive.76", "point": 8, "testname": "TRAN_VDD_PULSE", "cornername": "CMOS_RES_CAP_TEMP_6"}
[2026-05-26 08:13:21.572 Z] [WARN] [cadence.virtuoso.ade.simulationMonitor] -     WARNING (SFE-3014): The floating device I19.I0.I5.MN14<0>_turbo_m4 is removed. {"history": "Interactive.76", "point": 8, "testname": "TRAN_VDD_PULSE", "cornername": "CMOS_RES_CAP_TEMP_6"}
[2026-05-26 08:13:21.573 Z] [WARN] [cadence.virtuoso.ade.simulationMonitor] -     WARNING (SFE-3012): The dummy device I19.I4.MP16<0>_turbo_m41 is removed. {"history": "Interactive.76", "point": 8, "testname": "TRAN_VDD_PULSE", "cornername": "CMOS_RES_CAP_TEMP_6"}
[2026-05-26 08:13:21.573 Z] [WARN] [cadence.virtuoso.ade.simulationMonitor] -     WARNING (SFE-3014): The floating device I19.I8.MN57<0>_turbo_m28 is removed. {"history": "Interactive.76", "point": 8, "testname": "TRAN_VDD_PULSE", "cornername": "CMOS_RES_CAP_TEMP_6"}
[2026-05-26 08:13:21.573 Z] [WARN] [cadence.virtuoso.ade.simulationMonitor] -     WARNING (SFE-3012): The dummy device I19.I14.MP13<0>_turbo_m4 is removed. {"history": "Interactive.76", "point": 8, "testname": "TRAN_VDD_PULSE", "cornername": "CMOS_RES_CAP_TEMP_6"}
[2026-05-26 08:13:21.573 Z] [WARN] [cadence.virtuoso.ade.simulationMonitor] -     WARNING (SFE-3031): The floating capacitor I19.I12.C10<0>_turbo_m12.C1 is removed. {"history": "Interactive.76", "point": 8, "testname": "TRAN_VDD_PULSE", "cornername": "CMOS_RES_CAP_TEMP_6"}
[2026-05-26 08:13:21.573 Z] [WARN] [cadence.virtuoso.ade.simulationMonitor] -     WARNING (SFE-3014): The floating device I19.I2.MN37<0>_turbo_m4 is removed. {"history": "Interactive.76", "point": 8, "testname": "TRAN_VDD_PULSE", "cornername": "CMOS_RES_CAP_TEMP_6"}
[2026-05-26 08:13:21.573 Z] [WARN] [cadence.virtuoso.ade.simulationMonitor] -     WARNING (SFE-3012): The dummy device I19.I0.I5.MP12<0>_turbo_m2 is removed. {"history": "Interactive.76", "point": 8, "testname": "TRAN_VDD_PULSE", "cornername": "CMOS_RES_CAP_TEMP_6"}
[2026-05-26 08:13:21.573 Z] [WARN] [cadence.virtuoso.ade.simulationMonitor] -     WARNING (SFE-3014): The floating device I19.I0.MN13<0>_turbo_m4 is removed. {"history": "Interactive.76", "point": 8, "testname": "TRAN_VDD_PULSE", "cornername": "CMOS_RES_CAP_TEMP_6"}
[2026-05-26 08:13:21.573 Z] [WARN] [cadence.virtuoso.ade.simulationMonitor] -     WARNING (SFE-3012): The dummy device I19.I0.I3.MP13<0>_turbo_m4 is removed. {"history": "Interactive.76", "point": 8, "testname": "TRAN_VDD_PULSE", "cornername": "CMOS_RES_CAP_TEMP_6"}
[2026-05-26 08:13:21.573 Z] [WARN] [cadence.virtuoso.ade.simulationMonitor] -     WARNING (SFE-3031): The floating capacitor I19.I12.C6<0>_turbo_m3.C1 is removed. {"history": "Interactive.76", "point": 8, "testname": "TRAN_VDD_PULSE", "cornername": "CMOS_RES_CAP_TEMP_6"}
[2026-05-26 08:13:21.573 Z] [WARN] [cadence.virtuoso.ade.simulationMonitor] -     WARNING (SFE-3012): The dummy device I19.I0.MP11<0>_turbo_m4 is removed.
        Further occurrences of this warning will be suppressed. {"history": "Interactive.76", "point": 8, "testname": "TRAN_VDD_PULSE", "cornername": "CMOS_RES_CAP_TEMP_6"}
[2026-05-26 08:13:21.573 Z] [WARN] [cadence.virtuoso.ade.simulationMonitor] -     WARNING (SFE-3031): The floating capacitor I19.I11.C7<0>_turbo_m3.C1 is removed. {"history": "Interactive.76", "point": 8, "testname": "TRAN_VDD_PULSE", "cornername": "CMOS_RES_CAP_TEMP_6"}
[2026-05-26 08:13:21.573 Z] [WARN] [cadence.virtuoso.ade.simulationMonitor] -     WARNING (SFE-3014): The floating device I19.I12.MN57<0>_turbo_m28 is removed.
        Further occurrences of this warning will be suppressed. {"history": "Interactive.76", "point": 8, "testname": "TRAN_VDD_PULSE", "cornername": "CMOS_RES_CAP_TEMP_6"}
[2026-05-26 08:13:21.573 Z] [WARN] [cadence.virtuoso.ade.simulationMonitor] -     WARNING (SFE-3031): The floating capacitor I19.I11.C10<0>_turbo_m12.C1 is removed. {"history": "Interactive.76", "point": 8, "testname": "TRAN_VDD_PULSE", "cornername": "CMOS_RES_CAP_TEMP_6"}
[2026-05-26 08:13:21.574 Z] [WARN] [cadence.virtuoso.ade.simulationMonitor] -     WARNING (SFE-3031): The floating capacitor I19.I12.C7<0>_turbo_m3.C1 is removed.
        Further occurrences of this warning will be suppressed. {"history": "Interactive.76", "point": 8, "testname": "TRAN_VDD_PULSE", "cornername": "CMOS_RES_CAP_TEMP_6"}
[2026-05-26 08:13:21.574 Z] [INFO] [cadence.virtuoso.ade.simulationMonitor] - Notice from spectre during hierarchy flattening.
    The value 'psf' specified for the 'checklimitdest' option will no longer be supported in future releases. Use 'spectre -h' to see other recommended values for the 'checklimitdest' option. {"history": "Interactive.76", "point": 8, "testname": "TRAN_VDD_PULSE", "cornername": "CMOS_RES_CAP_TEMP_6"}
[2026-05-26 08:13:21.574 Z] [INFO] [cadence.virtuoso.ade.simulationMonitor] - Peak resident memory used = 189 Mbytes. {"history": "Interactive.76", "point": 8, "testname": "TRAN_VDD_PULSE", "cornername": "CMOS_RES_CAP_TEMP_6"}
[2026-05-26 08:13:21.574 Z] [INFO] [cadence.virtuoso.ade.simulationMonitor] - Notice from spectre during hierarchy flattening.
    The value 'psf' specified for the 'checklimitdest' option will no longer be supported in future releases. Use 'spectre -h' to see other recommended values for the 'checklimitdest' option.
    I19.I0.R10.CS0 of rpolyhc: `c' has the unusually small value of 0 F.
    I19.I0.R10.CS1 of rpolyhc: `c' has the unusually small value of 0 F.
    I19.I0.R9.CS0 of rpolyhc: `c' has the unusually small value of 0 F.
    I19.I0.R9.CS1 of rpolyhc: `c' has the unusually ... {"history": "Interactive.76", "point": 8, "testname": "TRAN_VDD_PULSE", "cornername": "CMOS_RES_CAP_TEMP_6"}
[2026-05-26 08:13:21.574 Z] [INFO] [cadence.virtuoso.ade.simulationMonitor] - Notice from spectre during hierarchy flattening.
    V17: `period' has the unusually large value of 20 s.
    V17: `width' has the unusually large value of 19 s.
    V16: `period' has the unusually large value of 10 s.
    V16: `width' has the unusually large value of 9 s.
    V9: `period' has the unusually large value of 10 s.
        Further occurrences of this notice will be suppressed. {"history": "Interactive.76", "point": 8, "testname": "TRAN_VDD_PULSE", "cornername": "CMOS_RES_CAP_TEMP_6"}
[2026-05-26 08:13:21.574 Z] [INFO] [cadence.virtuoso.ade.simulationMonitor] - Peak resident memory used = 192 Mbytes. {"history": "Interactive.76", "point": 8, "testname": "TRAN_VDD_PULSE", "cornername": "CMOS_RES_CAP_TEMP_6"}
[2026-05-26 08:13:21.574 Z] [WARN] [cadence.virtuoso.ade.simulationMonitor] -     WARNING (CMI-2425): I19.I0.C2: `Acde' = 2.393 is unusually large. {"history": "Interactive.76", "point": 8, "testname": "TRAN_VDD_PULSE", "cornername": "CMOS_RES_CAP_TEMP_6"}
[2026-05-26 08:13:21.574 Z] [WARN] [cadence.virtuoso.ade.simulationMonitor] -     WARNING (CMI-2425): I19.I0.C2: `Noff' = 4.732 is unusually large. {"history": "Interactive.76", "point": 8, "testname": "TRAN_VDD_PULSE", "cornername": "CMOS_RES_CAP_TEMP_6"}
[2026-05-26 08:13:21.574 Z] [WARN] [cadence.virtuoso.ade.simulationMonitor] -     WARNING (CMI-2424): I19.I0.C2: `Voffcv' = -867.4e-03 is unusually small. {"history": "Interactive.76", "point": 8, "testname": "TRAN_VDD_PULSE", "cornername": "CMOS_RES_CAP_TEMP_6"}
[2026-05-26 08:13:21.574 Z] [WARN] [cadence.virtuoso.ade.simulationMonitor] -     WARNING (CMI-2425): I19.I0.C3: `Acde' = 2.393 is unusually large. {"history": "Interactive.76", "point": 8, "testname": "TRAN_VDD_PULSE", "cornername": "CMOS_RES_CAP_TEMP_6"}
[2026-05-26 08:13:21.574 Z] [WARN] [cadence.virtuoso.ade.simulationMonitor] -     WARNING (CMI-2425): I19.I0.C3: `Noff' = 4.732 is unusually large. {"history": "Interactive.76", "point": 8, "testname": "TRAN_VDD_PULSE", "cornername": "CMOS_RES_CAP_TEMP_6"}
[2026-05-26 08:13:21.574 Z] [WARN] [cadence.virtuoso.ade.simulationMonitor] -     WARNING (CMI-2424): I19.I0.C3: `Voffcv' = -867.4e-03 is unusually small. {"history": "Interactive.76", "point": 8, "testname": "TRAN_VDD_PULSE", "cornername": "CMOS_RES_CAP_TEMP_6"}
[2026-05-26 08:13:21.575 Z] [WARN] [cadence.virtuoso.ade.simulationMonitor] -     WARNING (CMI-2425): I19.I0.C0: `Acde' = 2.393 is unusually large.
        Further occurrences of this warning will be suppressed. {"history": "Interactive.76", "point": 8, "testname": "TRAN_VDD_PULSE", "cornername": "CMOS_RES_CAP_TEMP_6"}
[2026-05-26 08:13:21.575 Z] [WARN] [cadence.virtuoso.ade.simulationMonitor] -     WARNING (CMI-2424): I19.I0.C0: `Voffcv' = -867.4e-03 is unusually small. {"history": "Interactive.76", "point": 8, "testname": "TRAN_VDD_PULSE", "cornername": "CMOS_RES_CAP_TEMP_6"}
[2026-05-26 08:13:21.575 Z] [WARN] [cadence.virtuoso.ade.simulationMonitor] -     WARNING (CMI-2424): I19.I0.I3.C1: `Voffcv' = -867.4e-03 is unusually small. {"history": "Interactive.76", "point": 8, "testname": "TRAN_VDD_PULSE", "cornername": "CMOS_RES_CAP_TEMP_6"}
[2026-05-26 08:13:21.575 Z] [WARN] [cadence.virtuoso.ade.simulationMonitor] -     WARNING (CMI-2424): I19.I0.C1<0>_turbo_m5: `Voffcv' = -867.4e-03 is unusually small.
        Further occurrences of this warning will be suppressed. {"history": "Interactive.76", "point": 8, "testname": "TRAN_VDD_PULSE", "cornername": "CMOS_RES_CAP_TEMP_6"}
[2026-05-26 08:13:21.575 Z] [WARN] [cadence.virtuoso.ade.simulationMonitor] -     WARNING (SPECTRE-17607): Assert `SOAC_rpolyh_vminuspsub' is ignored because it contains an expression which is invalid or not supported by native evaluator.  {"history": "Interactive.76", "point": 8, "testname": "TRAN_VDD_PULSE", "cornername": "CMOS_RES_CAP_TEMP_6"}
[2026-05-26 08:13:21.575 Z] [WARN] [cadence.virtuoso.ade.simulationMonitor] -     WARNING (SPECTRE-17607): Assert `SOAC_rpolyh_vpluspsub' is ignored because it contains an expression which is invalid or not supported by native evaluator.  {"history": "Interactive.76", "point": 8, "testname": "TRAN_VDD_PULSE", "cornername": "CMOS_RES_CAP_TEMP_6"}
[2026-05-26 08:13:21.575 Z] [WARN] [cadence.virtuoso.ade.simulationMonitor] -     WARNING (SPECTRE-16460): SOAC_cvarm_vspsub:Specified subcircuit master `cvarm' was not found. {"history": "Interactive.76", "point": 8, "testname": "TRAN_VDD_PULSE", "cornername": "CMOS_RES_CAP_TEMP_6"}
[2026-05-26 08:13:21.575 Z] [WARN] [cadence.virtuoso.ade.simulationMonitor] -     WARNING (SPECTRE-16462): SOAC_cvarm_vspsub:Error in specification of subcircuit master. Assert is ignored. {"history": "Interactive.76", "point": 8, "testname": "TRAN_VDD_PULSE", "cornername": "CMOS_RES_CAP_TEMP_6"}
[2026-05-26 08:13:21.575 Z] [WARN] [cadence.virtuoso.ade.simulationMonitor] -     WARNING (SPECTRE-16460): SOAC_cvarm_vbs:Specified subcircuit master `cvarm' was not found. {"history": "Interactive.76", "point": 8, "testname": "TRAN_VDD_PULSE", "cornername": "CMOS_RES_CAP_TEMP_6"}
[2026-05-26 08:13:21.575 Z] [WARN] [cadence.virtuoso.ade.simulationMonitor] -     WARNING (SPECTRE-16462): SOAC_cvarm_vbs:Error in specification of subcircuit master. Assert is ignored. {"history": "Interactive.76", "point": 8, "testname": "TRAN_VDD_PULSE", "cornername": "CMOS_RES_CAP_TEMP_6"}
[2026-05-26 08:13:21.576 Z] [WARN] [cadence.virtuoso.ade.simulationMonitor] -     WARNING (SPECTRE-16460): SOAC_cvarm_vgb:Specified subcircuit master `cvarm' was not found. {"history": "Interactive.76", "point": 8, "testname": "TRAN_VDD_PULSE", "cornername": "CMOS_RES_CAP_TEMP_6"}
[2026-05-26 08:13:21.576 Z] [WARN] [cadence.virtuoso.ade.simulationMonitor] -     WARNING (SPECTRE-16462): SOAC_cvarm_vgb:Error in specification of subcircuit master. Assert is ignored. {"history": "Interactive.76", "point": 8, "testname": "TRAN_VDD_PULSE", "cornername": "CMOS_RES_CAP_TEMP_6"}
[2026-05-26 08:13:21.576 Z] [WARN] [cadence.virtuoso.ade.simulationMonitor] -     WARNING (SPECTRE-16460): SOAC_cvart_vspsub:Specified subcircuit master `cvart' was not found. {"history": "Interactive.76", "point": 8, "testname": "TRAN_VDD_PULSE", "cornername": "CMOS_RES_CAP_TEMP_6"}
[2026-05-26 08:13:21.576 Z] [WARN] [cadence.virtuoso.ade.simulationMonitor] -     WARNING (SPECTRE-16462): SOAC_cvart_vspsub:Error in specification of subcircuit master. Assert is ignored. {"history": "Interactive.76", "point": 8, "testname": "TRAN_VDD_PULSE", "cornername": "CMOS_RES_CAP_TEMP_6"}
[2026-05-26 08:13:21.576 Z] [WARN] [cadence.virtuoso.ade.simulationMonitor] -     WARNING (SPECTRE-16460): SOAC_cvart_vbs:Specified subcircuit master `cvart' was not found.
        Further occurrences of this warning will be suppressed. {"history": "Interactive.76", "point": 8, "testname": "TRAN_VDD_PULSE", "cornername": "CMOS_RES_CAP_TEMP_6"}
[2026-05-26 08:13:21.576 Z] [WARN] [cadence.virtuoso.ade.simulationMonitor] -     WARNING (SPECTRE-16462): SOAC_cvart_vbs:Error in specification of subcircuit master. Assert is ignored.
        Further occurrences of this warning will be suppressed. {"history": "Interactive.76", "point": 8, "testname": "TRAN_VDD_PULSE", "cornername": "CMOS_RES_CAP_TEMP_6"}
[2026-05-26 08:13:21.576 Z] [WARN] [cadence.virtuoso.ade.simulationMonitor] -     WARNING (SPECTRE-17607): Assert `SOAC_cvar_vspsub' is ignored because it contains an expression which is invalid or not supported by native evaluator.  {"history": "Interactive.76", "point": 8, "testname": "TRAN_VDD_PULSE", "cornername": "CMOS_RES_CAP_TEMP_6"}
[2026-05-26 08:13:21.576 Z] [WARN] [cadence.virtuoso.ade.simulationMonitor] -     WARNING (SPECTRE-17607): Assert `SOAC_cvar_vbpsub' is ignored because it contains an expression which is invalid or not supported by native evaluator.  {"history": "Interactive.76", "point": 8, "testname": "TRAN_VDD_PULSE", "cornername": "CMOS_RES_CAP_TEMP_6"}
[2026-05-26 08:13:21.576 Z] [WARN] [cadence.virtuoso.ade.simulationMonitor] -     WARNING (SPECTRE-17607): Assert `SOAC_cvar_vgpsub' is ignored because it contains an expression which is invalid or not supported by native evaluator. 
        Further occurrences of this warning will be suppressed. {"history": "Interactive.76", "point": 8, "testname": "TRAN_VDD_PULSE", "cornername": "CMOS_RES_CAP_TEMP_6"}
[2026-05-26 08:13:22.076 Z] [INFO] [cadence.virtuoso.ade.simulationMonitor] - Notice from spectre during topology check.
    No DC path from node `net19' to ground, Gmin installed to provide path. {"history": "Interactive.76", "point": 8, "testname": "TRAN_VDD_PULSE", "cornername": "CMOS_RES_CAP_TEMP_6"}
[2026-05-26 08:13:22.076 Z] [INFO] [cadence.virtuoso.ade.simulationMonitor] - Notice from spectre during initial setup.
    Multithreading is disabled due to the size of the design being too small. {"history": "Interactive.76", "point": 8, "testname": "TRAN_VDD_PULSE", "cornername": "CMOS_RES_CAP_TEMP_6"}
[2026-05-26 08:13:22.076 Z] [WARN] [cadence.virtuoso.ade.simulationMonitor] -     WARNING (SPECTRE-592): Following parameters are disabled because they are ignored or redefined in Spectre X:
        Option Parameters:
          reltol
        
         {"history": "Interactive.76", "point": 8, "testname": "TRAN_VDD_PULSE", "cornername": "CMOS_RES_CAP_TEMP_6"}
[2026-05-26 08:13:22.077 Z] [INFO] [cadence.virtuoso.ade.simulationMonitor] -               nodes 784 {"history": "Interactive.76", "point": 8, "testname": "TRAN_VDD_PULSE", "cornername": "CMOS_RES_CAP_TEMP_6"}
[2026-05-26 08:13:22.077 Z] [INFO] [cadence.virtuoso.ade.simulationMonitor] - Notice from spectre during initial setup.
    4 vsources are shorted because their absolute value is less than or equal to 'vabsshort'.
    Spectre X preset=vx enabled.
    18 notices suppressed.
    154 warnings suppressed. {"history": "Interactive.76", "point": 8, "testname": "TRAN_VDD_PULSE", "cornername": "CMOS_RES_CAP_TEMP_6"}
[2026-05-26 08:13:22.077 Z] [INFO] [cadence.virtuoso.ade.simulationMonitor] - Peak resident memory used = 212 Mbytes. {"history": "Interactive.76", "point": 8, "testname": "TRAN_VDD_PULSE", "cornername": "CMOS_RES_CAP_TEMP_6"}
[2026-05-26 08:13:22.077 Z] [INFO] [cadence.virtuoso.ade.simulationMonitor] -    -   (Spectre X) Multi-threading. The recommended number of threads is 1, consider adding +mt=1 on command line. {"history": "Interactive.76", "point": 8, "testname": "TRAN_VDD_PULSE", "cornername": "CMOS_RES_CAP_TEMP_6"}
[2026-05-26 08:13:22.077 Z] [INFO] [cadence.virtuoso.ade.simulationMonitor] - Notice from spectre during DC analysis `dcOp'.
    No checklimit analysis defined for asserts. A default checklimit analysis 'SpectreChecklimitAnal' has been created with all asserts enabled. {"history": "Interactive.76", "point": 8, "testname": "TRAN_VDD_PULSE", "cornername": "CMOS_RES_CAP_TEMP_6"}
[2026-05-26 08:13:22.077 Z] [INFO] [cadence.virtuoso.ade.simulationMonitor] - Notice from spectre during DC analysis `dcOp'.
    GminDC = 1 pS is large enough to noticeably affect the DC solution.
        dV(I19.I2.C1.s1) = 1.67296 mV
        Use the `gmin_check' option to eliminate or expand this report.
    Bad pivoting is found during DC analysis. Option dc_pivot_check=yes is recommended for possible improvement of convergence. {"history": "Interactive.76", "point": 8, "testname": "TRAN_VDD_PULSE", "cornername": "CMOS_RES_CAP_TEMP_6"}
[2026-05-26 08:13:22.077 Z] [WARN] [cadence.virtuoso.ade.simulationMonitor] -     WARNING (CMI-2943): Parameter checks have been ignored because the valid value for parameter 'trise' could not be found in 'C0'. {"history": "Interactive.76", "point": 8, "testname": "TRAN_VDD_PULSE", "cornername": "CMOS_RES_CAP_TEMP_6"}
[2026-05-26 08:13:22.077 Z] [WARN] [cadence.virtuoso.ade.simulationMonitor] -     WARNING (CMI-2943): Parameter checks have been ignored because the valid value for parameter 'trise' could not be found in 'C3'. {"history": "Interactive.76", "point": 8, "testname": "TRAN_VDD_PULSE", "cornername": "CMOS_RES_CAP_TEMP_6"}
[2026-05-26 08:13:22.077 Z] [WARN] [cadence.virtuoso.ade.simulationMonitor] -     WARNING (CMI-2943): Parameter checks have been ignored because the valid value for parameter 'trise' could not be found in 'C4'. {"history": "Interactive.76", "point": 8, "testname": "TRAN_VDD_PULSE", "cornername": "CMOS_RES_CAP_TEMP_6"}
[2026-05-26 08:13:22.079 Z] [WARN] [cadence.virtuoso.ade.simulationMonitor] -     WARNING (CMI-2943): Parameter checks have been ignored because the valid value for parameter 'trise' could not be found in 'C5'. {"history": "Interactive.76", "point": 8, "testname": "TRAN_VDD_PULSE", "cornername": "CMOS_RES_CAP_TEMP_6"}
[2026-05-26 08:13:22.079 Z] [WARN] [cadence.virtuoso.ade.simulationMonitor] -     WARNING (CMI-2943): Parameter checks have been ignored because the valid value for parameter 'trise' could not be found in 'I19.I4.C9<0>_turbo_m6.C1'.
        Further occurrences of this warning will be suppressed. {"history": "Interactive.76", "point": 8, "testname": "TRAN_VDD_PULSE", "cornername": "CMOS_RES_CAP_TEMP_6"}
[2026-05-26 08:13:22.079 Z] [INFO] [cadence.virtuoso.ade.simulationMonitor] - Total time required for dc analysis `dcOp': CPU = 51.392 ms, elapsed = 69.056 ms, util. = 74.4%. {"history": "Interactive.76", "point": 8, "testname": "TRAN_VDD_PULSE", "cornername": "CMOS_RES_CAP_TEMP_6"}
[2026-05-26 08:13:22.079 Z] [INFO] [cadence.virtuoso.ade.simulationMonitor] - Peak resident memory used = 223 Mbytes. {"history": "Interactive.76", "point": 8, "testname": "TRAN_VDD_PULSE", "cornername": "CMOS_RES_CAP_TEMP_6"}
[2026-05-26 08:13:22.079 Z] [INFO] [cadence.virtuoso.ade.simulationMonitor] - Notice from spectre.
    308 warnings suppressed. {"history": "Interactive.76", "point": 8, "testname": "TRAN_VDD_PULSE", "cornername": "CMOS_RES_CAP_TEMP_6"}
[2026-05-26 08:13:22.079 Z] [INFO] [cadence.virtuoso.ade.simulationMonitor] - Notice from spectre during IC analysis, during transient analysis `tran'.
    GminDC = 1 pS is large enough to noticeably affect the DC solution.
        dV(I19.I2.C1.s1) = 1.67296 mV
        Use the `gmin_check' option to eliminate or expand this report.
    Bad pivoting is found during DC analysis. Option dc_pivot_check=yes is recommended for possible improvement of convergence. {"history": "Interactive.76", "point": 8, "testname": "TRAN_VDD_PULSE", "cornername": "CMOS_RES_CAP_TEMP_6"}
[2026-05-26 08:13:22.079 Z] [WARN] [cadence.virtuoso.ade.simulationMonitor] -     WARNING (CMI-2943): Parameter checks have been ignored because the valid value for parameter 'trise' could not be found in 'C0'. {"history": "Interactive.76", "point": 8, "testname": "TRAN_VDD_PULSE", "cornername": "CMOS_RES_CAP_TEMP_6"}
[2026-05-26 08:13:22.079 Z] [WARN] [cadence.virtuoso.ade.simulationMonitor] -     WARNING (CMI-2943): Parameter checks have been ignored because the valid value for parameter 'trise' could not be found in 'C3'. {"history": "Interactive.76", "point": 8, "testname": "TRAN_VDD_PULSE", "cornername": "CMOS_RES_CAP_TEMP_6"}
[2026-05-26 08:13:22.079 Z] [WARN] [cadence.virtuoso.ade.simulationMonitor] -     WARNING (CMI-2943): Parameter checks have been ignored because the valid value for parameter 'trise' could not be found in 'C4'. {"history": "Interactive.76", "point": 8, "testname": "TRAN_VDD_PULSE", "cornername": "CMOS_RES_CAP_TEMP_6"}
[2026-05-26 08:13:22.079 Z] [WARN] [cadence.virtuoso.ade.simulationMonitor] -     WARNING (CMI-2943): Parameter checks have been ignored because the valid value for parameter 'trise' could not be found in 'C5'. {"history": "Interactive.76", "point": 8, "testname": "TRAN_VDD_PULSE", "cornername": "CMOS_RES_CAP_TEMP_6"}
[2026-05-26 08:13:22.079 Z] [WARN] [cadence.virtuoso.ade.simulationMonitor] -     WARNING (CMI-2943): Parameter checks have been ignored because the valid value for parameter 'trise' could not be found in 'I19.I4.C9<0>_turbo_m6.C1'.
        Further occurrences of this warning will be suppressed. {"history": "Interactive.76", "point": 8, "testname": "TRAN_VDD_PULSE", "cornername": "CMOS_RES_CAP_TEMP_6"}
[2026-05-26 08:13:22.079 Z] [INFO] [cadence.virtuoso.ade.simulationMonitor] - Notice from spectre during transient analysis `tran'.
    Output compression for transient analysis is enabled. {"history": "Interactive.76", "point": 8, "testname": "TRAN_VDD_PULSE", "cornername": "CMOS_RES_CAP_TEMP_6"}
[2026-05-26 08:13:22.079 Z] [INFO] [cadence.virtuoso.ade.simulationMonitor] - Notice from spectre during transient analysis `tran'.
    Multithreading is disabled due to the size of the design being too small. {"history": "Interactive.76", "point": 8, "testname": "TRAN_VDD_PULSE", "cornername": "CMOS_RES_CAP_TEMP_6"}
[2026-05-26 08:14:38.098 Z] [INFO] [cadence.virtuoso.ade.simulationMonitor] - Total time required for tran analysis `tran': CPU = 75.654 s (1m  15.7s), elapsed = 76.0309 s (1m  16.0s), util. = 99.5%. {"history": "Interactive.76", "point": 8, "testname": "TRAN_VDD_PULSE", "cornername": "CMOS_RES_CAP_TEMP_6"}
[2026-05-26 08:14:38.098 Z] [INFO] [cadence.virtuoso.ade.simulationMonitor] - Peak resident memory used = 238 Mbytes. {"history": "Interactive.76", "point": 8, "testname": "TRAN_VDD_PULSE", "cornername": "CMOS_RES_CAP_TEMP_6"}
[2026-05-26 08:14:38.098 Z] [INFO] [cadence.virtuoso.ade.simulationMonitor] - Notice from spectre.
    308 warnings suppressed. {"history": "Interactive.76", "point": 8, "testname": "TRAN_VDD_PULSE", "cornername": "CMOS_RES_CAP_TEMP_6"}
[2026-05-26 08:14:38.098 Z] [WARN] [cadence.virtuoso.ade.simulationMonitor] -     WARNING (CMI-2425): I19.I2.C1: `Acde' = 2.393 is unusually large. {"history": "Interactive.76", "point": 8, "testname": "TRAN_VDD_PULSE", "cornername": "CMOS_RES_CAP_TEMP_6"}
[2026-05-26 08:14:38.098 Z] [WARN] [cadence.virtuoso.ade.simulationMonitor] -     WARNING (CMI-2425): I19.I2.C1: `Noff' = 4.732 is unusually large. {"history": "Interactive.76", "point": 8, "testname": "TRAN_VDD_PULSE", "cornername": "CMOS_RES_CAP_TEMP_6"}
[2026-05-26 08:14:38.098 Z] [WARN] [cadence.virtuoso.ade.simulationMonitor] -     WARNING (CMI-2424): I19.I2.C1: `Voffcv' = -867.4e-03 is unusually small. {"history": "Interactive.76", "point": 8, "testname": "TRAN_VDD_PULSE", "cornername": "CMOS_RES_CAP_TEMP_6"}
[2026-05-26 08:14:38.098 Z] [WARN] [cadence.virtuoso.ade.simulationMonitor] -     WARNING (CMI-2425): I19.I8.C0: `Acde' = 2.393 is unusually large. {"history": "Interactive.76", "point": 8, "testname": "TRAN_VDD_PULSE", "cornername": "CMOS_RES_CAP_TEMP_6"}
[2026-05-26 08:14:38.099 Z] [WARN] [cadence.virtuoso.ade.simulationMonitor] -     WARNING (CMI-2425): I19.I8.C0: `Noff' = 4.732 is unusually large. {"history": "Interactive.76", "point": 8, "testname": "TRAN_VDD_PULSE", "cornername": "CMOS_RES_CAP_TEMP_6"}
[2026-05-26 08:14:38.099 Z] [WARN] [cadence.virtuoso.ade.simulationMonitor] -     WARNING (CMI-2424): I19.I8.C0: `Voffcv' = -867.4e-03 is unusually small. {"history": "Interactive.76", "point": 8, "testname": "TRAN_VDD_PULSE", "cornername": "CMOS_RES_CAP_TEMP_6"}
[2026-05-26 08:14:38.099 Z] [WARN] [cadence.virtuoso.ade.simulationMonitor] -     WARNING (CMI-2425): I19.I8.C1: `Acde' = 2.393 is unusually large.
        Further occurrences of this warning will be suppressed. {"history": "Interactive.76", "point": 8, "testname": "TRAN_VDD_PULSE", "cornername": "CMOS_RES_CAP_TEMP_6"}
[2026-05-26 08:14:38.099 Z] [WARN] [cadence.virtuoso.ade.simulationMonitor] -     WARNING (CMI-2424): I19.I8.C1: `Voffcv' = -867.4e-03 is unusually small. {"history": "Interactive.76", "point": 8, "testname": "TRAN_VDD_PULSE", "cornername": "CMOS_RES_CAP_TEMP_6"}
[2026-05-26 08:14:38.099 Z] [WARN] [cadence.virtuoso.ade.simulationMonitor] -     WARNING (CMI-2424): I19.I14.C1: `Voffcv' = -867.4e-03 is unusually small. {"history": "Interactive.76", "point": 8, "testname": "TRAN_VDD_PULSE", "cornername": "CMOS_RES_CAP_TEMP_6"}
[2026-05-26 08:14:38.099 Z] [WARN] [cadence.virtuoso.ade.simulationMonitor] -     WARNING (CMI-2424): I19.I14.C4: `Voffcv' = -867.4e-03 is unusually small.
        Further occurrences of this warning will be suppressed. {"history": "Interactive.76", "point": 8, "testname": "TRAN_VDD_PULSE", "cornername": "CMOS_RES_CAP_TEMP_6"}
[2026-05-26 08:14:38.099 Z] [INFO] [cadence.virtuoso.ade.simulationMonitor] - Notice from spectre.
    56 warnings suppressed. {"history": "Interactive.76", "point": 8, "testname": "TRAN_VDD_PULSE", "cornername": "CMOS_RES_CAP_TEMP_6"}
[2026-05-26 08:14:38.099 Z] [WARN] [cadence.virtuoso.ade.simulationMonitor] -     WARNING (CMI-2425): I19.I2.C1: `Acde' = 2.393 is unusually large. {"history": "Interactive.76", "point": 8, "testname": "TRAN_VDD_PULSE", "cornername": "CMOS_RES_CAP_TEMP_6"}
[2026-05-26 08:14:38.099 Z] [WARN] [cadence.virtuoso.ade.simulationMonitor] -     WARNING (CMI-2425): I19.I2.C1: `Noff' = 4.732 is unusually large. {"history": "Interactive.76", "point": 8, "testname": "TRAN_VDD_PULSE", "cornername": "CMOS_RES_CAP_TEMP_6"}
[2026-05-26 08:14:38.099 Z] [WARN] [cadence.virtuoso.ade.simulationMonitor] -     WARNING (CMI-2424): I19.I2.C1: `Voffcv' = -867.4e-03 is unusually small. {"history": "Interactive.76", "point": 8, "testname": "TRAN_VDD_PULSE", "cornername": "CMOS_RES_CAP_TEMP_6"}
[2026-05-26 08:14:38.099 Z] [WARN] [cadence.virtuoso.ade.simulationMonitor] -     WARNING (CMI-2425): I19.I8.C0: `Acde' = 2.393 is unusually large. {"history": "Interactive.76", "point": 8, "testname": "TRAN_VDD_PULSE", "cornername": "CMOS_RES_CAP_TEMP_6"}
[2026-05-26 08:14:38.099 Z] [WARN] [cadence.virtuoso.ade.simulationMonitor] -     WARNING (CMI-2425): I19.I8.C0: `Noff' = 4.732 is unusually large. {"history": "Interactive.76", "point": 8, "testname": "TRAN_VDD_PULSE", "cornername": "CMOS_RES_CAP_TEMP_6"}
[2026-05-26 08:14:38.099 Z] [WARN] [cadence.virtuoso.ade.simulationMonitor] -     WARNING (CMI-2424): I19.I8.C0: `Voffcv' = -867.4e-03 is unusually small. {"history": "Interactive.76", "point": 8, "testname": "TRAN_VDD_PULSE", "cornername": "CMOS_RES_CAP_TEMP_6"}
[2026-05-26 08:14:38.100 Z] [WARN] [cadence.virtuoso.ade.simulationMonitor] -     WARNING (CMI-2425): I19.I8.C1: `Acde' = 2.393 is unusually large.
        Further occurrences of this warning will be suppressed. {"history": "Interactive.76", "point": 8, "testname": "TRAN_VDD_PULSE", "cornername": "CMOS_RES_CAP_TEMP_6"}
[2026-05-26 08:14:38.100 Z] [WARN] [cadence.virtuoso.ade.simulationMonitor] -     WARNING (CMI-2424): I19.I8.C1: `Voffcv' = -867.4e-03 is unusually small. {"history": "Interactive.76", "point": 8, "testname": "TRAN_VDD_PULSE", "cornername": "CMOS_RES_CAP_TEMP_6"}
[2026-05-26 08:14:38.100 Z] [WARN] [cadence.virtuoso.ade.simulationMonitor] -     WARNING (CMI-2424): I19.I14.C1: `Voffcv' = -867.4e-03 is unusually small. {"history": "Interactive.76", "point": 8, "testname": "TRAN_VDD_PULSE", "cornername": "CMOS_RES_CAP_TEMP_6"}
[2026-05-26 08:14:38.100 Z] [WARN] [cadence.virtuoso.ade.simulationMonitor] -     WARNING (CMI-2424): I19.I14.C4: `Voffcv' = -867.4e-03 is unusually small.
        Further occurrences of this warning will be suppressed. {"history": "Interactive.76", "point": 8, "testname": "TRAN_VDD_PULSE", "cornername": "CMOS_RES_CAP_TEMP_6"}
[2026-05-26 08:14:38.100 Z] [INFO] [cadence.virtuoso.ade.simulationMonitor] - Notice from spectre.
    59 warnings suppressed. {"history": "Interactive.76", "point": 8, "testname": "TRAN_VDD_PULSE", "cornername": "CMOS_RES_CAP_TEMP_6"}
[2026-05-26 08:14:38.100 Z] [WARN] [cadence.virtuoso.ade.simulationMonitor] -     WARNING (CMI-2425): I19.I2.C1: `Acde' = 2.393 is unusually large. {"history": "Interactive.76", "point": 8, "testname": "TRAN_VDD_PULSE", "cornername": "CMOS_RES_CAP_TEMP_6"}
[2026-05-26 08:14:38.100 Z] [WARN] [cadence.virtuoso.ade.simulationMonitor] -     WARNING (CMI-2425): I19.I2.C1: `Noff' = 4.732 is unusually large. {"history": "Interactive.76", "point": 8, "testname": "TRAN_VDD_PULSE", "cornername": "CMOS_RES_CAP_TEMP_6"}
[2026-05-26 08:14:38.100 Z] [WARN] [cadence.virtuoso.ade.simulationMonitor] -     WARNING (CMI-2424): I19.I2.C1: `Voffcv' = -867.4e-03 is unusually small. {"history": "Interactive.76", "point": 8, "testname": "TRAN_VDD_PULSE", "cornername": "CMOS_RES_CAP_TEMP_6"}
[2026-05-26 08:14:38.100 Z] [WARN] [cadence.virtuoso.ade.simulationMonitor] -     WARNING (CMI-2425): I19.I8.C0: `Acde' = 2.393 is unusually large. {"history": "Interactive.76", "point": 8, "testname": "TRAN_VDD_PULSE", "cornername": "CMOS_RES_CAP_TEMP_6"}
[2026-05-26 08:14:38.100 Z] [WARN] [cadence.virtuoso.ade.simulationMonitor] -     WARNING (CMI-2425): I19.I8.C0: `Noff' = 4.732 is unusually large. {"history": "Interactive.76", "point": 8, "testname": "TRAN_VDD_PULSE", "cornername": "CMOS_RES_CAP_TEMP_6"}
[2026-05-26 08:14:38.100 Z] [WARN] [cadence.virtuoso.ade.simulationMonitor] -     WARNING (CMI-2424): I19.I8.C0: `Voffcv' = -867.4e-03 is unusually small. {"history": "Interactive.76", "point": 8, "testname": "TRAN_VDD_PULSE", "cornername": "CMOS_RES_CAP_TEMP_6"}
[2026-05-26 08:14:38.100 Z] [WARN] [cadence.virtuoso.ade.simulationMonitor] -     WARNING (CMI-2425): I19.I8.C1: `Acde' = 2.393 is unusually large.
        Further occurrences of this warning will be suppressed. {"history": "Interactive.76", "point": 8, "testname": "TRAN_VDD_PULSE", "cornername": "CMOS_RES_CAP_TEMP_6"}
[2026-05-26 08:14:38.100 Z] [WARN] [cadence.virtuoso.ade.simulationMonitor] -     WARNING (CMI-2424): I19.I8.C1: `Voffcv' = -867.4e-03 is unusually small. {"history": "Interactive.76", "point": 8, "testname": "TRAN_VDD_PULSE", "cornername": "CMOS_RES_CAP_TEMP_6"}
[2026-05-26 08:14:38.100 Z] [WARN] [cadence.virtuoso.ade.simulationMonitor] -     WARNING (CMI-2424): I19.I14.C1: `Voffcv' = -867.4e-03 is unusually small. {"history": "Interactive.76", "point": 8, "testname": "TRAN_VDD_PULSE", "cornername": "CMOS_RES_CAP_TEMP_6"}
[2026-05-26 08:14:38.100 Z] [WARN] [cadence.virtuoso.ade.simulationMonitor] -     WARNING (CMI-2424): I19.I14.C4: `Voffcv' = -867.4e-03 is unusually small.
        Further occurrences of this warning will be suppressed. {"history": "Interactive.76", "point": 8, "testname": "TRAN_VDD_PULSE", "cornername": "CMOS_RES_CAP_TEMP_6"}
[2026-05-26 08:14:38.601 Z] [INFO] [cadence.virtuoso.ade.simulationMonitor] - Notice from spectre.
    56 warnings suppressed. {"history": "Interactive.76", "point": 8, "testname": "TRAN_VDD_PULSE", "cornername": "CMOS_RES_CAP_TEMP_6"}
[2026-05-26 08:14:38.601 Z] [WARN] [cadence.virtuoso.ade.simulationMonitor] -     WARNING (CMI-2425): I19.I2.C1: `Acde' = 2.393 is unusually large. {"history": "Interactive.76", "point": 8, "testname": "TRAN_VDD_PULSE", "cornername": "CMOS_RES_CAP_TEMP_6"}
[2026-05-26 08:14:38.601 Z] [WARN] [cadence.virtuoso.ade.simulationMonitor] -     WARNING (CMI-2425): I19.I2.C1: `Noff' = 4.732 is unusually large. {"history": "Interactive.76", "point": 8, "testname": "TRAN_VDD_PULSE", "cornername": "CMOS_RES_CAP_TEMP_6"}
[2026-05-26 08:14:38.601 Z] [WARN] [cadence.virtuoso.ade.simulationMonitor] -     WARNING (CMI-2424): I19.I2.C1: `Voffcv' = -867.4e-03 is unusually small. {"history": "Interactive.76", "point": 8, "testname": "TRAN_VDD_PULSE", "cornername": "CMOS_RES_CAP_TEMP_6"}
[2026-05-26 08:14:38.601 Z] [WARN] [cadence.virtuoso.ade.simulationMonitor] -     WARNING (CMI-2425): I19.I8.C0: `Acde' = 2.393 is unusually large. {"history": "Interactive.76", "point": 8, "testname": "TRAN_VDD_PULSE", "cornername": "CMOS_RES_CAP_TEMP_6"}
[2026-05-26 08:14:38.601 Z] [WARN] [cadence.virtuoso.ade.simulationMonitor] -     WARNING (CMI-2425): I19.I8.C0: `Noff' = 4.732 is unusually large. {"history": "Interactive.76", "point": 8, "testname": "TRAN_VDD_PULSE", "cornername": "CMOS_RES_CAP_TEMP_6"}
[2026-05-26 08:14:38.601 Z] [WARN] [cadence.virtuoso.ade.simulationMonitor] -     WARNING (CMI-2424): I19.I8.C0: `Voffcv' = -867.4e-03 is unusually small. {"history": "Interactive.76", "point": 8, "testname": "TRAN_VDD_PULSE", "cornername": "CMOS_RES_CAP_TEMP_6"}
[2026-05-26 08:14:38.601 Z] [WARN] [cadence.virtuoso.ade.simulationMonitor] -     WARNING (CMI-2425): I19.I8.C1: `Acde' = 2.393 is unusually large.
        Further occurrences of this warning will be suppressed. {"history": "Interactive.76", "point": 8, "testname": "TRAN_VDD_PULSE", "cornername": "CMOS_RES_CAP_TEMP_6"}
[2026-05-26 08:14:38.602 Z] [WARN] [cadence.virtuoso.ade.simulationMonitor] -     WARNING (CMI-2424): I19.I8.C1: `Voffcv' = -867.4e-03 is unusually small. {"history": "Interactive.76", "point": 8, "testname": "TRAN_VDD_PULSE", "cornername": "CMOS_RES_CAP_TEMP_6"}
[2026-05-26 08:14:38.602 Z] [WARN] [cadence.virtuoso.ade.simulationMonitor] -     WARNING (CMI-2424): I19.I14.C1: `Voffcv' = -867.4e-03 is unusually small. {"history": "Interactive.76", "point": 8, "testname": "TRAN_VDD_PULSE", "cornername": "CMOS_RES_CAP_TEMP_6"}
[2026-05-26 08:14:38.602 Z] [WARN] [cadence.virtuoso.ade.simulationMonitor] -     WARNING (CMI-2424): I19.I14.C4: `Voffcv' = -867.4e-03 is unusually small.
        Further occurrences of this warning will be suppressed. {"history": "Interactive.76", "point": 8, "testname": "TRAN_VDD_PULSE", "cornername": "CMOS_RES_CAP_TEMP_6"}
[2026-05-26 08:14:38.602 Z] [INFO] [cadence.virtuoso.ade.simulationMonitor] - Notice from spectre.
    56 warnings suppressed. {"history": "Interactive.76", "point": 8, "testname": "TRAN_VDD_PULSE", "cornername": "CMOS_RES_CAP_TEMP_6"}
[2026-05-26 08:14:38.602 Z] [INFO] [cadence.virtuoso.ade.simulationMonitor] - Time used: CPU = 76.1 s (1m  16.1s), elapsed = 76.8 s (1m  16.8s), util. = 99.1%. {"history": "Interactive.76", "point": 8, "testname": "TRAN_VDD_PULSE", "cornername": "CMOS_RES_CAP_TEMP_6"}
[2026-05-26 08:14:38.602 Z] [INFO] [cadence.virtuoso.ade.simulationMonitor] - Time spent in licensing: elapsed = 39 ms. {"history": "Interactive.76", "point": 8, "testname": "TRAN_VDD_PULSE", "cornername": "CMOS_RES_CAP_TEMP_6"}
[2026-05-26 08:14:38.602 Z] [INFO] [cadence.virtuoso.ade.simulationMonitor] - Peak memory used = 238 Mbytes. {"history": "Interactive.76", "point": 8, "testname": "TRAN_VDD_PULSE", "cornername": "CMOS_RES_CAP_TEMP_6"}
[2026-05-26 08:14:38.602 Z] [PROCESS] [cadence.virtuoso.ade.simulationMonitor] - Simulation started at: 8:13:21 AM, Tue May 26, 2026, ended at: 8:14:37 AM, Tue May 26, 2026, with elapsed time (wall clock): 76.8 s (1m  16.8s). {"history": "Interactive.76", "point": 8, "testname": "TRAN_VDD_PULSE", "cornername": "CMOS_RES_CAP_TEMP_6"}
[2026-05-26 08:14:38.602 Z] [PROCESS] [cadence.virtuoso.ade.simulationMonitor] - spectre completes with 0 errors, 97 warnings, and 35 notices. {"history": "Interactive.76", "point": 8, "testname": "TRAN_VDD_PULSE", "cornername": "CMOS_RES_CAP_TEMP_6"}
[2026-05-26 08:14:38.602 Z] [PROCESS] [cadence.virtuoso.ade.simulationMonitor] - Finished simulating for one point {"hostname": "edatools", "processid": 229994, "history": "Interactive.76", "testname": "TRAN_VDD_PULSE", "cornername": "CMOS_RES_CAP_TEMP_6", "point": 8, "logfile": "/home/saul/projects/IL2244_VT26_SAUL/logs_saul/logs0/Job39.log", "simid": "2"}
[2026-05-26 08:14:38.602 Z] [PROCESS] [cadence.virtuoso.ade.simulationMonitor] - Simulator exited {"hostname": "edatools", "processid": 229994, "history": "Interactive.76", "testname": "TRAN_VDD_PULSE", "cornername": "CMOS_RES_CAP_TEMP_6", "point": 8, "logfile": "/home/saul/projects/IL2244_VT26_SAUL/logs_saul/logs0/Job39.log", "exitStatus": "0"}
[2026-05-26 08:14:38.603 Z] [PROCESS] [cadence.virtuoso.ade.simulationMonitor] - Finished Simulation {"hostname": "edatools", "processid": 229994, "history": "Interactive.76", "testname": "TRAN_VDD_PULSE", "cornername": "CMOS_RES_CAP_TEMP_6", "point": 8, "logfile": "/home/saul/projects/IL2244_VT26_SAUL/logs_saul/logs0/Job39.log", "simid": "2"}
[2026-05-26 08:14:40.608 Z] [PROCESS] [cadence.virtuoso.ade.simulationMonitor] - Point Finished {"hostname": "edatools", "processid": 229994, "history": "Interactive.76", "testname": "TRAN_VDD_PULSE", "cornername": "CMOS_RES_CAP_TEMP_6", "point": 8, "logfile": "/home/saul/projects/IL2244_VT26_SAUL/logs_saul/logs0/Job39.log"}
[2026-05-26 08:14:40.610 Z] [PROCESS] [cadence.virtuoso.ade.simulationMonitor] - HostInfo:
Host name (type):	edatools (x86_64)
Operating system:	Linux 6.17.0-29-generic #29~24.04.1-Ubuntu SMP PREEMPT_DYNAMIC Mon May 11 10:30:58 UTC 2 {"hostname": "edatools", "processid": 229994, "history": "Interactive.76", "testname": "TRAN_VDD_PULSE", "cornername": "CMOS_RES_CAP_TEMP_6", "point": 8, "logfile": "/home/saul/projects/IL2244_VT26_SAUL/logs_saul/logs0/Job39.log", "nodename": "edatools", "domainname": "(none)", "machine": "x86_64", "sysname": "Linux", "release": "6.17.0-29-generic", "version": "#29~24.04.1-Ubuntu SMP PREEMPT_DYNAMIC Mon May 11 10:30:58 UTC 2"}
[2026-05-26 08:14:40.610 Z] [PROCESS] [cadence.virtuoso.ade.simulationMonitor] - UsageInfo:
pid=229994
totalPhysicalMemory=62.544987GB,Used=44.239231GB,totalVirtualMemory=70.544983GB,Used=44.239231GB
Cpu: Cores=16, Load average:6.660000,4.460000,3.900000 {"hostname": "edatools", "processid": 229994, "history": "Interactive.76", "testname": "TRAN_VDD_PULSE", "cornername": "CMOS_RES_CAP_TEMP_6", "point": 8, "logfile": "/home/saul/projects/IL2244_VT26_SAUL/logs_saul/logs0/Job39.log", "pid": "229994", "totalPhysicalMemory": "62.544987", "physicalMemoryUsed": "44.239231", "totalVirtualMemory": "70.544983", "virtualMemoryUsed": "44.239231", "cpuCores": "16", "processes": "1712", "loadAverage1": "6.660000", "loadAverage5": "4.460000", "loadAverage15": "3.900000", "loadAverage1Percent": "0.416250"}
[2026-05-26 08:14:40.610 Z] [EVENT] [cadence.virtuoso.ade.simulationMonitor] - NewPoint {"history": "Interactive.76", "point": 17, "testname": "TRAN_VDD_PULSE", "cornername": "CMOS_RES_CAP_TEMP_15", "event": "NewPoint", "EventSource": "Simulation Monitor", "HistoryName": "Interactive.76", "logFile": "/home/saul/projects/IL2244_VT26_SAUL/logs_saul/logs0/Job39.log", "logFileSize": "88500"}
[2026-05-26 08:14:40.711 Z] [EVENT] [cadence.virtuoso.ade.simulationMonitor] - NewPoint {"history": "Interactive.76", "point": 17, "testname": "TRAN_VDD_PULSE", "cornername": "CMOS_RES_CAP_TEMP_15", "event": "NewPoint", "EventSource": "spectre", "HistoryName": "Interactive.76", "logFile": "/home/saul/projects/IL2244_VT26_SAUL/Sim/FECG/fecg_front_end_tran_tb/maestro/results/maestro/Interactive.76/17/TRAN_VDD_PULSE/psf/spectre.out", "logFileSize": "-1"}
[2026-05-26 08:14:40.714 Z] [PROCESS] [cadence.virtuoso.ade.simulationMonitor] - Simulator launched {"hostname": "edatools", "processid": 229994, "history": "Interactive.76", "testname": "TRAN_VDD_PULSE", "cornername": "CMOS_RES_CAP_TEMP_15", "point": 17, "logfile": "/home/saul/projects/IL2244_VT26_SAUL/logs_saul/logs0/Job39.log", "simid": "3"}
[2026-05-26 08:14:40.728 Z] [PROCESS] [cadence.virtuoso.ade.simulationMonitor] - Started Simulation {"hostname": "edatools", "processid": 229994, "history": "Interactive.76", "testname": "TRAN_VDD_PULSE", "cornername": "CMOS_RES_CAP_TEMP_15", "point": 17, "logfile": "/home/saul/projects/IL2244_VT26_SAUL/logs_saul/logs0/Job39.log", "event": "started", "task": "simulation"}
[2026-05-26 08:14:41.228 Z] [INFO] [cadence.virtuoso.ade.simulationMonitor] - Notice from spectre during circuit read-in.
    Pre_Configuration file used: /opt/tools/cadence/installs/SPECTRE241/tools.lnx86/spectre/etc/configs/preset.precfg
    Configuration file used: `/opt/tools/cadence/installs/SPECTRE241/tools.lnx86/spectre/etc/configs/preset.cfg'. {"history": "Interactive.76", "point": 17, "testname": "TRAN_VDD_PULSE", "cornername": "CMOS_RES_CAP_TEMP_15"}
[2026-05-26 08:14:41.228 Z] [WARN] [cadence.virtuoso.ade.simulationMonitor] -     WARNING (SPECTRE-8360): line 1511: `ac' is an undefined primitive device. {"history": "Interactive.76", "point": 17, "testname": "TRAN_VDD_PULSE", "cornername": "CMOS_RES_CAP_TEMP_15"}
[2026-05-26 08:14:41.228 Z] [WARN] [cadence.virtuoso.ade.simulationMonitor] -     WARNING (SPECTRE-8360): line 1512: `ac' is an undefined primitive device. {"history": "Interactive.76", "point": 17, "testname": "TRAN_VDD_PULSE", "cornername": "CMOS_RES_CAP_TEMP_15"}
[2026-05-26 08:14:41.228 Z] [WARN] [cadence.virtuoso.ade.simulationMonitor] -     WARNING (SPECTRE-8360): line 1513: `ac' is an undefined primitive device. {"history": "Interactive.76", "point": 17, "testname": "TRAN_VDD_PULSE", "cornername": "CMOS_RES_CAP_TEMP_15"}
[2026-05-26 08:14:41.229 Z] [WARN] [cadence.virtuoso.ade.simulationMonitor] -     WARNING (SPECTRE-8360): line 1514: `ac' is an undefined primitive device. {"history": "Interactive.76", "point": 17, "testname": "TRAN_VDD_PULSE", "cornername": "CMOS_RES_CAP_TEMP_15"}
[2026-05-26 08:14:41.229 Z] [WARN] [cadence.virtuoso.ade.simulationMonitor] -     WARNING (SPECTRE-8360): line 1515: `ac' is an undefined primitive device.
        Further occurrences of this warning will be suppressed. {"history": "Interactive.76", "point": 17, "testname": "TRAN_VDD_PULSE", "cornername": "CMOS_RES_CAP_TEMP_15"}
[2026-05-26 08:14:41.229 Z] [INFO] [cadence.virtuoso.ade.simulationMonitor] - Peak resident memory used = 173 Mbytes. {"history": "Interactive.76", "point": 17, "testname": "TRAN_VDD_PULSE", "cornername": "CMOS_RES_CAP_TEMP_15"}
[2026-05-26 08:14:41.229 Z] [WARN] [cadence.virtuoso.ade.simulationMonitor] -     WARNING (VACOMP-2435): The environment variable CDS_AHDLCMI_ENABLE is no longer supported. Therefore, the simulator will use the default compiled C code flow. {"history": "Interactive.76", "point": 17, "testname": "TRAN_VDD_PULSE", "cornername": "CMOS_RES_CAP_TEMP_15"}
[2026-05-26 08:14:41.229 Z] [WARN] [cadence.virtuoso.ade.simulationMonitor] -     WARNING (SFE-3014): The floating device I19.I0.I5.MN14<0>_turbo_m4 is removed. {"history": "Interactive.76", "point": 17, "testname": "TRAN_VDD_PULSE", "cornername": "CMOS_RES_CAP_TEMP_15"}
[2026-05-26 08:14:41.229 Z] [WARN] [cadence.virtuoso.ade.simulationMonitor] -     WARNING (SFE-3012): The dummy device I19.I4.MP16<0>_turbo_m41 is removed. {"history": "Interactive.76", "point": 17, "testname": "TRAN_VDD_PULSE", "cornername": "CMOS_RES_CAP_TEMP_15"}
[2026-05-26 08:14:41.229 Z] [WARN] [cadence.virtuoso.ade.simulationMonitor] -     WARNING (SFE-3014): The floating device I19.I8.MN57<0>_turbo_m28 is removed. {"history": "Interactive.76", "point": 17, "testname": "TRAN_VDD_PULSE", "cornername": "CMOS_RES_CAP_TEMP_15"}
[2026-05-26 08:14:41.229 Z] [WARN] [cadence.virtuoso.ade.simulationMonitor] -     WARNING (SFE-3012): The dummy device I19.I14.MP13<0>_turbo_m4 is removed. {"history": "Interactive.76", "point": 17, "testname": "TRAN_VDD_PULSE", "cornername": "CMOS_RES_CAP_TEMP_15"}
[2026-05-26 08:14:41.229 Z] [WARN] [cadence.virtuoso.ade.simulationMonitor] -     WARNING (SFE-3031): The floating capacitor I19.I12.C10<0>_turbo_m12.C1 is removed. {"history": "Interactive.76", "point": 17, "testname": "TRAN_VDD_PULSE", "cornername": "CMOS_RES_CAP_TEMP_15"}
[2026-05-26 08:14:41.229 Z] [WARN] [cadence.virtuoso.ade.simulationMonitor] -     WARNING (SFE-3014): The floating device I19.I2.MN37<0>_turbo_m4 is removed. {"history": "Interactive.76", "point": 17, "testname": "TRAN_VDD_PULSE", "cornername": "CMOS_RES_CAP_TEMP_15"}
[2026-05-26 08:14:41.229 Z] [WARN] [cadence.virtuoso.ade.simulationMonitor] -     WARNING (SFE-3012): The dummy device I19.I0.I5.MP12<0>_turbo_m2 is removed. {"history": "Interactive.76", "point": 17, "testname": "TRAN_VDD_PULSE", "cornername": "CMOS_RES_CAP_TEMP_15"}
[2026-05-26 08:14:41.229 Z] [WARN] [cadence.virtuoso.ade.simulationMonitor] -     WARNING (SFE-3014): The floating device I19.I0.MN13<0>_turbo_m4 is removed. {"history": "Interactive.76", "point": 17, "testname": "TRAN_VDD_PULSE", "cornername": "CMOS_RES_CAP_TEMP_15"}
[2026-05-26 08:14:41.229 Z] [WARN] [cadence.virtuoso.ade.simulationMonitor] -     WARNING (SFE-3012): The dummy device I19.I0.I3.MP13<0>_turbo_m4 is removed. {"history": "Interactive.76", "point": 17, "testname": "TRAN_VDD_PULSE", "cornername": "CMOS_RES_CAP_TEMP_15"}
[2026-05-26 08:14:41.229 Z] [WARN] [cadence.virtuoso.ade.simulationMonitor] -     WARNING (SFE-3031): The floating capacitor I19.I12.C6<0>_turbo_m3.C1 is removed. {"history": "Interactive.76", "point": 17, "testname": "TRAN_VDD_PULSE", "cornername": "CMOS_RES_CAP_TEMP_15"}
[2026-05-26 08:14:41.229 Z] [WARN] [cadence.virtuoso.ade.simulationMonitor] -     WARNING (SFE-3012): The dummy device I19.I0.MP11<0>_turbo_m4 is removed.
        Further occurrences of this warning will be suppressed. {"history": "Interactive.76", "point": 17, "testname": "TRAN_VDD_PULSE", "cornername": "CMOS_RES_CAP_TEMP_15"}
[2026-05-26 08:14:41.229 Z] [WARN] [cadence.virtuoso.ade.simulationMonitor] -     WARNING (SFE-3031): The floating capacitor I19.I11.C7<0>_turbo_m3.C1 is removed. {"history": "Interactive.76", "point": 17, "testname": "TRAN_VDD_PULSE", "cornername": "CMOS_RES_CAP_TEMP_15"}
[2026-05-26 08:14:41.229 Z] [WARN] [cadence.virtuoso.ade.simulationMonitor] -     WARNING (SFE-3014): The floating device I19.I12.MN57<0>_turbo_m28 is removed.
        Further occurrences of this warning will be suppressed. {"history": "Interactive.76", "point": 17, "testname": "TRAN_VDD_PULSE", "cornername": "CMOS_RES_CAP_TEMP_15"}
[2026-05-26 08:14:41.229 Z] [WARN] [cadence.virtuoso.ade.simulationMonitor] -     WARNING (SFE-3031): The floating capacitor I19.I11.C10<0>_turbo_m12.C1 is removed. {"history": "Interactive.76", "point": 17, "testname": "TRAN_VDD_PULSE", "cornername": "CMOS_RES_CAP_TEMP_15"}
[2026-05-26 08:14:41.230 Z] [WARN] [cadence.virtuoso.ade.simulationMonitor] -     WARNING (SFE-3031): The floating capacitor I19.I12.C7<0>_turbo_m3.C1 is removed.
        Further occurrences of this warning will be suppressed. {"history": "Interactive.76", "point": 17, "testname": "TRAN_VDD_PULSE", "cornername": "CMOS_RES_CAP_TEMP_15"}
[2026-05-26 08:14:41.230 Z] [INFO] [cadence.virtuoso.ade.simulationMonitor] - Notice from spectre during hierarchy flattening.
    The value 'psf' specified for the 'checklimitdest' option will no longer be supported in future releases. Use 'spectre -h' to see other recommended values for the 'checklimitdest' option. {"history": "Interactive.76", "point": 17, "testname": "TRAN_VDD_PULSE", "cornername": "CMOS_RES_CAP_TEMP_15"}
[2026-05-26 08:14:41.230 Z] [INFO] [cadence.virtuoso.ade.simulationMonitor] - Peak resident memory used = 192 Mbytes. {"history": "Interactive.76", "point": 17, "testname": "TRAN_VDD_PULSE", "cornername": "CMOS_RES_CAP_TEMP_15"}
[2026-05-26 08:14:41.230 Z] [INFO] [cadence.virtuoso.ade.simulationMonitor] - Notice from spectre during hierarchy flattening.
    The value 'psf' specified for the 'checklimitdest' option will no longer be supported in future releases. Use 'spectre -h' to see other recommended values for the 'checklimitdest' option.
    I19.I0.R10.CS0 of rpolyhc: `c' has the unusually small value of 0 F.
    I19.I0.R10.CS1 of rpolyhc: `c' has the unusually small value of 0 F.
    I19.I0.R9.CS0 of rpolyhc: `c' has the unusually small value of 0 F.
    I19.I0.R9.CS1 of rpolyhc: `c' has the unusually ... {"history": "Interactive.76", "point": 17, "testname": "TRAN_VDD_PULSE", "cornername": "CMOS_RES_CAP_TEMP_15"}
[2026-05-26 08:14:41.230 Z] [INFO] [cadence.virtuoso.ade.simulationMonitor] - Notice from spectre during hierarchy flattening.
    V17: `period' has the unusually large value of 20 s.
    V17: `width' has the unusually large value of 19 s.
    V16: `period' has the unusually large value of 10 s.
    V16: `width' has the unusually large value of 9 s.
    V9: `period' has the unusually large value of 10 s.
        Further occurrences of this notice will be suppressed. {"history": "Interactive.76", "point": 17, "testname": "TRAN_VDD_PULSE", "cornername": "CMOS_RES_CAP_TEMP_15"}
[2026-05-26 08:14:41.230 Z] [INFO] [cadence.virtuoso.ade.simulationMonitor] - Peak resident memory used = 194 Mbytes. {"history": "Interactive.76", "point": 17, "testname": "TRAN_VDD_PULSE", "cornername": "CMOS_RES_CAP_TEMP_15"}
[2026-05-26 08:14:41.230 Z] [WARN] [cadence.virtuoso.ade.simulationMonitor] -     WARNING (CMI-2425): I19.I0.C2: `Acde' = 2.393 is unusually large. {"history": "Interactive.76", "point": 17, "testname": "TRAN_VDD_PULSE", "cornername": "CMOS_RES_CAP_TEMP_15"}
[2026-05-26 08:14:41.230 Z] [WARN] [cadence.virtuoso.ade.simulationMonitor] -     WARNING (CMI-2425): I19.I0.C2: `Noff' = 4.732 is unusually large. {"history": "Interactive.76", "point": 17, "testname": "TRAN_VDD_PULSE", "cornername": "CMOS_RES_CAP_TEMP_15"}
[2026-05-26 08:14:41.230 Z] [WARN] [cadence.virtuoso.ade.simulationMonitor] -     WARNING (CMI-2424): I19.I0.C2: `Voffcv' = -867.4e-03 is unusually small. {"history": "Interactive.76", "point": 17, "testname": "TRAN_VDD_PULSE", "cornername": "CMOS_RES_CAP_TEMP_15"}
[2026-05-26 08:14:41.230 Z] [WARN] [cadence.virtuoso.ade.simulationMonitor] -     WARNING (CMI-2425): I19.I0.C3: `Acde' = 2.393 is unusually large. {"history": "Interactive.76", "point": 17, "testname": "TRAN_VDD_PULSE", "cornername": "CMOS_RES_CAP_TEMP_15"}
[2026-05-26 08:14:41.230 Z] [WARN] [cadence.virtuoso.ade.simulationMonitor] -     WARNING (CMI-2425): I19.I0.C3: `Noff' = 4.732 is unusually large. {"history": "Interactive.76", "point": 17, "testname": "TRAN_VDD_PULSE", "cornername": "CMOS_RES_CAP_TEMP_15"}
[2026-05-26 08:14:41.230 Z] [WARN] [cadence.virtuoso.ade.simulationMonitor] -     WARNING (CMI-2424): I19.I0.C3: `Voffcv' = -867.4e-03 is unusually small. {"history": "Interactive.76", "point": 17, "testname": "TRAN_VDD_PULSE", "cornername": "CMOS_RES_CAP_TEMP_15"}
[2026-05-26 08:14:41.230 Z] [WARN] [cadence.virtuoso.ade.simulationMonitor] -     WARNING (CMI-2425): I19.I0.C0: `Acde' = 2.393 is unusually large.
        Further occurrences of this warning will be suppressed. {"history": "Interactive.76", "point": 17, "testname": "TRAN_VDD_PULSE", "cornername": "CMOS_RES_CAP_TEMP_15"}
[2026-05-26 08:14:41.230 Z] [WARN] [cadence.virtuoso.ade.simulationMonitor] -     WARNING (CMI-2424): I19.I0.C0: `Voffcv' = -867.4e-03 is unusually small. {"history": "Interactive.76", "point": 17, "testname": "TRAN_VDD_PULSE", "cornername": "CMOS_RES_CAP_TEMP_15"}
[2026-05-26 08:14:41.230 Z] [WARN] [cadence.virtuoso.ade.simulationMonitor] -     WARNING (CMI-2424): I19.I0.I3.C1: `Voffcv' = -867.4e-03 is unusually small. {"history": "Interactive.76", "point": 17, "testname": "TRAN_VDD_PULSE", "cornername": "CMOS_RES_CAP_TEMP_15"}
[2026-05-26 08:14:41.230 Z] [WARN] [cadence.virtuoso.ade.simulationMonitor] -     WARNING (CMI-2424): I19.I0.C1<0>_turbo_m5: `Voffcv' = -867.4e-03 is unusually small.
        Further occurrences of this warning will be suppressed. {"history": "Interactive.76", "point": 17, "testname": "TRAN_VDD_PULSE", "cornername": "CMOS_RES_CAP_TEMP_15"}
[2026-05-26 08:14:41.231 Z] [WARN] [cadence.virtuoso.ade.simulationMonitor] -     WARNING (SPECTRE-17607): Assert `SOAC_rpolyh_vminuspsub' is ignored because it contains an expression which is invalid or not supported by native evaluator.  {"history": "Interactive.76", "point": 17, "testname": "TRAN_VDD_PULSE", "cornername": "CMOS_RES_CAP_TEMP_15"}
[2026-05-26 08:14:41.231 Z] [WARN] [cadence.virtuoso.ade.simulationMonitor] -     WARNING (SPECTRE-17607): Assert `SOAC_rpolyh_vpluspsub' is ignored because it contains an expression which is invalid or not supported by native evaluator.  {"history": "Interactive.76", "point": 17, "testname": "TRAN_VDD_PULSE", "cornername": "CMOS_RES_CAP_TEMP_15"}
[2026-05-26 08:14:41.231 Z] [WARN] [cadence.virtuoso.ade.simulationMonitor] -     WARNING (SPECTRE-16460): SOAC_cvarm_vspsub:Specified subcircuit master `cvarm' was not found. {"history": "Interactive.76", "point": 17, "testname": "TRAN_VDD_PULSE", "cornername": "CMOS_RES_CAP_TEMP_15"}
[2026-05-26 08:14:41.231 Z] [WARN] [cadence.virtuoso.ade.simulationMonitor] -     WARNING (SPECTRE-16462): SOAC_cvarm_vspsub:Error in specification of subcircuit master. Assert is ignored. {"history": "Interactive.76", "point": 17, "testname": "TRAN_VDD_PULSE", "cornername": "CMOS_RES_CAP_TEMP_15"}
[2026-05-26 08:14:41.231 Z] [WARN] [cadence.virtuoso.ade.simulationMonitor] -     WARNING (SPECTRE-16460): SOAC_cvarm_vbs:Specified subcircuit master `cvarm' was not found. {"history": "Interactive.76", "point": 17, "testname": "TRAN_VDD_PULSE", "cornername": "CMOS_RES_CAP_TEMP_15"}
[2026-05-26 08:14:41.231 Z] [WARN] [cadence.virtuoso.ade.simulationMonitor] -     WARNING (SPECTRE-16462): SOAC_cvarm_vbs:Error in specification of subcircuit master. Assert is ignored. {"history": "Interactive.76", "point": 17, "testname": "TRAN_VDD_PULSE", "cornername": "CMOS_RES_CAP_TEMP_15"}
[2026-05-26 08:14:41.231 Z] [WARN] [cadence.virtuoso.ade.simulationMonitor] -     WARNING (SPECTRE-16460): SOAC_cvarm_vgb:Specified subcircuit master `cvarm' was not found. {"history": "Interactive.76", "point": 17, "testname": "TRAN_VDD_PULSE", "cornername": "CMOS_RES_CAP_TEMP_15"}
[2026-05-26 08:14:41.231 Z] [WARN] [cadence.virtuoso.ade.simulationMonitor] -     WARNING (SPECTRE-16462): SOAC_cvarm_vgb:Error in specification of subcircuit master. Assert is ignored. {"history": "Interactive.76", "point": 17, "testname": "TRAN_VDD_PULSE", "cornername": "CMOS_RES_CAP_TEMP_15"}
[2026-05-26 08:14:41.231 Z] [WARN] [cadence.virtuoso.ade.simulationMonitor] -     WARNING (SPECTRE-16460): SOAC_cvart_vspsub:Specified subcircuit master `cvart' was not found. {"history": "Interactive.76", "point": 17, "testname": "TRAN_VDD_PULSE", "cornername": "CMOS_RES_CAP_TEMP_15"}
[2026-05-26 08:14:41.231 Z] [WARN] [cadence.virtuoso.ade.simulationMonitor] -     WARNING (SPECTRE-16462): SOAC_cvart_vspsub:Error in specification of subcircuit master. Assert is ignored. {"history": "Interactive.76", "point": 17, "testname": "TRAN_VDD_PULSE", "cornername": "CMOS_RES_CAP_TEMP_15"}
[2026-05-26 08:14:41.231 Z] [WARN] [cadence.virtuoso.ade.simulationMonitor] -     WARNING (SPECTRE-16460): SOAC_cvart_vbs:Specified subcircuit master `cvart' was not found.
        Further occurrences of this warning will be suppressed. {"history": "Interactive.76", "point": 17, "testname": "TRAN_VDD_PULSE", "cornername": "CMOS_RES_CAP_TEMP_15"}
[2026-05-26 08:14:41.231 Z] [WARN] [cadence.virtuoso.ade.simulationMonitor] -     WARNING (SPECTRE-16462): SOAC_cvart_vbs:Error in specification of subcircuit master. Assert is ignored.
        Further occurrences of this warning will be suppressed. {"history": "Interactive.76", "point": 17, "testname": "TRAN_VDD_PULSE", "cornername": "CMOS_RES_CAP_TEMP_15"}
[2026-05-26 08:14:41.231 Z] [WARN] [cadence.virtuoso.ade.simulationMonitor] -     WARNING (SPECTRE-17607): Assert `SOAC_cvar_vspsub' is ignored because it contains an expression which is invalid or not supported by native evaluator.  {"history": "Interactive.76", "point": 17, "testname": "TRAN_VDD_PULSE", "cornername": "CMOS_RES_CAP_TEMP_15"}
[2026-05-26 08:14:41.231 Z] [WARN] [cadence.virtuoso.ade.simulationMonitor] -     WARNING (SPECTRE-17607): Assert `SOAC_cvar_vbpsub' is ignored because it contains an expression which is invalid or not supported by native evaluator.  {"history": "Interactive.76", "point": 17, "testname": "TRAN_VDD_PULSE", "cornername": "CMOS_RES_CAP_TEMP_15"}
[2026-05-26 08:14:41.232 Z] [WARN] [cadence.virtuoso.ade.simulationMonitor] -     WARNING (SPECTRE-17607): Assert `SOAC_cvar_vgpsub' is ignored because it contains an expression which is invalid or not supported by native evaluator. 
        Further occurrences of this warning will be suppressed. {"history": "Interactive.76", "point": 17, "testname": "TRAN_VDD_PULSE", "cornername": "CMOS_RES_CAP_TEMP_15"}
[2026-05-26 08:14:41.732 Z] [INFO] [cadence.virtuoso.ade.simulationMonitor] - Notice from spectre during topology check.
    No DC path from node `net19' to ground, Gmin installed to provide path. {"history": "Interactive.76", "point": 17, "testname": "TRAN_VDD_PULSE", "cornername": "CMOS_RES_CAP_TEMP_15"}
[2026-05-26 08:14:41.732 Z] [INFO] [cadence.virtuoso.ade.simulationMonitor] - Notice from spectre during initial setup.
    Multithreading is disabled due to the size of the design being too small. {"history": "Interactive.76", "point": 17, "testname": "TRAN_VDD_PULSE", "cornername": "CMOS_RES_CAP_TEMP_15"}
[2026-05-26 08:14:41.732 Z] [WARN] [cadence.virtuoso.ade.simulationMonitor] -     WARNING (SPECTRE-592): Following parameters are disabled because they are ignored or redefined in Spectre X:
        Option Parameters:
          reltol
        
         {"history": "Interactive.76", "point": 17, "testname": "TRAN_VDD_PULSE", "cornername": "CMOS_RES_CAP_TEMP_15"}
[2026-05-26 08:14:41.732 Z] [INFO] [cadence.virtuoso.ade.simulationMonitor] -               nodes 784 {"history": "Interactive.76", "point": 17, "testname": "TRAN_VDD_PULSE", "cornername": "CMOS_RES_CAP_TEMP_15"}
[2026-05-26 08:14:41.732 Z] [INFO] [cadence.virtuoso.ade.simulationMonitor] - Notice from spectre during initial setup.
    4 vsources are shorted because their absolute value is less than or equal to 'vabsshort'.
    Spectre X preset=vx enabled.
    18 notices suppressed.
    154 warnings suppressed. {"history": "Interactive.76", "point": 17, "testname": "TRAN_VDD_PULSE", "cornername": "CMOS_RES_CAP_TEMP_15"}
[2026-05-26 08:14:41.732 Z] [INFO] [cadence.virtuoso.ade.simulationMonitor] - Peak resident memory used = 214 Mbytes. {"history": "Interactive.76", "point": 17, "testname": "TRAN_VDD_PULSE", "cornername": "CMOS_RES_CAP_TEMP_15"}
[2026-05-26 08:14:41.733 Z] [INFO] [cadence.virtuoso.ade.simulationMonitor] -    -   (Spectre X) Multi-threading. The recommended number of threads is 1, consider adding +mt=1 on command line. {"history": "Interactive.76", "point": 17, "testname": "TRAN_VDD_PULSE", "cornername": "CMOS_RES_CAP_TEMP_15"}
[2026-05-26 08:14:41.733 Z] [INFO] [cadence.virtuoso.ade.simulationMonitor] - Notice from spectre during DC analysis `dcOp'.
    No checklimit analysis defined for asserts. A default checklimit analysis 'SpectreChecklimitAnal' has been created with all asserts enabled. {"history": "Interactive.76", "point": 17, "testname": "TRAN_VDD_PULSE", "cornername": "CMOS_RES_CAP_TEMP_15"}
[2026-05-26 08:14:41.733 Z] [INFO] [cadence.virtuoso.ade.simulationMonitor] - Notice from spectre during DC analysis `dcOp'.
    GminDC = 1 pS is large enough to noticeably affect the DC solution.
        dV(I19.I2.C1.d1) = 1.47451 mV
        Use the `gmin_check' option to eliminate or expand this report. {"history": "Interactive.76", "point": 17, "testname": "TRAN_VDD_PULSE", "cornername": "CMOS_RES_CAP_TEMP_15"}
[2026-05-26 08:14:41.733 Z] [WARN] [cadence.virtuoso.ade.simulationMonitor] -     WARNING (CMI-2943): Parameter checks have been ignored because the valid value for parameter 'trise' could not be found in 'C0'. {"history": "Interactive.76", "point": 17, "testname": "TRAN_VDD_PULSE", "cornername": "CMOS_RES_CAP_TEMP_15"}
[2026-05-26 08:14:41.733 Z] [WARN] [cadence.virtuoso.ade.simulationMonitor] -     WARNING (CMI-2943): Parameter checks have been ignored because the valid value for parameter 'trise' could not be found in 'C3'. {"history": "Interactive.76", "point": 17, "testname": "TRAN_VDD_PULSE", "cornername": "CMOS_RES_CAP_TEMP_15"}
[2026-05-26 08:14:41.733 Z] [WARN] [cadence.virtuoso.ade.simulationMonitor] -     WARNING (CMI-2943): Parameter checks have been ignored because the valid value for parameter 'trise' could not be found in 'C4'. {"history": "Interactive.76", "point": 17, "testname": "TRAN_VDD_PULSE", "cornername": "CMOS_RES_CAP_TEMP_15"}
[2026-05-26 08:14:41.733 Z] [WARN] [cadence.virtuoso.ade.simulationMonitor] -     WARNING (CMI-2943): Parameter checks have been ignored because the valid value for parameter 'trise' could not be found in 'C5'. {"history": "Interactive.76", "point": 17, "testname": "TRAN_VDD_PULSE", "cornername": "CMOS_RES_CAP_TEMP_15"}
[2026-05-26 08:14:41.733 Z] [WARN] [cadence.virtuoso.ade.simulationMonitor] -     WARNING (CMI-2943): Parameter checks have been ignored because the valid value for parameter 'trise' could not be found in 'I19.I4.C9<0>_turbo_m6.C1'.
        Further occurrences of this warning will be suppressed. {"history": "Interactive.76", "point": 17, "testname": "TRAN_VDD_PULSE", "cornername": "CMOS_RES_CAP_TEMP_15"}
[2026-05-26 08:14:41.733 Z] [INFO] [cadence.virtuoso.ade.simulationMonitor] - Total time required for dc analysis `dcOp': CPU = 52.258 ms, elapsed = 69.3228 ms, util. = 75.4%. {"history": "Interactive.76", "point": 17, "testname": "TRAN_VDD_PULSE", "cornername": "CMOS_RES_CAP_TEMP_15"}
[2026-05-26 08:14:41.733 Z] [INFO] [cadence.virtuoso.ade.simulationMonitor] - Peak resident memory used = 225 Mbytes. {"history": "Interactive.76", "point": 17, "testname": "TRAN_VDD_PULSE", "cornername": "CMOS_RES_CAP_TEMP_15"}
[2026-05-26 08:14:41.733 Z] [INFO] [cadence.virtuoso.ade.simulationMonitor] - Notice from spectre.
    308 warnings suppressed. {"history": "Interactive.76", "point": 17, "testname": "TRAN_VDD_PULSE", "cornername": "CMOS_RES_CAP_TEMP_15"}
[2026-05-26 08:14:41.733 Z] [INFO] [cadence.virtuoso.ade.simulationMonitor] - Notice from spectre during IC analysis, during transient analysis `tran'.
    GminDC = 1 pS is large enough to noticeably affect the DC solution.
        dV(I19.I2.C1.d1) = 1.47451 mV
        Use the `gmin_check' option to eliminate or expand this report. {"history": "Interactive.76", "point": 17, "testname": "TRAN_VDD_PULSE", "cornername": "CMOS_RES_CAP_TEMP_15"}
[2026-05-26 08:14:41.733 Z] [WARN] [cadence.virtuoso.ade.simulationMonitor] -     WARNING (CMI-2943): Parameter checks have been ignored because the valid value for parameter 'trise' could not be found in 'C0'. {"history": "Interactive.76", "point": 17, "testname": "TRAN_VDD_PULSE", "cornername": "CMOS_RES_CAP_TEMP_15"}
[2026-05-26 08:14:41.733 Z] [WARN] [cadence.virtuoso.ade.simulationMonitor] -     WARNING (CMI-2943): Parameter checks have been ignored because the valid value for parameter 'trise' could not be found in 'C3'. {"history": "Interactive.76", "point": 17, "testname": "TRAN_VDD_PULSE", "cornername": "CMOS_RES_CAP_TEMP_15"}
[2026-05-26 08:14:41.733 Z] [WARN] [cadence.virtuoso.ade.simulationMonitor] -     WARNING (CMI-2943): Parameter checks have been ignored because the valid value for parameter 'trise' could not be found in 'C4'. {"history": "Interactive.76", "point": 17, "testname": "TRAN_VDD_PULSE", "cornername": "CMOS_RES_CAP_TEMP_15"}
[2026-05-26 08:14:41.733 Z] [WARN] [cadence.virtuoso.ade.simulationMonitor] -     WARNING (CMI-2943): Parameter checks have been ignored because the valid value for parameter 'trise' could not be found in 'C5'. {"history": "Interactive.76", "point": 17, "testname": "TRAN_VDD_PULSE", "cornername": "CMOS_RES_CAP_TEMP_15"}
[2026-05-26 08:14:41.733 Z] [WARN] [cadence.virtuoso.ade.simulationMonitor] -     WARNING (CMI-2943): Parameter checks have been ignored because the valid value for parameter 'trise' could not be found in 'I19.I4.C9<0>_turbo_m6.C1'.
        Further occurrences of this warning will be suppressed. {"history": "Interactive.76", "point": 17, "testname": "TRAN_VDD_PULSE", "cornername": "CMOS_RES_CAP_TEMP_15"}
[2026-05-26 08:14:41.734 Z] [INFO] [cadence.virtuoso.ade.simulationMonitor] - Notice from spectre during transient analysis `tran'.
    Output compression for transient analysis is enabled. {"history": "Interactive.76", "point": 17, "testname": "TRAN_VDD_PULSE", "cornername": "CMOS_RES_CAP_TEMP_15"}
[2026-05-26 08:14:41.734 Z] [INFO] [cadence.virtuoso.ade.simulationMonitor] - Notice from spectre during transient analysis `tran'.
    Multithreading is disabled due to the size of the design being too small. {"history": "Interactive.76", "point": 17, "testname": "TRAN_VDD_PULSE", "cornername": "CMOS_RES_CAP_TEMP_15"}
[2026-05-26 08:15:40.248 Z] [INFO] [cadence.virtuoso.ade.simulationMonitor] - Total time required for tran analysis `tran': CPU = 58.0678 s, elapsed = 58.3694 s, util. = 99.5%. {"history": "Interactive.76", "point": 17, "testname": "TRAN_VDD_PULSE", "cornername": "CMOS_RES_CAP_TEMP_15"}
[2026-05-26 08:15:40.248 Z] [INFO] [cadence.virtuoso.ade.simulationMonitor] - Peak resident memory used = 231 Mbytes. {"history": "Interactive.76", "point": 17, "testname": "TRAN_VDD_PULSE", "cornername": "CMOS_RES_CAP_TEMP_15"}
[2026-05-26 08:15:40.248 Z] [INFO] [cadence.virtuoso.ade.simulationMonitor] - Notice from spectre.
    308 warnings suppressed. {"history": "Interactive.76", "point": 17, "testname": "TRAN_VDD_PULSE", "cornername": "CMOS_RES_CAP_TEMP_15"}
[2026-05-26 08:15:40.248 Z] [WARN] [cadence.virtuoso.ade.simulationMonitor] -     WARNING (CMI-2425): I19.I2.C1: `Acde' = 2.393 is unusually large. {"history": "Interactive.76", "point": 17, "testname": "TRAN_VDD_PULSE", "cornername": "CMOS_RES_CAP_TEMP_15"}
[2026-05-26 08:15:40.249 Z] [WARN] [cadence.virtuoso.ade.simulationMonitor] -     WARNING (CMI-2425): I19.I2.C1: `Noff' = 4.732 is unusually large. {"history": "Interactive.76", "point": 17, "testname": "TRAN_VDD_PULSE", "cornername": "CMOS_RES_CAP_TEMP_15"}
[2026-05-26 08:15:40.249 Z] [WARN] [cadence.virtuoso.ade.simulationMonitor] -     WARNING (CMI-2424): I19.I2.C1: `Voffcv' = -867.4e-03 is unusually small. {"history": "Interactive.76", "point": 17, "testname": "TRAN_VDD_PULSE", "cornername": "CMOS_RES_CAP_TEMP_15"}
[2026-05-26 08:15:40.249 Z] [WARN] [cadence.virtuoso.ade.simulationMonitor] -     WARNING (CMI-2425): I19.I8.C0: `Acde' = 2.393 is unusually large. {"history": "Interactive.76", "point": 17, "testname": "TRAN_VDD_PULSE", "cornername": "CMOS_RES_CAP_TEMP_15"}
[2026-05-26 08:15:40.249 Z] [WARN] [cadence.virtuoso.ade.simulationMonitor] -     WARNING (CMI-2425): I19.I8.C0: `Noff' = 4.732 is unusually large. {"history": "Interactive.76", "point": 17, "testname": "TRAN_VDD_PULSE", "cornername": "CMOS_RES_CAP_TEMP_15"}
[2026-05-26 08:15:40.249 Z] [WARN] [cadence.virtuoso.ade.simulationMonitor] -     WARNING (CMI-2424): I19.I8.C0: `Voffcv' = -867.4e-03 is unusually small. {"history": "Interactive.76", "point": 17, "testname": "TRAN_VDD_PULSE", "cornername": "CMOS_RES_CAP_TEMP_15"}
[2026-05-26 08:15:40.249 Z] [WARN] [cadence.virtuoso.ade.simulationMonitor] -     WARNING (CMI-2425): I19.I8.C1: `Acde' = 2.393 is unusually large.
        Further occurrences of this warning will be suppressed. {"history": "Interactive.76", "point": 17, "testname": "TRAN_VDD_PULSE", "cornername": "CMOS_RES_CAP_TEMP_15"}
[2026-05-26 08:15:40.249 Z] [WARN] [cadence.virtuoso.ade.simulationMonitor] -     WARNING (CMI-2424): I19.I8.C1: `Voffcv' = -867.4e-03 is unusually small. {"history": "Interactive.76", "point": 17, "testname": "TRAN_VDD_PULSE", "cornername": "CMOS_RES_CAP_TEMP_15"}
[2026-05-26 08:15:40.249 Z] [WARN] [cadence.virtuoso.ade.simulationMonitor] -     WARNING (CMI-2424): I19.I14.C1: `Voffcv' = -867.4e-03 is unusually small. {"history": "Interactive.76", "point": 17, "testname": "TRAN_VDD_PULSE", "cornername": "CMOS_RES_CAP_TEMP_15"}
[2026-05-26 08:15:40.249 Z] [WARN] [cadence.virtuoso.ade.simulationMonitor] -     WARNING (CMI-2424): I19.I14.C4: `Voffcv' = -867.4e-03 is unusually small.
        Further occurrences of this warning will be suppressed. {"history": "Interactive.76", "point": 17, "testname": "TRAN_VDD_PULSE", "cornername": "CMOS_RES_CAP_TEMP_15"}
[2026-05-26 08:15:40.249 Z] [INFO] [cadence.virtuoso.ade.simulationMonitor] - Notice from spectre.
    56 warnings suppressed. {"history": "Interactive.76", "point": 17, "testname": "TRAN_VDD_PULSE", "cornername": "CMOS_RES_CAP_TEMP_15"}
[2026-05-26 08:15:40.249 Z] [WARN] [cadence.virtuoso.ade.simulationMonitor] -     WARNING (CMI-2425): I19.I2.C1: `Acde' = 2.393 is unusually large. {"history": "Interactive.76", "point": 17, "testname": "TRAN_VDD_PULSE", "cornername": "CMOS_RES_CAP_TEMP_15"}
[2026-05-26 08:15:40.249 Z] [WARN] [cadence.virtuoso.ade.simulationMonitor] -     WARNING (CMI-2425): I19.I2.C1: `Noff' = 4.732 is unusually large. {"history": "Interactive.76", "point": 17, "testname": "TRAN_VDD_PULSE", "cornername": "CMOS_RES_CAP_TEMP_15"}
[2026-05-26 08:15:40.249 Z] [WARN] [cadence.virtuoso.ade.simulationMonitor] -     WARNING (CMI-2424): I19.I2.C1: `Voffcv' = -867.4e-03 is unusually small. {"history": "Interactive.76", "point": 17, "testname": "TRAN_VDD_PULSE", "cornername": "CMOS_RES_CAP_TEMP_15"}
[2026-05-26 08:15:40.250 Z] [WARN] [cadence.virtuoso.ade.simulationMonitor] -     WARNING (CMI-2425): I19.I8.C0: `Acde' = 2.393 is unusually large. {"history": "Interactive.76", "point": 17, "testname": "TRAN_VDD_PULSE", "cornername": "CMOS_RES_CAP_TEMP_15"}
[2026-05-26 08:15:40.250 Z] [WARN] [cadence.virtuoso.ade.simulationMonitor] -     WARNING (CMI-2425): I19.I8.C0: `Noff' = 4.732 is unusually large. {"history": "Interactive.76", "point": 17, "testname": "TRAN_VDD_PULSE", "cornername": "CMOS_RES_CAP_TEMP_15"}
[2026-05-26 08:15:40.250 Z] [WARN] [cadence.virtuoso.ade.simulationMonitor] -     WARNING (CMI-2424): I19.I8.C0: `Voffcv' = -867.4e-03 is unusually small. {"history": "Interactive.76", "point": 17, "testname": "TRAN_VDD_PULSE", "cornername": "CMOS_RES_CAP_TEMP_15"}
[2026-05-26 08:15:40.250 Z] [WARN] [cadence.virtuoso.ade.simulationMonitor] -     WARNING (CMI-2425): I19.I8.C1: `Acde' = 2.393 is unusually large.
        Further occurrences of this warning will be suppressed. {"history": "Interactive.76", "point": 17, "testname": "TRAN_VDD_PULSE", "cornername": "CMOS_RES_CAP_TEMP_15"}
[2026-05-26 08:15:40.250 Z] [WARN] [cadence.virtuoso.ade.simulationMonitor] -     WARNING (CMI-2424): I19.I8.C1: `Voffcv' = -867.4e-03 is unusually small. {"history": "Interactive.76", "point": 17, "testname": "TRAN_VDD_PULSE", "cornername": "CMOS_RES_CAP_TEMP_15"}
[2026-05-26 08:15:40.250 Z] [WARN] [cadence.virtuoso.ade.simulationMonitor] -     WARNING (CMI-2424): I19.I14.C1: `Voffcv' = -867.4e-03 is unusually small. {"history": "Interactive.76", "point": 17, "testname": "TRAN_VDD_PULSE", "cornername": "CMOS_RES_CAP_TEMP_15"}
[2026-05-26 08:15:40.250 Z] [WARN] [cadence.virtuoso.ade.simulationMonitor] -     WARNING (CMI-2424): I19.I14.C4: `Voffcv' = -867.4e-03 is unusually small.
        Further occurrences of this warning will be suppressed. {"history": "Interactive.76", "point": 17, "testname": "TRAN_VDD_PULSE", "cornername": "CMOS_RES_CAP_TEMP_15"}
[2026-05-26 08:15:40.250 Z] [INFO] [cadence.virtuoso.ade.simulationMonitor] - Notice from spectre.
    59 warnings suppressed. {"history": "Interactive.76", "point": 17, "testname": "TRAN_VDD_PULSE", "cornername": "CMOS_RES_CAP_TEMP_15"}
[2026-05-26 08:15:40.250 Z] [WARN] [cadence.virtuoso.ade.simulationMonitor] -     WARNING (CMI-2425): I19.I2.C1: `Acde' = 2.393 is unusually large. {"history": "Interactive.76", "point": 17, "testname": "TRAN_VDD_PULSE", "cornername": "CMOS_RES_CAP_TEMP_15"}
[2026-05-26 08:15:40.250 Z] [WARN] [cadence.virtuoso.ade.simulationMonitor] -     WARNING (CMI-2425): I19.I2.C1: `Noff' = 4.732 is unusually large. {"history": "Interactive.76", "point": 17, "testname": "TRAN_VDD_PULSE", "cornername": "CMOS_RES_CAP_TEMP_15"}
[2026-05-26 08:15:40.250 Z] [WARN] [cadence.virtuoso.ade.simulationMonitor] -     WARNING (CMI-2424): I19.I2.C1: `Voffcv' = -867.4e-03 is unusually small. {"history": "Interactive.76", "point": 17, "testname": "TRAN_VDD_PULSE", "cornername": "CMOS_RES_CAP_TEMP_15"}
[2026-05-26 08:15:40.250 Z] [WARN] [cadence.virtuoso.ade.simulationMonitor] -     WARNING (CMI-2425): I19.I8.C0: `Acde' = 2.393 is unusually large. {"history": "Interactive.76", "point": 17, "testname": "TRAN_VDD_PULSE", "cornername": "CMOS_RES_CAP_TEMP_15"}
[2026-05-26 08:15:40.250 Z] [WARN] [cadence.virtuoso.ade.simulationMonitor] -     WARNING (CMI-2425): I19.I8.C0: `Noff' = 4.732 is unusually large. {"history": "Interactive.76", "point": 17, "testname": "TRAN_VDD_PULSE", "cornername": "CMOS_RES_CAP_TEMP_15"}
[2026-05-26 08:15:40.250 Z] [WARN] [cadence.virtuoso.ade.simulationMonitor] -     WARNING (CMI-2424): I19.I8.C0: `Voffcv' = -867.4e-03 is unusually small. {"history": "Interactive.76", "point": 17, "testname": "TRAN_VDD_PULSE", "cornername": "CMOS_RES_CAP_TEMP_15"}
[2026-05-26 08:15:40.251 Z] [WARN] [cadence.virtuoso.ade.simulationMonitor] -     WARNING (CMI-2425): I19.I8.C1: `Acde' = 2.393 is unusually large.
        Further occurrences of this warning will be suppressed. {"history": "Interactive.76", "point": 17, "testname": "TRAN_VDD_PULSE", "cornername": "CMOS_RES_CAP_TEMP_15"}
[2026-05-26 08:15:40.251 Z] [WARN] [cadence.virtuoso.ade.simulationMonitor] -     WARNING (CMI-2424): I19.I8.C1: `Voffcv' = -867.4e-03 is unusually small. {"history": "Interactive.76", "point": 17, "testname": "TRAN_VDD_PULSE", "cornername": "CMOS_RES_CAP_TEMP_15"}
[2026-05-26 08:15:40.251 Z] [WARN] [cadence.virtuoso.ade.simulationMonitor] -     WARNING (CMI-2424): I19.I14.C1: `Voffcv' = -867.4e-03 is unusually small. {"history": "Interactive.76", "point": 17, "testname": "TRAN_VDD_PULSE", "cornername": "CMOS_RES_CAP_TEMP_15"}
[2026-05-26 08:15:40.251 Z] [WARN] [cadence.virtuoso.ade.simulationMonitor] -     WARNING (CMI-2424): I19.I14.C4: `Voffcv' = -867.4e-03 is unusually small.
        Further occurrences of this warning will be suppressed. {"history": "Interactive.76", "point": 17, "testname": "TRAN_VDD_PULSE", "cornername": "CMOS_RES_CAP_TEMP_15"}
[2026-05-26 08:15:40.251 Z] [INFO] [cadence.virtuoso.ade.simulationMonitor] - Notice from spectre.
    56 warnings suppressed. {"history": "Interactive.76", "point": 17, "testname": "TRAN_VDD_PULSE", "cornername": "CMOS_RES_CAP_TEMP_15"}
[2026-05-26 08:15:40.251 Z] [WARN] [cadence.virtuoso.ade.simulationMonitor] -     WARNING (CMI-2425): I19.I2.C1: `Acde' = 2.393 is unusually large. {"history": "Interactive.76", "point": 17, "testname": "TRAN_VDD_PULSE", "cornername": "CMOS_RES_CAP_TEMP_15"}
[2026-05-26 08:15:40.251 Z] [WARN] [cadence.virtuoso.ade.simulationMonitor] -     WARNING (CMI-2425): I19.I2.C1: `Noff' = 4.732 is unusually large. {"history": "Interactive.76", "point": 17, "testname": "TRAN_VDD_PULSE", "cornername": "CMOS_RES_CAP_TEMP_15"}
[2026-05-26 08:15:40.251 Z] [WARN] [cadence.virtuoso.ade.simulationMonitor] -     WARNING (CMI-2424): I19.I2.C1: `Voffcv' = -867.4e-03 is unusually small. {"history": "Interactive.76", "point": 17, "testname": "TRAN_VDD_PULSE", "cornername": "CMOS_RES_CAP_TEMP_15"}
[2026-05-26 08:15:40.251 Z] [WARN] [cadence.virtuoso.ade.simulationMonitor] -     WARNING (CMI-2425): I19.I8.C0: `Acde' = 2.393 is unusually large. {"history": "Interactive.76", "point": 17, "testname": "TRAN_VDD_PULSE", "cornername": "CMOS_RES_CAP_TEMP_15"}
[2026-05-26 08:15:40.251 Z] [WARN] [cadence.virtuoso.ade.simulationMonitor] -     WARNING (CMI-2425): I19.I8.C0: `Noff' = 4.732 is unusually large. {"history": "Interactive.76", "point": 17, "testname": "TRAN_VDD_PULSE", "cornername": "CMOS_RES_CAP_TEMP_15"}
[2026-05-26 08:15:40.251 Z] [WARN] [cadence.virtuoso.ade.simulationMonitor] -     WARNING (CMI-2424): I19.I8.C0: `Voffcv' = -867.4e-03 is unusually small. {"history": "Interactive.76", "point": 17, "testname": "TRAN_VDD_PULSE", "cornername": "CMOS_RES_CAP_TEMP_15"}
[2026-05-26 08:15:40.251 Z] [WARN] [cadence.virtuoso.ade.simulationMonitor] -     WARNING (CMI-2425): I19.I8.C1: `Acde' = 2.393 is unusually large.
        Further occurrences of this warning will be suppressed. {"history": "Interactive.76", "point": 17, "testname": "TRAN_VDD_PULSE", "cornername": "CMOS_RES_CAP_TEMP_15"}
[2026-05-26 08:15:40.251 Z] [WARN] [cadence.virtuoso.ade.simulationMonitor] -     WARNING (CMI-2424): I19.I8.C1: `Voffcv' = -867.4e-03 is unusually small. {"history": "Interactive.76", "point": 17, "testname": "TRAN_VDD_PULSE", "cornername": "CMOS_RES_CAP_TEMP_15"}
[2026-05-26 08:15:40.251 Z] [WARN] [cadence.virtuoso.ade.simulationMonitor] -     WARNING (CMI-2424): I19.I14.C1: `Voffcv' = -867.4e-03 is unusually small. {"history": "Interactive.76", "point": 17, "testname": "TRAN_VDD_PULSE", "cornername": "CMOS_RES_CAP_TEMP_15"}
[2026-05-26 08:15:40.251 Z] [WARN] [cadence.virtuoso.ade.simulationMonitor] -     WARNING (CMI-2424): I19.I14.C4: `Voffcv' = -867.4e-03 is unusually small.
        Further occurrences of this warning will be suppressed. {"history": "Interactive.76", "point": 17, "testname": "TRAN_VDD_PULSE", "cornername": "CMOS_RES_CAP_TEMP_15"}
[2026-05-26 08:15:40.251 Z] [INFO] [cadence.virtuoso.ade.simulationMonitor] - Notice from spectre.
    56 warnings suppressed. {"history": "Interactive.76", "point": 17, "testname": "TRAN_VDD_PULSE", "cornername": "CMOS_RES_CAP_TEMP_15"}
[2026-05-26 08:15:40.251 Z] [INFO] [cadence.virtuoso.ade.simulationMonitor] - Time used: CPU = 58.5 s, elapsed = 59.2 s, util. = 98.9%. {"history": "Interactive.76", "point": 17, "testname": "TRAN_VDD_PULSE", "cornername": "CMOS_RES_CAP_TEMP_15"}
[2026-05-26 08:15:40.251 Z] [INFO] [cadence.virtuoso.ade.simulationMonitor] - Time spent in licensing: elapsed = 39.4 ms. {"history": "Interactive.76", "point": 17, "testname": "TRAN_VDD_PULSE", "cornername": "CMOS_RES_CAP_TEMP_15"}
[2026-05-26 08:15:40.252 Z] [INFO] [cadence.virtuoso.ade.simulationMonitor] - Peak memory used = 232 Mbytes. {"history": "Interactive.76", "point": 17, "testname": "TRAN_VDD_PULSE", "cornername": "CMOS_RES_CAP_TEMP_15"}
[2026-05-26 08:15:40.252 Z] [PROCESS] [cadence.virtuoso.ade.simulationMonitor] - Simulation started at: 8:14:40 AM, Tue May 26, 2026, ended at: 8:15:40 AM, Tue May 26, 2026, with elapsed time (wall clock): 59.2 s. {"history": "Interactive.76", "point": 17, "testname": "TRAN_VDD_PULSE", "cornername": "CMOS_RES_CAP_TEMP_15"}
[2026-05-26 08:15:40.252 Z] [PROCESS] [cadence.virtuoso.ade.simulationMonitor] - spectre completes with 0 errors, 97 warnings, and 33 notices. {"history": "Interactive.76", "point": 17, "testname": "TRAN_VDD_PULSE", "cornername": "CMOS_RES_CAP_TEMP_15"}
[2026-05-26 08:15:40.252 Z] [PROCESS] [cadence.virtuoso.ade.simulationMonitor] - Finished simulating for one point {"hostname": "edatools", "processid": 229994, "history": "Interactive.76", "testname": "TRAN_VDD_PULSE", "cornername": "CMOS_RES_CAP_TEMP_15", "point": 17, "logfile": "/home/saul/projects/IL2244_VT26_SAUL/logs_saul/logs0/Job39.log", "simid": "3"}
[2026-05-26 08:15:40.252 Z] [PROCESS] [cadence.virtuoso.ade.simulationMonitor] - Simulator exited {"hostname": "edatools", "processid": 229994, "history": "Interactive.76", "testname": "TRAN_VDD_PULSE", "cornername": "CMOS_RES_CAP_TEMP_15", "point": 17, "logfile": "/home/saul/projects/IL2244_VT26_SAUL/logs_saul/logs0/Job39.log", "exitStatus": "0"}
[2026-05-26 08:15:40.252 Z] [PROCESS] [cadence.virtuoso.ade.simulationMonitor] - Finished Simulation {"hostname": "edatools", "processid": 229994, "history": "Interactive.76", "testname": "TRAN_VDD_PULSE", "cornername": "CMOS_RES_CAP_TEMP_15", "point": 17, "logfile": "/home/saul/projects/IL2244_VT26_SAUL/logs_saul/logs0/Job39.log", "simid": "3"}
[2026-05-26 08:15:42.257 Z] [PROCESS] [cadence.virtuoso.ade.simulationMonitor] - Point Finished {"hostname": "edatools", "processid": 229994, "history": "Interactive.76", "testname": "TRAN_VDD_PULSE", "cornername": "CMOS_RES_CAP_TEMP_15", "point": 17, "logfile": "/home/saul/projects/IL2244_VT26_SAUL/logs_saul/logs0/Job39.log"}
[2026-05-26 08:15:42.259 Z] [PROCESS] [cadence.virtuoso.ade.simulationMonitor] - HostInfo:
Host name (type):	edatools (x86_64)
Operating system:	Linux 6.17.0-29-generic #29~24.04.1-Ubuntu SMP PREEMPT_DYNAMIC Mon May 11 10:30:58 UTC 2 {"hostname": "edatools", "processid": 229994, "history": "Interactive.76", "testname": "TRAN_VDD_PULSE", "cornername": "CMOS_RES_CAP_TEMP_15", "point": 17, "logfile": "/home/saul/projects/IL2244_VT26_SAUL/logs_saul/logs0/Job39.log", "nodename": "edatools", "domainname": "(none)", "machine": "x86_64", "sysname": "Linux", "release": "6.17.0-29-generic", "version": "#29~24.04.1-Ubuntu SMP PREEMPT_DYNAMIC Mon May 11 10:30:58 UTC 2"}
[2026-05-26 08:15:42.259 Z] [PROCESS] [cadence.virtuoso.ade.simulationMonitor] - UsageInfo:
pid=229994
totalPhysicalMemory=62.544987GB,Used=44.157848GB,totalVirtualMemory=70.544983GB,Used=44.157848GB
Cpu: Cores=16, Load average:6.380000,4.790000,4.050000 {"hostname": "edatools", "processid": 229994, "history": "Interactive.76", "testname": "TRAN_VDD_PULSE", "cornername": "CMOS_RES_CAP_TEMP_15", "point": 17, "logfile": "/home/saul/projects/IL2244_VT26_SAUL/logs_saul/logs0/Job39.log", "pid": "229994", "totalPhysicalMemory": "62.544987", "physicalMemoryUsed": "44.157848", "totalVirtualMemory": "70.544983", "virtualMemoryUsed": "44.157848", "cpuCores": "16", "processes": "1702", "loadAverage1": "6.380000", "loadAverage5": "4.790000", "loadAverage15": "4.050000", "loadAverage1Percent": "0.398750"}
[2026-05-26 08:15:42.259 Z] [EVENT] [cadence.virtuoso.ade.simulationMonitor] - NewPoint {"history": "Interactive.76", "point": 21, "testname": "TRAN_VDD_PULSE", "cornername": "CMOS_RES_CAP_TEMP_19", "event": "NewPoint", "EventSource": "Simulation Monitor", "HistoryName": "Interactive.76", "logFile": "/home/saul/projects/IL2244_VT26_SAUL/logs_saul/logs0/Job39.log", "logFileSize": "131577"}
[2026-05-26 08:15:42.360 Z] [EVENT] [cadence.virtuoso.ade.simulationMonitor] - NewPoint {"history": "Interactive.76", "point": 21, "testname": "TRAN_VDD_PULSE", "cornername": "CMOS_RES_CAP_TEMP_19", "event": "NewPoint", "EventSource": "spectre", "HistoryName": "Interactive.76", "logFile": "/home/saul/projects/IL2244_VT26_SAUL/Sim/FECG/fecg_front_end_tran_tb/maestro/results/maestro/Interactive.76/21/TRAN_VDD_PULSE/psf/spectre.out", "logFileSize": "-1"}
[2026-05-26 08:15:42.364 Z] [PROCESS] [cadence.virtuoso.ade.simulationMonitor] - Simulator launched {"hostname": "edatools", "processid": 229994, "history": "Interactive.76", "testname": "TRAN_VDD_PULSE", "cornername": "CMOS_RES_CAP_TEMP_19", "point": 21, "logfile": "/home/saul/projects/IL2244_VT26_SAUL/logs_saul/logs0/Job39.log", "simid": "4"}
[2026-05-26 08:15:42.376 Z] [PROCESS] [cadence.virtuoso.ade.simulationMonitor] - Started Simulation {"hostname": "edatools", "processid": 229994, "history": "Interactive.76", "testname": "TRAN_VDD_PULSE", "cornername": "CMOS_RES_CAP_TEMP_19", "point": 21, "logfile": "/home/saul/projects/IL2244_VT26_SAUL/logs_saul/logs0/Job39.log", "event": "started", "task": "simulation"}
[2026-05-26 08:15:42.876 Z] [INFO] [cadence.virtuoso.ade.simulationMonitor] - Notice from spectre during circuit read-in.
    Pre_Configuration file used: /opt/tools/cadence/installs/SPECTRE241/tools.lnx86/spectre/etc/configs/preset.precfg
    Configuration file used: `/opt/tools/cadence/installs/SPECTRE241/tools.lnx86/spectre/etc/configs/preset.cfg'. {"history": "Interactive.76", "point": 21, "testname": "TRAN_VDD_PULSE", "cornername": "CMOS_RES_CAP_TEMP_19"}
[2026-05-26 08:15:42.877 Z] [WARN] [cadence.virtuoso.ade.simulationMonitor] -     WARNING (SPECTRE-8360): line 1511: `ac' is an undefined primitive device. {"history": "Interactive.76", "point": 21, "testname": "TRAN_VDD_PULSE", "cornername": "CMOS_RES_CAP_TEMP_19"}
[2026-05-26 08:15:42.877 Z] [WARN] [cadence.virtuoso.ade.simulationMonitor] -     WARNING (SPECTRE-8360): line 1512: `ac' is an undefined primitive device. {"history": "Interactive.76", "point": 21, "testname": "TRAN_VDD_PULSE", "cornername": "CMOS_RES_CAP_TEMP_19"}
[2026-05-26 08:15:42.877 Z] [WARN] [cadence.virtuoso.ade.simulationMonitor] -     WARNING (SPECTRE-8360): line 1513: `ac' is an undefined primitive device. {"history": "Interactive.76", "point": 21, "testname": "TRAN_VDD_PULSE", "cornername": "CMOS_RES_CAP_TEMP_19"}
[2026-05-26 08:15:42.877 Z] [WARN] [cadence.virtuoso.ade.simulationMonitor] -     WARNING (SPECTRE-8360): line 1514: `ac' is an undefined primitive device. {"history": "Interactive.76", "point": 21, "testname": "TRAN_VDD_PULSE", "cornername": "CMOS_RES_CAP_TEMP_19"}
[2026-05-26 08:15:42.877 Z] [WARN] [cadence.virtuoso.ade.simulationMonitor] -     WARNING (SPECTRE-8360): line 1515: `ac' is an undefined primitive device.
        Further occurrences of this warning will be suppressed. {"history": "Interactive.76", "point": 21, "testname": "TRAN_VDD_PULSE", "cornername": "CMOS_RES_CAP_TEMP_19"}
[2026-05-26 08:15:42.877 Z] [INFO] [cadence.virtuoso.ade.simulationMonitor] - Peak resident memory used = 173 Mbytes. {"history": "Interactive.76", "point": 21, "testname": "TRAN_VDD_PULSE", "cornername": "CMOS_RES_CAP_TEMP_19"}
[2026-05-26 08:15:42.877 Z] [WARN] [cadence.virtuoso.ade.simulationMonitor] -     WARNING (VACOMP-2435): The environment variable CDS_AHDLCMI_ENABLE is no longer supported. Therefore, the simulator will use the default compiled C code flow. {"history": "Interactive.76", "point": 21, "testname": "TRAN_VDD_PULSE", "cornername": "CMOS_RES_CAP_TEMP_19"}
[2026-05-26 08:15:42.877 Z] [WARN] [cadence.virtuoso.ade.simulationMonitor] -     WARNING (SFE-3014): The floating device I19.I0.I5.MN14<0>_turbo_m4 is removed. {"history": "Interactive.76", "point": 21, "testname": "TRAN_VDD_PULSE", "cornername": "CMOS_RES_CAP_TEMP_19"}
[2026-05-26 08:15:42.877 Z] [WARN] [cadence.virtuoso.ade.simulationMonitor] -     WARNING (SFE-3012): The dummy device I19.I4.MP16<0>_turbo_m41 is removed. {"history": "Interactive.76", "point": 21, "testname": "TRAN_VDD_PULSE", "cornername": "CMOS_RES_CAP_TEMP_19"}
[2026-05-26 08:15:42.877 Z] [WARN] [cadence.virtuoso.ade.simulationMonitor] -     WARNING (SFE-3014): The floating device I19.I8.MN57<0>_turbo_m28 is removed. {"history": "Interactive.76", "point": 21, "testname": "TRAN_VDD_PULSE", "cornername": "CMOS_RES_CAP_TEMP_19"}
[2026-05-26 08:15:42.877 Z] [WARN] [cadence.virtuoso.ade.simulationMonitor] -     WARNING (SFE-3012): The dummy device I19.I14.MP13<0>_turbo_m4 is removed. {"history": "Interactive.76", "point": 21, "testname": "TRAN_VDD_PULSE", "cornername": "CMOS_RES_CAP_TEMP_19"}
[2026-05-26 08:15:42.877 Z] [WARN] [cadence.virtuoso.ade.simulationMonitor] -     WARNING (SFE-3031): The floating capacitor I19.I12.C10<0>_turbo_m12.C1 is removed. {"history": "Interactive.76", "point": 21, "testname": "TRAN_VDD_PULSE", "cornername": "CMOS_RES_CAP_TEMP_19"}
[2026-05-26 08:15:42.878 Z] [WARN] [cadence.virtuoso.ade.simulationMonitor] -     WARNING (SFE-3014): The floating device I19.I2.MN37<0>_turbo_m4 is removed. {"history": "Interactive.76", "point": 21, "testname": "TRAN_VDD_PULSE", "cornername": "CMOS_RES_CAP_TEMP_19"}
[2026-05-26 08:15:42.878 Z] [WARN] [cadence.virtuoso.ade.simulationMonitor] -     WARNING (SFE-3012): The dummy device I19.I0.I5.MP12<0>_turbo_m2 is removed. {"history": "Interactive.76", "point": 21, "testname": "TRAN_VDD_PULSE", "cornername": "CMOS_RES_CAP_TEMP_19"}
[2026-05-26 08:15:42.878 Z] [WARN] [cadence.virtuoso.ade.simulationMonitor] -     WARNING (SFE-3014): The floating device I19.I0.MN13<0>_turbo_m4 is removed. {"history": "Interactive.76", "point": 21, "testname": "TRAN_VDD_PULSE", "cornername": "CMOS_RES_CAP_TEMP_19"}
[2026-05-26 08:15:42.878 Z] [WARN] [cadence.virtuoso.ade.simulationMonitor] -     WARNING (SFE-3012): The dummy device I19.I0.I3.MP13<0>_turbo_m4 is removed. {"history": "Interactive.76", "point": 21, "testname": "TRAN_VDD_PULSE", "cornername": "CMOS_RES_CAP_TEMP_19"}
[2026-05-26 08:15:42.878 Z] [WARN] [cadence.virtuoso.ade.simulationMonitor] -     WARNING (SFE-3031): The floating capacitor I19.I12.C6<0>_turbo_m3.C1 is removed. {"history": "Interactive.76", "point": 21, "testname": "TRAN_VDD_PULSE", "cornername": "CMOS_RES_CAP_TEMP_19"}
[2026-05-26 08:15:42.878 Z] [WARN] [cadence.virtuoso.ade.simulationMonitor] -     WARNING (SFE-3012): The dummy device I19.I0.MP11<0>_turbo_m4 is removed.
        Further occurrences of this warning will be suppressed. {"history": "Interactive.76", "point": 21, "testname": "TRAN_VDD_PULSE", "cornername": "CMOS_RES_CAP_TEMP_19"}
[2026-05-26 08:15:42.878 Z] [WARN] [cadence.virtuoso.ade.simulationMonitor] -     WARNING (SFE-3031): The floating capacitor I19.I11.C7<0>_turbo_m3.C1 is removed. {"history": "Interactive.76", "point": 21, "testname": "TRAN_VDD_PULSE", "cornername": "CMOS_RES_CAP_TEMP_19"}
[2026-05-26 08:15:42.878 Z] [WARN] [cadence.virtuoso.ade.simulationMonitor] -     WARNING (SFE-3014): The floating device I19.I12.MN57<0>_turbo_m28 is removed.
        Further occurrences of this warning will be suppressed. {"history": "Interactive.76", "point": 21, "testname": "TRAN_VDD_PULSE", "cornername": "CMOS_RES_CAP_TEMP_19"}
[2026-05-26 08:15:42.878 Z] [WARN] [cadence.virtuoso.ade.simulationMonitor] -     WARNING (SFE-3031): The floating capacitor I19.I11.C10<0>_turbo_m12.C1 is removed. {"history": "Interactive.76", "point": 21, "testname": "TRAN_VDD_PULSE", "cornername": "CMOS_RES_CAP_TEMP_19"}
[2026-05-26 08:15:42.878 Z] [WARN] [cadence.virtuoso.ade.simulationMonitor] -     WARNING (SFE-3031): The floating capacitor I19.I12.C7<0>_turbo_m3.C1 is removed.
        Further occurrences of this warning will be suppressed. {"history": "Interactive.76", "point": 21, "testname": "TRAN_VDD_PULSE", "cornername": "CMOS_RES_CAP_TEMP_19"}
[2026-05-26 08:15:42.878 Z] [INFO] [cadence.virtuoso.ade.simulationMonitor] - Notice from spectre during hierarchy flattening.
    The value 'psf' specified for the 'checklimitdest' option will no longer be supported in future releases. Use 'spectre -h' to see other recommended values for the 'checklimitdest' option. {"history": "Interactive.76", "point": 21, "testname": "TRAN_VDD_PULSE", "cornername": "CMOS_RES_CAP_TEMP_19"}
[2026-05-26 08:15:42.878 Z] [INFO] [cadence.virtuoso.ade.simulationMonitor] - Peak resident memory used = 189 Mbytes. {"history": "Interactive.76", "point": 21, "testname": "TRAN_VDD_PULSE", "cornername": "CMOS_RES_CAP_TEMP_19"}
[2026-05-26 08:15:42.878 Z] [INFO] [cadence.virtuoso.ade.simulationMonitor] - Notice from spectre during hierarchy flattening.
    The value 'psf' specified for the 'checklimitdest' option will no longer be supported in future releases. Use 'spectre -h' to see other recommended values for the 'checklimitdest' option.
    I19.I0.R10.CS0 of rpolyhc: `c' has the unusually small value of 0 F.
    I19.I0.R10.CS1 of rpolyhc: `c' has the unusually small value of 0 F.
    I19.I0.R9.CS0 of rpolyhc: `c' has the unusually small value of 0 F.
    I19.I0.R9.CS1 of rpolyhc: `c' has the unusually ... {"history": "Interactive.76", "point": 21, "testname": "TRAN_VDD_PULSE", "cornername": "CMOS_RES_CAP_TEMP_19"}
[2026-05-26 08:15:42.878 Z] [INFO] [cadence.virtuoso.ade.simulationMonitor] - Notice from spectre during hierarchy flattening.
    V17: `period' has the unusually large value of 20 s.
    V17: `width' has the unusually large value of 19 s.
    V16: `period' has the unusually large value of 10 s.
    V16: `width' has the unusually large value of 9 s.
    V9: `period' has the unusually large value of 10 s.
        Further occurrences of this notice will be suppressed. {"history": "Interactive.76", "point": 21, "testname": "TRAN_VDD_PULSE", "cornername": "CMOS_RES_CAP_TEMP_19"}
[2026-05-26 08:15:42.878 Z] [INFO] [cadence.virtuoso.ade.simulationMonitor] - Peak resident memory used = 192 Mbytes. {"history": "Interactive.76", "point": 21, "testname": "TRAN_VDD_PULSE", "cornername": "CMOS_RES_CAP_TEMP_19"}
[2026-05-26 08:15:42.878 Z] [WARN] [cadence.virtuoso.ade.simulationMonitor] -     WARNING (CMI-2425): I19.I0.C2: `Acde' = 2.393 is unusually large. {"history": "Interactive.76", "point": 21, "testname": "TRAN_VDD_PULSE", "cornername": "CMOS_RES_CAP_TEMP_19"}
[2026-05-26 08:15:42.879 Z] [WARN] [cadence.virtuoso.ade.simulationMonitor] -     WARNING (CMI-2425): I19.I0.C2: `Noff' = 4.732 is unusually large. {"history": "Interactive.76", "point": 21, "testname": "TRAN_VDD_PULSE", "cornername": "CMOS_RES_CAP_TEMP_19"}
[2026-05-26 08:15:42.879 Z] [WARN] [cadence.virtuoso.ade.simulationMonitor] -     WARNING (CMI-2424): I19.I0.C2: `Voffcv' = -867.4e-03 is unusually small. {"history": "Interactive.76", "point": 21, "testname": "TRAN_VDD_PULSE", "cornername": "CMOS_RES_CAP_TEMP_19"}
[2026-05-26 08:15:42.879 Z] [WARN] [cadence.virtuoso.ade.simulationMonitor] -     WARNING (CMI-2425): I19.I0.C3: `Acde' = 2.393 is unusually large. {"history": "Interactive.76", "point": 21, "testname": "TRAN_VDD_PULSE", "cornername": "CMOS_RES_CAP_TEMP_19"}
[2026-05-26 08:15:42.879 Z] [WARN] [cadence.virtuoso.ade.simulationMonitor] -     WARNING (CMI-2425): I19.I0.C3: `Noff' = 4.732 is unusually large. {"history": "Interactive.76", "point": 21, "testname": "TRAN_VDD_PULSE", "cornername": "CMOS_RES_CAP_TEMP_19"}
[2026-05-26 08:15:42.879 Z] [WARN] [cadence.virtuoso.ade.simulationMonitor] -     WARNING (CMI-2424): I19.I0.C3: `Voffcv' = -867.4e-03 is unusually small. {"history": "Interactive.76", "point": 21, "testname": "TRAN_VDD_PULSE", "cornername": "CMOS_RES_CAP_TEMP_19"}
[2026-05-26 08:15:42.879 Z] [WARN] [cadence.virtuoso.ade.simulationMonitor] -     WARNING (CMI-2425): I19.I0.C0: `Acde' = 2.393 is unusually large.
        Further occurrences of this warning will be suppressed. {"history": "Interactive.76", "point": 21, "testname": "TRAN_VDD_PULSE", "cornername": "CMOS_RES_CAP_TEMP_19"}
[2026-05-26 08:15:42.879 Z] [WARN] [cadence.virtuoso.ade.simulationMonitor] -     WARNING (CMI-2424): I19.I0.C0: `Voffcv' = -867.4e-03 is unusually small. {"history": "Interactive.76", "point": 21, "testname": "TRAN_VDD_PULSE", "cornername": "CMOS_RES_CAP_TEMP_19"}
[2026-05-26 08:15:42.879 Z] [WARN] [cadence.virtuoso.ade.simulationMonitor] -     WARNING (CMI-2424): I19.I0.I3.C1: `Voffcv' = -867.4e-03 is unusually small. {"history": "Interactive.76", "point": 21, "testname": "TRAN_VDD_PULSE", "cornername": "CMOS_RES_CAP_TEMP_19"}
[2026-05-26 08:15:42.879 Z] [WARN] [cadence.virtuoso.ade.simulationMonitor] -     WARNING (CMI-2424): I19.I0.C1<0>_turbo_m5: `Voffcv' = -867.4e-03 is unusually small.
        Further occurrences of this warning will be suppressed. {"history": "Interactive.76", "point": 21, "testname": "TRAN_VDD_PULSE", "cornername": "CMOS_RES_CAP_TEMP_19"}
[2026-05-26 08:15:42.879 Z] [WARN] [cadence.virtuoso.ade.simulationMonitor] -     WARNING (SPECTRE-17607): Assert `SOAC_rpolyh_vminuspsub' is ignored because it contains an expression which is invalid or not supported by native evaluator.  {"history": "Interactive.76", "point": 21, "testname": "TRAN_VDD_PULSE", "cornername": "CMOS_RES_CAP_TEMP_19"}
[2026-05-26 08:15:42.879 Z] [WARN] [cadence.virtuoso.ade.simulationMonitor] -     WARNING (SPECTRE-17607): Assert `SOAC_rpolyh_vpluspsub' is ignored because it contains an expression which is invalid or not supported by native evaluator.  {"history": "Interactive.76", "point": 21, "testname": "TRAN_VDD_PULSE", "cornername": "CMOS_RES_CAP_TEMP_19"}
[2026-05-26 08:15:42.879 Z] [WARN] [cadence.virtuoso.ade.simulationMonitor] -     WARNING (SPECTRE-16460): SOAC_cvarm_vspsub:Specified subcircuit master `cvarm' was not found. {"history": "Interactive.76", "point": 21, "testname": "TRAN_VDD_PULSE", "cornername": "CMOS_RES_CAP_TEMP_19"}
[2026-05-26 08:15:42.879 Z] [WARN] [cadence.virtuoso.ade.simulationMonitor] -     WARNING (SPECTRE-16462): SOAC_cvarm_vspsub:Error in specification of subcircuit master. Assert is ignored. {"history": "Interactive.76", "point": 21, "testname": "TRAN_VDD_PULSE", "cornername": "CMOS_RES_CAP_TEMP_19"}
[2026-05-26 08:15:42.879 Z] [WARN] [cadence.virtuoso.ade.simulationMonitor] -     WARNING (SPECTRE-16460): SOAC_cvarm_vbs:Specified subcircuit master `cvarm' was not found. {"history": "Interactive.76", "point": 21, "testname": "TRAN_VDD_PULSE", "cornername": "CMOS_RES_CAP_TEMP_19"}
[2026-05-26 08:15:42.879 Z] [WARN] [cadence.virtuoso.ade.simulationMonitor] -     WARNING (SPECTRE-16462): SOAC_cvarm_vbs:Error in specification of subcircuit master. Assert is ignored. {"history": "Interactive.76", "point": 21, "testname": "TRAN_VDD_PULSE", "cornername": "CMOS_RES_CAP_TEMP_19"}
[2026-05-26 08:15:42.879 Z] [WARN] [cadence.virtuoso.ade.simulationMonitor] -     WARNING (SPECTRE-16460): SOAC_cvarm_vgb:Specified subcircuit master `cvarm' was not found. {"history": "Interactive.76", "point": 21, "testname": "TRAN_VDD_PULSE", "cornername": "CMOS_RES_CAP_TEMP_19"}
[2026-05-26 08:15:42.879 Z] [WARN] [cadence.virtuoso.ade.simulationMonitor] -     WARNING (SPECTRE-16462): SOAC_cvarm_vgb:Error in specification of subcircuit master. Assert is ignored. {"history": "Interactive.76", "point": 21, "testname": "TRAN_VDD_PULSE", "cornername": "CMOS_RES_CAP_TEMP_19"}
[2026-05-26 08:15:42.880 Z] [WARN] [cadence.virtuoso.ade.simulationMonitor] -     WARNING (SPECTRE-16460): SOAC_cvart_vspsub:Specified subcircuit master `cvart' was not found. {"history": "Interactive.76", "point": 21, "testname": "TRAN_VDD_PULSE", "cornername": "CMOS_RES_CAP_TEMP_19"}
[2026-05-26 08:15:42.880 Z] [WARN] [cadence.virtuoso.ade.simulationMonitor] -     WARNING (SPECTRE-16462): SOAC_cvart_vspsub:Error in specification of subcircuit master. Assert is ignored. {"history": "Interactive.76", "point": 21, "testname": "TRAN_VDD_PULSE", "cornername": "CMOS_RES_CAP_TEMP_19"}
[2026-05-26 08:15:42.880 Z] [WARN] [cadence.virtuoso.ade.simulationMonitor] -     WARNING (SPECTRE-16460): SOAC_cvart_vbs:Specified subcircuit master `cvart' was not found.
        Further occurrences of this warning will be suppressed. {"history": "Interactive.76", "point": 21, "testname": "TRAN_VDD_PULSE", "cornername": "CMOS_RES_CAP_TEMP_19"}
[2026-05-26 08:15:42.880 Z] [WARN] [cadence.virtuoso.ade.simulationMonitor] -     WARNING (SPECTRE-16462): SOAC_cvart_vbs:Error in specification of subcircuit master. Assert is ignored.
        Further occurrences of this warning will be suppressed. {"history": "Interactive.76", "point": 21, "testname": "TRAN_VDD_PULSE", "cornername": "CMOS_RES_CAP_TEMP_19"}
[2026-05-26 08:15:42.880 Z] [WARN] [cadence.virtuoso.ade.simulationMonitor] -     WARNING (SPECTRE-17607): Assert `SOAC_cvar_vspsub' is ignored because it contains an expression which is invalid or not supported by native evaluator.  {"history": "Interactive.76", "point": 21, "testname": "TRAN_VDD_PULSE", "cornername": "CMOS_RES_CAP_TEMP_19"}
[2026-05-26 08:15:42.880 Z] [WARN] [cadence.virtuoso.ade.simulationMonitor] -     WARNING (SPECTRE-17607): Assert `SOAC_cvar_vbpsub' is ignored because it contains an expression which is invalid or not supported by native evaluator.  {"history": "Interactive.76", "point": 21, "testname": "TRAN_VDD_PULSE", "cornername": "CMOS_RES_CAP_TEMP_19"}
[2026-05-26 08:15:42.880 Z] [WARN] [cadence.virtuoso.ade.simulationMonitor] -     WARNING (SPECTRE-17607): Assert `SOAC_cvar_vgpsub' is ignored because it contains an expression which is invalid or not supported by native evaluator. 
        Further occurrences of this warning will be suppressed. {"history": "Interactive.76", "point": 21, "testname": "TRAN_VDD_PULSE", "cornername": "CMOS_RES_CAP_TEMP_19"}
[2026-05-26 08:15:43.380 Z] [INFO] [cadence.virtuoso.ade.simulationMonitor] - Notice from spectre during topology check.
    No DC path from node `net19' to ground, Gmin installed to provide path. {"history": "Interactive.76", "point": 21, "testname": "TRAN_VDD_PULSE", "cornername": "CMOS_RES_CAP_TEMP_19"}
[2026-05-26 08:15:43.380 Z] [INFO] [cadence.virtuoso.ade.simulationMonitor] - Notice from spectre during initial setup.
    Multithreading is disabled due to the size of the design being too small. {"history": "Interactive.76", "point": 21, "testname": "TRAN_VDD_PULSE", "cornername": "CMOS_RES_CAP_TEMP_19"}
[2026-05-26 08:15:43.380 Z] [WARN] [cadence.virtuoso.ade.simulationMonitor] -     WARNING (SPECTRE-592): Following parameters are disabled because they are ignored or redefined in Spectre X:
        Option Parameters:
          reltol
        
         {"history": "Interactive.76", "point": 21, "testname": "TRAN_VDD_PULSE", "cornername": "CMOS_RES_CAP_TEMP_19"}
[2026-05-26 08:15:43.381 Z] [INFO] [cadence.virtuoso.ade.simulationMonitor] -               nodes 784 {"history": "Interactive.76", "point": 21, "testname": "TRAN_VDD_PULSE", "cornername": "CMOS_RES_CAP_TEMP_19"}
[2026-05-26 08:15:43.381 Z] [INFO] [cadence.virtuoso.ade.simulationMonitor] - Notice from spectre during initial setup.
    4 vsources are shorted because their absolute value is less than or equal to 'vabsshort'.
    Spectre X preset=vx enabled.
    18 notices suppressed.
    154 warnings suppressed. {"history": "Interactive.76", "point": 21, "testname": "TRAN_VDD_PULSE", "cornername": "CMOS_RES_CAP_TEMP_19"}
[2026-05-26 08:15:43.381 Z] [INFO] [cadence.virtuoso.ade.simulationMonitor] - Peak resident memory used = 212 Mbytes. {"history": "Interactive.76", "point": 21, "testname": "TRAN_VDD_PULSE", "cornername": "CMOS_RES_CAP_TEMP_19"}
[2026-05-26 08:15:43.381 Z] [INFO] [cadence.virtuoso.ade.simulationMonitor] -    -   (Spectre X) Multi-threading. The recommended number of threads is 1, consider adding +mt=1 on command line. {"history": "Interactive.76", "point": 21, "testname": "TRAN_VDD_PULSE", "cornername": "CMOS_RES_CAP_TEMP_19"}
[2026-05-26 08:15:43.381 Z] [INFO] [cadence.virtuoso.ade.simulationMonitor] - Notice from spectre during DC analysis `dcOp'.
    No checklimit analysis defined for asserts. A default checklimit analysis 'SpectreChecklimitAnal' has been created with all asserts enabled. {"history": "Interactive.76", "point": 21, "testname": "TRAN_VDD_PULSE", "cornername": "CMOS_RES_CAP_TEMP_19"}
[2026-05-26 08:15:43.381 Z] [INFO] [cadence.virtuoso.ade.simulationMonitor] - Notice from spectre during DC analysis `dcOp'.
    GminDC = 1 pS is large enough to noticeably affect the DC solution.
        dV(I19.I2.C1.d1) = 882.519 uV
        Use the `gmin_check' option to eliminate or expand this report. {"history": "Interactive.76", "point": 21, "testname": "TRAN_VDD_PULSE", "cornername": "CMOS_RES_CAP_TEMP_19"}
[2026-05-26 08:15:43.381 Z] [WARN] [cadence.virtuoso.ade.simulationMonitor] -     WARNING (CMI-2943): Parameter checks have been ignored because the valid value for parameter 'trise' could not be found in 'C0'. {"history": "Interactive.76", "point": 21, "testname": "TRAN_VDD_PULSE", "cornername": "CMOS_RES_CAP_TEMP_19"}
[2026-05-26 08:15:43.381 Z] [WARN] [cadence.virtuoso.ade.simulationMonitor] -     WARNING (CMI-2943): Parameter checks have been ignored because the valid value for parameter 'trise' could not be found in 'C3'. {"history": "Interactive.76", "point": 21, "testname": "TRAN_VDD_PULSE", "cornername": "CMOS_RES_CAP_TEMP_19"}
[2026-05-26 08:15:43.381 Z] [WARN] [cadence.virtuoso.ade.simulationMonitor] -     WARNING (CMI-2943): Parameter checks have been ignored because the valid value for parameter 'trise' could not be found in 'C4'. {"history": "Interactive.76", "point": 21, "testname": "TRAN_VDD_PULSE", "cornername": "CMOS_RES_CAP_TEMP_19"}
[2026-05-26 08:15:43.381 Z] [WARN] [cadence.virtuoso.ade.simulationMonitor] -     WARNING (CMI-2943): Parameter checks have been ignored because the valid value for parameter 'trise' could not be found in 'C5'. {"history": "Interactive.76", "point": 21, "testname": "TRAN_VDD_PULSE", "cornername": "CMOS_RES_CAP_TEMP_19"}
[2026-05-26 08:15:43.381 Z] [WARN] [cadence.virtuoso.ade.simulationMonitor] -     WARNING (CMI-2943): Parameter checks have been ignored because the valid value for parameter 'trise' could not be found in 'I19.I4.C9<0>_turbo_m6.C1'.
        Further occurrences of this warning will be suppressed. {"history": "Interactive.76", "point": 21, "testname": "TRAN_VDD_PULSE", "cornername": "CMOS_RES_CAP_TEMP_19"}
[2026-05-26 08:15:43.381 Z] [INFO] [cadence.virtuoso.ade.simulationMonitor] - Total time required for dc analysis `dcOp': CPU = 50.572 ms, elapsed = 70.164 ms, util. = 72.1%. {"history": "Interactive.76", "point": 21, "testname": "TRAN_VDD_PULSE", "cornername": "CMOS_RES_CAP_TEMP_19"}
[2026-05-26 08:15:43.381 Z] [INFO] [cadence.virtuoso.ade.simulationMonitor] - Peak resident memory used = 223 Mbytes. {"history": "Interactive.76", "point": 21, "testname": "TRAN_VDD_PULSE", "cornername": "CMOS_RES_CAP_TEMP_19"}
[2026-05-26 08:15:43.381 Z] [INFO] [cadence.virtuoso.ade.simulationMonitor] - Notice from spectre.
    308 warnings suppressed. {"history": "Interactive.76", "point": 21, "testname": "TRAN_VDD_PULSE", "cornername": "CMOS_RES_CAP_TEMP_19"}
[2026-05-26 08:15:43.381 Z] [INFO] [cadence.virtuoso.ade.simulationMonitor] - Notice from spectre during IC analysis, during transient analysis `tran'.
    GminDC = 1 pS is large enough to noticeably affect the DC solution.
        dV(I19.I2.C1.s1) = 882.519 uV
        Use the `gmin_check' option to eliminate or expand this report. {"history": "Interactive.76", "point": 21, "testname": "TRAN_VDD_PULSE", "cornername": "CMOS_RES_CAP_TEMP_19"}
[2026-05-26 08:15:43.382 Z] [WARN] [cadence.virtuoso.ade.simulationMonitor] -     WARNING (CMI-2943): Parameter checks have been ignored because the valid value for parameter 'trise' could not be found in 'C0'. {"history": "Interactive.76", "point": 21, "testname": "TRAN_VDD_PULSE", "cornername": "CMOS_RES_CAP_TEMP_19"}
[2026-05-26 08:15:43.382 Z] [WARN] [cadence.virtuoso.ade.simulationMonitor] -     WARNING (CMI-2943): Parameter checks have been ignored because the valid value for parameter 'trise' could not be found in 'C3'. {"history": "Interactive.76", "point": 21, "testname": "TRAN_VDD_PULSE", "cornername": "CMOS_RES_CAP_TEMP_19"}
[2026-05-26 08:15:43.382 Z] [WARN] [cadence.virtuoso.ade.simulationMonitor] -     WARNING (CMI-2943): Parameter checks have been ignored because the valid value for parameter 'trise' could not be found in 'C4'. {"history": "Interactive.76", "point": 21, "testname": "TRAN_VDD_PULSE", "cornername": "CMOS_RES_CAP_TEMP_19"}
[2026-05-26 08:15:43.382 Z] [WARN] [cadence.virtuoso.ade.simulationMonitor] -     WARNING (CMI-2943): Parameter checks have been ignored because the valid value for parameter 'trise' could not be found in 'C5'. {"history": "Interactive.76", "point": 21, "testname": "TRAN_VDD_PULSE", "cornername": "CMOS_RES_CAP_TEMP_19"}
[2026-05-26 08:15:43.382 Z] [WARN] [cadence.virtuoso.ade.simulationMonitor] -     WARNING (CMI-2943): Parameter checks have been ignored because the valid value for parameter 'trise' could not be found in 'I19.I4.C9<0>_turbo_m6.C1'.
        Further occurrences of this warning will be suppressed. {"history": "Interactive.76", "point": 21, "testname": "TRAN_VDD_PULSE", "cornername": "CMOS_RES_CAP_TEMP_19"}
[2026-05-26 08:15:43.382 Z] [INFO] [cadence.virtuoso.ade.simulationMonitor] - Notice from spectre during transient analysis `tran'.
    Output compression for transient analysis is enabled. {"history": "Interactive.76", "point": 21, "testname": "TRAN_VDD_PULSE", "cornername": "CMOS_RES_CAP_TEMP_19"}
[2026-05-26 08:15:43.382 Z] [INFO] [cadence.virtuoso.ade.simulationMonitor] - Notice from spectre during transient analysis `tran'.
    Multithreading is disabled due to the size of the design being too small. {"history": "Interactive.76", "point": 21, "testname": "TRAN_VDD_PULSE", "cornername": "CMOS_RES_CAP_TEMP_19"}
[2026-05-26 08:16:56.400 Z] [INFO] [cadence.virtuoso.ade.simulationMonitor] - Total time required for tran analysis `tran': CPU = 72.518 s (1m  12.5s), elapsed = 73.0344 s (1m  13.0s), util. = 99.3%. {"history": "Interactive.76", "point": 21, "testname": "TRAN_VDD_PULSE", "cornername": "CMOS_RES_CAP_TEMP_19"}
[2026-05-26 08:16:56.400 Z] [INFO] [cadence.virtuoso.ade.simulationMonitor] - Peak resident memory used = 230 Mbytes. {"history": "Interactive.76", "point": 21, "testname": "TRAN_VDD_PULSE", "cornername": "CMOS_RES_CAP_TEMP_19"}
[2026-05-26 08:16:56.400 Z] [INFO] [cadence.virtuoso.ade.simulationMonitor] - Notice from spectre.
    308 warnings suppressed. {"history": "Interactive.76", "point": 21, "testname": "TRAN_VDD_PULSE", "cornername": "CMOS_RES_CAP_TEMP_19"}
[2026-05-26 08:16:56.400 Z] [WARN] [cadence.virtuoso.ade.simulationMonitor] -     WARNING (CMI-2425): I19.I2.C1: `Acde' = 2.393 is unusually large. {"history": "Interactive.76", "point": 21, "testname": "TRAN_VDD_PULSE", "cornername": "CMOS_RES_CAP_TEMP_19"}
[2026-05-26 08:16:56.400 Z] [WARN] [cadence.virtuoso.ade.simulationMonitor] -     WARNING (CMI-2425): I19.I2.C1: `Noff' = 4.732 is unusually large. {"history": "Interactive.76", "point": 21, "testname": "TRAN_VDD_PULSE", "cornername": "CMOS_RES_CAP_TEMP_19"}
[2026-05-26 08:16:56.400 Z] [WARN] [cadence.virtuoso.ade.simulationMonitor] -     WARNING (CMI-2424): I19.I2.C1: `Voffcv' = -867.4e-03 is unusually small. {"history": "Interactive.76", "point": 21, "testname": "TRAN_VDD_PULSE", "cornername": "CMOS_RES_CAP_TEMP_19"}
[2026-05-26 08:16:56.400 Z] [WARN] [cadence.virtuoso.ade.simulationMonitor] -     WARNING (CMI-2425): I19.I8.C0: `Acde' = 2.393 is unusually large. {"history": "Interactive.76", "point": 21, "testname": "TRAN_VDD_PULSE", "cornername": "CMOS_RES_CAP_TEMP_19"}
[2026-05-26 08:16:56.400 Z] [WARN] [cadence.virtuoso.ade.simulationMonitor] -     WARNING (CMI-2425): I19.I8.C0: `Noff' = 4.732 is unusually large. {"history": "Interactive.76", "point": 21, "testname": "TRAN_VDD_PULSE", "cornername": "CMOS_RES_CAP_TEMP_19"}
[2026-05-26 08:16:56.401 Z] [WARN] [cadence.virtuoso.ade.simulationMonitor] -     WARNING (CMI-2424): I19.I8.C0: `Voffcv' = -867.4e-03 is unusually small. {"history": "Interactive.76", "point": 21, "testname": "TRAN_VDD_PULSE", "cornername": "CMOS_RES_CAP_TEMP_19"}
[2026-05-26 08:16:56.401 Z] [WARN] [cadence.virtuoso.ade.simulationMonitor] -     WARNING (CMI-2425): I19.I8.C1: `Acde' = 2.393 is unusually large.
        Further occurrences of this warning will be suppressed. {"history": "Interactive.76", "point": 21, "testname": "TRAN_VDD_PULSE", "cornername": "CMOS_RES_CAP_TEMP_19"}
[2026-05-26 08:16:56.401 Z] [WARN] [cadence.virtuoso.ade.simulationMonitor] -     WARNING (CMI-2424): I19.I8.C1: `Voffcv' = -867.4e-03 is unusually small. {"history": "Interactive.76", "point": 21, "testname": "TRAN_VDD_PULSE", "cornername": "CMOS_RES_CAP_TEMP_19"}
[2026-05-26 08:16:56.401 Z] [WARN] [cadence.virtuoso.ade.simulationMonitor] -     WARNING (CMI-2424): I19.I14.C1: `Voffcv' = -867.4e-03 is unusually small. {"history": "Interactive.76", "point": 21, "testname": "TRAN_VDD_PULSE", "cornername": "CMOS_RES_CAP_TEMP_19"}
[2026-05-26 08:16:56.401 Z] [WARN] [cadence.virtuoso.ade.simulationMonitor] -     WARNING (CMI-2424): I19.I14.C4: `Voffcv' = -867.4e-03 is unusually small.
        Further occurrences of this warning will be suppressed. {"history": "Interactive.76", "point": 21, "testname": "TRAN_VDD_PULSE", "cornername": "CMOS_RES_CAP_TEMP_19"}
[2026-05-26 08:16:56.401 Z] [INFO] [cadence.virtuoso.ade.simulationMonitor] - Notice from spectre.
    56 warnings suppressed. {"history": "Interactive.76", "point": 21, "testname": "TRAN_VDD_PULSE", "cornername": "CMOS_RES_CAP_TEMP_19"}
[2026-05-26 08:16:56.401 Z] [WARN] [cadence.virtuoso.ade.simulationMonitor] -     WARNING (CMI-2425): I19.I2.C1: `Acde' = 2.393 is unusually large. {"history": "Interactive.76", "point": 21, "testname": "TRAN_VDD_PULSE", "cornername": "CMOS_RES_CAP_TEMP_19"}
[2026-05-26 08:16:56.401 Z] [WARN] [cadence.virtuoso.ade.simulationMonitor] -     WARNING (CMI-2425): I19.I2.C1: `Noff' = 4.732 is unusually large. {"history": "Interactive.76", "point": 21, "testname": "TRAN_VDD_PULSE", "cornername": "CMOS_RES_CAP_TEMP_19"}
[2026-05-26 08:16:56.401 Z] [WARN] [cadence.virtuoso.ade.simulationMonitor] -     WARNING (CMI-2424): I19.I2.C1: `Voffcv' = -867.4e-03 is unusually small. {"history": "Interactive.76", "point": 21, "testname": "TRAN_VDD_PULSE", "cornername": "CMOS_RES_CAP_TEMP_19"}
[2026-05-26 08:16:56.401 Z] [WARN] [cadence.virtuoso.ade.simulationMonitor] -     WARNING (CMI-2425): I19.I8.C0: `Acde' = 2.393 is unusually large. {"history": "Interactive.76", "point": 21, "testname": "TRAN_VDD_PULSE", "cornername": "CMOS_RES_CAP_TEMP_19"}
[2026-05-26 08:16:56.401 Z] [WARN] [cadence.virtuoso.ade.simulationMonitor] -     WARNING (CMI-2425): I19.I8.C0: `Noff' = 4.732 is unusually large. {"history": "Interactive.76", "point": 21, "testname": "TRAN_VDD_PULSE", "cornername": "CMOS_RES_CAP_TEMP_19"}
[2026-05-26 08:16:56.401 Z] [WARN] [cadence.virtuoso.ade.simulationMonitor] -     WARNING (CMI-2424): I19.I8.C0: `Voffcv' = -867.4e-03 is unusually small. {"history": "Interactive.76", "point": 21, "testname": "TRAN_VDD_PULSE", "cornername": "CMOS_RES_CAP_TEMP_19"}
[2026-05-26 08:16:56.401 Z] [WARN] [cadence.virtuoso.ade.simulationMonitor] -     WARNING (CMI-2425): I19.I8.C1: `Acde' = 2.393 is unusually large.
        Further occurrences of this warning will be suppressed. {"history": "Interactive.76", "point": 21, "testname": "TRAN_VDD_PULSE", "cornername": "CMOS_RES_CAP_TEMP_19"}
[2026-05-26 08:16:56.401 Z] [WARN] [cadence.virtuoso.ade.simulationMonitor] -     WARNING (CMI-2424): I19.I8.C1: `Voffcv' = -867.4e-03 is unusually small. {"history": "Interactive.76", "point": 21, "testname": "TRAN_VDD_PULSE", "cornername": "CMOS_RES_CAP_TEMP_19"}
[2026-05-26 08:16:56.401 Z] [WARN] [cadence.virtuoso.ade.simulationMonitor] -     WARNING (CMI-2424): I19.I14.C1: `Voffcv' = -867.4e-03 is unusually small. {"history": "Interactive.76", "point": 21, "testname": "TRAN_VDD_PULSE", "cornername": "CMOS_RES_CAP_TEMP_19"}
[2026-05-26 08:16:56.402 Z] [WARN] [cadence.virtuoso.ade.simulationMonitor] -     WARNING (CMI-2424): I19.I14.C4: `Voffcv' = -867.4e-03 is unusually small.
        Further occurrences of this warning will be suppressed. {"history": "Interactive.76", "point": 21, "testname": "TRAN_VDD_PULSE", "cornername": "CMOS_RES_CAP_TEMP_19"}
[2026-05-26 08:16:56.902 Z] [INFO] [cadence.virtuoso.ade.simulationMonitor] - Notice from spectre.
    59 warnings suppressed. {"history": "Interactive.76", "point": 21, "testname": "TRAN_VDD_PULSE", "cornername": "CMOS_RES_CAP_TEMP_19"}
[2026-05-26 08:16:56.902 Z] [WARN] [cadence.virtuoso.ade.simulationMonitor] -     WARNING (CMI-2425): I19.I2.C1: `Acde' = 2.393 is unusually large. {"history": "Interactive.76", "point": 21, "testname": "TRAN_VDD_PULSE", "cornername": "CMOS_RES_CAP_TEMP_19"}
[2026-05-26 08:16:56.902 Z] [WARN] [cadence.virtuoso.ade.simulationMonitor] -     WARNING (CMI-2425): I19.I2.C1: `Noff' = 4.732 is unusually large. {"history": "Interactive.76", "point": 21, "testname": "TRAN_VDD_PULSE", "cornername": "CMOS_RES_CAP_TEMP_19"}
[2026-05-26 08:16:56.902 Z] [WARN] [cadence.virtuoso.ade.simulationMonitor] -     WARNING (CMI-2424): I19.I2.C1: `Voffcv' = -867.4e-03 is unusually small. {"history": "Interactive.76", "point": 21, "testname": "TRAN_VDD_PULSE", "cornername": "CMOS_RES_CAP_TEMP_19"}
[2026-05-26 08:16:56.902 Z] [WARN] [cadence.virtuoso.ade.simulationMonitor] -     WARNING (CMI-2425): I19.I8.C0: `Acde' = 2.393 is unusually large. {"history": "Interactive.76", "point": 21, "testname": "TRAN_VDD_PULSE", "cornername": "CMOS_RES_CAP_TEMP_19"}
[2026-05-26 08:16:56.902 Z] [WARN] [cadence.virtuoso.ade.simulationMonitor] -     WARNING (CMI-2425): I19.I8.C0: `Noff' = 4.732 is unusually large. {"history": "Interactive.76", "point": 21, "testname": "TRAN_VDD_PULSE", "cornername": "CMOS_RES_CAP_TEMP_19"}
[2026-05-26 08:16:56.902 Z] [WARN] [cadence.virtuoso.ade.simulationMonitor] -     WARNING (CMI-2424): I19.I8.C0: `Voffcv' = -867.4e-03 is unusually small. {"history": "Interactive.76", "point": 21, "testname": "TRAN_VDD_PULSE", "cornername": "CMOS_RES_CAP_TEMP_19"}
[2026-05-26 08:16:56.902 Z] [WARN] [cadence.virtuoso.ade.simulationMonitor] -     WARNING (CMI-2425): I19.I8.C1: `Acde' = 2.393 is unusually large.
        Further occurrences of this warning will be suppressed. {"history": "Interactive.76", "point": 21, "testname": "TRAN_VDD_PULSE", "cornername": "CMOS_RES_CAP_TEMP_19"}
[2026-05-26 08:16:56.902 Z] [WARN] [cadence.virtuoso.ade.simulationMonitor] -     WARNING (CMI-2424): I19.I8.C1: `Voffcv' = -867.4e-03 is unusually small. {"history": "Interactive.76", "point": 21, "testname": "TRAN_VDD_PULSE", "cornername": "CMOS_RES_CAP_TEMP_19"}
[2026-05-26 08:16:56.902 Z] [WARN] [cadence.virtuoso.ade.simulationMonitor] -     WARNING (CMI-2424): I19.I14.C1: `Voffcv' = -867.4e-03 is unusually small. {"history": "Interactive.76", "point": 21, "testname": "TRAN_VDD_PULSE", "cornername": "CMOS_RES_CAP_TEMP_19"}
[2026-05-26 08:16:56.902 Z] [WARN] [cadence.virtuoso.ade.simulationMonitor] -     WARNING (CMI-2424): I19.I14.C4: `Voffcv' = -867.4e-03 is unusually small.
        Further occurrences of this warning will be suppressed. {"history": "Interactive.76", "point": 21, "testname": "TRAN_VDD_PULSE", "cornername": "CMOS_RES_CAP_TEMP_19"}
[2026-05-26 08:16:56.903 Z] [INFO] [cadence.virtuoso.ade.simulationMonitor] - Notice from spectre.
    56 warnings suppressed. {"history": "Interactive.76", "point": 21, "testname": "TRAN_VDD_PULSE", "cornername": "CMOS_RES_CAP_TEMP_19"}
[2026-05-26 08:16:56.903 Z] [WARN] [cadence.virtuoso.ade.simulationMonitor] -     WARNING (CMI-2425): I19.I2.C1: `Acde' = 2.393 is unusually large. {"history": "Interactive.76", "point": 21, "testname": "TRAN_VDD_PULSE", "cornername": "CMOS_RES_CAP_TEMP_19"}
[2026-05-26 08:16:56.903 Z] [WARN] [cadence.virtuoso.ade.simulationMonitor] -     WARNING (CMI-2425): I19.I2.C1: `Noff' = 4.732 is unusually large. {"history": "Interactive.76", "point": 21, "testname": "TRAN_VDD_PULSE", "cornername": "CMOS_RES_CAP_TEMP_19"}
[2026-05-26 08:16:56.903 Z] [WARN] [cadence.virtuoso.ade.simulationMonitor] -     WARNING (CMI-2424): I19.I2.C1: `Voffcv' = -867.4e-03 is unusually small. {"history": "Interactive.76", "point": 21, "testname": "TRAN_VDD_PULSE", "cornername": "CMOS_RES_CAP_TEMP_19"}
[2026-05-26 08:16:56.903 Z] [WARN] [cadence.virtuoso.ade.simulationMonitor] -     WARNING (CMI-2425): I19.I8.C0: `Acde' = 2.393 is unusually large. {"history": "Interactive.76", "point": 21, "testname": "TRAN_VDD_PULSE", "cornername": "CMOS_RES_CAP_TEMP_19"}
[2026-05-26 08:16:56.903 Z] [WARN] [cadence.virtuoso.ade.simulationMonitor] -     WARNING (CMI-2425): I19.I8.C0: `Noff' = 4.732 is unusually large. {"history": "Interactive.76", "point": 21, "testname": "TRAN_VDD_PULSE", "cornername": "CMOS_RES_CAP_TEMP_19"}
[2026-05-26 08:16:56.903 Z] [WARN] [cadence.virtuoso.ade.simulationMonitor] -     WARNING (CMI-2424): I19.I8.C0: `Voffcv' = -867.4e-03 is unusually small. {"history": "Interactive.76", "point": 21, "testname": "TRAN_VDD_PULSE", "cornername": "CMOS_RES_CAP_TEMP_19"}
[2026-05-26 08:16:56.903 Z] [WARN] [cadence.virtuoso.ade.simulationMonitor] -     WARNING (CMI-2425): I19.I8.C1: `Acde' = 2.393 is unusually large.
        Further occurrences of this warning will be suppressed. {"history": "Interactive.76", "point": 21, "testname": "TRAN_VDD_PULSE", "cornername": "CMOS_RES_CAP_TEMP_19"}
[2026-05-26 08:16:56.903 Z] [WARN] [cadence.virtuoso.ade.simulationMonitor] -     WARNING (CMI-2424): I19.I8.C1: `Voffcv' = -867.4e-03 is unusually small. {"history": "Interactive.76", "point": 21, "testname": "TRAN_VDD_PULSE", "cornername": "CMOS_RES_CAP_TEMP_19"}
[2026-05-26 08:16:56.903 Z] [WARN] [cadence.virtuoso.ade.simulationMonitor] -     WARNING (CMI-2424): I19.I14.C1: `Voffcv' = -867.4e-03 is unusually small. {"history": "Interactive.76", "point": 21, "testname": "TRAN_VDD_PULSE", "cornername": "CMOS_RES_CAP_TEMP_19"}
[2026-05-26 08:16:56.903 Z] [WARN] [cadence.virtuoso.ade.simulationMonitor] -     WARNING (CMI-2424): I19.I14.C4: `Voffcv' = -867.4e-03 is unusually small.
        Further occurrences of this warning will be suppressed. {"history": "Interactive.76", "point": 21, "testname": "TRAN_VDD_PULSE", "cornername": "CMOS_RES_CAP_TEMP_19"}
[2026-05-26 08:16:56.903 Z] [INFO] [cadence.virtuoso.ade.simulationMonitor] - Notice from spectre.
    56 warnings suppressed. {"history": "Interactive.76", "point": 21, "testname": "TRAN_VDD_PULSE", "cornername": "CMOS_RES_CAP_TEMP_19"}
[2026-05-26 08:16:56.903 Z] [INFO] [cadence.virtuoso.ade.simulationMonitor] - Time used: CPU = 73 s (1m  13.0s), elapsed = 73.8 s (1m  13.8s), util. = 98.9%. {"history": "Interactive.76", "point": 21, "testname": "TRAN_VDD_PULSE", "cornername": "CMOS_RES_CAP_TEMP_19"}
[2026-05-26 08:16:56.903 Z] [INFO] [cadence.virtuoso.ade.simulationMonitor] - Time spent in licensing: elapsed = 39.1 ms. {"history": "Interactive.76", "point": 21, "testname": "TRAN_VDD_PULSE", "cornername": "CMOS_RES_CAP_TEMP_19"}
[2026-05-26 08:16:56.903 Z] [INFO] [cadence.virtuoso.ade.simulationMonitor] - Peak memory used = 230 Mbytes. {"history": "Interactive.76", "point": 21, "testname": "TRAN_VDD_PULSE", "cornername": "CMOS_RES_CAP_TEMP_19"}
[2026-05-26 08:16:56.903 Z] [PROCESS] [cadence.virtuoso.ade.simulationMonitor] - Simulation started at: 8:15:42 AM, Tue May 26, 2026, ended at: 8:16:56 AM, Tue May 26, 2026, with elapsed time (wall clock): 73.8 s (1m  13.8s). {"history": "Interactive.76", "point": 21, "testname": "TRAN_VDD_PULSE", "cornername": "CMOS_RES_CAP_TEMP_19"}
[2026-05-26 08:16:56.904 Z] [PROCESS] [cadence.virtuoso.ade.simulationMonitor] - spectre completes with 0 errors, 97 warnings, and 33 notices. {"history": "Interactive.76", "point": 21, "testname": "TRAN_VDD_PULSE", "cornername": "CMOS_RES_CAP_TEMP_19"}
[2026-05-26 08:16:56.904 Z] [PROCESS] [cadence.virtuoso.ade.simulationMonitor] - Finished simulating for one point {"hostname": "edatools", "processid": 229994, "history": "Interactive.76", "testname": "TRAN_VDD_PULSE", "cornername": "CMOS_RES_CAP_TEMP_19", "point": 21, "logfile": "/home/saul/projects/IL2244_VT26_SAUL/logs_saul/logs0/Job39.log", "simid": "4"}
[2026-05-26 08:16:56.904 Z] [PROCESS] [cadence.virtuoso.ade.simulationMonitor] - Simulator exited {"hostname": "edatools", "processid": 229994, "history": "Interactive.76", "testname": "TRAN_VDD_PULSE", "cornername": "CMOS_RES_CAP_TEMP_19", "point": 21, "logfile": "/home/saul/projects/IL2244_VT26_SAUL/logs_saul/logs0/Job39.log", "exitStatus": "0"}
[2026-05-26 08:16:56.904 Z] [PROCESS] [cadence.virtuoso.ade.simulationMonitor] - Finished Simulation {"hostname": "edatools", "processid": 229994, "history": "Interactive.76", "testname": "TRAN_VDD_PULSE", "cornername": "CMOS_RES_CAP_TEMP_19", "point": 21, "logfile": "/home/saul/projects/IL2244_VT26_SAUL/logs_saul/logs0/Job39.log", "simid": "4"}
[2026-05-26 08:16:58.909 Z] [PROCESS] [cadence.virtuoso.ade.simulationMonitor] - Point Finished {"hostname": "edatools", "processid": 229994, "history": "Interactive.76", "testname": "TRAN_VDD_PULSE", "cornername": "CMOS_RES_CAP_TEMP_19", "point": 21, "logfile": "/home/saul/projects/IL2244_VT26_SAUL/logs_saul/logs0/Job39.log"}
[2026-05-26 08:16:58.911 Z] [PROCESS] [cadence.virtuoso.ade.simulationMonitor] - HostInfo:
Host name (type):	edatools (x86_64)
Operating system:	Linux 6.17.0-29-generic #29~24.04.1-Ubuntu SMP PREEMPT_DYNAMIC Mon May 11 10:30:58 UTC 2 {"hostname": "edatools", "processid": 229994, "history": "Interactive.76", "testname": "TRAN_VDD_PULSE", "cornername": "CMOS_RES_CAP_TEMP_19", "point": 21, "logfile": "/home/saul/projects/IL2244_VT26_SAUL/logs_saul/logs0/Job39.log", "nodename": "edatools", "domainname": "(none)", "machine": "x86_64", "sysname": "Linux", "release": "6.17.0-29-generic", "version": "#29~24.04.1-Ubuntu SMP PREEMPT_DYNAMIC Mon May 11 10:30:58 UTC 2"}
[2026-05-26 08:16:58.911 Z] [PROCESS] [cadence.virtuoso.ade.simulationMonitor] - UsageInfo:
pid=229994
totalPhysicalMemory=62.544987GB,Used=44.129807GB,totalVirtualMemory=70.544983GB,Used=44.129807GB
Cpu: Cores=16, Load average:6.280000,5.110000,4.230000 {"hostname": "edatools", "processid": 229994, "history": "Interactive.76", "testname": "TRAN_VDD_PULSE", "cornername": "CMOS_RES_CAP_TEMP_19", "point": 21, "logfile": "/home/saul/projects/IL2244_VT26_SAUL/logs_saul/logs0/Job39.log", "pid": "229994", "totalPhysicalMemory": "62.544987", "physicalMemoryUsed": "44.129807", "totalVirtualMemory": "70.544983", "virtualMemoryUsed": "44.129807", "cpuCores": "16", "processes": "1703", "loadAverage1": "6.280000", "loadAverage5": "5.110000", "loadAverage15": "4.230000", "loadAverage1Percent": "0.392500"}
[2026-05-26 08:16:58.911 Z] [EVENT] [cadence.virtuoso.ade.simulationMonitor] - NewPoint {"history": "Interactive.76", "point": 27, "testname": "TRAN_VDD_PULSE", "cornername": "CMOS_RES_CAP_TEMP_25", "event": "NewPoint", "EventSource": "Simulation Monitor", "HistoryName": "Interactive.76", "logFile": "/home/saul/projects/IL2244_VT26_SAUL/logs_saul/logs0/Job39.log", "logFileSize": "174711"}
[2026-05-26 08:16:59.012 Z] [EVENT] [cadence.virtuoso.ade.simulationMonitor] - NewPoint {"history": "Interactive.76", "point": 27, "testname": "TRAN_VDD_PULSE", "cornername": "CMOS_RES_CAP_TEMP_25", "event": "NewPoint", "EventSource": "spectre", "HistoryName": "Interactive.76", "logFile": "/home/saul/projects/IL2244_VT26_SAUL/Sim/FECG/fecg_front_end_tran_tb/maestro/results/maestro/Interactive.76/27/TRAN_VDD_PULSE/psf/spectre.out", "logFileSize": "-1"}
[2026-05-26 08:16:59.015 Z] [PROCESS] [cadence.virtuoso.ade.simulationMonitor] - Simulator launched {"hostname": "edatools", "processid": 229994, "history": "Interactive.76", "testname": "TRAN_VDD_PULSE", "cornername": "CMOS_RES_CAP_TEMP_25", "point": 27, "logfile": "/home/saul/projects/IL2244_VT26_SAUL/logs_saul/logs0/Job39.log", "simid": "5"}
[2026-05-26 08:16:59.028 Z] [PROCESS] [cadence.virtuoso.ade.simulationMonitor] - Started Simulation {"hostname": "edatools", "processid": 229994, "history": "Interactive.76", "testname": "TRAN_VDD_PULSE", "cornername": "CMOS_RES_CAP_TEMP_25", "point": 27, "logfile": "/home/saul/projects/IL2244_VT26_SAUL/logs_saul/logs0/Job39.log", "event": "started", "task": "simulation"}
[2026-05-26 08:16:59.528 Z] [INFO] [cadence.virtuoso.ade.simulationMonitor] - Notice from spectre during circuit read-in.
    Pre_Configuration file used: /opt/tools/cadence/installs/SPECTRE241/tools.lnx86/spectre/etc/configs/preset.precfg
    Configuration file used: `/opt/tools/cadence/installs/SPECTRE241/tools.lnx86/spectre/etc/configs/preset.cfg'. {"history": "Interactive.76", "point": 27, "testname": "TRAN_VDD_PULSE", "cornername": "CMOS_RES_CAP_TEMP_25"}
[2026-05-26 08:16:59.528 Z] [WARN] [cadence.virtuoso.ade.simulationMonitor] -     WARNING (SPECTRE-8360): line 1511: `ac' is an undefined primitive device. {"history": "Interactive.76", "point": 27, "testname": "TRAN_VDD_PULSE", "cornername": "CMOS_RES_CAP_TEMP_25"}
[2026-05-26 08:16:59.528 Z] [WARN] [cadence.virtuoso.ade.simulationMonitor] -     WARNING (SPECTRE-8360): line 1512: `ac' is an undefined primitive device. {"history": "Interactive.76", "point": 27, "testname": "TRAN_VDD_PULSE", "cornername": "CMOS_RES_CAP_TEMP_25"}
[2026-05-26 08:16:59.529 Z] [WARN] [cadence.virtuoso.ade.simulationMonitor] -     WARNING (SPECTRE-8360): line 1513: `ac' is an undefined primitive device. {"history": "Interactive.76", "point": 27, "testname": "TRAN_VDD_PULSE", "cornername": "CMOS_RES_CAP_TEMP_25"}
[2026-05-26 08:16:59.529 Z] [WARN] [cadence.virtuoso.ade.simulationMonitor] -     WARNING (SPECTRE-8360): line 1514: `ac' is an undefined primitive device. {"history": "Interactive.76", "point": 27, "testname": "TRAN_VDD_PULSE", "cornername": "CMOS_RES_CAP_TEMP_25"}
[2026-05-26 08:16:59.529 Z] [WARN] [cadence.virtuoso.ade.simulationMonitor] -     WARNING (SPECTRE-8360): line 1515: `ac' is an undefined primitive device.
        Further occurrences of this warning will be suppressed. {"history": "Interactive.76", "point": 27, "testname": "TRAN_VDD_PULSE", "cornername": "CMOS_RES_CAP_TEMP_25"}
[2026-05-26 08:16:59.529 Z] [INFO] [cadence.virtuoso.ade.simulationMonitor] - Peak resident memory used = 173 Mbytes. {"history": "Interactive.76", "point": 27, "testname": "TRAN_VDD_PULSE", "cornername": "CMOS_RES_CAP_TEMP_25"}
[2026-05-26 08:16:59.529 Z] [WARN] [cadence.virtuoso.ade.simulationMonitor] -     WARNING (VACOMP-2435): The environment variable CDS_AHDLCMI_ENABLE is no longer supported. Therefore, the simulator will use the default compiled C code flow. {"history": "Interactive.76", "point": 27, "testname": "TRAN_VDD_PULSE", "cornername": "CMOS_RES_CAP_TEMP_25"}
[2026-05-26 08:16:59.529 Z] [WARN] [cadence.virtuoso.ade.simulationMonitor] -     WARNING (SFE-3014): The floating device I19.I0.I5.MN14<0>_turbo_m4 is removed. {"history": "Interactive.76", "point": 27, "testname": "TRAN_VDD_PULSE", "cornername": "CMOS_RES_CAP_TEMP_25"}
[2026-05-26 08:16:59.529 Z] [WARN] [cadence.virtuoso.ade.simulationMonitor] -     WARNING (SFE-3012): The dummy device I19.I4.MP16<0>_turbo_m41 is removed. {"history": "Interactive.76", "point": 27, "testname": "TRAN_VDD_PULSE", "cornername": "CMOS_RES_CAP_TEMP_25"}
[2026-05-26 08:16:59.529 Z] [WARN] [cadence.virtuoso.ade.simulationMonitor] -     WARNING (SFE-3014): The floating device I19.I8.MN57<0>_turbo_m28 is removed. {"history": "Interactive.76", "point": 27, "testname": "TRAN_VDD_PULSE", "cornername": "CMOS_RES_CAP_TEMP_25"}
[2026-05-26 08:16:59.529 Z] [WARN] [cadence.virtuoso.ade.simulationMonitor] -     WARNING (SFE-3012): The dummy device I19.I14.MP13<0>_turbo_m4 is removed. {"history": "Interactive.76", "point": 27, "testname": "TRAN_VDD_PULSE", "cornername": "CMOS_RES_CAP_TEMP_25"}
[2026-05-26 08:16:59.529 Z] [WARN] [cadence.virtuoso.ade.simulationMonitor] -     WARNING (SFE-3031): The floating capacitor I19.I12.C10<0>_turbo_m12.C1 is removed. {"history": "Interactive.76", "point": 27, "testname": "TRAN_VDD_PULSE", "cornername": "CMOS_RES_CAP_TEMP_25"}
[2026-05-26 08:16:59.529 Z] [WARN] [cadence.virtuoso.ade.simulationMonitor] -     WARNING (SFE-3014): The floating device I19.I2.MN37<0>_turbo_m4 is removed. {"history": "Interactive.76", "point": 27, "testname": "TRAN_VDD_PULSE", "cornername": "CMOS_RES_CAP_TEMP_25"}
[2026-05-26 08:16:59.529 Z] [WARN] [cadence.virtuoso.ade.simulationMonitor] -     WARNING (SFE-3012): The dummy device I19.I0.I5.MP12<0>_turbo_m2 is removed. {"history": "Interactive.76", "point": 27, "testname": "TRAN_VDD_PULSE", "cornername": "CMOS_RES_CAP_TEMP_25"}
[2026-05-26 08:16:59.529 Z] [WARN] [cadence.virtuoso.ade.simulationMonitor] -     WARNING (SFE-3014): The floating device I19.I0.MN13<0>_turbo_m4 is removed. {"history": "Interactive.76", "point": 27, "testname": "TRAN_VDD_PULSE", "cornername": "CMOS_RES_CAP_TEMP_25"}
[2026-05-26 08:16:59.529 Z] [WARN] [cadence.virtuoso.ade.simulationMonitor] -     WARNING (SFE-3012): The dummy device I19.I0.I3.MP13<0>_turbo_m4 is removed. {"history": "Interactive.76", "point": 27, "testname": "TRAN_VDD_PULSE", "cornername": "CMOS_RES_CAP_TEMP_25"}
[2026-05-26 08:16:59.530 Z] [WARN] [cadence.virtuoso.ade.simulationMonitor] -     WARNING (SFE-3031): The floating capacitor I19.I12.C6<0>_turbo_m3.C1 is removed. {"history": "Interactive.76", "point": 27, "testname": "TRAN_VDD_PULSE", "cornername": "CMOS_RES_CAP_TEMP_25"}
[2026-05-26 08:16:59.530 Z] [WARN] [cadence.virtuoso.ade.simulationMonitor] -     WARNING (SFE-3012): The dummy device I19.I0.MP11<0>_turbo_m4 is removed.
        Further occurrences of this warning will be suppressed. {"history": "Interactive.76", "point": 27, "testname": "TRAN_VDD_PULSE", "cornername": "CMOS_RES_CAP_TEMP_25"}
[2026-05-26 08:16:59.530 Z] [WARN] [cadence.virtuoso.ade.simulationMonitor] -     WARNING (SFE-3031): The floating capacitor I19.I11.C7<0>_turbo_m3.C1 is removed. {"history": "Interactive.76", "point": 27, "testname": "TRAN_VDD_PULSE", "cornername": "CMOS_RES_CAP_TEMP_25"}
[2026-05-26 08:16:59.530 Z] [WARN] [cadence.virtuoso.ade.simulationMonitor] -     WARNING (SFE-3014): The floating device I19.I12.MN57<0>_turbo_m28 is removed.
        Further occurrences of this warning will be suppressed. {"history": "Interactive.76", "point": 27, "testname": "TRAN_VDD_PULSE", "cornername": "CMOS_RES_CAP_TEMP_25"}
[2026-05-26 08:16:59.530 Z] [WARN] [cadence.virtuoso.ade.simulationMonitor] -     WARNING (SFE-3031): The floating capacitor I19.I11.C10<0>_turbo_m12.C1 is removed. {"history": "Interactive.76", "point": 27, "testname": "TRAN_VDD_PULSE", "cornername": "CMOS_RES_CAP_TEMP_25"}
[2026-05-26 08:16:59.530 Z] [WARN] [cadence.virtuoso.ade.simulationMonitor] -     WARNING (SFE-3031): The floating capacitor I19.I12.C7<0>_turbo_m3.C1 is removed.
        Further occurrences of this warning will be suppressed. {"history": "Interactive.76", "point": 27, "testname": "TRAN_VDD_PULSE", "cornername": "CMOS_RES_CAP_TEMP_25"}
[2026-05-26 08:16:59.530 Z] [INFO] [cadence.virtuoso.ade.simulationMonitor] - Notice from spectre during hierarchy flattening.
    The value 'psf' specified for the 'checklimitdest' option will no longer be supported in future releases. Use 'spectre -h' to see other recommended values for the 'checklimitdest' option. {"history": "Interactive.76", "point": 27, "testname": "TRAN_VDD_PULSE", "cornername": "CMOS_RES_CAP_TEMP_25"}
[2026-05-26 08:16:59.530 Z] [INFO] [cadence.virtuoso.ade.simulationMonitor] - Peak resident memory used = 189 Mbytes. {"history": "Interactive.76", "point": 27, "testname": "TRAN_VDD_PULSE", "cornername": "CMOS_RES_CAP_TEMP_25"}
[2026-05-26 08:16:59.530 Z] [INFO] [cadence.virtuoso.ade.simulationMonitor] - Notice from spectre during hierarchy flattening.
    The value 'psf' specified for the 'checklimitdest' option will no longer be supported in future releases. Use 'spectre -h' to see other recommended values for the 'checklimitdest' option.
    I19.I0.R10.CS0 of rpolyhc: `c' has the unusually small value of 0 F.
    I19.I0.R10.CS1 of rpolyhc: `c' has the unusually small value of 0 F.
    I19.I0.R9.CS0 of rpolyhc: `c' has the unusually small value of 0 F.
    I19.I0.R9.CS1 of rpolyhc: `c' has the unusually ... {"history": "Interactive.76", "point": 27, "testname": "TRAN_VDD_PULSE", "cornername": "CMOS_RES_CAP_TEMP_25"}
[2026-05-26 08:16:59.530 Z] [INFO] [cadence.virtuoso.ade.simulationMonitor] - Notice from spectre during hierarchy flattening.
    V17: `period' has the unusually large value of 20 s.
    V17: `width' has the unusually large value of 19 s.
    V16: `period' has the unusually large value of 10 s.
    V16: `width' has the unusually large value of 9 s.
    V9: `period' has the unusually large value of 10 s.
        Further occurrences of this notice will be suppressed. {"history": "Interactive.76", "point": 27, "testname": "TRAN_VDD_PULSE", "cornername": "CMOS_RES_CAP_TEMP_25"}
[2026-05-26 08:16:59.530 Z] [INFO] [cadence.virtuoso.ade.simulationMonitor] - Peak resident memory used = 192 Mbytes. {"history": "Interactive.76", "point": 27, "testname": "TRAN_VDD_PULSE", "cornername": "CMOS_RES_CAP_TEMP_25"}
[2026-05-26 08:16:59.530 Z] [WARN] [cadence.virtuoso.ade.simulationMonitor] -     WARNING (CMI-2425): I19.I0.C2: `Acde' = 2.393 is unusually large. {"history": "Interactive.76", "point": 27, "testname": "TRAN_VDD_PULSE", "cornername": "CMOS_RES_CAP_TEMP_25"}
[2026-05-26 08:16:59.530 Z] [WARN] [cadence.virtuoso.ade.simulationMonitor] -     WARNING (CMI-2425): I19.I0.C2: `Noff' = 4.732 is unusually large. {"history": "Interactive.76", "point": 27, "testname": "TRAN_VDD_PULSE", "cornername": "CMOS_RES_CAP_TEMP_25"}
[2026-05-26 08:16:59.530 Z] [WARN] [cadence.virtuoso.ade.simulationMonitor] -     WARNING (CMI-2424): I19.I0.C2: `Voffcv' = -867.4e-03 is unusually small. {"history": "Interactive.76", "point": 27, "testname": "TRAN_VDD_PULSE", "cornername": "CMOS_RES_CAP_TEMP_25"}
[2026-05-26 08:16:59.530 Z] [WARN] [cadence.virtuoso.ade.simulationMonitor] -     WARNING (CMI-2425): I19.I0.C3: `Acde' = 2.393 is unusually large. {"history": "Interactive.76", "point": 27, "testname": "TRAN_VDD_PULSE", "cornername": "CMOS_RES_CAP_TEMP_25"}
[2026-05-26 08:16:59.531 Z] [WARN] [cadence.virtuoso.ade.simulationMonitor] -     WARNING (CMI-2425): I19.I0.C3: `Noff' = 4.732 is unusually large. {"history": "Interactive.76", "point": 27, "testname": "TRAN_VDD_PULSE", "cornername": "CMOS_RES_CAP_TEMP_25"}
[2026-05-26 08:16:59.531 Z] [WARN] [cadence.virtuoso.ade.simulationMonitor] -     WARNING (CMI-2424): I19.I0.C3: `Voffcv' = -867.4e-03 is unusually small. {"history": "Interactive.76", "point": 27, "testname": "TRAN_VDD_PULSE", "cornername": "CMOS_RES_CAP_TEMP_25"}
[2026-05-26 08:16:59.531 Z] [WARN] [cadence.virtuoso.ade.simulationMonitor] -     WARNING (CMI-2425): I19.I0.C0: `Acde' = 2.393 is unusually large.
        Further occurrences of this warning will be suppressed. {"history": "Interactive.76", "point": 27, "testname": "TRAN_VDD_PULSE", "cornername": "CMOS_RES_CAP_TEMP_25"}
[2026-05-26 08:16:59.531 Z] [WARN] [cadence.virtuoso.ade.simulationMonitor] -     WARNING (CMI-2424): I19.I0.C0: `Voffcv' = -867.4e-03 is unusually small. {"history": "Interactive.76", "point": 27, "testname": "TRAN_VDD_PULSE", "cornername": "CMOS_RES_CAP_TEMP_25"}
[2026-05-26 08:16:59.531 Z] [WARN] [cadence.virtuoso.ade.simulationMonitor] -     WARNING (CMI-2424): I19.I0.I3.C1: `Voffcv' = -867.4e-03 is unusually small. {"history": "Interactive.76", "point": 27, "testname": "TRAN_VDD_PULSE", "cornername": "CMOS_RES_CAP_TEMP_25"}
[2026-05-26 08:16:59.531 Z] [WARN] [cadence.virtuoso.ade.simulationMonitor] -     WARNING (CMI-2424): I19.I0.C1<0>_turbo_m5: `Voffcv' = -867.4e-03 is unusually small.
        Further occurrences of this warning will be suppressed. {"history": "Interactive.76", "point": 27, "testname": "TRAN_VDD_PULSE", "cornername": "CMOS_RES_CAP_TEMP_25"}
[2026-05-26 08:16:59.531 Z] [WARN] [cadence.virtuoso.ade.simulationMonitor] -     WARNING (SPECTRE-17607): Assert `SOAC_rpolyh_vminuspsub' is ignored because it contains an expression which is invalid or not supported by native evaluator.  {"history": "Interactive.76", "point": 27, "testname": "TRAN_VDD_PULSE", "cornername": "CMOS_RES_CAP_TEMP_25"}
[2026-05-26 08:16:59.531 Z] [WARN] [cadence.virtuoso.ade.simulationMonitor] -     WARNING (SPECTRE-17607): Assert `SOAC_rpolyh_vpluspsub' is ignored because it contains an expression which is invalid or not supported by native evaluator.  {"history": "Interactive.76", "point": 27, "testname": "TRAN_VDD_PULSE", "cornername": "CMOS_RES_CAP_TEMP_25"}
[2026-05-26 08:16:59.531 Z] [WARN] [cadence.virtuoso.ade.simulationMonitor] -     WARNING (SPECTRE-16460): SOAC_cvarm_vspsub:Specified subcircuit master `cvarm' was not found. {"history": "Interactive.76", "point": 27, "testname": "TRAN_VDD_PULSE", "cornername": "CMOS_RES_CAP_TEMP_25"}
[2026-05-26 08:16:59.531 Z] [WARN] [cadence.virtuoso.ade.simulationMonitor] -     WARNING (SPECTRE-16462): SOAC_cvarm_vspsub:Error in specification of subcircuit master. Assert is ignored. {"history": "Interactive.76", "point": 27, "testname": "TRAN_VDD_PULSE", "cornername": "CMOS_RES_CAP_TEMP_25"}
[2026-05-26 08:16:59.531 Z] [WARN] [cadence.virtuoso.ade.simulationMonitor] -     WARNING (SPECTRE-16460): SOAC_cvarm_vbs:Specified subcircuit master `cvarm' was not found. {"history": "Interactive.76", "point": 27, "testname": "TRAN_VDD_PULSE", "cornername": "CMOS_RES_CAP_TEMP_25"}
[2026-05-26 08:16:59.531 Z] [WARN] [cadence.virtuoso.ade.simulationMonitor] -     WARNING (SPECTRE-16462): SOAC_cvarm_vbs:Error in specification of subcircuit master. Assert is ignored. {"history": "Interactive.76", "point": 27, "testname": "TRAN_VDD_PULSE", "cornername": "CMOS_RES_CAP_TEMP_25"}
[2026-05-26 08:16:59.531 Z] [WARN] [cadence.virtuoso.ade.simulationMonitor] -     WARNING (SPECTRE-16460): SOAC_cvarm_vgb:Specified subcircuit master `cvarm' was not found. {"history": "Interactive.76", "point": 27, "testname": "TRAN_VDD_PULSE", "cornername": "CMOS_RES_CAP_TEMP_25"}
[2026-05-26 08:16:59.531 Z] [WARN] [cadence.virtuoso.ade.simulationMonitor] -     WARNING (SPECTRE-16462): SOAC_cvarm_vgb:Error in specification of subcircuit master. Assert is ignored. {"history": "Interactive.76", "point": 27, "testname": "TRAN_VDD_PULSE", "cornername": "CMOS_RES_CAP_TEMP_25"}
[2026-05-26 08:16:59.531 Z] [WARN] [cadence.virtuoso.ade.simulationMonitor] -     WARNING (SPECTRE-16460): SOAC_cvart_vspsub:Specified subcircuit master `cvart' was not found. {"history": "Interactive.76", "point": 27, "testname": "TRAN_VDD_PULSE", "cornername": "CMOS_RES_CAP_TEMP_25"}
[2026-05-26 08:16:59.531 Z] [WARN] [cadence.virtuoso.ade.simulationMonitor] -     WARNING (SPECTRE-16462): SOAC_cvart_vspsub:Error in specification of subcircuit master. Assert is ignored. {"history": "Interactive.76", "point": 27, "testname": "TRAN_VDD_PULSE", "cornername": "CMOS_RES_CAP_TEMP_25"}
[2026-05-26 08:16:59.531 Z] [WARN] [cadence.virtuoso.ade.simulationMonitor] -     WARNING (SPECTRE-16460): SOAC_cvart_vbs:Specified subcircuit master `cvart' was not found.
        Further occurrences of this warning will be suppressed. {"history": "Interactive.76", "point": 27, "testname": "TRAN_VDD_PULSE", "cornername": "CMOS_RES_CAP_TEMP_25"}
[2026-05-26 08:16:59.531 Z] [WARN] [cadence.virtuoso.ade.simulationMonitor] -     WARNING (SPECTRE-16462): SOAC_cvart_vbs:Error in specification of subcircuit master. Assert is ignored.
        Further occurrences of this warning will be suppressed. {"history": "Interactive.76", "point": 27, "testname": "TRAN_VDD_PULSE", "cornername": "CMOS_RES_CAP_TEMP_25"}
[2026-05-26 08:16:59.531 Z] [WARN] [cadence.virtuoso.ade.simulationMonitor] -     WARNING (SPECTRE-17607): Assert `SOAC_cvar_vspsub' is ignored because it contains an expression which is invalid or not supported by native evaluator.  {"history": "Interactive.76", "point": 27, "testname": "TRAN_VDD_PULSE", "cornername": "CMOS_RES_CAP_TEMP_25"}
[2026-05-26 08:16:59.532 Z] [WARN] [cadence.virtuoso.ade.simulationMonitor] -     WARNING (SPECTRE-17607): Assert `SOAC_cvar_vbpsub' is ignored because it contains an expression which is invalid or not supported by native evaluator.  {"history": "Interactive.76", "point": 27, "testname": "TRAN_VDD_PULSE", "cornername": "CMOS_RES_CAP_TEMP_25"}
[2026-05-26 08:16:59.532 Z] [WARN] [cadence.virtuoso.ade.simulationMonitor] -     WARNING (SPECTRE-17607): Assert `SOAC_cvar_vgpsub' is ignored because it contains an expression which is invalid or not supported by native evaluator. 
        Further occurrences of this warning will be suppressed. {"history": "Interactive.76", "point": 27, "testname": "TRAN_VDD_PULSE", "cornername": "CMOS_RES_CAP_TEMP_25"}
[2026-05-26 08:17:00.032 Z] [INFO] [cadence.virtuoso.ade.simulationMonitor] - Notice from spectre during topology check.
    No DC path from node `net19' to ground, Gmin installed to provide path. {"history": "Interactive.76", "point": 27, "testname": "TRAN_VDD_PULSE", "cornername": "CMOS_RES_CAP_TEMP_25"}
[2026-05-26 08:17:00.032 Z] [INFO] [cadence.virtuoso.ade.simulationMonitor] - Notice from spectre during initial setup.
    Multithreading is disabled due to the size of the design being too small. {"history": "Interactive.76", "point": 27, "testname": "TRAN_VDD_PULSE", "cornername": "CMOS_RES_CAP_TEMP_25"}
[2026-05-26 08:17:00.032 Z] [WARN] [cadence.virtuoso.ade.simulationMonitor] -     WARNING (SPECTRE-592): Following parameters are disabled because they are ignored or redefined in Spectre X:
        Option Parameters:
          reltol
        
         {"history": "Interactive.76", "point": 27, "testname": "TRAN_VDD_PULSE", "cornername": "CMOS_RES_CAP_TEMP_25"}
[2026-05-26 08:17:00.032 Z] [INFO] [cadence.virtuoso.ade.simulationMonitor] -               nodes 784 {"history": "Interactive.76", "point": 27, "testname": "TRAN_VDD_PULSE", "cornername": "CMOS_RES_CAP_TEMP_25"}
[2026-05-26 08:17:00.032 Z] [INFO] [cadence.virtuoso.ade.simulationMonitor] - Notice from spectre during initial setup.
    4 vsources are shorted because their absolute value is less than or equal to 'vabsshort'.
    Spectre X preset=vx enabled.
    18 notices suppressed.
    154 warnings suppressed. {"history": "Interactive.76", "point": 27, "testname": "TRAN_VDD_PULSE", "cornername": "CMOS_RES_CAP_TEMP_25"}
[2026-05-26 08:17:00.032 Z] [INFO] [cadence.virtuoso.ade.simulationMonitor] - Peak resident memory used = 213 Mbytes. {"history": "Interactive.76", "point": 27, "testname": "TRAN_VDD_PULSE", "cornername": "CMOS_RES_CAP_TEMP_25"}
[2026-05-26 08:17:00.032 Z] [INFO] [cadence.virtuoso.ade.simulationMonitor] -    -   (Spectre X) Multi-threading. The recommended number of threads is 1, consider adding +mt=1 on command line. {"history": "Interactive.76", "point": 27, "testname": "TRAN_VDD_PULSE", "cornername": "CMOS_RES_CAP_TEMP_25"}
[2026-05-26 08:17:00.032 Z] [INFO] [cadence.virtuoso.ade.simulationMonitor] - Notice from spectre during DC analysis `dcOp'.
    No checklimit analysis defined for asserts. A default checklimit analysis 'SpectreChecklimitAnal' has been created with all asserts enabled. {"history": "Interactive.76", "point": 27, "testname": "TRAN_VDD_PULSE", "cornername": "CMOS_RES_CAP_TEMP_25"}
[2026-05-26 08:17:00.033 Z] [INFO] [cadence.virtuoso.ade.simulationMonitor] - Notice from spectre during DC analysis `dcOp'.
    GminDC = 1 pS is large enough to noticeably affect the DC solution.
        dV(I19.I2.C1.d1) = 912.01 uV
        Use the `gmin_check' option to eliminate or expand this report. {"history": "Interactive.76", "point": 27, "testname": "TRAN_VDD_PULSE", "cornername": "CMOS_RES_CAP_TEMP_25"}
[2026-05-26 08:17:00.033 Z] [WARN] [cadence.virtuoso.ade.simulationMonitor] -     WARNING (CMI-2943): Parameter checks have been ignored because the valid value for parameter 'trise' could not be found in 'C0'. {"history": "Interactive.76", "point": 27, "testname": "TRAN_VDD_PULSE", "cornername": "CMOS_RES_CAP_TEMP_25"}
[2026-05-26 08:17:00.033 Z] [WARN] [cadence.virtuoso.ade.simulationMonitor] -     WARNING (CMI-2943): Parameter checks have been ignored because the valid value for parameter 'trise' could not be found in 'C3'. {"history": "Interactive.76", "point": 27, "testname": "TRAN_VDD_PULSE", "cornername": "CMOS_RES_CAP_TEMP_25"}
[2026-05-26 08:17:00.033 Z] [WARN] [cadence.virtuoso.ade.simulationMonitor] -     WARNING (CMI-2943): Parameter checks have been ignored because the valid value for parameter 'trise' could not be found in 'C4'. {"history": "Interactive.76", "point": 27, "testname": "TRAN_VDD_PULSE", "cornername": "CMOS_RES_CAP_TEMP_25"}
[2026-05-26 08:17:00.033 Z] [WARN] [cadence.virtuoso.ade.simulationMonitor] -     WARNING (CMI-2943): Parameter checks have been ignored because the valid value for parameter 'trise' could not be found in 'C5'. {"history": "Interactive.76", "point": 27, "testname": "TRAN_VDD_PULSE", "cornername": "CMOS_RES_CAP_TEMP_25"}
[2026-05-26 08:17:00.033 Z] [WARN] [cadence.virtuoso.ade.simulationMonitor] -     WARNING (CMI-2943): Parameter checks have been ignored because the valid value for parameter 'trise' could not be found in 'I19.I4.C9<0>_turbo_m6.C1'.
        Further occurrences of this warning will be suppressed. {"history": "Interactive.76", "point": 27, "testname": "TRAN_VDD_PULSE", "cornername": "CMOS_RES_CAP_TEMP_25"}
[2026-05-26 08:17:00.033 Z] [INFO] [cadence.virtuoso.ade.simulationMonitor] - Total time required for dc analysis `dcOp': CPU = 52.538 ms, elapsed = 73.2391 ms, util. = 71.7%. {"history": "Interactive.76", "point": 27, "testname": "TRAN_VDD_PULSE", "cornername": "CMOS_RES_CAP_TEMP_25"}
[2026-05-26 08:17:00.033 Z] [INFO] [cadence.virtuoso.ade.simulationMonitor] - Peak resident memory used = 223 Mbytes. {"history": "Interactive.76", "point": 27, "testname": "TRAN_VDD_PULSE", "cornername": "CMOS_RES_CAP_TEMP_25"}
[2026-05-26 08:17:00.033 Z] [INFO] [cadence.virtuoso.ade.simulationMonitor] - Notice from spectre.
    308 warnings suppressed. {"history": "Interactive.76", "point": 27, "testname": "TRAN_VDD_PULSE", "cornername": "CMOS_RES_CAP_TEMP_25"}
[2026-05-26 08:17:00.033 Z] [INFO] [cadence.virtuoso.ade.simulationMonitor] - Notice from spectre during IC analysis, during transient analysis `tran'.
    GminDC = 1 pS is large enough to noticeably affect the DC solution.
        dV(I19.I2.C1.d1) = 912.01 uV
        Use the `gmin_check' option to eliminate or expand this report. {"history": "Interactive.76", "point": 27, "testname": "TRAN_VDD_PULSE", "cornername": "CMOS_RES_CAP_TEMP_25"}
[2026-05-26 08:17:00.033 Z] [WARN] [cadence.virtuoso.ade.simulationMonitor] -     WARNING (CMI-2943): Parameter checks have been ignored because the valid value for parameter 'trise' could not be found in 'C0'. {"history": "Interactive.76", "point": 27, "testname": "TRAN_VDD_PULSE", "cornername": "CMOS_RES_CAP_TEMP_25"}
[2026-05-26 08:17:00.033 Z] [WARN] [cadence.virtuoso.ade.simulationMonitor] -     WARNING (CMI-2943): Parameter checks have been ignored because the valid value for parameter 'trise' could not be found in 'C3'. {"history": "Interactive.76", "point": 27, "testname": "TRAN_VDD_PULSE", "cornername": "CMOS_RES_CAP_TEMP_25"}
[2026-05-26 08:17:00.033 Z] [WARN] [cadence.virtuoso.ade.simulationMonitor] -     WARNING (CMI-2943): Parameter checks have been ignored because the valid value for parameter 'trise' could not be found in 'C4'. {"history": "Interactive.76", "point": 27, "testname": "TRAN_VDD_PULSE", "cornername": "CMOS_RES_CAP_TEMP_25"}
[2026-05-26 08:17:00.033 Z] [WARN] [cadence.virtuoso.ade.simulationMonitor] -     WARNING (CMI-2943): Parameter checks have been ignored because the valid value for parameter 'trise' could not be found in 'C5'. {"history": "Interactive.76", "point": 27, "testname": "TRAN_VDD_PULSE", "cornername": "CMOS_RES_CAP_TEMP_25"}
[2026-05-26 08:17:00.033 Z] [WARN] [cadence.virtuoso.ade.simulationMonitor] -     WARNING (CMI-2943): Parameter checks have been ignored because the valid value for parameter 'trise' could not be found in 'I19.I4.C9<0>_turbo_m6.C1'.
        Further occurrences of this warning will be suppressed. {"history": "Interactive.76", "point": 27, "testname": "TRAN_VDD_PULSE", "cornername": "CMOS_RES_CAP_TEMP_25"}
[2026-05-26 08:17:00.033 Z] [INFO] [cadence.virtuoso.ade.simulationMonitor] - Notice from spectre during transient analysis `tran'.
    Output compression for transient analysis is enabled. {"history": "Interactive.76", "point": 27, "testname": "TRAN_VDD_PULSE", "cornername": "CMOS_RES_CAP_TEMP_25"}
[2026-05-26 08:17:00.033 Z] [INFO] [cadence.virtuoso.ade.simulationMonitor] - Notice from spectre during transient analysis `tran'.
    Multithreading is disabled due to the size of the design being too small. {"history": "Interactive.76", "point": 27, "testname": "TRAN_VDD_PULSE", "cornername": "CMOS_RES_CAP_TEMP_25"}
[2026-05-26 08:18:01.549 Z] [INFO] [cadence.virtuoso.ade.simulationMonitor] - Total time required for tran analysis `tran': CPU = 60.9364 s (1m  0.9s), elapsed = 61.2147 s (1m  1.2s), util. = 99.5%. {"history": "Interactive.76", "point": 27, "testname": "TRAN_VDD_PULSE", "cornername": "CMOS_RES_CAP_TEMP_25"}
[2026-05-26 08:18:01.549 Z] [INFO] [cadence.virtuoso.ade.simulationMonitor] - Peak resident memory used = 230 Mbytes. {"history": "Interactive.76", "point": 27, "testname": "TRAN_VDD_PULSE", "cornername": "CMOS_RES_CAP_TEMP_25"}
[2026-05-26 08:18:01.549 Z] [INFO] [cadence.virtuoso.ade.simulationMonitor] - Notice from spectre.
    308 warnings suppressed. {"history": "Interactive.76", "point": 27, "testname": "TRAN_VDD_PULSE", "cornername": "CMOS_RES_CAP_TEMP_25"}
[2026-05-26 08:18:01.549 Z] [WARN] [cadence.virtuoso.ade.simulationMonitor] -     WARNING (SPECTRE-16518): An arithmetic exception occurred in analysis `finalTimeOP' . Use `+diagnose' command-line option to get more information. {"history": "Interactive.76", "point": 27, "testname": "TRAN_VDD_PULSE", "cornername": "CMOS_RES_CAP_TEMP_25"}
[2026-05-26 08:18:01.549 Z] [WARN] [cadence.virtuoso.ade.simulationMonitor] -     WARNING (CMI-2425): I19.I2.C1: `Acde' = 2.393 is unusually large. {"history": "Interactive.76", "point": 27, "testname": "TRAN_VDD_PULSE", "cornername": "CMOS_RES_CAP_TEMP_25"}
[2026-05-26 08:18:01.549 Z] [WARN] [cadence.virtuoso.ade.simulationMonitor] -     WARNING (CMI-2425): I19.I2.C1: `Noff' = 4.732 is unusually large. {"history": "Interactive.76", "point": 27, "testname": "TRAN_VDD_PULSE", "cornername": "CMOS_RES_CAP_TEMP_25"}
[2026-05-26 08:18:01.549 Z] [WARN] [cadence.virtuoso.ade.simulationMonitor] -     WARNING (CMI-2424): I19.I2.C1: `Voffcv' = -867.4e-03 is unusually small. {"history": "Interactive.76", "point": 27, "testname": "TRAN_VDD_PULSE", "cornername": "CMOS_RES_CAP_TEMP_25"}
[2026-05-26 08:18:01.549 Z] [WARN] [cadence.virtuoso.ade.simulationMonitor] -     WARNING (CMI-2425): I19.I8.C0: `Acde' = 2.393 is unusually large. {"history": "Interactive.76", "point": 27, "testname": "TRAN_VDD_PULSE", "cornername": "CMOS_RES_CAP_TEMP_25"}
[2026-05-26 08:18:01.549 Z] [WARN] [cadence.virtuoso.ade.simulationMonitor] -     WARNING (CMI-2425): I19.I8.C0: `Noff' = 4.732 is unusually large. {"history": "Interactive.76", "point": 27, "testname": "TRAN_VDD_PULSE", "cornername": "CMOS_RES_CAP_TEMP_25"}
[2026-05-26 08:18:01.550 Z] [WARN] [cadence.virtuoso.ade.simulationMonitor] -     WARNING (CMI-2424): I19.I8.C0: `Voffcv' = -867.4e-03 is unusually small. {"history": "Interactive.76", "point": 27, "testname": "TRAN_VDD_PULSE", "cornername": "CMOS_RES_CAP_TEMP_25"}
[2026-05-26 08:18:01.550 Z] [WARN] [cadence.virtuoso.ade.simulationMonitor] -     WARNING (CMI-2425): I19.I8.C1: `Acde' = 2.393 is unusually large.
        Further occurrences of this warning will be suppressed. {"history": "Interactive.76", "point": 27, "testname": "TRAN_VDD_PULSE", "cornername": "CMOS_RES_CAP_TEMP_25"}
[2026-05-26 08:18:01.550 Z] [WARN] [cadence.virtuoso.ade.simulationMonitor] -     WARNING (CMI-2424): I19.I8.C1: `Voffcv' = -867.4e-03 is unusually small. {"history": "Interactive.76", "point": 27, "testname": "TRAN_VDD_PULSE", "cornername": "CMOS_RES_CAP_TEMP_25"}
[2026-05-26 08:18:01.550 Z] [WARN] [cadence.virtuoso.ade.simulationMonitor] -     WARNING (CMI-2424): I19.I14.C1: `Voffcv' = -867.4e-03 is unusually small. {"history": "Interactive.76", "point": 27, "testname": "TRAN_VDD_PULSE", "cornername": "CMOS_RES_CAP_TEMP_25"}
[2026-05-26 08:18:01.550 Z] [WARN] [cadence.virtuoso.ade.simulationMonitor] -     WARNING (CMI-2424): I19.I14.C4: `Voffcv' = -867.4e-03 is unusually small.
        Further occurrences of this warning will be suppressed. {"history": "Interactive.76", "point": 27, "testname": "TRAN_VDD_PULSE", "cornername": "CMOS_RES_CAP_TEMP_25"}
[2026-05-26 08:18:01.550 Z] [INFO] [cadence.virtuoso.ade.simulationMonitor] - Notice from spectre.
    56 warnings suppressed. {"history": "Interactive.76", "point": 27, "testname": "TRAN_VDD_PULSE", "cornername": "CMOS_RES_CAP_TEMP_25"}
[2026-05-26 08:18:01.550 Z] [WARN] [cadence.virtuoso.ade.simulationMonitor] -     WARNING (CMI-2425): I19.I2.C1: `Acde' = 2.393 is unusually large. {"history": "Interactive.76", "point": 27, "testname": "TRAN_VDD_PULSE", "cornername": "CMOS_RES_CAP_TEMP_25"}
[2026-05-26 08:18:01.550 Z] [WARN] [cadence.virtuoso.ade.simulationMonitor] -     WARNING (CMI-2425): I19.I2.C1: `Noff' = 4.732 is unusually large. {"history": "Interactive.76", "point": 27, "testname": "TRAN_VDD_PULSE", "cornername": "CMOS_RES_CAP_TEMP_25"}
[2026-05-26 08:18:01.550 Z] [WARN] [cadence.virtuoso.ade.simulationMonitor] -     WARNING (CMI-2424): I19.I2.C1: `Voffcv' = -867.4e-03 is unusually small. {"history": "Interactive.76", "point": 27, "testname": "TRAN_VDD_PULSE", "cornername": "CMOS_RES_CAP_TEMP_25"}
[2026-05-26 08:18:01.550 Z] [WARN] [cadence.virtuoso.ade.simulationMonitor] -     WARNING (CMI-2425): I19.I8.C0: `Acde' = 2.393 is unusually large. {"history": "Interactive.76", "point": 27, "testname": "TRAN_VDD_PULSE", "cornername": "CMOS_RES_CAP_TEMP_25"}
[2026-05-26 08:18:01.550 Z] [WARN] [cadence.virtuoso.ade.simulationMonitor] -     WARNING (CMI-2425): I19.I8.C0: `Noff' = 4.732 is unusually large. {"history": "Interactive.76", "point": 27, "testname": "TRAN_VDD_PULSE", "cornername": "CMOS_RES_CAP_TEMP_25"}
[2026-05-26 08:18:01.550 Z] [WARN] [cadence.virtuoso.ade.simulationMonitor] -     WARNING (CMI-2424): I19.I8.C0: `Voffcv' = -867.4e-03 is unusually small. {"history": "Interactive.76", "point": 27, "testname": "TRAN_VDD_PULSE", "cornername": "CMOS_RES_CAP_TEMP_25"}
[2026-05-26 08:18:01.550 Z] [WARN] [cadence.virtuoso.ade.simulationMonitor] -     WARNING (CMI-2425): I19.I8.C1: `Acde' = 2.393 is unusually large.
        Further occurrences of this warning will be suppressed. {"history": "Interactive.76", "point": 27, "testname": "TRAN_VDD_PULSE", "cornername": "CMOS_RES_CAP_TEMP_25"}
[2026-05-26 08:18:01.550 Z] [WARN] [cadence.virtuoso.ade.simulationMonitor] -     WARNING (CMI-2424): I19.I8.C1: `Voffcv' = -867.4e-03 is unusually small. {"history": "Interactive.76", "point": 27, "testname": "TRAN_VDD_PULSE", "cornername": "CMOS_RES_CAP_TEMP_25"}
[2026-05-26 08:18:01.550 Z] [WARN] [cadence.virtuoso.ade.simulationMonitor] -     WARNING (CMI-2424): I19.I14.C1: `Voffcv' = -867.4e-03 is unusually small. {"history": "Interactive.76", "point": 27, "testname": "TRAN_VDD_PULSE", "cornername": "CMOS_RES_CAP_TEMP_25"}
[2026-05-26 08:18:01.551 Z] [WARN] [cadence.virtuoso.ade.simulationMonitor] -     WARNING (CMI-2424): I19.I14.C4: `Voffcv' = -867.4e-03 is unusually small.
        Further occurrences of this warning will be suppressed. {"history": "Interactive.76", "point": 27, "testname": "TRAN_VDD_PULSE", "cornername": "CMOS_RES_CAP_TEMP_25"}
[2026-05-26 08:18:01.551 Z] [INFO] [cadence.virtuoso.ade.simulationMonitor] - Notice from spectre.
    59 warnings suppressed. {"history": "Interactive.76", "point": 27, "testname": "TRAN_VDD_PULSE", "cornername": "CMOS_RES_CAP_TEMP_25"}
[2026-05-26 08:18:01.551 Z] [WARN] [cadence.virtuoso.ade.simulationMonitor] -     WARNING (CMI-2425): I19.I2.C1: `Acde' = 2.393 is unusually large. {"history": "Interactive.76", "point": 27, "testname": "TRAN_VDD_PULSE", "cornername": "CMOS_RES_CAP_TEMP_25"}
[2026-05-26 08:18:01.551 Z] [WARN] [cadence.virtuoso.ade.simulationMonitor] -     WARNING (CMI-2425): I19.I2.C1: `Noff' = 4.732 is unusually large. {"history": "Interactive.76", "point": 27, "testname": "TRAN_VDD_PULSE", "cornername": "CMOS_RES_CAP_TEMP_25"}
[2026-05-26 08:18:01.551 Z] [WARN] [cadence.virtuoso.ade.simulationMonitor] -     WARNING (CMI-2424): I19.I2.C1: `Voffcv' = -867.4e-03 is unusually small. {"history": "Interactive.76", "point": 27, "testname": "TRAN_VDD_PULSE", "cornername": "CMOS_RES_CAP_TEMP_25"}
[2026-05-26 08:18:01.551 Z] [WARN] [cadence.virtuoso.ade.simulationMonitor] -     WARNING (CMI-2425): I19.I8.C0: `Acde' = 2.393 is unusually large. {"history": "Interactive.76", "point": 27, "testname": "TRAN_VDD_PULSE", "cornername": "CMOS_RES_CAP_TEMP_25"}
[2026-05-26 08:18:01.551 Z] [WARN] [cadence.virtuoso.ade.simulationMonitor] -     WARNING (CMI-2425): I19.I8.C0: `Noff' = 4.732 is unusually large. {"history": "Interactive.76", "point": 27, "testname": "TRAN_VDD_PULSE", "cornername": "CMOS_RES_CAP_TEMP_25"}
[2026-05-26 08:18:01.551 Z] [WARN] [cadence.virtuoso.ade.simulationMonitor] -     WARNING (CMI-2424): I19.I8.C0: `Voffcv' = -867.4e-03 is unusually small. {"history": "Interactive.76", "point": 27, "testname": "TRAN_VDD_PULSE", "cornername": "CMOS_RES_CAP_TEMP_25"}
[2026-05-26 08:18:01.551 Z] [WARN] [cadence.virtuoso.ade.simulationMonitor] -     WARNING (CMI-2425): I19.I8.C1: `Acde' = 2.393 is unusually large.
        Further occurrences of this warning will be suppressed. {"history": "Interactive.76", "point": 27, "testname": "TRAN_VDD_PULSE", "cornername": "CMOS_RES_CAP_TEMP_25"}
[2026-05-26 08:18:01.551 Z] [WARN] [cadence.virtuoso.ade.simulationMonitor] -     WARNING (CMI-2424): I19.I8.C1: `Voffcv' = -867.4e-03 is unusually small. {"history": "Interactive.76", "point": 27, "testname": "TRAN_VDD_PULSE", "cornername": "CMOS_RES_CAP_TEMP_25"}
[2026-05-26 08:18:01.551 Z] [WARN] [cadence.virtuoso.ade.simulationMonitor] -     WARNING (CMI-2424): I19.I14.C1: `Voffcv' = -867.4e-03 is unusually small. {"history": "Interactive.76", "point": 27, "testname": "TRAN_VDD_PULSE", "cornername": "CMOS_RES_CAP_TEMP_25"}
[2026-05-26 08:18:01.551 Z] [WARN] [cadence.virtuoso.ade.simulationMonitor] -     WARNING (CMI-2424): I19.I14.C4: `Voffcv' = -867.4e-03 is unusually small.
        Further occurrences of this warning will be suppressed. {"history": "Interactive.76", "point": 27, "testname": "TRAN_VDD_PULSE", "cornername": "CMOS_RES_CAP_TEMP_25"}
[2026-05-26 08:18:01.551 Z] [INFO] [cadence.virtuoso.ade.simulationMonitor] - Notice from spectre.
    56 warnings suppressed. {"history": "Interactive.76", "point": 27, "testname": "TRAN_VDD_PULSE", "cornername": "CMOS_RES_CAP_TEMP_25"}
[2026-05-26 08:18:01.551 Z] [WARN] [cadence.virtuoso.ade.simulationMonitor] -     WARNING (CMI-2425): I19.I2.C1: `Acde' = 2.393 is unusually large. {"history": "Interactive.76", "point": 27, "testname": "TRAN_VDD_PULSE", "cornername": "CMOS_RES_CAP_TEMP_25"}
[2026-05-26 08:18:01.551 Z] [WARN] [cadence.virtuoso.ade.simulationMonitor] -     WARNING (CMI-2425): I19.I2.C1: `Noff' = 4.732 is unusually large. {"history": "Interactive.76", "point": 27, "testname": "TRAN_VDD_PULSE", "cornername": "CMOS_RES_CAP_TEMP_25"}
[2026-05-26 08:18:01.551 Z] [WARN] [cadence.virtuoso.ade.simulationMonitor] -     WARNING (CMI-2424): I19.I2.C1: `Voffcv' = -867.4e-03 is unusually small. {"history": "Interactive.76", "point": 27, "testname": "TRAN_VDD_PULSE", "cornername": "CMOS_RES_CAP_TEMP_25"}
[2026-05-26 08:18:01.551 Z] [WARN] [cadence.virtuoso.ade.simulationMonitor] -     WARNING (CMI-2425): I19.I8.C0: `Acde' = 2.393 is unusually large. {"history": "Interactive.76", "point": 27, "testname": "TRAN_VDD_PULSE", "cornername": "CMOS_RES_CAP_TEMP_25"}
[2026-05-26 08:18:01.551 Z] [WARN] [cadence.virtuoso.ade.simulationMonitor] -     WARNING (CMI-2425): I19.I8.C0: `Noff' = 4.732 is unusually large. {"history": "Interactive.76", "point": 27, "testname": "TRAN_VDD_PULSE", "cornername": "CMOS_RES_CAP_TEMP_25"}
[2026-05-26 08:18:01.552 Z] [WARN] [cadence.virtuoso.ade.simulationMonitor] -     WARNING (CMI-2424): I19.I8.C0: `Voffcv' = -867.4e-03 is unusually small. {"history": "Interactive.76", "point": 27, "testname": "TRAN_VDD_PULSE", "cornername": "CMOS_RES_CAP_TEMP_25"}
[2026-05-26 08:18:01.552 Z] [WARN] [cadence.virtuoso.ade.simulationMonitor] -     WARNING (CMI-2425): I19.I8.C1: `Acde' = 2.393 is unusually large.
        Further occurrences of this warning will be suppressed. {"history": "Interactive.76", "point": 27, "testname": "TRAN_VDD_PULSE", "cornername": "CMOS_RES_CAP_TEMP_25"}
[2026-05-26 08:18:01.552 Z] [WARN] [cadence.virtuoso.ade.simulationMonitor] -     WARNING (CMI-2424): I19.I8.C1: `Voffcv' = -867.4e-03 is unusually small. {"history": "Interactive.76", "point": 27, "testname": "TRAN_VDD_PULSE", "cornername": "CMOS_RES_CAP_TEMP_25"}
[2026-05-26 08:18:01.552 Z] [WARN] [cadence.virtuoso.ade.simulationMonitor] -     WARNING (CMI-2424): I19.I14.C1: `Voffcv' = -867.4e-03 is unusually small. {"history": "Interactive.76", "point": 27, "testname": "TRAN_VDD_PULSE", "cornername": "CMOS_RES_CAP_TEMP_25"}
[2026-05-26 08:18:01.552 Z] [WARN] [cadence.virtuoso.ade.simulationMonitor] -     WARNING (CMI-2424): I19.I14.C4: `Voffcv' = -867.4e-03 is unusually small.
        Further occurrences of this warning will be suppressed. {"history": "Interactive.76", "point": 27, "testname": "TRAN_VDD_PULSE", "cornername": "CMOS_RES_CAP_TEMP_25"}
[2026-05-26 08:18:01.552 Z] [INFO] [cadence.virtuoso.ade.simulationMonitor] - Notice from spectre.
    56 warnings suppressed. {"history": "Interactive.76", "point": 27, "testname": "TRAN_VDD_PULSE", "cornername": "CMOS_RES_CAP_TEMP_25"}
[2026-05-26 08:18:01.552 Z] [INFO] [cadence.virtuoso.ade.simulationMonitor] - Time used: CPU = 61.3 s (1m  1.3s), elapsed = 62 s (1m  2.0s), util. = 99%. {"history": "Interactive.76", "point": 27, "testname": "TRAN_VDD_PULSE", "cornername": "CMOS_RES_CAP_TEMP_25"}
[2026-05-26 08:18:01.552 Z] [INFO] [cadence.virtuoso.ade.simulationMonitor] - Time spent in licensing: elapsed = 38 ms. {"history": "Interactive.76", "point": 27, "testname": "TRAN_VDD_PULSE", "cornername": "CMOS_RES_CAP_TEMP_25"}
[2026-05-26 08:18:01.552 Z] [INFO] [cadence.virtuoso.ade.simulationMonitor] - Peak memory used = 230 Mbytes. {"history": "Interactive.76", "point": 27, "testname": "TRAN_VDD_PULSE", "cornername": "CMOS_RES_CAP_TEMP_25"}
[2026-05-26 08:18:01.552 Z] [PROCESS] [cadence.virtuoso.ade.simulationMonitor] - Simulation started at: 8:16:59 AM, Tue May 26, 2026, ended at: 8:18:01 AM, Tue May 26, 2026, with elapsed time (wall clock): 62 s (1m  2.0s). {"history": "Interactive.76", "point": 27, "testname": "TRAN_VDD_PULSE", "cornername": "CMOS_RES_CAP_TEMP_25"}
[2026-05-26 08:18:01.552 Z] [PROCESS] [cadence.virtuoso.ade.simulationMonitor] - spectre completes with 0 errors, 98 warnings, and 33 notices. {"history": "Interactive.76", "point": 27, "testname": "TRAN_VDD_PULSE", "cornername": "CMOS_RES_CAP_TEMP_25"}
[2026-05-26 08:18:01.552 Z] [PROCESS] [cadence.virtuoso.ade.simulationMonitor] - Finished simulating for one point {"hostname": "edatools", "processid": 229994, "history": "Interactive.76", "testname": "TRAN_VDD_PULSE", "cornername": "CMOS_RES_CAP_TEMP_25", "point": 27, "logfile": "/home/saul/projects/IL2244_VT26_SAUL/logs_saul/logs0/Job39.log", "simid": "5"}
[2026-05-26 08:18:01.552 Z] [PROCESS] [cadence.virtuoso.ade.simulationMonitor] - Simulator exited {"hostname": "edatools", "processid": 229994, "history": "Interactive.76", "testname": "TRAN_VDD_PULSE", "cornername": "CMOS_RES_CAP_TEMP_25", "point": 27, "logfile": "/home/saul/projects/IL2244_VT26_SAUL/logs_saul/logs0/Job39.log", "exitStatus": "0"}
[2026-05-26 08:18:01.552 Z] [PROCESS] [cadence.virtuoso.ade.simulationMonitor] - Finished Simulation {"hostname": "edatools", "processid": 229994, "history": "Interactive.76", "testname": "TRAN_VDD_PULSE", "cornername": "CMOS_RES_CAP_TEMP_25", "point": 27, "logfile": "/home/saul/projects/IL2244_VT26_SAUL/logs_saul/logs0/Job39.log", "simid": "5"}
[2026-05-26 08:18:03.557 Z] [PROCESS] [cadence.virtuoso.ade.simulationMonitor] - Point Finished {"hostname": "edatools", "processid": 229994, "history": "Interactive.76", "testname": "TRAN_VDD_PULSE", "cornername": "CMOS_RES_CAP_TEMP_25", "point": 27, "logfile": "/home/saul/projects/IL2244_VT26_SAUL/logs_saul/logs0/Job39.log"}
[2026-05-26 08:18:03.559 Z] [PROCESS] [cadence.virtuoso.ade.simulationMonitor] - HostInfo:
Host name (type):	edatools (x86_64)
Operating system:	Linux 6.17.0-29-generic #29~24.04.1-Ubuntu SMP PREEMPT_DYNAMIC Mon May 11 10:30:58 UTC 2 {"hostname": "edatools", "processid": 229994, "history": "Interactive.76", "testname": "TRAN_VDD_PULSE", "cornername": "CMOS_RES_CAP_TEMP_25", "point": 27, "logfile": "/home/saul/projects/IL2244_VT26_SAUL/logs_saul/logs0/Job39.log", "nodename": "edatools", "domainname": "(none)", "machine": "x86_64", "sysname": "Linux", "release": "6.17.0-29-generic", "version": "#29~24.04.1-Ubuntu SMP PREEMPT_DYNAMIC Mon May 11 10:30:58 UTC 2"}
[2026-05-26 08:18:03.559 Z] [PROCESS] [cadence.virtuoso.ade.simulationMonitor] - UsageInfo:
pid=229994
totalPhysicalMemory=62.544987GB,Used=43.922039GB,totalVirtualMemory=70.544983GB,Used=43.922039GB
Cpu: Cores=16, Load average:6.130000,5.300000,4.350000 {"hostname": "edatools", "processid": 229994, "history": "Interactive.76", "testname": "TRAN_VDD_PULSE", "cornername": "CMOS_RES_CAP_TEMP_25", "point": 27, "logfile": "/home/saul/projects/IL2244_VT26_SAUL/logs_saul/logs0/Job39.log", "pid": "229994", "totalPhysicalMemory": "62.544987", "physicalMemoryUsed": "43.922039", "totalVirtualMemory": "70.544983", "virtualMemoryUsed": "43.922039", "cpuCores": "16", "processes": "1654", "loadAverage1": "6.130000", "loadAverage5": "5.300000", "loadAverage15": "4.350000", "loadAverage1Percent": "0.383125"}
[2026-05-26 08:18:03.559 Z] [EVENT] [cadence.virtuoso.ade.simulationMonitor] - NewPoint {"history": "Interactive.76", "point": 32, "testname": "TRAN_VDD_PULSE", "cornername": "CMOS_RES_CAP_TEMP_30", "event": "NewPoint", "EventSource": "Simulation Monitor", "HistoryName": "Interactive.76", "logFile": "/home/saul/projects/IL2244_VT26_SAUL/logs_saul/logs0/Job39.log", "logFileSize": "218174"}
[2026-05-26 08:18:03.660 Z] [EVENT] [cadence.virtuoso.ade.simulationMonitor] - NewPoint {"history": "Interactive.76", "point": 32, "testname": "TRAN_VDD_PULSE", "cornername": "CMOS_RES_CAP_TEMP_30", "event": "NewPoint", "EventSource": "spectre", "HistoryName": "Interactive.76", "logFile": "/home/saul/projects/IL2244_VT26_SAUL/Sim/FECG/fecg_front_end_tran_tb/maestro/results/maestro/Interactive.76/32/TRAN_VDD_PULSE/psf/spectre.out", "logFileSize": "-1"}
[2026-05-26 08:18:03.663 Z] [PROCESS] [cadence.virtuoso.ade.simulationMonitor] - Simulator launched {"hostname": "edatools", "processid": 229994, "history": "Interactive.76", "testname": "TRAN_VDD_PULSE", "cornername": "CMOS_RES_CAP_TEMP_30", "point": 32, "logfile": "/home/saul/projects/IL2244_VT26_SAUL/logs_saul/logs0/Job39.log", "simid": "6"}
[2026-05-26 08:18:03.674 Z] [PROCESS] [cadence.virtuoso.ade.simulationMonitor] - Started Simulation {"hostname": "edatools", "processid": 229994, "history": "Interactive.76", "testname": "TRAN_VDD_PULSE", "cornername": "CMOS_RES_CAP_TEMP_30", "point": 32, "logfile": "/home/saul/projects/IL2244_VT26_SAUL/logs_saul/logs0/Job39.log", "event": "started", "task": "simulation"}
[2026-05-26 08:18:04.182 Z] [INFO] [cadence.virtuoso.ade.simulationMonitor] - Notice from spectre during circuit read-in.
    Pre_Configuration file used: /opt/tools/cadence/installs/SPECTRE241/tools.lnx86/spectre/etc/configs/preset.precfg
    Configuration file used: `/opt/tools/cadence/installs/SPECTRE241/tools.lnx86/spectre/etc/configs/preset.cfg'. {"history": "Interactive.76", "point": 32, "testname": "TRAN_VDD_PULSE", "cornername": "CMOS_RES_CAP_TEMP_30"}
[2026-05-26 08:18:04.182 Z] [WARN] [cadence.virtuoso.ade.simulationMonitor] -     WARNING (SPECTRE-8360): line 1511: `ac' is an undefined primitive device. {"history": "Interactive.76", "point": 32, "testname": "TRAN_VDD_PULSE", "cornername": "CMOS_RES_CAP_TEMP_30"}
[2026-05-26 08:18:04.182 Z] [WARN] [cadence.virtuoso.ade.simulationMonitor] -     WARNING (SPECTRE-8360): line 1512: `ac' is an undefined primitive device. {"history": "Interactive.76", "point": 32, "testname": "TRAN_VDD_PULSE", "cornername": "CMOS_RES_CAP_TEMP_30"}
[2026-05-26 08:18:04.182 Z] [WARN] [cadence.virtuoso.ade.simulationMonitor] -     WARNING (SPECTRE-8360): line 1513: `ac' is an undefined primitive device. {"history": "Interactive.76", "point": 32, "testname": "TRAN_VDD_PULSE", "cornername": "CMOS_RES_CAP_TEMP_30"}
[2026-05-26 08:18:04.182 Z] [WARN] [cadence.virtuoso.ade.simulationMonitor] -     WARNING (SPECTRE-8360): line 1514: `ac' is an undefined primitive device. {"history": "Interactive.76", "point": 32, "testname": "TRAN_VDD_PULSE", "cornername": "CMOS_RES_CAP_TEMP_30"}
[2026-05-26 08:18:04.182 Z] [WARN] [cadence.virtuoso.ade.simulationMonitor] -     WARNING (SPECTRE-8360): line 1515: `ac' is an undefined primitive device.
        Further occurrences of this warning will be suppressed. {"history": "Interactive.76", "point": 32, "testname": "TRAN_VDD_PULSE", "cornername": "CMOS_RES_CAP_TEMP_30"}
[2026-05-26 08:18:04.182 Z] [INFO] [cadence.virtuoso.ade.simulationMonitor] - Peak resident memory used = 173 Mbytes. {"history": "Interactive.76", "point": 32, "testname": "TRAN_VDD_PULSE", "cornername": "CMOS_RES_CAP_TEMP_30"}
[2026-05-26 08:18:04.182 Z] [WARN] [cadence.virtuoso.ade.simulationMonitor] -     WARNING (VACOMP-2435): The environment variable CDS_AHDLCMI_ENABLE is no longer supported. Therefore, the simulator will use the default compiled C code flow. {"history": "Interactive.76", "point": 32, "testname": "TRAN_VDD_PULSE", "cornername": "CMOS_RES_CAP_TEMP_30"}
[2026-05-26 08:18:04.182 Z] [WARN] [cadence.virtuoso.ade.simulationMonitor] -     WARNING (SFE-3014): The floating device I19.I0.I5.MN14<0>_turbo_m4 is removed. {"history": "Interactive.76", "point": 32, "testname": "TRAN_VDD_PULSE", "cornername": "CMOS_RES_CAP_TEMP_30"}
[2026-05-26 08:18:04.182 Z] [WARN] [cadence.virtuoso.ade.simulationMonitor] -     WARNING (SFE-3012): The dummy device I19.I4.MP16<0>_turbo_m41 is removed. {"history": "Interactive.76", "point": 32, "testname": "TRAN_VDD_PULSE", "cornername": "CMOS_RES_CAP_TEMP_30"}
[2026-05-26 08:18:04.183 Z] [WARN] [cadence.virtuoso.ade.simulationMonitor] -     WARNING (SFE-3014): The floating device I19.I8.MN57<0>_turbo_m28 is removed. {"history": "Interactive.76", "point": 32, "testname": "TRAN_VDD_PULSE", "cornername": "CMOS_RES_CAP_TEMP_30"}
[2026-05-26 08:18:04.183 Z] [WARN] [cadence.virtuoso.ade.simulationMonitor] -     WARNING (SFE-3012): The dummy device I19.I14.MP13<0>_turbo_m4 is removed. {"history": "Interactive.76", "point": 32, "testname": "TRAN_VDD_PULSE", "cornername": "CMOS_RES_CAP_TEMP_30"}
[2026-05-26 08:18:04.183 Z] [WARN] [cadence.virtuoso.ade.simulationMonitor] -     WARNING (SFE-3031): The floating capacitor I19.I12.C10<0>_turbo_m12.C1 is removed. {"history": "Interactive.76", "point": 32, "testname": "TRAN_VDD_PULSE", "cornername": "CMOS_RES_CAP_TEMP_30"}
[2026-05-26 08:18:04.183 Z] [WARN] [cadence.virtuoso.ade.simulationMonitor] -     WARNING (SFE-3014): The floating device I19.I2.MN37<0>_turbo_m4 is removed. {"history": "Interactive.76", "point": 32, "testname": "TRAN_VDD_PULSE", "cornername": "CMOS_RES_CAP_TEMP_30"}
[2026-05-26 08:18:04.183 Z] [WARN] [cadence.virtuoso.ade.simulationMonitor] -     WARNING (SFE-3012): The dummy device I19.I0.I5.MP12<0>_turbo_m2 is removed. {"history": "Interactive.76", "point": 32, "testname": "TRAN_VDD_PULSE", "cornername": "CMOS_RES_CAP_TEMP_30"}
[2026-05-26 08:18:04.183 Z] [WARN] [cadence.virtuoso.ade.simulationMonitor] -     WARNING (SFE-3014): The floating device I19.I0.MN13<0>_turbo_m4 is removed. {"history": "Interactive.76", "point": 32, "testname": "TRAN_VDD_PULSE", "cornername": "CMOS_RES_CAP_TEMP_30"}
[2026-05-26 08:18:04.183 Z] [WARN] [cadence.virtuoso.ade.simulationMonitor] -     WARNING (SFE-3012): The dummy device I19.I0.I3.MP13<0>_turbo_m4 is removed. {"history": "Interactive.76", "point": 32, "testname": "TRAN_VDD_PULSE", "cornername": "CMOS_RES_CAP_TEMP_30"}
[2026-05-26 08:18:04.183 Z] [WARN] [cadence.virtuoso.ade.simulationMonitor] -     WARNING (SFE-3031): The floating capacitor I19.I12.C6<0>_turbo_m3.C1 is removed. {"history": "Interactive.76", "point": 32, "testname": "TRAN_VDD_PULSE", "cornername": "CMOS_RES_CAP_TEMP_30"}
[2026-05-26 08:18:04.183 Z] [WARN] [cadence.virtuoso.ade.simulationMonitor] -     WARNING (SFE-3012): The dummy device I19.I0.MP11<0>_turbo_m4 is removed.
        Further occurrences of this warning will be suppressed. {"history": "Interactive.76", "point": 32, "testname": "TRAN_VDD_PULSE", "cornername": "CMOS_RES_CAP_TEMP_30"}
[2026-05-26 08:18:04.183 Z] [WARN] [cadence.virtuoso.ade.simulationMonitor] -     WARNING (SFE-3031): The floating capacitor I19.I11.C7<0>_turbo_m3.C1 is removed. {"history": "Interactive.76", "point": 32, "testname": "TRAN_VDD_PULSE", "cornername": "CMOS_RES_CAP_TEMP_30"}
[2026-05-26 08:18:04.183 Z] [WARN] [cadence.virtuoso.ade.simulationMonitor] -     WARNING (SFE-3014): The floating device I19.I12.MN57<0>_turbo_m28 is removed.
        Further occurrences of this warning will be suppressed. {"history": "Interactive.76", "point": 32, "testname": "TRAN_VDD_PULSE", "cornername": "CMOS_RES_CAP_TEMP_30"}
[2026-05-26 08:18:04.183 Z] [WARN] [cadence.virtuoso.ade.simulationMonitor] -     WARNING (SFE-3031): The floating capacitor I19.I11.C10<0>_turbo_m12.C1 is removed. {"history": "Interactive.76", "point": 32, "testname": "TRAN_VDD_PULSE", "cornername": "CMOS_RES_CAP_TEMP_30"}
[2026-05-26 08:18:04.183 Z] [WARN] [cadence.virtuoso.ade.simulationMonitor] -     WARNING (SFE-3031): The floating capacitor I19.I12.C7<0>_turbo_m3.C1 is removed.
        Further occurrences of this warning will be suppressed. {"history": "Interactive.76", "point": 32, "testname": "TRAN_VDD_PULSE", "cornername": "CMOS_RES_CAP_TEMP_30"}
[2026-05-26 08:18:04.184 Z] [INFO] [cadence.virtuoso.ade.simulationMonitor] - Notice from spectre during hierarchy flattening.
    The value 'psf' specified for the 'checklimitdest' option will no longer be supported in future releases. Use 'spectre -h' to see other recommended values for the 'checklimitdest' option. {"history": "Interactive.76", "point": 32, "testname": "TRAN_VDD_PULSE", "cornername": "CMOS_RES_CAP_TEMP_30"}
[2026-05-26 08:18:04.184 Z] [INFO] [cadence.virtuoso.ade.simulationMonitor] - Peak resident memory used = 189 Mbytes. {"history": "Interactive.76", "point": 32, "testname": "TRAN_VDD_PULSE", "cornername": "CMOS_RES_CAP_TEMP_30"}
[2026-05-26 08:18:04.184 Z] [INFO] [cadence.virtuoso.ade.simulationMonitor] - Notice from spectre during hierarchy flattening.
    The value 'psf' specified for the 'checklimitdest' option will no longer be supported in future releases. Use 'spectre -h' to see other recommended values for the 'checklimitdest' option.
    I19.I0.R10.CS0 of rpolyhc: `c' has the unusually small value of 0 F.
    I19.I0.R10.CS1 of rpolyhc: `c' has the unusually small value of 0 F.
    I19.I0.R9.CS0 of rpolyhc: `c' has the unusually small value of 0 F.
    I19.I0.R9.CS1 of rpolyhc: `c' has the unusually ... {"history": "Interactive.76", "point": 32, "testname": "TRAN_VDD_PULSE", "cornername": "CMOS_RES_CAP_TEMP_30"}
[2026-05-26 08:18:04.184 Z] [INFO] [cadence.virtuoso.ade.simulationMonitor] - Notice from spectre during hierarchy flattening.
    V17: `period' has the unusually large value of 20 s.
    V17: `width' has the unusually large value of 19 s.
    V16: `period' has the unusually large value of 10 s.
    V16: `width' has the unusually large value of 9 s.
    V9: `period' has the unusually large value of 10 s.
        Further occurrences of this notice will be suppressed. {"history": "Interactive.76", "point": 32, "testname": "TRAN_VDD_PULSE", "cornername": "CMOS_RES_CAP_TEMP_30"}
[2026-05-26 08:18:04.184 Z] [INFO] [cadence.virtuoso.ade.simulationMonitor] - Peak resident memory used = 192 Mbytes. {"history": "Interactive.76", "point": 32, "testname": "TRAN_VDD_PULSE", "cornername": "CMOS_RES_CAP_TEMP_30"}
[2026-05-26 08:18:04.184 Z] [WARN] [cadence.virtuoso.ade.simulationMonitor] -     WARNING (CMI-2425): I19.I0.C2: `Acde' = 2.393 is unusually large. {"history": "Interactive.76", "point": 32, "testname": "TRAN_VDD_PULSE", "cornername": "CMOS_RES_CAP_TEMP_30"}
[2026-05-26 08:18:04.184 Z] [WARN] [cadence.virtuoso.ade.simulationMonitor] -     WARNING (CMI-2425): I19.I0.C2: `Noff' = 4.732 is unusually large. {"history": "Interactive.76", "point": 32, "testname": "TRAN_VDD_PULSE", "cornername": "CMOS_RES_CAP_TEMP_30"}
[2026-05-26 08:18:04.184 Z] [WARN] [cadence.virtuoso.ade.simulationMonitor] -     WARNING (CMI-2424): I19.I0.C2: `Voffcv' = -867.4e-03 is unusually small. {"history": "Interactive.76", "point": 32, "testname": "TRAN_VDD_PULSE", "cornername": "CMOS_RES_CAP_TEMP_30"}
[2026-05-26 08:18:04.184 Z] [WARN] [cadence.virtuoso.ade.simulationMonitor] -     WARNING (CMI-2425): I19.I0.C3: `Acde' = 2.393 is unusually large. {"history": "Interactive.76", "point": 32, "testname": "TRAN_VDD_PULSE", "cornername": "CMOS_RES_CAP_TEMP_30"}
[2026-05-26 08:18:04.184 Z] [WARN] [cadence.virtuoso.ade.simulationMonitor] -     WARNING (CMI-2425): I19.I0.C3: `Noff' = 4.732 is unusually large. {"history": "Interactive.76", "point": 32, "testname": "TRAN_VDD_PULSE", "cornername": "CMOS_RES_CAP_TEMP_30"}
[2026-05-26 08:18:04.184 Z] [WARN] [cadence.virtuoso.ade.simulationMonitor] -     WARNING (CMI-2424): I19.I0.C3: `Voffcv' = -867.4e-03 is unusually small. {"history": "Interactive.76", "point": 32, "testname": "TRAN_VDD_PULSE", "cornername": "CMOS_RES_CAP_TEMP_30"}
[2026-05-26 08:18:04.184 Z] [WARN] [cadence.virtuoso.ade.simulationMonitor] -     WARNING (CMI-2425): I19.I0.C0: `Acde' = 2.393 is unusually large.
        Further occurrences of this warning will be suppressed. {"history": "Interactive.76", "point": 32, "testname": "TRAN_VDD_PULSE", "cornername": "CMOS_RES_CAP_TEMP_30"}
[2026-05-26 08:18:04.184 Z] [WARN] [cadence.virtuoso.ade.simulationMonitor] -     WARNING (CMI-2424): I19.I0.C0: `Voffcv' = -867.4e-03 is unusually small. {"history": "Interactive.76", "point": 32, "testname": "TRAN_VDD_PULSE", "cornername": "CMOS_RES_CAP_TEMP_30"}
[2026-05-26 08:18:04.185 Z] [WARN] [cadence.virtuoso.ade.simulationMonitor] -     WARNING (CMI-2424): I19.I0.I3.C1: `Voffcv' = -867.4e-03 is unusually small. {"history": "Interactive.76", "point": 32, "testname": "TRAN_VDD_PULSE", "cornername": "CMOS_RES_CAP_TEMP_30"}
[2026-05-26 08:18:04.185 Z] [WARN] [cadence.virtuoso.ade.simulationMonitor] -     WARNING (CMI-2424): I19.I0.C1<0>_turbo_m5: `Voffcv' = -867.4e-03 is unusually small.
        Further occurrences of this warning will be suppressed. {"history": "Interactive.76", "point": 32, "testname": "TRAN_VDD_PULSE", "cornername": "CMOS_RES_CAP_TEMP_30"}
[2026-05-26 08:18:04.185 Z] [WARN] [cadence.virtuoso.ade.simulationMonitor] -     WARNING (SPECTRE-17607): Assert `SOAC_rpolyh_vminuspsub' is ignored because it contains an expression which is invalid or not supported by native evaluator.  {"history": "Interactive.76", "point": 32, "testname": "TRAN_VDD_PULSE", "cornername": "CMOS_RES_CAP_TEMP_30"}
[2026-05-26 08:18:04.185 Z] [WARN] [cadence.virtuoso.ade.simulationMonitor] -     WARNING (SPECTRE-17607): Assert `SOAC_rpolyh_vpluspsub' is ignored because it contains an expression which is invalid or not supported by native evaluator.  {"history": "Interactive.76", "point": 32, "testname": "TRAN_VDD_PULSE", "cornername": "CMOS_RES_CAP_TEMP_30"}
[2026-05-26 08:18:04.185 Z] [WARN] [cadence.virtuoso.ade.simulationMonitor] -     WARNING (SPECTRE-16460): SOAC_cvarm_vspsub:Specified subcircuit master `cvarm' was not found. {"history": "Interactive.76", "point": 32, "testname": "TRAN_VDD_PULSE", "cornername": "CMOS_RES_CAP_TEMP_30"}
[2026-05-26 08:18:04.185 Z] [WARN] [cadence.virtuoso.ade.simulationMonitor] -     WARNING (SPECTRE-16462): SOAC_cvarm_vspsub:Error in specification of subcircuit master. Assert is ignored. {"history": "Interactive.76", "point": 32, "testname": "TRAN_VDD_PULSE", "cornername": "CMOS_RES_CAP_TEMP_30"}
[2026-05-26 08:18:04.185 Z] [WARN] [cadence.virtuoso.ade.simulationMonitor] -     WARNING (SPECTRE-16460): SOAC_cvarm_vbs:Specified subcircuit master `cvarm' was not found. {"history": "Interactive.76", "point": 32, "testname": "TRAN_VDD_PULSE", "cornername": "CMOS_RES_CAP_TEMP_30"}
[2026-05-26 08:18:04.185 Z] [WARN] [cadence.virtuoso.ade.simulationMonitor] -     WARNING (SPECTRE-16462): SOAC_cvarm_vbs:Error in specification of subcircuit master. Assert is ignored. {"history": "Interactive.76", "point": 32, "testname": "TRAN_VDD_PULSE", "cornername": "CMOS_RES_CAP_TEMP_30"}
[2026-05-26 08:18:04.185 Z] [WARN] [cadence.virtuoso.ade.simulationMonitor] -     WARNING (SPECTRE-16460): SOAC_cvarm_vgb:Specified subcircuit master `cvarm' was not found. {"history": "Interactive.76", "point": 32, "testname": "TRAN_VDD_PULSE", "cornername": "CMOS_RES_CAP_TEMP_30"}
[2026-05-26 08:18:04.185 Z] [WARN] [cadence.virtuoso.ade.simulationMonitor] -     WARNING (SPECTRE-16462): SOAC_cvarm_vgb:Error in specification of subcircuit master. Assert is ignored. {"history": "Interactive.76", "point": 32, "testname": "TRAN_VDD_PULSE", "cornername": "CMOS_RES_CAP_TEMP_30"}
[2026-05-26 08:18:04.185 Z] [WARN] [cadence.virtuoso.ade.simulationMonitor] -     WARNING (SPECTRE-16460): SOAC_cvart_vspsub:Specified subcircuit master `cvart' was not found. {"history": "Interactive.76", "point": 32, "testname": "TRAN_VDD_PULSE", "cornername": "CMOS_RES_CAP_TEMP_30"}
[2026-05-26 08:18:04.185 Z] [WARN] [cadence.virtuoso.ade.simulationMonitor] -     WARNING (SPECTRE-16462): SOAC_cvart_vspsub:Error in specification of subcircuit master. Assert is ignored. {"history": "Interactive.76", "point": 32, "testname": "TRAN_VDD_PULSE", "cornername": "CMOS_RES_CAP_TEMP_30"}
[2026-05-26 08:18:04.185 Z] [WARN] [cadence.virtuoso.ade.simulationMonitor] -     WARNING (SPECTRE-16460): SOAC_cvart_vbs:Specified subcircuit master `cvart' was not found.
        Further occurrences of this warning will be suppressed. {"history": "Interactive.76", "point": 32, "testname": "TRAN_VDD_PULSE", "cornername": "CMOS_RES_CAP_TEMP_30"}
[2026-05-26 08:18:04.185 Z] [WARN] [cadence.virtuoso.ade.simulationMonitor] -     WARNING (SPECTRE-16462): SOAC_cvart_vbs:Error in specification of subcircuit master. Assert is ignored.
        Further occurrences of this warning will be suppressed. {"history": "Interactive.76", "point": 32, "testname": "TRAN_VDD_PULSE", "cornername": "CMOS_RES_CAP_TEMP_30"}
[2026-05-26 08:18:04.186 Z] [WARN] [cadence.virtuoso.ade.simulationMonitor] -     WARNING (SPECTRE-17607): Assert `SOAC_cvar_vspsub' is ignored because it contains an expression which is invalid or not supported by native evaluator.  {"history": "Interactive.76", "point": 32, "testname": "TRAN_VDD_PULSE", "cornername": "CMOS_RES_CAP_TEMP_30"}
[2026-05-26 08:18:04.186 Z] [WARN] [cadence.virtuoso.ade.simulationMonitor] -     WARNING (SPECTRE-17607): Assert `SOAC_cvar_vbpsub' is ignored because it contains an expression which is invalid or not supported by native evaluator.  {"history": "Interactive.76", "point": 32, "testname": "TRAN_VDD_PULSE", "cornername": "CMOS_RES_CAP_TEMP_30"}
[2026-05-26 08:18:04.186 Z] [WARN] [cadence.virtuoso.ade.simulationMonitor] -     WARNING (SPECTRE-17607): Assert `SOAC_cvar_vgpsub' is ignored because it contains an expression which is invalid or not supported by native evaluator. 
        Further occurrences of this warning will be suppressed. {"history": "Interactive.76", "point": 32, "testname": "TRAN_VDD_PULSE", "cornername": "CMOS_RES_CAP_TEMP_30"}
[2026-05-26 08:18:04.686 Z] [INFO] [cadence.virtuoso.ade.simulationMonitor] - Notice from spectre during topology check.
    No DC path from node `net19' to ground, Gmin installed to provide path. {"history": "Interactive.76", "point": 32, "testname": "TRAN_VDD_PULSE", "cornername": "CMOS_RES_CAP_TEMP_30"}
[2026-05-26 08:18:04.686 Z] [INFO] [cadence.virtuoso.ade.simulationMonitor] - Notice from spectre during initial setup.
    Multithreading is disabled due to the size of the design being too small. {"history": "Interactive.76", "point": 32, "testname": "TRAN_VDD_PULSE", "cornername": "CMOS_RES_CAP_TEMP_30"}
[2026-05-26 08:18:04.686 Z] [WARN] [cadence.virtuoso.ade.simulationMonitor] -     WARNING (SPECTRE-592): Following parameters are disabled because they are ignored or redefined in Spectre X:
        Option Parameters:
          reltol
        
         {"history": "Interactive.76", "point": 32, "testname": "TRAN_VDD_PULSE", "cornername": "CMOS_RES_CAP_TEMP_30"}
[2026-05-26 08:18:04.686 Z] [INFO] [cadence.virtuoso.ade.simulationMonitor] -               nodes 784 {"history": "Interactive.76", "point": 32, "testname": "TRAN_VDD_PULSE", "cornername": "CMOS_RES_CAP_TEMP_30"}
[2026-05-26 08:18:04.686 Z] [INFO] [cadence.virtuoso.ade.simulationMonitor] - Notice from spectre during initial setup.
    4 vsources are shorted because their absolute value is less than or equal to 'vabsshort'.
    Spectre X preset=vx enabled.
    18 notices suppressed.
    154 warnings suppressed. {"history": "Interactive.76", "point": 32, "testname": "TRAN_VDD_PULSE", "cornername": "CMOS_RES_CAP_TEMP_30"}
[2026-05-26 08:18:04.686 Z] [INFO] [cadence.virtuoso.ade.simulationMonitor] - Peak resident memory used = 213 Mbytes. {"history": "Interactive.76", "point": 32, "testname": "TRAN_VDD_PULSE", "cornername": "CMOS_RES_CAP_TEMP_30"}
[2026-05-26 08:18:04.687 Z] [INFO] [cadence.virtuoso.ade.simulationMonitor] -    -   (Spectre X) Multi-threading. The recommended number of threads is 1, consider adding +mt=1 on command line. {"history": "Interactive.76", "point": 32, "testname": "TRAN_VDD_PULSE", "cornername": "CMOS_RES_CAP_TEMP_30"}
[2026-05-26 08:18:04.687 Z] [INFO] [cadence.virtuoso.ade.simulationMonitor] - Notice from spectre during DC analysis `dcOp'.
    No checklimit analysis defined for asserts. A default checklimit analysis 'SpectreChecklimitAnal' has been created with all asserts enabled. {"history": "Interactive.76", "point": 32, "testname": "TRAN_VDD_PULSE", "cornername": "CMOS_RES_CAP_TEMP_30"}
[2026-05-26 08:18:04.687 Z] [INFO] [cadence.virtuoso.ade.simulationMonitor] - Notice from spectre during DC analysis `dcOp'.
    GminDC = 1 pS is large enough to noticeably affect the DC solution.
        dV(I19.I2.C1.d1) = 1.67296 mV
        Use the `gmin_check' option to eliminate or expand this report.
    Bad pivoting is found during DC analysis. Option dc_pivot_check=yes is recommended for possible improvement of convergence. {"history": "Interactive.76", "point": 32, "testname": "TRAN_VDD_PULSE", "cornername": "CMOS_RES_CAP_TEMP_30"}
[2026-05-26 08:18:04.687 Z] [WARN] [cadence.virtuoso.ade.simulationMonitor] -     WARNING (CMI-2943): Parameter checks have been ignored because the valid value for parameter 'trise' could not be found in 'C0'. {"history": "Interactive.76", "point": 32, "testname": "TRAN_VDD_PULSE", "cornername": "CMOS_RES_CAP_TEMP_30"}
[2026-05-26 08:18:04.687 Z] [WARN] [cadence.virtuoso.ade.simulationMonitor] -     WARNING (CMI-2943): Parameter checks have been ignored because the valid value for parameter 'trise' could not be found in 'C3'. {"history": "Interactive.76", "point": 32, "testname": "TRAN_VDD_PULSE", "cornername": "CMOS_RES_CAP_TEMP_30"}
[2026-05-26 08:18:04.687 Z] [WARN] [cadence.virtuoso.ade.simulationMonitor] -     WARNING (CMI-2943): Parameter checks have been ignored because the valid value for parameter 'trise' could not be found in 'C4'. {"history": "Interactive.76", "point": 32, "testname": "TRAN_VDD_PULSE", "cornername": "CMOS_RES_CAP_TEMP_30"}
[2026-05-26 08:18:04.687 Z] [WARN] [cadence.virtuoso.ade.simulationMonitor] -     WARNING (CMI-2943): Parameter checks have been ignored because the valid value for parameter 'trise' could not be found in 'C5'. {"history": "Interactive.76", "point": 32, "testname": "TRAN_VDD_PULSE", "cornername": "CMOS_RES_CAP_TEMP_30"}
[2026-05-26 08:18:04.687 Z] [WARN] [cadence.virtuoso.ade.simulationMonitor] -     WARNING (CMI-2943): Parameter checks have been ignored because the valid value for parameter 'trise' could not be found in 'I19.I4.C9<0>_turbo_m6.C1'.
        Further occurrences of this warning will be suppressed. {"history": "Interactive.76", "point": 32, "testname": "TRAN_VDD_PULSE", "cornername": "CMOS_RES_CAP_TEMP_30"}
[2026-05-26 08:18:04.687 Z] [INFO] [cadence.virtuoso.ade.simulationMonitor] - Total time required for dc analysis `dcOp': CPU = 61.353 ms, elapsed = 81.785 ms, util. = 75%. {"history": "Interactive.76", "point": 32, "testname": "TRAN_VDD_PULSE", "cornername": "CMOS_RES_CAP_TEMP_30"}
[2026-05-26 08:18:04.687 Z] [INFO] [cadence.virtuoso.ade.simulationMonitor] - Peak resident memory used = 223 Mbytes. {"history": "Interactive.76", "point": 32, "testname": "TRAN_VDD_PULSE", "cornername": "CMOS_RES_CAP_TEMP_30"}
[2026-05-26 08:18:04.687 Z] [INFO] [cadence.virtuoso.ade.simulationMonitor] - Notice from spectre.
    308 warnings suppressed. {"history": "Interactive.76", "point": 32, "testname": "TRAN_VDD_PULSE", "cornername": "CMOS_RES_CAP_TEMP_30"}
[2026-05-26 08:18:04.687 Z] [INFO] [cadence.virtuoso.ade.simulationMonitor] - Notice from spectre during IC analysis, during transient analysis `tran'.
    GminDC = 1 pS is large enough to noticeably affect the DC solution.
        dV(I19.I2.C1.d1) = 1.67296 mV
        Use the `gmin_check' option to eliminate or expand this report.
    Bad pivoting is found during DC analysis. Option dc_pivot_check=yes is recommended for possible improvement of convergence. {"history": "Interactive.76", "point": 32, "testname": "TRAN_VDD_PULSE", "cornername": "CMOS_RES_CAP_TEMP_30"}
[2026-05-26 08:18:04.687 Z] [WARN] [cadence.virtuoso.ade.simulationMonitor] -     WARNING (CMI-2943): Parameter checks have been ignored because the valid value for parameter 'trise' could not be found in 'C0'. {"history": "Interactive.76", "point": 32, "testname": "TRAN_VDD_PULSE", "cornername": "CMOS_RES_CAP_TEMP_30"}
[2026-05-26 08:18:04.687 Z] [WARN] [cadence.virtuoso.ade.simulationMonitor] -     WARNING (CMI-2943): Parameter checks have been ignored because the valid value for parameter 'trise' could not be found in 'C3'. {"history": "Interactive.76", "point": 32, "testname": "TRAN_VDD_PULSE", "cornername": "CMOS_RES_CAP_TEMP_30"}
[2026-05-26 08:18:04.688 Z] [WARN] [cadence.virtuoso.ade.simulationMonitor] -     WARNING (CMI-2943): Parameter checks have been ignored because the valid value for parameter 'trise' could not be found in 'C4'. {"history": "Interactive.76", "point": 32, "testname": "TRAN_VDD_PULSE", "cornername": "CMOS_RES_CAP_TEMP_30"}
[2026-05-26 08:18:04.688 Z] [WARN] [cadence.virtuoso.ade.simulationMonitor] -     WARNING (CMI-2943): Parameter checks have been ignored because the valid value for parameter 'trise' could not be found in 'C5'. {"history": "Interactive.76", "point": 32, "testname": "TRAN_VDD_PULSE", "cornername": "CMOS_RES_CAP_TEMP_30"}
[2026-05-26 08:18:04.688 Z] [WARN] [cadence.virtuoso.ade.simulationMonitor] -     WARNING (CMI-2943): Parameter checks have been ignored because the valid value for parameter 'trise' could not be found in 'I19.I4.C9<0>_turbo_m6.C1'.
        Further occurrences of this warning will be suppressed. {"history": "Interactive.76", "point": 32, "testname": "TRAN_VDD_PULSE", "cornername": "CMOS_RES_CAP_TEMP_30"}
[2026-05-26 08:18:04.688 Z] [INFO] [cadence.virtuoso.ade.simulationMonitor] - Notice from spectre during transient analysis `tran'.
    Output compression for transient analysis is enabled. {"history": "Interactive.76", "point": 32, "testname": "TRAN_VDD_PULSE", "cornername": "CMOS_RES_CAP_TEMP_30"}
[2026-05-26 08:18:04.688 Z] [INFO] [cadence.virtuoso.ade.simulationMonitor] - Notice from spectre during transient analysis `tran'.
    Multithreading is disabled due to the size of the design being too small. {"history": "Interactive.76", "point": 32, "testname": "TRAN_VDD_PULSE", "cornername": "CMOS_RES_CAP_TEMP_30"}
[2026-05-26 08:19:10.704 Z] [INFO] [cadence.virtuoso.ade.simulationMonitor] - Total time required for tran analysis `tran': CPU = 65.6862 s (1m  5.7s), elapsed = 65.7851 s (1m  5.8s), util. = 99.8%. {"history": "Interactive.76", "point": 32, "testname": "TRAN_VDD_PULSE", "cornername": "CMOS_RES_CAP_TEMP_30"}
[2026-05-26 08:19:10.705 Z] [INFO] [cadence.virtuoso.ade.simulationMonitor] - Peak resident memory used = 230 Mbytes. {"history": "Interactive.76", "point": 32, "testname": "TRAN_VDD_PULSE", "cornername": "CMOS_RES_CAP_TEMP_30"}
[2026-05-26 08:19:10.705 Z] [INFO] [cadence.virtuoso.ade.simulationMonitor] - Notice from spectre.
    308 warnings suppressed. {"history": "Interactive.76", "point": 32, "testname": "TRAN_VDD_PULSE", "cornername": "CMOS_RES_CAP_TEMP_30"}
[2026-05-26 08:19:10.706 Z] [WARN] [cadence.virtuoso.ade.simulationMonitor] -     WARNING (CMI-2425): I19.I2.C1: `Acde' = 2.393 is unusually large. {"history": "Interactive.76", "point": 32, "testname": "TRAN_VDD_PULSE", "cornername": "CMOS_RES_CAP_TEMP_30"}
[2026-05-26 08:19:10.706 Z] [WARN] [cadence.virtuoso.ade.simulationMonitor] -     WARNING (CMI-2425): I19.I2.C1: `Noff' = 4.732 is unusually large. {"history": "Interactive.76", "point": 32, "testname": "TRAN_VDD_PULSE", "cornername": "CMOS_RES_CAP_TEMP_30"}
[2026-05-26 08:19:10.706 Z] [WARN] [cadence.virtuoso.ade.simulationMonitor] -     WARNING (CMI-2424): I19.I2.C1: `Voffcv' = -867.4e-03 is unusually small. {"history": "Interactive.76", "point": 32, "testname": "TRAN_VDD_PULSE", "cornername": "CMOS_RES_CAP_TEMP_30"}
[2026-05-26 08:19:10.707 Z] [WARN] [cadence.virtuoso.ade.simulationMonitor] -     WARNING (CMI-2425): I19.I8.C0: `Acde' = 2.393 is unusually large. {"history": "Interactive.76", "point": 32, "testname": "TRAN_VDD_PULSE", "cornername": "CMOS_RES_CAP_TEMP_30"}
[2026-05-26 08:19:10.707 Z] [WARN] [cadence.virtuoso.ade.simulationMonitor] -     WARNING (CMI-2425): I19.I8.C0: `Noff' = 4.732 is unusually large. {"history": "Interactive.76", "point": 32, "testname": "TRAN_VDD_PULSE", "cornername": "CMOS_RES_CAP_TEMP_30"}
[2026-05-26 08:19:10.708 Z] [WARN] [cadence.virtuoso.ade.simulationMonitor] -     WARNING (CMI-2424): I19.I8.C0: `Voffcv' = -867.4e-03 is unusually small. {"history": "Interactive.76", "point": 32, "testname": "TRAN_VDD_PULSE", "cornername": "CMOS_RES_CAP_TEMP_30"}
[2026-05-26 08:19:10.708 Z] [WARN] [cadence.virtuoso.ade.simulationMonitor] -     WARNING (CMI-2425): I19.I8.C1: `Acde' = 2.393 is unusually large.
        Further occurrences of this warning will be suppressed. {"history": "Interactive.76", "point": 32, "testname": "TRAN_VDD_PULSE", "cornername": "CMOS_RES_CAP_TEMP_30"}
[2026-05-26 08:19:10.708 Z] [WARN] [cadence.virtuoso.ade.simulationMonitor] -     WARNING (CMI-2424): I19.I8.C1: `Voffcv' = -867.4e-03 is unusually small. {"history": "Interactive.76", "point": 32, "testname": "TRAN_VDD_PULSE", "cornername": "CMOS_RES_CAP_TEMP_30"}
[2026-05-26 08:19:10.709 Z] [WARN] [cadence.virtuoso.ade.simulationMonitor] -     WARNING (CMI-2424): I19.I14.C1: `Voffcv' = -867.4e-03 is unusually small. {"history": "Interactive.76", "point": 32, "testname": "TRAN_VDD_PULSE", "cornername": "CMOS_RES_CAP_TEMP_30"}
[2026-05-26 08:19:10.709 Z] [WARN] [cadence.virtuoso.ade.simulationMonitor] -     WARNING (CMI-2424): I19.I14.C4: `Voffcv' = -867.4e-03 is unusually small.
        Further occurrences of this warning will be suppressed. {"history": "Interactive.76", "point": 32, "testname": "TRAN_VDD_PULSE", "cornername": "CMOS_RES_CAP_TEMP_30"}
[2026-05-26 08:19:10.709 Z] [INFO] [cadence.virtuoso.ade.simulationMonitor] - Notice from spectre.
    56 warnings suppressed. {"history": "Interactive.76", "point": 32, "testname": "TRAN_VDD_PULSE", "cornername": "CMOS_RES_CAP_TEMP_30"}
[2026-05-26 08:19:10.710 Z] [WARN] [cadence.virtuoso.ade.simulationMonitor] -     WARNING (CMI-2425): I19.I2.C1: `Acde' = 2.393 is unusually large. {"history": "Interactive.76", "point": 32, "testname": "TRAN_VDD_PULSE", "cornername": "CMOS_RES_CAP_TEMP_30"}
[2026-05-26 08:19:10.710 Z] [WARN] [cadence.virtuoso.ade.simulationMonitor] -     WARNING (CMI-2425): I19.I2.C1: `Noff' = 4.732 is unusually large. {"history": "Interactive.76", "point": 32, "testname": "TRAN_VDD_PULSE", "cornername": "CMOS_RES_CAP_TEMP_30"}
[2026-05-26 08:19:10.710 Z] [WARN] [cadence.virtuoso.ade.simulationMonitor] -     WARNING (CMI-2424): I19.I2.C1: `Voffcv' = -867.4e-03 is unusually small. {"history": "Interactive.76", "point": 32, "testname": "TRAN_VDD_PULSE", "cornername": "CMOS_RES_CAP_TEMP_30"}
[2026-05-26 08:19:10.711 Z] [WARN] [cadence.virtuoso.ade.simulationMonitor] -     WARNING (CMI-2425): I19.I8.C0: `Acde' = 2.393 is unusually large. {"history": "Interactive.76", "point": 32, "testname": "TRAN_VDD_PULSE", "cornername": "CMOS_RES_CAP_TEMP_30"}
[2026-05-26 08:19:10.711 Z] [WARN] [cadence.virtuoso.ade.simulationMonitor] -     WARNING (CMI-2425): I19.I8.C0: `Noff' = 4.732 is unusually large. {"history": "Interactive.76", "point": 32, "testname": "TRAN_VDD_PULSE", "cornername": "CMOS_RES_CAP_TEMP_30"}
[2026-05-26 08:19:10.711 Z] [WARN] [cadence.virtuoso.ade.simulationMonitor] -     WARNING (CMI-2424): I19.I8.C0: `Voffcv' = -867.4e-03 is unusually small. {"history": "Interactive.76", "point": 32, "testname": "TRAN_VDD_PULSE", "cornername": "CMOS_RES_CAP_TEMP_30"}
[2026-05-26 08:19:10.711 Z] [WARN] [cadence.virtuoso.ade.simulationMonitor] -     WARNING (CMI-2425): I19.I8.C1: `Acde' = 2.393 is unusually large.
        Further occurrences of this warning will be suppressed. {"history": "Interactive.76", "point": 32, "testname": "TRAN_VDD_PULSE", "cornername": "CMOS_RES_CAP_TEMP_30"}
[2026-05-26 08:19:10.712 Z] [WARN] [cadence.virtuoso.ade.simulationMonitor] -     WARNING (CMI-2424): I19.I8.C1: `Voffcv' = -867.4e-03 is unusually small. {"history": "Interactive.76", "point": 32, "testname": "TRAN_VDD_PULSE", "cornername": "CMOS_RES_CAP_TEMP_30"}
[2026-05-26 08:19:10.712 Z] [WARN] [cadence.virtuoso.ade.simulationMonitor] -     WARNING (CMI-2424): I19.I14.C1: `Voffcv' = -867.4e-03 is unusually small. {"history": "Interactive.76", "point": 32, "testname": "TRAN_VDD_PULSE", "cornername": "CMOS_RES_CAP_TEMP_30"}
[2026-05-26 08:19:10.713 Z] [WARN] [cadence.virtuoso.ade.simulationMonitor] -     WARNING (CMI-2424): I19.I14.C4: `Voffcv' = -867.4e-03 is unusually small.
        Further occurrences of this warning will be suppressed. {"history": "Interactive.76", "point": 32, "testname": "TRAN_VDD_PULSE", "cornername": "CMOS_RES_CAP_TEMP_30"}
[2026-05-26 08:19:10.713 Z] [INFO] [cadence.virtuoso.ade.simulationMonitor] - Notice from spectre.
    59 warnings suppressed. {"history": "Interactive.76", "point": 32, "testname": "TRAN_VDD_PULSE", "cornername": "CMOS_RES_CAP_TEMP_30"}
[2026-05-26 08:19:10.713 Z] [WARN] [cadence.virtuoso.ade.simulationMonitor] -     WARNING (CMI-2425): I19.I2.C1: `Acde' = 2.393 is unusually large. {"history": "Interactive.76", "point": 32, "testname": "TRAN_VDD_PULSE", "cornername": "CMOS_RES_CAP_TEMP_30"}
[2026-05-26 08:19:10.713 Z] [WARN] [cadence.virtuoso.ade.simulationMonitor] -     WARNING (CMI-2425): I19.I2.C1: `Noff' = 4.732 is unusually large. {"history": "Interactive.76", "point": 32, "testname": "TRAN_VDD_PULSE", "cornername": "CMOS_RES_CAP_TEMP_30"}
[2026-05-26 08:19:10.713 Z] [WARN] [cadence.virtuoso.ade.simulationMonitor] -     WARNING (CMI-2424): I19.I2.C1: `Voffcv' = -867.4e-03 is unusually small. {"history": "Interactive.76", "point": 32, "testname": "TRAN_VDD_PULSE", "cornername": "CMOS_RES_CAP_TEMP_30"}
[2026-05-26 08:19:10.713 Z] [WARN] [cadence.virtuoso.ade.simulationMonitor] -     WARNING (CMI-2425): I19.I8.C0: `Acde' = 2.393 is unusually large. {"history": "Interactive.76", "point": 32, "testname": "TRAN_VDD_PULSE", "cornername": "CMOS_RES_CAP_TEMP_30"}
[2026-05-26 08:19:10.713 Z] [WARN] [cadence.virtuoso.ade.simulationMonitor] -     WARNING (CMI-2425): I19.I8.C0: `Noff' = 4.732 is unusually large. {"history": "Interactive.76", "point": 32, "testname": "TRAN_VDD_PULSE", "cornername": "CMOS_RES_CAP_TEMP_30"}
[2026-05-26 08:19:10.714 Z] [WARN] [cadence.virtuoso.ade.simulationMonitor] -     WARNING (CMI-2424): I19.I8.C0: `Voffcv' = -867.4e-03 is unusually small. {"history": "Interactive.76", "point": 32, "testname": "TRAN_VDD_PULSE", "cornername": "CMOS_RES_CAP_TEMP_30"}
[2026-05-26 08:19:10.714 Z] [WARN] [cadence.virtuoso.ade.simulationMonitor] -     WARNING (CMI-2425): I19.I8.C1: `Acde' = 2.393 is unusually large.
        Further occurrences of this warning will be suppressed. {"history": "Interactive.76", "point": 32, "testname": "TRAN_VDD_PULSE", "cornername": "CMOS_RES_CAP_TEMP_30"}
[2026-05-26 08:19:10.714 Z] [WARN] [cadence.virtuoso.ade.simulationMonitor] -     WARNING (CMI-2424): I19.I8.C1: `Voffcv' = -867.4e-03 is unusually small. {"history": "Interactive.76", "point": 32, "testname": "TRAN_VDD_PULSE", "cornername": "CMOS_RES_CAP_TEMP_30"}
[2026-05-26 08:19:10.714 Z] [WARN] [cadence.virtuoso.ade.simulationMonitor] -     WARNING (CMI-2424): I19.I14.C1: `Voffcv' = -867.4e-03 is unusually small. {"history": "Interactive.76", "point": 32, "testname": "TRAN_VDD_PULSE", "cornername": "CMOS_RES_CAP_TEMP_30"}
[2026-05-26 08:19:10.714 Z] [WARN] [cadence.virtuoso.ade.simulationMonitor] -     WARNING (CMI-2424): I19.I14.C4: `Voffcv' = -867.4e-03 is unusually small.
        Further occurrences of this warning will be suppressed. {"history": "Interactive.76", "point": 32, "testname": "TRAN_VDD_PULSE", "cornername": "CMOS_RES_CAP_TEMP_30"}
[2026-05-26 08:19:10.714 Z] [INFO] [cadence.virtuoso.ade.simulationMonitor] - Notice from spectre.
    56 warnings suppressed. {"history": "Interactive.76", "point": 32, "testname": "TRAN_VDD_PULSE", "cornername": "CMOS_RES_CAP_TEMP_30"}
[2026-05-26 08:19:10.714 Z] [WARN] [cadence.virtuoso.ade.simulationMonitor] -     WARNING (CMI-2425): I19.I2.C1: `Acde' = 2.393 is unusually large. {"history": "Interactive.76", "point": 32, "testname": "TRAN_VDD_PULSE", "cornername": "CMOS_RES_CAP_TEMP_30"}
[2026-05-26 08:19:10.714 Z] [WARN] [cadence.virtuoso.ade.simulationMonitor] -     WARNING (CMI-2425): I19.I2.C1: `Noff' = 4.732 is unusually large. {"history": "Interactive.76", "point": 32, "testname": "TRAN_VDD_PULSE", "cornername": "CMOS_RES_CAP_TEMP_30"}
[2026-05-26 08:19:10.714 Z] [WARN] [cadence.virtuoso.ade.simulationMonitor] -     WARNING (CMI-2424): I19.I2.C1: `Voffcv' = -867.4e-03 is unusually small. {"history": "Interactive.76", "point": 32, "testname": "TRAN_VDD_PULSE", "cornername": "CMOS_RES_CAP_TEMP_30"}
[2026-05-26 08:19:10.714 Z] [WARN] [cadence.virtuoso.ade.simulationMonitor] -     WARNING (CMI-2425): I19.I8.C0: `Acde' = 2.393 is unusually large. {"history": "Interactive.76", "point": 32, "testname": "TRAN_VDD_PULSE", "cornername": "CMOS_RES_CAP_TEMP_30"}
[2026-05-26 08:19:10.714 Z] [WARN] [cadence.virtuoso.ade.simulationMonitor] -     WARNING (CMI-2425): I19.I8.C0: `Noff' = 4.732 is unusually large. {"history": "Interactive.76", "point": 32, "testname": "TRAN_VDD_PULSE", "cornername": "CMOS_RES_CAP_TEMP_30"}
[2026-05-26 08:19:10.714 Z] [WARN] [cadence.virtuoso.ade.simulationMonitor] -     WARNING (CMI-2424): I19.I8.C0: `Voffcv' = -867.4e-03 is unusually small. {"history": "Interactive.76", "point": 32, "testname": "TRAN_VDD_PULSE", "cornername": "CMOS_RES_CAP_TEMP_30"}
[2026-05-26 08:19:10.714 Z] [WARN] [cadence.virtuoso.ade.simulationMonitor] -     WARNING (CMI-2425): I19.I8.C1: `Acde' = 2.393 is unusually large.
        Further occurrences of this warning will be suppressed. {"history": "Interactive.76", "point": 32, "testname": "TRAN_VDD_PULSE", "cornername": "CMOS_RES_CAP_TEMP_30"}
[2026-05-26 08:19:10.714 Z] [WARN] [cadence.virtuoso.ade.simulationMonitor] -     WARNING (CMI-2424): I19.I8.C1: `Voffcv' = -867.4e-03 is unusually small. {"history": "Interactive.76", "point": 32, "testname": "TRAN_VDD_PULSE", "cornername": "CMOS_RES_CAP_TEMP_30"}
[2026-05-26 08:19:10.714 Z] [WARN] [cadence.virtuoso.ade.simulationMonitor] -     WARNING (CMI-2424): I19.I14.C1: `Voffcv' = -867.4e-03 is unusually small. {"history": "Interactive.76", "point": 32, "testname": "TRAN_VDD_PULSE", "cornername": "CMOS_RES_CAP_TEMP_30"}
[2026-05-26 08:19:10.714 Z] [WARN] [cadence.virtuoso.ade.simulationMonitor] -     WARNING (CMI-2424): I19.I14.C4: `Voffcv' = -867.4e-03 is unusually small.
        Further occurrences of this warning will be suppressed. {"history": "Interactive.76", "point": 32, "testname": "TRAN_VDD_PULSE", "cornername": "CMOS_RES_CAP_TEMP_30"}
[2026-05-26 08:19:10.714 Z] [INFO] [cadence.virtuoso.ade.simulationMonitor] - Notice from spectre.
    56 warnings suppressed. {"history": "Interactive.76", "point": 32, "testname": "TRAN_VDD_PULSE", "cornername": "CMOS_RES_CAP_TEMP_30"}
[2026-05-26 08:19:10.715 Z] [INFO] [cadence.virtuoso.ade.simulationMonitor] - Time used: CPU = 66.1 s (1m  6.1s), elapsed = 66.6 s (1m  6.6s), util. = 99.3%. {"history": "Interactive.76", "point": 32, "testname": "TRAN_VDD_PULSE", "cornername": "CMOS_RES_CAP_TEMP_30"}
[2026-05-26 08:19:10.715 Z] [INFO] [cadence.virtuoso.ade.simulationMonitor] - Time spent in licensing: elapsed = 41.9 ms. {"history": "Interactive.76", "point": 32, "testname": "TRAN_VDD_PULSE", "cornername": "CMOS_RES_CAP_TEMP_30"}
[2026-05-26 08:19:10.715 Z] [INFO] [cadence.virtuoso.ade.simulationMonitor] - Peak memory used = 231 Mbytes. {"history": "Interactive.76", "point": 32, "testname": "TRAN_VDD_PULSE", "cornername": "CMOS_RES_CAP_TEMP_30"}
[2026-05-26 08:19:10.715 Z] [PROCESS] [cadence.virtuoso.ade.simulationMonitor] - Simulation started at: 8:18:03 AM, Tue May 26, 2026, ended at: 8:19:10 AM, Tue May 26, 2026, with elapsed time (wall clock): 66.6 s (1m  6.6s). {"history": "Interactive.76", "point": 32, "testname": "TRAN_VDD_PULSE", "cornername": "CMOS_RES_CAP_TEMP_30"}
[2026-05-26 08:19:10.715 Z] [PROCESS] [cadence.virtuoso.ade.simulationMonitor] - spectre completes with 0 errors, 97 warnings, and 35 notices. {"history": "Interactive.76", "point": 32, "testname": "TRAN_VDD_PULSE", "cornername": "CMOS_RES_CAP_TEMP_30"}
[2026-05-26 08:19:10.715 Z] [PROCESS] [cadence.virtuoso.ade.simulationMonitor] - Finished simulating for one point {"hostname": "edatools", "processid": 229994, "history": "Interactive.76", "testname": "TRAN_VDD_PULSE", "cornername": "CMOS_RES_CAP_TEMP_30", "point": 32, "logfile": "/home/saul/projects/IL2244_VT26_SAUL/logs_saul/logs0/Job39.log", "simid": "6"}
[2026-05-26 08:19:10.715 Z] [PROCESS] [cadence.virtuoso.ade.simulationMonitor] - Simulator exited {"hostname": "edatools", "processid": 229994, "history": "Interactive.76", "testname": "TRAN_VDD_PULSE", "cornername": "CMOS_RES_CAP_TEMP_30", "point": 32, "logfile": "/home/saul/projects/IL2244_VT26_SAUL/logs_saul/logs0/Job39.log", "exitStatus": "0"}
[2026-05-26 08:19:10.715 Z] [PROCESS] [cadence.virtuoso.ade.simulationMonitor] - Finished Simulation {"hostname": "edatools", "processid": 229994, "history": "Interactive.76", "testname": "TRAN_VDD_PULSE", "cornername": "CMOS_RES_CAP_TEMP_30", "point": 32, "logfile": "/home/saul/projects/IL2244_VT26_SAUL/logs_saul/logs0/Job39.log", "simid": "6"}
[2026-05-26 08:19:12.720 Z] [PROCESS] [cadence.virtuoso.ade.simulationMonitor] - Point Finished {"hostname": "edatools", "processid": 229994, "history": "Interactive.76", "testname": "TRAN_VDD_PULSE", "cornername": "CMOS_RES_CAP_TEMP_30", "point": 32, "logfile": "/home/saul/projects/IL2244_VT26_SAUL/logs_saul/logs0/Job39.log"}
[2026-05-26 08:24:13.327 Z] [PROCESS] [cadence.virtuoso.ade.simulationMonitor] - Current memory used: 52.5117 MBytes, peak memory used: 52.5117 MBytes {"hostname": "edatools", "processid": 229994, "history": "Interactive.76", "testname": "TRAN_VDD_PULSE", "cornername": "CMOS_RES_CAP_TEMP_30", "point": 32, "logfile": "/home/saul/projects/IL2244_VT26_SAUL/logs_saul/logs0/Job39.log"}
[2026-05-26 08:24:13.327 Z] [PROCESS] [cadence.virtuoso.ade.simulationMonitor] - Simulation Monitor process exit. {"hostname": "edatools", "processid": 229994, "history": "Interactive.76", "testname": "TRAN_VDD_PULSE", "cornername": "CMOS_RES_CAP_TEMP_30", "point": 32, "logfile": "/home/saul/projects/IL2244_VT26_SAUL/logs_saul/logs0/Job39.log"}
