[Simulation Monitor: 38]
[2026-05-26 08:12:02.637 Z] [PROCESS] [cadence.virtuoso.ade.simulationMonitor] - Simulation Monitor has successfully started up. Trying to set up communication channels to other components ... {"hostname": "edatools", "processid": 229924, "logfile": "/home/saul/projects/IL2244_VT26_SAUL/logs_saul/logs0/Job38.log"}
[2026-05-26 08:12:02.637 Z] [PROCESS] [cadence.virtuoso.ade.simulationMonitor] - Communication channels have been successfully set up. Start processing events ... {"hostname": "edatools", "processid": 229924, "logfile": "/home/saul/projects/IL2244_VT26_SAUL/logs_saul/logs0/Job38.log"}
[2026-05-26 08:12:02.638 Z] [PROCESS] [cadence.virtuoso.ade.simulationMonitor] - Considering to start history {"hostname": "edatools", "processid": 229924, "history": "Interactive.76", "logfile": "/home/saul/projects/IL2244_VT26_SAUL/logs_saul/logs0/Job38.log"}
[2026-05-26 08:12:02.639 Z] [PROCESS] [cadence.virtuoso.ade.simulationMonitor] - HostInfo:
Host name (type):	edatools (x86_64)
Operating system:	Linux 6.17.0-29-generic #29~24.04.1-Ubuntu SMP PREEMPT_DYNAMIC Mon May 11 10:30:58 UTC 2 {"hostname": "edatools", "processid": 229924, "history": "Interactive.76", "logfile": "/home/saul/projects/IL2244_VT26_SAUL/logs_saul/logs0/Job38.log", "nodename": "edatools", "domainname": "(none)", "machine": "x86_64", "sysname": "Linux", "release": "6.17.0-29-generic", "version": "#29~24.04.1-Ubuntu SMP PREEMPT_DYNAMIC Mon May 11 10:30:58 UTC 2"}
[2026-05-26 08:12:02.639 Z] [PROCESS] [cadence.virtuoso.ade.simulationMonitor] - UsageInfo:
pid=229924
totalPhysicalMemory=62.544987GB,Used=44.262154GB,totalVirtualMemory=70.544983GB,Used=44.262154GB
Cpu: Cores=16, Load average:1.060000,2.370000,3.220000 {"hostname": "edatools", "processid": 229924, "history": "Interactive.76", "logfile": "/home/saul/projects/IL2244_VT26_SAUL/logs_saul/logs0/Job38.log", "pid": "229924", "totalPhysicalMemory": "62.544987", "physicalMemoryUsed": "44.262154", "totalVirtualMemory": "70.544983", "virtualMemoryUsed": "44.262154", "cpuCores": "16", "processes": "1851", "loadAverage1": "1.060000", "loadAverage5": "2.370000", "loadAverage15": "3.220000", "loadAverage1Percent": "0.066250"}
[2026-05-26 08:12:02.639 Z] [EVENT] [cadence.virtuoso.ade.simulationMonitor] - NewPoint {"history": "Interactive.76", "point": 2, "testname": "TRAN_VDD_PULSE", "cornername": "CMOS_RES_CAP_TEMP_0", "event": "NewPoint", "EventSource": "Simulation Monitor", "HistoryName": "Interactive.76", "logFile": "/home/saul/projects/IL2244_VT26_SAUL/logs_saul/logs0/Job38.log", "logFileSize": "2198"}
[2026-05-26 08:12:02.740 Z] [EVENT] [cadence.virtuoso.ade.simulationMonitor] - NewPoint {"history": "Interactive.76", "point": 2, "testname": "TRAN_VDD_PULSE", "cornername": "CMOS_RES_CAP_TEMP_0", "event": "NewPoint", "EventSource": "spectre", "HistoryName": "Interactive.76", "logFile": "/home/saul/projects/IL2244_VT26_SAUL/Sim/FECG/fecg_front_end_tran_tb/maestro/results/maestro/Interactive.76/2/TRAN_VDD_PULSE/psf/spectre.out", "logFileSize": "-1"}
[2026-05-26 08:12:02.757 Z] [PROCESS] [cadence.virtuoso.ade.simulationMonitor] - Simulator launched {"hostname": "edatools", "processid": 229924, "history": "Interactive.76", "testname": "TRAN_VDD_PULSE", "cornername": "CMOS_RES_CAP_TEMP_0", "point": 2, "logfile": "/home/saul/projects/IL2244_VT26_SAUL/logs_saul/logs0/Job38.log", "simid": "1"}
[2026-05-26 08:12:02.758 Z] [PROCESS] [cadence.virtuoso.ade.simulationMonitor] - Expression evaluator launched {"hostname": "edatools", "processid": 229924, "history": "Interactive.76", "testname": "TRAN_VDD_PULSE", "cornername": "CMOS_RES_CAP_TEMP_0", "point": 2, "logfile": "/home/saul/projects/IL2244_VT26_SAUL/logs_saul/logs0/Job38.log"}
[2026-05-26 08:12:02.770 Z] [PROCESS] [cadence.virtuoso.ade.simulationMonitor] - Started Simulation {"hostname": "edatools", "processid": 229924, "history": "Interactive.76", "testname": "TRAN_VDD_PULSE", "cornername": "CMOS_RES_CAP_TEMP_0", "point": 2, "logfile": "/home/saul/projects/IL2244_VT26_SAUL/logs_saul/logs0/Job38.log", "event": "started", "task": "simulation"}
[2026-05-26 08:12:03.280 Z] [INFO] [cadence.virtuoso.ade.simulationMonitor] - Notice from spectre during circuit read-in.
    Pre_Configuration file used: /opt/tools/cadence/installs/SPECTRE241/tools.lnx86/spectre/etc/configs/preset.precfg
    Configuration file used: `/opt/tools/cadence/installs/SPECTRE241/tools.lnx86/spectre/etc/configs/preset.cfg'. {"history": "Interactive.76", "point": 2, "testname": "TRAN_VDD_PULSE", "cornername": "CMOS_RES_CAP_TEMP_0"}
[2026-05-26 08:12:03.280 Z] [WARN] [cadence.virtuoso.ade.simulationMonitor] -     WARNING (SPECTRE-8360): line 1511: `ac' is an undefined primitive device. {"history": "Interactive.76", "point": 2, "testname": "TRAN_VDD_PULSE", "cornername": "CMOS_RES_CAP_TEMP_0"}
[2026-05-26 08:12:03.281 Z] [WARN] [cadence.virtuoso.ade.simulationMonitor] -     WARNING (SPECTRE-8360): line 1512: `ac' is an undefined primitive device. {"history": "Interactive.76", "point": 2, "testname": "TRAN_VDD_PULSE", "cornername": "CMOS_RES_CAP_TEMP_0"}
[2026-05-26 08:12:03.281 Z] [WARN] [cadence.virtuoso.ade.simulationMonitor] -     WARNING (SPECTRE-8360): line 1513: `ac' is an undefined primitive device. {"history": "Interactive.76", "point": 2, "testname": "TRAN_VDD_PULSE", "cornername": "CMOS_RES_CAP_TEMP_0"}
[2026-05-26 08:12:03.281 Z] [WARN] [cadence.virtuoso.ade.simulationMonitor] -     WARNING (SPECTRE-8360): line 1514: `ac' is an undefined primitive device. {"history": "Interactive.76", "point": 2, "testname": "TRAN_VDD_PULSE", "cornername": "CMOS_RES_CAP_TEMP_0"}
[2026-05-26 08:12:03.281 Z] [WARN] [cadence.virtuoso.ade.simulationMonitor] -     WARNING (SPECTRE-8360): line 1515: `ac' is an undefined primitive device.
        Further occurrences of this warning will be suppressed. {"history": "Interactive.76", "point": 2, "testname": "TRAN_VDD_PULSE", "cornername": "CMOS_RES_CAP_TEMP_0"}
[2026-05-26 08:12:03.282 Z] [INFO] [cadence.virtuoso.ade.simulationMonitor] - Peak resident memory used = 174 Mbytes. {"history": "Interactive.76", "point": 2, "testname": "TRAN_VDD_PULSE", "cornername": "CMOS_RES_CAP_TEMP_0"}
[2026-05-26 08:12:03.282 Z] [WARN] [cadence.virtuoso.ade.simulationMonitor] -     WARNING (VACOMP-2435): The environment variable CDS_AHDLCMI_ENABLE is no longer supported. Therefore, the simulator will use the default compiled C code flow. {"history": "Interactive.76", "point": 2, "testname": "TRAN_VDD_PULSE", "cornername": "CMOS_RES_CAP_TEMP_0"}
[2026-05-26 08:12:03.282 Z] [WARN] [cadence.virtuoso.ade.simulationMonitor] -     WARNING (SFE-3014): The floating device I19.I0.I5.MN14<0>_turbo_m4 is removed. {"history": "Interactive.76", "point": 2, "testname": "TRAN_VDD_PULSE", "cornername": "CMOS_RES_CAP_TEMP_0"}
[2026-05-26 08:12:03.282 Z] [WARN] [cadence.virtuoso.ade.simulationMonitor] -     WARNING (SFE-3012): The dummy device I19.I4.MP16<0>_turbo_m41 is removed. {"history": "Interactive.76", "point": 2, "testname": "TRAN_VDD_PULSE", "cornername": "CMOS_RES_CAP_TEMP_0"}
[2026-05-26 08:12:03.282 Z] [WARN] [cadence.virtuoso.ade.simulationMonitor] -     WARNING (SFE-3014): The floating device I19.I8.MN57<0>_turbo_m28 is removed. {"history": "Interactive.76", "point": 2, "testname": "TRAN_VDD_PULSE", "cornername": "CMOS_RES_CAP_TEMP_0"}
[2026-05-26 08:12:03.283 Z] [WARN] [cadence.virtuoso.ade.simulationMonitor] -     WARNING (SFE-3012): The dummy device I19.I14.MP13<0>_turbo_m4 is removed. {"history": "Interactive.76", "point": 2, "testname": "TRAN_VDD_PULSE", "cornername": "CMOS_RES_CAP_TEMP_0"}
[2026-05-26 08:12:03.283 Z] [WARN] [cadence.virtuoso.ade.simulationMonitor] -     WARNING (SFE-3031): The floating capacitor I19.I12.C10<0>_turbo_m12.C1 is removed. {"history": "Interactive.76", "point": 2, "testname": "TRAN_VDD_PULSE", "cornername": "CMOS_RES_CAP_TEMP_0"}
[2026-05-26 08:12:03.283 Z] [WARN] [cadence.virtuoso.ade.simulationMonitor] -     WARNING (SFE-3014): The floating device I19.I2.MN37<0>_turbo_m4 is removed. {"history": "Interactive.76", "point": 2, "testname": "TRAN_VDD_PULSE", "cornername": "CMOS_RES_CAP_TEMP_0"}
[2026-05-26 08:12:03.283 Z] [WARN] [cadence.virtuoso.ade.simulationMonitor] -     WARNING (SFE-3012): The dummy device I19.I0.I5.MP12<0>_turbo_m2 is removed. {"history": "Interactive.76", "point": 2, "testname": "TRAN_VDD_PULSE", "cornername": "CMOS_RES_CAP_TEMP_0"}
[2026-05-26 08:12:03.283 Z] [WARN] [cadence.virtuoso.ade.simulationMonitor] -     WARNING (SFE-3014): The floating device I19.I0.MN13<0>_turbo_m4 is removed. {"history": "Interactive.76", "point": 2, "testname": "TRAN_VDD_PULSE", "cornername": "CMOS_RES_CAP_TEMP_0"}
[2026-05-26 08:12:03.284 Z] [WARN] [cadence.virtuoso.ade.simulationMonitor] -     WARNING (SFE-3012): The dummy device I19.I0.I3.MP13<0>_turbo_m4 is removed. {"history": "Interactive.76", "point": 2, "testname": "TRAN_VDD_PULSE", "cornername": "CMOS_RES_CAP_TEMP_0"}
[2026-05-26 08:12:03.284 Z] [WARN] [cadence.virtuoso.ade.simulationMonitor] -     WARNING (SFE-3031): The floating capacitor I19.I12.C6<0>_turbo_m3.C1 is removed. {"history": "Interactive.76", "point": 2, "testname": "TRAN_VDD_PULSE", "cornername": "CMOS_RES_CAP_TEMP_0"}
[2026-05-26 08:12:03.284 Z] [WARN] [cadence.virtuoso.ade.simulationMonitor] -     WARNING (SFE-3012): The dummy device I19.I0.MP11<0>_turbo_m4 is removed.
        Further occurrences of this warning will be suppressed. {"history": "Interactive.76", "point": 2, "testname": "TRAN_VDD_PULSE", "cornername": "CMOS_RES_CAP_TEMP_0"}
[2026-05-26 08:12:03.284 Z] [WARN] [cadence.virtuoso.ade.simulationMonitor] -     WARNING (SFE-3031): The floating capacitor I19.I11.C7<0>_turbo_m3.C1 is removed. {"history": "Interactive.76", "point": 2, "testname": "TRAN_VDD_PULSE", "cornername": "CMOS_RES_CAP_TEMP_0"}
[2026-05-26 08:12:03.284 Z] [WARN] [cadence.virtuoso.ade.simulationMonitor] -     WARNING (SFE-3014): The floating device I19.I12.MN57<0>_turbo_m28 is removed.
        Further occurrences of this warning will be suppressed. {"history": "Interactive.76", "point": 2, "testname": "TRAN_VDD_PULSE", "cornername": "CMOS_RES_CAP_TEMP_0"}
[2026-05-26 08:12:03.285 Z] [WARN] [cadence.virtuoso.ade.simulationMonitor] -     WARNING (SFE-3031): The floating capacitor I19.I11.C10<0>_turbo_m12.C1 is removed. {"history": "Interactive.76", "point": 2, "testname": "TRAN_VDD_PULSE", "cornername": "CMOS_RES_CAP_TEMP_0"}
[2026-05-26 08:12:03.285 Z] [WARN] [cadence.virtuoso.ade.simulationMonitor] -     WARNING (SFE-3031): The floating capacitor I19.I12.C7<0>_turbo_m3.C1 is removed.
        Further occurrences of this warning will be suppressed. {"history": "Interactive.76", "point": 2, "testname": "TRAN_VDD_PULSE", "cornername": "CMOS_RES_CAP_TEMP_0"}
[2026-05-26 08:12:03.285 Z] [INFO] [cadence.virtuoso.ade.simulationMonitor] - Notice from spectre during hierarchy flattening.
    The value 'psf' specified for the 'checklimitdest' option will no longer be supported in future releases. Use 'spectre -h' to see other recommended values for the 'checklimitdest' option. {"history": "Interactive.76", "point": 2, "testname": "TRAN_VDD_PULSE", "cornername": "CMOS_RES_CAP_TEMP_0"}
[2026-05-26 08:12:03.285 Z] [INFO] [cadence.virtuoso.ade.simulationMonitor] - Peak resident memory used = 189 Mbytes. {"history": "Interactive.76", "point": 2, "testname": "TRAN_VDD_PULSE", "cornername": "CMOS_RES_CAP_TEMP_0"}
[2026-05-26 08:12:03.286 Z] [INFO] [cadence.virtuoso.ade.simulationMonitor] - Notice from spectre during hierarchy flattening.
    The value 'psf' specified for the 'checklimitdest' option will no longer be supported in future releases. Use 'spectre -h' to see other recommended values for the 'checklimitdest' option.
    I19.I0.R10.CS0 of rpolyhc: `c' has the unusually small value of 0 F.
    I19.I0.R10.CS1 of rpolyhc: `c' has the unusually small value of 0 F.
    I19.I0.R9.CS0 of rpolyhc: `c' has the unusually small value of 0 F.
    I19.I0.R9.CS1 of rpolyhc: `c' has the unusually ... {"history": "Interactive.76", "point": 2, "testname": "TRAN_VDD_PULSE", "cornername": "CMOS_RES_CAP_TEMP_0"}
[2026-05-26 08:12:03.286 Z] [INFO] [cadence.virtuoso.ade.simulationMonitor] - Notice from spectre during hierarchy flattening.
    V17: `period' has the unusually large value of 20 s.
    V17: `width' has the unusually large value of 19 s.
    V16: `period' has the unusually large value of 10 s.
    V16: `width' has the unusually large value of 9 s.
    V9: `period' has the unusually large value of 10 s.
        Further occurrences of this notice will be suppressed. {"history": "Interactive.76", "point": 2, "testname": "TRAN_VDD_PULSE", "cornername": "CMOS_RES_CAP_TEMP_0"}
[2026-05-26 08:12:03.286 Z] [INFO] [cadence.virtuoso.ade.simulationMonitor] - Peak resident memory used = 192 Mbytes. {"history": "Interactive.76", "point": 2, "testname": "TRAN_VDD_PULSE", "cornername": "CMOS_RES_CAP_TEMP_0"}
[2026-05-26 08:12:03.286 Z] [WARN] [cadence.virtuoso.ade.simulationMonitor] -     WARNING (CMI-2425): I19.I0.C2: `Acde' = 2.393 is unusually large. {"history": "Interactive.76", "point": 2, "testname": "TRAN_VDD_PULSE", "cornername": "CMOS_RES_CAP_TEMP_0"}
[2026-05-26 08:12:03.286 Z] [WARN] [cadence.virtuoso.ade.simulationMonitor] -     WARNING (CMI-2425): I19.I0.C2: `Noff' = 4.732 is unusually large. {"history": "Interactive.76", "point": 2, "testname": "TRAN_VDD_PULSE", "cornername": "CMOS_RES_CAP_TEMP_0"}
[2026-05-26 08:12:03.287 Z] [WARN] [cadence.virtuoso.ade.simulationMonitor] -     WARNING (CMI-2424): I19.I0.C2: `Voffcv' = -867.4e-03 is unusually small. {"history": "Interactive.76", "point": 2, "testname": "TRAN_VDD_PULSE", "cornername": "CMOS_RES_CAP_TEMP_0"}
[2026-05-26 08:12:03.287 Z] [WARN] [cadence.virtuoso.ade.simulationMonitor] -     WARNING (CMI-2425): I19.I0.C3: `Acde' = 2.393 is unusually large. {"history": "Interactive.76", "point": 2, "testname": "TRAN_VDD_PULSE", "cornername": "CMOS_RES_CAP_TEMP_0"}
[2026-05-26 08:12:03.287 Z] [WARN] [cadence.virtuoso.ade.simulationMonitor] -     WARNING (CMI-2425): I19.I0.C3: `Noff' = 4.732 is unusually large. {"history": "Interactive.76", "point": 2, "testname": "TRAN_VDD_PULSE", "cornername": "CMOS_RES_CAP_TEMP_0"}
[2026-05-26 08:12:03.287 Z] [WARN] [cadence.virtuoso.ade.simulationMonitor] -     WARNING (CMI-2424): I19.I0.C3: `Voffcv' = -867.4e-03 is unusually small. {"history": "Interactive.76", "point": 2, "testname": "TRAN_VDD_PULSE", "cornername": "CMOS_RES_CAP_TEMP_0"}
[2026-05-26 08:12:03.287 Z] [WARN] [cadence.virtuoso.ade.simulationMonitor] -     WARNING (CMI-2425): I19.I0.C0: `Acde' = 2.393 is unusually large.
        Further occurrences of this warning will be suppressed. {"history": "Interactive.76", "point": 2, "testname": "TRAN_VDD_PULSE", "cornername": "CMOS_RES_CAP_TEMP_0"}
[2026-05-26 08:12:03.287 Z] [WARN] [cadence.virtuoso.ade.simulationMonitor] -     WARNING (CMI-2424): I19.I0.C0: `Voffcv' = -867.4e-03 is unusually small. {"history": "Interactive.76", "point": 2, "testname": "TRAN_VDD_PULSE", "cornername": "CMOS_RES_CAP_TEMP_0"}
[2026-05-26 08:12:03.287 Z] [WARN] [cadence.virtuoso.ade.simulationMonitor] -     WARNING (CMI-2424): I19.I0.I3.C1: `Voffcv' = -867.4e-03 is unusually small. {"history": "Interactive.76", "point": 2, "testname": "TRAN_VDD_PULSE", "cornername": "CMOS_RES_CAP_TEMP_0"}
[2026-05-26 08:12:03.288 Z] [WARN] [cadence.virtuoso.ade.simulationMonitor] -     WARNING (CMI-2424): I19.I0.C1<0>_turbo_m5: `Voffcv' = -867.4e-03 is unusually small.
        Further occurrences of this warning will be suppressed. {"history": "Interactive.76", "point": 2, "testname": "TRAN_VDD_PULSE", "cornername": "CMOS_RES_CAP_TEMP_0"}
[2026-05-26 08:12:03.288 Z] [WARN] [cadence.virtuoso.ade.simulationMonitor] -     WARNING (SPECTRE-17607): Assert `SOAC_rpolyh_vminuspsub' is ignored because it contains an expression which is invalid or not supported by native evaluator.  {"history": "Interactive.76", "point": 2, "testname": "TRAN_VDD_PULSE", "cornername": "CMOS_RES_CAP_TEMP_0"}
[2026-05-26 08:12:03.288 Z] [WARN] [cadence.virtuoso.ade.simulationMonitor] -     WARNING (SPECTRE-17607): Assert `SOAC_rpolyh_vpluspsub' is ignored because it contains an expression which is invalid or not supported by native evaluator.  {"history": "Interactive.76", "point": 2, "testname": "TRAN_VDD_PULSE", "cornername": "CMOS_RES_CAP_TEMP_0"}
[2026-05-26 08:12:03.288 Z] [WARN] [cadence.virtuoso.ade.simulationMonitor] -     WARNING (SPECTRE-16460): SOAC_cvarm_vspsub:Specified subcircuit master `cvarm' was not found. {"history": "Interactive.76", "point": 2, "testname": "TRAN_VDD_PULSE", "cornername": "CMOS_RES_CAP_TEMP_0"}
[2026-05-26 08:12:03.288 Z] [WARN] [cadence.virtuoso.ade.simulationMonitor] -     WARNING (SPECTRE-16462): SOAC_cvarm_vspsub:Error in specification of subcircuit master. Assert is ignored. {"history": "Interactive.76", "point": 2, "testname": "TRAN_VDD_PULSE", "cornername": "CMOS_RES_CAP_TEMP_0"}
[2026-05-26 08:12:03.288 Z] [WARN] [cadence.virtuoso.ade.simulationMonitor] -     WARNING (SPECTRE-16460): SOAC_cvarm_vbs:Specified subcircuit master `cvarm' was not found. {"history": "Interactive.76", "point": 2, "testname": "TRAN_VDD_PULSE", "cornername": "CMOS_RES_CAP_TEMP_0"}
[2026-05-26 08:12:03.288 Z] [WARN] [cadence.virtuoso.ade.simulationMonitor] -     WARNING (SPECTRE-16462): SOAC_cvarm_vbs:Error in specification of subcircuit master. Assert is ignored. {"history": "Interactive.76", "point": 2, "testname": "TRAN_VDD_PULSE", "cornername": "CMOS_RES_CAP_TEMP_0"}
[2026-05-26 08:12:03.289 Z] [WARN] [cadence.virtuoso.ade.simulationMonitor] -     WARNING (SPECTRE-16460): SOAC_cvarm_vgb:Specified subcircuit master `cvarm' was not found. {"history": "Interactive.76", "point": 2, "testname": "TRAN_VDD_PULSE", "cornername": "CMOS_RES_CAP_TEMP_0"}
[2026-05-26 08:12:03.289 Z] [WARN] [cadence.virtuoso.ade.simulationMonitor] -     WARNING (SPECTRE-16462): SOAC_cvarm_vgb:Error in specification of subcircuit master. Assert is ignored. {"history": "Interactive.76", "point": 2, "testname": "TRAN_VDD_PULSE", "cornername": "CMOS_RES_CAP_TEMP_0"}
[2026-05-26 08:12:03.289 Z] [WARN] [cadence.virtuoso.ade.simulationMonitor] -     WARNING (SPECTRE-16460): SOAC_cvart_vspsub:Specified subcircuit master `cvart' was not found. {"history": "Interactive.76", "point": 2, "testname": "TRAN_VDD_PULSE", "cornername": "CMOS_RES_CAP_TEMP_0"}
[2026-05-26 08:12:03.289 Z] [WARN] [cadence.virtuoso.ade.simulationMonitor] -     WARNING (SPECTRE-16462): SOAC_cvart_vspsub:Error in specification of subcircuit master. Assert is ignored. {"history": "Interactive.76", "point": 2, "testname": "TRAN_VDD_PULSE", "cornername": "CMOS_RES_CAP_TEMP_0"}
[2026-05-26 08:12:03.289 Z] [WARN] [cadence.virtuoso.ade.simulationMonitor] -     WARNING (SPECTRE-16460): SOAC_cvart_vbs:Specified subcircuit master `cvart' was not found.
        Further occurrences of this warning will be suppressed. {"history": "Interactive.76", "point": 2, "testname": "TRAN_VDD_PULSE", "cornername": "CMOS_RES_CAP_TEMP_0"}
[2026-05-26 08:12:03.290 Z] [WARN] [cadence.virtuoso.ade.simulationMonitor] -     WARNING (SPECTRE-16462): SOAC_cvart_vbs:Error in specification of subcircuit master. Assert is ignored.
        Further occurrences of this warning will be suppressed. {"history": "Interactive.76", "point": 2, "testname": "TRAN_VDD_PULSE", "cornername": "CMOS_RES_CAP_TEMP_0"}
[2026-05-26 08:12:03.290 Z] [WARN] [cadence.virtuoso.ade.simulationMonitor] -     WARNING (SPECTRE-17607): Assert `SOAC_cvar_vspsub' is ignored because it contains an expression which is invalid or not supported by native evaluator.  {"history": "Interactive.76", "point": 2, "testname": "TRAN_VDD_PULSE", "cornername": "CMOS_RES_CAP_TEMP_0"}
[2026-05-26 08:12:03.290 Z] [WARN] [cadence.virtuoso.ade.simulationMonitor] -     WARNING (SPECTRE-17607): Assert `SOAC_cvar_vbpsub' is ignored because it contains an expression which is invalid or not supported by native evaluator.  {"history": "Interactive.76", "point": 2, "testname": "TRAN_VDD_PULSE", "cornername": "CMOS_RES_CAP_TEMP_0"}
[2026-05-26 08:12:03.290 Z] [WARN] [cadence.virtuoso.ade.simulationMonitor] -     WARNING (SPECTRE-17607): Assert `SOAC_cvar_vgpsub' is ignored because it contains an expression which is invalid or not supported by native evaluator. 
        Further occurrences of this warning will be suppressed. {"history": "Interactive.76", "point": 2, "testname": "TRAN_VDD_PULSE", "cornername": "CMOS_RES_CAP_TEMP_0"}
[2026-05-26 08:12:03.791 Z] [INFO] [cadence.virtuoso.ade.simulationMonitor] - Notice from spectre during topology check.
    No DC path from node `net19' to ground, Gmin installed to provide path. {"history": "Interactive.76", "point": 2, "testname": "TRAN_VDD_PULSE", "cornername": "CMOS_RES_CAP_TEMP_0"}
[2026-05-26 08:12:03.791 Z] [INFO] [cadence.virtuoso.ade.simulationMonitor] - Notice from spectre during initial setup.
    Multithreading is disabled due to the size of the design being too small. {"history": "Interactive.76", "point": 2, "testname": "TRAN_VDD_PULSE", "cornername": "CMOS_RES_CAP_TEMP_0"}
[2026-05-26 08:12:03.792 Z] [WARN] [cadence.virtuoso.ade.simulationMonitor] -     WARNING (SPECTRE-592): Following parameters are disabled because they are ignored or redefined in Spectre X:
        Option Parameters:
          reltol
        
         {"history": "Interactive.76", "point": 2, "testname": "TRAN_VDD_PULSE", "cornername": "CMOS_RES_CAP_TEMP_0"}
[2026-05-26 08:12:03.793 Z] [INFO] [cadence.virtuoso.ade.simulationMonitor] -               nodes 784 {"history": "Interactive.76", "point": 2, "testname": "TRAN_VDD_PULSE", "cornername": "CMOS_RES_CAP_TEMP_0"}
[2026-05-26 08:12:03.794 Z] [INFO] [cadence.virtuoso.ade.simulationMonitor] - Notice from spectre during initial setup.
    4 vsources are shorted because their absolute value is less than or equal to 'vabsshort'.
    Spectre X preset=vx enabled. {"history": "Interactive.76", "point": 2, "testname": "TRAN_VDD_PULSE", "cornername": "CMOS_RES_CAP_TEMP_0"}
[2026-05-26 08:12:04.295 Z] [INFO] [cadence.virtuoso.ade.simulationMonitor] - Peak resident memory used = 212 Mbytes. {"history": "Interactive.76", "point": 2, "testname": "TRAN_VDD_PULSE", "cornername": "CMOS_RES_CAP_TEMP_0"}
[2026-05-26 08:12:04.295 Z] [INFO] [cadence.virtuoso.ade.simulationMonitor] -    -   (Spectre X) Multi-threading. The recommended number of threads is 1, consider adding +mt=1 on command line. {"history": "Interactive.76", "point": 2, "testname": "TRAN_VDD_PULSE", "cornername": "CMOS_RES_CAP_TEMP_0"}
[2026-05-26 08:12:04.296 Z] [INFO] [cadence.virtuoso.ade.simulationMonitor] - Notice from spectre during DC analysis `dcOp'.
    No checklimit analysis defined for asserts. A default checklimit analysis 'SpectreChecklimitAnal' has been created with all asserts enabled. {"history": "Interactive.76", "point": 2, "testname": "TRAN_VDD_PULSE", "cornername": "CMOS_RES_CAP_TEMP_0"}
[2026-05-26 08:12:04.296 Z] [INFO] [cadence.virtuoso.ade.simulationMonitor] - Notice from spectre during DC analysis `dcOp'.
    GminDC = 1 pS is large enough to noticeably affect the DC solution.
        dV(I19.I2.C1.s1) = 1.12238 mV
        Use the `gmin_check' option to eliminate or expand this report. {"history": "Interactive.76", "point": 2, "testname": "TRAN_VDD_PULSE", "cornername": "CMOS_RES_CAP_TEMP_0"}
[2026-05-26 08:12:04.297 Z] [WARN] [cadence.virtuoso.ade.simulationMonitor] -     WARNING (CMI-2943): Parameter checks have been ignored because the valid value for parameter 'trise' could not be found in 'C0'. {"history": "Interactive.76", "point": 2, "testname": "TRAN_VDD_PULSE", "cornername": "CMOS_RES_CAP_TEMP_0"}
[2026-05-26 08:12:04.297 Z] [WARN] [cadence.virtuoso.ade.simulationMonitor] -     WARNING (CMI-2943): Parameter checks have been ignored because the valid value for parameter 'trise' could not be found in 'C3'. {"history": "Interactive.76", "point": 2, "testname": "TRAN_VDD_PULSE", "cornername": "CMOS_RES_CAP_TEMP_0"}
[2026-05-26 08:12:04.298 Z] [WARN] [cadence.virtuoso.ade.simulationMonitor] -     WARNING (CMI-2943): Parameter checks have been ignored because the valid value for parameter 'trise' could not be found in 'C4'. {"history": "Interactive.76", "point": 2, "testname": "TRAN_VDD_PULSE", "cornername": "CMOS_RES_CAP_TEMP_0"}
[2026-05-26 08:12:04.299 Z] [WARN] [cadence.virtuoso.ade.simulationMonitor] -     WARNING (CMI-2943): Parameter checks have been ignored because the valid value for parameter 'trise' could not be found in 'C5'. {"history": "Interactive.76", "point": 2, "testname": "TRAN_VDD_PULSE", "cornername": "CMOS_RES_CAP_TEMP_0"}
[2026-05-26 08:12:04.299 Z] [WARN] [cadence.virtuoso.ade.simulationMonitor] -     WARNING (CMI-2943): Parameter checks have been ignored because the valid value for parameter 'trise' could not be found in 'I19.I4.C9<0>_turbo_m6.C1'.
        Further occurrences of this warning will be suppressed. {"history": "Interactive.76", "point": 2, "testname": "TRAN_VDD_PULSE", "cornername": "CMOS_RES_CAP_TEMP_0"}
[2026-05-26 08:12:04.800 Z] [INFO] [cadence.virtuoso.ade.simulationMonitor] - Total time required for dc analysis `dcOp': CPU = 293.832 ms, elapsed = 711.21 ms, util. = 41.3%. {"history": "Interactive.76", "point": 2, "testname": "TRAN_VDD_PULSE", "cornername": "CMOS_RES_CAP_TEMP_0"}
[2026-05-26 08:12:04.801 Z] [INFO] [cadence.virtuoso.ade.simulationMonitor] - Peak resident memory used = 222 Mbytes. {"history": "Interactive.76", "point": 2, "testname": "TRAN_VDD_PULSE", "cornername": "CMOS_RES_CAP_TEMP_0"}
[2026-05-26 08:12:04.802 Z] [INFO] [cadence.virtuoso.ade.simulationMonitor] - Notice from spectre.
    308 warnings suppressed. {"history": "Interactive.76", "point": 2, "testname": "TRAN_VDD_PULSE", "cornername": "CMOS_RES_CAP_TEMP_0"}
[2026-05-26 08:12:05.803 Z] [INFO] [cadence.virtuoso.ade.simulationMonitor] - Notice from spectre during IC analysis, during transient analysis `tran'.
    GminDC = 1 pS is large enough to noticeably affect the DC solution.
        dV(I19.I2.C1.s1) = 1.12238 mV
        Use the `gmin_check' option to eliminate or expand this report. {"history": "Interactive.76", "point": 2, "testname": "TRAN_VDD_PULSE", "cornername": "CMOS_RES_CAP_TEMP_0"}
[2026-05-26 08:12:05.803 Z] [WARN] [cadence.virtuoso.ade.simulationMonitor] -     WARNING (CMI-2943): Parameter checks have been ignored because the valid value for parameter 'trise' could not be found in 'C0'. {"history": "Interactive.76", "point": 2, "testname": "TRAN_VDD_PULSE", "cornername": "CMOS_RES_CAP_TEMP_0"}
[2026-05-26 08:12:05.803 Z] [WARN] [cadence.virtuoso.ade.simulationMonitor] -     WARNING (CMI-2943): Parameter checks have been ignored because the valid value for parameter 'trise' could not be found in 'C3'. {"history": "Interactive.76", "point": 2, "testname": "TRAN_VDD_PULSE", "cornername": "CMOS_RES_CAP_TEMP_0"}
[2026-05-26 08:12:05.803 Z] [WARN] [cadence.virtuoso.ade.simulationMonitor] -     WARNING (CMI-2943): Parameter checks have been ignored because the valid value for parameter 'trise' could not be found in 'C4'. {"history": "Interactive.76", "point": 2, "testname": "TRAN_VDD_PULSE", "cornername": "CMOS_RES_CAP_TEMP_0"}
[2026-05-26 08:12:05.803 Z] [WARN] [cadence.virtuoso.ade.simulationMonitor] -     WARNING (CMI-2943): Parameter checks have been ignored because the valid value for parameter 'trise' could not be found in 'C5'. {"history": "Interactive.76", "point": 2, "testname": "TRAN_VDD_PULSE", "cornername": "CMOS_RES_CAP_TEMP_0"}
[2026-05-26 08:12:05.803 Z] [WARN] [cadence.virtuoso.ade.simulationMonitor] -     WARNING (CMI-2943): Parameter checks have been ignored because the valid value for parameter 'trise' could not be found in 'I19.I4.C9<0>_turbo_m6.C1'.
        Further occurrences of this warning will be suppressed. {"history": "Interactive.76", "point": 2, "testname": "TRAN_VDD_PULSE", "cornername": "CMOS_RES_CAP_TEMP_0"}
[2026-05-26 08:12:05.804 Z] [INFO] [cadence.virtuoso.ade.simulationMonitor] - Notice from spectre during transient analysis `tran'.
    Output compression for transient analysis is enabled. {"history": "Interactive.76", "point": 2, "testname": "TRAN_VDD_PULSE", "cornername": "CMOS_RES_CAP_TEMP_0"}
[2026-05-26 08:12:05.804 Z] [INFO] [cadence.virtuoso.ade.simulationMonitor] - Notice from spectre during transient analysis `tran'.
    Multithreading is disabled due to the size of the design being too small. {"history": "Interactive.76", "point": 2, "testname": "TRAN_VDD_PULSE", "cornername": "CMOS_RES_CAP_TEMP_0"}
[2026-05-26 08:13:25.326 Z] [INFO] [cadence.virtuoso.ade.simulationMonitor] - Total time required for tran analysis `tran': CPU = 72.0916 s (1m  12.1s), elapsed = 79.5235 s (1m  19.5s), util. = 90.7%. {"history": "Interactive.76", "point": 2, "testname": "TRAN_VDD_PULSE", "cornername": "CMOS_RES_CAP_TEMP_0"}
[2026-05-26 08:13:25.327 Z] [INFO] [cadence.virtuoso.ade.simulationMonitor] - Peak resident memory used = 230 Mbytes. {"history": "Interactive.76", "point": 2, "testname": "TRAN_VDD_PULSE", "cornername": "CMOS_RES_CAP_TEMP_0"}
[2026-05-26 08:13:25.327 Z] [INFO] [cadence.virtuoso.ade.simulationMonitor] - Notice from spectre.
    308 warnings suppressed. {"history": "Interactive.76", "point": 2, "testname": "TRAN_VDD_PULSE", "cornername": "CMOS_RES_CAP_TEMP_0"}
[2026-05-26 08:13:25.327 Z] [WARN] [cadence.virtuoso.ade.simulationMonitor] -     WARNING (CMI-2425): I19.I2.C1: `Acde' = 2.393 is unusually large. {"history": "Interactive.76", "point": 2, "testname": "TRAN_VDD_PULSE", "cornername": "CMOS_RES_CAP_TEMP_0"}
[2026-05-26 08:13:25.327 Z] [WARN] [cadence.virtuoso.ade.simulationMonitor] -     WARNING (CMI-2425): I19.I2.C1: `Noff' = 4.732 is unusually large. {"history": "Interactive.76", "point": 2, "testname": "TRAN_VDD_PULSE", "cornername": "CMOS_RES_CAP_TEMP_0"}
[2026-05-26 08:13:25.327 Z] [WARN] [cadence.virtuoso.ade.simulationMonitor] -     WARNING (CMI-2424): I19.I2.C1: `Voffcv' = -867.4e-03 is unusually small. {"history": "Interactive.76", "point": 2, "testname": "TRAN_VDD_PULSE", "cornername": "CMOS_RES_CAP_TEMP_0"}
[2026-05-26 08:13:25.327 Z] [WARN] [cadence.virtuoso.ade.simulationMonitor] -     WARNING (CMI-2425): I19.I8.C0: `Acde' = 2.393 is unusually large. {"history": "Interactive.76", "point": 2, "testname": "TRAN_VDD_PULSE", "cornername": "CMOS_RES_CAP_TEMP_0"}
[2026-05-26 08:13:25.327 Z] [WARN] [cadence.virtuoso.ade.simulationMonitor] -     WARNING (CMI-2425): I19.I8.C0: `Noff' = 4.732 is unusually large. {"history": "Interactive.76", "point": 2, "testname": "TRAN_VDD_PULSE", "cornername": "CMOS_RES_CAP_TEMP_0"}
[2026-05-26 08:13:25.327 Z] [WARN] [cadence.virtuoso.ade.simulationMonitor] -     WARNING (CMI-2424): I19.I8.C0: `Voffcv' = -867.4e-03 is unusually small. {"history": "Interactive.76", "point": 2, "testname": "TRAN_VDD_PULSE", "cornername": "CMOS_RES_CAP_TEMP_0"}
[2026-05-26 08:13:25.327 Z] [WARN] [cadence.virtuoso.ade.simulationMonitor] -     WARNING (CMI-2425): I19.I8.C1: `Acde' = 2.393 is unusually large.
        Further occurrences of this warning will be suppressed. {"history": "Interactive.76", "point": 2, "testname": "TRAN_VDD_PULSE", "cornername": "CMOS_RES_CAP_TEMP_0"}
[2026-05-26 08:13:25.327 Z] [WARN] [cadence.virtuoso.ade.simulationMonitor] -     WARNING (CMI-2424): I19.I8.C1: `Voffcv' = -867.4e-03 is unusually small. {"history": "Interactive.76", "point": 2, "testname": "TRAN_VDD_PULSE", "cornername": "CMOS_RES_CAP_TEMP_0"}
[2026-05-26 08:13:25.327 Z] [WARN] [cadence.virtuoso.ade.simulationMonitor] -     WARNING (CMI-2424): I19.I14.C1: `Voffcv' = -867.4e-03 is unusually small. {"history": "Interactive.76", "point": 2, "testname": "TRAN_VDD_PULSE", "cornername": "CMOS_RES_CAP_TEMP_0"}
[2026-05-26 08:13:25.328 Z] [WARN] [cadence.virtuoso.ade.simulationMonitor] -     WARNING (CMI-2424): I19.I14.C4: `Voffcv' = -867.4e-03 is unusually small.
        Further occurrences of this warning will be suppressed. {"history": "Interactive.76", "point": 2, "testname": "TRAN_VDD_PULSE", "cornername": "CMOS_RES_CAP_TEMP_0"}
[2026-05-26 08:13:25.328 Z] [INFO] [cadence.virtuoso.ade.simulationMonitor] - Notice from spectre.
    56 warnings suppressed. {"history": "Interactive.76", "point": 2, "testname": "TRAN_VDD_PULSE", "cornername": "CMOS_RES_CAP_TEMP_0"}
[2026-05-26 08:13:25.328 Z] [WARN] [cadence.virtuoso.ade.simulationMonitor] -     WARNING (CMI-2425): I19.I2.C1: `Acde' = 2.393 is unusually large. {"history": "Interactive.76", "point": 2, "testname": "TRAN_VDD_PULSE", "cornername": "CMOS_RES_CAP_TEMP_0"}
[2026-05-26 08:13:25.328 Z] [WARN] [cadence.virtuoso.ade.simulationMonitor] -     WARNING (CMI-2425): I19.I2.C1: `Noff' = 4.732 is unusually large. {"history": "Interactive.76", "point": 2, "testname": "TRAN_VDD_PULSE", "cornername": "CMOS_RES_CAP_TEMP_0"}
[2026-05-26 08:13:25.328 Z] [WARN] [cadence.virtuoso.ade.simulationMonitor] -     WARNING (CMI-2424): I19.I2.C1: `Voffcv' = -867.4e-03 is unusually small. {"history": "Interactive.76", "point": 2, "testname": "TRAN_VDD_PULSE", "cornername": "CMOS_RES_CAP_TEMP_0"}
[2026-05-26 08:13:25.328 Z] [WARN] [cadence.virtuoso.ade.simulationMonitor] -     WARNING (CMI-2425): I19.I8.C0: `Acde' = 2.393 is unusually large. {"history": "Interactive.76", "point": 2, "testname": "TRAN_VDD_PULSE", "cornername": "CMOS_RES_CAP_TEMP_0"}
[2026-05-26 08:13:25.328 Z] [WARN] [cadence.virtuoso.ade.simulationMonitor] -     WARNING (CMI-2425): I19.I8.C0: `Noff' = 4.732 is unusually large. {"history": "Interactive.76", "point": 2, "testname": "TRAN_VDD_PULSE", "cornername": "CMOS_RES_CAP_TEMP_0"}
[2026-05-26 08:13:25.328 Z] [WARN] [cadence.virtuoso.ade.simulationMonitor] -     WARNING (CMI-2424): I19.I8.C0: `Voffcv' = -867.4e-03 is unusually small. {"history": "Interactive.76", "point": 2, "testname": "TRAN_VDD_PULSE", "cornername": "CMOS_RES_CAP_TEMP_0"}
[2026-05-26 08:13:25.328 Z] [WARN] [cadence.virtuoso.ade.simulationMonitor] -     WARNING (CMI-2425): I19.I8.C1: `Acde' = 2.393 is unusually large.
        Further occurrences of this warning will be suppressed. {"history": "Interactive.76", "point": 2, "testname": "TRAN_VDD_PULSE", "cornername": "CMOS_RES_CAP_TEMP_0"}
[2026-05-26 08:13:25.328 Z] [WARN] [cadence.virtuoso.ade.simulationMonitor] -     WARNING (CMI-2424): I19.I8.C1: `Voffcv' = -867.4e-03 is unusually small. {"history": "Interactive.76", "point": 2, "testname": "TRAN_VDD_PULSE", "cornername": "CMOS_RES_CAP_TEMP_0"}
[2026-05-26 08:13:25.328 Z] [WARN] [cadence.virtuoso.ade.simulationMonitor] -     WARNING (CMI-2424): I19.I14.C1: `Voffcv' = -867.4e-03 is unusually small. {"history": "Interactive.76", "point": 2, "testname": "TRAN_VDD_PULSE", "cornername": "CMOS_RES_CAP_TEMP_0"}
[2026-05-26 08:13:25.328 Z] [WARN] [cadence.virtuoso.ade.simulationMonitor] -     WARNING (CMI-2424): I19.I14.C4: `Voffcv' = -867.4e-03 is unusually small.
        Further occurrences of this warning will be suppressed. {"history": "Interactive.76", "point": 2, "testname": "TRAN_VDD_PULSE", "cornername": "CMOS_RES_CAP_TEMP_0"}
[2026-05-26 08:13:25.329 Z] [INFO] [cadence.virtuoso.ade.simulationMonitor] - Notice from spectre.
    59 warnings suppressed. {"history": "Interactive.76", "point": 2, "testname": "TRAN_VDD_PULSE", "cornername": "CMOS_RES_CAP_TEMP_0"}
[2026-05-26 08:13:25.329 Z] [WARN] [cadence.virtuoso.ade.simulationMonitor] -     WARNING (CMI-2425): I19.I2.C1: `Acde' = 2.393 is unusually large. {"history": "Interactive.76", "point": 2, "testname": "TRAN_VDD_PULSE", "cornername": "CMOS_RES_CAP_TEMP_0"}
[2026-05-26 08:13:25.329 Z] [WARN] [cadence.virtuoso.ade.simulationMonitor] -     WARNING (CMI-2425): I19.I2.C1: `Noff' = 4.732 is unusually large. {"history": "Interactive.76", "point": 2, "testname": "TRAN_VDD_PULSE", "cornername": "CMOS_RES_CAP_TEMP_0"}
[2026-05-26 08:13:25.329 Z] [WARN] [cadence.virtuoso.ade.simulationMonitor] -     WARNING (CMI-2424): I19.I2.C1: `Voffcv' = -867.4e-03 is unusually small. {"history": "Interactive.76", "point": 2, "testname": "TRAN_VDD_PULSE", "cornername": "CMOS_RES_CAP_TEMP_0"}
[2026-05-26 08:13:25.329 Z] [WARN] [cadence.virtuoso.ade.simulationMonitor] -     WARNING (CMI-2425): I19.I8.C0: `Acde' = 2.393 is unusually large. {"history": "Interactive.76", "point": 2, "testname": "TRAN_VDD_PULSE", "cornername": "CMOS_RES_CAP_TEMP_0"}
[2026-05-26 08:13:25.329 Z] [WARN] [cadence.virtuoso.ade.simulationMonitor] -     WARNING (CMI-2425): I19.I8.C0: `Noff' = 4.732 is unusually large. {"history": "Interactive.76", "point": 2, "testname": "TRAN_VDD_PULSE", "cornername": "CMOS_RES_CAP_TEMP_0"}
[2026-05-26 08:13:25.329 Z] [WARN] [cadence.virtuoso.ade.simulationMonitor] -     WARNING (CMI-2424): I19.I8.C0: `Voffcv' = -867.4e-03 is unusually small. {"history": "Interactive.76", "point": 2, "testname": "TRAN_VDD_PULSE", "cornername": "CMOS_RES_CAP_TEMP_0"}
[2026-05-26 08:13:25.329 Z] [WARN] [cadence.virtuoso.ade.simulationMonitor] -     WARNING (CMI-2425): I19.I8.C1: `Acde' = 2.393 is unusually large.
        Further occurrences of this warning will be suppressed. {"history": "Interactive.76", "point": 2, "testname": "TRAN_VDD_PULSE", "cornername": "CMOS_RES_CAP_TEMP_0"}
[2026-05-26 08:13:25.329 Z] [WARN] [cadence.virtuoso.ade.simulationMonitor] -     WARNING (CMI-2424): I19.I8.C1: `Voffcv' = -867.4e-03 is unusually small. {"history": "Interactive.76", "point": 2, "testname": "TRAN_VDD_PULSE", "cornername": "CMOS_RES_CAP_TEMP_0"}
[2026-05-26 08:13:25.329 Z] [WARN] [cadence.virtuoso.ade.simulationMonitor] -     WARNING (CMI-2424): I19.I14.C1: `Voffcv' = -867.4e-03 is unusually small. {"history": "Interactive.76", "point": 2, "testname": "TRAN_VDD_PULSE", "cornername": "CMOS_RES_CAP_TEMP_0"}
[2026-05-26 08:13:25.329 Z] [WARN] [cadence.virtuoso.ade.simulationMonitor] -     WARNING (CMI-2424): I19.I14.C4: `Voffcv' = -867.4e-03 is unusually small.
        Further occurrences of this warning will be suppressed. {"history": "Interactive.76", "point": 2, "testname": "TRAN_VDD_PULSE", "cornername": "CMOS_RES_CAP_TEMP_0"}
[2026-05-26 08:13:25.329 Z] [INFO] [cadence.virtuoso.ade.simulationMonitor] - Notice from spectre.
    56 warnings suppressed. {"history": "Interactive.76", "point": 2, "testname": "TRAN_VDD_PULSE", "cornername": "CMOS_RES_CAP_TEMP_0"}
[2026-05-26 08:13:25.329 Z] [WARN] [cadence.virtuoso.ade.simulationMonitor] -     WARNING (CMI-2425): I19.I2.C1: `Acde' = 2.393 is unusually large. {"history": "Interactive.76", "point": 2, "testname": "TRAN_VDD_PULSE", "cornername": "CMOS_RES_CAP_TEMP_0"}
[2026-05-26 08:13:25.329 Z] [WARN] [cadence.virtuoso.ade.simulationMonitor] -     WARNING (CMI-2425): I19.I2.C1: `Noff' = 4.732 is unusually large. {"history": "Interactive.76", "point": 2, "testname": "TRAN_VDD_PULSE", "cornername": "CMOS_RES_CAP_TEMP_0"}
[2026-05-26 08:13:25.329 Z] [WARN] [cadence.virtuoso.ade.simulationMonitor] -     WARNING (CMI-2424): I19.I2.C1: `Voffcv' = -867.4e-03 is unusually small. {"history": "Interactive.76", "point": 2, "testname": "TRAN_VDD_PULSE", "cornername": "CMOS_RES_CAP_TEMP_0"}
[2026-05-26 08:13:25.329 Z] [WARN] [cadence.virtuoso.ade.simulationMonitor] -     WARNING (CMI-2425): I19.I8.C0: `Acde' = 2.393 is unusually large. {"history": "Interactive.76", "point": 2, "testname": "TRAN_VDD_PULSE", "cornername": "CMOS_RES_CAP_TEMP_0"}
[2026-05-26 08:13:25.330 Z] [WARN] [cadence.virtuoso.ade.simulationMonitor] -     WARNING (CMI-2425): I19.I8.C0: `Noff' = 4.732 is unusually large. {"history": "Interactive.76", "point": 2, "testname": "TRAN_VDD_PULSE", "cornername": "CMOS_RES_CAP_TEMP_0"}
[2026-05-26 08:13:25.330 Z] [WARN] [cadence.virtuoso.ade.simulationMonitor] -     WARNING (CMI-2424): I19.I8.C0: `Voffcv' = -867.4e-03 is unusually small. {"history": "Interactive.76", "point": 2, "testname": "TRAN_VDD_PULSE", "cornername": "CMOS_RES_CAP_TEMP_0"}
[2026-05-26 08:13:25.330 Z] [WARN] [cadence.virtuoso.ade.simulationMonitor] -     WARNING (CMI-2425): I19.I8.C1: `Acde' = 2.393 is unusually large.
        Further occurrences of this warning will be suppressed. {"history": "Interactive.76", "point": 2, "testname": "TRAN_VDD_PULSE", "cornername": "CMOS_RES_CAP_TEMP_0"}
[2026-05-26 08:13:25.330 Z] [WARN] [cadence.virtuoso.ade.simulationMonitor] -     WARNING (CMI-2424): I19.I8.C1: `Voffcv' = -867.4e-03 is unusually small. {"history": "Interactive.76", "point": 2, "testname": "TRAN_VDD_PULSE", "cornername": "CMOS_RES_CAP_TEMP_0"}
[2026-05-26 08:13:25.330 Z] [WARN] [cadence.virtuoso.ade.simulationMonitor] -     WARNING (CMI-2424): I19.I14.C1: `Voffcv' = -867.4e-03 is unusually small. {"history": "Interactive.76", "point": 2, "testname": "TRAN_VDD_PULSE", "cornername": "CMOS_RES_CAP_TEMP_0"}
[2026-05-26 08:13:25.330 Z] [WARN] [cadence.virtuoso.ade.simulationMonitor] -     WARNING (CMI-2424): I19.I14.C4: `Voffcv' = -867.4e-03 is unusually small.
        Further occurrences of this warning will be suppressed. {"history": "Interactive.76", "point": 2, "testname": "TRAN_VDD_PULSE", "cornername": "CMOS_RES_CAP_TEMP_0"}
[2026-05-26 08:13:25.330 Z] [INFO] [cadence.virtuoso.ade.simulationMonitor] - Notice from spectre.
    56 warnings suppressed. {"history": "Interactive.76", "point": 2, "testname": "TRAN_VDD_PULSE", "cornername": "CMOS_RES_CAP_TEMP_0"}
[2026-05-26 08:13:25.330 Z] [INFO] [cadence.virtuoso.ade.simulationMonitor] - Time used: CPU = 73 s (1m  13.0s), elapsed = 81.9 s (1m  21.9s), util. = 89.1%. {"history": "Interactive.76", "point": 2, "testname": "TRAN_VDD_PULSE", "cornername": "CMOS_RES_CAP_TEMP_0"}
[2026-05-26 08:13:25.330 Z] [INFO] [cadence.virtuoso.ade.simulationMonitor] - Time spent in licensing: elapsed = 36.9 ms. {"history": "Interactive.76", "point": 2, "testname": "TRAN_VDD_PULSE", "cornername": "CMOS_RES_CAP_TEMP_0"}
[2026-05-26 08:13:25.330 Z] [INFO] [cadence.virtuoso.ade.simulationMonitor] - Peak memory used = 230 Mbytes. {"history": "Interactive.76", "point": 2, "testname": "TRAN_VDD_PULSE", "cornername": "CMOS_RES_CAP_TEMP_0"}
[2026-05-26 08:13:25.330 Z] [PROCESS] [cadence.virtuoso.ade.simulationMonitor] - Simulation started at: 8:12:02 AM, Tue May 26, 2026, ended at: 8:13:24 AM, Tue May 26, 2026, with elapsed time (wall clock): 81.9 s (1m  21.9s). {"history": "Interactive.76", "point": 2, "testname": "TRAN_VDD_PULSE", "cornername": "CMOS_RES_CAP_TEMP_0"}
[2026-05-26 08:13:25.330 Z] [PROCESS] [cadence.virtuoso.ade.simulationMonitor] - spectre completes with 0 errors, 97 warnings, and 33 notices. {"history": "Interactive.76", "point": 2, "testname": "TRAN_VDD_PULSE", "cornername": "CMOS_RES_CAP_TEMP_0"}
[2026-05-26 08:13:25.331 Z] [PROCESS] [cadence.virtuoso.ade.simulationMonitor] - Finished simulating for one point {"hostname": "edatools", "processid": 229924, "history": "Interactive.76", "testname": "TRAN_VDD_PULSE", "cornername": "CMOS_RES_CAP_TEMP_0", "point": 2, "logfile": "/home/saul/projects/IL2244_VT26_SAUL/logs_saul/logs0/Job38.log", "simid": "1"}
[2026-05-26 08:13:25.331 Z] [PROCESS] [cadence.virtuoso.ade.simulationMonitor] - Simulator exited {"hostname": "edatools", "processid": 229924, "history": "Interactive.76", "testname": "TRAN_VDD_PULSE", "cornername": "CMOS_RES_CAP_TEMP_0", "point": 2, "logfile": "/home/saul/projects/IL2244_VT26_SAUL/logs_saul/logs0/Job38.log", "exitStatus": "0"}
[2026-05-26 08:13:25.331 Z] [PROCESS] [cadence.virtuoso.ade.simulationMonitor] - Finished Simulation {"hostname": "edatools", "processid": 229924, "history": "Interactive.76", "testname": "TRAN_VDD_PULSE", "cornername": "CMOS_RES_CAP_TEMP_0", "point": 2, "logfile": "/home/saul/projects/IL2244_VT26_SAUL/logs_saul/logs0/Job38.log", "simid": "1"}
[2026-05-26 08:13:27.336 Z] [PROCESS] [cadence.virtuoso.ade.simulationMonitor] - Point Finished {"hostname": "edatools", "processid": 229924, "history": "Interactive.76", "testname": "TRAN_VDD_PULSE", "cornername": "CMOS_RES_CAP_TEMP_0", "point": 2, "logfile": "/home/saul/projects/IL2244_VT26_SAUL/logs_saul/logs0/Job38.log"}
[2026-05-26 08:13:27.338 Z] [PROCESS] [cadence.virtuoso.ade.simulationMonitor] - HostInfo:
Host name (type):	edatools (x86_64)
Operating system:	Linux 6.17.0-29-generic #29~24.04.1-Ubuntu SMP PREEMPT_DYNAMIC Mon May 11 10:30:58 UTC 2 {"hostname": "edatools", "processid": 229924, "history": "Interactive.76", "testname": "TRAN_VDD_PULSE", "cornername": "CMOS_RES_CAP_TEMP_0", "point": 2, "logfile": "/home/saul/projects/IL2244_VT26_SAUL/logs_saul/logs0/Job38.log", "nodename": "edatools", "domainname": "(none)", "machine": "x86_64", "sysname": "Linux", "release": "6.17.0-29-generic", "version": "#29~24.04.1-Ubuntu SMP PREEMPT_DYNAMIC Mon May 11 10:30:58 UTC 2"}
[2026-05-26 08:13:27.338 Z] [PROCESS] [cadence.virtuoso.ade.simulationMonitor] - UsageInfo:
pid=229924
totalPhysicalMemory=62.544987GB,Used=44.452141GB,totalVirtualMemory=70.544983GB,Used=44.452141GB
Cpu: Cores=16, Load average:5.820000,3.710000,3.630000 {"hostname": "edatools", "processid": 229924, "history": "Interactive.76", "testname": "TRAN_VDD_PULSE", "cornername": "CMOS_RES_CAP_TEMP_0", "point": 2, "logfile": "/home/saul/projects/IL2244_VT26_SAUL/logs_saul/logs0/Job38.log", "pid": "229924", "totalPhysicalMemory": "62.544987", "physicalMemoryUsed": "44.452141", "totalVirtualMemory": "70.544983", "virtualMemoryUsed": "44.452141", "cpuCores": "16", "processes": "1751", "loadAverage1": "5.820000", "loadAverage5": "3.710000", "loadAverage15": "3.630000", "loadAverage1Percent": "0.363750"}
[2026-05-26 08:13:27.338 Z] [EVENT] [cadence.virtuoso.ade.simulationMonitor] - NewPoint {"history": "Interactive.76", "point": 9, "testname": "TRAN_VDD_PULSE", "cornername": "CMOS_RES_CAP_TEMP_7", "event": "NewPoint", "EventSource": "Simulation Monitor", "HistoryName": "Interactive.76", "logFile": "/home/saul/projects/IL2244_VT26_SAUL/logs_saul/logs0/Job38.log", "logFileSize": "45337"}
[2026-05-26 08:13:27.439 Z] [EVENT] [cadence.virtuoso.ade.simulationMonitor] - NewPoint {"history": "Interactive.76", "point": 9, "testname": "TRAN_VDD_PULSE", "cornername": "CMOS_RES_CAP_TEMP_7", "event": "NewPoint", "EventSource": "spectre", "HistoryName": "Interactive.76", "logFile": "/home/saul/projects/IL2244_VT26_SAUL/Sim/FECG/fecg_front_end_tran_tb/maestro/results/maestro/Interactive.76/9/TRAN_VDD_PULSE/psf/spectre.out", "logFileSize": "-1"}
[2026-05-26 08:13:27.442 Z] [PROCESS] [cadence.virtuoso.ade.simulationMonitor] - Simulator launched {"hostname": "edatools", "processid": 229924, "history": "Interactive.76", "testname": "TRAN_VDD_PULSE", "cornername": "CMOS_RES_CAP_TEMP_7", "point": 9, "logfile": "/home/saul/projects/IL2244_VT26_SAUL/logs_saul/logs0/Job38.log", "simid": "2"}
[2026-05-26 08:13:27.456 Z] [PROCESS] [cadence.virtuoso.ade.simulationMonitor] - Started Simulation {"hostname": "edatools", "processid": 229924, "history": "Interactive.76", "testname": "TRAN_VDD_PULSE", "cornername": "CMOS_RES_CAP_TEMP_7", "point": 9, "logfile": "/home/saul/projects/IL2244_VT26_SAUL/logs_saul/logs0/Job38.log", "event": "started", "task": "simulation"}
[2026-05-26 08:13:27.956 Z] [INFO] [cadence.virtuoso.ade.simulationMonitor] - Notice from spectre during circuit read-in.
    Pre_Configuration file used: /opt/tools/cadence/installs/SPECTRE241/tools.lnx86/spectre/etc/configs/preset.precfg
    Configuration file used: `/opt/tools/cadence/installs/SPECTRE241/tools.lnx86/spectre/etc/configs/preset.cfg'. {"history": "Interactive.76", "point": 9, "testname": "TRAN_VDD_PULSE", "cornername": "CMOS_RES_CAP_TEMP_7"}
[2026-05-26 08:13:27.956 Z] [WARN] [cadence.virtuoso.ade.simulationMonitor] -     WARNING (SPECTRE-8360): line 1511: `ac' is an undefined primitive device. {"history": "Interactive.76", "point": 9, "testname": "TRAN_VDD_PULSE", "cornername": "CMOS_RES_CAP_TEMP_7"}
[2026-05-26 08:13:27.956 Z] [WARN] [cadence.virtuoso.ade.simulationMonitor] -     WARNING (SPECTRE-8360): line 1512: `ac' is an undefined primitive device. {"history": "Interactive.76", "point": 9, "testname": "TRAN_VDD_PULSE", "cornername": "CMOS_RES_CAP_TEMP_7"}
[2026-05-26 08:13:27.956 Z] [WARN] [cadence.virtuoso.ade.simulationMonitor] -     WARNING (SPECTRE-8360): line 1513: `ac' is an undefined primitive device. {"history": "Interactive.76", "point": 9, "testname": "TRAN_VDD_PULSE", "cornername": "CMOS_RES_CAP_TEMP_7"}
[2026-05-26 08:13:27.956 Z] [WARN] [cadence.virtuoso.ade.simulationMonitor] -     WARNING (SPECTRE-8360): line 1514: `ac' is an undefined primitive device. {"history": "Interactive.76", "point": 9, "testname": "TRAN_VDD_PULSE", "cornername": "CMOS_RES_CAP_TEMP_7"}
[2026-05-26 08:13:27.956 Z] [WARN] [cadence.virtuoso.ade.simulationMonitor] -     WARNING (SPECTRE-8360): line 1515: `ac' is an undefined primitive device.
        Further occurrences of this warning will be suppressed. {"history": "Interactive.76", "point": 9, "testname": "TRAN_VDD_PULSE", "cornername": "CMOS_RES_CAP_TEMP_7"}
[2026-05-26 08:13:27.957 Z] [INFO] [cadence.virtuoso.ade.simulationMonitor] - Peak resident memory used = 173 Mbytes. {"history": "Interactive.76", "point": 9, "testname": "TRAN_VDD_PULSE", "cornername": "CMOS_RES_CAP_TEMP_7"}
[2026-05-26 08:13:27.957 Z] [WARN] [cadence.virtuoso.ade.simulationMonitor] -     WARNING (VACOMP-2435): The environment variable CDS_AHDLCMI_ENABLE is no longer supported. Therefore, the simulator will use the default compiled C code flow. {"history": "Interactive.76", "point": 9, "testname": "TRAN_VDD_PULSE", "cornername": "CMOS_RES_CAP_TEMP_7"}
[2026-05-26 08:13:27.957 Z] [WARN] [cadence.virtuoso.ade.simulationMonitor] -     WARNING (SFE-3014): The floating device I19.I0.I5.MN14<0>_turbo_m4 is removed. {"history": "Interactive.76", "point": 9, "testname": "TRAN_VDD_PULSE", "cornername": "CMOS_RES_CAP_TEMP_7"}
[2026-05-26 08:13:27.957 Z] [WARN] [cadence.virtuoso.ade.simulationMonitor] -     WARNING (SFE-3012): The dummy device I19.I4.MP16<0>_turbo_m41 is removed. {"history": "Interactive.76", "point": 9, "testname": "TRAN_VDD_PULSE", "cornername": "CMOS_RES_CAP_TEMP_7"}
[2026-05-26 08:13:27.957 Z] [WARN] [cadence.virtuoso.ade.simulationMonitor] -     WARNING (SFE-3014): The floating device I19.I8.MN57<0>_turbo_m28 is removed. {"history": "Interactive.76", "point": 9, "testname": "TRAN_VDD_PULSE", "cornername": "CMOS_RES_CAP_TEMP_7"}
[2026-05-26 08:13:27.957 Z] [WARN] [cadence.virtuoso.ade.simulationMonitor] -     WARNING (SFE-3012): The dummy device I19.I14.MP13<0>_turbo_m4 is removed. {"history": "Interactive.76", "point": 9, "testname": "TRAN_VDD_PULSE", "cornername": "CMOS_RES_CAP_TEMP_7"}
[2026-05-26 08:13:27.957 Z] [WARN] [cadence.virtuoso.ade.simulationMonitor] -     WARNING (SFE-3031): The floating capacitor I19.I12.C10<0>_turbo_m12.C1 is removed. {"history": "Interactive.76", "point": 9, "testname": "TRAN_VDD_PULSE", "cornername": "CMOS_RES_CAP_TEMP_7"}
[2026-05-26 08:13:27.957 Z] [WARN] [cadence.virtuoso.ade.simulationMonitor] -     WARNING (SFE-3014): The floating device I19.I2.MN37<0>_turbo_m4 is removed. {"history": "Interactive.76", "point": 9, "testname": "TRAN_VDD_PULSE", "cornername": "CMOS_RES_CAP_TEMP_7"}
[2026-05-26 08:13:27.957 Z] [WARN] [cadence.virtuoso.ade.simulationMonitor] -     WARNING (SFE-3012): The dummy device I19.I0.I5.MP12<0>_turbo_m2 is removed. {"history": "Interactive.76", "point": 9, "testname": "TRAN_VDD_PULSE", "cornername": "CMOS_RES_CAP_TEMP_7"}
[2026-05-26 08:13:27.957 Z] [WARN] [cadence.virtuoso.ade.simulationMonitor] -     WARNING (SFE-3014): The floating device I19.I0.MN13<0>_turbo_m4 is removed. {"history": "Interactive.76", "point": 9, "testname": "TRAN_VDD_PULSE", "cornername": "CMOS_RES_CAP_TEMP_7"}
[2026-05-26 08:13:27.957 Z] [WARN] [cadence.virtuoso.ade.simulationMonitor] -     WARNING (SFE-3012): The dummy device I19.I0.I3.MP13<0>_turbo_m4 is removed. {"history": "Interactive.76", "point": 9, "testname": "TRAN_VDD_PULSE", "cornername": "CMOS_RES_CAP_TEMP_7"}
[2026-05-26 08:13:27.957 Z] [WARN] [cadence.virtuoso.ade.simulationMonitor] -     WARNING (SFE-3031): The floating capacitor I19.I12.C6<0>_turbo_m3.C1 is removed. {"history": "Interactive.76", "point": 9, "testname": "TRAN_VDD_PULSE", "cornername": "CMOS_RES_CAP_TEMP_7"}
[2026-05-26 08:13:27.957 Z] [WARN] [cadence.virtuoso.ade.simulationMonitor] -     WARNING (SFE-3012): The dummy device I19.I0.MP11<0>_turbo_m4 is removed.
        Further occurrences of this warning will be suppressed. {"history": "Interactive.76", "point": 9, "testname": "TRAN_VDD_PULSE", "cornername": "CMOS_RES_CAP_TEMP_7"}
[2026-05-26 08:13:27.957 Z] [WARN] [cadence.virtuoso.ade.simulationMonitor] -     WARNING (SFE-3031): The floating capacitor I19.I11.C7<0>_turbo_m3.C1 is removed. {"history": "Interactive.76", "point": 9, "testname": "TRAN_VDD_PULSE", "cornername": "CMOS_RES_CAP_TEMP_7"}
[2026-05-26 08:13:27.957 Z] [WARN] [cadence.virtuoso.ade.simulationMonitor] -     WARNING (SFE-3014): The floating device I19.I12.MN57<0>_turbo_m28 is removed.
        Further occurrences of this warning will be suppressed. {"history": "Interactive.76", "point": 9, "testname": "TRAN_VDD_PULSE", "cornername": "CMOS_RES_CAP_TEMP_7"}
[2026-05-26 08:13:27.958 Z] [WARN] [cadence.virtuoso.ade.simulationMonitor] -     WARNING (SFE-3031): The floating capacitor I19.I11.C10<0>_turbo_m12.C1 is removed. {"history": "Interactive.76", "point": 9, "testname": "TRAN_VDD_PULSE", "cornername": "CMOS_RES_CAP_TEMP_7"}
[2026-05-26 08:13:27.958 Z] [WARN] [cadence.virtuoso.ade.simulationMonitor] -     WARNING (SFE-3031): The floating capacitor I19.I12.C7<0>_turbo_m3.C1 is removed.
        Further occurrences of this warning will be suppressed. {"history": "Interactive.76", "point": 9, "testname": "TRAN_VDD_PULSE", "cornername": "CMOS_RES_CAP_TEMP_7"}
[2026-05-26 08:13:27.958 Z] [INFO] [cadence.virtuoso.ade.simulationMonitor] - Notice from spectre during hierarchy flattening.
    The value 'psf' specified for the 'checklimitdest' option will no longer be supported in future releases. Use 'spectre -h' to see other recommended values for the 'checklimitdest' option. {"history": "Interactive.76", "point": 9, "testname": "TRAN_VDD_PULSE", "cornername": "CMOS_RES_CAP_TEMP_7"}
[2026-05-26 08:13:27.958 Z] [INFO] [cadence.virtuoso.ade.simulationMonitor] - Peak resident memory used = 189 Mbytes. {"history": "Interactive.76", "point": 9, "testname": "TRAN_VDD_PULSE", "cornername": "CMOS_RES_CAP_TEMP_7"}
[2026-05-26 08:13:27.958 Z] [INFO] [cadence.virtuoso.ade.simulationMonitor] - Notice from spectre during hierarchy flattening.
    The value 'psf' specified for the 'checklimitdest' option will no longer be supported in future releases. Use 'spectre -h' to see other recommended values for the 'checklimitdest' option.
    I19.I0.R10.CS0 of rpolyhc: `c' has the unusually small value of 0 F.
    I19.I0.R10.CS1 of rpolyhc: `c' has the unusually small value of 0 F.
    I19.I0.R9.CS0 of rpolyhc: `c' has the unusually small value of 0 F.
    I19.I0.R9.CS1 of rpolyhc: `c' has the unusually ... {"history": "Interactive.76", "point": 9, "testname": "TRAN_VDD_PULSE", "cornername": "CMOS_RES_CAP_TEMP_7"}
[2026-05-26 08:13:27.958 Z] [INFO] [cadence.virtuoso.ade.simulationMonitor] - Notice from spectre during hierarchy flattening.
    V17: `period' has the unusually large value of 20 s.
    V17: `width' has the unusually large value of 19 s.
    V16: `period' has the unusually large value of 10 s.
    V16: `width' has the unusually large value of 9 s.
    V9: `period' has the unusually large value of 10 s.
        Further occurrences of this notice will be suppressed. {"history": "Interactive.76", "point": 9, "testname": "TRAN_VDD_PULSE", "cornername": "CMOS_RES_CAP_TEMP_7"}
[2026-05-26 08:13:27.958 Z] [INFO] [cadence.virtuoso.ade.simulationMonitor] - Peak resident memory used = 192 Mbytes. {"history": "Interactive.76", "point": 9, "testname": "TRAN_VDD_PULSE", "cornername": "CMOS_RES_CAP_TEMP_7"}
[2026-05-26 08:13:27.958 Z] [WARN] [cadence.virtuoso.ade.simulationMonitor] -     WARNING (CMI-2425): I19.I0.C2: `Acde' = 2.393 is unusually large. {"history": "Interactive.76", "point": 9, "testname": "TRAN_VDD_PULSE", "cornername": "CMOS_RES_CAP_TEMP_7"}
[2026-05-26 08:13:27.958 Z] [WARN] [cadence.virtuoso.ade.simulationMonitor] -     WARNING (CMI-2425): I19.I0.C2: `Noff' = 4.732 is unusually large. {"history": "Interactive.76", "point": 9, "testname": "TRAN_VDD_PULSE", "cornername": "CMOS_RES_CAP_TEMP_7"}
[2026-05-26 08:13:27.958 Z] [WARN] [cadence.virtuoso.ade.simulationMonitor] -     WARNING (CMI-2424): I19.I0.C2: `Voffcv' = -867.4e-03 is unusually small. {"history": "Interactive.76", "point": 9, "testname": "TRAN_VDD_PULSE", "cornername": "CMOS_RES_CAP_TEMP_7"}
[2026-05-26 08:13:27.958 Z] [WARN] [cadence.virtuoso.ade.simulationMonitor] -     WARNING (CMI-2425): I19.I0.C3: `Acde' = 2.393 is unusually large. {"history": "Interactive.76", "point": 9, "testname": "TRAN_VDD_PULSE", "cornername": "CMOS_RES_CAP_TEMP_7"}
[2026-05-26 08:13:27.958 Z] [WARN] [cadence.virtuoso.ade.simulationMonitor] -     WARNING (CMI-2425): I19.I0.C3: `Noff' = 4.732 is unusually large. {"history": "Interactive.76", "point": 9, "testname": "TRAN_VDD_PULSE", "cornername": "CMOS_RES_CAP_TEMP_7"}
[2026-05-26 08:13:27.958 Z] [WARN] [cadence.virtuoso.ade.simulationMonitor] -     WARNING (CMI-2424): I19.I0.C3: `Voffcv' = -867.4e-03 is unusually small. {"history": "Interactive.76", "point": 9, "testname": "TRAN_VDD_PULSE", "cornername": "CMOS_RES_CAP_TEMP_7"}
[2026-05-26 08:13:27.959 Z] [WARN] [cadence.virtuoso.ade.simulationMonitor] -     WARNING (CMI-2425): I19.I0.C0: `Acde' = 2.393 is unusually large.
        Further occurrences of this warning will be suppressed. {"history": "Interactive.76", "point": 9, "testname": "TRAN_VDD_PULSE", "cornername": "CMOS_RES_CAP_TEMP_7"}
[2026-05-26 08:13:27.959 Z] [WARN] [cadence.virtuoso.ade.simulationMonitor] -     WARNING (CMI-2424): I19.I0.C0: `Voffcv' = -867.4e-03 is unusually small. {"history": "Interactive.76", "point": 9, "testname": "TRAN_VDD_PULSE", "cornername": "CMOS_RES_CAP_TEMP_7"}
[2026-05-26 08:13:27.959 Z] [WARN] [cadence.virtuoso.ade.simulationMonitor] -     WARNING (CMI-2424): I19.I0.I3.C1: `Voffcv' = -867.4e-03 is unusually small. {"history": "Interactive.76", "point": 9, "testname": "TRAN_VDD_PULSE", "cornername": "CMOS_RES_CAP_TEMP_7"}
[2026-05-26 08:13:27.959 Z] [WARN] [cadence.virtuoso.ade.simulationMonitor] -     WARNING (CMI-2424): I19.I0.C1<0>_turbo_m5: `Voffcv' = -867.4e-03 is unusually small.
        Further occurrences of this warning will be suppressed. {"history": "Interactive.76", "point": 9, "testname": "TRAN_VDD_PULSE", "cornername": "CMOS_RES_CAP_TEMP_7"}
[2026-05-26 08:13:27.959 Z] [WARN] [cadence.virtuoso.ade.simulationMonitor] -     WARNING (SPECTRE-17607): Assert `SOAC_rpolyh_vminuspsub' is ignored because it contains an expression which is invalid or not supported by native evaluator.  {"history": "Interactive.76", "point": 9, "testname": "TRAN_VDD_PULSE", "cornername": "CMOS_RES_CAP_TEMP_7"}
[2026-05-26 08:13:27.959 Z] [WARN] [cadence.virtuoso.ade.simulationMonitor] -     WARNING (SPECTRE-17607): Assert `SOAC_rpolyh_vpluspsub' is ignored because it contains an expression which is invalid or not supported by native evaluator.  {"history": "Interactive.76", "point": 9, "testname": "TRAN_VDD_PULSE", "cornername": "CMOS_RES_CAP_TEMP_7"}
[2026-05-26 08:13:27.959 Z] [WARN] [cadence.virtuoso.ade.simulationMonitor] -     WARNING (SPECTRE-16460): SOAC_cvarm_vspsub:Specified subcircuit master `cvarm' was not found. {"history": "Interactive.76", "point": 9, "testname": "TRAN_VDD_PULSE", "cornername": "CMOS_RES_CAP_TEMP_7"}
[2026-05-26 08:13:27.959 Z] [WARN] [cadence.virtuoso.ade.simulationMonitor] -     WARNING (SPECTRE-16462): SOAC_cvarm_vspsub:Error in specification of subcircuit master. Assert is ignored. {"history": "Interactive.76", "point": 9, "testname": "TRAN_VDD_PULSE", "cornername": "CMOS_RES_CAP_TEMP_7"}
[2026-05-26 08:13:27.959 Z] [WARN] [cadence.virtuoso.ade.simulationMonitor] -     WARNING (SPECTRE-16460): SOAC_cvarm_vbs:Specified subcircuit master `cvarm' was not found. {"history": "Interactive.76", "point": 9, "testname": "TRAN_VDD_PULSE", "cornername": "CMOS_RES_CAP_TEMP_7"}
[2026-05-26 08:13:27.959 Z] [WARN] [cadence.virtuoso.ade.simulationMonitor] -     WARNING (SPECTRE-16462): SOAC_cvarm_vbs:Error in specification of subcircuit master. Assert is ignored. {"history": "Interactive.76", "point": 9, "testname": "TRAN_VDD_PULSE", "cornername": "CMOS_RES_CAP_TEMP_7"}
[2026-05-26 08:13:27.959 Z] [WARN] [cadence.virtuoso.ade.simulationMonitor] -     WARNING (SPECTRE-16460): SOAC_cvarm_vgb:Specified subcircuit master `cvarm' was not found. {"history": "Interactive.76", "point": 9, "testname": "TRAN_VDD_PULSE", "cornername": "CMOS_RES_CAP_TEMP_7"}
[2026-05-26 08:13:27.959 Z] [WARN] [cadence.virtuoso.ade.simulationMonitor] -     WARNING (SPECTRE-16462): SOAC_cvarm_vgb:Error in specification of subcircuit master. Assert is ignored. {"history": "Interactive.76", "point": 9, "testname": "TRAN_VDD_PULSE", "cornername": "CMOS_RES_CAP_TEMP_7"}
[2026-05-26 08:13:27.959 Z] [WARN] [cadence.virtuoso.ade.simulationMonitor] -     WARNING (SPECTRE-16460): SOAC_cvart_vspsub:Specified subcircuit master `cvart' was not found. {"history": "Interactive.76", "point": 9, "testname": "TRAN_VDD_PULSE", "cornername": "CMOS_RES_CAP_TEMP_7"}
[2026-05-26 08:13:27.959 Z] [WARN] [cadence.virtuoso.ade.simulationMonitor] -     WARNING (SPECTRE-16462): SOAC_cvart_vspsub:Error in specification of subcircuit master. Assert is ignored. {"history": "Interactive.76", "point": 9, "testname": "TRAN_VDD_PULSE", "cornername": "CMOS_RES_CAP_TEMP_7"}
[2026-05-26 08:13:27.960 Z] [WARN] [cadence.virtuoso.ade.simulationMonitor] -     WARNING (SPECTRE-16460): SOAC_cvart_vbs:Specified subcircuit master `cvart' was not found.
        Further occurrences of this warning will be suppressed. {"history": "Interactive.76", "point": 9, "testname": "TRAN_VDD_PULSE", "cornername": "CMOS_RES_CAP_TEMP_7"}
[2026-05-26 08:13:27.960 Z] [WARN] [cadence.virtuoso.ade.simulationMonitor] -     WARNING (SPECTRE-16462): SOAC_cvart_vbs:Error in specification of subcircuit master. Assert is ignored.
        Further occurrences of this warning will be suppressed. {"history": "Interactive.76", "point": 9, "testname": "TRAN_VDD_PULSE", "cornername": "CMOS_RES_CAP_TEMP_7"}
[2026-05-26 08:13:27.960 Z] [WARN] [cadence.virtuoso.ade.simulationMonitor] -     WARNING (SPECTRE-17607): Assert `SOAC_cvar_vspsub' is ignored because it contains an expression which is invalid or not supported by native evaluator.  {"history": "Interactive.76", "point": 9, "testname": "TRAN_VDD_PULSE", "cornername": "CMOS_RES_CAP_TEMP_7"}
[2026-05-26 08:13:27.960 Z] [WARN] [cadence.virtuoso.ade.simulationMonitor] -     WARNING (SPECTRE-17607): Assert `SOAC_cvar_vbpsub' is ignored because it contains an expression which is invalid or not supported by native evaluator.  {"history": "Interactive.76", "point": 9, "testname": "TRAN_VDD_PULSE", "cornername": "CMOS_RES_CAP_TEMP_7"}
[2026-05-26 08:13:27.960 Z] [WARN] [cadence.virtuoso.ade.simulationMonitor] -     WARNING (SPECTRE-17607): Assert `SOAC_cvar_vgpsub' is ignored because it contains an expression which is invalid or not supported by native evaluator. 
        Further occurrences of this warning will be suppressed. {"history": "Interactive.76", "point": 9, "testname": "TRAN_VDD_PULSE", "cornername": "CMOS_RES_CAP_TEMP_7"}
[2026-05-26 08:13:28.460 Z] [INFO] [cadence.virtuoso.ade.simulationMonitor] - Notice from spectre during topology check.
    No DC path from node `net19' to ground, Gmin installed to provide path. {"history": "Interactive.76", "point": 9, "testname": "TRAN_VDD_PULSE", "cornername": "CMOS_RES_CAP_TEMP_7"}
[2026-05-26 08:13:28.460 Z] [INFO] [cadence.virtuoso.ade.simulationMonitor] - Notice from spectre during initial setup.
    Multithreading is disabled due to the size of the design being too small. {"history": "Interactive.76", "point": 9, "testname": "TRAN_VDD_PULSE", "cornername": "CMOS_RES_CAP_TEMP_7"}
[2026-05-26 08:13:28.461 Z] [WARN] [cadence.virtuoso.ade.simulationMonitor] -     WARNING (SPECTRE-592): Following parameters are disabled because they are ignored or redefined in Spectre X:
        Option Parameters:
          reltol
        
         {"history": "Interactive.76", "point": 9, "testname": "TRAN_VDD_PULSE", "cornername": "CMOS_RES_CAP_TEMP_7"}
[2026-05-26 08:13:28.461 Z] [INFO] [cadence.virtuoso.ade.simulationMonitor] -               nodes 784 {"history": "Interactive.76", "point": 9, "testname": "TRAN_VDD_PULSE", "cornername": "CMOS_RES_CAP_TEMP_7"}
[2026-05-26 08:13:28.461 Z] [INFO] [cadence.virtuoso.ade.simulationMonitor] - Notice from spectre during initial setup.
    4 vsources are shorted because their absolute value is less than or equal to 'vabsshort'.
    Spectre X preset=vx enabled. {"history": "Interactive.76", "point": 9, "testname": "TRAN_VDD_PULSE", "cornername": "CMOS_RES_CAP_TEMP_7"}
[2026-05-26 08:13:28.461 Z] [INFO] [cadence.virtuoso.ade.simulationMonitor] - Peak resident memory used = 212 Mbytes. {"history": "Interactive.76", "point": 9, "testname": "TRAN_VDD_PULSE", "cornername": "CMOS_RES_CAP_TEMP_7"}
[2026-05-26 08:13:28.461 Z] [INFO] [cadence.virtuoso.ade.simulationMonitor] -    -   (Spectre X) Multi-threading. The recommended number of threads is 1, consider adding +mt=1 on command line. {"history": "Interactive.76", "point": 9, "testname": "TRAN_VDD_PULSE", "cornername": "CMOS_RES_CAP_TEMP_7"}
[2026-05-26 08:13:28.461 Z] [INFO] [cadence.virtuoso.ade.simulationMonitor] - Notice from spectre during DC analysis `dcOp'.
    No checklimit analysis defined for asserts. A default checklimit analysis 'SpectreChecklimitAnal' has been created with all asserts enabled. {"history": "Interactive.76", "point": 9, "testname": "TRAN_VDD_PULSE", "cornername": "CMOS_RES_CAP_TEMP_7"}
[2026-05-26 08:13:28.461 Z] [INFO] [cadence.virtuoso.ade.simulationMonitor] - Notice from spectre during DC analysis `dcOp'.
    GminDC = 1 pS is large enough to noticeably affect the DC solution.
        dV(I19.I2.C1.d1) = 1.47451 mV
        Use the `gmin_check' option to eliminate or expand this report. {"history": "Interactive.76", "point": 9, "testname": "TRAN_VDD_PULSE", "cornername": "CMOS_RES_CAP_TEMP_7"}
[2026-05-26 08:13:28.461 Z] [WARN] [cadence.virtuoso.ade.simulationMonitor] -     WARNING (CMI-2943): Parameter checks have been ignored because the valid value for parameter 'trise' could not be found in 'C0'. {"history": "Interactive.76", "point": 9, "testname": "TRAN_VDD_PULSE", "cornername": "CMOS_RES_CAP_TEMP_7"}
[2026-05-26 08:13:28.461 Z] [WARN] [cadence.virtuoso.ade.simulationMonitor] -     WARNING (CMI-2943): Parameter checks have been ignored because the valid value for parameter 'trise' could not be found in 'C3'. {"history": "Interactive.76", "point": 9, "testname": "TRAN_VDD_PULSE", "cornername": "CMOS_RES_CAP_TEMP_7"}
[2026-05-26 08:13:28.461 Z] [WARN] [cadence.virtuoso.ade.simulationMonitor] -     WARNING (CMI-2943): Parameter checks have been ignored because the valid value for parameter 'trise' could not be found in 'C4'. {"history": "Interactive.76", "point": 9, "testname": "TRAN_VDD_PULSE", "cornername": "CMOS_RES_CAP_TEMP_7"}
[2026-05-26 08:13:28.461 Z] [WARN] [cadence.virtuoso.ade.simulationMonitor] -     WARNING (CMI-2943): Parameter checks have been ignored because the valid value for parameter 'trise' could not be found in 'C5'. {"history": "Interactive.76", "point": 9, "testname": "TRAN_VDD_PULSE", "cornername": "CMOS_RES_CAP_TEMP_7"}
[2026-05-26 08:13:28.461 Z] [WARN] [cadence.virtuoso.ade.simulationMonitor] -     WARNING (CMI-2943): Parameter checks have been ignored because the valid value for parameter 'trise' could not be found in 'I19.I4.C9<0>_turbo_m6.C1'.
        Further occurrences of this warning will be suppressed. {"history": "Interactive.76", "point": 9, "testname": "TRAN_VDD_PULSE", "cornername": "CMOS_RES_CAP_TEMP_7"}
[2026-05-26 08:13:28.462 Z] [INFO] [cadence.virtuoso.ade.simulationMonitor] - Total time required for dc analysis `dcOp': CPU = 68.944 ms, elapsed = 88.4109 ms, util. = 78%. {"history": "Interactive.76", "point": 9, "testname": "TRAN_VDD_PULSE", "cornername": "CMOS_RES_CAP_TEMP_7"}
[2026-05-26 08:13:28.462 Z] [INFO] [cadence.virtuoso.ade.simulationMonitor] - Peak resident memory used = 223 Mbytes. {"history": "Interactive.76", "point": 9, "testname": "TRAN_VDD_PULSE", "cornername": "CMOS_RES_CAP_TEMP_7"}
[2026-05-26 08:13:28.462 Z] [INFO] [cadence.virtuoso.ade.simulationMonitor] - Notice from spectre.
    308 warnings suppressed. {"history": "Interactive.76", "point": 9, "testname": "TRAN_VDD_PULSE", "cornername": "CMOS_RES_CAP_TEMP_7"}
[2026-05-26 08:13:28.462 Z] [INFO] [cadence.virtuoso.ade.simulationMonitor] - Notice from spectre during IC analysis, during transient analysis `tran'.
    GminDC = 1 pS is large enough to noticeably affect the DC solution.
        dV(I19.I2.C1.d1) = 1.47451 mV
        Use the `gmin_check' option to eliminate or expand this report. {"history": "Interactive.76", "point": 9, "testname": "TRAN_VDD_PULSE", "cornername": "CMOS_RES_CAP_TEMP_7"}
[2026-05-26 08:13:28.462 Z] [WARN] [cadence.virtuoso.ade.simulationMonitor] -     WARNING (CMI-2943): Parameter checks have been ignored because the valid value for parameter 'trise' could not be found in 'C0'. {"history": "Interactive.76", "point": 9, "testname": "TRAN_VDD_PULSE", "cornername": "CMOS_RES_CAP_TEMP_7"}
[2026-05-26 08:13:28.462 Z] [WARN] [cadence.virtuoso.ade.simulationMonitor] -     WARNING (CMI-2943): Parameter checks have been ignored because the valid value for parameter 'trise' could not be found in 'C3'. {"history": "Interactive.76", "point": 9, "testname": "TRAN_VDD_PULSE", "cornername": "CMOS_RES_CAP_TEMP_7"}
[2026-05-26 08:13:28.462 Z] [WARN] [cadence.virtuoso.ade.simulationMonitor] -     WARNING (CMI-2943): Parameter checks have been ignored because the valid value for parameter 'trise' could not be found in 'C4'. {"history": "Interactive.76", "point": 9, "testname": "TRAN_VDD_PULSE", "cornername": "CMOS_RES_CAP_TEMP_7"}
[2026-05-26 08:13:28.462 Z] [WARN] [cadence.virtuoso.ade.simulationMonitor] -     WARNING (CMI-2943): Parameter checks have been ignored because the valid value for parameter 'trise' could not be found in 'C5'. {"history": "Interactive.76", "point": 9, "testname": "TRAN_VDD_PULSE", "cornername": "CMOS_RES_CAP_TEMP_7"}
[2026-05-26 08:13:28.462 Z] [WARN] [cadence.virtuoso.ade.simulationMonitor] -     WARNING (CMI-2943): Parameter checks have been ignored because the valid value for parameter 'trise' could not be found in 'I19.I4.C9<0>_turbo_m6.C1'.
        Further occurrences of this warning will be suppressed. {"history": "Interactive.76", "point": 9, "testname": "TRAN_VDD_PULSE", "cornername": "CMOS_RES_CAP_TEMP_7"}
[2026-05-26 08:13:28.462 Z] [INFO] [cadence.virtuoso.ade.simulationMonitor] - Notice from spectre during transient analysis `tran'.
    Output compression for transient analysis is enabled. {"history": "Interactive.76", "point": 9, "testname": "TRAN_VDD_PULSE", "cornername": "CMOS_RES_CAP_TEMP_7"}
[2026-05-26 08:13:28.462 Z] [INFO] [cadence.virtuoso.ade.simulationMonitor] - Notice from spectre during transient analysis `tran'.
    Multithreading is disabled due to the size of the design being too small. {"history": "Interactive.76", "point": 9, "testname": "TRAN_VDD_PULSE", "cornername": "CMOS_RES_CAP_TEMP_7"}
[2026-05-26 08:14:27.977 Z] [INFO] [cadence.virtuoso.ade.simulationMonitor] - Total time required for tran analysis `tran': CPU = 59.2641 s, elapsed = 59.5522 s, util. = 99.5%. {"history": "Interactive.76", "point": 9, "testname": "TRAN_VDD_PULSE", "cornername": "CMOS_RES_CAP_TEMP_7"}
[2026-05-26 08:14:27.978 Z] [INFO] [cadence.virtuoso.ade.simulationMonitor] - Peak resident memory used = 230 Mbytes. {"history": "Interactive.76", "point": 9, "testname": "TRAN_VDD_PULSE", "cornername": "CMOS_RES_CAP_TEMP_7"}
[2026-05-26 08:14:27.978 Z] [INFO] [cadence.virtuoso.ade.simulationMonitor] - Notice from spectre.
    308 warnings suppressed. {"history": "Interactive.76", "point": 9, "testname": "TRAN_VDD_PULSE", "cornername": "CMOS_RES_CAP_TEMP_7"}
[2026-05-26 08:14:27.978 Z] [WARN] [cadence.virtuoso.ade.simulationMonitor] -     WARNING (CMI-2425): I19.I2.C1: `Acde' = 2.393 is unusually large. {"history": "Interactive.76", "point": 9, "testname": "TRAN_VDD_PULSE", "cornername": "CMOS_RES_CAP_TEMP_7"}
[2026-05-26 08:14:27.978 Z] [WARN] [cadence.virtuoso.ade.simulationMonitor] -     WARNING (CMI-2425): I19.I2.C1: `Noff' = 4.732 is unusually large. {"history": "Interactive.76", "point": 9, "testname": "TRAN_VDD_PULSE", "cornername": "CMOS_RES_CAP_TEMP_7"}
[2026-05-26 08:14:27.978 Z] [WARN] [cadence.virtuoso.ade.simulationMonitor] -     WARNING (CMI-2424): I19.I2.C1: `Voffcv' = -867.4e-03 is unusually small. {"history": "Interactive.76", "point": 9, "testname": "TRAN_VDD_PULSE", "cornername": "CMOS_RES_CAP_TEMP_7"}
[2026-05-26 08:14:27.978 Z] [WARN] [cadence.virtuoso.ade.simulationMonitor] -     WARNING (CMI-2425): I19.I8.C0: `Acde' = 2.393 is unusually large. {"history": "Interactive.76", "point": 9, "testname": "TRAN_VDD_PULSE", "cornername": "CMOS_RES_CAP_TEMP_7"}
[2026-05-26 08:14:27.978 Z] [WARN] [cadence.virtuoso.ade.simulationMonitor] -     WARNING (CMI-2425): I19.I8.C0: `Noff' = 4.732 is unusually large. {"history": "Interactive.76", "point": 9, "testname": "TRAN_VDD_PULSE", "cornername": "CMOS_RES_CAP_TEMP_7"}
[2026-05-26 08:14:27.978 Z] [WARN] [cadence.virtuoso.ade.simulationMonitor] -     WARNING (CMI-2424): I19.I8.C0: `Voffcv' = -867.4e-03 is unusually small. {"history": "Interactive.76", "point": 9, "testname": "TRAN_VDD_PULSE", "cornername": "CMOS_RES_CAP_TEMP_7"}
[2026-05-26 08:14:27.979 Z] [WARN] [cadence.virtuoso.ade.simulationMonitor] -     WARNING (CMI-2425): I19.I8.C1: `Acde' = 2.393 is unusually large.
        Further occurrences of this warning will be suppressed. {"history": "Interactive.76", "point": 9, "testname": "TRAN_VDD_PULSE", "cornername": "CMOS_RES_CAP_TEMP_7"}
[2026-05-26 08:14:27.979 Z] [WARN] [cadence.virtuoso.ade.simulationMonitor] -     WARNING (CMI-2424): I19.I8.C1: `Voffcv' = -867.4e-03 is unusually small. {"history": "Interactive.76", "point": 9, "testname": "TRAN_VDD_PULSE", "cornername": "CMOS_RES_CAP_TEMP_7"}
[2026-05-26 08:14:27.979 Z] [WARN] [cadence.virtuoso.ade.simulationMonitor] -     WARNING (CMI-2424): I19.I14.C1: `Voffcv' = -867.4e-03 is unusually small. {"history": "Interactive.76", "point": 9, "testname": "TRAN_VDD_PULSE", "cornername": "CMOS_RES_CAP_TEMP_7"}
[2026-05-26 08:14:27.979 Z] [WARN] [cadence.virtuoso.ade.simulationMonitor] -     WARNING (CMI-2424): I19.I14.C4: `Voffcv' = -867.4e-03 is unusually small.
        Further occurrences of this warning will be suppressed. {"history": "Interactive.76", "point": 9, "testname": "TRAN_VDD_PULSE", "cornername": "CMOS_RES_CAP_TEMP_7"}
[2026-05-26 08:14:27.979 Z] [INFO] [cadence.virtuoso.ade.simulationMonitor] - Notice from spectre.
    56 warnings suppressed. {"history": "Interactive.76", "point": 9, "testname": "TRAN_VDD_PULSE", "cornername": "CMOS_RES_CAP_TEMP_7"}
[2026-05-26 08:14:27.979 Z] [WARN] [cadence.virtuoso.ade.simulationMonitor] -     WARNING (CMI-2425): I19.I2.C1: `Acde' = 2.393 is unusually large. {"history": "Interactive.76", "point": 9, "testname": "TRAN_VDD_PULSE", "cornername": "CMOS_RES_CAP_TEMP_7"}
[2026-05-26 08:14:27.979 Z] [WARN] [cadence.virtuoso.ade.simulationMonitor] -     WARNING (CMI-2425): I19.I2.C1: `Noff' = 4.732 is unusually large. {"history": "Interactive.76", "point": 9, "testname": "TRAN_VDD_PULSE", "cornername": "CMOS_RES_CAP_TEMP_7"}
[2026-05-26 08:14:27.979 Z] [WARN] [cadence.virtuoso.ade.simulationMonitor] -     WARNING (CMI-2424): I19.I2.C1: `Voffcv' = -867.4e-03 is unusually small. {"history": "Interactive.76", "point": 9, "testname": "TRAN_VDD_PULSE", "cornername": "CMOS_RES_CAP_TEMP_7"}
[2026-05-26 08:14:27.979 Z] [WARN] [cadence.virtuoso.ade.simulationMonitor] -     WARNING (CMI-2425): I19.I8.C0: `Acde' = 2.393 is unusually large. {"history": "Interactive.76", "point": 9, "testname": "TRAN_VDD_PULSE", "cornername": "CMOS_RES_CAP_TEMP_7"}
[2026-05-26 08:14:27.979 Z] [WARN] [cadence.virtuoso.ade.simulationMonitor] -     WARNING (CMI-2425): I19.I8.C0: `Noff' = 4.732 is unusually large. {"history": "Interactive.76", "point": 9, "testname": "TRAN_VDD_PULSE", "cornername": "CMOS_RES_CAP_TEMP_7"}
[2026-05-26 08:14:27.979 Z] [WARN] [cadence.virtuoso.ade.simulationMonitor] -     WARNING (CMI-2424): I19.I8.C0: `Voffcv' = -867.4e-03 is unusually small. {"history": "Interactive.76", "point": 9, "testname": "TRAN_VDD_PULSE", "cornername": "CMOS_RES_CAP_TEMP_7"}
[2026-05-26 08:14:27.979 Z] [WARN] [cadence.virtuoso.ade.simulationMonitor] -     WARNING (CMI-2425): I19.I8.C1: `Acde' = 2.393 is unusually large.
        Further occurrences of this warning will be suppressed. {"history": "Interactive.76", "point": 9, "testname": "TRAN_VDD_PULSE", "cornername": "CMOS_RES_CAP_TEMP_7"}
[2026-05-26 08:14:27.979 Z] [WARN] [cadence.virtuoso.ade.simulationMonitor] -     WARNING (CMI-2424): I19.I8.C1: `Voffcv' = -867.4e-03 is unusually small. {"history": "Interactive.76", "point": 9, "testname": "TRAN_VDD_PULSE", "cornername": "CMOS_RES_CAP_TEMP_7"}
[2026-05-26 08:14:27.979 Z] [WARN] [cadence.virtuoso.ade.simulationMonitor] -     WARNING (CMI-2424): I19.I14.C1: `Voffcv' = -867.4e-03 is unusually small. {"history": "Interactive.76", "point": 9, "testname": "TRAN_VDD_PULSE", "cornername": "CMOS_RES_CAP_TEMP_7"}
[2026-05-26 08:14:27.979 Z] [WARN] [cadence.virtuoso.ade.simulationMonitor] -     WARNING (CMI-2424): I19.I14.C4: `Voffcv' = -867.4e-03 is unusually small.
        Further occurrences of this warning will be suppressed. {"history": "Interactive.76", "point": 9, "testname": "TRAN_VDD_PULSE", "cornername": "CMOS_RES_CAP_TEMP_7"}
[2026-05-26 08:14:27.979 Z] [INFO] [cadence.virtuoso.ade.simulationMonitor] - Notice from spectre.
    59 warnings suppressed. {"history": "Interactive.76", "point": 9, "testname": "TRAN_VDD_PULSE", "cornername": "CMOS_RES_CAP_TEMP_7"}
[2026-05-26 08:14:27.979 Z] [WARN] [cadence.virtuoso.ade.simulationMonitor] -     WARNING (CMI-2425): I19.I2.C1: `Acde' = 2.393 is unusually large. {"history": "Interactive.76", "point": 9, "testname": "TRAN_VDD_PULSE", "cornername": "CMOS_RES_CAP_TEMP_7"}
[2026-05-26 08:14:27.980 Z] [WARN] [cadence.virtuoso.ade.simulationMonitor] -     WARNING (CMI-2425): I19.I2.C1: `Noff' = 4.732 is unusually large. {"history": "Interactive.76", "point": 9, "testname": "TRAN_VDD_PULSE", "cornername": "CMOS_RES_CAP_TEMP_7"}
[2026-05-26 08:14:27.980 Z] [WARN] [cadence.virtuoso.ade.simulationMonitor] -     WARNING (CMI-2424): I19.I2.C1: `Voffcv' = -867.4e-03 is unusually small. {"history": "Interactive.76", "point": 9, "testname": "TRAN_VDD_PULSE", "cornername": "CMOS_RES_CAP_TEMP_7"}
[2026-05-26 08:14:27.980 Z] [WARN] [cadence.virtuoso.ade.simulationMonitor] -     WARNING (CMI-2425): I19.I8.C0: `Acde' = 2.393 is unusually large. {"history": "Interactive.76", "point": 9, "testname": "TRAN_VDD_PULSE", "cornername": "CMOS_RES_CAP_TEMP_7"}
[2026-05-26 08:14:27.980 Z] [WARN] [cadence.virtuoso.ade.simulationMonitor] -     WARNING (CMI-2425): I19.I8.C0: `Noff' = 4.732 is unusually large. {"history": "Interactive.76", "point": 9, "testname": "TRAN_VDD_PULSE", "cornername": "CMOS_RES_CAP_TEMP_7"}
[2026-05-26 08:14:27.980 Z] [WARN] [cadence.virtuoso.ade.simulationMonitor] -     WARNING (CMI-2424): I19.I8.C0: `Voffcv' = -867.4e-03 is unusually small. {"history": "Interactive.76", "point": 9, "testname": "TRAN_VDD_PULSE", "cornername": "CMOS_RES_CAP_TEMP_7"}
[2026-05-26 08:14:27.980 Z] [WARN] [cadence.virtuoso.ade.simulationMonitor] -     WARNING (CMI-2425): I19.I8.C1: `Acde' = 2.393 is unusually large.
        Further occurrences of this warning will be suppressed. {"history": "Interactive.76", "point": 9, "testname": "TRAN_VDD_PULSE", "cornername": "CMOS_RES_CAP_TEMP_7"}
[2026-05-26 08:14:27.980 Z] [WARN] [cadence.virtuoso.ade.simulationMonitor] -     WARNING (CMI-2424): I19.I8.C1: `Voffcv' = -867.4e-03 is unusually small. {"history": "Interactive.76", "point": 9, "testname": "TRAN_VDD_PULSE", "cornername": "CMOS_RES_CAP_TEMP_7"}
[2026-05-26 08:14:27.980 Z] [WARN] [cadence.virtuoso.ade.simulationMonitor] -     WARNING (CMI-2424): I19.I14.C1: `Voffcv' = -867.4e-03 is unusually small. {"history": "Interactive.76", "point": 9, "testname": "TRAN_VDD_PULSE", "cornername": "CMOS_RES_CAP_TEMP_7"}
[2026-05-26 08:14:27.980 Z] [WARN] [cadence.virtuoso.ade.simulationMonitor] -     WARNING (CMI-2424): I19.I14.C4: `Voffcv' = -867.4e-03 is unusually small.
        Further occurrences of this warning will be suppressed. {"history": "Interactive.76", "point": 9, "testname": "TRAN_VDD_PULSE", "cornername": "CMOS_RES_CAP_TEMP_7"}
[2026-05-26 08:14:28.480 Z] [INFO] [cadence.virtuoso.ade.simulationMonitor] - Notice from spectre.
    56 warnings suppressed. {"history": "Interactive.76", "point": 9, "testname": "TRAN_VDD_PULSE", "cornername": "CMOS_RES_CAP_TEMP_7"}
[2026-05-26 08:14:28.480 Z] [WARN] [cadence.virtuoso.ade.simulationMonitor] -     WARNING (CMI-2425): I19.I2.C1: `Acde' = 2.393 is unusually large. {"history": "Interactive.76", "point": 9, "testname": "TRAN_VDD_PULSE", "cornername": "CMOS_RES_CAP_TEMP_7"}
[2026-05-26 08:14:28.481 Z] [WARN] [cadence.virtuoso.ade.simulationMonitor] -     WARNING (CMI-2425): I19.I2.C1: `Noff' = 4.732 is unusually large. {"history": "Interactive.76", "point": 9, "testname": "TRAN_VDD_PULSE", "cornername": "CMOS_RES_CAP_TEMP_7"}
[2026-05-26 08:14:28.481 Z] [WARN] [cadence.virtuoso.ade.simulationMonitor] -     WARNING (CMI-2424): I19.I2.C1: `Voffcv' = -867.4e-03 is unusually small. {"history": "Interactive.76", "point": 9, "testname": "TRAN_VDD_PULSE", "cornername": "CMOS_RES_CAP_TEMP_7"}
[2026-05-26 08:14:28.481 Z] [WARN] [cadence.virtuoso.ade.simulationMonitor] -     WARNING (CMI-2425): I19.I8.C0: `Acde' = 2.393 is unusually large. {"history": "Interactive.76", "point": 9, "testname": "TRAN_VDD_PULSE", "cornername": "CMOS_RES_CAP_TEMP_7"}
[2026-05-26 08:14:28.481 Z] [WARN] [cadence.virtuoso.ade.simulationMonitor] -     WARNING (CMI-2425): I19.I8.C0: `Noff' = 4.732 is unusually large. {"history": "Interactive.76", "point": 9, "testname": "TRAN_VDD_PULSE", "cornername": "CMOS_RES_CAP_TEMP_7"}
[2026-05-26 08:14:28.481 Z] [WARN] [cadence.virtuoso.ade.simulationMonitor] -     WARNING (CMI-2424): I19.I8.C0: `Voffcv' = -867.4e-03 is unusually small. {"history": "Interactive.76", "point": 9, "testname": "TRAN_VDD_PULSE", "cornername": "CMOS_RES_CAP_TEMP_7"}
[2026-05-26 08:14:28.481 Z] [WARN] [cadence.virtuoso.ade.simulationMonitor] -     WARNING (CMI-2425): I19.I8.C1: `Acde' = 2.393 is unusually large.
        Further occurrences of this warning will be suppressed. {"history": "Interactive.76", "point": 9, "testname": "TRAN_VDD_PULSE", "cornername": "CMOS_RES_CAP_TEMP_7"}
[2026-05-26 08:14:28.482 Z] [WARN] [cadence.virtuoso.ade.simulationMonitor] -     WARNING (CMI-2424): I19.I8.C1: `Voffcv' = -867.4e-03 is unusually small. {"history": "Interactive.76", "point": 9, "testname": "TRAN_VDD_PULSE", "cornername": "CMOS_RES_CAP_TEMP_7"}
[2026-05-26 08:14:28.482 Z] [WARN] [cadence.virtuoso.ade.simulationMonitor] -     WARNING (CMI-2424): I19.I14.C1: `Voffcv' = -867.4e-03 is unusually small. {"history": "Interactive.76", "point": 9, "testname": "TRAN_VDD_PULSE", "cornername": "CMOS_RES_CAP_TEMP_7"}
[2026-05-26 08:14:28.482 Z] [WARN] [cadence.virtuoso.ade.simulationMonitor] -     WARNING (CMI-2424): I19.I14.C4: `Voffcv' = -867.4e-03 is unusually small.
        Further occurrences of this warning will be suppressed. {"history": "Interactive.76", "point": 9, "testname": "TRAN_VDD_PULSE", "cornername": "CMOS_RES_CAP_TEMP_7"}
[2026-05-26 08:14:28.482 Z] [INFO] [cadence.virtuoso.ade.simulationMonitor] - Notice from spectre.
    56 warnings suppressed. {"history": "Interactive.76", "point": 9, "testname": "TRAN_VDD_PULSE", "cornername": "CMOS_RES_CAP_TEMP_7"}
[2026-05-26 08:14:28.482 Z] [INFO] [cadence.virtuoso.ade.simulationMonitor] - Time used: CPU = 59.7 s, elapsed = 60.4 s (1m  0.4s), util. = 98.9%. {"history": "Interactive.76", "point": 9, "testname": "TRAN_VDD_PULSE", "cornername": "CMOS_RES_CAP_TEMP_7"}
[2026-05-26 08:14:28.482 Z] [INFO] [cadence.virtuoso.ade.simulationMonitor] - Time spent in licensing: elapsed = 38.4 ms. {"history": "Interactive.76", "point": 9, "testname": "TRAN_VDD_PULSE", "cornername": "CMOS_RES_CAP_TEMP_7"}
[2026-05-26 08:14:28.482 Z] [INFO] [cadence.virtuoso.ade.simulationMonitor] - Peak memory used = 230 Mbytes. {"history": "Interactive.76", "point": 9, "testname": "TRAN_VDD_PULSE", "cornername": "CMOS_RES_CAP_TEMP_7"}
[2026-05-26 08:14:28.482 Z] [PROCESS] [cadence.virtuoso.ade.simulationMonitor] - Simulation started at: 8:13:27 AM, Tue May 26, 2026, ended at: 8:14:27 AM, Tue May 26, 2026, with elapsed time (wall clock): 60.4 s (1m  0.4s). {"history": "Interactive.76", "point": 9, "testname": "TRAN_VDD_PULSE", "cornername": "CMOS_RES_CAP_TEMP_7"}
[2026-05-26 08:14:28.482 Z] [PROCESS] [cadence.virtuoso.ade.simulationMonitor] - spectre completes with 0 errors, 97 warnings, and 33 notices. {"history": "Interactive.76", "point": 9, "testname": "TRAN_VDD_PULSE", "cornername": "CMOS_RES_CAP_TEMP_7"}
[2026-05-26 08:14:28.482 Z] [PROCESS] [cadence.virtuoso.ade.simulationMonitor] - Finished simulating for one point {"hostname": "edatools", "processid": 229924, "history": "Interactive.76", "testname": "TRAN_VDD_PULSE", "cornername": "CMOS_RES_CAP_TEMP_7", "point": 9, "logfile": "/home/saul/projects/IL2244_VT26_SAUL/logs_saul/logs0/Job38.log", "simid": "2"}
[2026-05-26 08:14:28.482 Z] [PROCESS] [cadence.virtuoso.ade.simulationMonitor] - Simulator exited {"hostname": "edatools", "processid": 229924, "history": "Interactive.76", "testname": "TRAN_VDD_PULSE", "cornername": "CMOS_RES_CAP_TEMP_7", "point": 9, "logfile": "/home/saul/projects/IL2244_VT26_SAUL/logs_saul/logs0/Job38.log", "exitStatus": "0"}
[2026-05-26 08:14:28.482 Z] [PROCESS] [cadence.virtuoso.ade.simulationMonitor] - Finished Simulation {"hostname": "edatools", "processid": 229924, "history": "Interactive.76", "testname": "TRAN_VDD_PULSE", "cornername": "CMOS_RES_CAP_TEMP_7", "point": 9, "logfile": "/home/saul/projects/IL2244_VT26_SAUL/logs_saul/logs0/Job38.log", "simid": "2"}
[2026-05-26 08:14:30.488 Z] [PROCESS] [cadence.virtuoso.ade.simulationMonitor] - Point Finished {"hostname": "edatools", "processid": 229924, "history": "Interactive.76", "testname": "TRAN_VDD_PULSE", "cornername": "CMOS_RES_CAP_TEMP_7", "point": 9, "logfile": "/home/saul/projects/IL2244_VT26_SAUL/logs_saul/logs0/Job38.log"}
[2026-05-26 08:14:30.489 Z] [PROCESS] [cadence.virtuoso.ade.simulationMonitor] - HostInfo:
Host name (type):	edatools (x86_64)
Operating system:	Linux 6.17.0-29-generic #29~24.04.1-Ubuntu SMP PREEMPT_DYNAMIC Mon May 11 10:30:58 UTC 2 {"hostname": "edatools", "processid": 229924, "history": "Interactive.76", "testname": "TRAN_VDD_PULSE", "cornername": "CMOS_RES_CAP_TEMP_7", "point": 9, "logfile": "/home/saul/projects/IL2244_VT26_SAUL/logs_saul/logs0/Job38.log", "nodename": "edatools", "domainname": "(none)", "machine": "x86_64", "sysname": "Linux", "release": "6.17.0-29-generic", "version": "#29~24.04.1-Ubuntu SMP PREEMPT_DYNAMIC Mon May 11 10:30:58 UTC 2"}
[2026-05-26 08:14:30.489 Z] [PROCESS] [cadence.virtuoso.ade.simulationMonitor] - UsageInfo:
pid=229924
totalPhysicalMemory=62.544987GB,Used=44.206631GB,totalVirtualMemory=70.544983GB,Used=44.206631GB
Cpu: Cores=16, Load average:6.430000,4.340000,3.860000 {"hostname": "edatools", "processid": 229924, "history": "Interactive.76", "testname": "TRAN_VDD_PULSE", "cornername": "CMOS_RES_CAP_TEMP_7", "point": 9, "logfile": "/home/saul/projects/IL2244_VT26_SAUL/logs_saul/logs0/Job38.log", "pid": "229924", "totalPhysicalMemory": "62.544987", "physicalMemoryUsed": "44.206631", "totalVirtualMemory": "70.544983", "virtualMemoryUsed": "44.206631", "cpuCores": "16", "processes": "1710", "loadAverage1": "6.430000", "loadAverage5": "4.340000", "loadAverage15": "3.860000", "loadAverage1Percent": "0.401875"}
[2026-05-26 08:14:30.490 Z] [EVENT] [cadence.virtuoso.ade.simulationMonitor] - NewPoint {"history": "Interactive.76", "point": 14, "testname": "TRAN_VDD_PULSE", "cornername": "CMOS_RES_CAP_TEMP_12", "event": "NewPoint", "EventSource": "Simulation Monitor", "HistoryName": "Interactive.76", "logFile": "/home/saul/projects/IL2244_VT26_SAUL/logs_saul/logs0/Job38.log", "logFileSize": "88097"}
[2026-05-26 08:14:30.590 Z] [EVENT] [cadence.virtuoso.ade.simulationMonitor] - NewPoint {"history": "Interactive.76", "point": 14, "testname": "TRAN_VDD_PULSE", "cornername": "CMOS_RES_CAP_TEMP_12", "event": "NewPoint", "EventSource": "spectre", "HistoryName": "Interactive.76", "logFile": "/home/saul/projects/IL2244_VT26_SAUL/Sim/FECG/fecg_front_end_tran_tb/maestro/results/maestro/Interactive.76/14/TRAN_VDD_PULSE/psf/spectre.out", "logFileSize": "-1"}
[2026-05-26 08:14:30.594 Z] [PROCESS] [cadence.virtuoso.ade.simulationMonitor] - Simulator launched {"hostname": "edatools", "processid": 229924, "history": "Interactive.76", "testname": "TRAN_VDD_PULSE", "cornername": "CMOS_RES_CAP_TEMP_12", "point": 14, "logfile": "/home/saul/projects/IL2244_VT26_SAUL/logs_saul/logs0/Job38.log", "simid": "3"}
[2026-05-26 08:14:30.606 Z] [PROCESS] [cadence.virtuoso.ade.simulationMonitor] - Started Simulation {"hostname": "edatools", "processid": 229924, "history": "Interactive.76", "testname": "TRAN_VDD_PULSE", "cornername": "CMOS_RES_CAP_TEMP_12", "point": 14, "logfile": "/home/saul/projects/IL2244_VT26_SAUL/logs_saul/logs0/Job38.log", "event": "started", "task": "simulation"}
[2026-05-26 08:14:31.106 Z] [INFO] [cadence.virtuoso.ade.simulationMonitor] - Notice from spectre during circuit read-in.
    Pre_Configuration file used: /opt/tools/cadence/installs/SPECTRE241/tools.lnx86/spectre/etc/configs/preset.precfg
    Configuration file used: `/opt/tools/cadence/installs/SPECTRE241/tools.lnx86/spectre/etc/configs/preset.cfg'. {"history": "Interactive.76", "point": 14, "testname": "TRAN_VDD_PULSE", "cornername": "CMOS_RES_CAP_TEMP_12"}
[2026-05-26 08:14:31.107 Z] [WARN] [cadence.virtuoso.ade.simulationMonitor] -     WARNING (SPECTRE-8360): line 1511: `ac' is an undefined primitive device. {"history": "Interactive.76", "point": 14, "testname": "TRAN_VDD_PULSE", "cornername": "CMOS_RES_CAP_TEMP_12"}
[2026-05-26 08:14:31.107 Z] [WARN] [cadence.virtuoso.ade.simulationMonitor] -     WARNING (SPECTRE-8360): line 1512: `ac' is an undefined primitive device. {"history": "Interactive.76", "point": 14, "testname": "TRAN_VDD_PULSE", "cornername": "CMOS_RES_CAP_TEMP_12"}
[2026-05-26 08:14:31.107 Z] [WARN] [cadence.virtuoso.ade.simulationMonitor] -     WARNING (SPECTRE-8360): line 1513: `ac' is an undefined primitive device. {"history": "Interactive.76", "point": 14, "testname": "TRAN_VDD_PULSE", "cornername": "CMOS_RES_CAP_TEMP_12"}
[2026-05-26 08:14:31.107 Z] [WARN] [cadence.virtuoso.ade.simulationMonitor] -     WARNING (SPECTRE-8360): line 1514: `ac' is an undefined primitive device. {"history": "Interactive.76", "point": 14, "testname": "TRAN_VDD_PULSE", "cornername": "CMOS_RES_CAP_TEMP_12"}
[2026-05-26 08:14:31.107 Z] [WARN] [cadence.virtuoso.ade.simulationMonitor] -     WARNING (SPECTRE-8360): line 1515: `ac' is an undefined primitive device.
        Further occurrences of this warning will be suppressed. {"history": "Interactive.76", "point": 14, "testname": "TRAN_VDD_PULSE", "cornername": "CMOS_RES_CAP_TEMP_12"}
[2026-05-26 08:14:31.107 Z] [INFO] [cadence.virtuoso.ade.simulationMonitor] - Peak resident memory used = 173 Mbytes. {"history": "Interactive.76", "point": 14, "testname": "TRAN_VDD_PULSE", "cornername": "CMOS_RES_CAP_TEMP_12"}
[2026-05-26 08:14:31.107 Z] [WARN] [cadence.virtuoso.ade.simulationMonitor] -     WARNING (VACOMP-2435): The environment variable CDS_AHDLCMI_ENABLE is no longer supported. Therefore, the simulator will use the default compiled C code flow. {"history": "Interactive.76", "point": 14, "testname": "TRAN_VDD_PULSE", "cornername": "CMOS_RES_CAP_TEMP_12"}
[2026-05-26 08:14:31.107 Z] [WARN] [cadence.virtuoso.ade.simulationMonitor] -     WARNING (SFE-3014): The floating device I19.I0.I5.MN14<0>_turbo_m4 is removed. {"history": "Interactive.76", "point": 14, "testname": "TRAN_VDD_PULSE", "cornername": "CMOS_RES_CAP_TEMP_12"}
[2026-05-26 08:14:31.107 Z] [WARN] [cadence.virtuoso.ade.simulationMonitor] -     WARNING (SFE-3012): The dummy device I19.I4.MP16<0>_turbo_m41 is removed. {"history": "Interactive.76", "point": 14, "testname": "TRAN_VDD_PULSE", "cornername": "CMOS_RES_CAP_TEMP_12"}
[2026-05-26 08:14:31.107 Z] [WARN] [cadence.virtuoso.ade.simulationMonitor] -     WARNING (SFE-3014): The floating device I19.I8.MN57<0>_turbo_m28 is removed. {"history": "Interactive.76", "point": 14, "testname": "TRAN_VDD_PULSE", "cornername": "CMOS_RES_CAP_TEMP_12"}
[2026-05-26 08:14:31.107 Z] [WARN] [cadence.virtuoso.ade.simulationMonitor] -     WARNING (SFE-3012): The dummy device I19.I14.MP13<0>_turbo_m4 is removed. {"history": "Interactive.76", "point": 14, "testname": "TRAN_VDD_PULSE", "cornername": "CMOS_RES_CAP_TEMP_12"}
[2026-05-26 08:14:31.107 Z] [WARN] [cadence.virtuoso.ade.simulationMonitor] -     WARNING (SFE-3031): The floating capacitor I19.I12.C10<0>_turbo_m12.C1 is removed. {"history": "Interactive.76", "point": 14, "testname": "TRAN_VDD_PULSE", "cornername": "CMOS_RES_CAP_TEMP_12"}
[2026-05-26 08:14:31.107 Z] [WARN] [cadence.virtuoso.ade.simulationMonitor] -     WARNING (SFE-3014): The floating device I19.I2.MN37<0>_turbo_m4 is removed. {"history": "Interactive.76", "point": 14, "testname": "TRAN_VDD_PULSE", "cornername": "CMOS_RES_CAP_TEMP_12"}
[2026-05-26 08:14:31.108 Z] [WARN] [cadence.virtuoso.ade.simulationMonitor] -     WARNING (SFE-3012): The dummy device I19.I0.I5.MP12<0>_turbo_m2 is removed. {"history": "Interactive.76", "point": 14, "testname": "TRAN_VDD_PULSE", "cornername": "CMOS_RES_CAP_TEMP_12"}
[2026-05-26 08:14:31.108 Z] [WARN] [cadence.virtuoso.ade.simulationMonitor] -     WARNING (SFE-3014): The floating device I19.I0.MN13<0>_turbo_m4 is removed. {"history": "Interactive.76", "point": 14, "testname": "TRAN_VDD_PULSE", "cornername": "CMOS_RES_CAP_TEMP_12"}
[2026-05-26 08:14:31.108 Z] [WARN] [cadence.virtuoso.ade.simulationMonitor] -     WARNING (SFE-3012): The dummy device I19.I0.I3.MP13<0>_turbo_m4 is removed. {"history": "Interactive.76", "point": 14, "testname": "TRAN_VDD_PULSE", "cornername": "CMOS_RES_CAP_TEMP_12"}
[2026-05-26 08:14:31.108 Z] [WARN] [cadence.virtuoso.ade.simulationMonitor] -     WARNING (SFE-3031): The floating capacitor I19.I12.C6<0>_turbo_m3.C1 is removed. {"history": "Interactive.76", "point": 14, "testname": "TRAN_VDD_PULSE", "cornername": "CMOS_RES_CAP_TEMP_12"}
[2026-05-26 08:14:31.108 Z] [WARN] [cadence.virtuoso.ade.simulationMonitor] -     WARNING (SFE-3012): The dummy device I19.I0.MP11<0>_turbo_m4 is removed.
        Further occurrences of this warning will be suppressed. {"history": "Interactive.76", "point": 14, "testname": "TRAN_VDD_PULSE", "cornername": "CMOS_RES_CAP_TEMP_12"}
[2026-05-26 08:14:31.108 Z] [WARN] [cadence.virtuoso.ade.simulationMonitor] -     WARNING (SFE-3031): The floating capacitor I19.I11.C7<0>_turbo_m3.C1 is removed. {"history": "Interactive.76", "point": 14, "testname": "TRAN_VDD_PULSE", "cornername": "CMOS_RES_CAP_TEMP_12"}
[2026-05-26 08:14:31.108 Z] [WARN] [cadence.virtuoso.ade.simulationMonitor] -     WARNING (SFE-3014): The floating device I19.I12.MN57<0>_turbo_m28 is removed.
        Further occurrences of this warning will be suppressed. {"history": "Interactive.76", "point": 14, "testname": "TRAN_VDD_PULSE", "cornername": "CMOS_RES_CAP_TEMP_12"}
[2026-05-26 08:14:31.108 Z] [WARN] [cadence.virtuoso.ade.simulationMonitor] -     WARNING (SFE-3031): The floating capacitor I19.I11.C10<0>_turbo_m12.C1 is removed. {"history": "Interactive.76", "point": 14, "testname": "TRAN_VDD_PULSE", "cornername": "CMOS_RES_CAP_TEMP_12"}
[2026-05-26 08:14:31.108 Z] [WARN] [cadence.virtuoso.ade.simulationMonitor] -     WARNING (SFE-3031): The floating capacitor I19.I12.C7<0>_turbo_m3.C1 is removed.
        Further occurrences of this warning will be suppressed. {"history": "Interactive.76", "point": 14, "testname": "TRAN_VDD_PULSE", "cornername": "CMOS_RES_CAP_TEMP_12"}
[2026-05-26 08:14:31.108 Z] [INFO] [cadence.virtuoso.ade.simulationMonitor] - Notice from spectre during hierarchy flattening.
    The value 'psf' specified for the 'checklimitdest' option will no longer be supported in future releases. Use 'spectre -h' to see other recommended values for the 'checklimitdest' option. {"history": "Interactive.76", "point": 14, "testname": "TRAN_VDD_PULSE", "cornername": "CMOS_RES_CAP_TEMP_12"}
[2026-05-26 08:14:31.108 Z] [INFO] [cadence.virtuoso.ade.simulationMonitor] - Peak resident memory used = 191 Mbytes. {"history": "Interactive.76", "point": 14, "testname": "TRAN_VDD_PULSE", "cornername": "CMOS_RES_CAP_TEMP_12"}
[2026-05-26 08:14:31.108 Z] [INFO] [cadence.virtuoso.ade.simulationMonitor] - Notice from spectre during hierarchy flattening.
    The value 'psf' specified for the 'checklimitdest' option will no longer be supported in future releases. Use 'spectre -h' to see other recommended values for the 'checklimitdest' option.
    I19.I0.R10.CS0 of rpolyhc: `c' has the unusually small value of 0 F.
    I19.I0.R10.CS1 of rpolyhc: `c' has the unusually small value of 0 F.
    I19.I0.R9.CS0 of rpolyhc: `c' has the unusually small value of 0 F.
    I19.I0.R9.CS1 of rpolyhc: `c' has the unusually ... {"history": "Interactive.76", "point": 14, "testname": "TRAN_VDD_PULSE", "cornername": "CMOS_RES_CAP_TEMP_12"}
[2026-05-26 08:14:31.108 Z] [INFO] [cadence.virtuoso.ade.simulationMonitor] - Notice from spectre during hierarchy flattening.
    V17: `period' has the unusually large value of 20 s.
    V17: `width' has the unusually large value of 19 s.
    V16: `period' has the unusually large value of 10 s.
    V16: `width' has the unusually large value of 9 s.
    V9: `period' has the unusually large value of 10 s.
        Further occurrences of this notice will be suppressed. {"history": "Interactive.76", "point": 14, "testname": "TRAN_VDD_PULSE", "cornername": "CMOS_RES_CAP_TEMP_12"}
[2026-05-26 08:14:31.108 Z] [INFO] [cadence.virtuoso.ade.simulationMonitor] - Peak resident memory used = 194 Mbytes. {"history": "Interactive.76", "point": 14, "testname": "TRAN_VDD_PULSE", "cornername": "CMOS_RES_CAP_TEMP_12"}
[2026-05-26 08:14:31.108 Z] [WARN] [cadence.virtuoso.ade.simulationMonitor] -     WARNING (CMI-2425): I19.I0.C2: `Acde' = 2.393 is unusually large. {"history": "Interactive.76", "point": 14, "testname": "TRAN_VDD_PULSE", "cornername": "CMOS_RES_CAP_TEMP_12"}
[2026-05-26 08:14:31.108 Z] [WARN] [cadence.virtuoso.ade.simulationMonitor] -     WARNING (CMI-2425): I19.I0.C2: `Noff' = 4.732 is unusually large. {"history": "Interactive.76", "point": 14, "testname": "TRAN_VDD_PULSE", "cornername": "CMOS_RES_CAP_TEMP_12"}
[2026-05-26 08:14:31.108 Z] [WARN] [cadence.virtuoso.ade.simulationMonitor] -     WARNING (CMI-2424): I19.I0.C2: `Voffcv' = -867.4e-03 is unusually small. {"history": "Interactive.76", "point": 14, "testname": "TRAN_VDD_PULSE", "cornername": "CMOS_RES_CAP_TEMP_12"}
[2026-05-26 08:14:31.109 Z] [WARN] [cadence.virtuoso.ade.simulationMonitor] -     WARNING (CMI-2425): I19.I0.C3: `Acde' = 2.393 is unusually large. {"history": "Interactive.76", "point": 14, "testname": "TRAN_VDD_PULSE", "cornername": "CMOS_RES_CAP_TEMP_12"}
[2026-05-26 08:14:31.109 Z] [WARN] [cadence.virtuoso.ade.simulationMonitor] -     WARNING (CMI-2425): I19.I0.C3: `Noff' = 4.732 is unusually large. {"history": "Interactive.76", "point": 14, "testname": "TRAN_VDD_PULSE", "cornername": "CMOS_RES_CAP_TEMP_12"}
[2026-05-26 08:14:31.109 Z] [WARN] [cadence.virtuoso.ade.simulationMonitor] -     WARNING (CMI-2424): I19.I0.C3: `Voffcv' = -867.4e-03 is unusually small. {"history": "Interactive.76", "point": 14, "testname": "TRAN_VDD_PULSE", "cornername": "CMOS_RES_CAP_TEMP_12"}
[2026-05-26 08:14:31.109 Z] [WARN] [cadence.virtuoso.ade.simulationMonitor] -     WARNING (CMI-2425): I19.I0.C0: `Acde' = 2.393 is unusually large.
        Further occurrences of this warning will be suppressed. {"history": "Interactive.76", "point": 14, "testname": "TRAN_VDD_PULSE", "cornername": "CMOS_RES_CAP_TEMP_12"}
[2026-05-26 08:14:31.109 Z] [WARN] [cadence.virtuoso.ade.simulationMonitor] -     WARNING (CMI-2424): I19.I0.C0: `Voffcv' = -867.4e-03 is unusually small. {"history": "Interactive.76", "point": 14, "testname": "TRAN_VDD_PULSE", "cornername": "CMOS_RES_CAP_TEMP_12"}
[2026-05-26 08:14:31.109 Z] [WARN] [cadence.virtuoso.ade.simulationMonitor] -     WARNING (CMI-2424): I19.I0.I3.C1: `Voffcv' = -867.4e-03 is unusually small. {"history": "Interactive.76", "point": 14, "testname": "TRAN_VDD_PULSE", "cornername": "CMOS_RES_CAP_TEMP_12"}
[2026-05-26 08:14:31.109 Z] [WARN] [cadence.virtuoso.ade.simulationMonitor] -     WARNING (CMI-2424): I19.I0.C1<0>_turbo_m5: `Voffcv' = -867.4e-03 is unusually small.
        Further occurrences of this warning will be suppressed. {"history": "Interactive.76", "point": 14, "testname": "TRAN_VDD_PULSE", "cornername": "CMOS_RES_CAP_TEMP_12"}
[2026-05-26 08:14:31.109 Z] [WARN] [cadence.virtuoso.ade.simulationMonitor] -     WARNING (SPECTRE-17607): Assert `SOAC_rpolyh_vminuspsub' is ignored because it contains an expression which is invalid or not supported by native evaluator.  {"history": "Interactive.76", "point": 14, "testname": "TRAN_VDD_PULSE", "cornername": "CMOS_RES_CAP_TEMP_12"}
[2026-05-26 08:14:31.109 Z] [WARN] [cadence.virtuoso.ade.simulationMonitor] -     WARNING (SPECTRE-17607): Assert `SOAC_rpolyh_vpluspsub' is ignored because it contains an expression which is invalid or not supported by native evaluator.  {"history": "Interactive.76", "point": 14, "testname": "TRAN_VDD_PULSE", "cornername": "CMOS_RES_CAP_TEMP_12"}
[2026-05-26 08:14:31.109 Z] [WARN] [cadence.virtuoso.ade.simulationMonitor] -     WARNING (SPECTRE-16460): SOAC_cvarm_vspsub:Specified subcircuit master `cvarm' was not found. {"history": "Interactive.76", "point": 14, "testname": "TRAN_VDD_PULSE", "cornername": "CMOS_RES_CAP_TEMP_12"}
[2026-05-26 08:14:31.109 Z] [WARN] [cadence.virtuoso.ade.simulationMonitor] -     WARNING (SPECTRE-16462): SOAC_cvarm_vspsub:Error in specification of subcircuit master. Assert is ignored. {"history": "Interactive.76", "point": 14, "testname": "TRAN_VDD_PULSE", "cornername": "CMOS_RES_CAP_TEMP_12"}
[2026-05-26 08:14:31.109 Z] [WARN] [cadence.virtuoso.ade.simulationMonitor] -     WARNING (SPECTRE-16460): SOAC_cvarm_vbs:Specified subcircuit master `cvarm' was not found. {"history": "Interactive.76", "point": 14, "testname": "TRAN_VDD_PULSE", "cornername": "CMOS_RES_CAP_TEMP_12"}
[2026-05-26 08:14:31.109 Z] [WARN] [cadence.virtuoso.ade.simulationMonitor] -     WARNING (SPECTRE-16462): SOAC_cvarm_vbs:Error in specification of subcircuit master. Assert is ignored. {"history": "Interactive.76", "point": 14, "testname": "TRAN_VDD_PULSE", "cornername": "CMOS_RES_CAP_TEMP_12"}
[2026-05-26 08:14:31.109 Z] [WARN] [cadence.virtuoso.ade.simulationMonitor] -     WARNING (SPECTRE-16460): SOAC_cvarm_vgb:Specified subcircuit master `cvarm' was not found. {"history": "Interactive.76", "point": 14, "testname": "TRAN_VDD_PULSE", "cornername": "CMOS_RES_CAP_TEMP_12"}
[2026-05-26 08:14:31.109 Z] [WARN] [cadence.virtuoso.ade.simulationMonitor] -     WARNING (SPECTRE-16462): SOAC_cvarm_vgb:Error in specification of subcircuit master. Assert is ignored. {"history": "Interactive.76", "point": 14, "testname": "TRAN_VDD_PULSE", "cornername": "CMOS_RES_CAP_TEMP_12"}
[2026-05-26 08:14:31.109 Z] [WARN] [cadence.virtuoso.ade.simulationMonitor] -     WARNING (SPECTRE-16460): SOAC_cvart_vspsub:Specified subcircuit master `cvart' was not found. {"history": "Interactive.76", "point": 14, "testname": "TRAN_VDD_PULSE", "cornername": "CMOS_RES_CAP_TEMP_12"}
[2026-05-26 08:14:31.109 Z] [WARN] [cadence.virtuoso.ade.simulationMonitor] -     WARNING (SPECTRE-16462): SOAC_cvart_vspsub:Error in specification of subcircuit master. Assert is ignored. {"history": "Interactive.76", "point": 14, "testname": "TRAN_VDD_PULSE", "cornername": "CMOS_RES_CAP_TEMP_12"}
[2026-05-26 08:14:31.110 Z] [WARN] [cadence.virtuoso.ade.simulationMonitor] -     WARNING (SPECTRE-16460): SOAC_cvart_vbs:Specified subcircuit master `cvart' was not found.
        Further occurrences of this warning will be suppressed. {"history": "Interactive.76", "point": 14, "testname": "TRAN_VDD_PULSE", "cornername": "CMOS_RES_CAP_TEMP_12"}
[2026-05-26 08:14:31.110 Z] [WARN] [cadence.virtuoso.ade.simulationMonitor] -     WARNING (SPECTRE-16462): SOAC_cvart_vbs:Error in specification of subcircuit master. Assert is ignored.
        Further occurrences of this warning will be suppressed. {"history": "Interactive.76", "point": 14, "testname": "TRAN_VDD_PULSE", "cornername": "CMOS_RES_CAP_TEMP_12"}
[2026-05-26 08:14:31.110 Z] [WARN] [cadence.virtuoso.ade.simulationMonitor] -     WARNING (SPECTRE-17607): Assert `SOAC_cvar_vspsub' is ignored because it contains an expression which is invalid or not supported by native evaluator.  {"history": "Interactive.76", "point": 14, "testname": "TRAN_VDD_PULSE", "cornername": "CMOS_RES_CAP_TEMP_12"}
[2026-05-26 08:14:31.110 Z] [WARN] [cadence.virtuoso.ade.simulationMonitor] -     WARNING (SPECTRE-17607): Assert `SOAC_cvar_vbpsub' is ignored because it contains an expression which is invalid or not supported by native evaluator.  {"history": "Interactive.76", "point": 14, "testname": "TRAN_VDD_PULSE", "cornername": "CMOS_RES_CAP_TEMP_12"}
[2026-05-26 08:14:31.110 Z] [WARN] [cadence.virtuoso.ade.simulationMonitor] -     WARNING (SPECTRE-17607): Assert `SOAC_cvar_vgpsub' is ignored because it contains an expression which is invalid or not supported by native evaluator. 
        Further occurrences of this warning will be suppressed. {"history": "Interactive.76", "point": 14, "testname": "TRAN_VDD_PULSE", "cornername": "CMOS_RES_CAP_TEMP_12"}
[2026-05-26 08:14:31.610 Z] [INFO] [cadence.virtuoso.ade.simulationMonitor] - Notice from spectre during topology check.
    No DC path from node `net19' to ground, Gmin installed to provide path. {"history": "Interactive.76", "point": 14, "testname": "TRAN_VDD_PULSE", "cornername": "CMOS_RES_CAP_TEMP_12"}
[2026-05-26 08:14:31.610 Z] [INFO] [cadence.virtuoso.ade.simulationMonitor] - Notice from spectre during initial setup.
    Multithreading is disabled due to the size of the design being too small. {"history": "Interactive.76", "point": 14, "testname": "TRAN_VDD_PULSE", "cornername": "CMOS_RES_CAP_TEMP_12"}
[2026-05-26 08:14:31.610 Z] [WARN] [cadence.virtuoso.ade.simulationMonitor] -     WARNING (SPECTRE-592): Following parameters are disabled because they are ignored or redefined in Spectre X:
        Option Parameters:
          reltol
        
         {"history": "Interactive.76", "point": 14, "testname": "TRAN_VDD_PULSE", "cornername": "CMOS_RES_CAP_TEMP_12"}
[2026-05-26 08:14:31.610 Z] [INFO] [cadence.virtuoso.ade.simulationMonitor] -               nodes 784 {"history": "Interactive.76", "point": 14, "testname": "TRAN_VDD_PULSE", "cornername": "CMOS_RES_CAP_TEMP_12"}
[2026-05-26 08:14:31.611 Z] [INFO] [cadence.virtuoso.ade.simulationMonitor] - Notice from spectre during initial setup.
    4 vsources are shorted because their absolute value is less than or equal to 'vabsshort'.
    Spectre X preset=vx enabled.
    18 notices suppressed.
    154 warnings suppressed. {"history": "Interactive.76", "point": 14, "testname": "TRAN_VDD_PULSE", "cornername": "CMOS_RES_CAP_TEMP_12"}
[2026-05-26 08:14:31.611 Z] [INFO] [cadence.virtuoso.ade.simulationMonitor] - Peak resident memory used = 215 Mbytes. {"history": "Interactive.76", "point": 14, "testname": "TRAN_VDD_PULSE", "cornername": "CMOS_RES_CAP_TEMP_12"}
[2026-05-26 08:14:31.611 Z] [INFO] [cadence.virtuoso.ade.simulationMonitor] -    -   (Spectre X) Multi-threading. The recommended number of threads is 1, consider adding +mt=1 on command line. {"history": "Interactive.76", "point": 14, "testname": "TRAN_VDD_PULSE", "cornername": "CMOS_RES_CAP_TEMP_12"}
[2026-05-26 08:14:31.611 Z] [INFO] [cadence.virtuoso.ade.simulationMonitor] - Notice from spectre during DC analysis `dcOp'.
    No checklimit analysis defined for asserts. A default checklimit analysis 'SpectreChecklimitAnal' has been created with all asserts enabled. {"history": "Interactive.76", "point": 14, "testname": "TRAN_VDD_PULSE", "cornername": "CMOS_RES_CAP_TEMP_12"}
[2026-05-26 08:14:31.611 Z] [INFO] [cadence.virtuoso.ade.simulationMonitor] - Notice from spectre during DC analysis `dcOp'.
    GminDC = 1 pS is large enough to noticeably affect the DC solution.
        dV(I19.I2.C1.d1) = 1.70962 mV
        Use the `gmin_check' option to eliminate or expand this report. {"history": "Interactive.76", "point": 14, "testname": "TRAN_VDD_PULSE", "cornername": "CMOS_RES_CAP_TEMP_12"}
[2026-05-26 08:14:31.611 Z] [WARN] [cadence.virtuoso.ade.simulationMonitor] -     WARNING (CMI-2943): Parameter checks have been ignored because the valid value for parameter 'trise' could not be found in 'C0'. {"history": "Interactive.76", "point": 14, "testname": "TRAN_VDD_PULSE", "cornername": "CMOS_RES_CAP_TEMP_12"}
[2026-05-26 08:14:31.611 Z] [WARN] [cadence.virtuoso.ade.simulationMonitor] -     WARNING (CMI-2943): Parameter checks have been ignored because the valid value for parameter 'trise' could not be found in 'C3'. {"history": "Interactive.76", "point": 14, "testname": "TRAN_VDD_PULSE", "cornername": "CMOS_RES_CAP_TEMP_12"}
[2026-05-26 08:14:31.611 Z] [WARN] [cadence.virtuoso.ade.simulationMonitor] -     WARNING (CMI-2943): Parameter checks have been ignored because the valid value for parameter 'trise' could not be found in 'C4'. {"history": "Interactive.76", "point": 14, "testname": "TRAN_VDD_PULSE", "cornername": "CMOS_RES_CAP_TEMP_12"}
[2026-05-26 08:14:31.611 Z] [WARN] [cadence.virtuoso.ade.simulationMonitor] -     WARNING (CMI-2943): Parameter checks have been ignored because the valid value for parameter 'trise' could not be found in 'C5'. {"history": "Interactive.76", "point": 14, "testname": "TRAN_VDD_PULSE", "cornername": "CMOS_RES_CAP_TEMP_12"}
[2026-05-26 08:14:31.611 Z] [WARN] [cadence.virtuoso.ade.simulationMonitor] -     WARNING (CMI-2943): Parameter checks have been ignored because the valid value for parameter 'trise' could not be found in 'I19.I4.C9<0>_turbo_m6.C1'.
        Further occurrences of this warning will be suppressed. {"history": "Interactive.76", "point": 14, "testname": "TRAN_VDD_PULSE", "cornername": "CMOS_RES_CAP_TEMP_12"}
[2026-05-26 08:14:31.611 Z] [INFO] [cadence.virtuoso.ade.simulationMonitor] - Total time required for dc analysis `dcOp': CPU = 52.08 ms, elapsed = 68.99 ms, util. = 75.5%. {"history": "Interactive.76", "point": 14, "testname": "TRAN_VDD_PULSE", "cornername": "CMOS_RES_CAP_TEMP_12"}
[2026-05-26 08:14:31.611 Z] [INFO] [cadence.virtuoso.ade.simulationMonitor] - Peak resident memory used = 225 Mbytes. {"history": "Interactive.76", "point": 14, "testname": "TRAN_VDD_PULSE", "cornername": "CMOS_RES_CAP_TEMP_12"}
[2026-05-26 08:14:31.611 Z] [INFO] [cadence.virtuoso.ade.simulationMonitor] - Notice from spectre.
    308 warnings suppressed. {"history": "Interactive.76", "point": 14, "testname": "TRAN_VDD_PULSE", "cornername": "CMOS_RES_CAP_TEMP_12"}
[2026-05-26 08:14:31.611 Z] [INFO] [cadence.virtuoso.ade.simulationMonitor] - Notice from spectre during IC analysis, during transient analysis `tran'.
    GminDC = 1 pS is large enough to noticeably affect the DC solution.
        dV(I19.I2.C1.s1) = 1.70962 mV
        Use the `gmin_check' option to eliminate or expand this report. {"history": "Interactive.76", "point": 14, "testname": "TRAN_VDD_PULSE", "cornername": "CMOS_RES_CAP_TEMP_12"}
[2026-05-26 08:14:31.611 Z] [WARN] [cadence.virtuoso.ade.simulationMonitor] -     WARNING (CMI-2943): Parameter checks have been ignored because the valid value for parameter 'trise' could not be found in 'C0'. {"history": "Interactive.76", "point": 14, "testname": "TRAN_VDD_PULSE", "cornername": "CMOS_RES_CAP_TEMP_12"}
[2026-05-26 08:14:31.611 Z] [WARN] [cadence.virtuoso.ade.simulationMonitor] -     WARNING (CMI-2943): Parameter checks have been ignored because the valid value for parameter 'trise' could not be found in 'C3'. {"history": "Interactive.76", "point": 14, "testname": "TRAN_VDD_PULSE", "cornername": "CMOS_RES_CAP_TEMP_12"}
[2026-05-26 08:14:31.612 Z] [WARN] [cadence.virtuoso.ade.simulationMonitor] -     WARNING (CMI-2943): Parameter checks have been ignored because the valid value for parameter 'trise' could not be found in 'C4'. {"history": "Interactive.76", "point": 14, "testname": "TRAN_VDD_PULSE", "cornername": "CMOS_RES_CAP_TEMP_12"}
[2026-05-26 08:14:31.612 Z] [WARN] [cadence.virtuoso.ade.simulationMonitor] -     WARNING (CMI-2943): Parameter checks have been ignored because the valid value for parameter 'trise' could not be found in 'C5'. {"history": "Interactive.76", "point": 14, "testname": "TRAN_VDD_PULSE", "cornername": "CMOS_RES_CAP_TEMP_12"}
[2026-05-26 08:14:31.612 Z] [WARN] [cadence.virtuoso.ade.simulationMonitor] -     WARNING (CMI-2943): Parameter checks have been ignored because the valid value for parameter 'trise' could not be found in 'I19.I4.C9<0>_turbo_m6.C1'.
        Further occurrences of this warning will be suppressed. {"history": "Interactive.76", "point": 14, "testname": "TRAN_VDD_PULSE", "cornername": "CMOS_RES_CAP_TEMP_12"}
[2026-05-26 08:14:31.612 Z] [INFO] [cadence.virtuoso.ade.simulationMonitor] - Notice from spectre during transient analysis `tran'.
    Output compression for transient analysis is enabled. {"history": "Interactive.76", "point": 14, "testname": "TRAN_VDD_PULSE", "cornername": "CMOS_RES_CAP_TEMP_12"}
[2026-05-26 08:14:31.612 Z] [INFO] [cadence.virtuoso.ade.simulationMonitor] - Notice from spectre during transient analysis `tran'.
    Multithreading is disabled due to the size of the design being too small. {"history": "Interactive.76", "point": 14, "testname": "TRAN_VDD_PULSE", "cornername": "CMOS_RES_CAP_TEMP_12"}
[2026-05-26 08:15:42.129 Z] [INFO] [cadence.virtuoso.ade.simulationMonitor] - Total time required for tran analysis `tran': CPU = 70.1128 s (1m  10.1s), elapsed = 70.4647 s (1m  10.5s), util. = 99.5%. {"history": "Interactive.76", "point": 14, "testname": "TRAN_VDD_PULSE", "cornername": "CMOS_RES_CAP_TEMP_12"}
[2026-05-26 08:15:42.129 Z] [INFO] [cadence.virtuoso.ade.simulationMonitor] - Peak resident memory used = 232 Mbytes. {"history": "Interactive.76", "point": 14, "testname": "TRAN_VDD_PULSE", "cornername": "CMOS_RES_CAP_TEMP_12"}
[2026-05-26 08:15:42.129 Z] [INFO] [cadence.virtuoso.ade.simulationMonitor] - Notice from spectre.
    308 warnings suppressed. {"history": "Interactive.76", "point": 14, "testname": "TRAN_VDD_PULSE", "cornername": "CMOS_RES_CAP_TEMP_12"}
[2026-05-26 08:15:42.130 Z] [WARN] [cadence.virtuoso.ade.simulationMonitor] -     WARNING (CMI-2425): I19.I2.C1: `Acde' = 2.393 is unusually large. {"history": "Interactive.76", "point": 14, "testname": "TRAN_VDD_PULSE", "cornername": "CMOS_RES_CAP_TEMP_12"}
[2026-05-26 08:15:42.130 Z] [WARN] [cadence.virtuoso.ade.simulationMonitor] -     WARNING (CMI-2425): I19.I2.C1: `Noff' = 4.732 is unusually large. {"history": "Interactive.76", "point": 14, "testname": "TRAN_VDD_PULSE", "cornername": "CMOS_RES_CAP_TEMP_12"}
[2026-05-26 08:15:42.130 Z] [WARN] [cadence.virtuoso.ade.simulationMonitor] -     WARNING (CMI-2424): I19.I2.C1: `Voffcv' = -867.4e-03 is unusually small. {"history": "Interactive.76", "point": 14, "testname": "TRAN_VDD_PULSE", "cornername": "CMOS_RES_CAP_TEMP_12"}
[2026-05-26 08:15:42.130 Z] [WARN] [cadence.virtuoso.ade.simulationMonitor] -     WARNING (CMI-2425): I19.I8.C0: `Acde' = 2.393 is unusually large. {"history": "Interactive.76", "point": 14, "testname": "TRAN_VDD_PULSE", "cornername": "CMOS_RES_CAP_TEMP_12"}
[2026-05-26 08:15:42.130 Z] [WARN] [cadence.virtuoso.ade.simulationMonitor] -     WARNING (CMI-2425): I19.I8.C0: `Noff' = 4.732 is unusually large. {"history": "Interactive.76", "point": 14, "testname": "TRAN_VDD_PULSE", "cornername": "CMOS_RES_CAP_TEMP_12"}
[2026-05-26 08:15:42.130 Z] [WARN] [cadence.virtuoso.ade.simulationMonitor] -     WARNING (CMI-2424): I19.I8.C0: `Voffcv' = -867.4e-03 is unusually small. {"history": "Interactive.76", "point": 14, "testname": "TRAN_VDD_PULSE", "cornername": "CMOS_RES_CAP_TEMP_12"}
[2026-05-26 08:15:42.130 Z] [WARN] [cadence.virtuoso.ade.simulationMonitor] -     WARNING (CMI-2425): I19.I8.C1: `Acde' = 2.393 is unusually large.
        Further occurrences of this warning will be suppressed. {"history": "Interactive.76", "point": 14, "testname": "TRAN_VDD_PULSE", "cornername": "CMOS_RES_CAP_TEMP_12"}
[2026-05-26 08:15:42.130 Z] [WARN] [cadence.virtuoso.ade.simulationMonitor] -     WARNING (CMI-2424): I19.I8.C1: `Voffcv' = -867.4e-03 is unusually small. {"history": "Interactive.76", "point": 14, "testname": "TRAN_VDD_PULSE", "cornername": "CMOS_RES_CAP_TEMP_12"}
[2026-05-26 08:15:42.130 Z] [WARN] [cadence.virtuoso.ade.simulationMonitor] -     WARNING (CMI-2424): I19.I14.C1: `Voffcv' = -867.4e-03 is unusually small. {"history": "Interactive.76", "point": 14, "testname": "TRAN_VDD_PULSE", "cornername": "CMOS_RES_CAP_TEMP_12"}
[2026-05-26 08:15:42.130 Z] [WARN] [cadence.virtuoso.ade.simulationMonitor] -     WARNING (CMI-2424): I19.I14.C4: `Voffcv' = -867.4e-03 is unusually small.
        Further occurrences of this warning will be suppressed. {"history": "Interactive.76", "point": 14, "testname": "TRAN_VDD_PULSE", "cornername": "CMOS_RES_CAP_TEMP_12"}
[2026-05-26 08:15:42.130 Z] [INFO] [cadence.virtuoso.ade.simulationMonitor] - Notice from spectre.
    56 warnings suppressed. {"history": "Interactive.76", "point": 14, "testname": "TRAN_VDD_PULSE", "cornername": "CMOS_RES_CAP_TEMP_12"}
[2026-05-26 08:15:42.130 Z] [WARN] [cadence.virtuoso.ade.simulationMonitor] -     WARNING (CMI-2425): I19.I2.C1: `Acde' = 2.393 is unusually large. {"history": "Interactive.76", "point": 14, "testname": "TRAN_VDD_PULSE", "cornername": "CMOS_RES_CAP_TEMP_12"}
[2026-05-26 08:15:42.131 Z] [WARN] [cadence.virtuoso.ade.simulationMonitor] -     WARNING (CMI-2425): I19.I2.C1: `Noff' = 4.732 is unusually large. {"history": "Interactive.76", "point": 14, "testname": "TRAN_VDD_PULSE", "cornername": "CMOS_RES_CAP_TEMP_12"}
[2026-05-26 08:15:42.131 Z] [WARN] [cadence.virtuoso.ade.simulationMonitor] -     WARNING (CMI-2424): I19.I2.C1: `Voffcv' = -867.4e-03 is unusually small. {"history": "Interactive.76", "point": 14, "testname": "TRAN_VDD_PULSE", "cornername": "CMOS_RES_CAP_TEMP_12"}
[2026-05-26 08:15:42.131 Z] [WARN] [cadence.virtuoso.ade.simulationMonitor] -     WARNING (CMI-2425): I19.I8.C0: `Acde' = 2.393 is unusually large. {"history": "Interactive.76", "point": 14, "testname": "TRAN_VDD_PULSE", "cornername": "CMOS_RES_CAP_TEMP_12"}
[2026-05-26 08:15:42.131 Z] [WARN] [cadence.virtuoso.ade.simulationMonitor] -     WARNING (CMI-2425): I19.I8.C0: `Noff' = 4.732 is unusually large. {"history": "Interactive.76", "point": 14, "testname": "TRAN_VDD_PULSE", "cornername": "CMOS_RES_CAP_TEMP_12"}
[2026-05-26 08:15:42.131 Z] [WARN] [cadence.virtuoso.ade.simulationMonitor] -     WARNING (CMI-2424): I19.I8.C0: `Voffcv' = -867.4e-03 is unusually small. {"history": "Interactive.76", "point": 14, "testname": "TRAN_VDD_PULSE", "cornername": "CMOS_RES_CAP_TEMP_12"}
[2026-05-26 08:15:42.131 Z] [WARN] [cadence.virtuoso.ade.simulationMonitor] -     WARNING (CMI-2425): I19.I8.C1: `Acde' = 2.393 is unusually large.
        Further occurrences of this warning will be suppressed. {"history": "Interactive.76", "point": 14, "testname": "TRAN_VDD_PULSE", "cornername": "CMOS_RES_CAP_TEMP_12"}
[2026-05-26 08:15:42.131 Z] [WARN] [cadence.virtuoso.ade.simulationMonitor] -     WARNING (CMI-2424): I19.I8.C1: `Voffcv' = -867.4e-03 is unusually small. {"history": "Interactive.76", "point": 14, "testname": "TRAN_VDD_PULSE", "cornername": "CMOS_RES_CAP_TEMP_12"}
[2026-05-26 08:15:42.131 Z] [WARN] [cadence.virtuoso.ade.simulationMonitor] -     WARNING (CMI-2424): I19.I14.C1: `Voffcv' = -867.4e-03 is unusually small. {"history": "Interactive.76", "point": 14, "testname": "TRAN_VDD_PULSE", "cornername": "CMOS_RES_CAP_TEMP_12"}
[2026-05-26 08:15:42.131 Z] [WARN] [cadence.virtuoso.ade.simulationMonitor] -     WARNING (CMI-2424): I19.I14.C4: `Voffcv' = -867.4e-03 is unusually small.
        Further occurrences of this warning will be suppressed. {"history": "Interactive.76", "point": 14, "testname": "TRAN_VDD_PULSE", "cornername": "CMOS_RES_CAP_TEMP_12"}
[2026-05-26 08:15:42.131 Z] [INFO] [cadence.virtuoso.ade.simulationMonitor] - Notice from spectre.
    59 warnings suppressed. {"history": "Interactive.76", "point": 14, "testname": "TRAN_VDD_PULSE", "cornername": "CMOS_RES_CAP_TEMP_12"}
[2026-05-26 08:15:42.131 Z] [WARN] [cadence.virtuoso.ade.simulationMonitor] -     WARNING (CMI-2425): I19.I2.C1: `Acde' = 2.393 is unusually large. {"history": "Interactive.76", "point": 14, "testname": "TRAN_VDD_PULSE", "cornername": "CMOS_RES_CAP_TEMP_12"}
[2026-05-26 08:15:42.131 Z] [WARN] [cadence.virtuoso.ade.simulationMonitor] -     WARNING (CMI-2425): I19.I2.C1: `Noff' = 4.732 is unusually large. {"history": "Interactive.76", "point": 14, "testname": "TRAN_VDD_PULSE", "cornername": "CMOS_RES_CAP_TEMP_12"}
[2026-05-26 08:15:42.131 Z] [WARN] [cadence.virtuoso.ade.simulationMonitor] -     WARNING (CMI-2424): I19.I2.C1: `Voffcv' = -867.4e-03 is unusually small. {"history": "Interactive.76", "point": 14, "testname": "TRAN_VDD_PULSE", "cornername": "CMOS_RES_CAP_TEMP_12"}
[2026-05-26 08:15:42.131 Z] [WARN] [cadence.virtuoso.ade.simulationMonitor] -     WARNING (CMI-2425): I19.I8.C0: `Acde' = 2.393 is unusually large. {"history": "Interactive.76", "point": 14, "testname": "TRAN_VDD_PULSE", "cornername": "CMOS_RES_CAP_TEMP_12"}
[2026-05-26 08:15:42.131 Z] [WARN] [cadence.virtuoso.ade.simulationMonitor] -     WARNING (CMI-2425): I19.I8.C0: `Noff' = 4.732 is unusually large. {"history": "Interactive.76", "point": 14, "testname": "TRAN_VDD_PULSE", "cornername": "CMOS_RES_CAP_TEMP_12"}
[2026-05-26 08:15:42.132 Z] [WARN] [cadence.virtuoso.ade.simulationMonitor] -     WARNING (CMI-2424): I19.I8.C0: `Voffcv' = -867.4e-03 is unusually small. {"history": "Interactive.76", "point": 14, "testname": "TRAN_VDD_PULSE", "cornername": "CMOS_RES_CAP_TEMP_12"}
[2026-05-26 08:15:42.132 Z] [WARN] [cadence.virtuoso.ade.simulationMonitor] -     WARNING (CMI-2425): I19.I8.C1: `Acde' = 2.393 is unusually large.
        Further occurrences of this warning will be suppressed. {"history": "Interactive.76", "point": 14, "testname": "TRAN_VDD_PULSE", "cornername": "CMOS_RES_CAP_TEMP_12"}
[2026-05-26 08:15:42.132 Z] [WARN] [cadence.virtuoso.ade.simulationMonitor] -     WARNING (CMI-2424): I19.I8.C1: `Voffcv' = -867.4e-03 is unusually small. {"history": "Interactive.76", "point": 14, "testname": "TRAN_VDD_PULSE", "cornername": "CMOS_RES_CAP_TEMP_12"}
[2026-05-26 08:15:42.132 Z] [WARN] [cadence.virtuoso.ade.simulationMonitor] -     WARNING (CMI-2424): I19.I14.C1: `Voffcv' = -867.4e-03 is unusually small. {"history": "Interactive.76", "point": 14, "testname": "TRAN_VDD_PULSE", "cornername": "CMOS_RES_CAP_TEMP_12"}
[2026-05-26 08:15:42.132 Z] [WARN] [cadence.virtuoso.ade.simulationMonitor] -     WARNING (CMI-2424): I19.I14.C4: `Voffcv' = -867.4e-03 is unusually small.
        Further occurrences of this warning will be suppressed. {"history": "Interactive.76", "point": 14, "testname": "TRAN_VDD_PULSE", "cornername": "CMOS_RES_CAP_TEMP_12"}
[2026-05-26 08:15:42.132 Z] [INFO] [cadence.virtuoso.ade.simulationMonitor] - Notice from spectre.
    56 warnings suppressed. {"history": "Interactive.76", "point": 14, "testname": "TRAN_VDD_PULSE", "cornername": "CMOS_RES_CAP_TEMP_12"}
[2026-05-26 08:15:42.132 Z] [WARN] [cadence.virtuoso.ade.simulationMonitor] -     WARNING (CMI-2425): I19.I2.C1: `Acde' = 2.393 is unusually large. {"history": "Interactive.76", "point": 14, "testname": "TRAN_VDD_PULSE", "cornername": "CMOS_RES_CAP_TEMP_12"}
[2026-05-26 08:15:42.132 Z] [WARN] [cadence.virtuoso.ade.simulationMonitor] -     WARNING (CMI-2425): I19.I2.C1: `Noff' = 4.732 is unusually large. {"history": "Interactive.76", "point": 14, "testname": "TRAN_VDD_PULSE", "cornername": "CMOS_RES_CAP_TEMP_12"}
[2026-05-26 08:15:42.132 Z] [WARN] [cadence.virtuoso.ade.simulationMonitor] -     WARNING (CMI-2424): I19.I2.C1: `Voffcv' = -867.4e-03 is unusually small. {"history": "Interactive.76", "point": 14, "testname": "TRAN_VDD_PULSE", "cornername": "CMOS_RES_CAP_TEMP_12"}
[2026-05-26 08:15:42.132 Z] [WARN] [cadence.virtuoso.ade.simulationMonitor] -     WARNING (CMI-2425): I19.I8.C0: `Acde' = 2.393 is unusually large. {"history": "Interactive.76", "point": 14, "testname": "TRAN_VDD_PULSE", "cornername": "CMOS_RES_CAP_TEMP_12"}
[2026-05-26 08:15:42.132 Z] [WARN] [cadence.virtuoso.ade.simulationMonitor] -     WARNING (CMI-2425): I19.I8.C0: `Noff' = 4.732 is unusually large. {"history": "Interactive.76", "point": 14, "testname": "TRAN_VDD_PULSE", "cornername": "CMOS_RES_CAP_TEMP_12"}
[2026-05-26 08:15:42.132 Z] [WARN] [cadence.virtuoso.ade.simulationMonitor] -     WARNING (CMI-2424): I19.I8.C0: `Voffcv' = -867.4e-03 is unusually small. {"history": "Interactive.76", "point": 14, "testname": "TRAN_VDD_PULSE", "cornername": "CMOS_RES_CAP_TEMP_12"}
[2026-05-26 08:15:42.132 Z] [WARN] [cadence.virtuoso.ade.simulationMonitor] -     WARNING (CMI-2425): I19.I8.C1: `Acde' = 2.393 is unusually large.
        Further occurrences of this warning will be suppressed. {"history": "Interactive.76", "point": 14, "testname": "TRAN_VDD_PULSE", "cornername": "CMOS_RES_CAP_TEMP_12"}
[2026-05-26 08:15:42.132 Z] [WARN] [cadence.virtuoso.ade.simulationMonitor] -     WARNING (CMI-2424): I19.I8.C1: `Voffcv' = -867.4e-03 is unusually small. {"history": "Interactive.76", "point": 14, "testname": "TRAN_VDD_PULSE", "cornername": "CMOS_RES_CAP_TEMP_12"}
[2026-05-26 08:15:42.132 Z] [WARN] [cadence.virtuoso.ade.simulationMonitor] -     WARNING (CMI-2424): I19.I14.C1: `Voffcv' = -867.4e-03 is unusually small. {"history": "Interactive.76", "point": 14, "testname": "TRAN_VDD_PULSE", "cornername": "CMOS_RES_CAP_TEMP_12"}
[2026-05-26 08:15:42.132 Z] [WARN] [cadence.virtuoso.ade.simulationMonitor] -     WARNING (CMI-2424): I19.I14.C4: `Voffcv' = -867.4e-03 is unusually small.
        Further occurrences of this warning will be suppressed. {"history": "Interactive.76", "point": 14, "testname": "TRAN_VDD_PULSE", "cornername": "CMOS_RES_CAP_TEMP_12"}
[2026-05-26 08:15:42.132 Z] [INFO] [cadence.virtuoso.ade.simulationMonitor] - Notice from spectre.
    56 warnings suppressed. {"history": "Interactive.76", "point": 14, "testname": "TRAN_VDD_PULSE", "cornername": "CMOS_RES_CAP_TEMP_12"}
[2026-05-26 08:15:42.133 Z] [INFO] [cadence.virtuoso.ade.simulationMonitor] - Time used: CPU = 70.6 s (1m  10.6s), elapsed = 71.3 s (1m  11.3s), util. = 99%. {"history": "Interactive.76", "point": 14, "testname": "TRAN_VDD_PULSE", "cornername": "CMOS_RES_CAP_TEMP_12"}
[2026-05-26 08:15:42.133 Z] [INFO] [cadence.virtuoso.ade.simulationMonitor] - Time spent in licensing: elapsed = 38.1 ms. {"history": "Interactive.76", "point": 14, "testname": "TRAN_VDD_PULSE", "cornername": "CMOS_RES_CAP_TEMP_12"}
[2026-05-26 08:15:42.133 Z] [INFO] [cadence.virtuoso.ade.simulationMonitor] - Peak memory used = 233 Mbytes. {"history": "Interactive.76", "point": 14, "testname": "TRAN_VDD_PULSE", "cornername": "CMOS_RES_CAP_TEMP_12"}
[2026-05-26 08:15:42.133 Z] [PROCESS] [cadence.virtuoso.ade.simulationMonitor] - Simulation started at: 8:14:30 AM, Tue May 26, 2026, ended at: 8:15:41 AM, Tue May 26, 2026, with elapsed time (wall clock): 71.3 s (1m  11.3s). {"history": "Interactive.76", "point": 14, "testname": "TRAN_VDD_PULSE", "cornername": "CMOS_RES_CAP_TEMP_12"}
[2026-05-26 08:15:42.133 Z] [PROCESS] [cadence.virtuoso.ade.simulationMonitor] - spectre completes with 0 errors, 97 warnings, and 33 notices. {"history": "Interactive.76", "point": 14, "testname": "TRAN_VDD_PULSE", "cornername": "CMOS_RES_CAP_TEMP_12"}
[2026-05-26 08:15:42.133 Z] [PROCESS] [cadence.virtuoso.ade.simulationMonitor] - Finished simulating for one point {"hostname": "edatools", "processid": 229924, "history": "Interactive.76", "testname": "TRAN_VDD_PULSE", "cornername": "CMOS_RES_CAP_TEMP_12", "point": 14, "logfile": "/home/saul/projects/IL2244_VT26_SAUL/logs_saul/logs0/Job38.log", "simid": "3"}
[2026-05-26 08:15:42.133 Z] [PROCESS] [cadence.virtuoso.ade.simulationMonitor] - Simulator exited {"hostname": "edatools", "processid": 229924, "history": "Interactive.76", "testname": "TRAN_VDD_PULSE", "cornername": "CMOS_RES_CAP_TEMP_12", "point": 14, "logfile": "/home/saul/projects/IL2244_VT26_SAUL/logs_saul/logs0/Job38.log", "exitStatus": "0"}
[2026-05-26 08:15:42.133 Z] [PROCESS] [cadence.virtuoso.ade.simulationMonitor] - Finished Simulation {"hostname": "edatools", "processid": 229924, "history": "Interactive.76", "testname": "TRAN_VDD_PULSE", "cornername": "CMOS_RES_CAP_TEMP_12", "point": 14, "logfile": "/home/saul/projects/IL2244_VT26_SAUL/logs_saul/logs0/Job38.log", "simid": "3"}
[2026-05-26 08:15:44.139 Z] [PROCESS] [cadence.virtuoso.ade.simulationMonitor] - Point Finished {"hostname": "edatools", "processid": 229924, "history": "Interactive.76", "testname": "TRAN_VDD_PULSE", "cornername": "CMOS_RES_CAP_TEMP_12", "point": 14, "logfile": "/home/saul/projects/IL2244_VT26_SAUL/logs_saul/logs0/Job38.log"}
[2026-05-26 08:15:44.141 Z] [PROCESS] [cadence.virtuoso.ade.simulationMonitor] - HostInfo:
Host name (type):	edatools (x86_64)
Operating system:	Linux 6.17.0-29-generic #29~24.04.1-Ubuntu SMP PREEMPT_DYNAMIC Mon May 11 10:30:58 UTC 2 {"hostname": "edatools", "processid": 229924, "history": "Interactive.76", "testname": "TRAN_VDD_PULSE", "cornername": "CMOS_RES_CAP_TEMP_12", "point": 14, "logfile": "/home/saul/projects/IL2244_VT26_SAUL/logs_saul/logs0/Job38.log", "nodename": "edatools", "domainname": "(none)", "machine": "x86_64", "sysname": "Linux", "release": "6.17.0-29-generic", "version": "#29~24.04.1-Ubuntu SMP PREEMPT_DYNAMIC Mon May 11 10:30:58 UTC 2"}
[2026-05-26 08:15:44.141 Z] [PROCESS] [cadence.virtuoso.ade.simulationMonitor] - UsageInfo:
pid=229924
totalPhysicalMemory=62.544987GB,Used=44.257896GB,totalVirtualMemory=70.544983GB,Used=44.257896GB
Cpu: Cores=16, Load average:6.350000,4.810000,4.060000 {"hostname": "edatools", "processid": 229924, "history": "Interactive.76", "testname": "TRAN_VDD_PULSE", "cornername": "CMOS_RES_CAP_TEMP_12", "point": 14, "logfile": "/home/saul/projects/IL2244_VT26_SAUL/logs_saul/logs0/Job38.log", "pid": "229924", "totalPhysicalMemory": "62.544987", "physicalMemoryUsed": "44.257896", "totalVirtualMemory": "70.544983", "virtualMemoryUsed": "44.257896", "cpuCores": "16", "processes": "1707", "loadAverage1": "6.350000", "loadAverage5": "4.810000", "loadAverage15": "4.060000", "loadAverage1Percent": "0.396875"}
[2026-05-26 08:15:44.141 Z] [EVENT] [cadence.virtuoso.ade.simulationMonitor] - NewPoint {"history": "Interactive.76", "point": 22, "testname": "TRAN_VDD_PULSE", "cornername": "CMOS_RES_CAP_TEMP_20", "event": "NewPoint", "EventSource": "Simulation Monitor", "HistoryName": "Interactive.76", "logFile": "/home/saul/projects/IL2244_VT26_SAUL/logs_saul/logs0/Job38.log", "logFileSize": "131229"}
[2026-05-26 08:15:44.242 Z] [EVENT] [cadence.virtuoso.ade.simulationMonitor] - NewPoint {"history": "Interactive.76", "point": 22, "testname": "TRAN_VDD_PULSE", "cornername": "CMOS_RES_CAP_TEMP_20", "event": "NewPoint", "EventSource": "spectre", "HistoryName": "Interactive.76", "logFile": "/home/saul/projects/IL2244_VT26_SAUL/Sim/FECG/fecg_front_end_tran_tb/maestro/results/maestro/Interactive.76/22/TRAN_VDD_PULSE/psf/spectre.out", "logFileSize": "-1"}
[2026-05-26 08:15:44.245 Z] [PROCESS] [cadence.virtuoso.ade.simulationMonitor] - Simulator launched {"hostname": "edatools", "processid": 229924, "history": "Interactive.76", "testname": "TRAN_VDD_PULSE", "cornername": "CMOS_RES_CAP_TEMP_20", "point": 22, "logfile": "/home/saul/projects/IL2244_VT26_SAUL/logs_saul/logs0/Job38.log", "simid": "4"}
[2026-05-26 08:15:44.258 Z] [PROCESS] [cadence.virtuoso.ade.simulationMonitor] - Started Simulation {"hostname": "edatools", "processid": 229924, "history": "Interactive.76", "testname": "TRAN_VDD_PULSE", "cornername": "CMOS_RES_CAP_TEMP_20", "point": 22, "logfile": "/home/saul/projects/IL2244_VT26_SAUL/logs_saul/logs0/Job38.log", "event": "started", "task": "simulation"}
[2026-05-26 08:15:44.759 Z] [INFO] [cadence.virtuoso.ade.simulationMonitor] - Notice from spectre during circuit read-in.
    Pre_Configuration file used: /opt/tools/cadence/installs/SPECTRE241/tools.lnx86/spectre/etc/configs/preset.precfg
    Configuration file used: `/opt/tools/cadence/installs/SPECTRE241/tools.lnx86/spectre/etc/configs/preset.cfg'. {"history": "Interactive.76", "point": 22, "testname": "TRAN_VDD_PULSE", "cornername": "CMOS_RES_CAP_TEMP_20"}
[2026-05-26 08:15:44.759 Z] [WARN] [cadence.virtuoso.ade.simulationMonitor] -     WARNING (SPECTRE-8360): line 1511: `ac' is an undefined primitive device. {"history": "Interactive.76", "point": 22, "testname": "TRAN_VDD_PULSE", "cornername": "CMOS_RES_CAP_TEMP_20"}
[2026-05-26 08:15:44.759 Z] [WARN] [cadence.virtuoso.ade.simulationMonitor] -     WARNING (SPECTRE-8360): line 1512: `ac' is an undefined primitive device. {"history": "Interactive.76", "point": 22, "testname": "TRAN_VDD_PULSE", "cornername": "CMOS_RES_CAP_TEMP_20"}
[2026-05-26 08:15:44.759 Z] [WARN] [cadence.virtuoso.ade.simulationMonitor] -     WARNING (SPECTRE-8360): line 1513: `ac' is an undefined primitive device. {"history": "Interactive.76", "point": 22, "testname": "TRAN_VDD_PULSE", "cornername": "CMOS_RES_CAP_TEMP_20"}
[2026-05-26 08:15:44.759 Z] [WARN] [cadence.virtuoso.ade.simulationMonitor] -     WARNING (SPECTRE-8360): line 1514: `ac' is an undefined primitive device. {"history": "Interactive.76", "point": 22, "testname": "TRAN_VDD_PULSE", "cornername": "CMOS_RES_CAP_TEMP_20"}
[2026-05-26 08:15:44.759 Z] [WARN] [cadence.virtuoso.ade.simulationMonitor] -     WARNING (SPECTRE-8360): line 1515: `ac' is an undefined primitive device.
        Further occurrences of this warning will be suppressed. {"history": "Interactive.76", "point": 22, "testname": "TRAN_VDD_PULSE", "cornername": "CMOS_RES_CAP_TEMP_20"}
[2026-05-26 08:15:44.759 Z] [INFO] [cadence.virtuoso.ade.simulationMonitor] - Peak resident memory used = 173 Mbytes. {"history": "Interactive.76", "point": 22, "testname": "TRAN_VDD_PULSE", "cornername": "CMOS_RES_CAP_TEMP_20"}
[2026-05-26 08:15:44.759 Z] [WARN] [cadence.virtuoso.ade.simulationMonitor] -     WARNING (VACOMP-2435): The environment variable CDS_AHDLCMI_ENABLE is no longer supported. Therefore, the simulator will use the default compiled C code flow. {"history": "Interactive.76", "point": 22, "testname": "TRAN_VDD_PULSE", "cornername": "CMOS_RES_CAP_TEMP_20"}
[2026-05-26 08:15:44.759 Z] [WARN] [cadence.virtuoso.ade.simulationMonitor] -     WARNING (SFE-3014): The floating device I19.I0.I5.MN14<0>_turbo_m4 is removed. {"history": "Interactive.76", "point": 22, "testname": "TRAN_VDD_PULSE", "cornername": "CMOS_RES_CAP_TEMP_20"}
[2026-05-26 08:15:44.759 Z] [WARN] [cadence.virtuoso.ade.simulationMonitor] -     WARNING (SFE-3012): The dummy device I19.I4.MP16<0>_turbo_m41 is removed. {"history": "Interactive.76", "point": 22, "testname": "TRAN_VDD_PULSE", "cornername": "CMOS_RES_CAP_TEMP_20"}
[2026-05-26 08:15:44.760 Z] [WARN] [cadence.virtuoso.ade.simulationMonitor] -     WARNING (SFE-3014): The floating device I19.I8.MN57<0>_turbo_m28 is removed. {"history": "Interactive.76", "point": 22, "testname": "TRAN_VDD_PULSE", "cornername": "CMOS_RES_CAP_TEMP_20"}
[2026-05-26 08:15:44.760 Z] [WARN] [cadence.virtuoso.ade.simulationMonitor] -     WARNING (SFE-3012): The dummy device I19.I14.MP13<0>_turbo_m4 is removed. {"history": "Interactive.76", "point": 22, "testname": "TRAN_VDD_PULSE", "cornername": "CMOS_RES_CAP_TEMP_20"}
[2026-05-26 08:15:44.760 Z] [WARN] [cadence.virtuoso.ade.simulationMonitor] -     WARNING (SFE-3031): The floating capacitor I19.I12.C10<0>_turbo_m12.C1 is removed. {"history": "Interactive.76", "point": 22, "testname": "TRAN_VDD_PULSE", "cornername": "CMOS_RES_CAP_TEMP_20"}
[2026-05-26 08:15:44.760 Z] [WARN] [cadence.virtuoso.ade.simulationMonitor] -     WARNING (SFE-3014): The floating device I19.I2.MN37<0>_turbo_m4 is removed. {"history": "Interactive.76", "point": 22, "testname": "TRAN_VDD_PULSE", "cornername": "CMOS_RES_CAP_TEMP_20"}
[2026-05-26 08:15:44.760 Z] [WARN] [cadence.virtuoso.ade.simulationMonitor] -     WARNING (SFE-3012): The dummy device I19.I0.I5.MP12<0>_turbo_m2 is removed. {"history": "Interactive.76", "point": 22, "testname": "TRAN_VDD_PULSE", "cornername": "CMOS_RES_CAP_TEMP_20"}
[2026-05-26 08:15:44.760 Z] [WARN] [cadence.virtuoso.ade.simulationMonitor] -     WARNING (SFE-3014): The floating device I19.I0.MN13<0>_turbo_m4 is removed. {"history": "Interactive.76", "point": 22, "testname": "TRAN_VDD_PULSE", "cornername": "CMOS_RES_CAP_TEMP_20"}
[2026-05-26 08:15:44.760 Z] [WARN] [cadence.virtuoso.ade.simulationMonitor] -     WARNING (SFE-3012): The dummy device I19.I0.I3.MP13<0>_turbo_m4 is removed. {"history": "Interactive.76", "point": 22, "testname": "TRAN_VDD_PULSE", "cornername": "CMOS_RES_CAP_TEMP_20"}
[2026-05-26 08:15:44.760 Z] [WARN] [cadence.virtuoso.ade.simulationMonitor] -     WARNING (SFE-3031): The floating capacitor I19.I12.C6<0>_turbo_m3.C1 is removed. {"history": "Interactive.76", "point": 22, "testname": "TRAN_VDD_PULSE", "cornername": "CMOS_RES_CAP_TEMP_20"}
[2026-05-26 08:15:44.760 Z] [WARN] [cadence.virtuoso.ade.simulationMonitor] -     WARNING (SFE-3012): The dummy device I19.I0.MP11<0>_turbo_m4 is removed.
        Further occurrences of this warning will be suppressed. {"history": "Interactive.76", "point": 22, "testname": "TRAN_VDD_PULSE", "cornername": "CMOS_RES_CAP_TEMP_20"}
[2026-05-26 08:15:44.760 Z] [WARN] [cadence.virtuoso.ade.simulationMonitor] -     WARNING (SFE-3031): The floating capacitor I19.I11.C7<0>_turbo_m3.C1 is removed. {"history": "Interactive.76", "point": 22, "testname": "TRAN_VDD_PULSE", "cornername": "CMOS_RES_CAP_TEMP_20"}
[2026-05-26 08:15:44.760 Z] [WARN] [cadence.virtuoso.ade.simulationMonitor] -     WARNING (SFE-3014): The floating device I19.I12.MN57<0>_turbo_m28 is removed.
        Further occurrences of this warning will be suppressed. {"history": "Interactive.76", "point": 22, "testname": "TRAN_VDD_PULSE", "cornername": "CMOS_RES_CAP_TEMP_20"}
[2026-05-26 08:15:44.760 Z] [WARN] [cadence.virtuoso.ade.simulationMonitor] -     WARNING (SFE-3031): The floating capacitor I19.I11.C10<0>_turbo_m12.C1 is removed. {"history": "Interactive.76", "point": 22, "testname": "TRAN_VDD_PULSE", "cornername": "CMOS_RES_CAP_TEMP_20"}
[2026-05-26 08:15:44.761 Z] [WARN] [cadence.virtuoso.ade.simulationMonitor] -     WARNING (SFE-3031): The floating capacitor I19.I12.C7<0>_turbo_m3.C1 is removed.
        Further occurrences of this warning will be suppressed. {"history": "Interactive.76", "point": 22, "testname": "TRAN_VDD_PULSE", "cornername": "CMOS_RES_CAP_TEMP_20"}
[2026-05-26 08:15:44.761 Z] [INFO] [cadence.virtuoso.ade.simulationMonitor] - Notice from spectre during hierarchy flattening.
    The value 'psf' specified for the 'checklimitdest' option will no longer be supported in future releases. Use 'spectre -h' to see other recommended values for the 'checklimitdest' option. {"history": "Interactive.76", "point": 22, "testname": "TRAN_VDD_PULSE", "cornername": "CMOS_RES_CAP_TEMP_20"}
[2026-05-26 08:15:44.761 Z] [INFO] [cadence.virtuoso.ade.simulationMonitor] - Peak resident memory used = 189 Mbytes. {"history": "Interactive.76", "point": 22, "testname": "TRAN_VDD_PULSE", "cornername": "CMOS_RES_CAP_TEMP_20"}
[2026-05-26 08:15:44.761 Z] [INFO] [cadence.virtuoso.ade.simulationMonitor] - Notice from spectre during hierarchy flattening.
    The value 'psf' specified for the 'checklimitdest' option will no longer be supported in future releases. Use 'spectre -h' to see other recommended values for the 'checklimitdest' option.
    I19.I0.R10.CS0 of rpolyhc: `c' has the unusually small value of 0 F.
    I19.I0.R10.CS1 of rpolyhc: `c' has the unusually small value of 0 F.
    I19.I0.R9.CS0 of rpolyhc: `c' has the unusually small value of 0 F.
    I19.I0.R9.CS1 of rpolyhc: `c' has the unusually ... {"history": "Interactive.76", "point": 22, "testname": "TRAN_VDD_PULSE", "cornername": "CMOS_RES_CAP_TEMP_20"}
[2026-05-26 08:15:44.761 Z] [INFO] [cadence.virtuoso.ade.simulationMonitor] - Notice from spectre during hierarchy flattening.
    V17: `period' has the unusually large value of 20 s.
    V17: `width' has the unusually large value of 19 s.
    V16: `period' has the unusually large value of 10 s.
    V16: `width' has the unusually large value of 9 s.
    V9: `period' has the unusually large value of 10 s.
        Further occurrences of this notice will be suppressed. {"history": "Interactive.76", "point": 22, "testname": "TRAN_VDD_PULSE", "cornername": "CMOS_RES_CAP_TEMP_20"}
[2026-05-26 08:15:44.761 Z] [INFO] [cadence.virtuoso.ade.simulationMonitor] - Peak resident memory used = 192 Mbytes. {"history": "Interactive.76", "point": 22, "testname": "TRAN_VDD_PULSE", "cornername": "CMOS_RES_CAP_TEMP_20"}
[2026-05-26 08:15:44.761 Z] [WARN] [cadence.virtuoso.ade.simulationMonitor] -     WARNING (CMI-2425): I19.I0.C2: `Acde' = 2.393 is unusually large. {"history": "Interactive.76", "point": 22, "testname": "TRAN_VDD_PULSE", "cornername": "CMOS_RES_CAP_TEMP_20"}
[2026-05-26 08:15:44.761 Z] [WARN] [cadence.virtuoso.ade.simulationMonitor] -     WARNING (CMI-2425): I19.I0.C2: `Noff' = 4.732 is unusually large. {"history": "Interactive.76", "point": 22, "testname": "TRAN_VDD_PULSE", "cornername": "CMOS_RES_CAP_TEMP_20"}
[2026-05-26 08:15:44.761 Z] [WARN] [cadence.virtuoso.ade.simulationMonitor] -     WARNING (CMI-2424): I19.I0.C2: `Voffcv' = -867.4e-03 is unusually small. {"history": "Interactive.76", "point": 22, "testname": "TRAN_VDD_PULSE", "cornername": "CMOS_RES_CAP_TEMP_20"}
[2026-05-26 08:15:44.761 Z] [WARN] [cadence.virtuoso.ade.simulationMonitor] -     WARNING (CMI-2425): I19.I0.C3: `Acde' = 2.393 is unusually large. {"history": "Interactive.76", "point": 22, "testname": "TRAN_VDD_PULSE", "cornername": "CMOS_RES_CAP_TEMP_20"}
[2026-05-26 08:15:44.761 Z] [WARN] [cadence.virtuoso.ade.simulationMonitor] -     WARNING (CMI-2425): I19.I0.C3: `Noff' = 4.732 is unusually large. {"history": "Interactive.76", "point": 22, "testname": "TRAN_VDD_PULSE", "cornername": "CMOS_RES_CAP_TEMP_20"}
[2026-05-26 08:15:44.762 Z] [WARN] [cadence.virtuoso.ade.simulationMonitor] -     WARNING (CMI-2424): I19.I0.C3: `Voffcv' = -867.4e-03 is unusually small. {"history": "Interactive.76", "point": 22, "testname": "TRAN_VDD_PULSE", "cornername": "CMOS_RES_CAP_TEMP_20"}
[2026-05-26 08:15:44.762 Z] [WARN] [cadence.virtuoso.ade.simulationMonitor] -     WARNING (CMI-2425): I19.I0.C0: `Acde' = 2.393 is unusually large.
        Further occurrences of this warning will be suppressed. {"history": "Interactive.76", "point": 22, "testname": "TRAN_VDD_PULSE", "cornername": "CMOS_RES_CAP_TEMP_20"}
[2026-05-26 08:15:44.762 Z] [WARN] [cadence.virtuoso.ade.simulationMonitor] -     WARNING (CMI-2424): I19.I0.C0: `Voffcv' = -867.4e-03 is unusually small. {"history": "Interactive.76", "point": 22, "testname": "TRAN_VDD_PULSE", "cornername": "CMOS_RES_CAP_TEMP_20"}
[2026-05-26 08:15:44.762 Z] [WARN] [cadence.virtuoso.ade.simulationMonitor] -     WARNING (CMI-2424): I19.I0.I3.C1: `Voffcv' = -867.4e-03 is unusually small. {"history": "Interactive.76", "point": 22, "testname": "TRAN_VDD_PULSE", "cornername": "CMOS_RES_CAP_TEMP_20"}
[2026-05-26 08:15:44.762 Z] [WARN] [cadence.virtuoso.ade.simulationMonitor] -     WARNING (CMI-2424): I19.I0.C1<0>_turbo_m5: `Voffcv' = -867.4e-03 is unusually small.
        Further occurrences of this warning will be suppressed. {"history": "Interactive.76", "point": 22, "testname": "TRAN_VDD_PULSE", "cornername": "CMOS_RES_CAP_TEMP_20"}
[2026-05-26 08:15:44.762 Z] [WARN] [cadence.virtuoso.ade.simulationMonitor] -     WARNING (SPECTRE-17607): Assert `SOAC_rpolyh_vminuspsub' is ignored because it contains an expression which is invalid or not supported by native evaluator.  {"history": "Interactive.76", "point": 22, "testname": "TRAN_VDD_PULSE", "cornername": "CMOS_RES_CAP_TEMP_20"}
[2026-05-26 08:15:44.762 Z] [WARN] [cadence.virtuoso.ade.simulationMonitor] -     WARNING (SPECTRE-17607): Assert `SOAC_rpolyh_vpluspsub' is ignored because it contains an expression which is invalid or not supported by native evaluator.  {"history": "Interactive.76", "point": 22, "testname": "TRAN_VDD_PULSE", "cornername": "CMOS_RES_CAP_TEMP_20"}
[2026-05-26 08:15:44.762 Z] [WARN] [cadence.virtuoso.ade.simulationMonitor] -     WARNING (SPECTRE-16460): SOAC_cvarm_vspsub:Specified subcircuit master `cvarm' was not found. {"history": "Interactive.76", "point": 22, "testname": "TRAN_VDD_PULSE", "cornername": "CMOS_RES_CAP_TEMP_20"}
[2026-05-26 08:15:44.762 Z] [WARN] [cadence.virtuoso.ade.simulationMonitor] -     WARNING (SPECTRE-16462): SOAC_cvarm_vspsub:Error in specification of subcircuit master. Assert is ignored. {"history": "Interactive.76", "point": 22, "testname": "TRAN_VDD_PULSE", "cornername": "CMOS_RES_CAP_TEMP_20"}
[2026-05-26 08:15:44.762 Z] [WARN] [cadence.virtuoso.ade.simulationMonitor] -     WARNING (SPECTRE-16460): SOAC_cvarm_vbs:Specified subcircuit master `cvarm' was not found. {"history": "Interactive.76", "point": 22, "testname": "TRAN_VDD_PULSE", "cornername": "CMOS_RES_CAP_TEMP_20"}
[2026-05-26 08:15:44.762 Z] [WARN] [cadence.virtuoso.ade.simulationMonitor] -     WARNING (SPECTRE-16462): SOAC_cvarm_vbs:Error in specification of subcircuit master. Assert is ignored. {"history": "Interactive.76", "point": 22, "testname": "TRAN_VDD_PULSE", "cornername": "CMOS_RES_CAP_TEMP_20"}
[2026-05-26 08:15:44.762 Z] [WARN] [cadence.virtuoso.ade.simulationMonitor] -     WARNING (SPECTRE-16460): SOAC_cvarm_vgb:Specified subcircuit master `cvarm' was not found. {"history": "Interactive.76", "point": 22, "testname": "TRAN_VDD_PULSE", "cornername": "CMOS_RES_CAP_TEMP_20"}
[2026-05-26 08:15:44.762 Z] [WARN] [cadence.virtuoso.ade.simulationMonitor] -     WARNING (SPECTRE-16462): SOAC_cvarm_vgb:Error in specification of subcircuit master. Assert is ignored. {"history": "Interactive.76", "point": 22, "testname": "TRAN_VDD_PULSE", "cornername": "CMOS_RES_CAP_TEMP_20"}
[2026-05-26 08:15:44.762 Z] [WARN] [cadence.virtuoso.ade.simulationMonitor] -     WARNING (SPECTRE-16460): SOAC_cvart_vspsub:Specified subcircuit master `cvart' was not found. {"history": "Interactive.76", "point": 22, "testname": "TRAN_VDD_PULSE", "cornername": "CMOS_RES_CAP_TEMP_20"}
[2026-05-26 08:15:44.763 Z] [WARN] [cadence.virtuoso.ade.simulationMonitor] -     WARNING (SPECTRE-16462): SOAC_cvart_vspsub:Error in specification of subcircuit master. Assert is ignored. {"history": "Interactive.76", "point": 22, "testname": "TRAN_VDD_PULSE", "cornername": "CMOS_RES_CAP_TEMP_20"}
[2026-05-26 08:15:44.763 Z] [WARN] [cadence.virtuoso.ade.simulationMonitor] -     WARNING (SPECTRE-16460): SOAC_cvart_vbs:Specified subcircuit master `cvart' was not found.
        Further occurrences of this warning will be suppressed. {"history": "Interactive.76", "point": 22, "testname": "TRAN_VDD_PULSE", "cornername": "CMOS_RES_CAP_TEMP_20"}
[2026-05-26 08:15:44.763 Z] [WARN] [cadence.virtuoso.ade.simulationMonitor] -     WARNING (SPECTRE-16462): SOAC_cvart_vbs:Error in specification of subcircuit master. Assert is ignored.
        Further occurrences of this warning will be suppressed. {"history": "Interactive.76", "point": 22, "testname": "TRAN_VDD_PULSE", "cornername": "CMOS_RES_CAP_TEMP_20"}
[2026-05-26 08:15:44.763 Z] [WARN] [cadence.virtuoso.ade.simulationMonitor] -     WARNING (SPECTRE-17607): Assert `SOAC_cvar_vspsub' is ignored because it contains an expression which is invalid or not supported by native evaluator.  {"history": "Interactive.76", "point": 22, "testname": "TRAN_VDD_PULSE", "cornername": "CMOS_RES_CAP_TEMP_20"}
[2026-05-26 08:15:44.763 Z] [WARN] [cadence.virtuoso.ade.simulationMonitor] -     WARNING (SPECTRE-17607): Assert `SOAC_cvar_vbpsub' is ignored because it contains an expression which is invalid or not supported by native evaluator.  {"history": "Interactive.76", "point": 22, "testname": "TRAN_VDD_PULSE", "cornername": "CMOS_RES_CAP_TEMP_20"}
[2026-05-26 08:15:44.763 Z] [WARN] [cadence.virtuoso.ade.simulationMonitor] -     WARNING (SPECTRE-17607): Assert `SOAC_cvar_vgpsub' is ignored because it contains an expression which is invalid or not supported by native evaluator. 
        Further occurrences of this warning will be suppressed. {"history": "Interactive.76", "point": 22, "testname": "TRAN_VDD_PULSE", "cornername": "CMOS_RES_CAP_TEMP_20"}
[2026-05-26 08:15:45.263 Z] [INFO] [cadence.virtuoso.ade.simulationMonitor] - Notice from spectre during topology check.
    No DC path from node `net19' to ground, Gmin installed to provide path. {"history": "Interactive.76", "point": 22, "testname": "TRAN_VDD_PULSE", "cornername": "CMOS_RES_CAP_TEMP_20"}
[2026-05-26 08:15:45.263 Z] [INFO] [cadence.virtuoso.ade.simulationMonitor] - Notice from spectre during initial setup.
    Multithreading is disabled due to the size of the design being too small. {"history": "Interactive.76", "point": 22, "testname": "TRAN_VDD_PULSE", "cornername": "CMOS_RES_CAP_TEMP_20"}
[2026-05-26 08:15:45.264 Z] [WARN] [cadence.virtuoso.ade.simulationMonitor] -     WARNING (SPECTRE-592): Following parameters are disabled because they are ignored or redefined in Spectre X:
        Option Parameters:
          reltol
        
         {"history": "Interactive.76", "point": 22, "testname": "TRAN_VDD_PULSE", "cornername": "CMOS_RES_CAP_TEMP_20"}
[2026-05-26 08:15:45.264 Z] [INFO] [cadence.virtuoso.ade.simulationMonitor] -               nodes 784 {"history": "Interactive.76", "point": 22, "testname": "TRAN_VDD_PULSE", "cornername": "CMOS_RES_CAP_TEMP_20"}
[2026-05-26 08:15:45.264 Z] [INFO] [cadence.virtuoso.ade.simulationMonitor] - Notice from spectre during initial setup.
    4 vsources are shorted because their absolute value is less than or equal to 'vabsshort'.
    Spectre X preset=vx enabled.
    18 notices suppressed.
    154 warnings suppressed. {"history": "Interactive.76", "point": 22, "testname": "TRAN_VDD_PULSE", "cornername": "CMOS_RES_CAP_TEMP_20"}
[2026-05-26 08:15:45.264 Z] [INFO] [cadence.virtuoso.ade.simulationMonitor] - Peak resident memory used = 213 Mbytes. {"history": "Interactive.76", "point": 22, "testname": "TRAN_VDD_PULSE", "cornername": "CMOS_RES_CAP_TEMP_20"}
[2026-05-26 08:15:45.264 Z] [INFO] [cadence.virtuoso.ade.simulationMonitor] -    -   (Spectre X) Multi-threading. The recommended number of threads is 1, consider adding +mt=1 on command line. {"history": "Interactive.76", "point": 22, "testname": "TRAN_VDD_PULSE", "cornername": "CMOS_RES_CAP_TEMP_20"}
[2026-05-26 08:15:45.264 Z] [INFO] [cadence.virtuoso.ade.simulationMonitor] - Notice from spectre during DC analysis `dcOp'.
    No checklimit analysis defined for asserts. A default checklimit analysis 'SpectreChecklimitAnal' has been created with all asserts enabled. {"history": "Interactive.76", "point": 22, "testname": "TRAN_VDD_PULSE", "cornername": "CMOS_RES_CAP_TEMP_20"}
[2026-05-26 08:15:45.264 Z] [INFO] [cadence.virtuoso.ade.simulationMonitor] - Notice from spectre during DC analysis `dcOp'.
    GminDC = 1 pS is large enough to noticeably affect the DC solution.
        dV(I19.I2.C1.s1) = 1.70962 mV
        Use the `gmin_check' option to eliminate or expand this report. {"history": "Interactive.76", "point": 22, "testname": "TRAN_VDD_PULSE", "cornername": "CMOS_RES_CAP_TEMP_20"}
[2026-05-26 08:15:45.264 Z] [WARN] [cadence.virtuoso.ade.simulationMonitor] -     WARNING (CMI-2943): Parameter checks have been ignored because the valid value for parameter 'trise' could not be found in 'C0'. {"history": "Interactive.76", "point": 22, "testname": "TRAN_VDD_PULSE", "cornername": "CMOS_RES_CAP_TEMP_20"}
[2026-05-26 08:15:45.264 Z] [WARN] [cadence.virtuoso.ade.simulationMonitor] -     WARNING (CMI-2943): Parameter checks have been ignored because the valid value for parameter 'trise' could not be found in 'C3'. {"history": "Interactive.76", "point": 22, "testname": "TRAN_VDD_PULSE", "cornername": "CMOS_RES_CAP_TEMP_20"}
[2026-05-26 08:15:45.264 Z] [WARN] [cadence.virtuoso.ade.simulationMonitor] -     WARNING (CMI-2943): Parameter checks have been ignored because the valid value for parameter 'trise' could not be found in 'C4'. {"history": "Interactive.76", "point": 22, "testname": "TRAN_VDD_PULSE", "cornername": "CMOS_RES_CAP_TEMP_20"}
[2026-05-26 08:15:45.264 Z] [WARN] [cadence.virtuoso.ade.simulationMonitor] -     WARNING (CMI-2943): Parameter checks have been ignored because the valid value for parameter 'trise' could not be found in 'C5'. {"history": "Interactive.76", "point": 22, "testname": "TRAN_VDD_PULSE", "cornername": "CMOS_RES_CAP_TEMP_20"}
[2026-05-26 08:15:45.264 Z] [WARN] [cadence.virtuoso.ade.simulationMonitor] -     WARNING (CMI-2943): Parameter checks have been ignored because the valid value for parameter 'trise' could not be found in 'I19.I4.C9<0>_turbo_m6.C1'.
        Further occurrences of this warning will be suppressed. {"history": "Interactive.76", "point": 22, "testname": "TRAN_VDD_PULSE", "cornername": "CMOS_RES_CAP_TEMP_20"}
[2026-05-26 08:15:45.264 Z] [INFO] [cadence.virtuoso.ade.simulationMonitor] - Total time required for dc analysis `dcOp': CPU = 53.033 ms, elapsed = 72.675 ms, util. = 73%. {"history": "Interactive.76", "point": 22, "testname": "TRAN_VDD_PULSE", "cornername": "CMOS_RES_CAP_TEMP_20"}
[2026-05-26 08:15:45.264 Z] [INFO] [cadence.virtuoso.ade.simulationMonitor] - Peak resident memory used = 223 Mbytes. {"history": "Interactive.76", "point": 22, "testname": "TRAN_VDD_PULSE", "cornername": "CMOS_RES_CAP_TEMP_20"}
[2026-05-26 08:15:45.264 Z] [INFO] [cadence.virtuoso.ade.simulationMonitor] - Notice from spectre.
    308 warnings suppressed. {"history": "Interactive.76", "point": 22, "testname": "TRAN_VDD_PULSE", "cornername": "CMOS_RES_CAP_TEMP_20"}
[2026-05-26 08:15:45.265 Z] [INFO] [cadence.virtuoso.ade.simulationMonitor] - Notice from spectre during IC analysis, during transient analysis `tran'.
    GminDC = 1 pS is large enough to noticeably affect the DC solution.
        dV(I19.I2.C1.d1) = 1.70962 mV
        Use the `gmin_check' option to eliminate or expand this report. {"history": "Interactive.76", "point": 22, "testname": "TRAN_VDD_PULSE", "cornername": "CMOS_RES_CAP_TEMP_20"}
[2026-05-26 08:15:45.265 Z] [WARN] [cadence.virtuoso.ade.simulationMonitor] -     WARNING (CMI-2943): Parameter checks have been ignored because the valid value for parameter 'trise' could not be found in 'C0'. {"history": "Interactive.76", "point": 22, "testname": "TRAN_VDD_PULSE", "cornername": "CMOS_RES_CAP_TEMP_20"}
[2026-05-26 08:15:45.265 Z] [WARN] [cadence.virtuoso.ade.simulationMonitor] -     WARNING (CMI-2943): Parameter checks have been ignored because the valid value for parameter 'trise' could not be found in 'C3'. {"history": "Interactive.76", "point": 22, "testname": "TRAN_VDD_PULSE", "cornername": "CMOS_RES_CAP_TEMP_20"}
[2026-05-26 08:15:45.265 Z] [WARN] [cadence.virtuoso.ade.simulationMonitor] -     WARNING (CMI-2943): Parameter checks have been ignored because the valid value for parameter 'trise' could not be found in 'C4'. {"history": "Interactive.76", "point": 22, "testname": "TRAN_VDD_PULSE", "cornername": "CMOS_RES_CAP_TEMP_20"}
[2026-05-26 08:15:45.265 Z] [WARN] [cadence.virtuoso.ade.simulationMonitor] -     WARNING (CMI-2943): Parameter checks have been ignored because the valid value for parameter 'trise' could not be found in 'C5'. {"history": "Interactive.76", "point": 22, "testname": "TRAN_VDD_PULSE", "cornername": "CMOS_RES_CAP_TEMP_20"}
[2026-05-26 08:15:45.265 Z] [WARN] [cadence.virtuoso.ade.simulationMonitor] -     WARNING (CMI-2943): Parameter checks have been ignored because the valid value for parameter 'trise' could not be found in 'I19.I4.C9<0>_turbo_m6.C1'.
        Further occurrences of this warning will be suppressed. {"history": "Interactive.76", "point": 22, "testname": "TRAN_VDD_PULSE", "cornername": "CMOS_RES_CAP_TEMP_20"}
[2026-05-26 08:15:45.265 Z] [INFO] [cadence.virtuoso.ade.simulationMonitor] - Notice from spectre during transient analysis `tran'.
    Output compression for transient analysis is enabled. {"history": "Interactive.76", "point": 22, "testname": "TRAN_VDD_PULSE", "cornername": "CMOS_RES_CAP_TEMP_20"}
[2026-05-26 08:15:45.265 Z] [INFO] [cadence.virtuoso.ade.simulationMonitor] - Notice from spectre during transient analysis `tran'.
    Multithreading is disabled due to the size of the design being too small. {"history": "Interactive.76", "point": 22, "testname": "TRAN_VDD_PULSE", "cornername": "CMOS_RES_CAP_TEMP_20"}
[2026-05-26 08:16:46.281 Z] [INFO] [cadence.virtuoso.ade.simulationMonitor] - Total time required for tran analysis `tran': CPU = 60.5524 s (1m  0.6s), elapsed = 60.8456 s (1m  0.8s), util. = 99.5%. {"history": "Interactive.76", "point": 22, "testname": "TRAN_VDD_PULSE", "cornername": "CMOS_RES_CAP_TEMP_20"}
[2026-05-26 08:16:46.281 Z] [INFO] [cadence.virtuoso.ade.simulationMonitor] - Peak resident memory used = 231 Mbytes. {"history": "Interactive.76", "point": 22, "testname": "TRAN_VDD_PULSE", "cornername": "CMOS_RES_CAP_TEMP_20"}
[2026-05-26 08:16:46.281 Z] [INFO] [cadence.virtuoso.ade.simulationMonitor] - Notice from spectre.
    308 warnings suppressed. {"history": "Interactive.76", "point": 22, "testname": "TRAN_VDD_PULSE", "cornername": "CMOS_RES_CAP_TEMP_20"}
[2026-05-26 08:16:46.281 Z] [WARN] [cadence.virtuoso.ade.simulationMonitor] -     WARNING (SPECTRE-16518): An arithmetic exception occurred in analysis `finalTimeOP' . Use `+diagnose' command-line option to get more information. {"history": "Interactive.76", "point": 22, "testname": "TRAN_VDD_PULSE", "cornername": "CMOS_RES_CAP_TEMP_20"}
[2026-05-26 08:16:46.281 Z] [WARN] [cadence.virtuoso.ade.simulationMonitor] -     WARNING (CMI-2425): I19.I2.C1: `Acde' = 2.393 is unusually large. {"history": "Interactive.76", "point": 22, "testname": "TRAN_VDD_PULSE", "cornername": "CMOS_RES_CAP_TEMP_20"}
[2026-05-26 08:16:46.281 Z] [WARN] [cadence.virtuoso.ade.simulationMonitor] -     WARNING (CMI-2425): I19.I2.C1: `Noff' = 4.732 is unusually large. {"history": "Interactive.76", "point": 22, "testname": "TRAN_VDD_PULSE", "cornername": "CMOS_RES_CAP_TEMP_20"}
[2026-05-26 08:16:46.281 Z] [WARN] [cadence.virtuoso.ade.simulationMonitor] -     WARNING (CMI-2424): I19.I2.C1: `Voffcv' = -867.4e-03 is unusually small. {"history": "Interactive.76", "point": 22, "testname": "TRAN_VDD_PULSE", "cornername": "CMOS_RES_CAP_TEMP_20"}
[2026-05-26 08:16:46.281 Z] [WARN] [cadence.virtuoso.ade.simulationMonitor] -     WARNING (CMI-2425): I19.I8.C0: `Acde' = 2.393 is unusually large. {"history": "Interactive.76", "point": 22, "testname": "TRAN_VDD_PULSE", "cornername": "CMOS_RES_CAP_TEMP_20"}
[2026-05-26 08:16:46.281 Z] [WARN] [cadence.virtuoso.ade.simulationMonitor] -     WARNING (CMI-2425): I19.I8.C0: `Noff' = 4.732 is unusually large. {"history": "Interactive.76", "point": 22, "testname": "TRAN_VDD_PULSE", "cornername": "CMOS_RES_CAP_TEMP_20"}
[2026-05-26 08:16:46.281 Z] [WARN] [cadence.virtuoso.ade.simulationMonitor] -     WARNING (CMI-2424): I19.I8.C0: `Voffcv' = -867.4e-03 is unusually small. {"history": "Interactive.76", "point": 22, "testname": "TRAN_VDD_PULSE", "cornername": "CMOS_RES_CAP_TEMP_20"}
[2026-05-26 08:16:46.282 Z] [WARN] [cadence.virtuoso.ade.simulationMonitor] -     WARNING (CMI-2425): I19.I8.C1: `Acde' = 2.393 is unusually large.
        Further occurrences of this warning will be suppressed. {"history": "Interactive.76", "point": 22, "testname": "TRAN_VDD_PULSE", "cornername": "CMOS_RES_CAP_TEMP_20"}
[2026-05-26 08:16:46.282 Z] [WARN] [cadence.virtuoso.ade.simulationMonitor] -     WARNING (CMI-2424): I19.I8.C1: `Voffcv' = -867.4e-03 is unusually small. {"history": "Interactive.76", "point": 22, "testname": "TRAN_VDD_PULSE", "cornername": "CMOS_RES_CAP_TEMP_20"}
[2026-05-26 08:16:46.282 Z] [WARN] [cadence.virtuoso.ade.simulationMonitor] -     WARNING (CMI-2424): I19.I14.C1: `Voffcv' = -867.4e-03 is unusually small. {"history": "Interactive.76", "point": 22, "testname": "TRAN_VDD_PULSE", "cornername": "CMOS_RES_CAP_TEMP_20"}
[2026-05-26 08:16:46.282 Z] [WARN] [cadence.virtuoso.ade.simulationMonitor] -     WARNING (CMI-2424): I19.I14.C4: `Voffcv' = -867.4e-03 is unusually small.
        Further occurrences of this warning will be suppressed. {"history": "Interactive.76", "point": 22, "testname": "TRAN_VDD_PULSE", "cornername": "CMOS_RES_CAP_TEMP_20"}
[2026-05-26 08:16:46.282 Z] [INFO] [cadence.virtuoso.ade.simulationMonitor] - Notice from spectre.
    56 warnings suppressed. {"history": "Interactive.76", "point": 22, "testname": "TRAN_VDD_PULSE", "cornername": "CMOS_RES_CAP_TEMP_20"}
[2026-05-26 08:16:46.282 Z] [WARN] [cadence.virtuoso.ade.simulationMonitor] -     WARNING (CMI-2425): I19.I2.C1: `Acde' = 2.393 is unusually large. {"history": "Interactive.76", "point": 22, "testname": "TRAN_VDD_PULSE", "cornername": "CMOS_RES_CAP_TEMP_20"}
[2026-05-26 08:16:46.282 Z] [WARN] [cadence.virtuoso.ade.simulationMonitor] -     WARNING (CMI-2425): I19.I2.C1: `Noff' = 4.732 is unusually large. {"history": "Interactive.76", "point": 22, "testname": "TRAN_VDD_PULSE", "cornername": "CMOS_RES_CAP_TEMP_20"}
[2026-05-26 08:16:46.282 Z] [WARN] [cadence.virtuoso.ade.simulationMonitor] -     WARNING (CMI-2424): I19.I2.C1: `Voffcv' = -867.4e-03 is unusually small. {"history": "Interactive.76", "point": 22, "testname": "TRAN_VDD_PULSE", "cornername": "CMOS_RES_CAP_TEMP_20"}
[2026-05-26 08:16:46.282 Z] [WARN] [cadence.virtuoso.ade.simulationMonitor] -     WARNING (CMI-2425): I19.I8.C0: `Acde' = 2.393 is unusually large. {"history": "Interactive.76", "point": 22, "testname": "TRAN_VDD_PULSE", "cornername": "CMOS_RES_CAP_TEMP_20"}
[2026-05-26 08:16:46.282 Z] [WARN] [cadence.virtuoso.ade.simulationMonitor] -     WARNING (CMI-2425): I19.I8.C0: `Noff' = 4.732 is unusually large. {"history": "Interactive.76", "point": 22, "testname": "TRAN_VDD_PULSE", "cornername": "CMOS_RES_CAP_TEMP_20"}
[2026-05-26 08:16:46.282 Z] [WARN] [cadence.virtuoso.ade.simulationMonitor] -     WARNING (CMI-2424): I19.I8.C0: `Voffcv' = -867.4e-03 is unusually small. {"history": "Interactive.76", "point": 22, "testname": "TRAN_VDD_PULSE", "cornername": "CMOS_RES_CAP_TEMP_20"}
[2026-05-26 08:16:46.282 Z] [WARN] [cadence.virtuoso.ade.simulationMonitor] -     WARNING (CMI-2425): I19.I8.C1: `Acde' = 2.393 is unusually large.
        Further occurrences of this warning will be suppressed. {"history": "Interactive.76", "point": 22, "testname": "TRAN_VDD_PULSE", "cornername": "CMOS_RES_CAP_TEMP_20"}
[2026-05-26 08:16:46.282 Z] [WARN] [cadence.virtuoso.ade.simulationMonitor] -     WARNING (CMI-2424): I19.I8.C1: `Voffcv' = -867.4e-03 is unusually small. {"history": "Interactive.76", "point": 22, "testname": "TRAN_VDD_PULSE", "cornername": "CMOS_RES_CAP_TEMP_20"}
[2026-05-26 08:16:46.282 Z] [WARN] [cadence.virtuoso.ade.simulationMonitor] -     WARNING (CMI-2424): I19.I14.C1: `Voffcv' = -867.4e-03 is unusually small. {"history": "Interactive.76", "point": 22, "testname": "TRAN_VDD_PULSE", "cornername": "CMOS_RES_CAP_TEMP_20"}
[2026-05-26 08:16:46.282 Z] [WARN] [cadence.virtuoso.ade.simulationMonitor] -     WARNING (CMI-2424): I19.I14.C4: `Voffcv' = -867.4e-03 is unusually small.
        Further occurrences of this warning will be suppressed. {"history": "Interactive.76", "point": 22, "testname": "TRAN_VDD_PULSE", "cornername": "CMOS_RES_CAP_TEMP_20"}
[2026-05-26 08:16:46.282 Z] [INFO] [cadence.virtuoso.ade.simulationMonitor] - Notice from spectre.
    59 warnings suppressed. {"history": "Interactive.76", "point": 22, "testname": "TRAN_VDD_PULSE", "cornername": "CMOS_RES_CAP_TEMP_20"}
[2026-05-26 08:16:46.283 Z] [WARN] [cadence.virtuoso.ade.simulationMonitor] -     WARNING (CMI-2425): I19.I2.C1: `Acde' = 2.393 is unusually large. {"history": "Interactive.76", "point": 22, "testname": "TRAN_VDD_PULSE", "cornername": "CMOS_RES_CAP_TEMP_20"}
[2026-05-26 08:16:46.283 Z] [WARN] [cadence.virtuoso.ade.simulationMonitor] -     WARNING (CMI-2425): I19.I2.C1: `Noff' = 4.732 is unusually large. {"history": "Interactive.76", "point": 22, "testname": "TRAN_VDD_PULSE", "cornername": "CMOS_RES_CAP_TEMP_20"}
[2026-05-26 08:16:46.283 Z] [WARN] [cadence.virtuoso.ade.simulationMonitor] -     WARNING (CMI-2424): I19.I2.C1: `Voffcv' = -867.4e-03 is unusually small. {"history": "Interactive.76", "point": 22, "testname": "TRAN_VDD_PULSE", "cornername": "CMOS_RES_CAP_TEMP_20"}
[2026-05-26 08:16:46.283 Z] [WARN] [cadence.virtuoso.ade.simulationMonitor] -     WARNING (CMI-2425): I19.I8.C0: `Acde' = 2.393 is unusually large. {"history": "Interactive.76", "point": 22, "testname": "TRAN_VDD_PULSE", "cornername": "CMOS_RES_CAP_TEMP_20"}
[2026-05-26 08:16:46.283 Z] [WARN] [cadence.virtuoso.ade.simulationMonitor] -     WARNING (CMI-2425): I19.I8.C0: `Noff' = 4.732 is unusually large. {"history": "Interactive.76", "point": 22, "testname": "TRAN_VDD_PULSE", "cornername": "CMOS_RES_CAP_TEMP_20"}
[2026-05-26 08:16:46.283 Z] [WARN] [cadence.virtuoso.ade.simulationMonitor] -     WARNING (CMI-2424): I19.I8.C0: `Voffcv' = -867.4e-03 is unusually small. {"history": "Interactive.76", "point": 22, "testname": "TRAN_VDD_PULSE", "cornername": "CMOS_RES_CAP_TEMP_20"}
[2026-05-26 08:16:46.283 Z] [WARN] [cadence.virtuoso.ade.simulationMonitor] -     WARNING (CMI-2425): I19.I8.C1: `Acde' = 2.393 is unusually large.
        Further occurrences of this warning will be suppressed. {"history": "Interactive.76", "point": 22, "testname": "TRAN_VDD_PULSE", "cornername": "CMOS_RES_CAP_TEMP_20"}
[2026-05-26 08:16:46.283 Z] [WARN] [cadence.virtuoso.ade.simulationMonitor] -     WARNING (CMI-2424): I19.I8.C1: `Voffcv' = -867.4e-03 is unusually small. {"history": "Interactive.76", "point": 22, "testname": "TRAN_VDD_PULSE", "cornername": "CMOS_RES_CAP_TEMP_20"}
[2026-05-26 08:16:46.283 Z] [WARN] [cadence.virtuoso.ade.simulationMonitor] -     WARNING (CMI-2424): I19.I14.C1: `Voffcv' = -867.4e-03 is unusually small. {"history": "Interactive.76", "point": 22, "testname": "TRAN_VDD_PULSE", "cornername": "CMOS_RES_CAP_TEMP_20"}
[2026-05-26 08:16:46.283 Z] [WARN] [cadence.virtuoso.ade.simulationMonitor] -     WARNING (CMI-2424): I19.I14.C4: `Voffcv' = -867.4e-03 is unusually small.
        Further occurrences of this warning will be suppressed. {"history": "Interactive.76", "point": 22, "testname": "TRAN_VDD_PULSE", "cornername": "CMOS_RES_CAP_TEMP_20"}
[2026-05-26 08:16:46.283 Z] [INFO] [cadence.virtuoso.ade.simulationMonitor] - Notice from spectre.
    56 warnings suppressed. {"history": "Interactive.76", "point": 22, "testname": "TRAN_VDD_PULSE", "cornername": "CMOS_RES_CAP_TEMP_20"}
[2026-05-26 08:16:46.283 Z] [WARN] [cadence.virtuoso.ade.simulationMonitor] -     WARNING (CMI-2425): I19.I2.C1: `Acde' = 2.393 is unusually large. {"history": "Interactive.76", "point": 22, "testname": "TRAN_VDD_PULSE", "cornername": "CMOS_RES_CAP_TEMP_20"}
[2026-05-26 08:16:46.283 Z] [WARN] [cadence.virtuoso.ade.simulationMonitor] -     WARNING (CMI-2425): I19.I2.C1: `Noff' = 4.732 is unusually large. {"history": "Interactive.76", "point": 22, "testname": "TRAN_VDD_PULSE", "cornername": "CMOS_RES_CAP_TEMP_20"}
[2026-05-26 08:16:46.283 Z] [WARN] [cadence.virtuoso.ade.simulationMonitor] -     WARNING (CMI-2424): I19.I2.C1: `Voffcv' = -867.4e-03 is unusually small. {"history": "Interactive.76", "point": 22, "testname": "TRAN_VDD_PULSE", "cornername": "CMOS_RES_CAP_TEMP_20"}
[2026-05-26 08:16:46.283 Z] [WARN] [cadence.virtuoso.ade.simulationMonitor] -     WARNING (CMI-2425): I19.I8.C0: `Acde' = 2.393 is unusually large. {"history": "Interactive.76", "point": 22, "testname": "TRAN_VDD_PULSE", "cornername": "CMOS_RES_CAP_TEMP_20"}
[2026-05-26 08:16:46.283 Z] [WARN] [cadence.virtuoso.ade.simulationMonitor] -     WARNING (CMI-2425): I19.I8.C0: `Noff' = 4.732 is unusually large. {"history": "Interactive.76", "point": 22, "testname": "TRAN_VDD_PULSE", "cornername": "CMOS_RES_CAP_TEMP_20"}
[2026-05-26 08:16:46.284 Z] [WARN] [cadence.virtuoso.ade.simulationMonitor] -     WARNING (CMI-2424): I19.I8.C0: `Voffcv' = -867.4e-03 is unusually small. {"history": "Interactive.76", "point": 22, "testname": "TRAN_VDD_PULSE", "cornername": "CMOS_RES_CAP_TEMP_20"}
[2026-05-26 08:16:46.284 Z] [WARN] [cadence.virtuoso.ade.simulationMonitor] -     WARNING (CMI-2425): I19.I8.C1: `Acde' = 2.393 is unusually large.
        Further occurrences of this warning will be suppressed. {"history": "Interactive.76", "point": 22, "testname": "TRAN_VDD_PULSE", "cornername": "CMOS_RES_CAP_TEMP_20"}
[2026-05-26 08:16:46.284 Z] [WARN] [cadence.virtuoso.ade.simulationMonitor] -     WARNING (CMI-2424): I19.I8.C1: `Voffcv' = -867.4e-03 is unusually small. {"history": "Interactive.76", "point": 22, "testname": "TRAN_VDD_PULSE", "cornername": "CMOS_RES_CAP_TEMP_20"}
[2026-05-26 08:16:46.284 Z] [WARN] [cadence.virtuoso.ade.simulationMonitor] -     WARNING (CMI-2424): I19.I14.C1: `Voffcv' = -867.4e-03 is unusually small. {"history": "Interactive.76", "point": 22, "testname": "TRAN_VDD_PULSE", "cornername": "CMOS_RES_CAP_TEMP_20"}
[2026-05-26 08:16:46.284 Z] [WARN] [cadence.virtuoso.ade.simulationMonitor] -     WARNING (CMI-2424): I19.I14.C4: `Voffcv' = -867.4e-03 is unusually small.
        Further occurrences of this warning will be suppressed. {"history": "Interactive.76", "point": 22, "testname": "TRAN_VDD_PULSE", "cornername": "CMOS_RES_CAP_TEMP_20"}
[2026-05-26 08:16:46.284 Z] [INFO] [cadence.virtuoso.ade.simulationMonitor] - Notice from spectre.
    56 warnings suppressed. {"history": "Interactive.76", "point": 22, "testname": "TRAN_VDD_PULSE", "cornername": "CMOS_RES_CAP_TEMP_20"}
[2026-05-26 08:16:46.284 Z] [INFO] [cadence.virtuoso.ade.simulationMonitor] - Time used: CPU = 61 s (1m  1.0s), elapsed = 61.6 s (1m  1.6s), util. = 99%. {"history": "Interactive.76", "point": 22, "testname": "TRAN_VDD_PULSE", "cornername": "CMOS_RES_CAP_TEMP_20"}
[2026-05-26 08:16:46.284 Z] [INFO] [cadence.virtuoso.ade.simulationMonitor] - Time spent in licensing: elapsed = 39.2 ms. {"history": "Interactive.76", "point": 22, "testname": "TRAN_VDD_PULSE", "cornername": "CMOS_RES_CAP_TEMP_20"}
[2026-05-26 08:16:46.284 Z] [INFO] [cadence.virtuoso.ade.simulationMonitor] - Peak memory used = 231 Mbytes. {"history": "Interactive.76", "point": 22, "testname": "TRAN_VDD_PULSE", "cornername": "CMOS_RES_CAP_TEMP_20"}
[2026-05-26 08:16:46.284 Z] [PROCESS] [cadence.virtuoso.ade.simulationMonitor] - Simulation started at: 8:15:44 AM, Tue May 26, 2026, ended at: 8:16:45 AM, Tue May 26, 2026, with elapsed time (wall clock): 61.6 s (1m  1.6s). {"history": "Interactive.76", "point": 22, "testname": "TRAN_VDD_PULSE", "cornername": "CMOS_RES_CAP_TEMP_20"}
[2026-05-26 08:16:46.284 Z] [PROCESS] [cadence.virtuoso.ade.simulationMonitor] - spectre completes with 0 errors, 98 warnings, and 33 notices. {"history": "Interactive.76", "point": 22, "testname": "TRAN_VDD_PULSE", "cornername": "CMOS_RES_CAP_TEMP_20"}
[2026-05-26 08:16:46.284 Z] [PROCESS] [cadence.virtuoso.ade.simulationMonitor] - Finished simulating for one point {"hostname": "edatools", "processid": 229924, "history": "Interactive.76", "testname": "TRAN_VDD_PULSE", "cornername": "CMOS_RES_CAP_TEMP_20", "point": 22, "logfile": "/home/saul/projects/IL2244_VT26_SAUL/logs_saul/logs0/Job38.log", "simid": "4"}
[2026-05-26 08:16:46.284 Z] [PROCESS] [cadence.virtuoso.ade.simulationMonitor] - Simulator exited {"hostname": "edatools", "processid": 229924, "history": "Interactive.76", "testname": "TRAN_VDD_PULSE", "cornername": "CMOS_RES_CAP_TEMP_20", "point": 22, "logfile": "/home/saul/projects/IL2244_VT26_SAUL/logs_saul/logs0/Job38.log", "exitStatus": "0"}
[2026-05-26 08:16:46.285 Z] [PROCESS] [cadence.virtuoso.ade.simulationMonitor] - Finished Simulation {"hostname": "edatools", "processid": 229924, "history": "Interactive.76", "testname": "TRAN_VDD_PULSE", "cornername": "CMOS_RES_CAP_TEMP_20", "point": 22, "logfile": "/home/saul/projects/IL2244_VT26_SAUL/logs_saul/logs0/Job38.log", "simid": "4"}
[2026-05-26 08:16:48.290 Z] [PROCESS] [cadence.virtuoso.ade.simulationMonitor] - Point Finished {"hostname": "edatools", "processid": 229924, "history": "Interactive.76", "testname": "TRAN_VDD_PULSE", "cornername": "CMOS_RES_CAP_TEMP_20", "point": 22, "logfile": "/home/saul/projects/IL2244_VT26_SAUL/logs_saul/logs0/Job38.log"}
[2026-05-26 08:16:48.290 Z] [PROCESS] [cadence.virtuoso.ade.simulationMonitor] - HostInfo:
Host name (type):	edatools (x86_64)
Operating system:	Linux 6.17.0-29-generic #29~24.04.1-Ubuntu SMP PREEMPT_DYNAMIC Mon May 11 10:30:58 UTC 2 {"hostname": "edatools", "processid": 229924, "history": "Interactive.76", "testname": "TRAN_VDD_PULSE", "cornername": "CMOS_RES_CAP_TEMP_20", "point": 22, "logfile": "/home/saul/projects/IL2244_VT26_SAUL/logs_saul/logs0/Job38.log", "nodename": "edatools", "domainname": "(none)", "machine": "x86_64", "sysname": "Linux", "release": "6.17.0-29-generic", "version": "#29~24.04.1-Ubuntu SMP PREEMPT_DYNAMIC Mon May 11 10:30:58 UTC 2"}
[2026-05-26 08:16:48.291 Z] [PROCESS] [cadence.virtuoso.ade.simulationMonitor] - UsageInfo:
pid=229924
totalPhysicalMemory=62.544987GB,Used=44.118893GB,totalVirtualMemory=70.544983GB,Used=44.118893GB
Cpu: Cores=16, Load average:6.080000,5.010000,4.180000 {"hostname": "edatools", "processid": 229924, "history": "Interactive.76", "testname": "TRAN_VDD_PULSE", "cornername": "CMOS_RES_CAP_TEMP_20", "point": 22, "logfile": "/home/saul/projects/IL2244_VT26_SAUL/logs_saul/logs0/Job38.log", "pid": "229924", "totalPhysicalMemory": "62.544987", "physicalMemoryUsed": "44.118893", "totalVirtualMemory": "70.544983", "virtualMemoryUsed": "44.118893", "cpuCores": "16", "processes": "1698", "loadAverage1": "6.080000", "loadAverage5": "5.010000", "loadAverage15": "4.180000", "loadAverage1Percent": "0.380000"}
[2026-05-26 08:16:48.291 Z] [EVENT] [cadence.virtuoso.ade.simulationMonitor] - NewPoint {"history": "Interactive.76", "point": 25, "testname": "TRAN_VDD_PULSE", "cornername": "CMOS_RES_CAP_TEMP_23", "event": "NewPoint", "EventSource": "Simulation Monitor", "HistoryName": "Interactive.76", "logFile": "/home/saul/projects/IL2244_VT26_SAUL/logs_saul/logs0/Job38.log", "logFileSize": "174695"}
[2026-05-26 08:16:48.392 Z] [EVENT] [cadence.virtuoso.ade.simulationMonitor] - NewPoint {"history": "Interactive.76", "point": 25, "testname": "TRAN_VDD_PULSE", "cornername": "CMOS_RES_CAP_TEMP_23", "event": "NewPoint", "EventSource": "spectre", "HistoryName": "Interactive.76", "logFile": "/home/saul/projects/IL2244_VT26_SAUL/Sim/FECG/fecg_front_end_tran_tb/maestro/results/maestro/Interactive.76/25/TRAN_VDD_PULSE/psf/spectre.out", "logFileSize": "-1"}
[2026-05-26 08:16:48.395 Z] [PROCESS] [cadence.virtuoso.ade.simulationMonitor] - Simulator launched {"hostname": "edatools", "processid": 229924, "history": "Interactive.76", "testname": "TRAN_VDD_PULSE", "cornername": "CMOS_RES_CAP_TEMP_23", "point": 25, "logfile": "/home/saul/projects/IL2244_VT26_SAUL/logs_saul/logs0/Job38.log", "simid": "5"}
[2026-05-26 08:16:48.407 Z] [PROCESS] [cadence.virtuoso.ade.simulationMonitor] - Started Simulation {"hostname": "edatools", "processid": 229924, "history": "Interactive.76", "testname": "TRAN_VDD_PULSE", "cornername": "CMOS_RES_CAP_TEMP_23", "point": 25, "logfile": "/home/saul/projects/IL2244_VT26_SAUL/logs_saul/logs0/Job38.log", "event": "started", "task": "simulation"}
[2026-05-26 08:16:48.908 Z] [INFO] [cadence.virtuoso.ade.simulationMonitor] - Notice from spectre during circuit read-in.
    Pre_Configuration file used: /opt/tools/cadence/installs/SPECTRE241/tools.lnx86/spectre/etc/configs/preset.precfg
    Configuration file used: `/opt/tools/cadence/installs/SPECTRE241/tools.lnx86/spectre/etc/configs/preset.cfg'. {"history": "Interactive.76", "point": 25, "testname": "TRAN_VDD_PULSE", "cornername": "CMOS_RES_CAP_TEMP_23"}
[2026-05-26 08:16:48.908 Z] [WARN] [cadence.virtuoso.ade.simulationMonitor] -     WARNING (SPECTRE-8360): line 1511: `ac' is an undefined primitive device. {"history": "Interactive.76", "point": 25, "testname": "TRAN_VDD_PULSE", "cornername": "CMOS_RES_CAP_TEMP_23"}
[2026-05-26 08:16:48.908 Z] [WARN] [cadence.virtuoso.ade.simulationMonitor] -     WARNING (SPECTRE-8360): line 1512: `ac' is an undefined primitive device. {"history": "Interactive.76", "point": 25, "testname": "TRAN_VDD_PULSE", "cornername": "CMOS_RES_CAP_TEMP_23"}
[2026-05-26 08:16:48.908 Z] [WARN] [cadence.virtuoso.ade.simulationMonitor] -     WARNING (SPECTRE-8360): line 1513: `ac' is an undefined primitive device. {"history": "Interactive.76", "point": 25, "testname": "TRAN_VDD_PULSE", "cornername": "CMOS_RES_CAP_TEMP_23"}
[2026-05-26 08:16:48.908 Z] [WARN] [cadence.virtuoso.ade.simulationMonitor] -     WARNING (SPECTRE-8360): line 1514: `ac' is an undefined primitive device. {"history": "Interactive.76", "point": 25, "testname": "TRAN_VDD_PULSE", "cornername": "CMOS_RES_CAP_TEMP_23"}
[2026-05-26 08:16:48.908 Z] [WARN] [cadence.virtuoso.ade.simulationMonitor] -     WARNING (SPECTRE-8360): line 1515: `ac' is an undefined primitive device.
        Further occurrences of this warning will be suppressed. {"history": "Interactive.76", "point": 25, "testname": "TRAN_VDD_PULSE", "cornername": "CMOS_RES_CAP_TEMP_23"}
[2026-05-26 08:16:48.908 Z] [INFO] [cadence.virtuoso.ade.simulationMonitor] - Peak resident memory used = 173 Mbytes. {"history": "Interactive.76", "point": 25, "testname": "TRAN_VDD_PULSE", "cornername": "CMOS_RES_CAP_TEMP_23"}
[2026-05-26 08:16:48.908 Z] [WARN] [cadence.virtuoso.ade.simulationMonitor] -     WARNING (VACOMP-2435): The environment variable CDS_AHDLCMI_ENABLE is no longer supported. Therefore, the simulator will use the default compiled C code flow. {"history": "Interactive.76", "point": 25, "testname": "TRAN_VDD_PULSE", "cornername": "CMOS_RES_CAP_TEMP_23"}
[2026-05-26 08:16:48.908 Z] [WARN] [cadence.virtuoso.ade.simulationMonitor] -     WARNING (SFE-3014): The floating device I19.I0.I5.MN14<0>_turbo_m4 is removed. {"history": "Interactive.76", "point": 25, "testname": "TRAN_VDD_PULSE", "cornername": "CMOS_RES_CAP_TEMP_23"}
[2026-05-26 08:16:48.908 Z] [WARN] [cadence.virtuoso.ade.simulationMonitor] -     WARNING (SFE-3012): The dummy device I19.I4.MP16<0>_turbo_m41 is removed. {"history": "Interactive.76", "point": 25, "testname": "TRAN_VDD_PULSE", "cornername": "CMOS_RES_CAP_TEMP_23"}
[2026-05-26 08:16:48.908 Z] [WARN] [cadence.virtuoso.ade.simulationMonitor] -     WARNING (SFE-3014): The floating device I19.I8.MN57<0>_turbo_m28 is removed. {"history": "Interactive.76", "point": 25, "testname": "TRAN_VDD_PULSE", "cornername": "CMOS_RES_CAP_TEMP_23"}
[2026-05-26 08:16:48.908 Z] [WARN] [cadence.virtuoso.ade.simulationMonitor] -     WARNING (SFE-3012): The dummy device I19.I14.MP13<0>_turbo_m4 is removed. {"history": "Interactive.76", "point": 25, "testname": "TRAN_VDD_PULSE", "cornername": "CMOS_RES_CAP_TEMP_23"}
[2026-05-26 08:16:48.909 Z] [WARN] [cadence.virtuoso.ade.simulationMonitor] -     WARNING (SFE-3031): The floating capacitor I19.I12.C10<0>_turbo_m12.C1 is removed. {"history": "Interactive.76", "point": 25, "testname": "TRAN_VDD_PULSE", "cornername": "CMOS_RES_CAP_TEMP_23"}
[2026-05-26 08:16:48.909 Z] [WARN] [cadence.virtuoso.ade.simulationMonitor] -     WARNING (SFE-3014): The floating device I19.I2.MN37<0>_turbo_m4 is removed. {"history": "Interactive.76", "point": 25, "testname": "TRAN_VDD_PULSE", "cornername": "CMOS_RES_CAP_TEMP_23"}
[2026-05-26 08:16:48.909 Z] [WARN] [cadence.virtuoso.ade.simulationMonitor] -     WARNING (SFE-3012): The dummy device I19.I0.I5.MP12<0>_turbo_m2 is removed. {"history": "Interactive.76", "point": 25, "testname": "TRAN_VDD_PULSE", "cornername": "CMOS_RES_CAP_TEMP_23"}
[2026-05-26 08:16:48.909 Z] [WARN] [cadence.virtuoso.ade.simulationMonitor] -     WARNING (SFE-3014): The floating device I19.I0.MN13<0>_turbo_m4 is removed. {"history": "Interactive.76", "point": 25, "testname": "TRAN_VDD_PULSE", "cornername": "CMOS_RES_CAP_TEMP_23"}
[2026-05-26 08:16:48.909 Z] [WARN] [cadence.virtuoso.ade.simulationMonitor] -     WARNING (SFE-3012): The dummy device I19.I0.I3.MP13<0>_turbo_m4 is removed. {"history": "Interactive.76", "point": 25, "testname": "TRAN_VDD_PULSE", "cornername": "CMOS_RES_CAP_TEMP_23"}
[2026-05-26 08:16:48.909 Z] [WARN] [cadence.virtuoso.ade.simulationMonitor] -     WARNING (SFE-3031): The floating capacitor I19.I12.C6<0>_turbo_m3.C1 is removed. {"history": "Interactive.76", "point": 25, "testname": "TRAN_VDD_PULSE", "cornername": "CMOS_RES_CAP_TEMP_23"}
[2026-05-26 08:16:48.909 Z] [WARN] [cadence.virtuoso.ade.simulationMonitor] -     WARNING (SFE-3012): The dummy device I19.I0.MP11<0>_turbo_m4 is removed.
        Further occurrences of this warning will be suppressed. {"history": "Interactive.76", "point": 25, "testname": "TRAN_VDD_PULSE", "cornername": "CMOS_RES_CAP_TEMP_23"}
[2026-05-26 08:16:48.909 Z] [WARN] [cadence.virtuoso.ade.simulationMonitor] -     WARNING (SFE-3031): The floating capacitor I19.I11.C7<0>_turbo_m3.C1 is removed. {"history": "Interactive.76", "point": 25, "testname": "TRAN_VDD_PULSE", "cornername": "CMOS_RES_CAP_TEMP_23"}
[2026-05-26 08:16:48.909 Z] [WARN] [cadence.virtuoso.ade.simulationMonitor] -     WARNING (SFE-3014): The floating device I19.I12.MN57<0>_turbo_m28 is removed.
        Further occurrences of this warning will be suppressed. {"history": "Interactive.76", "point": 25, "testname": "TRAN_VDD_PULSE", "cornername": "CMOS_RES_CAP_TEMP_23"}
[2026-05-26 08:16:48.909 Z] [WARN] [cadence.virtuoso.ade.simulationMonitor] -     WARNING (SFE-3031): The floating capacitor I19.I11.C10<0>_turbo_m12.C1 is removed. {"history": "Interactive.76", "point": 25, "testname": "TRAN_VDD_PULSE", "cornername": "CMOS_RES_CAP_TEMP_23"}
[2026-05-26 08:16:48.909 Z] [WARN] [cadence.virtuoso.ade.simulationMonitor] -     WARNING (SFE-3031): The floating capacitor I19.I12.C7<0>_turbo_m3.C1 is removed.
        Further occurrences of this warning will be suppressed. {"history": "Interactive.76", "point": 25, "testname": "TRAN_VDD_PULSE", "cornername": "CMOS_RES_CAP_TEMP_23"}
[2026-05-26 08:16:48.910 Z] [INFO] [cadence.virtuoso.ade.simulationMonitor] - Notice from spectre during hierarchy flattening.
    The value 'psf' specified for the 'checklimitdest' option will no longer be supported in future releases. Use 'spectre -h' to see other recommended values for the 'checklimitdest' option. {"history": "Interactive.76", "point": 25, "testname": "TRAN_VDD_PULSE", "cornername": "CMOS_RES_CAP_TEMP_23"}
[2026-05-26 08:16:48.910 Z] [INFO] [cadence.virtuoso.ade.simulationMonitor] - Peak resident memory used = 189 Mbytes. {"history": "Interactive.76", "point": 25, "testname": "TRAN_VDD_PULSE", "cornername": "CMOS_RES_CAP_TEMP_23"}
[2026-05-26 08:16:48.910 Z] [INFO] [cadence.virtuoso.ade.simulationMonitor] - Notice from spectre during hierarchy flattening.
    The value 'psf' specified for the 'checklimitdest' option will no longer be supported in future releases. Use 'spectre -h' to see other recommended values for the 'checklimitdest' option.
    I19.I0.R10.CS0 of rpolyhc: `c' has the unusually small value of 0 F.
    I19.I0.R10.CS1 of rpolyhc: `c' has the unusually small value of 0 F.
    I19.I0.R9.CS0 of rpolyhc: `c' has the unusually small value of 0 F.
    I19.I0.R9.CS1 of rpolyhc: `c' has the unusually ... {"history": "Interactive.76", "point": 25, "testname": "TRAN_VDD_PULSE", "cornername": "CMOS_RES_CAP_TEMP_23"}
[2026-05-26 08:16:48.910 Z] [INFO] [cadence.virtuoso.ade.simulationMonitor] - Notice from spectre during hierarchy flattening.
    V17: `period' has the unusually large value of 20 s.
    V17: `width' has the unusually large value of 19 s.
    V16: `period' has the unusually large value of 10 s.
    V16: `width' has the unusually large value of 9 s.
    V9: `period' has the unusually large value of 10 s.
        Further occurrences of this notice will be suppressed. {"history": "Interactive.76", "point": 25, "testname": "TRAN_VDD_PULSE", "cornername": "CMOS_RES_CAP_TEMP_23"}
[2026-05-26 08:16:48.910 Z] [INFO] [cadence.virtuoso.ade.simulationMonitor] - Peak resident memory used = 192 Mbytes. {"history": "Interactive.76", "point": 25, "testname": "TRAN_VDD_PULSE", "cornername": "CMOS_RES_CAP_TEMP_23"}
[2026-05-26 08:16:48.910 Z] [WARN] [cadence.virtuoso.ade.simulationMonitor] -     WARNING (CMI-2425): I19.I0.C2: `Acde' = 2.393 is unusually large. {"history": "Interactive.76", "point": 25, "testname": "TRAN_VDD_PULSE", "cornername": "CMOS_RES_CAP_TEMP_23"}
[2026-05-26 08:16:48.910 Z] [WARN] [cadence.virtuoso.ade.simulationMonitor] -     WARNING (CMI-2425): I19.I0.C2: `Noff' = 4.732 is unusually large. {"history": "Interactive.76", "point": 25, "testname": "TRAN_VDD_PULSE", "cornername": "CMOS_RES_CAP_TEMP_23"}
[2026-05-26 08:16:48.910 Z] [WARN] [cadence.virtuoso.ade.simulationMonitor] -     WARNING (CMI-2424): I19.I0.C2: `Voffcv' = -867.4e-03 is unusually small. {"history": "Interactive.76", "point": 25, "testname": "TRAN_VDD_PULSE", "cornername": "CMOS_RES_CAP_TEMP_23"}
[2026-05-26 08:16:48.910 Z] [WARN] [cadence.virtuoso.ade.simulationMonitor] -     WARNING (CMI-2425): I19.I0.C3: `Acde' = 2.393 is unusually large. {"history": "Interactive.76", "point": 25, "testname": "TRAN_VDD_PULSE", "cornername": "CMOS_RES_CAP_TEMP_23"}
[2026-05-26 08:16:48.910 Z] [WARN] [cadence.virtuoso.ade.simulationMonitor] -     WARNING (CMI-2425): I19.I0.C3: `Noff' = 4.732 is unusually large. {"history": "Interactive.76", "point": 25, "testname": "TRAN_VDD_PULSE", "cornername": "CMOS_RES_CAP_TEMP_23"}
[2026-05-26 08:16:48.910 Z] [WARN] [cadence.virtuoso.ade.simulationMonitor] -     WARNING (CMI-2424): I19.I0.C3: `Voffcv' = -867.4e-03 is unusually small. {"history": "Interactive.76", "point": 25, "testname": "TRAN_VDD_PULSE", "cornername": "CMOS_RES_CAP_TEMP_23"}
[2026-05-26 08:16:48.910 Z] [WARN] [cadence.virtuoso.ade.simulationMonitor] -     WARNING (CMI-2425): I19.I0.C0: `Acde' = 2.393 is unusually large.
        Further occurrences of this warning will be suppressed. {"history": "Interactive.76", "point": 25, "testname": "TRAN_VDD_PULSE", "cornername": "CMOS_RES_CAP_TEMP_23"}
[2026-05-26 08:16:48.911 Z] [WARN] [cadence.virtuoso.ade.simulationMonitor] -     WARNING (CMI-2424): I19.I0.C0: `Voffcv' = -867.4e-03 is unusually small. {"history": "Interactive.76", "point": 25, "testname": "TRAN_VDD_PULSE", "cornername": "CMOS_RES_CAP_TEMP_23"}
[2026-05-26 08:16:48.911 Z] [WARN] [cadence.virtuoso.ade.simulationMonitor] -     WARNING (CMI-2424): I19.I0.I3.C1: `Voffcv' = -867.4e-03 is unusually small. {"history": "Interactive.76", "point": 25, "testname": "TRAN_VDD_PULSE", "cornername": "CMOS_RES_CAP_TEMP_23"}
[2026-05-26 08:16:48.911 Z] [WARN] [cadence.virtuoso.ade.simulationMonitor] -     WARNING (CMI-2424): I19.I0.C1<0>_turbo_m5: `Voffcv' = -867.4e-03 is unusually small.
        Further occurrences of this warning will be suppressed. {"history": "Interactive.76", "point": 25, "testname": "TRAN_VDD_PULSE", "cornername": "CMOS_RES_CAP_TEMP_23"}
[2026-05-26 08:16:48.911 Z] [WARN] [cadence.virtuoso.ade.simulationMonitor] -     WARNING (SPECTRE-17607): Assert `SOAC_rpolyh_vminuspsub' is ignored because it contains an expression which is invalid or not supported by native evaluator.  {"history": "Interactive.76", "point": 25, "testname": "TRAN_VDD_PULSE", "cornername": "CMOS_RES_CAP_TEMP_23"}
[2026-05-26 08:16:48.911 Z] [WARN] [cadence.virtuoso.ade.simulationMonitor] -     WARNING (SPECTRE-17607): Assert `SOAC_rpolyh_vpluspsub' is ignored because it contains an expression which is invalid or not supported by native evaluator.  {"history": "Interactive.76", "point": 25, "testname": "TRAN_VDD_PULSE", "cornername": "CMOS_RES_CAP_TEMP_23"}
[2026-05-26 08:16:48.911 Z] [WARN] [cadence.virtuoso.ade.simulationMonitor] -     WARNING (SPECTRE-16460): SOAC_cvarm_vspsub:Specified subcircuit master `cvarm' was not found. {"history": "Interactive.76", "point": 25, "testname": "TRAN_VDD_PULSE", "cornername": "CMOS_RES_CAP_TEMP_23"}
[2026-05-26 08:16:48.911 Z] [WARN] [cadence.virtuoso.ade.simulationMonitor] -     WARNING (SPECTRE-16462): SOAC_cvarm_vspsub:Error in specification of subcircuit master. Assert is ignored. {"history": "Interactive.76", "point": 25, "testname": "TRAN_VDD_PULSE", "cornername": "CMOS_RES_CAP_TEMP_23"}
[2026-05-26 08:16:48.911 Z] [WARN] [cadence.virtuoso.ade.simulationMonitor] -     WARNING (SPECTRE-16460): SOAC_cvarm_vbs:Specified subcircuit master `cvarm' was not found. {"history": "Interactive.76", "point": 25, "testname": "TRAN_VDD_PULSE", "cornername": "CMOS_RES_CAP_TEMP_23"}
[2026-05-26 08:16:48.911 Z] [WARN] [cadence.virtuoso.ade.simulationMonitor] -     WARNING (SPECTRE-16462): SOAC_cvarm_vbs:Error in specification of subcircuit master. Assert is ignored. {"history": "Interactive.76", "point": 25, "testname": "TRAN_VDD_PULSE", "cornername": "CMOS_RES_CAP_TEMP_23"}
[2026-05-26 08:16:48.911 Z] [WARN] [cadence.virtuoso.ade.simulationMonitor] -     WARNING (SPECTRE-16460): SOAC_cvarm_vgb:Specified subcircuit master `cvarm' was not found. {"history": "Interactive.76", "point": 25, "testname": "TRAN_VDD_PULSE", "cornername": "CMOS_RES_CAP_TEMP_23"}
[2026-05-26 08:16:48.911 Z] [WARN] [cadence.virtuoso.ade.simulationMonitor] -     WARNING (SPECTRE-16462): SOAC_cvarm_vgb:Error in specification of subcircuit master. Assert is ignored. {"history": "Interactive.76", "point": 25, "testname": "TRAN_VDD_PULSE", "cornername": "CMOS_RES_CAP_TEMP_23"}
[2026-05-26 08:16:48.911 Z] [WARN] [cadence.virtuoso.ade.simulationMonitor] -     WARNING (SPECTRE-16460): SOAC_cvart_vspsub:Specified subcircuit master `cvart' was not found. {"history": "Interactive.76", "point": 25, "testname": "TRAN_VDD_PULSE", "cornername": "CMOS_RES_CAP_TEMP_23"}
[2026-05-26 08:16:48.911 Z] [WARN] [cadence.virtuoso.ade.simulationMonitor] -     WARNING (SPECTRE-16462): SOAC_cvart_vspsub:Error in specification of subcircuit master. Assert is ignored. {"history": "Interactive.76", "point": 25, "testname": "TRAN_VDD_PULSE", "cornername": "CMOS_RES_CAP_TEMP_23"}
[2026-05-26 08:16:48.911 Z] [WARN] [cadence.virtuoso.ade.simulationMonitor] -     WARNING (SPECTRE-16460): SOAC_cvart_vbs:Specified subcircuit master `cvart' was not found.
        Further occurrences of this warning will be suppressed. {"history": "Interactive.76", "point": 25, "testname": "TRAN_VDD_PULSE", "cornername": "CMOS_RES_CAP_TEMP_23"}
[2026-05-26 08:16:48.912 Z] [WARN] [cadence.virtuoso.ade.simulationMonitor] -     WARNING (SPECTRE-16462): SOAC_cvart_vbs:Error in specification of subcircuit master. Assert is ignored.
        Further occurrences of this warning will be suppressed. {"history": "Interactive.76", "point": 25, "testname": "TRAN_VDD_PULSE", "cornername": "CMOS_RES_CAP_TEMP_23"}
[2026-05-26 08:16:48.912 Z] [WARN] [cadence.virtuoso.ade.simulationMonitor] -     WARNING (SPECTRE-17607): Assert `SOAC_cvar_vspsub' is ignored because it contains an expression which is invalid or not supported by native evaluator.  {"history": "Interactive.76", "point": 25, "testname": "TRAN_VDD_PULSE", "cornername": "CMOS_RES_CAP_TEMP_23"}
[2026-05-26 08:16:48.912 Z] [WARN] [cadence.virtuoso.ade.simulationMonitor] -     WARNING (SPECTRE-17607): Assert `SOAC_cvar_vbpsub' is ignored because it contains an expression which is invalid or not supported by native evaluator.  {"history": "Interactive.76", "point": 25, "testname": "TRAN_VDD_PULSE", "cornername": "CMOS_RES_CAP_TEMP_23"}
[2026-05-26 08:16:48.912 Z] [WARN] [cadence.virtuoso.ade.simulationMonitor] -     WARNING (SPECTRE-17607): Assert `SOAC_cvar_vgpsub' is ignored because it contains an expression which is invalid or not supported by native evaluator. 
        Further occurrences of this warning will be suppressed. {"history": "Interactive.76", "point": 25, "testname": "TRAN_VDD_PULSE", "cornername": "CMOS_RES_CAP_TEMP_23"}
[2026-05-26 08:16:49.412 Z] [INFO] [cadence.virtuoso.ade.simulationMonitor] - Notice from spectre during topology check.
    No DC path from node `net19' to ground, Gmin installed to provide path. {"history": "Interactive.76", "point": 25, "testname": "TRAN_VDD_PULSE", "cornername": "CMOS_RES_CAP_TEMP_23"}
[2026-05-26 08:16:49.412 Z] [INFO] [cadence.virtuoso.ade.simulationMonitor] - Notice from spectre during initial setup.
    Multithreading is disabled due to the size of the design being too small. {"history": "Interactive.76", "point": 25, "testname": "TRAN_VDD_PULSE", "cornername": "CMOS_RES_CAP_TEMP_23"}
[2026-05-26 08:16:49.412 Z] [WARN] [cadence.virtuoso.ade.simulationMonitor] -     WARNING (SPECTRE-592): Following parameters are disabled because they are ignored or redefined in Spectre X:
        Option Parameters:
          reltol
        
         {"history": "Interactive.76", "point": 25, "testname": "TRAN_VDD_PULSE", "cornername": "CMOS_RES_CAP_TEMP_23"}
[2026-05-26 08:16:49.412 Z] [INFO] [cadence.virtuoso.ade.simulationMonitor] -               nodes 784 {"history": "Interactive.76", "point": 25, "testname": "TRAN_VDD_PULSE", "cornername": "CMOS_RES_CAP_TEMP_23"}
[2026-05-26 08:16:49.412 Z] [INFO] [cadence.virtuoso.ade.simulationMonitor] - Notice from spectre during initial setup.
    4 vsources are shorted because their absolute value is less than or equal to 'vabsshort'.
    Spectre X preset=vx enabled. {"history": "Interactive.76", "point": 25, "testname": "TRAN_VDD_PULSE", "cornername": "CMOS_RES_CAP_TEMP_23"}
[2026-05-26 08:16:49.412 Z] [INFO] [cadence.virtuoso.ade.simulationMonitor] - Peak resident memory used = 213 Mbytes. {"history": "Interactive.76", "point": 25, "testname": "TRAN_VDD_PULSE", "cornername": "CMOS_RES_CAP_TEMP_23"}
[2026-05-26 08:16:49.413 Z] [INFO] [cadence.virtuoso.ade.simulationMonitor] -    -   (Spectre X) Multi-threading. The recommended number of threads is 1, consider adding +mt=1 on command line. {"history": "Interactive.76", "point": 25, "testname": "TRAN_VDD_PULSE", "cornername": "CMOS_RES_CAP_TEMP_23"}
[2026-05-26 08:16:49.413 Z] [INFO] [cadence.virtuoso.ade.simulationMonitor] - Notice from spectre during DC analysis `dcOp'.
    No checklimit analysis defined for asserts. A default checklimit analysis 'SpectreChecklimitAnal' has been created with all asserts enabled. {"history": "Interactive.76", "point": 25, "testname": "TRAN_VDD_PULSE", "cornername": "CMOS_RES_CAP_TEMP_23"}
[2026-05-26 08:16:49.413 Z] [INFO] [cadence.virtuoso.ade.simulationMonitor] - Notice from spectre during DC analysis `dcOp'.
    GminDC = 1 pS is large enough to noticeably affect the DC solution.
        dV(I19.I2.C1.d1) = 1.47451 mV
        Use the `gmin_check' option to eliminate or expand this report. {"history": "Interactive.76", "point": 25, "testname": "TRAN_VDD_PULSE", "cornername": "CMOS_RES_CAP_TEMP_23"}
[2026-05-26 08:16:49.413 Z] [WARN] [cadence.virtuoso.ade.simulationMonitor] -     WARNING (CMI-2943): Parameter checks have been ignored because the valid value for parameter 'trise' could not be found in 'C0'. {"history": "Interactive.76", "point": 25, "testname": "TRAN_VDD_PULSE", "cornername": "CMOS_RES_CAP_TEMP_23"}
[2026-05-26 08:16:49.413 Z] [WARN] [cadence.virtuoso.ade.simulationMonitor] -     WARNING (CMI-2943): Parameter checks have been ignored because the valid value for parameter 'trise' could not be found in 'C3'. {"history": "Interactive.76", "point": 25, "testname": "TRAN_VDD_PULSE", "cornername": "CMOS_RES_CAP_TEMP_23"}
[2026-05-26 08:16:49.413 Z] [WARN] [cadence.virtuoso.ade.simulationMonitor] -     WARNING (CMI-2943): Parameter checks have been ignored because the valid value for parameter 'trise' could not be found in 'C4'. {"history": "Interactive.76", "point": 25, "testname": "TRAN_VDD_PULSE", "cornername": "CMOS_RES_CAP_TEMP_23"}
[2026-05-26 08:16:49.413 Z] [WARN] [cadence.virtuoso.ade.simulationMonitor] -     WARNING (CMI-2943): Parameter checks have been ignored because the valid value for parameter 'trise' could not be found in 'C5'. {"history": "Interactive.76", "point": 25, "testname": "TRAN_VDD_PULSE", "cornername": "CMOS_RES_CAP_TEMP_23"}
[2026-05-26 08:16:49.413 Z] [WARN] [cadence.virtuoso.ade.simulationMonitor] -     WARNING (CMI-2943): Parameter checks have been ignored because the valid value for parameter 'trise' could not be found in 'I19.I4.C9<0>_turbo_m6.C1'.
        Further occurrences of this warning will be suppressed. {"history": "Interactive.76", "point": 25, "testname": "TRAN_VDD_PULSE", "cornername": "CMOS_RES_CAP_TEMP_23"}
[2026-05-26 08:16:49.413 Z] [INFO] [cadence.virtuoso.ade.simulationMonitor] - Total time required for dc analysis `dcOp': CPU = 59.14 ms, elapsed = 75.9029 ms, util. = 77.9%. {"history": "Interactive.76", "point": 25, "testname": "TRAN_VDD_PULSE", "cornername": "CMOS_RES_CAP_TEMP_23"}
[2026-05-26 08:16:49.413 Z] [INFO] [cadence.virtuoso.ade.simulationMonitor] - Peak resident memory used = 223 Mbytes. {"history": "Interactive.76", "point": 25, "testname": "TRAN_VDD_PULSE", "cornername": "CMOS_RES_CAP_TEMP_23"}
[2026-05-26 08:16:49.413 Z] [INFO] [cadence.virtuoso.ade.simulationMonitor] - Notice from spectre.
    308 warnings suppressed. {"history": "Interactive.76", "point": 25, "testname": "TRAN_VDD_PULSE", "cornername": "CMOS_RES_CAP_TEMP_23"}
[2026-05-26 08:16:49.413 Z] [INFO] [cadence.virtuoso.ade.simulationMonitor] - Notice from spectre during IC analysis, during transient analysis `tran'.
    GminDC = 1 pS is large enough to noticeably affect the DC solution.
        dV(I19.I2.C1.d1) = 1.47451 mV
        Use the `gmin_check' option to eliminate or expand this report. {"history": "Interactive.76", "point": 25, "testname": "TRAN_VDD_PULSE", "cornername": "CMOS_RES_CAP_TEMP_23"}
[2026-05-26 08:16:49.413 Z] [WARN] [cadence.virtuoso.ade.simulationMonitor] -     WARNING (CMI-2943): Parameter checks have been ignored because the valid value for parameter 'trise' could not be found in 'C0'. {"history": "Interactive.76", "point": 25, "testname": "TRAN_VDD_PULSE", "cornername": "CMOS_RES_CAP_TEMP_23"}
[2026-05-26 08:16:49.414 Z] [WARN] [cadence.virtuoso.ade.simulationMonitor] -     WARNING (CMI-2943): Parameter checks have been ignored because the valid value for parameter 'trise' could not be found in 'C3'. {"history": "Interactive.76", "point": 25, "testname": "TRAN_VDD_PULSE", "cornername": "CMOS_RES_CAP_TEMP_23"}
[2026-05-26 08:16:49.414 Z] [WARN] [cadence.virtuoso.ade.simulationMonitor] -     WARNING (CMI-2943): Parameter checks have been ignored because the valid value for parameter 'trise' could not be found in 'C4'. {"history": "Interactive.76", "point": 25, "testname": "TRAN_VDD_PULSE", "cornername": "CMOS_RES_CAP_TEMP_23"}
[2026-05-26 08:16:49.414 Z] [WARN] [cadence.virtuoso.ade.simulationMonitor] -     WARNING (CMI-2943): Parameter checks have been ignored because the valid value for parameter 'trise' could not be found in 'C5'. {"history": "Interactive.76", "point": 25, "testname": "TRAN_VDD_PULSE", "cornername": "CMOS_RES_CAP_TEMP_23"}
[2026-05-26 08:16:49.414 Z] [WARN] [cadence.virtuoso.ade.simulationMonitor] -     WARNING (CMI-2943): Parameter checks have been ignored because the valid value for parameter 'trise' could not be found in 'I19.I4.C9<0>_turbo_m6.C1'.
        Further occurrences of this warning will be suppressed. {"history": "Interactive.76", "point": 25, "testname": "TRAN_VDD_PULSE", "cornername": "CMOS_RES_CAP_TEMP_23"}
[2026-05-26 08:16:49.414 Z] [INFO] [cadence.virtuoso.ade.simulationMonitor] - Notice from spectre during transient analysis `tran'.
    Output compression for transient analysis is enabled. {"history": "Interactive.76", "point": 25, "testname": "TRAN_VDD_PULSE", "cornername": "CMOS_RES_CAP_TEMP_23"}
[2026-05-26 08:16:49.414 Z] [INFO] [cadence.virtuoso.ade.simulationMonitor] - Notice from spectre during transient analysis `tran'.
    Multithreading is disabled due to the size of the design being too small. {"history": "Interactive.76", "point": 25, "testname": "TRAN_VDD_PULSE", "cornername": "CMOS_RES_CAP_TEMP_23"}
[2026-05-26 08:17:49.929 Z] [INFO] [cadence.virtuoso.ade.simulationMonitor] - Total time required for tran analysis `tran': CPU = 59.577 s, elapsed = 60.0942 s (1m  0.1s), util. = 99.1%. {"history": "Interactive.76", "point": 25, "testname": "TRAN_VDD_PULSE", "cornername": "CMOS_RES_CAP_TEMP_23"}
[2026-05-26 08:17:49.929 Z] [INFO] [cadence.virtuoso.ade.simulationMonitor] - Peak resident memory used = 230 Mbytes. {"history": "Interactive.76", "point": 25, "testname": "TRAN_VDD_PULSE", "cornername": "CMOS_RES_CAP_TEMP_23"}
[2026-05-26 08:17:49.929 Z] [INFO] [cadence.virtuoso.ade.simulationMonitor] - Notice from spectre.
    308 warnings suppressed. {"history": "Interactive.76", "point": 25, "testname": "TRAN_VDD_PULSE", "cornername": "CMOS_RES_CAP_TEMP_23"}
[2026-05-26 08:17:49.929 Z] [WARN] [cadence.virtuoso.ade.simulationMonitor] -     WARNING (SPECTRE-16518): An arithmetic exception occurred in analysis `finalTimeOP' . Use `+diagnose' command-line option to get more information. {"history": "Interactive.76", "point": 25, "testname": "TRAN_VDD_PULSE", "cornername": "CMOS_RES_CAP_TEMP_23"}
[2026-05-26 08:17:49.929 Z] [WARN] [cadence.virtuoso.ade.simulationMonitor] -     WARNING (CMI-2425): I19.I2.C1: `Acde' = 2.393 is unusually large. {"history": "Interactive.76", "point": 25, "testname": "TRAN_VDD_PULSE", "cornername": "CMOS_RES_CAP_TEMP_23"}
[2026-05-26 08:17:49.929 Z] [WARN] [cadence.virtuoso.ade.simulationMonitor] -     WARNING (CMI-2425): I19.I2.C1: `Noff' = 4.732 is unusually large. {"history": "Interactive.76", "point": 25, "testname": "TRAN_VDD_PULSE", "cornername": "CMOS_RES_CAP_TEMP_23"}
[2026-05-26 08:17:49.929 Z] [WARN] [cadence.virtuoso.ade.simulationMonitor] -     WARNING (CMI-2424): I19.I2.C1: `Voffcv' = -867.4e-03 is unusually small. {"history": "Interactive.76", "point": 25, "testname": "TRAN_VDD_PULSE", "cornername": "CMOS_RES_CAP_TEMP_23"}
[2026-05-26 08:17:49.929 Z] [WARN] [cadence.virtuoso.ade.simulationMonitor] -     WARNING (CMI-2425): I19.I8.C0: `Acde' = 2.393 is unusually large. {"history": "Interactive.76", "point": 25, "testname": "TRAN_VDD_PULSE", "cornername": "CMOS_RES_CAP_TEMP_23"}
[2026-05-26 08:17:49.929 Z] [WARN] [cadence.virtuoso.ade.simulationMonitor] -     WARNING (CMI-2425): I19.I8.C0: `Noff' = 4.732 is unusually large. {"history": "Interactive.76", "point": 25, "testname": "TRAN_VDD_PULSE", "cornername": "CMOS_RES_CAP_TEMP_23"}
[2026-05-26 08:17:49.929 Z] [WARN] [cadence.virtuoso.ade.simulationMonitor] -     WARNING (CMI-2424): I19.I8.C0: `Voffcv' = -867.4e-03 is unusually small. {"history": "Interactive.76", "point": 25, "testname": "TRAN_VDD_PULSE", "cornername": "CMOS_RES_CAP_TEMP_23"}
[2026-05-26 08:17:49.930 Z] [WARN] [cadence.virtuoso.ade.simulationMonitor] -     WARNING (CMI-2425): I19.I8.C1: `Acde' = 2.393 is unusually large.
        Further occurrences of this warning will be suppressed. {"history": "Interactive.76", "point": 25, "testname": "TRAN_VDD_PULSE", "cornername": "CMOS_RES_CAP_TEMP_23"}
[2026-05-26 08:17:49.930 Z] [WARN] [cadence.virtuoso.ade.simulationMonitor] -     WARNING (CMI-2424): I19.I8.C1: `Voffcv' = -867.4e-03 is unusually small. {"history": "Interactive.76", "point": 25, "testname": "TRAN_VDD_PULSE", "cornername": "CMOS_RES_CAP_TEMP_23"}
[2026-05-26 08:17:49.930 Z] [WARN] [cadence.virtuoso.ade.simulationMonitor] -     WARNING (CMI-2424): I19.I14.C1: `Voffcv' = -867.4e-03 is unusually small. {"history": "Interactive.76", "point": 25, "testname": "TRAN_VDD_PULSE", "cornername": "CMOS_RES_CAP_TEMP_23"}
[2026-05-26 08:17:49.930 Z] [WARN] [cadence.virtuoso.ade.simulationMonitor] -     WARNING (CMI-2424): I19.I14.C4: `Voffcv' = -867.4e-03 is unusually small.
        Further occurrences of this warning will be suppressed. {"history": "Interactive.76", "point": 25, "testname": "TRAN_VDD_PULSE", "cornername": "CMOS_RES_CAP_TEMP_23"}
[2026-05-26 08:17:49.930 Z] [INFO] [cadence.virtuoso.ade.simulationMonitor] - Notice from spectre.
    56 warnings suppressed. {"history": "Interactive.76", "point": 25, "testname": "TRAN_VDD_PULSE", "cornername": "CMOS_RES_CAP_TEMP_23"}
[2026-05-26 08:17:49.930 Z] [WARN] [cadence.virtuoso.ade.simulationMonitor] -     WARNING (CMI-2425): I19.I2.C1: `Acde' = 2.393 is unusually large. {"history": "Interactive.76", "point": 25, "testname": "TRAN_VDD_PULSE", "cornername": "CMOS_RES_CAP_TEMP_23"}
[2026-05-26 08:17:49.930 Z] [WARN] [cadence.virtuoso.ade.simulationMonitor] -     WARNING (CMI-2425): I19.I2.C1: `Noff' = 4.732 is unusually large. {"history": "Interactive.76", "point": 25, "testname": "TRAN_VDD_PULSE", "cornername": "CMOS_RES_CAP_TEMP_23"}
[2026-05-26 08:17:49.930 Z] [WARN] [cadence.virtuoso.ade.simulationMonitor] -     WARNING (CMI-2424): I19.I2.C1: `Voffcv' = -867.4e-03 is unusually small. {"history": "Interactive.76", "point": 25, "testname": "TRAN_VDD_PULSE", "cornername": "CMOS_RES_CAP_TEMP_23"}
[2026-05-26 08:17:49.930 Z] [WARN] [cadence.virtuoso.ade.simulationMonitor] -     WARNING (CMI-2425): I19.I8.C0: `Acde' = 2.393 is unusually large. {"history": "Interactive.76", "point": 25, "testname": "TRAN_VDD_PULSE", "cornername": "CMOS_RES_CAP_TEMP_23"}
[2026-05-26 08:17:49.930 Z] [WARN] [cadence.virtuoso.ade.simulationMonitor] -     WARNING (CMI-2425): I19.I8.C0: `Noff' = 4.732 is unusually large. {"history": "Interactive.76", "point": 25, "testname": "TRAN_VDD_PULSE", "cornername": "CMOS_RES_CAP_TEMP_23"}
[2026-05-26 08:17:49.930 Z] [WARN] [cadence.virtuoso.ade.simulationMonitor] -     WARNING (CMI-2424): I19.I8.C0: `Voffcv' = -867.4e-03 is unusually small. {"history": "Interactive.76", "point": 25, "testname": "TRAN_VDD_PULSE", "cornername": "CMOS_RES_CAP_TEMP_23"}
[2026-05-26 08:17:49.930 Z] [WARN] [cadence.virtuoso.ade.simulationMonitor] -     WARNING (CMI-2425): I19.I8.C1: `Acde' = 2.393 is unusually large.
        Further occurrences of this warning will be suppressed. {"history": "Interactive.76", "point": 25, "testname": "TRAN_VDD_PULSE", "cornername": "CMOS_RES_CAP_TEMP_23"}
[2026-05-26 08:17:49.930 Z] [WARN] [cadence.virtuoso.ade.simulationMonitor] -     WARNING (CMI-2424): I19.I8.C1: `Voffcv' = -867.4e-03 is unusually small. {"history": "Interactive.76", "point": 25, "testname": "TRAN_VDD_PULSE", "cornername": "CMOS_RES_CAP_TEMP_23"}
[2026-05-26 08:17:49.930 Z] [WARN] [cadence.virtuoso.ade.simulationMonitor] -     WARNING (CMI-2424): I19.I14.C1: `Voffcv' = -867.4e-03 is unusually small. {"history": "Interactive.76", "point": 25, "testname": "TRAN_VDD_PULSE", "cornername": "CMOS_RES_CAP_TEMP_23"}
[2026-05-26 08:17:49.930 Z] [WARN] [cadence.virtuoso.ade.simulationMonitor] -     WARNING (CMI-2424): I19.I14.C4: `Voffcv' = -867.4e-03 is unusually small.
        Further occurrences of this warning will be suppressed. {"history": "Interactive.76", "point": 25, "testname": "TRAN_VDD_PULSE", "cornername": "CMOS_RES_CAP_TEMP_23"}
[2026-05-26 08:17:49.931 Z] [INFO] [cadence.virtuoso.ade.simulationMonitor] - Notice from spectre.
    59 warnings suppressed. {"history": "Interactive.76", "point": 25, "testname": "TRAN_VDD_PULSE", "cornername": "CMOS_RES_CAP_TEMP_23"}
[2026-05-26 08:17:49.931 Z] [WARN] [cadence.virtuoso.ade.simulationMonitor] -     WARNING (CMI-2425): I19.I2.C1: `Acde' = 2.393 is unusually large. {"history": "Interactive.76", "point": 25, "testname": "TRAN_VDD_PULSE", "cornername": "CMOS_RES_CAP_TEMP_23"}
[2026-05-26 08:17:49.931 Z] [WARN] [cadence.virtuoso.ade.simulationMonitor] -     WARNING (CMI-2425): I19.I2.C1: `Noff' = 4.732 is unusually large. {"history": "Interactive.76", "point": 25, "testname": "TRAN_VDD_PULSE", "cornername": "CMOS_RES_CAP_TEMP_23"}
[2026-05-26 08:17:49.931 Z] [WARN] [cadence.virtuoso.ade.simulationMonitor] -     WARNING (CMI-2424): I19.I2.C1: `Voffcv' = -867.4e-03 is unusually small. {"history": "Interactive.76", "point": 25, "testname": "TRAN_VDD_PULSE", "cornername": "CMOS_RES_CAP_TEMP_23"}
[2026-05-26 08:17:49.931 Z] [WARN] [cadence.virtuoso.ade.simulationMonitor] -     WARNING (CMI-2425): I19.I8.C0: `Acde' = 2.393 is unusually large. {"history": "Interactive.76", "point": 25, "testname": "TRAN_VDD_PULSE", "cornername": "CMOS_RES_CAP_TEMP_23"}
[2026-05-26 08:17:49.931 Z] [WARN] [cadence.virtuoso.ade.simulationMonitor] -     WARNING (CMI-2425): I19.I8.C0: `Noff' = 4.732 is unusually large. {"history": "Interactive.76", "point": 25, "testname": "TRAN_VDD_PULSE", "cornername": "CMOS_RES_CAP_TEMP_23"}
[2026-05-26 08:17:49.931 Z] [WARN] [cadence.virtuoso.ade.simulationMonitor] -     WARNING (CMI-2424): I19.I8.C0: `Voffcv' = -867.4e-03 is unusually small. {"history": "Interactive.76", "point": 25, "testname": "TRAN_VDD_PULSE", "cornername": "CMOS_RES_CAP_TEMP_23"}
[2026-05-26 08:17:49.931 Z] [WARN] [cadence.virtuoso.ade.simulationMonitor] -     WARNING (CMI-2425): I19.I8.C1: `Acde' = 2.393 is unusually large.
        Further occurrences of this warning will be suppressed. {"history": "Interactive.76", "point": 25, "testname": "TRAN_VDD_PULSE", "cornername": "CMOS_RES_CAP_TEMP_23"}
[2026-05-26 08:17:49.931 Z] [WARN] [cadence.virtuoso.ade.simulationMonitor] -     WARNING (CMI-2424): I19.I8.C1: `Voffcv' = -867.4e-03 is unusually small. {"history": "Interactive.76", "point": 25, "testname": "TRAN_VDD_PULSE", "cornername": "CMOS_RES_CAP_TEMP_23"}
[2026-05-26 08:17:49.931 Z] [WARN] [cadence.virtuoso.ade.simulationMonitor] -     WARNING (CMI-2424): I19.I14.C1: `Voffcv' = -867.4e-03 is unusually small. {"history": "Interactive.76", "point": 25, "testname": "TRAN_VDD_PULSE", "cornername": "CMOS_RES_CAP_TEMP_23"}
[2026-05-26 08:17:49.931 Z] [WARN] [cadence.virtuoso.ade.simulationMonitor] -     WARNING (CMI-2424): I19.I14.C4: `Voffcv' = -867.4e-03 is unusually small.
        Further occurrences of this warning will be suppressed. {"history": "Interactive.76", "point": 25, "testname": "TRAN_VDD_PULSE", "cornername": "CMOS_RES_CAP_TEMP_23"}
[2026-05-26 08:17:49.931 Z] [INFO] [cadence.virtuoso.ade.simulationMonitor] - Notice from spectre.
    56 warnings suppressed. {"history": "Interactive.76", "point": 25, "testname": "TRAN_VDD_PULSE", "cornername": "CMOS_RES_CAP_TEMP_23"}
[2026-05-26 08:17:49.931 Z] [WARN] [cadence.virtuoso.ade.simulationMonitor] -     WARNING (CMI-2425): I19.I2.C1: `Acde' = 2.393 is unusually large. {"history": "Interactive.76", "point": 25, "testname": "TRAN_VDD_PULSE", "cornername": "CMOS_RES_CAP_TEMP_23"}
[2026-05-26 08:17:49.931 Z] [WARN] [cadence.virtuoso.ade.simulationMonitor] -     WARNING (CMI-2425): I19.I2.C1: `Noff' = 4.732 is unusually large. {"history": "Interactive.76", "point": 25, "testname": "TRAN_VDD_PULSE", "cornername": "CMOS_RES_CAP_TEMP_23"}
[2026-05-26 08:17:49.931 Z] [WARN] [cadence.virtuoso.ade.simulationMonitor] -     WARNING (CMI-2424): I19.I2.C1: `Voffcv' = -867.4e-03 is unusually small. {"history": "Interactive.76", "point": 25, "testname": "TRAN_VDD_PULSE", "cornername": "CMOS_RES_CAP_TEMP_23"}
[2026-05-26 08:17:49.932 Z] [WARN] [cadence.virtuoso.ade.simulationMonitor] -     WARNING (CMI-2425): I19.I8.C0: `Acde' = 2.393 is unusually large. {"history": "Interactive.76", "point": 25, "testname": "TRAN_VDD_PULSE", "cornername": "CMOS_RES_CAP_TEMP_23"}
[2026-05-26 08:17:49.932 Z] [WARN] [cadence.virtuoso.ade.simulationMonitor] -     WARNING (CMI-2425): I19.I8.C0: `Noff' = 4.732 is unusually large. {"history": "Interactive.76", "point": 25, "testname": "TRAN_VDD_PULSE", "cornername": "CMOS_RES_CAP_TEMP_23"}
[2026-05-26 08:17:49.932 Z] [WARN] [cadence.virtuoso.ade.simulationMonitor] -     WARNING (CMI-2424): I19.I8.C0: `Voffcv' = -867.4e-03 is unusually small. {"history": "Interactive.76", "point": 25, "testname": "TRAN_VDD_PULSE", "cornername": "CMOS_RES_CAP_TEMP_23"}
[2026-05-26 08:17:49.932 Z] [WARN] [cadence.virtuoso.ade.simulationMonitor] -     WARNING (CMI-2425): I19.I8.C1: `Acde' = 2.393 is unusually large.
        Further occurrences of this warning will be suppressed. {"history": "Interactive.76", "point": 25, "testname": "TRAN_VDD_PULSE", "cornername": "CMOS_RES_CAP_TEMP_23"}
[2026-05-26 08:17:49.932 Z] [WARN] [cadence.virtuoso.ade.simulationMonitor] -     WARNING (CMI-2424): I19.I8.C1: `Voffcv' = -867.4e-03 is unusually small. {"history": "Interactive.76", "point": 25, "testname": "TRAN_VDD_PULSE", "cornername": "CMOS_RES_CAP_TEMP_23"}
[2026-05-26 08:17:49.932 Z] [WARN] [cadence.virtuoso.ade.simulationMonitor] -     WARNING (CMI-2424): I19.I14.C1: `Voffcv' = -867.4e-03 is unusually small. {"history": "Interactive.76", "point": 25, "testname": "TRAN_VDD_PULSE", "cornername": "CMOS_RES_CAP_TEMP_23"}
[2026-05-26 08:17:49.932 Z] [WARN] [cadence.virtuoso.ade.simulationMonitor] -     WARNING (CMI-2424): I19.I14.C4: `Voffcv' = -867.4e-03 is unusually small.
        Further occurrences of this warning will be suppressed. {"history": "Interactive.76", "point": 25, "testname": "TRAN_VDD_PULSE", "cornername": "CMOS_RES_CAP_TEMP_23"}
[2026-05-26 08:17:49.932 Z] [INFO] [cadence.virtuoso.ade.simulationMonitor] - Notice from spectre.
    56 warnings suppressed. {"history": "Interactive.76", "point": 25, "testname": "TRAN_VDD_PULSE", "cornername": "CMOS_RES_CAP_TEMP_23"}
[2026-05-26 08:17:49.932 Z] [INFO] [cadence.virtuoso.ade.simulationMonitor] - Time used: CPU = 60 s (1m  0.0s), elapsed = 60.9 s (1m  0.9s), util. = 98.6%. {"history": "Interactive.76", "point": 25, "testname": "TRAN_VDD_PULSE", "cornername": "CMOS_RES_CAP_TEMP_23"}
[2026-05-26 08:17:49.932 Z] [INFO] [cadence.virtuoso.ade.simulationMonitor] - Time spent in licensing: elapsed = 38.8 ms. {"history": "Interactive.76", "point": 25, "testname": "TRAN_VDD_PULSE", "cornername": "CMOS_RES_CAP_TEMP_23"}
[2026-05-26 08:17:49.932 Z] [INFO] [cadence.virtuoso.ade.simulationMonitor] - Peak memory used = 230 Mbytes. {"history": "Interactive.76", "point": 25, "testname": "TRAN_VDD_PULSE", "cornername": "CMOS_RES_CAP_TEMP_23"}
[2026-05-26 08:17:49.932 Z] [PROCESS] [cadence.virtuoso.ade.simulationMonitor] - Simulation started at: 8:16:48 AM, Tue May 26, 2026, ended at: 8:17:49 AM, Tue May 26, 2026, with elapsed time (wall clock): 60.9 s (1m  0.9s). {"history": "Interactive.76", "point": 25, "testname": "TRAN_VDD_PULSE", "cornername": "CMOS_RES_CAP_TEMP_23"}
[2026-05-26 08:17:49.932 Z] [PROCESS] [cadence.virtuoso.ade.simulationMonitor] - spectre completes with 0 errors, 98 warnings, and 33 notices. {"history": "Interactive.76", "point": 25, "testname": "TRAN_VDD_PULSE", "cornername": "CMOS_RES_CAP_TEMP_23"}
[2026-05-26 08:17:49.932 Z] [PROCESS] [cadence.virtuoso.ade.simulationMonitor] - Finished simulating for one point {"hostname": "edatools", "processid": 229924, "history": "Interactive.76", "testname": "TRAN_VDD_PULSE", "cornername": "CMOS_RES_CAP_TEMP_23", "point": 25, "logfile": "/home/saul/projects/IL2244_VT26_SAUL/logs_saul/logs0/Job38.log", "simid": "5"}
[2026-05-26 08:17:49.933 Z] [PROCESS] [cadence.virtuoso.ade.simulationMonitor] - Simulator exited {"hostname": "edatools", "processid": 229924, "history": "Interactive.76", "testname": "TRAN_VDD_PULSE", "cornername": "CMOS_RES_CAP_TEMP_23", "point": 25, "logfile": "/home/saul/projects/IL2244_VT26_SAUL/logs_saul/logs0/Job38.log", "exitStatus": "0"}
[2026-05-26 08:17:49.933 Z] [PROCESS] [cadence.virtuoso.ade.simulationMonitor] - Finished Simulation {"hostname": "edatools", "processid": 229924, "history": "Interactive.76", "testname": "TRAN_VDD_PULSE", "cornername": "CMOS_RES_CAP_TEMP_23", "point": 25, "logfile": "/home/saul/projects/IL2244_VT26_SAUL/logs_saul/logs0/Job38.log", "simid": "5"}
[2026-05-26 08:17:51.938 Z] [PROCESS] [cadence.virtuoso.ade.simulationMonitor] - Point Finished {"hostname": "edatools", "processid": 229924, "history": "Interactive.76", "testname": "TRAN_VDD_PULSE", "cornername": "CMOS_RES_CAP_TEMP_23", "point": 25, "logfile": "/home/saul/projects/IL2244_VT26_SAUL/logs_saul/logs0/Job38.log"}
[2026-05-26 08:17:51.940 Z] [PROCESS] [cadence.virtuoso.ade.simulationMonitor] - HostInfo:
Host name (type):	edatools (x86_64)
Operating system:	Linux 6.17.0-29-generic #29~24.04.1-Ubuntu SMP PREEMPT_DYNAMIC Mon May 11 10:30:58 UTC 2 {"hostname": "edatools", "processid": 229924, "history": "Interactive.76", "testname": "TRAN_VDD_PULSE", "cornername": "CMOS_RES_CAP_TEMP_23", "point": 25, "logfile": "/home/saul/projects/IL2244_VT26_SAUL/logs_saul/logs0/Job38.log", "nodename": "edatools", "domainname": "(none)", "machine": "x86_64", "sysname": "Linux", "release": "6.17.0-29-generic", "version": "#29~24.04.1-Ubuntu SMP PREEMPT_DYNAMIC Mon May 11 10:30:58 UTC 2"}
[2026-05-26 08:17:51.940 Z] [PROCESS] [cadence.virtuoso.ade.simulationMonitor] - UsageInfo:
pid=229924
totalPhysicalMemory=62.544987GB,Used=43.951061GB,totalVirtualMemory=70.544983GB,Used=43.951061GB
Cpu: Cores=16, Load average:6.160000,5.270000,4.330000 {"hostname": "edatools", "processid": 229924, "history": "Interactive.76", "testname": "TRAN_VDD_PULSE", "cornername": "CMOS_RES_CAP_TEMP_23", "point": 25, "logfile": "/home/saul/projects/IL2244_VT26_SAUL/logs_saul/logs0/Job38.log", "pid": "229924", "totalPhysicalMemory": "62.544987", "physicalMemoryUsed": "43.951061", "totalVirtualMemory": "70.544983", "virtualMemoryUsed": "43.951061", "cpuCores": "16", "processes": "1690", "loadAverage1": "6.160000", "loadAverage5": "5.270000", "loadAverage15": "4.330000", "loadAverage1Percent": "0.385000"}
[2026-05-26 08:17:51.940 Z] [EVENT] [cadence.virtuoso.ade.simulationMonitor] - NewPoint {"history": "Interactive.76", "point": 31, "testname": "TRAN_VDD_PULSE", "cornername": "CMOS_RES_CAP_TEMP_29", "event": "NewPoint", "EventSource": "Simulation Monitor", "HistoryName": "Interactive.76", "logFile": "/home/saul/projects/IL2244_VT26_SAUL/logs_saul/logs0/Job38.log", "logFileSize": "218097"}
[2026-05-26 08:17:52.041 Z] [EVENT] [cadence.virtuoso.ade.simulationMonitor] - NewPoint {"history": "Interactive.76", "point": 31, "testname": "TRAN_VDD_PULSE", "cornername": "CMOS_RES_CAP_TEMP_29", "event": "NewPoint", "EventSource": "spectre", "HistoryName": "Interactive.76", "logFile": "/home/saul/projects/IL2244_VT26_SAUL/Sim/FECG/fecg_front_end_tran_tb/maestro/results/maestro/Interactive.76/31/TRAN_VDD_PULSE/psf/spectre.out", "logFileSize": "-1"}
[2026-05-26 08:17:52.044 Z] [PROCESS] [cadence.virtuoso.ade.simulationMonitor] - Simulator launched {"hostname": "edatools", "processid": 229924, "history": "Interactive.76", "testname": "TRAN_VDD_PULSE", "cornername": "CMOS_RES_CAP_TEMP_29", "point": 31, "logfile": "/home/saul/projects/IL2244_VT26_SAUL/logs_saul/logs0/Job38.log", "simid": "6"}
[2026-05-26 08:17:52.055 Z] [PROCESS] [cadence.virtuoso.ade.simulationMonitor] - Started Simulation {"hostname": "edatools", "processid": 229924, "history": "Interactive.76", "testname": "TRAN_VDD_PULSE", "cornername": "CMOS_RES_CAP_TEMP_29", "point": 31, "logfile": "/home/saul/projects/IL2244_VT26_SAUL/logs_saul/logs0/Job38.log", "event": "started", "task": "simulation"}
[2026-05-26 08:17:52.556 Z] [INFO] [cadence.virtuoso.ade.simulationMonitor] - Notice from spectre during circuit read-in.
    Pre_Configuration file used: /opt/tools/cadence/installs/SPECTRE241/tools.lnx86/spectre/etc/configs/preset.precfg
    Configuration file used: `/opt/tools/cadence/installs/SPECTRE241/tools.lnx86/spectre/etc/configs/preset.cfg'. {"history": "Interactive.76", "point": 31, "testname": "TRAN_VDD_PULSE", "cornername": "CMOS_RES_CAP_TEMP_29"}
[2026-05-26 08:17:52.556 Z] [WARN] [cadence.virtuoso.ade.simulationMonitor] -     WARNING (SPECTRE-8360): line 1511: `ac' is an undefined primitive device. {"history": "Interactive.76", "point": 31, "testname": "TRAN_VDD_PULSE", "cornername": "CMOS_RES_CAP_TEMP_29"}
[2026-05-26 08:17:52.556 Z] [WARN] [cadence.virtuoso.ade.simulationMonitor] -     WARNING (SPECTRE-8360): line 1512: `ac' is an undefined primitive device. {"history": "Interactive.76", "point": 31, "testname": "TRAN_VDD_PULSE", "cornername": "CMOS_RES_CAP_TEMP_29"}
[2026-05-26 08:17:52.556 Z] [WARN] [cadence.virtuoso.ade.simulationMonitor] -     WARNING (SPECTRE-8360): line 1513: `ac' is an undefined primitive device. {"history": "Interactive.76", "point": 31, "testname": "TRAN_VDD_PULSE", "cornername": "CMOS_RES_CAP_TEMP_29"}
[2026-05-26 08:17:52.557 Z] [WARN] [cadence.virtuoso.ade.simulationMonitor] -     WARNING (SPECTRE-8360): line 1514: `ac' is an undefined primitive device. {"history": "Interactive.76", "point": 31, "testname": "TRAN_VDD_PULSE", "cornername": "CMOS_RES_CAP_TEMP_29"}
[2026-05-26 08:17:52.557 Z] [WARN] [cadence.virtuoso.ade.simulationMonitor] -     WARNING (SPECTRE-8360): line 1515: `ac' is an undefined primitive device.
        Further occurrences of this warning will be suppressed. {"history": "Interactive.76", "point": 31, "testname": "TRAN_VDD_PULSE", "cornername": "CMOS_RES_CAP_TEMP_29"}
[2026-05-26 08:17:52.557 Z] [INFO] [cadence.virtuoso.ade.simulationMonitor] - Peak resident memory used = 173 Mbytes. {"history": "Interactive.76", "point": 31, "testname": "TRAN_VDD_PULSE", "cornername": "CMOS_RES_CAP_TEMP_29"}
[2026-05-26 08:17:52.557 Z] [WARN] [cadence.virtuoso.ade.simulationMonitor] -     WARNING (VACOMP-2435): The environment variable CDS_AHDLCMI_ENABLE is no longer supported. Therefore, the simulator will use the default compiled C code flow. {"history": "Interactive.76", "point": 31, "testname": "TRAN_VDD_PULSE", "cornername": "CMOS_RES_CAP_TEMP_29"}
[2026-05-26 08:17:52.557 Z] [WARN] [cadence.virtuoso.ade.simulationMonitor] -     WARNING (SFE-3014): The floating device I19.I0.I5.MN14<0>_turbo_m4 is removed. {"history": "Interactive.76", "point": 31, "testname": "TRAN_VDD_PULSE", "cornername": "CMOS_RES_CAP_TEMP_29"}
[2026-05-26 08:17:52.557 Z] [WARN] [cadence.virtuoso.ade.simulationMonitor] -     WARNING (SFE-3012): The dummy device I19.I4.MP16<0>_turbo_m41 is removed. {"history": "Interactive.76", "point": 31, "testname": "TRAN_VDD_PULSE", "cornername": "CMOS_RES_CAP_TEMP_29"}
[2026-05-26 08:17:52.557 Z] [WARN] [cadence.virtuoso.ade.simulationMonitor] -     WARNING (SFE-3014): The floating device I19.I8.MN57<0>_turbo_m28 is removed. {"history": "Interactive.76", "point": 31, "testname": "TRAN_VDD_PULSE", "cornername": "CMOS_RES_CAP_TEMP_29"}
[2026-05-26 08:17:52.557 Z] [WARN] [cadence.virtuoso.ade.simulationMonitor] -     WARNING (SFE-3012): The dummy device I19.I14.MP13<0>_turbo_m4 is removed. {"history": "Interactive.76", "point": 31, "testname": "TRAN_VDD_PULSE", "cornername": "CMOS_RES_CAP_TEMP_29"}
[2026-05-26 08:17:52.557 Z] [WARN] [cadence.virtuoso.ade.simulationMonitor] -     WARNING (SFE-3031): The floating capacitor I19.I12.C10<0>_turbo_m12.C1 is removed. {"history": "Interactive.76", "point": 31, "testname": "TRAN_VDD_PULSE", "cornername": "CMOS_RES_CAP_TEMP_29"}
[2026-05-26 08:17:52.557 Z] [WARN] [cadence.virtuoso.ade.simulationMonitor] -     WARNING (SFE-3014): The floating device I19.I2.MN37<0>_turbo_m4 is removed. {"history": "Interactive.76", "point": 31, "testname": "TRAN_VDD_PULSE", "cornername": "CMOS_RES_CAP_TEMP_29"}
[2026-05-26 08:17:52.557 Z] [WARN] [cadence.virtuoso.ade.simulationMonitor] -     WARNING (SFE-3012): The dummy device I19.I0.I5.MP12<0>_turbo_m2 is removed. {"history": "Interactive.76", "point": 31, "testname": "TRAN_VDD_PULSE", "cornername": "CMOS_RES_CAP_TEMP_29"}
[2026-05-26 08:17:52.557 Z] [WARN] [cadence.virtuoso.ade.simulationMonitor] -     WARNING (SFE-3014): The floating device I19.I0.MN13<0>_turbo_m4 is removed. {"history": "Interactive.76", "point": 31, "testname": "TRAN_VDD_PULSE", "cornername": "CMOS_RES_CAP_TEMP_29"}
[2026-05-26 08:17:52.557 Z] [WARN] [cadence.virtuoso.ade.simulationMonitor] -     WARNING (SFE-3012): The dummy device I19.I0.I3.MP13<0>_turbo_m4 is removed. {"history": "Interactive.76", "point": 31, "testname": "TRAN_VDD_PULSE", "cornername": "CMOS_RES_CAP_TEMP_29"}
[2026-05-26 08:17:52.558 Z] [WARN] [cadence.virtuoso.ade.simulationMonitor] -     WARNING (SFE-3031): The floating capacitor I19.I12.C6<0>_turbo_m3.C1 is removed. {"history": "Interactive.76", "point": 31, "testname": "TRAN_VDD_PULSE", "cornername": "CMOS_RES_CAP_TEMP_29"}
[2026-05-26 08:17:52.558 Z] [WARN] [cadence.virtuoso.ade.simulationMonitor] -     WARNING (SFE-3012): The dummy device I19.I0.MP11<0>_turbo_m4 is removed.
        Further occurrences of this warning will be suppressed. {"history": "Interactive.76", "point": 31, "testname": "TRAN_VDD_PULSE", "cornername": "CMOS_RES_CAP_TEMP_29"}
[2026-05-26 08:17:52.558 Z] [WARN] [cadence.virtuoso.ade.simulationMonitor] -     WARNING (SFE-3031): The floating capacitor I19.I11.C7<0>_turbo_m3.C1 is removed. {"history": "Interactive.76", "point": 31, "testname": "TRAN_VDD_PULSE", "cornername": "CMOS_RES_CAP_TEMP_29"}
[2026-05-26 08:17:52.558 Z] [WARN] [cadence.virtuoso.ade.simulationMonitor] -     WARNING (SFE-3014): The floating device I19.I12.MN57<0>_turbo_m28 is removed.
        Further occurrences of this warning will be suppressed. {"history": "Interactive.76", "point": 31, "testname": "TRAN_VDD_PULSE", "cornername": "CMOS_RES_CAP_TEMP_29"}
[2026-05-26 08:17:52.558 Z] [WARN] [cadence.virtuoso.ade.simulationMonitor] -     WARNING (SFE-3031): The floating capacitor I19.I11.C10<0>_turbo_m12.C1 is removed. {"history": "Interactive.76", "point": 31, "testname": "TRAN_VDD_PULSE", "cornername": "CMOS_RES_CAP_TEMP_29"}
[2026-05-26 08:17:52.558 Z] [WARN] [cadence.virtuoso.ade.simulationMonitor] -     WARNING (SFE-3031): The floating capacitor I19.I12.C7<0>_turbo_m3.C1 is removed.
        Further occurrences of this warning will be suppressed. {"history": "Interactive.76", "point": 31, "testname": "TRAN_VDD_PULSE", "cornername": "CMOS_RES_CAP_TEMP_29"}
[2026-05-26 08:17:52.558 Z] [INFO] [cadence.virtuoso.ade.simulationMonitor] - Notice from spectre during hierarchy flattening.
    The value 'psf' specified for the 'checklimitdest' option will no longer be supported in future releases. Use 'spectre -h' to see other recommended values for the 'checklimitdest' option. {"history": "Interactive.76", "point": 31, "testname": "TRAN_VDD_PULSE", "cornername": "CMOS_RES_CAP_TEMP_29"}
[2026-05-26 08:17:52.558 Z] [INFO] [cadence.virtuoso.ade.simulationMonitor] - Peak resident memory used = 189 Mbytes. {"history": "Interactive.76", "point": 31, "testname": "TRAN_VDD_PULSE", "cornername": "CMOS_RES_CAP_TEMP_29"}
[2026-05-26 08:17:52.558 Z] [INFO] [cadence.virtuoso.ade.simulationMonitor] - Notice from spectre during hierarchy flattening.
    The value 'psf' specified for the 'checklimitdest' option will no longer be supported in future releases. Use 'spectre -h' to see other recommended values for the 'checklimitdest' option.
    I19.I0.R10.CS0 of rpolyhc: `c' has the unusually small value of 0 F.
    I19.I0.R10.CS1 of rpolyhc: `c' has the unusually small value of 0 F.
    I19.I0.R9.CS0 of rpolyhc: `c' has the unusually small value of 0 F.
    I19.I0.R9.CS1 of rpolyhc: `c' has the unusually ... {"history": "Interactive.76", "point": 31, "testname": "TRAN_VDD_PULSE", "cornername": "CMOS_RES_CAP_TEMP_29"}
[2026-05-26 08:17:52.558 Z] [INFO] [cadence.virtuoso.ade.simulationMonitor] - Notice from spectre during hierarchy flattening.
    V17: `period' has the unusually large value of 20 s.
    V17: `width' has the unusually large value of 19 s.
    V16: `period' has the unusually large value of 10 s.
    V16: `width' has the unusually large value of 9 s.
    V9: `period' has the unusually large value of 10 s.
        Further occurrences of this notice will be suppressed. {"history": "Interactive.76", "point": 31, "testname": "TRAN_VDD_PULSE", "cornername": "CMOS_RES_CAP_TEMP_29"}
[2026-05-26 08:17:52.558 Z] [INFO] [cadence.virtuoso.ade.simulationMonitor] - Peak resident memory used = 192 Mbytes. {"history": "Interactive.76", "point": 31, "testname": "TRAN_VDD_PULSE", "cornername": "CMOS_RES_CAP_TEMP_29"}
[2026-05-26 08:17:52.559 Z] [WARN] [cadence.virtuoso.ade.simulationMonitor] -     WARNING (CMI-2425): I19.I0.C2: `Acde' = 2.393 is unusually large. {"history": "Interactive.76", "point": 31, "testname": "TRAN_VDD_PULSE", "cornername": "CMOS_RES_CAP_TEMP_29"}
[2026-05-26 08:17:52.559 Z] [WARN] [cadence.virtuoso.ade.simulationMonitor] -     WARNING (CMI-2425): I19.I0.C2: `Noff' = 4.732 is unusually large. {"history": "Interactive.76", "point": 31, "testname": "TRAN_VDD_PULSE", "cornername": "CMOS_RES_CAP_TEMP_29"}
[2026-05-26 08:17:52.559 Z] [WARN] [cadence.virtuoso.ade.simulationMonitor] -     WARNING (CMI-2424): I19.I0.C2: `Voffcv' = -867.4e-03 is unusually small. {"history": "Interactive.76", "point": 31, "testname": "TRAN_VDD_PULSE", "cornername": "CMOS_RES_CAP_TEMP_29"}
[2026-05-26 08:17:52.559 Z] [WARN] [cadence.virtuoso.ade.simulationMonitor] -     WARNING (CMI-2425): I19.I0.C3: `Acde' = 2.393 is unusually large. {"history": "Interactive.76", "point": 31, "testname": "TRAN_VDD_PULSE", "cornername": "CMOS_RES_CAP_TEMP_29"}
[2026-05-26 08:17:52.559 Z] [WARN] [cadence.virtuoso.ade.simulationMonitor] -     WARNING (CMI-2425): I19.I0.C3: `Noff' = 4.732 is unusually large. {"history": "Interactive.76", "point": 31, "testname": "TRAN_VDD_PULSE", "cornername": "CMOS_RES_CAP_TEMP_29"}
[2026-05-26 08:17:52.559 Z] [WARN] [cadence.virtuoso.ade.simulationMonitor] -     WARNING (CMI-2424): I19.I0.C3: `Voffcv' = -867.4e-03 is unusually small. {"history": "Interactive.76", "point": 31, "testname": "TRAN_VDD_PULSE", "cornername": "CMOS_RES_CAP_TEMP_29"}
[2026-05-26 08:17:52.559 Z] [WARN] [cadence.virtuoso.ade.simulationMonitor] -     WARNING (CMI-2425): I19.I0.C0: `Acde' = 2.393 is unusually large.
        Further occurrences of this warning will be suppressed. {"history": "Interactive.76", "point": 31, "testname": "TRAN_VDD_PULSE", "cornername": "CMOS_RES_CAP_TEMP_29"}
[2026-05-26 08:17:52.559 Z] [WARN] [cadence.virtuoso.ade.simulationMonitor] -     WARNING (CMI-2424): I19.I0.C0: `Voffcv' = -867.4e-03 is unusually small. {"history": "Interactive.76", "point": 31, "testname": "TRAN_VDD_PULSE", "cornername": "CMOS_RES_CAP_TEMP_29"}
[2026-05-26 08:17:52.559 Z] [WARN] [cadence.virtuoso.ade.simulationMonitor] -     WARNING (CMI-2424): I19.I0.I3.C1: `Voffcv' = -867.4e-03 is unusually small. {"history": "Interactive.76", "point": 31, "testname": "TRAN_VDD_PULSE", "cornername": "CMOS_RES_CAP_TEMP_29"}
[2026-05-26 08:17:52.559 Z] [WARN] [cadence.virtuoso.ade.simulationMonitor] -     WARNING (CMI-2424): I19.I0.C1<0>_turbo_m5: `Voffcv' = -867.4e-03 is unusually small.
        Further occurrences of this warning will be suppressed. {"history": "Interactive.76", "point": 31, "testname": "TRAN_VDD_PULSE", "cornername": "CMOS_RES_CAP_TEMP_29"}
[2026-05-26 08:17:52.559 Z] [WARN] [cadence.virtuoso.ade.simulationMonitor] -     WARNING (SPECTRE-17607): Assert `SOAC_rpolyh_vminuspsub' is ignored because it contains an expression which is invalid or not supported by native evaluator.  {"history": "Interactive.76", "point": 31, "testname": "TRAN_VDD_PULSE", "cornername": "CMOS_RES_CAP_TEMP_29"}
[2026-05-26 08:17:52.559 Z] [WARN] [cadence.virtuoso.ade.simulationMonitor] -     WARNING (SPECTRE-17607): Assert `SOAC_rpolyh_vpluspsub' is ignored because it contains an expression which is invalid or not supported by native evaluator.  {"history": "Interactive.76", "point": 31, "testname": "TRAN_VDD_PULSE", "cornername": "CMOS_RES_CAP_TEMP_29"}
[2026-05-26 08:17:52.559 Z] [WARN] [cadence.virtuoso.ade.simulationMonitor] -     WARNING (SPECTRE-16460): SOAC_cvarm_vspsub:Specified subcircuit master `cvarm' was not found. {"history": "Interactive.76", "point": 31, "testname": "TRAN_VDD_PULSE", "cornername": "CMOS_RES_CAP_TEMP_29"}
[2026-05-26 08:17:52.560 Z] [WARN] [cadence.virtuoso.ade.simulationMonitor] -     WARNING (SPECTRE-16462): SOAC_cvarm_vspsub:Error in specification of subcircuit master. Assert is ignored. {"history": "Interactive.76", "point": 31, "testname": "TRAN_VDD_PULSE", "cornername": "CMOS_RES_CAP_TEMP_29"}
[2026-05-26 08:17:52.560 Z] [WARN] [cadence.virtuoso.ade.simulationMonitor] -     WARNING (SPECTRE-16460): SOAC_cvarm_vbs:Specified subcircuit master `cvarm' was not found. {"history": "Interactive.76", "point": 31, "testname": "TRAN_VDD_PULSE", "cornername": "CMOS_RES_CAP_TEMP_29"}
[2026-05-26 08:17:52.560 Z] [WARN] [cadence.virtuoso.ade.simulationMonitor] -     WARNING (SPECTRE-16462): SOAC_cvarm_vbs:Error in specification of subcircuit master. Assert is ignored. {"history": "Interactive.76", "point": 31, "testname": "TRAN_VDD_PULSE", "cornername": "CMOS_RES_CAP_TEMP_29"}
[2026-05-26 08:17:52.560 Z] [WARN] [cadence.virtuoso.ade.simulationMonitor] -     WARNING (SPECTRE-16460): SOAC_cvarm_vgb:Specified subcircuit master `cvarm' was not found. {"history": "Interactive.76", "point": 31, "testname": "TRAN_VDD_PULSE", "cornername": "CMOS_RES_CAP_TEMP_29"}
[2026-05-26 08:17:52.560 Z] [WARN] [cadence.virtuoso.ade.simulationMonitor] -     WARNING (SPECTRE-16462): SOAC_cvarm_vgb:Error in specification of subcircuit master. Assert is ignored. {"history": "Interactive.76", "point": 31, "testname": "TRAN_VDD_PULSE", "cornername": "CMOS_RES_CAP_TEMP_29"}
[2026-05-26 08:17:52.560 Z] [WARN] [cadence.virtuoso.ade.simulationMonitor] -     WARNING (SPECTRE-16460): SOAC_cvart_vspsub:Specified subcircuit master `cvart' was not found. {"history": "Interactive.76", "point": 31, "testname": "TRAN_VDD_PULSE", "cornername": "CMOS_RES_CAP_TEMP_29"}
[2026-05-26 08:17:52.560 Z] [WARN] [cadence.virtuoso.ade.simulationMonitor] -     WARNING (SPECTRE-16462): SOAC_cvart_vspsub:Error in specification of subcircuit master. Assert is ignored. {"history": "Interactive.76", "point": 31, "testname": "TRAN_VDD_PULSE", "cornername": "CMOS_RES_CAP_TEMP_29"}
[2026-05-26 08:17:52.560 Z] [WARN] [cadence.virtuoso.ade.simulationMonitor] -     WARNING (SPECTRE-16460): SOAC_cvart_vbs:Specified subcircuit master `cvart' was not found.
        Further occurrences of this warning will be suppressed. {"history": "Interactive.76", "point": 31, "testname": "TRAN_VDD_PULSE", "cornername": "CMOS_RES_CAP_TEMP_29"}
[2026-05-26 08:17:52.560 Z] [WARN] [cadence.virtuoso.ade.simulationMonitor] -     WARNING (SPECTRE-16462): SOAC_cvart_vbs:Error in specification of subcircuit master. Assert is ignored.
        Further occurrences of this warning will be suppressed. {"history": "Interactive.76", "point": 31, "testname": "TRAN_VDD_PULSE", "cornername": "CMOS_RES_CAP_TEMP_29"}
[2026-05-26 08:17:52.560 Z] [WARN] [cadence.virtuoso.ade.simulationMonitor] -     WARNING (SPECTRE-17607): Assert `SOAC_cvar_vspsub' is ignored because it contains an expression which is invalid or not supported by native evaluator.  {"history": "Interactive.76", "point": 31, "testname": "TRAN_VDD_PULSE", "cornername": "CMOS_RES_CAP_TEMP_29"}
[2026-05-26 08:17:52.560 Z] [WARN] [cadence.virtuoso.ade.simulationMonitor] -     WARNING (SPECTRE-17607): Assert `SOAC_cvar_vbpsub' is ignored because it contains an expression which is invalid or not supported by native evaluator.  {"history": "Interactive.76", "point": 31, "testname": "TRAN_VDD_PULSE", "cornername": "CMOS_RES_CAP_TEMP_29"}
[2026-05-26 08:17:52.560 Z] [WARN] [cadence.virtuoso.ade.simulationMonitor] -     WARNING (SPECTRE-17607): Assert `SOAC_cvar_vgpsub' is ignored because it contains an expression which is invalid or not supported by native evaluator. 
        Further occurrences of this warning will be suppressed. {"history": "Interactive.76", "point": 31, "testname": "TRAN_VDD_PULSE", "cornername": "CMOS_RES_CAP_TEMP_29"}
[2026-05-26 08:17:53.061 Z] [INFO] [cadence.virtuoso.ade.simulationMonitor] - Notice from spectre during topology check.
    No DC path from node `net19' to ground, Gmin installed to provide path. {"history": "Interactive.76", "point": 31, "testname": "TRAN_VDD_PULSE", "cornername": "CMOS_RES_CAP_TEMP_29"}
[2026-05-26 08:17:53.061 Z] [INFO] [cadence.virtuoso.ade.simulationMonitor] - Notice from spectre during initial setup.
    Multithreading is disabled due to the size of the design being too small. {"history": "Interactive.76", "point": 31, "testname": "TRAN_VDD_PULSE", "cornername": "CMOS_RES_CAP_TEMP_29"}
[2026-05-26 08:17:53.061 Z] [WARN] [cadence.virtuoso.ade.simulationMonitor] -     WARNING (SPECTRE-592): Following parameters are disabled because they are ignored or redefined in Spectre X:
        Option Parameters:
          reltol
        
         {"history": "Interactive.76", "point": 31, "testname": "TRAN_VDD_PULSE", "cornername": "CMOS_RES_CAP_TEMP_29"}
[2026-05-26 08:17:53.061 Z] [INFO] [cadence.virtuoso.ade.simulationMonitor] -               nodes 784 {"history": "Interactive.76", "point": 31, "testname": "TRAN_VDD_PULSE", "cornername": "CMOS_RES_CAP_TEMP_29"}
[2026-05-26 08:17:53.061 Z] [INFO] [cadence.virtuoso.ade.simulationMonitor] - Notice from spectre during initial setup.
    4 vsources are shorted because their absolute value is less than or equal to 'vabsshort'.
    Spectre X preset=vx enabled.
    18 notices suppressed.
    154 warnings suppressed. {"history": "Interactive.76", "point": 31, "testname": "TRAN_VDD_PULSE", "cornername": "CMOS_RES_CAP_TEMP_29"}
[2026-05-26 08:17:53.061 Z] [INFO] [cadence.virtuoso.ade.simulationMonitor] - Peak resident memory used = 213 Mbytes. {"history": "Interactive.76", "point": 31, "testname": "TRAN_VDD_PULSE", "cornername": "CMOS_RES_CAP_TEMP_29"}
[2026-05-26 08:17:53.062 Z] [INFO] [cadence.virtuoso.ade.simulationMonitor] -    -   (Spectre X) Multi-threading. The recommended number of threads is 1, consider adding +mt=1 on command line. {"history": "Interactive.76", "point": 31, "testname": "TRAN_VDD_PULSE", "cornername": "CMOS_RES_CAP_TEMP_29"}
[2026-05-26 08:17:53.062 Z] [INFO] [cadence.virtuoso.ade.simulationMonitor] - Notice from spectre during DC analysis `dcOp'.
    No checklimit analysis defined for asserts. A default checklimit analysis 'SpectreChecklimitAnal' has been created with all asserts enabled. {"history": "Interactive.76", "point": 31, "testname": "TRAN_VDD_PULSE", "cornername": "CMOS_RES_CAP_TEMP_29"}
[2026-05-26 08:17:53.062 Z] [INFO] [cadence.virtuoso.ade.simulationMonitor] - Notice from spectre during DC analysis `dcOp'.
    GminDC = 1 pS is large enough to noticeably affect the DC solution.
        dV(I19.I2.C1.d1) = 1.51853 mV
        Use the `gmin_check' option to eliminate or expand this report. {"history": "Interactive.76", "point": 31, "testname": "TRAN_VDD_PULSE", "cornername": "CMOS_RES_CAP_TEMP_29"}
[2026-05-26 08:17:53.062 Z] [WARN] [cadence.virtuoso.ade.simulationMonitor] -     WARNING (CMI-2943): Parameter checks have been ignored because the valid value for parameter 'trise' could not be found in 'C0'. {"history": "Interactive.76", "point": 31, "testname": "TRAN_VDD_PULSE", "cornername": "CMOS_RES_CAP_TEMP_29"}
[2026-05-26 08:17:53.062 Z] [WARN] [cadence.virtuoso.ade.simulationMonitor] -     WARNING (CMI-2943): Parameter checks have been ignored because the valid value for parameter 'trise' could not be found in 'C3'. {"history": "Interactive.76", "point": 31, "testname": "TRAN_VDD_PULSE", "cornername": "CMOS_RES_CAP_TEMP_29"}
[2026-05-26 08:17:53.062 Z] [WARN] [cadence.virtuoso.ade.simulationMonitor] -     WARNING (CMI-2943): Parameter checks have been ignored because the valid value for parameter 'trise' could not be found in 'C4'. {"history": "Interactive.76", "point": 31, "testname": "TRAN_VDD_PULSE", "cornername": "CMOS_RES_CAP_TEMP_29"}
[2026-05-26 08:17:53.062 Z] [WARN] [cadence.virtuoso.ade.simulationMonitor] -     WARNING (CMI-2943): Parameter checks have been ignored because the valid value for parameter 'trise' could not be found in 'C5'. {"history": "Interactive.76", "point": 31, "testname": "TRAN_VDD_PULSE", "cornername": "CMOS_RES_CAP_TEMP_29"}
[2026-05-26 08:17:53.062 Z] [WARN] [cadence.virtuoso.ade.simulationMonitor] -     WARNING (CMI-2943): Parameter checks have been ignored because the valid value for parameter 'trise' could not be found in 'I19.I4.C9<0>_turbo_m6.C1'.
        Further occurrences of this warning will be suppressed. {"history": "Interactive.76", "point": 31, "testname": "TRAN_VDD_PULSE", "cornername": "CMOS_RES_CAP_TEMP_29"}
[2026-05-26 08:17:53.062 Z] [INFO] [cadence.virtuoso.ade.simulationMonitor] - Total time required for dc analysis `dcOp': CPU = 51.297 ms, elapsed = 68.903 ms, util. = 74.4%. {"history": "Interactive.76", "point": 31, "testname": "TRAN_VDD_PULSE", "cornername": "CMOS_RES_CAP_TEMP_29"}
[2026-05-26 08:17:53.062 Z] [INFO] [cadence.virtuoso.ade.simulationMonitor] - Peak resident memory used = 223 Mbytes. {"history": "Interactive.76", "point": 31, "testname": "TRAN_VDD_PULSE", "cornername": "CMOS_RES_CAP_TEMP_29"}
[2026-05-26 08:17:53.062 Z] [INFO] [cadence.virtuoso.ade.simulationMonitor] - Notice from spectre.
    308 warnings suppressed. {"history": "Interactive.76", "point": 31, "testname": "TRAN_VDD_PULSE", "cornername": "CMOS_RES_CAP_TEMP_29"}
[2026-05-26 08:17:53.062 Z] [INFO] [cadence.virtuoso.ade.simulationMonitor] - Notice from spectre during IC analysis, during transient analysis `tran'.
    GminDC = 1 pS is large enough to noticeably affect the DC solution.
        dV(I19.I2.C1.d1) = 1.51853 mV
        Use the `gmin_check' option to eliminate or expand this report. {"history": "Interactive.76", "point": 31, "testname": "TRAN_VDD_PULSE", "cornername": "CMOS_RES_CAP_TEMP_29"}
[2026-05-26 08:17:53.063 Z] [WARN] [cadence.virtuoso.ade.simulationMonitor] -     WARNING (CMI-2943): Parameter checks have been ignored because the valid value for parameter 'trise' could not be found in 'C0'. {"history": "Interactive.76", "point": 31, "testname": "TRAN_VDD_PULSE", "cornername": "CMOS_RES_CAP_TEMP_29"}
[2026-05-26 08:17:53.063 Z] [WARN] [cadence.virtuoso.ade.simulationMonitor] -     WARNING (CMI-2943): Parameter checks have been ignored because the valid value for parameter 'trise' could not be found in 'C3'. {"history": "Interactive.76", "point": 31, "testname": "TRAN_VDD_PULSE", "cornername": "CMOS_RES_CAP_TEMP_29"}
[2026-05-26 08:17:53.063 Z] [WARN] [cadence.virtuoso.ade.simulationMonitor] -     WARNING (CMI-2943): Parameter checks have been ignored because the valid value for parameter 'trise' could not be found in 'C4'. {"history": "Interactive.76", "point": 31, "testname": "TRAN_VDD_PULSE", "cornername": "CMOS_RES_CAP_TEMP_29"}
[2026-05-26 08:17:53.063 Z] [WARN] [cadence.virtuoso.ade.simulationMonitor] -     WARNING (CMI-2943): Parameter checks have been ignored because the valid value for parameter 'trise' could not be found in 'C5'. {"history": "Interactive.76", "point": 31, "testname": "TRAN_VDD_PULSE", "cornername": "CMOS_RES_CAP_TEMP_29"}
[2026-05-26 08:17:53.063 Z] [WARN] [cadence.virtuoso.ade.simulationMonitor] -     WARNING (CMI-2943): Parameter checks have been ignored because the valid value for parameter 'trise' could not be found in 'I19.I4.C9<0>_turbo_m6.C1'.
        Further occurrences of this warning will be suppressed. {"history": "Interactive.76", "point": 31, "testname": "TRAN_VDD_PULSE", "cornername": "CMOS_RES_CAP_TEMP_29"}
[2026-05-26 08:17:53.063 Z] [INFO] [cadence.virtuoso.ade.simulationMonitor] - Notice from spectre during transient analysis `tran'.
    Output compression for transient analysis is enabled. {"history": "Interactive.76", "point": 31, "testname": "TRAN_VDD_PULSE", "cornername": "CMOS_RES_CAP_TEMP_29"}
[2026-05-26 08:17:53.063 Z] [INFO] [cadence.virtuoso.ade.simulationMonitor] - Notice from spectre during transient analysis `tran'.
    Multithreading is disabled due to the size of the design being too small. {"history": "Interactive.76", "point": 31, "testname": "TRAN_VDD_PULSE", "cornername": "CMOS_RES_CAP_TEMP_29"}
[2026-05-26 08:18:51.577 Z] [INFO] [cadence.virtuoso.ade.simulationMonitor] - Total time required for tran analysis `tran': CPU = 58.0055 s, elapsed = 58.2258 s, util. = 99.6%. {"history": "Interactive.76", "point": 31, "testname": "TRAN_VDD_PULSE", "cornername": "CMOS_RES_CAP_TEMP_29"}
[2026-05-26 08:18:51.577 Z] [INFO] [cadence.virtuoso.ade.simulationMonitor] - Peak resident memory used = 230 Mbytes. {"history": "Interactive.76", "point": 31, "testname": "TRAN_VDD_PULSE", "cornername": "CMOS_RES_CAP_TEMP_29"}
[2026-05-26 08:18:51.577 Z] [INFO] [cadence.virtuoso.ade.simulationMonitor] - Notice from spectre.
    308 warnings suppressed. {"history": "Interactive.76", "point": 31, "testname": "TRAN_VDD_PULSE", "cornername": "CMOS_RES_CAP_TEMP_29"}
[2026-05-26 08:18:51.577 Z] [WARN] [cadence.virtuoso.ade.simulationMonitor] -     WARNING (CMI-2425): I19.I2.C1: `Acde' = 2.393 is unusually large. {"history": "Interactive.76", "point": 31, "testname": "TRAN_VDD_PULSE", "cornername": "CMOS_RES_CAP_TEMP_29"}
[2026-05-26 08:18:51.577 Z] [WARN] [cadence.virtuoso.ade.simulationMonitor] -     WARNING (CMI-2425): I19.I2.C1: `Noff' = 4.732 is unusually large. {"history": "Interactive.76", "point": 31, "testname": "TRAN_VDD_PULSE", "cornername": "CMOS_RES_CAP_TEMP_29"}
[2026-05-26 08:18:51.577 Z] [WARN] [cadence.virtuoso.ade.simulationMonitor] -     WARNING (CMI-2424): I19.I2.C1: `Voffcv' = -867.4e-03 is unusually small. {"history": "Interactive.76", "point": 31, "testname": "TRAN_VDD_PULSE", "cornername": "CMOS_RES_CAP_TEMP_29"}
[2026-05-26 08:18:51.578 Z] [WARN] [cadence.virtuoso.ade.simulationMonitor] -     WARNING (CMI-2425): I19.I8.C0: `Acde' = 2.393 is unusually large. {"history": "Interactive.76", "point": 31, "testname": "TRAN_VDD_PULSE", "cornername": "CMOS_RES_CAP_TEMP_29"}
[2026-05-26 08:18:51.578 Z] [WARN] [cadence.virtuoso.ade.simulationMonitor] -     WARNING (CMI-2425): I19.I8.C0: `Noff' = 4.732 is unusually large. {"history": "Interactive.76", "point": 31, "testname": "TRAN_VDD_PULSE", "cornername": "CMOS_RES_CAP_TEMP_29"}
[2026-05-26 08:18:51.578 Z] [WARN] [cadence.virtuoso.ade.simulationMonitor] -     WARNING (CMI-2424): I19.I8.C0: `Voffcv' = -867.4e-03 is unusually small. {"history": "Interactive.76", "point": 31, "testname": "TRAN_VDD_PULSE", "cornername": "CMOS_RES_CAP_TEMP_29"}
[2026-05-26 08:18:51.578 Z] [WARN] [cadence.virtuoso.ade.simulationMonitor] -     WARNING (CMI-2425): I19.I8.C1: `Acde' = 2.393 is unusually large.
        Further occurrences of this warning will be suppressed. {"history": "Interactive.76", "point": 31, "testname": "TRAN_VDD_PULSE", "cornername": "CMOS_RES_CAP_TEMP_29"}
[2026-05-26 08:18:51.578 Z] [WARN] [cadence.virtuoso.ade.simulationMonitor] -     WARNING (CMI-2424): I19.I8.C1: `Voffcv' = -867.4e-03 is unusually small. {"history": "Interactive.76", "point": 31, "testname": "TRAN_VDD_PULSE", "cornername": "CMOS_RES_CAP_TEMP_29"}
[2026-05-26 08:18:51.578 Z] [WARN] [cadence.virtuoso.ade.simulationMonitor] -     WARNING (CMI-2424): I19.I14.C1: `Voffcv' = -867.4e-03 is unusually small. {"history": "Interactive.76", "point": 31, "testname": "TRAN_VDD_PULSE", "cornername": "CMOS_RES_CAP_TEMP_29"}
[2026-05-26 08:18:51.578 Z] [WARN] [cadence.virtuoso.ade.simulationMonitor] -     WARNING (CMI-2424): I19.I14.C4: `Voffcv' = -867.4e-03 is unusually small.
        Further occurrences of this warning will be suppressed. {"history": "Interactive.76", "point": 31, "testname": "TRAN_VDD_PULSE", "cornername": "CMOS_RES_CAP_TEMP_29"}
[2026-05-26 08:18:51.578 Z] [INFO] [cadence.virtuoso.ade.simulationMonitor] - Notice from spectre.
    56 warnings suppressed. {"history": "Interactive.76", "point": 31, "testname": "TRAN_VDD_PULSE", "cornername": "CMOS_RES_CAP_TEMP_29"}
[2026-05-26 08:18:51.578 Z] [WARN] [cadence.virtuoso.ade.simulationMonitor] -     WARNING (CMI-2425): I19.I2.C1: `Acde' = 2.393 is unusually large. {"history": "Interactive.76", "point": 31, "testname": "TRAN_VDD_PULSE", "cornername": "CMOS_RES_CAP_TEMP_29"}
[2026-05-26 08:18:51.578 Z] [WARN] [cadence.virtuoso.ade.simulationMonitor] -     WARNING (CMI-2425): I19.I2.C1: `Noff' = 4.732 is unusually large. {"history": "Interactive.76", "point": 31, "testname": "TRAN_VDD_PULSE", "cornername": "CMOS_RES_CAP_TEMP_29"}
[2026-05-26 08:18:51.578 Z] [WARN] [cadence.virtuoso.ade.simulationMonitor] -     WARNING (CMI-2424): I19.I2.C1: `Voffcv' = -867.4e-03 is unusually small. {"history": "Interactive.76", "point": 31, "testname": "TRAN_VDD_PULSE", "cornername": "CMOS_RES_CAP_TEMP_29"}
[2026-05-26 08:18:51.578 Z] [WARN] [cadence.virtuoso.ade.simulationMonitor] -     WARNING (CMI-2425): I19.I8.C0: `Acde' = 2.393 is unusually large. {"history": "Interactive.76", "point": 31, "testname": "TRAN_VDD_PULSE", "cornername": "CMOS_RES_CAP_TEMP_29"}
[2026-05-26 08:18:51.578 Z] [WARN] [cadence.virtuoso.ade.simulationMonitor] -     WARNING (CMI-2425): I19.I8.C0: `Noff' = 4.732 is unusually large. {"history": "Interactive.76", "point": 31, "testname": "TRAN_VDD_PULSE", "cornername": "CMOS_RES_CAP_TEMP_29"}
[2026-05-26 08:18:51.578 Z] [WARN] [cadence.virtuoso.ade.simulationMonitor] -     WARNING (CMI-2424): I19.I8.C0: `Voffcv' = -867.4e-03 is unusually small. {"history": "Interactive.76", "point": 31, "testname": "TRAN_VDD_PULSE", "cornername": "CMOS_RES_CAP_TEMP_29"}
[2026-05-26 08:18:51.578 Z] [WARN] [cadence.virtuoso.ade.simulationMonitor] -     WARNING (CMI-2425): I19.I8.C1: `Acde' = 2.393 is unusually large.
        Further occurrences of this warning will be suppressed. {"history": "Interactive.76", "point": 31, "testname": "TRAN_VDD_PULSE", "cornername": "CMOS_RES_CAP_TEMP_29"}
[2026-05-26 08:18:51.578 Z] [WARN] [cadence.virtuoso.ade.simulationMonitor] -     WARNING (CMI-2424): I19.I8.C1: `Voffcv' = -867.4e-03 is unusually small. {"history": "Interactive.76", "point": 31, "testname": "TRAN_VDD_PULSE", "cornername": "CMOS_RES_CAP_TEMP_29"}
[2026-05-26 08:18:51.578 Z] [WARN] [cadence.virtuoso.ade.simulationMonitor] -     WARNING (CMI-2424): I19.I14.C1: `Voffcv' = -867.4e-03 is unusually small. {"history": "Interactive.76", "point": 31, "testname": "TRAN_VDD_PULSE", "cornername": "CMOS_RES_CAP_TEMP_29"}
[2026-05-26 08:18:51.579 Z] [WARN] [cadence.virtuoso.ade.simulationMonitor] -     WARNING (CMI-2424): I19.I14.C4: `Voffcv' = -867.4e-03 is unusually small.
        Further occurrences of this warning will be suppressed. {"history": "Interactive.76", "point": 31, "testname": "TRAN_VDD_PULSE", "cornername": "CMOS_RES_CAP_TEMP_29"}
[2026-05-26 08:18:51.579 Z] [INFO] [cadence.virtuoso.ade.simulationMonitor] - Notice from spectre.
    59 warnings suppressed. {"history": "Interactive.76", "point": 31, "testname": "TRAN_VDD_PULSE", "cornername": "CMOS_RES_CAP_TEMP_29"}
[2026-05-26 08:18:51.579 Z] [WARN] [cadence.virtuoso.ade.simulationMonitor] -     WARNING (CMI-2425): I19.I2.C1: `Acde' = 2.393 is unusually large. {"history": "Interactive.76", "point": 31, "testname": "TRAN_VDD_PULSE", "cornername": "CMOS_RES_CAP_TEMP_29"}
[2026-05-26 08:18:51.579 Z] [WARN] [cadence.virtuoso.ade.simulationMonitor] -     WARNING (CMI-2425): I19.I2.C1: `Noff' = 4.732 is unusually large. {"history": "Interactive.76", "point": 31, "testname": "TRAN_VDD_PULSE", "cornername": "CMOS_RES_CAP_TEMP_29"}
[2026-05-26 08:18:51.579 Z] [WARN] [cadence.virtuoso.ade.simulationMonitor] -     WARNING (CMI-2424): I19.I2.C1: `Voffcv' = -867.4e-03 is unusually small. {"history": "Interactive.76", "point": 31, "testname": "TRAN_VDD_PULSE", "cornername": "CMOS_RES_CAP_TEMP_29"}
[2026-05-26 08:18:51.579 Z] [WARN] [cadence.virtuoso.ade.simulationMonitor] -     WARNING (CMI-2425): I19.I8.C0: `Acde' = 2.393 is unusually large. {"history": "Interactive.76", "point": 31, "testname": "TRAN_VDD_PULSE", "cornername": "CMOS_RES_CAP_TEMP_29"}
[2026-05-26 08:18:51.579 Z] [WARN] [cadence.virtuoso.ade.simulationMonitor] -     WARNING (CMI-2425): I19.I8.C0: `Noff' = 4.732 is unusually large. {"history": "Interactive.76", "point": 31, "testname": "TRAN_VDD_PULSE", "cornername": "CMOS_RES_CAP_TEMP_29"}
[2026-05-26 08:18:51.579 Z] [WARN] [cadence.virtuoso.ade.simulationMonitor] -     WARNING (CMI-2424): I19.I8.C0: `Voffcv' = -867.4e-03 is unusually small. {"history": "Interactive.76", "point": 31, "testname": "TRAN_VDD_PULSE", "cornername": "CMOS_RES_CAP_TEMP_29"}
[2026-05-26 08:18:51.579 Z] [WARN] [cadence.virtuoso.ade.simulationMonitor] -     WARNING (CMI-2425): I19.I8.C1: `Acde' = 2.393 is unusually large.
        Further occurrences of this warning will be suppressed. {"history": "Interactive.76", "point": 31, "testname": "TRAN_VDD_PULSE", "cornername": "CMOS_RES_CAP_TEMP_29"}
[2026-05-26 08:18:51.579 Z] [WARN] [cadence.virtuoso.ade.simulationMonitor] -     WARNING (CMI-2424): I19.I8.C1: `Voffcv' = -867.4e-03 is unusually small. {"history": "Interactive.76", "point": 31, "testname": "TRAN_VDD_PULSE", "cornername": "CMOS_RES_CAP_TEMP_29"}
[2026-05-26 08:18:51.579 Z] [WARN] [cadence.virtuoso.ade.simulationMonitor] -     WARNING (CMI-2424): I19.I14.C1: `Voffcv' = -867.4e-03 is unusually small. {"history": "Interactive.76", "point": 31, "testname": "TRAN_VDD_PULSE", "cornername": "CMOS_RES_CAP_TEMP_29"}
[2026-05-26 08:18:51.579 Z] [WARN] [cadence.virtuoso.ade.simulationMonitor] -     WARNING (CMI-2424): I19.I14.C4: `Voffcv' = -867.4e-03 is unusually small.
        Further occurrences of this warning will be suppressed. {"history": "Interactive.76", "point": 31, "testname": "TRAN_VDD_PULSE", "cornername": "CMOS_RES_CAP_TEMP_29"}
[2026-05-26 08:18:51.579 Z] [INFO] [cadence.virtuoso.ade.simulationMonitor] - Notice from spectre.
    56 warnings suppressed. {"history": "Interactive.76", "point": 31, "testname": "TRAN_VDD_PULSE", "cornername": "CMOS_RES_CAP_TEMP_29"}
[2026-05-26 08:18:51.579 Z] [WARN] [cadence.virtuoso.ade.simulationMonitor] -     WARNING (CMI-2425): I19.I2.C1: `Acde' = 2.393 is unusually large. {"history": "Interactive.76", "point": 31, "testname": "TRAN_VDD_PULSE", "cornername": "CMOS_RES_CAP_TEMP_29"}
[2026-05-26 08:18:51.579 Z] [WARN] [cadence.virtuoso.ade.simulationMonitor] -     WARNING (CMI-2425): I19.I2.C1: `Noff' = 4.732 is unusually large. {"history": "Interactive.76", "point": 31, "testname": "TRAN_VDD_PULSE", "cornername": "CMOS_RES_CAP_TEMP_29"}
[2026-05-26 08:18:51.579 Z] [WARN] [cadence.virtuoso.ade.simulationMonitor] -     WARNING (CMI-2424): I19.I2.C1: `Voffcv' = -867.4e-03 is unusually small. {"history": "Interactive.76", "point": 31, "testname": "TRAN_VDD_PULSE", "cornername": "CMOS_RES_CAP_TEMP_29"}
[2026-05-26 08:18:51.579 Z] [WARN] [cadence.virtuoso.ade.simulationMonitor] -     WARNING (CMI-2425): I19.I8.C0: `Acde' = 2.393 is unusually large. {"history": "Interactive.76", "point": 31, "testname": "TRAN_VDD_PULSE", "cornername": "CMOS_RES_CAP_TEMP_29"}
[2026-05-26 08:18:51.579 Z] [WARN] [cadence.virtuoso.ade.simulationMonitor] -     WARNING (CMI-2425): I19.I8.C0: `Noff' = 4.732 is unusually large. {"history": "Interactive.76", "point": 31, "testname": "TRAN_VDD_PULSE", "cornername": "CMOS_RES_CAP_TEMP_29"}
[2026-05-26 08:18:51.579 Z] [WARN] [cadence.virtuoso.ade.simulationMonitor] -     WARNING (CMI-2424): I19.I8.C0: `Voffcv' = -867.4e-03 is unusually small. {"history": "Interactive.76", "point": 31, "testname": "TRAN_VDD_PULSE", "cornername": "CMOS_RES_CAP_TEMP_29"}
[2026-05-26 08:18:51.579 Z] [WARN] [cadence.virtuoso.ade.simulationMonitor] -     WARNING (CMI-2425): I19.I8.C1: `Acde' = 2.393 is unusually large.
        Further occurrences of this warning will be suppressed. {"history": "Interactive.76", "point": 31, "testname": "TRAN_VDD_PULSE", "cornername": "CMOS_RES_CAP_TEMP_29"}
[2026-05-26 08:18:51.579 Z] [WARN] [cadence.virtuoso.ade.simulationMonitor] -     WARNING (CMI-2424): I19.I8.C1: `Voffcv' = -867.4e-03 is unusually small. {"history": "Interactive.76", "point": 31, "testname": "TRAN_VDD_PULSE", "cornername": "CMOS_RES_CAP_TEMP_29"}
[2026-05-26 08:18:51.579 Z] [WARN] [cadence.virtuoso.ade.simulationMonitor] -     WARNING (CMI-2424): I19.I14.C1: `Voffcv' = -867.4e-03 is unusually small. {"history": "Interactive.76", "point": 31, "testname": "TRAN_VDD_PULSE", "cornername": "CMOS_RES_CAP_TEMP_29"}
[2026-05-26 08:18:51.580 Z] [WARN] [cadence.virtuoso.ade.simulationMonitor] -     WARNING (CMI-2424): I19.I14.C4: `Voffcv' = -867.4e-03 is unusually small.
        Further occurrences of this warning will be suppressed. {"history": "Interactive.76", "point": 31, "testname": "TRAN_VDD_PULSE", "cornername": "CMOS_RES_CAP_TEMP_29"}
[2026-05-26 08:18:51.580 Z] [INFO] [cadence.virtuoso.ade.simulationMonitor] - Notice from spectre.
    56 warnings suppressed. {"history": "Interactive.76", "point": 31, "testname": "TRAN_VDD_PULSE", "cornername": "CMOS_RES_CAP_TEMP_29"}
[2026-05-26 08:18:51.580 Z] [INFO] [cadence.virtuoso.ade.simulationMonitor] - Time used: CPU = 58.4 s, elapsed = 59 s, util. = 99%. {"history": "Interactive.76", "point": 31, "testname": "TRAN_VDD_PULSE", "cornername": "CMOS_RES_CAP_TEMP_29"}
[2026-05-26 08:18:51.580 Z] [INFO] [cadence.virtuoso.ade.simulationMonitor] - Time spent in licensing: elapsed = 38.2 ms. {"history": "Interactive.76", "point": 31, "testname": "TRAN_VDD_PULSE", "cornername": "CMOS_RES_CAP_TEMP_29"}
[2026-05-26 08:18:51.580 Z] [INFO] [cadence.virtuoso.ade.simulationMonitor] - Peak memory used = 230 Mbytes. {"history": "Interactive.76", "point": 31, "testname": "TRAN_VDD_PULSE", "cornername": "CMOS_RES_CAP_TEMP_29"}
[2026-05-26 08:18:51.580 Z] [PROCESS] [cadence.virtuoso.ade.simulationMonitor] - Simulation started at: 8:17:52 AM, Tue May 26, 2026, ended at: 8:18:51 AM, Tue May 26, 2026, with elapsed time (wall clock): 59 s. {"history": "Interactive.76", "point": 31, "testname": "TRAN_VDD_PULSE", "cornername": "CMOS_RES_CAP_TEMP_29"}
[2026-05-26 08:18:51.580 Z] [PROCESS] [cadence.virtuoso.ade.simulationMonitor] - spectre completes with 0 errors, 97 warnings, and 33 notices. {"history": "Interactive.76", "point": 31, "testname": "TRAN_VDD_PULSE", "cornername": "CMOS_RES_CAP_TEMP_29"}
[2026-05-26 08:18:51.580 Z] [PROCESS] [cadence.virtuoso.ade.simulationMonitor] - Finished simulating for one point {"hostname": "edatools", "processid": 229924, "history": "Interactive.76", "testname": "TRAN_VDD_PULSE", "cornername": "CMOS_RES_CAP_TEMP_29", "point": 31, "logfile": "/home/saul/projects/IL2244_VT26_SAUL/logs_saul/logs0/Job38.log", "simid": "6"}
[2026-05-26 08:18:51.580 Z] [PROCESS] [cadence.virtuoso.ade.simulationMonitor] - Simulator exited {"hostname": "edatools", "processid": 229924, "history": "Interactive.76", "testname": "TRAN_VDD_PULSE", "cornername": "CMOS_RES_CAP_TEMP_29", "point": 31, "logfile": "/home/saul/projects/IL2244_VT26_SAUL/logs_saul/logs0/Job38.log", "exitStatus": "0"}
[2026-05-26 08:18:51.580 Z] [PROCESS] [cadence.virtuoso.ade.simulationMonitor] - Finished Simulation {"hostname": "edatools", "processid": 229924, "history": "Interactive.76", "testname": "TRAN_VDD_PULSE", "cornername": "CMOS_RES_CAP_TEMP_29", "point": 31, "logfile": "/home/saul/projects/IL2244_VT26_SAUL/logs_saul/logs0/Job38.log", "simid": "6"}
[2026-05-26 08:18:53.585 Z] [PROCESS] [cadence.virtuoso.ade.simulationMonitor] - Point Finished {"hostname": "edatools", "processid": 229924, "history": "Interactive.76", "testname": "TRAN_VDD_PULSE", "cornername": "CMOS_RES_CAP_TEMP_29", "point": 31, "logfile": "/home/saul/projects/IL2244_VT26_SAUL/logs_saul/logs0/Job38.log"}
[2026-05-26 08:18:54.586 Z] [PROCESS] [cadence.virtuoso.ade.simulationMonitor] - Stay with the runId '16', Linger time '300', currentRunSyn '32', currentTestSyn '33' {"hostname": "edatools", "processid": 229924, "history": "Interactive.76", "testname": "TRAN_VDD_PULSE", "cornername": "CMOS_RES_CAP_TEMP_29", "point": 31, "logfile": "/home/saul/projects/IL2244_VT26_SAUL/logs_saul/logs0/Job38.log"}
[2026-05-26 08:18:55.587 Z] [PROCESS] [cadence.virtuoso.ade.simulationMonitor] - Stay with the runId '16', Linger time '300', currentRunSyn '32', currentTestSyn '33' {"hostname": "edatools", "processid": 229924, "history": "Interactive.76", "testname": "TRAN_VDD_PULSE", "cornername": "CMOS_RES_CAP_TEMP_29", "point": 31, "logfile": "/home/saul/projects/IL2244_VT26_SAUL/logs_saul/logs0/Job38.log"}
[2026-05-26 08:18:56.588 Z] [PROCESS] [cadence.virtuoso.ade.simulationMonitor] - Stay with the runId '16', Linger time '300', currentRunSyn '32', currentTestSyn '33' {"hostname": "edatools", "processid": 229924, "history": "Interactive.76", "testname": "TRAN_VDD_PULSE", "cornername": "CMOS_RES_CAP_TEMP_29", "point": 31, "logfile": "/home/saul/projects/IL2244_VT26_SAUL/logs_saul/logs0/Job38.log"}
[2026-05-26 08:18:57.589 Z] [PROCESS] [cadence.virtuoso.ade.simulationMonitor] - Stay with the runId '16', Linger time '300', currentRunSyn '32', currentTestSyn '33' {"hostname": "edatools", "processid": 229924, "history": "Interactive.76", "testname": "TRAN_VDD_PULSE", "cornername": "CMOS_RES_CAP_TEMP_29", "point": 31, "logfile": "/home/saul/projects/IL2244_VT26_SAUL/logs_saul/logs0/Job38.log"}
[2026-05-26 08:18:58.590 Z] [PROCESS] [cadence.virtuoso.ade.simulationMonitor] - Stay with the runId '16', Linger time '300', currentRunSyn '32', currentTestSyn '33' {"hostname": "edatools", "processid": 229924, "history": "Interactive.76", "testname": "TRAN_VDD_PULSE", "cornername": "CMOS_RES_CAP_TEMP_29", "point": 31, "logfile": "/home/saul/projects/IL2244_VT26_SAUL/logs_saul/logs0/Job38.log"}
[2026-05-26 08:18:59.591 Z] [PROCESS] [cadence.virtuoso.ade.simulationMonitor] - Stay with the runId '16', Linger time '300', currentRunSyn '32', currentTestSyn '33' {"hostname": "edatools", "processid": 229924, "history": "Interactive.76", "testname": "TRAN_VDD_PULSE", "cornername": "CMOS_RES_CAP_TEMP_29", "point": 31, "logfile": "/home/saul/projects/IL2244_VT26_SAUL/logs_saul/logs0/Job38.log"}
[2026-05-26 08:19:00.592 Z] [PROCESS] [cadence.virtuoso.ade.simulationMonitor] - Stay with the runId '16', Linger time '300', currentRunSyn '32', currentTestSyn '33' {"hostname": "edatools", "processid": 229924, "history": "Interactive.76", "testname": "TRAN_VDD_PULSE", "cornername": "CMOS_RES_CAP_TEMP_29", "point": 31, "logfile": "/home/saul/projects/IL2244_VT26_SAUL/logs_saul/logs0/Job38.log"}
[2026-05-26 08:19:01.592 Z] [PROCESS] [cadence.virtuoso.ade.simulationMonitor] - Stay with the runId '16', Linger time '300', currentRunSyn '32', currentTestSyn '33' {"hostname": "edatools", "processid": 229924, "history": "Interactive.76", "testname": "TRAN_VDD_PULSE", "cornername": "CMOS_RES_CAP_TEMP_29", "point": 31, "logfile": "/home/saul/projects/IL2244_VT26_SAUL/logs_saul/logs0/Job38.log"}
[2026-05-26 08:19:02.593 Z] [PROCESS] [cadence.virtuoso.ade.simulationMonitor] - Stay with the runId '16', Linger time '300', currentRunSyn '32', currentTestSyn '33' {"hostname": "edatools", "processid": 229924, "history": "Interactive.76", "testname": "TRAN_VDD_PULSE", "cornername": "CMOS_RES_CAP_TEMP_29", "point": 31, "logfile": "/home/saul/projects/IL2244_VT26_SAUL/logs_saul/logs0/Job38.log"}
[2026-05-26 08:19:03.594 Z] [PROCESS] [cadence.virtuoso.ade.simulationMonitor] - Stay with the runId '16', Linger time '300', currentRunSyn '32', currentTestSyn '33' {"hostname": "edatools", "processid": 229924, "history": "Interactive.76", "testname": "TRAN_VDD_PULSE", "cornername": "CMOS_RES_CAP_TEMP_29", "point": 31, "logfile": "/home/saul/projects/IL2244_VT26_SAUL/logs_saul/logs0/Job38.log"}
[2026-05-26 08:19:04.595 Z] [PROCESS] [cadence.virtuoso.ade.simulationMonitor] - Stay with the runId '16', Linger time '300', currentRunSyn '32', currentTestSyn '33' {"hostname": "edatools", "processid": 229924, "history": "Interactive.76", "testname": "TRAN_VDD_PULSE", "cornername": "CMOS_RES_CAP_TEMP_29", "point": 31, "logfile": "/home/saul/projects/IL2244_VT26_SAUL/logs_saul/logs0/Job38.log"}
[2026-05-26 08:19:05.596 Z] [PROCESS] [cadence.virtuoso.ade.simulationMonitor] - Stay with the runId '16', Linger time '300', currentRunSyn '32', currentTestSyn '33' {"hostname": "edatools", "processid": 229924, "history": "Interactive.76", "testname": "TRAN_VDD_PULSE", "cornername": "CMOS_RES_CAP_TEMP_29", "point": 31, "logfile": "/home/saul/projects/IL2244_VT26_SAUL/logs_saul/logs0/Job38.log"}
[2026-05-26 08:19:06.596 Z] [PROCESS] [cadence.virtuoso.ade.simulationMonitor] - Stay with the runId '16', Linger time '300', currentRunSyn '32', currentTestSyn '33' {"hostname": "edatools", "processid": 229924, "history": "Interactive.76", "testname": "TRAN_VDD_PULSE", "cornername": "CMOS_RES_CAP_TEMP_29", "point": 31, "logfile": "/home/saul/projects/IL2244_VT26_SAUL/logs_saul/logs0/Job38.log"}
[2026-05-26 08:19:07.597 Z] [PROCESS] [cadence.virtuoso.ade.simulationMonitor] - Stay with the runId '16', Linger time '300', currentRunSyn '32', currentTestSyn '33' {"hostname": "edatools", "processid": 229924, "history": "Interactive.76", "testname": "TRAN_VDD_PULSE", "cornername": "CMOS_RES_CAP_TEMP_29", "point": 31, "logfile": "/home/saul/projects/IL2244_VT26_SAUL/logs_saul/logs0/Job38.log"}
[2026-05-26 08:19:08.597 Z] [PROCESS] [cadence.virtuoso.ade.simulationMonitor] - Stay with the runId '16', Linger time '300', currentRunSyn '32', currentTestSyn '33' {"hostname": "edatools", "processid": 229924, "history": "Interactive.76", "testname": "TRAN_VDD_PULSE", "cornername": "CMOS_RES_CAP_TEMP_29", "point": 31, "logfile": "/home/saul/projects/IL2244_VT26_SAUL/logs_saul/logs0/Job38.log"}
[2026-05-26 08:19:09.598 Z] [PROCESS] [cadence.virtuoso.ade.simulationMonitor] - Stay with the runId '16', Linger time '300', currentRunSyn '32', currentTestSyn '33' {"hostname": "edatools", "processid": 229924, "history": "Interactive.76", "testname": "TRAN_VDD_PULSE", "cornername": "CMOS_RES_CAP_TEMP_29", "point": 31, "logfile": "/home/saul/projects/IL2244_VT26_SAUL/logs_saul/logs0/Job38.log"}
[2026-05-26 08:19:10.603 Z] [PROCESS] [cadence.virtuoso.ade.simulationMonitor] - Stay with the runId '16', Linger time '300', currentRunSyn '32', currentTestSyn '33' {"hostname": "edatools", "processid": 229924, "history": "Interactive.76", "testname": "TRAN_VDD_PULSE", "cornername": "CMOS_RES_CAP_TEMP_29", "point": 31, "logfile": "/home/saul/projects/IL2244_VT26_SAUL/logs_saul/logs0/Job38.log"}
[2026-05-26 08:19:11.603 Z] [PROCESS] [cadence.virtuoso.ade.simulationMonitor] - Stay with the runId '16', Linger time '300', currentRunSyn '32', currentTestSyn '33' {"hostname": "edatools", "processid": 229924, "history": "Interactive.76", "testname": "TRAN_VDD_PULSE", "cornername": "CMOS_RES_CAP_TEMP_29", "point": 31, "logfile": "/home/saul/projects/IL2244_VT26_SAUL/logs_saul/logs0/Job38.log"}
[2026-05-26 08:19:12.603 Z] [PROCESS] [cadence.virtuoso.ade.simulationMonitor] - Stay with the runId '16', Linger time '300', currentRunSyn '32', currentTestSyn '33' {"hostname": "edatools", "processid": 229924, "history": "Interactive.76", "testname": "TRAN_VDD_PULSE", "cornername": "CMOS_RES_CAP_TEMP_29", "point": 31, "logfile": "/home/saul/projects/IL2244_VT26_SAUL/logs_saul/logs0/Job38.log"}
[2026-05-26 08:23:54.180 Z] [PROCESS] [cadence.virtuoso.ade.simulationMonitor] - Current memory used: 52.4492 MBytes, peak memory used: 52.4492 MBytes {"hostname": "edatools", "processid": 229924, "history": "Interactive.76", "testname": "TRAN_VDD_PULSE", "cornername": "CMOS_RES_CAP_TEMP_29", "point": 31, "logfile": "/home/saul/projects/IL2244_VT26_SAUL/logs_saul/logs0/Job38.log"}
[2026-05-26 08:23:54.180 Z] [PROCESS] [cadence.virtuoso.ade.simulationMonitor] - Simulation Monitor process exit. {"hostname": "edatools", "processid": 229924, "history": "Interactive.76", "testname": "TRAN_VDD_PULSE", "cornername": "CMOS_RES_CAP_TEMP_29", "point": 31, "logfile": "/home/saul/projects/IL2244_VT26_SAUL/logs_saul/logs0/Job38.log"}
