[Simulation Monitor: 47]
[2026-05-26 09:41:13.933 Z] [PROCESS] [cadence.virtuoso.ade.simulationMonitor] - Simulation Monitor has successfully started up. Trying to set up communication channels to other components ... {"hostname": "edatools", "processid": 244791, "logfile": "/home/saul/projects/IL2244_VT26_SAUL/logs_saul/logs0/Job47.log"}
[2026-05-26 09:41:13.933 Z] [PROCESS] [cadence.virtuoso.ade.simulationMonitor] - Communication channels have been successfully set up. Start processing events ... {"hostname": "edatools", "processid": 244791, "logfile": "/home/saul/projects/IL2244_VT26_SAUL/logs_saul/logs0/Job47.log"}
[2026-05-26 09:41:13.933 Z] [PROCESS] [cadence.virtuoso.ade.simulationMonitor] - Considering to start history {"hostname": "edatools", "processid": 244791, "history": "Interactive.77", "logfile": "/home/saul/projects/IL2244_VT26_SAUL/logs_saul/logs0/Job47.log"}
[2026-05-26 09:41:13.934 Z] [PROCESS] [cadence.virtuoso.ade.simulationMonitor] - HostInfo:
Host name (type):	edatools (x86_64)
Operating system:	Linux 6.17.0-29-generic #29~24.04.1-Ubuntu SMP PREEMPT_DYNAMIC Mon May 11 10:30:58 UTC 2 {"hostname": "edatools", "processid": 244791, "history": "Interactive.77", "logfile": "/home/saul/projects/IL2244_VT26_SAUL/logs_saul/logs0/Job47.log", "nodename": "edatools", "domainname": "(none)", "machine": "x86_64", "sysname": "Linux", "release": "6.17.0-29-generic", "version": "#29~24.04.1-Ubuntu SMP PREEMPT_DYNAMIC Mon May 11 10:30:58 UTC 2"}
[2026-05-26 09:41:13.934 Z] [PROCESS] [cadence.virtuoso.ade.simulationMonitor] - UsageInfo:
pid=244791
totalPhysicalMemory=62.544987GB,Used=43.648495GB,totalVirtualMemory=70.544983GB,Used=43.648495GB
Cpu: Cores=16, Load average:0.280000,0.330000,0.180000 {"hostname": "edatools", "processid": 244791, "history": "Interactive.77", "logfile": "/home/saul/projects/IL2244_VT26_SAUL/logs_saul/logs0/Job47.log", "pid": "244791", "totalPhysicalMemory": "62.544987", "physicalMemoryUsed": "43.648495", "totalVirtualMemory": "70.544983", "virtualMemoryUsed": "43.648495", "cpuCores": "16", "processes": "1627", "loadAverage1": "0.280000", "loadAverage5": "0.330000", "loadAverage15": "0.180000", "loadAverage1Percent": "0.017500"}
[2026-05-26 09:41:13.934 Z] [EVENT] [cadence.virtuoso.ade.simulationMonitor] - NewPoint {"history": "Interactive.77", "point": 3, "testname": "TRAN_VDD_PULSE", "cornername": "CMOS_RES_CAP_TEMP_1", "event": "NewPoint", "EventSource": "Simulation Monitor", "HistoryName": "Interactive.77", "logFile": "/home/saul/projects/IL2244_VT26_SAUL/logs_saul/logs0/Job47.log", "logFileSize": "2198"}
[2026-05-26 09:41:14.035 Z] [EVENT] [cadence.virtuoso.ade.simulationMonitor] - NewPoint {"history": "Interactive.77", "point": 3, "testname": "TRAN_VDD_PULSE", "cornername": "CMOS_RES_CAP_TEMP_1", "event": "NewPoint", "EventSource": "spectre", "HistoryName": "Interactive.77", "logFile": "/home/saul/projects/IL2244_VT26_SAUL/Sim/FECG/fecg_front_end_tran_tb/maestro/results/maestro/Interactive.77/3/TRAN_VDD_PULSE/psf/spectre.out", "logFileSize": "-1"}
[2026-05-26 09:41:14.051 Z] [PROCESS] [cadence.virtuoso.ade.simulationMonitor] - Simulator launched {"hostname": "edatools", "processid": 244791, "history": "Interactive.77", "testname": "TRAN_VDD_PULSE", "cornername": "CMOS_RES_CAP_TEMP_1", "point": 3, "logfile": "/home/saul/projects/IL2244_VT26_SAUL/logs_saul/logs0/Job47.log", "simid": "1"}
[2026-05-26 09:41:14.052 Z] [PROCESS] [cadence.virtuoso.ade.simulationMonitor] - Expression evaluator launched {"hostname": "edatools", "processid": 244791, "history": "Interactive.77", "testname": "TRAN_VDD_PULSE", "cornername": "CMOS_RES_CAP_TEMP_1", "point": 3, "logfile": "/home/saul/projects/IL2244_VT26_SAUL/logs_saul/logs0/Job47.log"}
[2026-05-26 09:41:14.064 Z] [PROCESS] [cadence.virtuoso.ade.simulationMonitor] - Started Simulation {"hostname": "edatools", "processid": 244791, "history": "Interactive.77", "testname": "TRAN_VDD_PULSE", "cornername": "CMOS_RES_CAP_TEMP_1", "point": 3, "logfile": "/home/saul/projects/IL2244_VT26_SAUL/logs_saul/logs0/Job47.log", "event": "started", "task": "simulation"}
[2026-05-26 09:41:14.564 Z] [INFO] [cadence.virtuoso.ade.simulationMonitor] - Notice from spectre during circuit read-in.
    Pre_Configuration file used: /opt/tools/cadence/installs/SPECTRE241/tools.lnx86/spectre/etc/configs/preset.precfg
    Configuration file used: `/opt/tools/cadence/installs/SPECTRE241/tools.lnx86/spectre/etc/configs/preset.cfg'. {"history": "Interactive.77", "point": 3, "testname": "TRAN_VDD_PULSE", "cornername": "CMOS_RES_CAP_TEMP_1"}
[2026-05-26 09:41:14.565 Z] [WARN] [cadence.virtuoso.ade.simulationMonitor] -     WARNING (SPECTRE-8360): line 1511: `ac' is an undefined primitive device. {"history": "Interactive.77", "point": 3, "testname": "TRAN_VDD_PULSE", "cornername": "CMOS_RES_CAP_TEMP_1"}
[2026-05-26 09:41:14.565 Z] [WARN] [cadence.virtuoso.ade.simulationMonitor] -     WARNING (SPECTRE-8360): line 1512: `ac' is an undefined primitive device. {"history": "Interactive.77", "point": 3, "testname": "TRAN_VDD_PULSE", "cornername": "CMOS_RES_CAP_TEMP_1"}
[2026-05-26 09:41:14.565 Z] [WARN] [cadence.virtuoso.ade.simulationMonitor] -     WARNING (SPECTRE-8360): line 1513: `ac' is an undefined primitive device. {"history": "Interactive.77", "point": 3, "testname": "TRAN_VDD_PULSE", "cornername": "CMOS_RES_CAP_TEMP_1"}
[2026-05-26 09:41:14.565 Z] [WARN] [cadence.virtuoso.ade.simulationMonitor] -     WARNING (SPECTRE-8360): line 1514: `ac' is an undefined primitive device. {"history": "Interactive.77", "point": 3, "testname": "TRAN_VDD_PULSE", "cornername": "CMOS_RES_CAP_TEMP_1"}
[2026-05-26 09:41:14.565 Z] [WARN] [cadence.virtuoso.ade.simulationMonitor] -     WARNING (SPECTRE-8360): line 1515: `ac' is an undefined primitive device.
        Further occurrences of this warning will be suppressed. {"history": "Interactive.77", "point": 3, "testname": "TRAN_VDD_PULSE", "cornername": "CMOS_RES_CAP_TEMP_1"}
[2026-05-26 09:41:14.565 Z] [INFO] [cadence.virtuoso.ade.simulationMonitor] - Peak resident memory used = 173 Mbytes. {"history": "Interactive.77", "point": 3, "testname": "TRAN_VDD_PULSE", "cornername": "CMOS_RES_CAP_TEMP_1"}
[2026-05-26 09:41:14.565 Z] [WARN] [cadence.virtuoso.ade.simulationMonitor] -     WARNING (VACOMP-2435): The environment variable CDS_AHDLCMI_ENABLE is no longer supported. Therefore, the simulator will use the default compiled C code flow. {"history": "Interactive.77", "point": 3, "testname": "TRAN_VDD_PULSE", "cornername": "CMOS_RES_CAP_TEMP_1"}
[2026-05-26 09:41:14.565 Z] [WARN] [cadence.virtuoso.ade.simulationMonitor] -     WARNING (SFE-3014): The floating device I19.I0.I5.MN14<0>_turbo_m4 is removed. {"history": "Interactive.77", "point": 3, "testname": "TRAN_VDD_PULSE", "cornername": "CMOS_RES_CAP_TEMP_1"}
[2026-05-26 09:41:14.565 Z] [WARN] [cadence.virtuoso.ade.simulationMonitor] -     WARNING (SFE-3012): The dummy device I19.I4.MP16<0>_turbo_m41 is removed. {"history": "Interactive.77", "point": 3, "testname": "TRAN_VDD_PULSE", "cornername": "CMOS_RES_CAP_TEMP_1"}
[2026-05-26 09:41:14.565 Z] [WARN] [cadence.virtuoso.ade.simulationMonitor] -     WARNING (SFE-3014): The floating device I19.I8.MN57<0>_turbo_m28 is removed. {"history": "Interactive.77", "point": 3, "testname": "TRAN_VDD_PULSE", "cornername": "CMOS_RES_CAP_TEMP_1"}
[2026-05-26 09:41:14.565 Z] [WARN] [cadence.virtuoso.ade.simulationMonitor] -     WARNING (SFE-3012): The dummy device I19.I14.MP13<0>_turbo_m4 is removed. {"history": "Interactive.77", "point": 3, "testname": "TRAN_VDD_PULSE", "cornername": "CMOS_RES_CAP_TEMP_1"}
[2026-05-26 09:41:14.565 Z] [WARN] [cadence.virtuoso.ade.simulationMonitor] -     WARNING (SFE-3031): The floating capacitor I19.I12.C10<0>_turbo_m12.C1 is removed. {"history": "Interactive.77", "point": 3, "testname": "TRAN_VDD_PULSE", "cornername": "CMOS_RES_CAP_TEMP_1"}
[2026-05-26 09:41:14.565 Z] [WARN] [cadence.virtuoso.ade.simulationMonitor] -     WARNING (SFE-3014): The floating device I19.I2.MN37<0>_turbo_m4 is removed. {"history": "Interactive.77", "point": 3, "testname": "TRAN_VDD_PULSE", "cornername": "CMOS_RES_CAP_TEMP_1"}
[2026-05-26 09:41:14.565 Z] [WARN] [cadence.virtuoso.ade.simulationMonitor] -     WARNING (SFE-3012): The dummy device I19.I0.I5.MP12<0>_turbo_m2 is removed. {"history": "Interactive.77", "point": 3, "testname": "TRAN_VDD_PULSE", "cornername": "CMOS_RES_CAP_TEMP_1"}
[2026-05-26 09:41:14.565 Z] [WARN] [cadence.virtuoso.ade.simulationMonitor] -     WARNING (SFE-3014): The floating device I19.I0.MN13<0>_turbo_m4 is removed. {"history": "Interactive.77", "point": 3, "testname": "TRAN_VDD_PULSE", "cornername": "CMOS_RES_CAP_TEMP_1"}
[2026-05-26 09:41:14.565 Z] [WARN] [cadence.virtuoso.ade.simulationMonitor] -     WARNING (SFE-3012): The dummy device I19.I0.I3.MP13<0>_turbo_m4 is removed. {"history": "Interactive.77", "point": 3, "testname": "TRAN_VDD_PULSE", "cornername": "CMOS_RES_CAP_TEMP_1"}
[2026-05-26 09:41:14.565 Z] [WARN] [cadence.virtuoso.ade.simulationMonitor] -     WARNING (SFE-3031): The floating capacitor I19.I12.C6<0>_turbo_m3.C1 is removed. {"history": "Interactive.77", "point": 3, "testname": "TRAN_VDD_PULSE", "cornername": "CMOS_RES_CAP_TEMP_1"}
[2026-05-26 09:41:14.565 Z] [WARN] [cadence.virtuoso.ade.simulationMonitor] -     WARNING (SFE-3012): The dummy device I19.I0.MP11<0>_turbo_m4 is removed.
        Further occurrences of this warning will be suppressed. {"history": "Interactive.77", "point": 3, "testname": "TRAN_VDD_PULSE", "cornername": "CMOS_RES_CAP_TEMP_1"}
[2026-05-26 09:41:14.565 Z] [WARN] [cadence.virtuoso.ade.simulationMonitor] -     WARNING (SFE-3031): The floating capacitor I19.I11.C7<0>_turbo_m3.C1 is removed. {"history": "Interactive.77", "point": 3, "testname": "TRAN_VDD_PULSE", "cornername": "CMOS_RES_CAP_TEMP_1"}
[2026-05-26 09:41:14.565 Z] [WARN] [cadence.virtuoso.ade.simulationMonitor] -     WARNING (SFE-3014): The floating device I19.I12.MN57<0>_turbo_m28 is removed.
        Further occurrences of this warning will be suppressed. {"history": "Interactive.77", "point": 3, "testname": "TRAN_VDD_PULSE", "cornername": "CMOS_RES_CAP_TEMP_1"}
[2026-05-26 09:41:14.566 Z] [WARN] [cadence.virtuoso.ade.simulationMonitor] -     WARNING (SFE-3031): The floating capacitor I19.I11.C10<0>_turbo_m12.C1 is removed. {"history": "Interactive.77", "point": 3, "testname": "TRAN_VDD_PULSE", "cornername": "CMOS_RES_CAP_TEMP_1"}
[2026-05-26 09:41:14.566 Z] [WARN] [cadence.virtuoso.ade.simulationMonitor] -     WARNING (SFE-3031): The floating capacitor I19.I12.C7<0>_turbo_m3.C1 is removed.
        Further occurrences of this warning will be suppressed. {"history": "Interactive.77", "point": 3, "testname": "TRAN_VDD_PULSE", "cornername": "CMOS_RES_CAP_TEMP_1"}
[2026-05-26 09:41:14.566 Z] [INFO] [cadence.virtuoso.ade.simulationMonitor] - Peak resident memory used = 188 Mbytes. {"history": "Interactive.77", "point": 3, "testname": "TRAN_VDD_PULSE", "cornername": "CMOS_RES_CAP_TEMP_1"}
[2026-05-26 09:41:14.566 Z] [INFO] [cadence.virtuoso.ade.simulationMonitor] - Notice from spectre during hierarchy flattening.
    The value 'psf' specified for the 'checklimitdest' option will no longer be supported in future releases. Use 'spectre -h' to see other recommended values for the 'checklimitdest' option.
    I19.I0.R10.CS0 of rpolyhc: `c' has the unusually small value of 0 F.
    I19.I0.R10.CS1 of rpolyhc: `c' has the unusually small value of 0 F.
    I19.I0.R9.CS0 of rpolyhc: `c' has the unusually small value of 0 F.
    I19.I0.R9.CS1 of rpolyhc: `c' has the unusually ... {"history": "Interactive.77", "point": 3, "testname": "TRAN_VDD_PULSE", "cornername": "CMOS_RES_CAP_TEMP_1"}
[2026-05-26 09:41:14.566 Z] [INFO] [cadence.virtuoso.ade.simulationMonitor] - Notice from spectre during hierarchy flattening.
    V17: `period' has the unusually large value of 20 s.
    V17: `width' has the unusually large value of 19 s.
    V16: `period' has the unusually large value of 10 s.
    V16: `width' has the unusually large value of 9 s.
    V9: `period' has the unusually large value of 10 s.
        Further occurrences of this notice will be suppressed. {"history": "Interactive.77", "point": 3, "testname": "TRAN_VDD_PULSE", "cornername": "CMOS_RES_CAP_TEMP_1"}
[2026-05-26 09:41:14.566 Z] [INFO] [cadence.virtuoso.ade.simulationMonitor] - Peak resident memory used = 192 Mbytes. {"history": "Interactive.77", "point": 3, "testname": "TRAN_VDD_PULSE", "cornername": "CMOS_RES_CAP_TEMP_1"}
[2026-05-26 09:41:14.566 Z] [WARN] [cadence.virtuoso.ade.simulationMonitor] -     WARNING (CMI-2425): I19.I0.C2: `Acde' = 2.393 is unusually large. {"history": "Interactive.77", "point": 3, "testname": "TRAN_VDD_PULSE", "cornername": "CMOS_RES_CAP_TEMP_1"}
[2026-05-26 09:41:14.566 Z] [WARN] [cadence.virtuoso.ade.simulationMonitor] -     WARNING (CMI-2425): I19.I0.C2: `Noff' = 4.732 is unusually large. {"history": "Interactive.77", "point": 3, "testname": "TRAN_VDD_PULSE", "cornername": "CMOS_RES_CAP_TEMP_1"}
[2026-05-26 09:41:14.566 Z] [WARN] [cadence.virtuoso.ade.simulationMonitor] -     WARNING (CMI-2424): I19.I0.C2: `Voffcv' = -867.4e-03 is unusually small. {"history": "Interactive.77", "point": 3, "testname": "TRAN_VDD_PULSE", "cornername": "CMOS_RES_CAP_TEMP_1"}
[2026-05-26 09:41:14.566 Z] [WARN] [cadence.virtuoso.ade.simulationMonitor] -     WARNING (CMI-2425): I19.I0.C3: `Acde' = 2.393 is unusually large. {"history": "Interactive.77", "point": 3, "testname": "TRAN_VDD_PULSE", "cornername": "CMOS_RES_CAP_TEMP_1"}
[2026-05-26 09:41:14.566 Z] [WARN] [cadence.virtuoso.ade.simulationMonitor] -     WARNING (CMI-2425): I19.I0.C3: `Noff' = 4.732 is unusually large. {"history": "Interactive.77", "point": 3, "testname": "TRAN_VDD_PULSE", "cornername": "CMOS_RES_CAP_TEMP_1"}
[2026-05-26 09:41:14.566 Z] [WARN] [cadence.virtuoso.ade.simulationMonitor] -     WARNING (CMI-2424): I19.I0.C3: `Voffcv' = -867.4e-03 is unusually small. {"history": "Interactive.77", "point": 3, "testname": "TRAN_VDD_PULSE", "cornername": "CMOS_RES_CAP_TEMP_1"}
[2026-05-26 09:41:14.566 Z] [WARN] [cadence.virtuoso.ade.simulationMonitor] -     WARNING (CMI-2425): I19.I0.C0: `Acde' = 2.393 is unusually large.
        Further occurrences of this warning will be suppressed. {"history": "Interactive.77", "point": 3, "testname": "TRAN_VDD_PULSE", "cornername": "CMOS_RES_CAP_TEMP_1"}
[2026-05-26 09:41:14.566 Z] [WARN] [cadence.virtuoso.ade.simulationMonitor] -     WARNING (CMI-2424): I19.I0.C0: `Voffcv' = -867.4e-03 is unusually small. {"history": "Interactive.77", "point": 3, "testname": "TRAN_VDD_PULSE", "cornername": "CMOS_RES_CAP_TEMP_1"}
[2026-05-26 09:41:14.566 Z] [WARN] [cadence.virtuoso.ade.simulationMonitor] -     WARNING (CMI-2424): I19.I0.I3.C1: `Voffcv' = -867.4e-03 is unusually small. {"history": "Interactive.77", "point": 3, "testname": "TRAN_VDD_PULSE", "cornername": "CMOS_RES_CAP_TEMP_1"}
[2026-05-26 09:41:14.566 Z] [WARN] [cadence.virtuoso.ade.simulationMonitor] -     WARNING (CMI-2424): I19.I0.C1<0>_turbo_m5: `Voffcv' = -867.4e-03 is unusually small.
        Further occurrences of this warning will be suppressed. {"history": "Interactive.77", "point": 3, "testname": "TRAN_VDD_PULSE", "cornername": "CMOS_RES_CAP_TEMP_1"}
[2026-05-26 09:41:14.567 Z] [WARN] [cadence.virtuoso.ade.simulationMonitor] -     WARNING (SPECTRE-17607): Assert `SOAC_rpolyh_vminuspsub' is ignored because it contains an expression which is invalid or not supported by native evaluator.  {"history": "Interactive.77", "point": 3, "testname": "TRAN_VDD_PULSE", "cornername": "CMOS_RES_CAP_TEMP_1"}
[2026-05-26 09:41:14.567 Z] [WARN] [cadence.virtuoso.ade.simulationMonitor] -     WARNING (SPECTRE-17607): Assert `SOAC_rpolyh_vpluspsub' is ignored because it contains an expression which is invalid or not supported by native evaluator.  {"history": "Interactive.77", "point": 3, "testname": "TRAN_VDD_PULSE", "cornername": "CMOS_RES_CAP_TEMP_1"}
[2026-05-26 09:41:14.567 Z] [WARN] [cadence.virtuoso.ade.simulationMonitor] -     WARNING (SPECTRE-16460): SOAC_cvarm_vspsub:Specified subcircuit master `cvarm' was not found. {"history": "Interactive.77", "point": 3, "testname": "TRAN_VDD_PULSE", "cornername": "CMOS_RES_CAP_TEMP_1"}
[2026-05-26 09:41:14.567 Z] [WARN] [cadence.virtuoso.ade.simulationMonitor] -     WARNING (SPECTRE-16462): SOAC_cvarm_vspsub:Error in specification of subcircuit master. Assert is ignored. {"history": "Interactive.77", "point": 3, "testname": "TRAN_VDD_PULSE", "cornername": "CMOS_RES_CAP_TEMP_1"}
[2026-05-26 09:41:14.567 Z] [WARN] [cadence.virtuoso.ade.simulationMonitor] -     WARNING (SPECTRE-16460): SOAC_cvarm_vbs:Specified subcircuit master `cvarm' was not found. {"history": "Interactive.77", "point": 3, "testname": "TRAN_VDD_PULSE", "cornername": "CMOS_RES_CAP_TEMP_1"}
[2026-05-26 09:41:14.567 Z] [WARN] [cadence.virtuoso.ade.simulationMonitor] -     WARNING (SPECTRE-16462): SOAC_cvarm_vbs:Error in specification of subcircuit master. Assert is ignored. {"history": "Interactive.77", "point": 3, "testname": "TRAN_VDD_PULSE", "cornername": "CMOS_RES_CAP_TEMP_1"}
[2026-05-26 09:41:14.567 Z] [WARN] [cadence.virtuoso.ade.simulationMonitor] -     WARNING (SPECTRE-16460): SOAC_cvarm_vgb:Specified subcircuit master `cvarm' was not found. {"history": "Interactive.77", "point": 3, "testname": "TRAN_VDD_PULSE", "cornername": "CMOS_RES_CAP_TEMP_1"}
[2026-05-26 09:41:14.567 Z] [WARN] [cadence.virtuoso.ade.simulationMonitor] -     WARNING (SPECTRE-16462): SOAC_cvarm_vgb:Error in specification of subcircuit master. Assert is ignored. {"history": "Interactive.77", "point": 3, "testname": "TRAN_VDD_PULSE", "cornername": "CMOS_RES_CAP_TEMP_1"}
[2026-05-26 09:41:14.567 Z] [WARN] [cadence.virtuoso.ade.simulationMonitor] -     WARNING (SPECTRE-16460): SOAC_cvart_vspsub:Specified subcircuit master `cvart' was not found. {"history": "Interactive.77", "point": 3, "testname": "TRAN_VDD_PULSE", "cornername": "CMOS_RES_CAP_TEMP_1"}
[2026-05-26 09:41:14.567 Z] [WARN] [cadence.virtuoso.ade.simulationMonitor] -     WARNING (SPECTRE-16462): SOAC_cvart_vspsub:Error in specification of subcircuit master. Assert is ignored. {"history": "Interactive.77", "point": 3, "testname": "TRAN_VDD_PULSE", "cornername": "CMOS_RES_CAP_TEMP_1"}
[2026-05-26 09:41:14.567 Z] [WARN] [cadence.virtuoso.ade.simulationMonitor] -     WARNING (SPECTRE-16460): SOAC_cvart_vbs:Specified subcircuit master `cvart' was not found.
        Further occurrences of this warning will be suppressed. {"history": "Interactive.77", "point": 3, "testname": "TRAN_VDD_PULSE", "cornername": "CMOS_RES_CAP_TEMP_1"}
[2026-05-26 09:41:14.567 Z] [WARN] [cadence.virtuoso.ade.simulationMonitor] -     WARNING (SPECTRE-16462): SOAC_cvart_vbs:Error in specification of subcircuit master. Assert is ignored.
        Further occurrences of this warning will be suppressed. {"history": "Interactive.77", "point": 3, "testname": "TRAN_VDD_PULSE", "cornername": "CMOS_RES_CAP_TEMP_1"}
[2026-05-26 09:41:14.567 Z] [WARN] [cadence.virtuoso.ade.simulationMonitor] -     WARNING (SPECTRE-17607): Assert `SOAC_cvar_vspsub' is ignored because it contains an expression which is invalid or not supported by native evaluator.  {"history": "Interactive.77", "point": 3, "testname": "TRAN_VDD_PULSE", "cornername": "CMOS_RES_CAP_TEMP_1"}
[2026-05-26 09:41:14.567 Z] [WARN] [cadence.virtuoso.ade.simulationMonitor] -     WARNING (SPECTRE-17607): Assert `SOAC_cvar_vbpsub' is ignored because it contains an expression which is invalid or not supported by native evaluator.  {"history": "Interactive.77", "point": 3, "testname": "TRAN_VDD_PULSE", "cornername": "CMOS_RES_CAP_TEMP_1"}
[2026-05-26 09:41:14.567 Z] [WARN] [cadence.virtuoso.ade.simulationMonitor] -     WARNING (SPECTRE-17607): Assert `SOAC_cvar_vgpsub' is ignored because it contains an expression which is invalid or not supported by native evaluator. 
        Further occurrences of this warning will be suppressed. {"history": "Interactive.77", "point": 3, "testname": "TRAN_VDD_PULSE", "cornername": "CMOS_RES_CAP_TEMP_1"}
[2026-05-26 09:41:15.068 Z] [INFO] [cadence.virtuoso.ade.simulationMonitor] - Notice from spectre during topology check.
    No DC path from node `net19' to ground, Gmin installed to provide path. {"history": "Interactive.77", "point": 3, "testname": "TRAN_VDD_PULSE", "cornername": "CMOS_RES_CAP_TEMP_1"}
[2026-05-26 09:41:15.068 Z] [INFO] [cadence.virtuoso.ade.simulationMonitor] - Notice from spectre during initial setup.
    Multithreading is disabled due to the size of the design being too small. {"history": "Interactive.77", "point": 3, "testname": "TRAN_VDD_PULSE", "cornername": "CMOS_RES_CAP_TEMP_1"}
[2026-05-26 09:41:15.068 Z] [INFO] [cadence.virtuoso.ade.simulationMonitor] -               nodes 784 {"history": "Interactive.77", "point": 3, "testname": "TRAN_VDD_PULSE", "cornername": "CMOS_RES_CAP_TEMP_1"}
[2026-05-26 09:41:15.068 Z] [INFO] [cadence.virtuoso.ade.simulationMonitor] - Notice from spectre during initial setup.
    4 vsources are shorted because their absolute value is less than or equal to 'vabsshort'.
    Spectre X preset=mx enabled.
    18 notices suppressed.
    154 warnings suppressed. {"history": "Interactive.77", "point": 3, "testname": "TRAN_VDD_PULSE", "cornername": "CMOS_RES_CAP_TEMP_1"}
[2026-05-26 09:41:15.068 Z] [INFO] [cadence.virtuoso.ade.simulationMonitor] - Peak resident memory used = 212 Mbytes. {"history": "Interactive.77", "point": 3, "testname": "TRAN_VDD_PULSE", "cornername": "CMOS_RES_CAP_TEMP_1"}
[2026-05-26 09:41:15.068 Z] [INFO] [cadence.virtuoso.ade.simulationMonitor] -    -   (Spectre X) Multi-threading. The recommended number of threads is 1, consider adding +mt=1 on command line. {"history": "Interactive.77", "point": 3, "testname": "TRAN_VDD_PULSE", "cornername": "CMOS_RES_CAP_TEMP_1"}
[2026-05-26 09:41:15.068 Z] [INFO] [cadence.virtuoso.ade.simulationMonitor] - Notice from spectre during DC analysis `dcOp'.
    No checklimit analysis defined for asserts. A default checklimit analysis 'SpectreChecklimitAnal' has been created with all asserts enabled. {"history": "Interactive.77", "point": 3, "testname": "TRAN_VDD_PULSE", "cornername": "CMOS_RES_CAP_TEMP_1"}
[2026-05-26 09:41:15.069 Z] [INFO] [cadence.virtuoso.ade.simulationMonitor] - Notice from spectre during DC analysis `dcOp'.
    GminDC = 1 pS is large enough to noticeably affect the DC solution.
        dV(I19.I2.C1.d1) = 912.01 uV
        Use the `gmin_check' option to eliminate or expand this report. {"history": "Interactive.77", "point": 3, "testname": "TRAN_VDD_PULSE", "cornername": "CMOS_RES_CAP_TEMP_1"}
[2026-05-26 09:41:15.069 Z] [WARN] [cadence.virtuoso.ade.simulationMonitor] -     WARNING (CMI-2943): Parameter checks have been ignored because the valid value for parameter 'trise' could not be found in 'C0'. {"history": "Interactive.77", "point": 3, "testname": "TRAN_VDD_PULSE", "cornername": "CMOS_RES_CAP_TEMP_1"}
[2026-05-26 09:41:15.069 Z] [WARN] [cadence.virtuoso.ade.simulationMonitor] -     WARNING (CMI-2943): Parameter checks have been ignored because the valid value for parameter 'trise' could not be found in 'C3'. {"history": "Interactive.77", "point": 3, "testname": "TRAN_VDD_PULSE", "cornername": "CMOS_RES_CAP_TEMP_1"}
[2026-05-26 09:41:15.069 Z] [WARN] [cadence.virtuoso.ade.simulationMonitor] -     WARNING (CMI-2943): Parameter checks have been ignored because the valid value for parameter 'trise' could not be found in 'C4'. {"history": "Interactive.77", "point": 3, "testname": "TRAN_VDD_PULSE", "cornername": "CMOS_RES_CAP_TEMP_1"}
[2026-05-26 09:41:15.069 Z] [WARN] [cadence.virtuoso.ade.simulationMonitor] -     WARNING (CMI-2943): Parameter checks have been ignored because the valid value for parameter 'trise' could not be found in 'C5'. {"history": "Interactive.77", "point": 3, "testname": "TRAN_VDD_PULSE", "cornername": "CMOS_RES_CAP_TEMP_1"}
[2026-05-26 09:41:15.069 Z] [WARN] [cadence.virtuoso.ade.simulationMonitor] -     WARNING (CMI-2943): Parameter checks have been ignored because the valid value for parameter 'trise' could not be found in 'I19.I4.C9<0>_turbo_m6.C1'.
        Further occurrences of this warning will be suppressed. {"history": "Interactive.77", "point": 3, "testname": "TRAN_VDD_PULSE", "cornername": "CMOS_RES_CAP_TEMP_1"}
[2026-05-26 09:41:15.069 Z] [INFO] [cadence.virtuoso.ade.simulationMonitor] - Total time required for dc analysis `dcOp': CPU = 52.183 ms, elapsed = 76.941 ms, util. = 67.8%. {"history": "Interactive.77", "point": 3, "testname": "TRAN_VDD_PULSE", "cornername": "CMOS_RES_CAP_TEMP_1"}
[2026-05-26 09:41:15.069 Z] [INFO] [cadence.virtuoso.ade.simulationMonitor] - Peak resident memory used = 222 Mbytes. {"history": "Interactive.77", "point": 3, "testname": "TRAN_VDD_PULSE", "cornername": "CMOS_RES_CAP_TEMP_1"}
[2026-05-26 09:41:15.069 Z] [INFO] [cadence.virtuoso.ade.simulationMonitor] - Notice from spectre.
    246 warnings suppressed. {"history": "Interactive.77", "point": 3, "testname": "TRAN_VDD_PULSE", "cornername": "CMOS_RES_CAP_TEMP_1"}
[2026-05-26 09:41:15.069 Z] [INFO] [cadence.virtuoso.ade.simulationMonitor] - Notice from spectre during IC analysis, during transient analysis `tran'.
    GminDC = 1 pS is large enough to noticeably affect the DC solution.
        dV(I19.I2.C1.d1) = 912.01 uV
        Use the `gmin_check' option to eliminate or expand this report. {"history": "Interactive.77", "point": 3, "testname": "TRAN_VDD_PULSE", "cornername": "CMOS_RES_CAP_TEMP_1"}
[2026-05-26 09:41:15.069 Z] [WARN] [cadence.virtuoso.ade.simulationMonitor] -     WARNING (CMI-2943): Parameter checks have been ignored because the valid value for parameter 'trise' could not be found in 'C0'. {"history": "Interactive.77", "point": 3, "testname": "TRAN_VDD_PULSE", "cornername": "CMOS_RES_CAP_TEMP_1"}
[2026-05-26 09:41:15.069 Z] [WARN] [cadence.virtuoso.ade.simulationMonitor] -     WARNING (CMI-2943): Parameter checks have been ignored because the valid value for parameter 'trise' could not be found in 'C3'. {"history": "Interactive.77", "point": 3, "testname": "TRAN_VDD_PULSE", "cornername": "CMOS_RES_CAP_TEMP_1"}
[2026-05-26 09:41:15.069 Z] [WARN] [cadence.virtuoso.ade.simulationMonitor] -     WARNING (CMI-2943): Parameter checks have been ignored because the valid value for parameter 'trise' could not be found in 'C4'. {"history": "Interactive.77", "point": 3, "testname": "TRAN_VDD_PULSE", "cornername": "CMOS_RES_CAP_TEMP_1"}
[2026-05-26 09:41:15.070 Z] [WARN] [cadence.virtuoso.ade.simulationMonitor] -     WARNING (CMI-2943): Parameter checks have been ignored because the valid value for parameter 'trise' could not be found in 'C5'. {"history": "Interactive.77", "point": 3, "testname": "TRAN_VDD_PULSE", "cornername": "CMOS_RES_CAP_TEMP_1"}
[2026-05-26 09:41:15.070 Z] [WARN] [cadence.virtuoso.ade.simulationMonitor] -     WARNING (CMI-2943): Parameter checks have been ignored because the valid value for parameter 'trise' could not be found in 'I19.I4.C9<0>_turbo_m6.C1'.
        Further occurrences of this warning will be suppressed. {"history": "Interactive.77", "point": 3, "testname": "TRAN_VDD_PULSE", "cornername": "CMOS_RES_CAP_TEMP_1"}
[2026-05-26 09:41:15.070 Z] [INFO] [cadence.virtuoso.ade.simulationMonitor] - Notice from spectre during transient analysis `tran'.
    Multithreading is disabled due to the size of the design being too small. {"history": "Interactive.77", "point": 3, "testname": "TRAN_VDD_PULSE", "cornername": "CMOS_RES_CAP_TEMP_1"}
[2026-05-26 09:42:53.105 Z] [INFO] [cadence.virtuoso.ade.simulationMonitor] - Total time required for tran analysis `tran': CPU = 93.6266 s (1m  33.6s), elapsed = 98.2297 s (1m  38.2s), util. = 95.3%. {"history": "Interactive.77", "point": 3, "testname": "TRAN_VDD_PULSE", "cornername": "CMOS_RES_CAP_TEMP_1"}
[2026-05-26 09:42:53.105 Z] [INFO] [cadence.virtuoso.ade.simulationMonitor] - Peak resident memory used = 230 Mbytes. {"history": "Interactive.77", "point": 3, "testname": "TRAN_VDD_PULSE", "cornername": "CMOS_RES_CAP_TEMP_1"}
[2026-05-26 09:42:53.105 Z] [INFO] [cadence.virtuoso.ade.simulationMonitor] - Notice from spectre.
    246 warnings suppressed. {"history": "Interactive.77", "point": 3, "testname": "TRAN_VDD_PULSE", "cornername": "CMOS_RES_CAP_TEMP_1"}
[2026-05-26 09:42:53.606 Z] [WARN] [cadence.virtuoso.ade.simulationMonitor] -     WARNING (CMI-2425): I19.I2.C1: `Acde' = 2.393 is unusually large. {"history": "Interactive.77", "point": 3, "testname": "TRAN_VDD_PULSE", "cornername": "CMOS_RES_CAP_TEMP_1"}
[2026-05-26 09:42:53.606 Z] [WARN] [cadence.virtuoso.ade.simulationMonitor] -     WARNING (CMI-2425): I19.I2.C1: `Noff' = 4.732 is unusually large. {"history": "Interactive.77", "point": 3, "testname": "TRAN_VDD_PULSE", "cornername": "CMOS_RES_CAP_TEMP_1"}
[2026-05-26 09:42:53.606 Z] [WARN] [cadence.virtuoso.ade.simulationMonitor] -     WARNING (CMI-2424): I19.I2.C1: `Voffcv' = -867.4e-03 is unusually small. {"history": "Interactive.77", "point": 3, "testname": "TRAN_VDD_PULSE", "cornername": "CMOS_RES_CAP_TEMP_1"}
[2026-05-26 09:42:53.606 Z] [WARN] [cadence.virtuoso.ade.simulationMonitor] -     WARNING (CMI-2425): I19.I8.C0: `Acde' = 2.393 is unusually large. {"history": "Interactive.77", "point": 3, "testname": "TRAN_VDD_PULSE", "cornername": "CMOS_RES_CAP_TEMP_1"}
[2026-05-26 09:42:53.606 Z] [WARN] [cadence.virtuoso.ade.simulationMonitor] -     WARNING (CMI-2425): I19.I8.C0: `Noff' = 4.732 is unusually large. {"history": "Interactive.77", "point": 3, "testname": "TRAN_VDD_PULSE", "cornername": "CMOS_RES_CAP_TEMP_1"}
[2026-05-26 09:42:53.606 Z] [WARN] [cadence.virtuoso.ade.simulationMonitor] -     WARNING (CMI-2424): I19.I8.C0: `Voffcv' = -867.4e-03 is unusually small. {"history": "Interactive.77", "point": 3, "testname": "TRAN_VDD_PULSE", "cornername": "CMOS_RES_CAP_TEMP_1"}
[2026-05-26 09:42:53.606 Z] [WARN] [cadence.virtuoso.ade.simulationMonitor] -     WARNING (CMI-2425): I19.I8.C1: `Acde' = 2.393 is unusually large.
        Further occurrences of this warning will be suppressed. {"history": "Interactive.77", "point": 3, "testname": "TRAN_VDD_PULSE", "cornername": "CMOS_RES_CAP_TEMP_1"}
[2026-05-26 09:42:53.606 Z] [WARN] [cadence.virtuoso.ade.simulationMonitor] -     WARNING (CMI-2424): I19.I8.C1: `Voffcv' = -867.4e-03 is unusually small. {"history": "Interactive.77", "point": 3, "testname": "TRAN_VDD_PULSE", "cornername": "CMOS_RES_CAP_TEMP_1"}
[2026-05-26 09:42:53.606 Z] [WARN] [cadence.virtuoso.ade.simulationMonitor] -     WARNING (CMI-2424): I19.I14.C1: `Voffcv' = -867.4e-03 is unusually small. {"history": "Interactive.77", "point": 3, "testname": "TRAN_VDD_PULSE", "cornername": "CMOS_RES_CAP_TEMP_1"}
[2026-05-26 09:42:53.606 Z] [WARN] [cadence.virtuoso.ade.simulationMonitor] -     WARNING (CMI-2424): I19.I14.C4: `Voffcv' = -867.4e-03 is unusually small.
        Further occurrences of this warning will be suppressed. {"history": "Interactive.77", "point": 3, "testname": "TRAN_VDD_PULSE", "cornername": "CMOS_RES_CAP_TEMP_1"}
[2026-05-26 09:42:53.606 Z] [INFO] [cadence.virtuoso.ade.simulationMonitor] - Notice from spectre.
    56 warnings suppressed. {"history": "Interactive.77", "point": 3, "testname": "TRAN_VDD_PULSE", "cornername": "CMOS_RES_CAP_TEMP_1"}
[2026-05-26 09:42:53.606 Z] [WARN] [cadence.virtuoso.ade.simulationMonitor] -     WARNING (CMI-2425): I19.I2.C1: `Acde' = 2.393 is unusually large. {"history": "Interactive.77", "point": 3, "testname": "TRAN_VDD_PULSE", "cornername": "CMOS_RES_CAP_TEMP_1"}
[2026-05-26 09:42:53.606 Z] [WARN] [cadence.virtuoso.ade.simulationMonitor] -     WARNING (CMI-2425): I19.I2.C1: `Noff' = 4.732 is unusually large. {"history": "Interactive.77", "point": 3, "testname": "TRAN_VDD_PULSE", "cornername": "CMOS_RES_CAP_TEMP_1"}
[2026-05-26 09:42:53.606 Z] [WARN] [cadence.virtuoso.ade.simulationMonitor] -     WARNING (CMI-2424): I19.I2.C1: `Voffcv' = -867.4e-03 is unusually small. {"history": "Interactive.77", "point": 3, "testname": "TRAN_VDD_PULSE", "cornername": "CMOS_RES_CAP_TEMP_1"}
[2026-05-26 09:42:53.606 Z] [WARN] [cadence.virtuoso.ade.simulationMonitor] -     WARNING (CMI-2425): I19.I8.C0: `Acde' = 2.393 is unusually large. {"history": "Interactive.77", "point": 3, "testname": "TRAN_VDD_PULSE", "cornername": "CMOS_RES_CAP_TEMP_1"}
[2026-05-26 09:42:53.606 Z] [WARN] [cadence.virtuoso.ade.simulationMonitor] -     WARNING (CMI-2425): I19.I8.C0: `Noff' = 4.732 is unusually large. {"history": "Interactive.77", "point": 3, "testname": "TRAN_VDD_PULSE", "cornername": "CMOS_RES_CAP_TEMP_1"}
[2026-05-26 09:42:53.606 Z] [WARN] [cadence.virtuoso.ade.simulationMonitor] -     WARNING (CMI-2424): I19.I8.C0: `Voffcv' = -867.4e-03 is unusually small. {"history": "Interactive.77", "point": 3, "testname": "TRAN_VDD_PULSE", "cornername": "CMOS_RES_CAP_TEMP_1"}
[2026-05-26 09:42:53.607 Z] [WARN] [cadence.virtuoso.ade.simulationMonitor] -     WARNING (CMI-2425): I19.I8.C1: `Acde' = 2.393 is unusually large.
        Further occurrences of this warning will be suppressed. {"history": "Interactive.77", "point": 3, "testname": "TRAN_VDD_PULSE", "cornername": "CMOS_RES_CAP_TEMP_1"}
[2026-05-26 09:42:53.607 Z] [WARN] [cadence.virtuoso.ade.simulationMonitor] -     WARNING (CMI-2424): I19.I8.C1: `Voffcv' = -867.4e-03 is unusually small. {"history": "Interactive.77", "point": 3, "testname": "TRAN_VDD_PULSE", "cornername": "CMOS_RES_CAP_TEMP_1"}
[2026-05-26 09:42:53.607 Z] [WARN] [cadence.virtuoso.ade.simulationMonitor] -     WARNING (CMI-2424): I19.I14.C1: `Voffcv' = -867.4e-03 is unusually small. {"history": "Interactive.77", "point": 3, "testname": "TRAN_VDD_PULSE", "cornername": "CMOS_RES_CAP_TEMP_1"}
[2026-05-26 09:42:53.607 Z] [WARN] [cadence.virtuoso.ade.simulationMonitor] -     WARNING (CMI-2424): I19.I14.C4: `Voffcv' = -867.4e-03 is unusually small.
        Further occurrences of this warning will be suppressed. {"history": "Interactive.77", "point": 3, "testname": "TRAN_VDD_PULSE", "cornername": "CMOS_RES_CAP_TEMP_1"}
[2026-05-26 09:42:53.607 Z] [INFO] [cadence.virtuoso.ade.simulationMonitor] - Notice from spectre.
    59 warnings suppressed. {"history": "Interactive.77", "point": 3, "testname": "TRAN_VDD_PULSE", "cornername": "CMOS_RES_CAP_TEMP_1"}
[2026-05-26 09:42:53.607 Z] [WARN] [cadence.virtuoso.ade.simulationMonitor] -     WARNING (CMI-2425): I19.I2.C1: `Acde' = 2.393 is unusually large. {"history": "Interactive.77", "point": 3, "testname": "TRAN_VDD_PULSE", "cornername": "CMOS_RES_CAP_TEMP_1"}
[2026-05-26 09:42:53.607 Z] [WARN] [cadence.virtuoso.ade.simulationMonitor] -     WARNING (CMI-2425): I19.I2.C1: `Noff' = 4.732 is unusually large. {"history": "Interactive.77", "point": 3, "testname": "TRAN_VDD_PULSE", "cornername": "CMOS_RES_CAP_TEMP_1"}
[2026-05-26 09:42:53.607 Z] [WARN] [cadence.virtuoso.ade.simulationMonitor] -     WARNING (CMI-2424): I19.I2.C1: `Voffcv' = -867.4e-03 is unusually small. {"history": "Interactive.77", "point": 3, "testname": "TRAN_VDD_PULSE", "cornername": "CMOS_RES_CAP_TEMP_1"}
[2026-05-26 09:42:53.607 Z] [WARN] [cadence.virtuoso.ade.simulationMonitor] -     WARNING (CMI-2425): I19.I8.C0: `Acde' = 2.393 is unusually large. {"history": "Interactive.77", "point": 3, "testname": "TRAN_VDD_PULSE", "cornername": "CMOS_RES_CAP_TEMP_1"}
[2026-05-26 09:42:53.607 Z] [WARN] [cadence.virtuoso.ade.simulationMonitor] -     WARNING (CMI-2425): I19.I8.C0: `Noff' = 4.732 is unusually large. {"history": "Interactive.77", "point": 3, "testname": "TRAN_VDD_PULSE", "cornername": "CMOS_RES_CAP_TEMP_1"}
[2026-05-26 09:42:53.607 Z] [WARN] [cadence.virtuoso.ade.simulationMonitor] -     WARNING (CMI-2424): I19.I8.C0: `Voffcv' = -867.4e-03 is unusually small. {"history": "Interactive.77", "point": 3, "testname": "TRAN_VDD_PULSE", "cornername": "CMOS_RES_CAP_TEMP_1"}
[2026-05-26 09:42:53.607 Z] [WARN] [cadence.virtuoso.ade.simulationMonitor] -     WARNING (CMI-2425): I19.I8.C1: `Acde' = 2.393 is unusually large.
        Further occurrences of this warning will be suppressed. {"history": "Interactive.77", "point": 3, "testname": "TRAN_VDD_PULSE", "cornername": "CMOS_RES_CAP_TEMP_1"}
[2026-05-26 09:42:53.607 Z] [WARN] [cadence.virtuoso.ade.simulationMonitor] -     WARNING (CMI-2424): I19.I8.C1: `Voffcv' = -867.4e-03 is unusually small. {"history": "Interactive.77", "point": 3, "testname": "TRAN_VDD_PULSE", "cornername": "CMOS_RES_CAP_TEMP_1"}
[2026-05-26 09:42:53.607 Z] [WARN] [cadence.virtuoso.ade.simulationMonitor] -     WARNING (CMI-2424): I19.I14.C1: `Voffcv' = -867.4e-03 is unusually small. {"history": "Interactive.77", "point": 3, "testname": "TRAN_VDD_PULSE", "cornername": "CMOS_RES_CAP_TEMP_1"}
[2026-05-26 09:42:53.607 Z] [WARN] [cadence.virtuoso.ade.simulationMonitor] -     WARNING (CMI-2424): I19.I14.C4: `Voffcv' = -867.4e-03 is unusually small.
        Further occurrences of this warning will be suppressed. {"history": "Interactive.77", "point": 3, "testname": "TRAN_VDD_PULSE", "cornername": "CMOS_RES_CAP_TEMP_1"}
[2026-05-26 09:42:53.607 Z] [INFO] [cadence.virtuoso.ade.simulationMonitor] - Notice from spectre.
    56 warnings suppressed. {"history": "Interactive.77", "point": 3, "testname": "TRAN_VDD_PULSE", "cornername": "CMOS_RES_CAP_TEMP_1"}
[2026-05-26 09:42:53.607 Z] [WARN] [cadence.virtuoso.ade.simulationMonitor] -     WARNING (CMI-2425): I19.I2.C1: `Acde' = 2.393 is unusually large. {"history": "Interactive.77", "point": 3, "testname": "TRAN_VDD_PULSE", "cornername": "CMOS_RES_CAP_TEMP_1"}
[2026-05-26 09:42:53.607 Z] [WARN] [cadence.virtuoso.ade.simulationMonitor] -     WARNING (CMI-2425): I19.I2.C1: `Noff' = 4.732 is unusually large. {"history": "Interactive.77", "point": 3, "testname": "TRAN_VDD_PULSE", "cornername": "CMOS_RES_CAP_TEMP_1"}
[2026-05-26 09:42:53.608 Z] [WARN] [cadence.virtuoso.ade.simulationMonitor] -     WARNING (CMI-2424): I19.I2.C1: `Voffcv' = -867.4e-03 is unusually small. {"history": "Interactive.77", "point": 3, "testname": "TRAN_VDD_PULSE", "cornername": "CMOS_RES_CAP_TEMP_1"}
[2026-05-26 09:42:53.608 Z] [WARN] [cadence.virtuoso.ade.simulationMonitor] -     WARNING (CMI-2425): I19.I8.C0: `Acde' = 2.393 is unusually large. {"history": "Interactive.77", "point": 3, "testname": "TRAN_VDD_PULSE", "cornername": "CMOS_RES_CAP_TEMP_1"}
[2026-05-26 09:42:53.608 Z] [WARN] [cadence.virtuoso.ade.simulationMonitor] -     WARNING (CMI-2425): I19.I8.C0: `Noff' = 4.732 is unusually large. {"history": "Interactive.77", "point": 3, "testname": "TRAN_VDD_PULSE", "cornername": "CMOS_RES_CAP_TEMP_1"}
[2026-05-26 09:42:53.608 Z] [WARN] [cadence.virtuoso.ade.simulationMonitor] -     WARNING (CMI-2424): I19.I8.C0: `Voffcv' = -867.4e-03 is unusually small. {"history": "Interactive.77", "point": 3, "testname": "TRAN_VDD_PULSE", "cornername": "CMOS_RES_CAP_TEMP_1"}
[2026-05-26 09:42:53.608 Z] [WARN] [cadence.virtuoso.ade.simulationMonitor] -     WARNING (CMI-2425): I19.I8.C1: `Acde' = 2.393 is unusually large.
        Further occurrences of this warning will be suppressed. {"history": "Interactive.77", "point": 3, "testname": "TRAN_VDD_PULSE", "cornername": "CMOS_RES_CAP_TEMP_1"}
[2026-05-26 09:42:53.608 Z] [WARN] [cadence.virtuoso.ade.simulationMonitor] -     WARNING (CMI-2424): I19.I8.C1: `Voffcv' = -867.4e-03 is unusually small. {"history": "Interactive.77", "point": 3, "testname": "TRAN_VDD_PULSE", "cornername": "CMOS_RES_CAP_TEMP_1"}
[2026-05-26 09:42:53.608 Z] [WARN] [cadence.virtuoso.ade.simulationMonitor] -     WARNING (CMI-2424): I19.I14.C1: `Voffcv' = -867.4e-03 is unusually small. {"history": "Interactive.77", "point": 3, "testname": "TRAN_VDD_PULSE", "cornername": "CMOS_RES_CAP_TEMP_1"}
[2026-05-26 09:42:53.608 Z] [WARN] [cadence.virtuoso.ade.simulationMonitor] -     WARNING (CMI-2424): I19.I14.C4: `Voffcv' = -867.4e-03 is unusually small.
        Further occurrences of this warning will be suppressed. {"history": "Interactive.77", "point": 3, "testname": "TRAN_VDD_PULSE", "cornername": "CMOS_RES_CAP_TEMP_1"}
[2026-05-26 09:42:53.608 Z] [INFO] [cadence.virtuoso.ade.simulationMonitor] - Notice from spectre.
    56 warnings suppressed. {"history": "Interactive.77", "point": 3, "testname": "TRAN_VDD_PULSE", "cornername": "CMOS_RES_CAP_TEMP_1"}
[2026-05-26 09:42:53.608 Z] [INFO] [cadence.virtuoso.ade.simulationMonitor] - Time used: CPU = 94 s (1m  34.0s), elapsed = 98.9 s (1m  38.9s), util. = 95.1%. {"history": "Interactive.77", "point": 3, "testname": "TRAN_VDD_PULSE", "cornername": "CMOS_RES_CAP_TEMP_1"}
[2026-05-26 09:42:53.608 Z] [INFO] [cadence.virtuoso.ade.simulationMonitor] - Time spent in licensing: elapsed = 35 ms. {"history": "Interactive.77", "point": 3, "testname": "TRAN_VDD_PULSE", "cornername": "CMOS_RES_CAP_TEMP_1"}
[2026-05-26 09:42:53.608 Z] [INFO] [cadence.virtuoso.ade.simulationMonitor] - Peak memory used = 230 Mbytes. {"history": "Interactive.77", "point": 3, "testname": "TRAN_VDD_PULSE", "cornername": "CMOS_RES_CAP_TEMP_1"}
[2026-05-26 09:42:53.608 Z] [PROCESS] [cadence.virtuoso.ade.simulationMonitor] - Simulation started at: 9:41:14 AM, Tue May 26, 2026, ended at: 9:42:53 AM, Tue May 26, 2026, with elapsed time (wall clock): 98.9 s (1m  38.9s). {"history": "Interactive.77", "point": 3, "testname": "TRAN_VDD_PULSE", "cornername": "CMOS_RES_CAP_TEMP_1"}
[2026-05-26 09:42:53.608 Z] [PROCESS] [cadence.virtuoso.ade.simulationMonitor] - spectre completes with 0 errors, 96 warnings, and 31 notices. {"history": "Interactive.77", "point": 3, "testname": "TRAN_VDD_PULSE", "cornername": "CMOS_RES_CAP_TEMP_1"}
[2026-05-26 09:42:53.608 Z] [PROCESS] [cadence.virtuoso.ade.simulationMonitor] - Finished simulating for one point {"hostname": "edatools", "processid": 244791, "history": "Interactive.77", "testname": "TRAN_VDD_PULSE", "cornername": "CMOS_RES_CAP_TEMP_1", "point": 3, "logfile": "/home/saul/projects/IL2244_VT26_SAUL/logs_saul/logs0/Job47.log", "simid": "1"}
[2026-05-26 09:42:53.608 Z] [PROCESS] [cadence.virtuoso.ade.simulationMonitor] - Simulator exited {"hostname": "edatools", "processid": 244791, "history": "Interactive.77", "testname": "TRAN_VDD_PULSE", "cornername": "CMOS_RES_CAP_TEMP_1", "point": 3, "logfile": "/home/saul/projects/IL2244_VT26_SAUL/logs_saul/logs0/Job47.log", "exitStatus": "0"}
[2026-05-26 09:42:53.609 Z] [PROCESS] [cadence.virtuoso.ade.simulationMonitor] - Finished Simulation {"hostname": "edatools", "processid": 244791, "history": "Interactive.77", "testname": "TRAN_VDD_PULSE", "cornername": "CMOS_RES_CAP_TEMP_1", "point": 3, "logfile": "/home/saul/projects/IL2244_VT26_SAUL/logs_saul/logs0/Job47.log", "simid": "1"}
[2026-05-26 09:42:55.113 Z] [PROCESS] [cadence.virtuoso.ade.simulationMonitor] - Point Finished {"hostname": "edatools", "processid": 244791, "history": "Interactive.77", "testname": "TRAN_VDD_PULSE", "cornername": "CMOS_RES_CAP_TEMP_1", "point": 3, "logfile": "/home/saul/projects/IL2244_VT26_SAUL/logs_saul/logs0/Job47.log"}
[2026-05-26 09:42:55.114 Z] [PROCESS] [cadence.virtuoso.ade.simulationMonitor] - HostInfo:
Host name (type):	edatools (x86_64)
Operating system:	Linux 6.17.0-29-generic #29~24.04.1-Ubuntu SMP PREEMPT_DYNAMIC Mon May 11 10:30:58 UTC 2 {"hostname": "edatools", "processid": 244791, "history": "Interactive.77", "testname": "TRAN_VDD_PULSE", "cornername": "CMOS_RES_CAP_TEMP_1", "point": 3, "logfile": "/home/saul/projects/IL2244_VT26_SAUL/logs_saul/logs0/Job47.log", "nodename": "edatools", "domainname": "(none)", "machine": "x86_64", "sysname": "Linux", "release": "6.17.0-29-generic", "version": "#29~24.04.1-Ubuntu SMP PREEMPT_DYNAMIC Mon May 11 10:30:58 UTC 2"}
[2026-05-26 09:42:55.115 Z] [PROCESS] [cadence.virtuoso.ade.simulationMonitor] - UsageInfo:
pid=244791
totalPhysicalMemory=62.544987GB,Used=44.532749GB,totalVirtualMemory=70.544983GB,Used=44.532749GB
Cpu: Cores=16, Load average:4.610000,1.760000,0.710000 {"hostname": "edatools", "processid": 244791, "history": "Interactive.77", "testname": "TRAN_VDD_PULSE", "cornername": "CMOS_RES_CAP_TEMP_1", "point": 3, "logfile": "/home/saul/projects/IL2244_VT26_SAUL/logs_saul/logs0/Job47.log", "pid": "244791", "totalPhysicalMemory": "62.544987", "physicalMemoryUsed": "44.532749", "totalVirtualMemory": "70.544983", "virtualMemoryUsed": "44.532749", "cpuCores": "16", "processes": "1669", "loadAverage1": "4.610000", "loadAverage5": "1.760000", "loadAverage15": "0.710000", "loadAverage1Percent": "0.288125"}
[2026-05-26 09:42:55.115 Z] [EVENT] [cadence.virtuoso.ade.simulationMonitor] - NewPoint {"history": "Interactive.77", "point": 11, "testname": "TRAN_VDD_PULSE", "cornername": "CMOS_RES_CAP_TEMP_9", "event": "NewPoint", "EventSource": "Simulation Monitor", "HistoryName": "Interactive.77", "logFile": "/home/saul/projects/IL2244_VT26_SAUL/logs_saul/logs0/Job47.log", "logFileSize": "44299"}
[2026-05-26 09:42:55.216 Z] [EVENT] [cadence.virtuoso.ade.simulationMonitor] - NewPoint {"history": "Interactive.77", "point": 11, "testname": "TRAN_VDD_PULSE", "cornername": "CMOS_RES_CAP_TEMP_9", "event": "NewPoint", "EventSource": "spectre", "HistoryName": "Interactive.77", "logFile": "/home/saul/projects/IL2244_VT26_SAUL/Sim/FECG/fecg_front_end_tran_tb/maestro/results/maestro/Interactive.77/11/TRAN_VDD_PULSE/psf/spectre.out", "logFileSize": "-1"}
[2026-05-26 09:42:55.219 Z] [PROCESS] [cadence.virtuoso.ade.simulationMonitor] - Simulator launched {"hostname": "edatools", "processid": 244791, "history": "Interactive.77", "testname": "TRAN_VDD_PULSE", "cornername": "CMOS_RES_CAP_TEMP_9", "point": 11, "logfile": "/home/saul/projects/IL2244_VT26_SAUL/logs_saul/logs0/Job47.log", "simid": "2"}
[2026-05-26 09:42:55.232 Z] [PROCESS] [cadence.virtuoso.ade.simulationMonitor] - Started Simulation {"hostname": "edatools", "processid": 244791, "history": "Interactive.77", "testname": "TRAN_VDD_PULSE", "cornername": "CMOS_RES_CAP_TEMP_9", "point": 11, "logfile": "/home/saul/projects/IL2244_VT26_SAUL/logs_saul/logs0/Job47.log", "event": "started", "task": "simulation"}
[2026-05-26 09:42:55.732 Z] [INFO] [cadence.virtuoso.ade.simulationMonitor] - Notice from spectre during circuit read-in.
    Pre_Configuration file used: /opt/tools/cadence/installs/SPECTRE241/tools.lnx86/spectre/etc/configs/preset.precfg
    Configuration file used: `/opt/tools/cadence/installs/SPECTRE241/tools.lnx86/spectre/etc/configs/preset.cfg'. {"history": "Interactive.77", "point": 11, "testname": "TRAN_VDD_PULSE", "cornername": "CMOS_RES_CAP_TEMP_9"}
[2026-05-26 09:42:55.733 Z] [WARN] [cadence.virtuoso.ade.simulationMonitor] -     WARNING (SPECTRE-8360): line 1511: `ac' is an undefined primitive device. {"history": "Interactive.77", "point": 11, "testname": "TRAN_VDD_PULSE", "cornername": "CMOS_RES_CAP_TEMP_9"}
[2026-05-26 09:42:55.733 Z] [WARN] [cadence.virtuoso.ade.simulationMonitor] -     WARNING (SPECTRE-8360): line 1512: `ac' is an undefined primitive device. {"history": "Interactive.77", "point": 11, "testname": "TRAN_VDD_PULSE", "cornername": "CMOS_RES_CAP_TEMP_9"}
[2026-05-26 09:42:55.733 Z] [WARN] [cadence.virtuoso.ade.simulationMonitor] -     WARNING (SPECTRE-8360): line 1513: `ac' is an undefined primitive device. {"history": "Interactive.77", "point": 11, "testname": "TRAN_VDD_PULSE", "cornername": "CMOS_RES_CAP_TEMP_9"}
[2026-05-26 09:42:55.733 Z] [WARN] [cadence.virtuoso.ade.simulationMonitor] -     WARNING (SPECTRE-8360): line 1514: `ac' is an undefined primitive device. {"history": "Interactive.77", "point": 11, "testname": "TRAN_VDD_PULSE", "cornername": "CMOS_RES_CAP_TEMP_9"}
[2026-05-26 09:42:55.733 Z] [WARN] [cadence.virtuoso.ade.simulationMonitor] -     WARNING (SPECTRE-8360): line 1515: `ac' is an undefined primitive device.
        Further occurrences of this warning will be suppressed. {"history": "Interactive.77", "point": 11, "testname": "TRAN_VDD_PULSE", "cornername": "CMOS_RES_CAP_TEMP_9"}
[2026-05-26 09:42:55.733 Z] [INFO] [cadence.virtuoso.ade.simulationMonitor] - Peak resident memory used = 173 Mbytes. {"history": "Interactive.77", "point": 11, "testname": "TRAN_VDD_PULSE", "cornername": "CMOS_RES_CAP_TEMP_9"}
[2026-05-26 09:42:55.733 Z] [WARN] [cadence.virtuoso.ade.simulationMonitor] -     WARNING (VACOMP-2435): The environment variable CDS_AHDLCMI_ENABLE is no longer supported. Therefore, the simulator will use the default compiled C code flow. {"history": "Interactive.77", "point": 11, "testname": "TRAN_VDD_PULSE", "cornername": "CMOS_RES_CAP_TEMP_9"}
[2026-05-26 09:42:55.733 Z] [WARN] [cadence.virtuoso.ade.simulationMonitor] -     WARNING (SFE-3014): The floating device I19.I0.I5.MN14<0>_turbo_m4 is removed. {"history": "Interactive.77", "point": 11, "testname": "TRAN_VDD_PULSE", "cornername": "CMOS_RES_CAP_TEMP_9"}
[2026-05-26 09:42:55.733 Z] [WARN] [cadence.virtuoso.ade.simulationMonitor] -     WARNING (SFE-3012): The dummy device I19.I4.MP16<0>_turbo_m41 is removed. {"history": "Interactive.77", "point": 11, "testname": "TRAN_VDD_PULSE", "cornername": "CMOS_RES_CAP_TEMP_9"}
[2026-05-26 09:42:55.733 Z] [WARN] [cadence.virtuoso.ade.simulationMonitor] -     WARNING (SFE-3014): The floating device I19.I8.MN57<0>_turbo_m28 is removed. {"history": "Interactive.77", "point": 11, "testname": "TRAN_VDD_PULSE", "cornername": "CMOS_RES_CAP_TEMP_9"}
[2026-05-26 09:42:55.733 Z] [WARN] [cadence.virtuoso.ade.simulationMonitor] -     WARNING (SFE-3012): The dummy device I19.I14.MP13<0>_turbo_m4 is removed. {"history": "Interactive.77", "point": 11, "testname": "TRAN_VDD_PULSE", "cornername": "CMOS_RES_CAP_TEMP_9"}
[2026-05-26 09:42:55.733 Z] [WARN] [cadence.virtuoso.ade.simulationMonitor] -     WARNING (SFE-3031): The floating capacitor I19.I12.C10<0>_turbo_m12.C1 is removed. {"history": "Interactive.77", "point": 11, "testname": "TRAN_VDD_PULSE", "cornername": "CMOS_RES_CAP_TEMP_9"}
[2026-05-26 09:42:55.734 Z] [WARN] [cadence.virtuoso.ade.simulationMonitor] -     WARNING (SFE-3014): The floating device I19.I2.MN37<0>_turbo_m4 is removed. {"history": "Interactive.77", "point": 11, "testname": "TRAN_VDD_PULSE", "cornername": "CMOS_RES_CAP_TEMP_9"}
[2026-05-26 09:42:55.734 Z] [WARN] [cadence.virtuoso.ade.simulationMonitor] -     WARNING (SFE-3012): The dummy device I19.I0.I5.MP12<0>_turbo_m2 is removed. {"history": "Interactive.77", "point": 11, "testname": "TRAN_VDD_PULSE", "cornername": "CMOS_RES_CAP_TEMP_9"}
[2026-05-26 09:42:55.734 Z] [WARN] [cadence.virtuoso.ade.simulationMonitor] -     WARNING (SFE-3014): The floating device I19.I0.MN13<0>_turbo_m4 is removed. {"history": "Interactive.77", "point": 11, "testname": "TRAN_VDD_PULSE", "cornername": "CMOS_RES_CAP_TEMP_9"}
[2026-05-26 09:42:55.734 Z] [WARN] [cadence.virtuoso.ade.simulationMonitor] -     WARNING (SFE-3012): The dummy device I19.I0.I3.MP13<0>_turbo_m4 is removed. {"history": "Interactive.77", "point": 11, "testname": "TRAN_VDD_PULSE", "cornername": "CMOS_RES_CAP_TEMP_9"}
[2026-05-26 09:42:55.734 Z] [WARN] [cadence.virtuoso.ade.simulationMonitor] -     WARNING (SFE-3031): The floating capacitor I19.I12.C6<0>_turbo_m3.C1 is removed. {"history": "Interactive.77", "point": 11, "testname": "TRAN_VDD_PULSE", "cornername": "CMOS_RES_CAP_TEMP_9"}
[2026-05-26 09:42:55.734 Z] [WARN] [cadence.virtuoso.ade.simulationMonitor] -     WARNING (SFE-3012): The dummy device I19.I0.MP11<0>_turbo_m4 is removed.
        Further occurrences of this warning will be suppressed. {"history": "Interactive.77", "point": 11, "testname": "TRAN_VDD_PULSE", "cornername": "CMOS_RES_CAP_TEMP_9"}
[2026-05-26 09:42:55.734 Z] [WARN] [cadence.virtuoso.ade.simulationMonitor] -     WARNING (SFE-3031): The floating capacitor I19.I11.C7<0>_turbo_m3.C1 is removed. {"history": "Interactive.77", "point": 11, "testname": "TRAN_VDD_PULSE", "cornername": "CMOS_RES_CAP_TEMP_9"}
[2026-05-26 09:42:55.734 Z] [WARN] [cadence.virtuoso.ade.simulationMonitor] -     WARNING (SFE-3014): The floating device I19.I12.MN57<0>_turbo_m28 is removed.
        Further occurrences of this warning will be suppressed. {"history": "Interactive.77", "point": 11, "testname": "TRAN_VDD_PULSE", "cornername": "CMOS_RES_CAP_TEMP_9"}
[2026-05-26 09:42:55.734 Z] [WARN] [cadence.virtuoso.ade.simulationMonitor] -     WARNING (SFE-3031): The floating capacitor I19.I11.C10<0>_turbo_m12.C1 is removed. {"history": "Interactive.77", "point": 11, "testname": "TRAN_VDD_PULSE", "cornername": "CMOS_RES_CAP_TEMP_9"}
[2026-05-26 09:42:55.734 Z] [WARN] [cadence.virtuoso.ade.simulationMonitor] -     WARNING (SFE-3031): The floating capacitor I19.I12.C7<0>_turbo_m3.C1 is removed.
        Further occurrences of this warning will be suppressed. {"history": "Interactive.77", "point": 11, "testname": "TRAN_VDD_PULSE", "cornername": "CMOS_RES_CAP_TEMP_9"}
[2026-05-26 09:42:55.734 Z] [INFO] [cadence.virtuoso.ade.simulationMonitor] - Peak resident memory used = 191 Mbytes. {"history": "Interactive.77", "point": 11, "testname": "TRAN_VDD_PULSE", "cornername": "CMOS_RES_CAP_TEMP_9"}
[2026-05-26 09:42:55.734 Z] [INFO] [cadence.virtuoso.ade.simulationMonitor] - Notice from spectre during hierarchy flattening.
    The value 'psf' specified for the 'checklimitdest' option will no longer be supported in future releases. Use 'spectre -h' to see other recommended values for the 'checklimitdest' option.
    I19.I0.R10.CS0 of rpolyhc: `c' has the unusually small value of 0 F.
    I19.I0.R10.CS1 of rpolyhc: `c' has the unusually small value of 0 F.
    I19.I0.R9.CS0 of rpolyhc: `c' has the unusually small value of 0 F.
    I19.I0.R9.CS1 of rpolyhc: `c' has the unusually ... {"history": "Interactive.77", "point": 11, "testname": "TRAN_VDD_PULSE", "cornername": "CMOS_RES_CAP_TEMP_9"}
[2026-05-26 09:42:55.734 Z] [INFO] [cadence.virtuoso.ade.simulationMonitor] - Notice from spectre during hierarchy flattening.
    V17: `period' has the unusually large value of 20 s.
    V17: `width' has the unusually large value of 19 s.
    V16: `period' has the unusually large value of 10 s.
    V16: `width' has the unusually large value of 9 s.
    V9: `period' has the unusually large value of 10 s.
        Further occurrences of this notice will be suppressed. {"history": "Interactive.77", "point": 11, "testname": "TRAN_VDD_PULSE", "cornername": "CMOS_RES_CAP_TEMP_9"}
[2026-05-26 09:42:55.735 Z] [INFO] [cadence.virtuoso.ade.simulationMonitor] - Peak resident memory used = 194 Mbytes. {"history": "Interactive.77", "point": 11, "testname": "TRAN_VDD_PULSE", "cornername": "CMOS_RES_CAP_TEMP_9"}
[2026-05-26 09:42:55.735 Z] [WARN] [cadence.virtuoso.ade.simulationMonitor] -     WARNING (CMI-2425): I19.I0.C2: `Acde' = 2.393 is unusually large. {"history": "Interactive.77", "point": 11, "testname": "TRAN_VDD_PULSE", "cornername": "CMOS_RES_CAP_TEMP_9"}
[2026-05-26 09:42:55.735 Z] [WARN] [cadence.virtuoso.ade.simulationMonitor] -     WARNING (CMI-2425): I19.I0.C2: `Noff' = 4.732 is unusually large. {"history": "Interactive.77", "point": 11, "testname": "TRAN_VDD_PULSE", "cornername": "CMOS_RES_CAP_TEMP_9"}
[2026-05-26 09:42:55.735 Z] [WARN] [cadence.virtuoso.ade.simulationMonitor] -     WARNING (CMI-2424): I19.I0.C2: `Voffcv' = -867.4e-03 is unusually small. {"history": "Interactive.77", "point": 11, "testname": "TRAN_VDD_PULSE", "cornername": "CMOS_RES_CAP_TEMP_9"}
[2026-05-26 09:42:55.735 Z] [WARN] [cadence.virtuoso.ade.simulationMonitor] -     WARNING (CMI-2425): I19.I0.C3: `Acde' = 2.393 is unusually large. {"history": "Interactive.77", "point": 11, "testname": "TRAN_VDD_PULSE", "cornername": "CMOS_RES_CAP_TEMP_9"}
[2026-05-26 09:42:55.735 Z] [WARN] [cadence.virtuoso.ade.simulationMonitor] -     WARNING (CMI-2425): I19.I0.C3: `Noff' = 4.732 is unusually large. {"history": "Interactive.77", "point": 11, "testname": "TRAN_VDD_PULSE", "cornername": "CMOS_RES_CAP_TEMP_9"}
[2026-05-26 09:42:55.735 Z] [WARN] [cadence.virtuoso.ade.simulationMonitor] -     WARNING (CMI-2424): I19.I0.C3: `Voffcv' = -867.4e-03 is unusually small. {"history": "Interactive.77", "point": 11, "testname": "TRAN_VDD_PULSE", "cornername": "CMOS_RES_CAP_TEMP_9"}
[2026-05-26 09:42:55.735 Z] [WARN] [cadence.virtuoso.ade.simulationMonitor] -     WARNING (CMI-2425): I19.I0.C0: `Acde' = 2.393 is unusually large.
        Further occurrences of this warning will be suppressed. {"history": "Interactive.77", "point": 11, "testname": "TRAN_VDD_PULSE", "cornername": "CMOS_RES_CAP_TEMP_9"}
[2026-05-26 09:42:55.735 Z] [WARN] [cadence.virtuoso.ade.simulationMonitor] -     WARNING (CMI-2424): I19.I0.C0: `Voffcv' = -867.4e-03 is unusually small. {"history": "Interactive.77", "point": 11, "testname": "TRAN_VDD_PULSE", "cornername": "CMOS_RES_CAP_TEMP_9"}
[2026-05-26 09:42:55.735 Z] [WARN] [cadence.virtuoso.ade.simulationMonitor] -     WARNING (CMI-2424): I19.I0.I3.C1: `Voffcv' = -867.4e-03 is unusually small. {"history": "Interactive.77", "point": 11, "testname": "TRAN_VDD_PULSE", "cornername": "CMOS_RES_CAP_TEMP_9"}
[2026-05-26 09:42:55.735 Z] [WARN] [cadence.virtuoso.ade.simulationMonitor] -     WARNING (CMI-2424): I19.I0.C1<0>_turbo_m5: `Voffcv' = -867.4e-03 is unusually small.
        Further occurrences of this warning will be suppressed. {"history": "Interactive.77", "point": 11, "testname": "TRAN_VDD_PULSE", "cornername": "CMOS_RES_CAP_TEMP_9"}
[2026-05-26 09:42:55.735 Z] [WARN] [cadence.virtuoso.ade.simulationMonitor] -     WARNING (SPECTRE-17607): Assert `SOAC_rpolyh_vminuspsub' is ignored because it contains an expression which is invalid or not supported by native evaluator.  {"history": "Interactive.77", "point": 11, "testname": "TRAN_VDD_PULSE", "cornername": "CMOS_RES_CAP_TEMP_9"}
[2026-05-26 09:42:55.735 Z] [WARN] [cadence.virtuoso.ade.simulationMonitor] -     WARNING (SPECTRE-17607): Assert `SOAC_rpolyh_vpluspsub' is ignored because it contains an expression which is invalid or not supported by native evaluator.  {"history": "Interactive.77", "point": 11, "testname": "TRAN_VDD_PULSE", "cornername": "CMOS_RES_CAP_TEMP_9"}
[2026-05-26 09:42:55.735 Z] [WARN] [cadence.virtuoso.ade.simulationMonitor] -     WARNING (SPECTRE-16460): SOAC_cvarm_vspsub:Specified subcircuit master `cvarm' was not found. {"history": "Interactive.77", "point": 11, "testname": "TRAN_VDD_PULSE", "cornername": "CMOS_RES_CAP_TEMP_9"}
[2026-05-26 09:42:55.736 Z] [WARN] [cadence.virtuoso.ade.simulationMonitor] -     WARNING (SPECTRE-16462): SOAC_cvarm_vspsub:Error in specification of subcircuit master. Assert is ignored. {"history": "Interactive.77", "point": 11, "testname": "TRAN_VDD_PULSE", "cornername": "CMOS_RES_CAP_TEMP_9"}
[2026-05-26 09:42:55.736 Z] [WARN] [cadence.virtuoso.ade.simulationMonitor] -     WARNING (SPECTRE-16460): SOAC_cvarm_vbs:Specified subcircuit master `cvarm' was not found. {"history": "Interactive.77", "point": 11, "testname": "TRAN_VDD_PULSE", "cornername": "CMOS_RES_CAP_TEMP_9"}
[2026-05-26 09:42:55.736 Z] [WARN] [cadence.virtuoso.ade.simulationMonitor] -     WARNING (SPECTRE-16462): SOAC_cvarm_vbs:Error in specification of subcircuit master. Assert is ignored. {"history": "Interactive.77", "point": 11, "testname": "TRAN_VDD_PULSE", "cornername": "CMOS_RES_CAP_TEMP_9"}
[2026-05-26 09:42:55.736 Z] [WARN] [cadence.virtuoso.ade.simulationMonitor] -     WARNING (SPECTRE-16460): SOAC_cvarm_vgb:Specified subcircuit master `cvarm' was not found. {"history": "Interactive.77", "point": 11, "testname": "TRAN_VDD_PULSE", "cornername": "CMOS_RES_CAP_TEMP_9"}
[2026-05-26 09:42:55.736 Z] [WARN] [cadence.virtuoso.ade.simulationMonitor] -     WARNING (SPECTRE-16462): SOAC_cvarm_vgb:Error in specification of subcircuit master. Assert is ignored. {"history": "Interactive.77", "point": 11, "testname": "TRAN_VDD_PULSE", "cornername": "CMOS_RES_CAP_TEMP_9"}
[2026-05-26 09:42:55.736 Z] [WARN] [cadence.virtuoso.ade.simulationMonitor] -     WARNING (SPECTRE-16460): SOAC_cvart_vspsub:Specified subcircuit master `cvart' was not found. {"history": "Interactive.77", "point": 11, "testname": "TRAN_VDD_PULSE", "cornername": "CMOS_RES_CAP_TEMP_9"}
[2026-05-26 09:42:55.736 Z] [WARN] [cadence.virtuoso.ade.simulationMonitor] -     WARNING (SPECTRE-16462): SOAC_cvart_vspsub:Error in specification of subcircuit master. Assert is ignored. {"history": "Interactive.77", "point": 11, "testname": "TRAN_VDD_PULSE", "cornername": "CMOS_RES_CAP_TEMP_9"}
[2026-05-26 09:42:55.736 Z] [WARN] [cadence.virtuoso.ade.simulationMonitor] -     WARNING (SPECTRE-16460): SOAC_cvart_vbs:Specified subcircuit master `cvart' was not found.
        Further occurrences of this warning will be suppressed. {"history": "Interactive.77", "point": 11, "testname": "TRAN_VDD_PULSE", "cornername": "CMOS_RES_CAP_TEMP_9"}
[2026-05-26 09:42:55.736 Z] [WARN] [cadence.virtuoso.ade.simulationMonitor] -     WARNING (SPECTRE-16462): SOAC_cvart_vbs:Error in specification of subcircuit master. Assert is ignored.
        Further occurrences of this warning will be suppressed. {"history": "Interactive.77", "point": 11, "testname": "TRAN_VDD_PULSE", "cornername": "CMOS_RES_CAP_TEMP_9"}
[2026-05-26 09:42:55.736 Z] [WARN] [cadence.virtuoso.ade.simulationMonitor] -     WARNING (SPECTRE-17607): Assert `SOAC_cvar_vspsub' is ignored because it contains an expression which is invalid or not supported by native evaluator.  {"history": "Interactive.77", "point": 11, "testname": "TRAN_VDD_PULSE", "cornername": "CMOS_RES_CAP_TEMP_9"}
[2026-05-26 09:42:55.736 Z] [WARN] [cadence.virtuoso.ade.simulationMonitor] -     WARNING (SPECTRE-17607): Assert `SOAC_cvar_vbpsub' is ignored because it contains an expression which is invalid or not supported by native evaluator.  {"history": "Interactive.77", "point": 11, "testname": "TRAN_VDD_PULSE", "cornername": "CMOS_RES_CAP_TEMP_9"}
[2026-05-26 09:42:55.736 Z] [WARN] [cadence.virtuoso.ade.simulationMonitor] -     WARNING (SPECTRE-17607): Assert `SOAC_cvar_vgpsub' is ignored because it contains an expression which is invalid or not supported by native evaluator. 
        Further occurrences of this warning will be suppressed. {"history": "Interactive.77", "point": 11, "testname": "TRAN_VDD_PULSE", "cornername": "CMOS_RES_CAP_TEMP_9"}
[2026-05-26 09:42:56.237 Z] [INFO] [cadence.virtuoso.ade.simulationMonitor] - Notice from spectre during topology check.
    No DC path from node `net19' to ground, Gmin installed to provide path. {"history": "Interactive.77", "point": 11, "testname": "TRAN_VDD_PULSE", "cornername": "CMOS_RES_CAP_TEMP_9"}
[2026-05-26 09:42:56.237 Z] [INFO] [cadence.virtuoso.ade.simulationMonitor] - Notice from spectre during initial setup.
    Multithreading is disabled due to the size of the design being too small. {"history": "Interactive.77", "point": 11, "testname": "TRAN_VDD_PULSE", "cornername": "CMOS_RES_CAP_TEMP_9"}
[2026-05-26 09:42:56.237 Z] [INFO] [cadence.virtuoso.ade.simulationMonitor] -               nodes 784 {"history": "Interactive.77", "point": 11, "testname": "TRAN_VDD_PULSE", "cornername": "CMOS_RES_CAP_TEMP_9"}
[2026-05-26 09:42:56.237 Z] [INFO] [cadence.virtuoso.ade.simulationMonitor] - Notice from spectre during initial setup.
    4 vsources are shorted because their absolute value is less than or equal to 'vabsshort'.
    Spectre X preset=mx enabled. {"history": "Interactive.77", "point": 11, "testname": "TRAN_VDD_PULSE", "cornername": "CMOS_RES_CAP_TEMP_9"}
[2026-05-26 09:42:56.237 Z] [INFO] [cadence.virtuoso.ade.simulationMonitor] - Peak resident memory used = 215 Mbytes. {"history": "Interactive.77", "point": 11, "testname": "TRAN_VDD_PULSE", "cornername": "CMOS_RES_CAP_TEMP_9"}
[2026-05-26 09:42:56.237 Z] [INFO] [cadence.virtuoso.ade.simulationMonitor] -    -   (Spectre X) Multi-threading. The recommended number of threads is 1, consider adding +mt=1 on command line. {"history": "Interactive.77", "point": 11, "testname": "TRAN_VDD_PULSE", "cornername": "CMOS_RES_CAP_TEMP_9"}
[2026-05-26 09:42:56.237 Z] [INFO] [cadence.virtuoso.ade.simulationMonitor] - Notice from spectre during DC analysis `dcOp'.
    No checklimit analysis defined for asserts. A default checklimit analysis 'SpectreChecklimitAnal' has been created with all asserts enabled. {"history": "Interactive.77", "point": 11, "testname": "TRAN_VDD_PULSE", "cornername": "CMOS_RES_CAP_TEMP_9"}
[2026-05-26 09:42:56.237 Z] [INFO] [cadence.virtuoso.ade.simulationMonitor] - Notice from spectre during DC analysis `dcOp'.
    GminDC = 1 pS is large enough to noticeably affect the DC solution.
        dV(I19.I2.C1.d1) = 912.01 uV
        Use the `gmin_check' option to eliminate or expand this report. {"history": "Interactive.77", "point": 11, "testname": "TRAN_VDD_PULSE", "cornername": "CMOS_RES_CAP_TEMP_9"}
[2026-05-26 09:42:56.238 Z] [WARN] [cadence.virtuoso.ade.simulationMonitor] -     WARNING (CMI-2943): Parameter checks have been ignored because the valid value for parameter 'trise' could not be found in 'C0'. {"history": "Interactive.77", "point": 11, "testname": "TRAN_VDD_PULSE", "cornername": "CMOS_RES_CAP_TEMP_9"}
[2026-05-26 09:42:56.238 Z] [WARN] [cadence.virtuoso.ade.simulationMonitor] -     WARNING (CMI-2943): Parameter checks have been ignored because the valid value for parameter 'trise' could not be found in 'C3'. {"history": "Interactive.77", "point": 11, "testname": "TRAN_VDD_PULSE", "cornername": "CMOS_RES_CAP_TEMP_9"}
[2026-05-26 09:42:56.238 Z] [WARN] [cadence.virtuoso.ade.simulationMonitor] -     WARNING (CMI-2943): Parameter checks have been ignored because the valid value for parameter 'trise' could not be found in 'C4'. {"history": "Interactive.77", "point": 11, "testname": "TRAN_VDD_PULSE", "cornername": "CMOS_RES_CAP_TEMP_9"}
[2026-05-26 09:42:56.238 Z] [WARN] [cadence.virtuoso.ade.simulationMonitor] -     WARNING (CMI-2943): Parameter checks have been ignored because the valid value for parameter 'trise' could not be found in 'C5'. {"history": "Interactive.77", "point": 11, "testname": "TRAN_VDD_PULSE", "cornername": "CMOS_RES_CAP_TEMP_9"}
[2026-05-26 09:42:56.238 Z] [WARN] [cadence.virtuoso.ade.simulationMonitor] -     WARNING (CMI-2943): Parameter checks have been ignored because the valid value for parameter 'trise' could not be found in 'I19.I4.C9<0>_turbo_m6.C1'.
        Further occurrences of this warning will be suppressed. {"history": "Interactive.77", "point": 11, "testname": "TRAN_VDD_PULSE", "cornername": "CMOS_RES_CAP_TEMP_9"}
[2026-05-26 09:42:56.238 Z] [INFO] [cadence.virtuoso.ade.simulationMonitor] - Total time required for dc analysis `dcOp': CPU = 55.383 ms, elapsed = 72.8509 ms, util. = 76%. {"history": "Interactive.77", "point": 11, "testname": "TRAN_VDD_PULSE", "cornername": "CMOS_RES_CAP_TEMP_9"}
[2026-05-26 09:42:56.238 Z] [INFO] [cadence.virtuoso.ade.simulationMonitor] - Peak resident memory used = 225 Mbytes. {"history": "Interactive.77", "point": 11, "testname": "TRAN_VDD_PULSE", "cornername": "CMOS_RES_CAP_TEMP_9"}
[2026-05-26 09:42:56.238 Z] [INFO] [cadence.virtuoso.ade.simulationMonitor] - Notice from spectre.
    246 warnings suppressed. {"history": "Interactive.77", "point": 11, "testname": "TRAN_VDD_PULSE", "cornername": "CMOS_RES_CAP_TEMP_9"}
[2026-05-26 09:42:56.238 Z] [INFO] [cadence.virtuoso.ade.simulationMonitor] - Notice from spectre during IC analysis, during transient analysis `tran'.
    GminDC = 1 pS is large enough to noticeably affect the DC solution.
        dV(I19.I2.C1.d1) = 912.01 uV
        Use the `gmin_check' option to eliminate or expand this report. {"history": "Interactive.77", "point": 11, "testname": "TRAN_VDD_PULSE", "cornername": "CMOS_RES_CAP_TEMP_9"}
[2026-05-26 09:42:56.238 Z] [WARN] [cadence.virtuoso.ade.simulationMonitor] -     WARNING (CMI-2943): Parameter checks have been ignored because the valid value for parameter 'trise' could not be found in 'C0'. {"history": "Interactive.77", "point": 11, "testname": "TRAN_VDD_PULSE", "cornername": "CMOS_RES_CAP_TEMP_9"}
[2026-05-26 09:42:56.238 Z] [WARN] [cadence.virtuoso.ade.simulationMonitor] -     WARNING (CMI-2943): Parameter checks have been ignored because the valid value for parameter 'trise' could not be found in 'C3'. {"history": "Interactive.77", "point": 11, "testname": "TRAN_VDD_PULSE", "cornername": "CMOS_RES_CAP_TEMP_9"}
[2026-05-26 09:42:56.238 Z] [WARN] [cadence.virtuoso.ade.simulationMonitor] -     WARNING (CMI-2943): Parameter checks have been ignored because the valid value for parameter 'trise' could not be found in 'C4'. {"history": "Interactive.77", "point": 11, "testname": "TRAN_VDD_PULSE", "cornername": "CMOS_RES_CAP_TEMP_9"}
[2026-05-26 09:42:56.239 Z] [WARN] [cadence.virtuoso.ade.simulationMonitor] -     WARNING (CMI-2943): Parameter checks have been ignored because the valid value for parameter 'trise' could not be found in 'C5'. {"history": "Interactive.77", "point": 11, "testname": "TRAN_VDD_PULSE", "cornername": "CMOS_RES_CAP_TEMP_9"}
[2026-05-26 09:42:56.239 Z] [WARN] [cadence.virtuoso.ade.simulationMonitor] -     WARNING (CMI-2943): Parameter checks have been ignored because the valid value for parameter 'trise' could not be found in 'I19.I4.C9<0>_turbo_m6.C1'.
        Further occurrences of this warning will be suppressed. {"history": "Interactive.77", "point": 11, "testname": "TRAN_VDD_PULSE", "cornername": "CMOS_RES_CAP_TEMP_9"}
[2026-05-26 09:42:56.239 Z] [INFO] [cadence.virtuoso.ade.simulationMonitor] - Notice from spectre during transient analysis `tran'.
    Multithreading is disabled due to the size of the design being too small. {"history": "Interactive.77", "point": 11, "testname": "TRAN_VDD_PULSE", "cornername": "CMOS_RES_CAP_TEMP_9"}
[2026-05-26 09:44:30.264 Z] [INFO] [cadence.virtuoso.ade.simulationMonitor] - Total time required for tran analysis `tran': CPU = 93.5071 s (1m  33.5s), elapsed = 93.8811 s (1m  33.9s), util. = 99.6%. {"history": "Interactive.77", "point": 11, "testname": "TRAN_VDD_PULSE", "cornername": "CMOS_RES_CAP_TEMP_9"}
[2026-05-26 09:44:30.264 Z] [INFO] [cadence.virtuoso.ade.simulationMonitor] - Peak resident memory used = 232 Mbytes. {"history": "Interactive.77", "point": 11, "testname": "TRAN_VDD_PULSE", "cornername": "CMOS_RES_CAP_TEMP_9"}
[2026-05-26 09:44:30.264 Z] [INFO] [cadence.virtuoso.ade.simulationMonitor] - Notice from spectre.
    246 warnings suppressed. {"history": "Interactive.77", "point": 11, "testname": "TRAN_VDD_PULSE", "cornername": "CMOS_RES_CAP_TEMP_9"}
[2026-05-26 09:44:30.264 Z] [WARN] [cadence.virtuoso.ade.simulationMonitor] -     WARNING (SPECTRE-16518): An arithmetic exception occurred in analysis `finalTimeOP' . Use `+diagnose' command-line option to get more information. {"history": "Interactive.77", "point": 11, "testname": "TRAN_VDD_PULSE", "cornername": "CMOS_RES_CAP_TEMP_9"}
[2026-05-26 09:44:30.264 Z] [WARN] [cadence.virtuoso.ade.simulationMonitor] -     WARNING (CMI-2425): I19.I2.C1: `Acde' = 2.393 is unusually large. {"history": "Interactive.77", "point": 11, "testname": "TRAN_VDD_PULSE", "cornername": "CMOS_RES_CAP_TEMP_9"}
[2026-05-26 09:44:30.264 Z] [WARN] [cadence.virtuoso.ade.simulationMonitor] -     WARNING (CMI-2425): I19.I2.C1: `Noff' = 4.732 is unusually large. {"history": "Interactive.77", "point": 11, "testname": "TRAN_VDD_PULSE", "cornername": "CMOS_RES_CAP_TEMP_9"}
[2026-05-26 09:44:30.264 Z] [WARN] [cadence.virtuoso.ade.simulationMonitor] -     WARNING (CMI-2424): I19.I2.C1: `Voffcv' = -867.4e-03 is unusually small. {"history": "Interactive.77", "point": 11, "testname": "TRAN_VDD_PULSE", "cornername": "CMOS_RES_CAP_TEMP_9"}
[2026-05-26 09:44:30.264 Z] [WARN] [cadence.virtuoso.ade.simulationMonitor] -     WARNING (CMI-2425): I19.I8.C0: `Acde' = 2.393 is unusually large. {"history": "Interactive.77", "point": 11, "testname": "TRAN_VDD_PULSE", "cornername": "CMOS_RES_CAP_TEMP_9"}
[2026-05-26 09:44:30.264 Z] [WARN] [cadence.virtuoso.ade.simulationMonitor] -     WARNING (CMI-2425): I19.I8.C0: `Noff' = 4.732 is unusually large. {"history": "Interactive.77", "point": 11, "testname": "TRAN_VDD_PULSE", "cornername": "CMOS_RES_CAP_TEMP_9"}
[2026-05-26 09:44:30.264 Z] [WARN] [cadence.virtuoso.ade.simulationMonitor] -     WARNING (CMI-2424): I19.I8.C0: `Voffcv' = -867.4e-03 is unusually small. {"history": "Interactive.77", "point": 11, "testname": "TRAN_VDD_PULSE", "cornername": "CMOS_RES_CAP_TEMP_9"}
[2026-05-26 09:44:30.265 Z] [WARN] [cadence.virtuoso.ade.simulationMonitor] -     WARNING (CMI-2425): I19.I8.C1: `Acde' = 2.393 is unusually large.
        Further occurrences of this warning will be suppressed. {"history": "Interactive.77", "point": 11, "testname": "TRAN_VDD_PULSE", "cornername": "CMOS_RES_CAP_TEMP_9"}
[2026-05-26 09:44:30.265 Z] [WARN] [cadence.virtuoso.ade.simulationMonitor] -     WARNING (CMI-2424): I19.I8.C1: `Voffcv' = -867.4e-03 is unusually small. {"history": "Interactive.77", "point": 11, "testname": "TRAN_VDD_PULSE", "cornername": "CMOS_RES_CAP_TEMP_9"}
[2026-05-26 09:44:30.265 Z] [WARN] [cadence.virtuoso.ade.simulationMonitor] -     WARNING (CMI-2424): I19.I14.C1: `Voffcv' = -867.4e-03 is unusually small. {"history": "Interactive.77", "point": 11, "testname": "TRAN_VDD_PULSE", "cornername": "CMOS_RES_CAP_TEMP_9"}
[2026-05-26 09:44:30.265 Z] [WARN] [cadence.virtuoso.ade.simulationMonitor] -     WARNING (CMI-2424): I19.I14.C4: `Voffcv' = -867.4e-03 is unusually small.
        Further occurrences of this warning will be suppressed. {"history": "Interactive.77", "point": 11, "testname": "TRAN_VDD_PULSE", "cornername": "CMOS_RES_CAP_TEMP_9"}
[2026-05-26 09:44:30.265 Z] [INFO] [cadence.virtuoso.ade.simulationMonitor] - Notice from spectre.
    56 warnings suppressed. {"history": "Interactive.77", "point": 11, "testname": "TRAN_VDD_PULSE", "cornername": "CMOS_RES_CAP_TEMP_9"}
[2026-05-26 09:44:30.265 Z] [WARN] [cadence.virtuoso.ade.simulationMonitor] -     WARNING (CMI-2425): I19.I2.C1: `Acde' = 2.393 is unusually large. {"history": "Interactive.77", "point": 11, "testname": "TRAN_VDD_PULSE", "cornername": "CMOS_RES_CAP_TEMP_9"}
[2026-05-26 09:44:30.265 Z] [WARN] [cadence.virtuoso.ade.simulationMonitor] -     WARNING (CMI-2425): I19.I2.C1: `Noff' = 4.732 is unusually large. {"history": "Interactive.77", "point": 11, "testname": "TRAN_VDD_PULSE", "cornername": "CMOS_RES_CAP_TEMP_9"}
[2026-05-26 09:44:30.265 Z] [WARN] [cadence.virtuoso.ade.simulationMonitor] -     WARNING (CMI-2424): I19.I2.C1: `Voffcv' = -867.4e-03 is unusually small. {"history": "Interactive.77", "point": 11, "testname": "TRAN_VDD_PULSE", "cornername": "CMOS_RES_CAP_TEMP_9"}
[2026-05-26 09:44:30.265 Z] [WARN] [cadence.virtuoso.ade.simulationMonitor] -     WARNING (CMI-2425): I19.I8.C0: `Acde' = 2.393 is unusually large. {"history": "Interactive.77", "point": 11, "testname": "TRAN_VDD_PULSE", "cornername": "CMOS_RES_CAP_TEMP_9"}
[2026-05-26 09:44:30.265 Z] [WARN] [cadence.virtuoso.ade.simulationMonitor] -     WARNING (CMI-2425): I19.I8.C0: `Noff' = 4.732 is unusually large. {"history": "Interactive.77", "point": 11, "testname": "TRAN_VDD_PULSE", "cornername": "CMOS_RES_CAP_TEMP_9"}
[2026-05-26 09:44:30.265 Z] [WARN] [cadence.virtuoso.ade.simulationMonitor] -     WARNING (CMI-2424): I19.I8.C0: `Voffcv' = -867.4e-03 is unusually small. {"history": "Interactive.77", "point": 11, "testname": "TRAN_VDD_PULSE", "cornername": "CMOS_RES_CAP_TEMP_9"}
[2026-05-26 09:44:30.265 Z] [WARN] [cadence.virtuoso.ade.simulationMonitor] -     WARNING (CMI-2425): I19.I8.C1: `Acde' = 2.393 is unusually large.
        Further occurrences of this warning will be suppressed. {"history": "Interactive.77", "point": 11, "testname": "TRAN_VDD_PULSE", "cornername": "CMOS_RES_CAP_TEMP_9"}
[2026-05-26 09:44:30.265 Z] [WARN] [cadence.virtuoso.ade.simulationMonitor] -     WARNING (CMI-2424): I19.I8.C1: `Voffcv' = -867.4e-03 is unusually small. {"history": "Interactive.77", "point": 11, "testname": "TRAN_VDD_PULSE", "cornername": "CMOS_RES_CAP_TEMP_9"}
[2026-05-26 09:44:30.265 Z] [WARN] [cadence.virtuoso.ade.simulationMonitor] -     WARNING (CMI-2424): I19.I14.C1: `Voffcv' = -867.4e-03 is unusually small. {"history": "Interactive.77", "point": 11, "testname": "TRAN_VDD_PULSE", "cornername": "CMOS_RES_CAP_TEMP_9"}
[2026-05-26 09:44:30.265 Z] [WARN] [cadence.virtuoso.ade.simulationMonitor] -     WARNING (CMI-2424): I19.I14.C4: `Voffcv' = -867.4e-03 is unusually small.
        Further occurrences of this warning will be suppressed. {"history": "Interactive.77", "point": 11, "testname": "TRAN_VDD_PULSE", "cornername": "CMOS_RES_CAP_TEMP_9"}
[2026-05-26 09:44:30.265 Z] [INFO] [cadence.virtuoso.ade.simulationMonitor] - Notice from spectre.
    59 warnings suppressed. {"history": "Interactive.77", "point": 11, "testname": "TRAN_VDD_PULSE", "cornername": "CMOS_RES_CAP_TEMP_9"}
[2026-05-26 09:44:30.266 Z] [WARN] [cadence.virtuoso.ade.simulationMonitor] -     WARNING (CMI-2425): I19.I2.C1: `Acde' = 2.393 is unusually large. {"history": "Interactive.77", "point": 11, "testname": "TRAN_VDD_PULSE", "cornername": "CMOS_RES_CAP_TEMP_9"}
[2026-05-26 09:44:30.266 Z] [WARN] [cadence.virtuoso.ade.simulationMonitor] -     WARNING (CMI-2425): I19.I2.C1: `Noff' = 4.732 is unusually large. {"history": "Interactive.77", "point": 11, "testname": "TRAN_VDD_PULSE", "cornername": "CMOS_RES_CAP_TEMP_9"}
[2026-05-26 09:44:30.266 Z] [WARN] [cadence.virtuoso.ade.simulationMonitor] -     WARNING (CMI-2424): I19.I2.C1: `Voffcv' = -867.4e-03 is unusually small. {"history": "Interactive.77", "point": 11, "testname": "TRAN_VDD_PULSE", "cornername": "CMOS_RES_CAP_TEMP_9"}
[2026-05-26 09:44:30.266 Z] [WARN] [cadence.virtuoso.ade.simulationMonitor] -     WARNING (CMI-2425): I19.I8.C0: `Acde' = 2.393 is unusually large. {"history": "Interactive.77", "point": 11, "testname": "TRAN_VDD_PULSE", "cornername": "CMOS_RES_CAP_TEMP_9"}
[2026-05-26 09:44:30.266 Z] [WARN] [cadence.virtuoso.ade.simulationMonitor] -     WARNING (CMI-2425): I19.I8.C0: `Noff' = 4.732 is unusually large. {"history": "Interactive.77", "point": 11, "testname": "TRAN_VDD_PULSE", "cornername": "CMOS_RES_CAP_TEMP_9"}
[2026-05-26 09:44:30.266 Z] [WARN] [cadence.virtuoso.ade.simulationMonitor] -     WARNING (CMI-2424): I19.I8.C0: `Voffcv' = -867.4e-03 is unusually small. {"history": "Interactive.77", "point": 11, "testname": "TRAN_VDD_PULSE", "cornername": "CMOS_RES_CAP_TEMP_9"}
[2026-05-26 09:44:30.266 Z] [WARN] [cadence.virtuoso.ade.simulationMonitor] -     WARNING (CMI-2425): I19.I8.C1: `Acde' = 2.393 is unusually large.
        Further occurrences of this warning will be suppressed. {"history": "Interactive.77", "point": 11, "testname": "TRAN_VDD_PULSE", "cornername": "CMOS_RES_CAP_TEMP_9"}
[2026-05-26 09:44:30.266 Z] [WARN] [cadence.virtuoso.ade.simulationMonitor] -     WARNING (CMI-2424): I19.I8.C1: `Voffcv' = -867.4e-03 is unusually small. {"history": "Interactive.77", "point": 11, "testname": "TRAN_VDD_PULSE", "cornername": "CMOS_RES_CAP_TEMP_9"}
[2026-05-26 09:44:30.266 Z] [WARN] [cadence.virtuoso.ade.simulationMonitor] -     WARNING (CMI-2424): I19.I14.C1: `Voffcv' = -867.4e-03 is unusually small. {"history": "Interactive.77", "point": 11, "testname": "TRAN_VDD_PULSE", "cornername": "CMOS_RES_CAP_TEMP_9"}
[2026-05-26 09:44:30.266 Z] [WARN] [cadence.virtuoso.ade.simulationMonitor] -     WARNING (CMI-2424): I19.I14.C4: `Voffcv' = -867.4e-03 is unusually small.
        Further occurrences of this warning will be suppressed. {"history": "Interactive.77", "point": 11, "testname": "TRAN_VDD_PULSE", "cornername": "CMOS_RES_CAP_TEMP_9"}
[2026-05-26 09:44:30.266 Z] [INFO] [cadence.virtuoso.ade.simulationMonitor] - Notice from spectre.
    56 warnings suppressed. {"history": "Interactive.77", "point": 11, "testname": "TRAN_VDD_PULSE", "cornername": "CMOS_RES_CAP_TEMP_9"}
[2026-05-26 09:44:30.266 Z] [WARN] [cadence.virtuoso.ade.simulationMonitor] -     WARNING (CMI-2425): I19.I2.C1: `Acde' = 2.393 is unusually large. {"history": "Interactive.77", "point": 11, "testname": "TRAN_VDD_PULSE", "cornername": "CMOS_RES_CAP_TEMP_9"}
[2026-05-26 09:44:30.266 Z] [WARN] [cadence.virtuoso.ade.simulationMonitor] -     WARNING (CMI-2425): I19.I2.C1: `Noff' = 4.732 is unusually large. {"history": "Interactive.77", "point": 11, "testname": "TRAN_VDD_PULSE", "cornername": "CMOS_RES_CAP_TEMP_9"}
[2026-05-26 09:44:30.266 Z] [WARN] [cadence.virtuoso.ade.simulationMonitor] -     WARNING (CMI-2424): I19.I2.C1: `Voffcv' = -867.4e-03 is unusually small. {"history": "Interactive.77", "point": 11, "testname": "TRAN_VDD_PULSE", "cornername": "CMOS_RES_CAP_TEMP_9"}
[2026-05-26 09:44:30.266 Z] [WARN] [cadence.virtuoso.ade.simulationMonitor] -     WARNING (CMI-2425): I19.I8.C0: `Acde' = 2.393 is unusually large. {"history": "Interactive.77", "point": 11, "testname": "TRAN_VDD_PULSE", "cornername": "CMOS_RES_CAP_TEMP_9"}
[2026-05-26 09:44:30.267 Z] [WARN] [cadence.virtuoso.ade.simulationMonitor] -     WARNING (CMI-2425): I19.I8.C0: `Noff' = 4.732 is unusually large. {"history": "Interactive.77", "point": 11, "testname": "TRAN_VDD_PULSE", "cornername": "CMOS_RES_CAP_TEMP_9"}
[2026-05-26 09:44:30.267 Z] [WARN] [cadence.virtuoso.ade.simulationMonitor] -     WARNING (CMI-2424): I19.I8.C0: `Voffcv' = -867.4e-03 is unusually small. {"history": "Interactive.77", "point": 11, "testname": "TRAN_VDD_PULSE", "cornername": "CMOS_RES_CAP_TEMP_9"}
[2026-05-26 09:44:30.267 Z] [WARN] [cadence.virtuoso.ade.simulationMonitor] -     WARNING (CMI-2425): I19.I8.C1: `Acde' = 2.393 is unusually large.
        Further occurrences of this warning will be suppressed. {"history": "Interactive.77", "point": 11, "testname": "TRAN_VDD_PULSE", "cornername": "CMOS_RES_CAP_TEMP_9"}
[2026-05-26 09:44:30.267 Z] [WARN] [cadence.virtuoso.ade.simulationMonitor] -     WARNING (CMI-2424): I19.I8.C1: `Voffcv' = -867.4e-03 is unusually small. {"history": "Interactive.77", "point": 11, "testname": "TRAN_VDD_PULSE", "cornername": "CMOS_RES_CAP_TEMP_9"}
[2026-05-26 09:44:30.267 Z] [WARN] [cadence.virtuoso.ade.simulationMonitor] -     WARNING (CMI-2424): I19.I14.C1: `Voffcv' = -867.4e-03 is unusually small. {"history": "Interactive.77", "point": 11, "testname": "TRAN_VDD_PULSE", "cornername": "CMOS_RES_CAP_TEMP_9"}
[2026-05-26 09:44:30.267 Z] [WARN] [cadence.virtuoso.ade.simulationMonitor] -     WARNING (CMI-2424): I19.I14.C4: `Voffcv' = -867.4e-03 is unusually small.
        Further occurrences of this warning will be suppressed. {"history": "Interactive.77", "point": 11, "testname": "TRAN_VDD_PULSE", "cornername": "CMOS_RES_CAP_TEMP_9"}
[2026-05-26 09:44:30.267 Z] [INFO] [cadence.virtuoso.ade.simulationMonitor] - Notice from spectre.
    56 warnings suppressed. {"history": "Interactive.77", "point": 11, "testname": "TRAN_VDD_PULSE", "cornername": "CMOS_RES_CAP_TEMP_9"}
[2026-05-26 09:44:30.267 Z] [INFO] [cadence.virtuoso.ade.simulationMonitor] - Time used: CPU = 93.9 s (1m  33.9s), elapsed = 94.6 s (1m  34.6s), util. = 99.3%. {"history": "Interactive.77", "point": 11, "testname": "TRAN_VDD_PULSE", "cornername": "CMOS_RES_CAP_TEMP_9"}
[2026-05-26 09:44:30.267 Z] [INFO] [cadence.virtuoso.ade.simulationMonitor] - Time spent in licensing: elapsed = 38.4 ms. {"history": "Interactive.77", "point": 11, "testname": "TRAN_VDD_PULSE", "cornername": "CMOS_RES_CAP_TEMP_9"}
[2026-05-26 09:44:30.267 Z] [INFO] [cadence.virtuoso.ade.simulationMonitor] - Peak memory used = 232 Mbytes. {"history": "Interactive.77", "point": 11, "testname": "TRAN_VDD_PULSE", "cornername": "CMOS_RES_CAP_TEMP_9"}
[2026-05-26 09:44:30.267 Z] [PROCESS] [cadence.virtuoso.ade.simulationMonitor] - Simulation started at: 9:42:55 AM, Tue May 26, 2026, ended at: 9:44:29 AM, Tue May 26, 2026, with elapsed time (wall clock): 94.6 s (1m  34.6s). {"history": "Interactive.77", "point": 11, "testname": "TRAN_VDD_PULSE", "cornername": "CMOS_RES_CAP_TEMP_9"}
[2026-05-26 09:44:30.267 Z] [PROCESS] [cadence.virtuoso.ade.simulationMonitor] - spectre completes with 0 errors, 97 warnings, and 31 notices. {"history": "Interactive.77", "point": 11, "testname": "TRAN_VDD_PULSE", "cornername": "CMOS_RES_CAP_TEMP_9"}
[2026-05-26 09:44:30.267 Z] [PROCESS] [cadence.virtuoso.ade.simulationMonitor] - Finished simulating for one point {"hostname": "edatools", "processid": 244791, "history": "Interactive.77", "testname": "TRAN_VDD_PULSE", "cornername": "CMOS_RES_CAP_TEMP_9", "point": 11, "logfile": "/home/saul/projects/IL2244_VT26_SAUL/logs_saul/logs0/Job47.log", "simid": "2"}
[2026-05-26 09:44:30.267 Z] [PROCESS] [cadence.virtuoso.ade.simulationMonitor] - Simulator exited {"hostname": "edatools", "processid": 244791, "history": "Interactive.77", "testname": "TRAN_VDD_PULSE", "cornername": "CMOS_RES_CAP_TEMP_9", "point": 11, "logfile": "/home/saul/projects/IL2244_VT26_SAUL/logs_saul/logs0/Job47.log", "exitStatus": "0"}
[2026-05-26 09:44:30.267 Z] [PROCESS] [cadence.virtuoso.ade.simulationMonitor] - Finished Simulation {"hostname": "edatools", "processid": 244791, "history": "Interactive.77", "testname": "TRAN_VDD_PULSE", "cornername": "CMOS_RES_CAP_TEMP_9", "point": 11, "logfile": "/home/saul/projects/IL2244_VT26_SAUL/logs_saul/logs0/Job47.log", "simid": "2"}
[2026-05-26 09:44:31.773 Z] [PROCESS] [cadence.virtuoso.ade.simulationMonitor] - Point Finished {"hostname": "edatools", "processid": 244791, "history": "Interactive.77", "testname": "TRAN_VDD_PULSE", "cornername": "CMOS_RES_CAP_TEMP_9", "point": 11, "logfile": "/home/saul/projects/IL2244_VT26_SAUL/logs_saul/logs0/Job47.log"}
[2026-05-26 09:44:31.774 Z] [PROCESS] [cadence.virtuoso.ade.simulationMonitor] - HostInfo:
Host name (type):	edatools (x86_64)
Operating system:	Linux 6.17.0-29-generic #29~24.04.1-Ubuntu SMP PREEMPT_DYNAMIC Mon May 11 10:30:58 UTC 2 {"hostname": "edatools", "processid": 244791, "history": "Interactive.77", "testname": "TRAN_VDD_PULSE", "cornername": "CMOS_RES_CAP_TEMP_9", "point": 11, "logfile": "/home/saul/projects/IL2244_VT26_SAUL/logs_saul/logs0/Job47.log", "nodename": "edatools", "domainname": "(none)", "machine": "x86_64", "sysname": "Linux", "release": "6.17.0-29-generic", "version": "#29~24.04.1-Ubuntu SMP PREEMPT_DYNAMIC Mon May 11 10:30:58 UTC 2"}
[2026-05-26 09:44:31.774 Z] [PROCESS] [cadence.virtuoso.ade.simulationMonitor] - UsageInfo:
pid=244791
totalPhysicalMemory=62.544987GB,Used=44.384796GB,totalVirtualMemory=70.544983GB,Used=44.384796GB
Cpu: Cores=16, Load average:5.790000,2.940000,1.230000 {"hostname": "edatools", "processid": 244791, "history": "Interactive.77", "testname": "TRAN_VDD_PULSE", "cornername": "CMOS_RES_CAP_TEMP_9", "point": 11, "logfile": "/home/saul/projects/IL2244_VT26_SAUL/logs_saul/logs0/Job47.log", "pid": "244791", "totalPhysicalMemory": "62.544987", "physicalMemoryUsed": "44.384796", "totalVirtualMemory": "70.544983", "virtualMemoryUsed": "44.384796", "cpuCores": "16", "processes": "1670", "loadAverage1": "5.790000", "loadAverage5": "2.940000", "loadAverage15": "1.230000", "loadAverage1Percent": "0.361875"}
[2026-05-26 09:44:31.774 Z] [EVENT] [cadence.virtuoso.ade.simulationMonitor] - NewPoint {"history": "Interactive.77", "point": 16, "testname": "TRAN_VDD_PULSE", "cornername": "CMOS_RES_CAP_TEMP_14", "event": "NewPoint", "EventSource": "Simulation Monitor", "HistoryName": "Interactive.77", "logFile": "/home/saul/projects/IL2244_VT26_SAUL/logs_saul/logs0/Job47.log", "logFileSize": "86483"}
[2026-05-26 09:44:31.875 Z] [EVENT] [cadence.virtuoso.ade.simulationMonitor] - NewPoint {"history": "Interactive.77", "point": 16, "testname": "TRAN_VDD_PULSE", "cornername": "CMOS_RES_CAP_TEMP_14", "event": "NewPoint", "EventSource": "spectre", "HistoryName": "Interactive.77", "logFile": "/home/saul/projects/IL2244_VT26_SAUL/Sim/FECG/fecg_front_end_tran_tb/maestro/results/maestro/Interactive.77/16/TRAN_VDD_PULSE/psf/spectre.out", "logFileSize": "-1"}
[2026-05-26 09:44:31.879 Z] [PROCESS] [cadence.virtuoso.ade.simulationMonitor] - Simulator launched {"hostname": "edatools", "processid": 244791, "history": "Interactive.77", "testname": "TRAN_VDD_PULSE", "cornername": "CMOS_RES_CAP_TEMP_14", "point": 16, "logfile": "/home/saul/projects/IL2244_VT26_SAUL/logs_saul/logs0/Job47.log", "simid": "3"}
[2026-05-26 09:44:31.892 Z] [PROCESS] [cadence.virtuoso.ade.simulationMonitor] - Started Simulation {"hostname": "edatools", "processid": 244791, "history": "Interactive.77", "testname": "TRAN_VDD_PULSE", "cornername": "CMOS_RES_CAP_TEMP_14", "point": 16, "logfile": "/home/saul/projects/IL2244_VT26_SAUL/logs_saul/logs0/Job47.log", "event": "started", "task": "simulation"}
[2026-05-26 09:44:32.392 Z] [INFO] [cadence.virtuoso.ade.simulationMonitor] - Notice from spectre during circuit read-in.
    Pre_Configuration file used: /opt/tools/cadence/installs/SPECTRE241/tools.lnx86/spectre/etc/configs/preset.precfg
    Configuration file used: `/opt/tools/cadence/installs/SPECTRE241/tools.lnx86/spectre/etc/configs/preset.cfg'. {"history": "Interactive.77", "point": 16, "testname": "TRAN_VDD_PULSE", "cornername": "CMOS_RES_CAP_TEMP_14"}
[2026-05-26 09:44:32.392 Z] [WARN] [cadence.virtuoso.ade.simulationMonitor] -     WARNING (SPECTRE-8360): line 1511: `ac' is an undefined primitive device. {"history": "Interactive.77", "point": 16, "testname": "TRAN_VDD_PULSE", "cornername": "CMOS_RES_CAP_TEMP_14"}
[2026-05-26 09:44:32.392 Z] [WARN] [cadence.virtuoso.ade.simulationMonitor] -     WARNING (SPECTRE-8360): line 1512: `ac' is an undefined primitive device. {"history": "Interactive.77", "point": 16, "testname": "TRAN_VDD_PULSE", "cornername": "CMOS_RES_CAP_TEMP_14"}
[2026-05-26 09:44:32.392 Z] [WARN] [cadence.virtuoso.ade.simulationMonitor] -     WARNING (SPECTRE-8360): line 1513: `ac' is an undefined primitive device. {"history": "Interactive.77", "point": 16, "testname": "TRAN_VDD_PULSE", "cornername": "CMOS_RES_CAP_TEMP_14"}
[2026-05-26 09:44:32.392 Z] [WARN] [cadence.virtuoso.ade.simulationMonitor] -     WARNING (SPECTRE-8360): line 1514: `ac' is an undefined primitive device. {"history": "Interactive.77", "point": 16, "testname": "TRAN_VDD_PULSE", "cornername": "CMOS_RES_CAP_TEMP_14"}
[2026-05-26 09:44:32.392 Z] [WARN] [cadence.virtuoso.ade.simulationMonitor] -     WARNING (SPECTRE-8360): line 1515: `ac' is an undefined primitive device.
        Further occurrences of this warning will be suppressed. {"history": "Interactive.77", "point": 16, "testname": "TRAN_VDD_PULSE", "cornername": "CMOS_RES_CAP_TEMP_14"}
[2026-05-26 09:44:32.393 Z] [INFO] [cadence.virtuoso.ade.simulationMonitor] - Peak resident memory used = 173 Mbytes. {"history": "Interactive.77", "point": 16, "testname": "TRAN_VDD_PULSE", "cornername": "CMOS_RES_CAP_TEMP_14"}
[2026-05-26 09:44:32.393 Z] [WARN] [cadence.virtuoso.ade.simulationMonitor] -     WARNING (VACOMP-2435): The environment variable CDS_AHDLCMI_ENABLE is no longer supported. Therefore, the simulator will use the default compiled C code flow. {"history": "Interactive.77", "point": 16, "testname": "TRAN_VDD_PULSE", "cornername": "CMOS_RES_CAP_TEMP_14"}
[2026-05-26 09:44:32.393 Z] [WARN] [cadence.virtuoso.ade.simulationMonitor] -     WARNING (SFE-3014): The floating device I19.I0.I5.MN14<0>_turbo_m4 is removed. {"history": "Interactive.77", "point": 16, "testname": "TRAN_VDD_PULSE", "cornername": "CMOS_RES_CAP_TEMP_14"}
[2026-05-26 09:44:32.393 Z] [WARN] [cadence.virtuoso.ade.simulationMonitor] -     WARNING (SFE-3012): The dummy device I19.I4.MP16<0>_turbo_m41 is removed. {"history": "Interactive.77", "point": 16, "testname": "TRAN_VDD_PULSE", "cornername": "CMOS_RES_CAP_TEMP_14"}
[2026-05-26 09:44:32.393 Z] [WARN] [cadence.virtuoso.ade.simulationMonitor] -     WARNING (SFE-3014): The floating device I19.I8.MN57<0>_turbo_m28 is removed. {"history": "Interactive.77", "point": 16, "testname": "TRAN_VDD_PULSE", "cornername": "CMOS_RES_CAP_TEMP_14"}
[2026-05-26 09:44:32.393 Z] [WARN] [cadence.virtuoso.ade.simulationMonitor] -     WARNING (SFE-3012): The dummy device I19.I14.MP13<0>_turbo_m4 is removed. {"history": "Interactive.77", "point": 16, "testname": "TRAN_VDD_PULSE", "cornername": "CMOS_RES_CAP_TEMP_14"}
[2026-05-26 09:44:32.393 Z] [WARN] [cadence.virtuoso.ade.simulationMonitor] -     WARNING (SFE-3031): The floating capacitor I19.I12.C10<0>_turbo_m12.C1 is removed. {"history": "Interactive.77", "point": 16, "testname": "TRAN_VDD_PULSE", "cornername": "CMOS_RES_CAP_TEMP_14"}
[2026-05-26 09:44:32.393 Z] [WARN] [cadence.virtuoso.ade.simulationMonitor] -     WARNING (SFE-3014): The floating device I19.I2.MN37<0>_turbo_m4 is removed. {"history": "Interactive.77", "point": 16, "testname": "TRAN_VDD_PULSE", "cornername": "CMOS_RES_CAP_TEMP_14"}
[2026-05-26 09:44:32.393 Z] [WARN] [cadence.virtuoso.ade.simulationMonitor] -     WARNING (SFE-3012): The dummy device I19.I0.I5.MP12<0>_turbo_m2 is removed. {"history": "Interactive.77", "point": 16, "testname": "TRAN_VDD_PULSE", "cornername": "CMOS_RES_CAP_TEMP_14"}
[2026-05-26 09:44:32.393 Z] [WARN] [cadence.virtuoso.ade.simulationMonitor] -     WARNING (SFE-3014): The floating device I19.I0.MN13<0>_turbo_m4 is removed. {"history": "Interactive.77", "point": 16, "testname": "TRAN_VDD_PULSE", "cornername": "CMOS_RES_CAP_TEMP_14"}
[2026-05-26 09:44:32.393 Z] [WARN] [cadence.virtuoso.ade.simulationMonitor] -     WARNING (SFE-3012): The dummy device I19.I0.I3.MP13<0>_turbo_m4 is removed. {"history": "Interactive.77", "point": 16, "testname": "TRAN_VDD_PULSE", "cornername": "CMOS_RES_CAP_TEMP_14"}
[2026-05-26 09:44:32.393 Z] [WARN] [cadence.virtuoso.ade.simulationMonitor] -     WARNING (SFE-3031): The floating capacitor I19.I12.C6<0>_turbo_m3.C1 is removed. {"history": "Interactive.77", "point": 16, "testname": "TRAN_VDD_PULSE", "cornername": "CMOS_RES_CAP_TEMP_14"}
[2026-05-26 09:44:32.393 Z] [WARN] [cadence.virtuoso.ade.simulationMonitor] -     WARNING (SFE-3012): The dummy device I19.I0.MP11<0>_turbo_m4 is removed.
        Further occurrences of this warning will be suppressed. {"history": "Interactive.77", "point": 16, "testname": "TRAN_VDD_PULSE", "cornername": "CMOS_RES_CAP_TEMP_14"}
[2026-05-26 09:44:32.393 Z] [WARN] [cadence.virtuoso.ade.simulationMonitor] -     WARNING (SFE-3031): The floating capacitor I19.I11.C7<0>_turbo_m3.C1 is removed. {"history": "Interactive.77", "point": 16, "testname": "TRAN_VDD_PULSE", "cornername": "CMOS_RES_CAP_TEMP_14"}
[2026-05-26 09:44:32.393 Z] [WARN] [cadence.virtuoso.ade.simulationMonitor] -     WARNING (SFE-3014): The floating device I19.I12.MN57<0>_turbo_m28 is removed.
        Further occurrences of this warning will be suppressed. {"history": "Interactive.77", "point": 16, "testname": "TRAN_VDD_PULSE", "cornername": "CMOS_RES_CAP_TEMP_14"}
[2026-05-26 09:44:32.394 Z] [WARN] [cadence.virtuoso.ade.simulationMonitor] -     WARNING (SFE-3031): The floating capacitor I19.I11.C10<0>_turbo_m12.C1 is removed. {"history": "Interactive.77", "point": 16, "testname": "TRAN_VDD_PULSE", "cornername": "CMOS_RES_CAP_TEMP_14"}
[2026-05-26 09:44:32.394 Z] [WARN] [cadence.virtuoso.ade.simulationMonitor] -     WARNING (SFE-3031): The floating capacitor I19.I12.C7<0>_turbo_m3.C1 is removed.
        Further occurrences of this warning will be suppressed. {"history": "Interactive.77", "point": 16, "testname": "TRAN_VDD_PULSE", "cornername": "CMOS_RES_CAP_TEMP_14"}
[2026-05-26 09:44:32.394 Z] [INFO] [cadence.virtuoso.ade.simulationMonitor] - Peak resident memory used = 188 Mbytes. {"history": "Interactive.77", "point": 16, "testname": "TRAN_VDD_PULSE", "cornername": "CMOS_RES_CAP_TEMP_14"}
[2026-05-26 09:44:32.394 Z] [INFO] [cadence.virtuoso.ade.simulationMonitor] - Notice from spectre during hierarchy flattening.
    The value 'psf' specified for the 'checklimitdest' option will no longer be supported in future releases. Use 'spectre -h' to see other recommended values for the 'checklimitdest' option.
    I19.I0.R10.CS0 of rpolyhc: `c' has the unusually small value of 0 F.
    I19.I0.R10.CS1 of rpolyhc: `c' has the unusually small value of 0 F.
    I19.I0.R9.CS0 of rpolyhc: `c' has the unusually small value of 0 F.
    I19.I0.R9.CS1 of rpolyhc: `c' has the unusually ... {"history": "Interactive.77", "point": 16, "testname": "TRAN_VDD_PULSE", "cornername": "CMOS_RES_CAP_TEMP_14"}
[2026-05-26 09:44:32.394 Z] [INFO] [cadence.virtuoso.ade.simulationMonitor] - Notice from spectre during hierarchy flattening.
    V17: `period' has the unusually large value of 20 s.
    V17: `width' has the unusually large value of 19 s.
    V16: `period' has the unusually large value of 10 s.
    V16: `width' has the unusually large value of 9 s.
    V9: `period' has the unusually large value of 10 s.
        Further occurrences of this notice will be suppressed. {"history": "Interactive.77", "point": 16, "testname": "TRAN_VDD_PULSE", "cornername": "CMOS_RES_CAP_TEMP_14"}
[2026-05-26 09:44:32.394 Z] [INFO] [cadence.virtuoso.ade.simulationMonitor] - Peak resident memory used = 192 Mbytes. {"history": "Interactive.77", "point": 16, "testname": "TRAN_VDD_PULSE", "cornername": "CMOS_RES_CAP_TEMP_14"}
[2026-05-26 09:44:32.394 Z] [WARN] [cadence.virtuoso.ade.simulationMonitor] -     WARNING (CMI-2425): I19.I0.C2: `Acde' = 2.393 is unusually large. {"history": "Interactive.77", "point": 16, "testname": "TRAN_VDD_PULSE", "cornername": "CMOS_RES_CAP_TEMP_14"}
[2026-05-26 09:44:32.394 Z] [WARN] [cadence.virtuoso.ade.simulationMonitor] -     WARNING (CMI-2425): I19.I0.C2: `Noff' = 4.732 is unusually large. {"history": "Interactive.77", "point": 16, "testname": "TRAN_VDD_PULSE", "cornername": "CMOS_RES_CAP_TEMP_14"}
[2026-05-26 09:44:32.394 Z] [WARN] [cadence.virtuoso.ade.simulationMonitor] -     WARNING (CMI-2424): I19.I0.C2: `Voffcv' = -867.4e-03 is unusually small. {"history": "Interactive.77", "point": 16, "testname": "TRAN_VDD_PULSE", "cornername": "CMOS_RES_CAP_TEMP_14"}
[2026-05-26 09:44:32.394 Z] [WARN] [cadence.virtuoso.ade.simulationMonitor] -     WARNING (CMI-2425): I19.I0.C3: `Acde' = 2.393 is unusually large. {"history": "Interactive.77", "point": 16, "testname": "TRAN_VDD_PULSE", "cornername": "CMOS_RES_CAP_TEMP_14"}
[2026-05-26 09:44:32.394 Z] [WARN] [cadence.virtuoso.ade.simulationMonitor] -     WARNING (CMI-2425): I19.I0.C3: `Noff' = 4.732 is unusually large. {"history": "Interactive.77", "point": 16, "testname": "TRAN_VDD_PULSE", "cornername": "CMOS_RES_CAP_TEMP_14"}
[2026-05-26 09:44:32.394 Z] [WARN] [cadence.virtuoso.ade.simulationMonitor] -     WARNING (CMI-2424): I19.I0.C3: `Voffcv' = -867.4e-03 is unusually small. {"history": "Interactive.77", "point": 16, "testname": "TRAN_VDD_PULSE", "cornername": "CMOS_RES_CAP_TEMP_14"}
[2026-05-26 09:44:32.394 Z] [WARN] [cadence.virtuoso.ade.simulationMonitor] -     WARNING (CMI-2425): I19.I0.C0: `Acde' = 2.393 is unusually large.
        Further occurrences of this warning will be suppressed. {"history": "Interactive.77", "point": 16, "testname": "TRAN_VDD_PULSE", "cornername": "CMOS_RES_CAP_TEMP_14"}
[2026-05-26 09:44:32.394 Z] [WARN] [cadence.virtuoso.ade.simulationMonitor] -     WARNING (CMI-2424): I19.I0.C0: `Voffcv' = -867.4e-03 is unusually small. {"history": "Interactive.77", "point": 16, "testname": "TRAN_VDD_PULSE", "cornername": "CMOS_RES_CAP_TEMP_14"}
[2026-05-26 09:44:32.395 Z] [WARN] [cadence.virtuoso.ade.simulationMonitor] -     WARNING (CMI-2424): I19.I0.I3.C1: `Voffcv' = -867.4e-03 is unusually small. {"history": "Interactive.77", "point": 16, "testname": "TRAN_VDD_PULSE", "cornername": "CMOS_RES_CAP_TEMP_14"}
[2026-05-26 09:44:32.395 Z] [WARN] [cadence.virtuoso.ade.simulationMonitor] -     WARNING (CMI-2424): I19.I0.C1<0>_turbo_m5: `Voffcv' = -867.4e-03 is unusually small.
        Further occurrences of this warning will be suppressed. {"history": "Interactive.77", "point": 16, "testname": "TRAN_VDD_PULSE", "cornername": "CMOS_RES_CAP_TEMP_14"}
[2026-05-26 09:44:32.895 Z] [WARN] [cadence.virtuoso.ade.simulationMonitor] -     WARNING (SPECTRE-17607): Assert `SOAC_rpolyh_vminuspsub' is ignored because it contains an expression which is invalid or not supported by native evaluator.  {"history": "Interactive.77", "point": 16, "testname": "TRAN_VDD_PULSE", "cornername": "CMOS_RES_CAP_TEMP_14"}
[2026-05-26 09:44:32.895 Z] [WARN] [cadence.virtuoso.ade.simulationMonitor] -     WARNING (SPECTRE-17607): Assert `SOAC_rpolyh_vpluspsub' is ignored because it contains an expression which is invalid or not supported by native evaluator.  {"history": "Interactive.77", "point": 16, "testname": "TRAN_VDD_PULSE", "cornername": "CMOS_RES_CAP_TEMP_14"}
[2026-05-26 09:44:32.895 Z] [WARN] [cadence.virtuoso.ade.simulationMonitor] -     WARNING (SPECTRE-16460): SOAC_cvarm_vspsub:Specified subcircuit master `cvarm' was not found. {"history": "Interactive.77", "point": 16, "testname": "TRAN_VDD_PULSE", "cornername": "CMOS_RES_CAP_TEMP_14"}
[2026-05-26 09:44:32.895 Z] [WARN] [cadence.virtuoso.ade.simulationMonitor] -     WARNING (SPECTRE-16462): SOAC_cvarm_vspsub:Error in specification of subcircuit master. Assert is ignored. {"history": "Interactive.77", "point": 16, "testname": "TRAN_VDD_PULSE", "cornername": "CMOS_RES_CAP_TEMP_14"}
[2026-05-26 09:44:32.895 Z] [WARN] [cadence.virtuoso.ade.simulationMonitor] -     WARNING (SPECTRE-16460): SOAC_cvarm_vbs:Specified subcircuit master `cvarm' was not found. {"history": "Interactive.77", "point": 16, "testname": "TRAN_VDD_PULSE", "cornername": "CMOS_RES_CAP_TEMP_14"}
[2026-05-26 09:44:32.896 Z] [WARN] [cadence.virtuoso.ade.simulationMonitor] -     WARNING (SPECTRE-16462): SOAC_cvarm_vbs:Error in specification of subcircuit master. Assert is ignored. {"history": "Interactive.77", "point": 16, "testname": "TRAN_VDD_PULSE", "cornername": "CMOS_RES_CAP_TEMP_14"}
[2026-05-26 09:44:32.896 Z] [WARN] [cadence.virtuoso.ade.simulationMonitor] -     WARNING (SPECTRE-16460): SOAC_cvarm_vgb:Specified subcircuit master `cvarm' was not found. {"history": "Interactive.77", "point": 16, "testname": "TRAN_VDD_PULSE", "cornername": "CMOS_RES_CAP_TEMP_14"}
[2026-05-26 09:44:32.896 Z] [WARN] [cadence.virtuoso.ade.simulationMonitor] -     WARNING (SPECTRE-16462): SOAC_cvarm_vgb:Error in specification of subcircuit master. Assert is ignored. {"history": "Interactive.77", "point": 16, "testname": "TRAN_VDD_PULSE", "cornername": "CMOS_RES_CAP_TEMP_14"}
[2026-05-26 09:44:32.896 Z] [WARN] [cadence.virtuoso.ade.simulationMonitor] -     WARNING (SPECTRE-16460): SOAC_cvart_vspsub:Specified subcircuit master `cvart' was not found. {"history": "Interactive.77", "point": 16, "testname": "TRAN_VDD_PULSE", "cornername": "CMOS_RES_CAP_TEMP_14"}
[2026-05-26 09:44:32.896 Z] [WARN] [cadence.virtuoso.ade.simulationMonitor] -     WARNING (SPECTRE-16462): SOAC_cvart_vspsub:Error in specification of subcircuit master. Assert is ignored. {"history": "Interactive.77", "point": 16, "testname": "TRAN_VDD_PULSE", "cornername": "CMOS_RES_CAP_TEMP_14"}
[2026-05-26 09:44:32.896 Z] [WARN] [cadence.virtuoso.ade.simulationMonitor] -     WARNING (SPECTRE-16460): SOAC_cvart_vbs:Specified subcircuit master `cvart' was not found.
        Further occurrences of this warning will be suppressed. {"history": "Interactive.77", "point": 16, "testname": "TRAN_VDD_PULSE", "cornername": "CMOS_RES_CAP_TEMP_14"}
[2026-05-26 09:44:32.896 Z] [WARN] [cadence.virtuoso.ade.simulationMonitor] -     WARNING (SPECTRE-16462): SOAC_cvart_vbs:Error in specification of subcircuit master. Assert is ignored.
        Further occurrences of this warning will be suppressed. {"history": "Interactive.77", "point": 16, "testname": "TRAN_VDD_PULSE", "cornername": "CMOS_RES_CAP_TEMP_14"}
[2026-05-26 09:44:32.896 Z] [WARN] [cadence.virtuoso.ade.simulationMonitor] -     WARNING (SPECTRE-17607): Assert `SOAC_cvar_vspsub' is ignored because it contains an expression which is invalid or not supported by native evaluator.  {"history": "Interactive.77", "point": 16, "testname": "TRAN_VDD_PULSE", "cornername": "CMOS_RES_CAP_TEMP_14"}
[2026-05-26 09:44:32.896 Z] [WARN] [cadence.virtuoso.ade.simulationMonitor] -     WARNING (SPECTRE-17607): Assert `SOAC_cvar_vbpsub' is ignored because it contains an expression which is invalid or not supported by native evaluator.  {"history": "Interactive.77", "point": 16, "testname": "TRAN_VDD_PULSE", "cornername": "CMOS_RES_CAP_TEMP_14"}
[2026-05-26 09:44:32.896 Z] [WARN] [cadence.virtuoso.ade.simulationMonitor] -     WARNING (SPECTRE-17607): Assert `SOAC_cvar_vgpsub' is ignored because it contains an expression which is invalid or not supported by native evaluator. 
        Further occurrences of this warning will be suppressed. {"history": "Interactive.77", "point": 16, "testname": "TRAN_VDD_PULSE", "cornername": "CMOS_RES_CAP_TEMP_14"}
[2026-05-26 09:44:32.896 Z] [INFO] [cadence.virtuoso.ade.simulationMonitor] - Notice from spectre during topology check.
    No DC path from node `net19' to ground, Gmin installed to provide path. {"history": "Interactive.77", "point": 16, "testname": "TRAN_VDD_PULSE", "cornername": "CMOS_RES_CAP_TEMP_14"}
[2026-05-26 09:44:32.896 Z] [INFO] [cadence.virtuoso.ade.simulationMonitor] - Notice from spectre during initial setup.
    Multithreading is disabled due to the size of the design being too small. {"history": "Interactive.77", "point": 16, "testname": "TRAN_VDD_PULSE", "cornername": "CMOS_RES_CAP_TEMP_14"}
[2026-05-26 09:44:32.896 Z] [INFO] [cadence.virtuoso.ade.simulationMonitor] -               nodes 784 {"history": "Interactive.77", "point": 16, "testname": "TRAN_VDD_PULSE", "cornername": "CMOS_RES_CAP_TEMP_14"}
[2026-05-26 09:44:32.897 Z] [INFO] [cadence.virtuoso.ade.simulationMonitor] - Notice from spectre during initial setup.
    4 vsources are shorted because their absolute value is less than or equal to 'vabsshort'.
    Spectre X preset=mx enabled.
    18 notices suppressed.
    154 warnings suppressed. {"history": "Interactive.77", "point": 16, "testname": "TRAN_VDD_PULSE", "cornername": "CMOS_RES_CAP_TEMP_14"}
[2026-05-26 09:44:32.897 Z] [INFO] [cadence.virtuoso.ade.simulationMonitor] - Peak resident memory used = 213 Mbytes. {"history": "Interactive.77", "point": 16, "testname": "TRAN_VDD_PULSE", "cornername": "CMOS_RES_CAP_TEMP_14"}
[2026-05-26 09:44:32.897 Z] [INFO] [cadence.virtuoso.ade.simulationMonitor] -    -   (Spectre X) Multi-threading. The recommended number of threads is 1, consider adding +mt=1 on command line. {"history": "Interactive.77", "point": 16, "testname": "TRAN_VDD_PULSE", "cornername": "CMOS_RES_CAP_TEMP_14"}
[2026-05-26 09:44:32.897 Z] [INFO] [cadence.virtuoso.ade.simulationMonitor] - Notice from spectre during DC analysis `dcOp'.
    No checklimit analysis defined for asserts. A default checklimit analysis 'SpectreChecklimitAnal' has been created with all asserts enabled. {"history": "Interactive.77", "point": 16, "testname": "TRAN_VDD_PULSE", "cornername": "CMOS_RES_CAP_TEMP_14"}
[2026-05-26 09:44:32.897 Z] [INFO] [cadence.virtuoso.ade.simulationMonitor] - Notice from spectre during DC analysis `dcOp'.
    GminDC = 1 pS is large enough to noticeably affect the DC solution.
        dV(I19.I2.C1.d1) = 1.67296 mV
        Use the `gmin_check' option to eliminate or expand this report.
    Bad pivoting is found during DC analysis. Option dc_pivot_check=yes is recommended for possible improvement of convergence. {"history": "Interactive.77", "point": 16, "testname": "TRAN_VDD_PULSE", "cornername": "CMOS_RES_CAP_TEMP_14"}
[2026-05-26 09:44:32.897 Z] [WARN] [cadence.virtuoso.ade.simulationMonitor] -     WARNING (CMI-2943): Parameter checks have been ignored because the valid value for parameter 'trise' could not be found in 'C0'. {"history": "Interactive.77", "point": 16, "testname": "TRAN_VDD_PULSE", "cornername": "CMOS_RES_CAP_TEMP_14"}
[2026-05-26 09:44:32.897 Z] [WARN] [cadence.virtuoso.ade.simulationMonitor] -     WARNING (CMI-2943): Parameter checks have been ignored because the valid value for parameter 'trise' could not be found in 'C3'. {"history": "Interactive.77", "point": 16, "testname": "TRAN_VDD_PULSE", "cornername": "CMOS_RES_CAP_TEMP_14"}
[2026-05-26 09:44:32.897 Z] [WARN] [cadence.virtuoso.ade.simulationMonitor] -     WARNING (CMI-2943): Parameter checks have been ignored because the valid value for parameter 'trise' could not be found in 'C4'. {"history": "Interactive.77", "point": 16, "testname": "TRAN_VDD_PULSE", "cornername": "CMOS_RES_CAP_TEMP_14"}
[2026-05-26 09:44:32.897 Z] [WARN] [cadence.virtuoso.ade.simulationMonitor] -     WARNING (CMI-2943): Parameter checks have been ignored because the valid value for parameter 'trise' could not be found in 'C5'. {"history": "Interactive.77", "point": 16, "testname": "TRAN_VDD_PULSE", "cornername": "CMOS_RES_CAP_TEMP_14"}
[2026-05-26 09:44:32.897 Z] [WARN] [cadence.virtuoso.ade.simulationMonitor] -     WARNING (CMI-2943): Parameter checks have been ignored because the valid value for parameter 'trise' could not be found in 'I19.I4.C9<0>_turbo_m6.C1'.
        Further occurrences of this warning will be suppressed. {"history": "Interactive.77", "point": 16, "testname": "TRAN_VDD_PULSE", "cornername": "CMOS_RES_CAP_TEMP_14"}
[2026-05-26 09:44:32.897 Z] [INFO] [cadence.virtuoso.ade.simulationMonitor] - Total time required for dc analysis `dcOp': CPU = 53.078 ms, elapsed = 69.1469 ms, util. = 76.8%. {"history": "Interactive.77", "point": 16, "testname": "TRAN_VDD_PULSE", "cornername": "CMOS_RES_CAP_TEMP_14"}
[2026-05-26 09:44:32.897 Z] [INFO] [cadence.virtuoso.ade.simulationMonitor] - Peak resident memory used = 223 Mbytes. {"history": "Interactive.77", "point": 16, "testname": "TRAN_VDD_PULSE", "cornername": "CMOS_RES_CAP_TEMP_14"}
[2026-05-26 09:44:32.897 Z] [INFO] [cadence.virtuoso.ade.simulationMonitor] - Notice from spectre.
    246 warnings suppressed. {"history": "Interactive.77", "point": 16, "testname": "TRAN_VDD_PULSE", "cornername": "CMOS_RES_CAP_TEMP_14"}
[2026-05-26 09:44:32.897 Z] [INFO] [cadence.virtuoso.ade.simulationMonitor] - Notice from spectre during IC analysis, during transient analysis `tran'.
    GminDC = 1 pS is large enough to noticeably affect the DC solution.
        dV(I19.I2.C1.d1) = 1.67296 mV
        Use the `gmin_check' option to eliminate or expand this report.
    Bad pivoting is found during DC analysis. Option dc_pivot_check=yes is recommended for possible improvement of convergence. {"history": "Interactive.77", "point": 16, "testname": "TRAN_VDD_PULSE", "cornername": "CMOS_RES_CAP_TEMP_14"}
[2026-05-26 09:44:32.898 Z] [WARN] [cadence.virtuoso.ade.simulationMonitor] -     WARNING (CMI-2943): Parameter checks have been ignored because the valid value for parameter 'trise' could not be found in 'C0'. {"history": "Interactive.77", "point": 16, "testname": "TRAN_VDD_PULSE", "cornername": "CMOS_RES_CAP_TEMP_14"}
[2026-05-26 09:44:32.898 Z] [WARN] [cadence.virtuoso.ade.simulationMonitor] -     WARNING (CMI-2943): Parameter checks have been ignored because the valid value for parameter 'trise' could not be found in 'C3'. {"history": "Interactive.77", "point": 16, "testname": "TRAN_VDD_PULSE", "cornername": "CMOS_RES_CAP_TEMP_14"}
[2026-05-26 09:44:32.898 Z] [WARN] [cadence.virtuoso.ade.simulationMonitor] -     WARNING (CMI-2943): Parameter checks have been ignored because the valid value for parameter 'trise' could not be found in 'C4'. {"history": "Interactive.77", "point": 16, "testname": "TRAN_VDD_PULSE", "cornername": "CMOS_RES_CAP_TEMP_14"}
[2026-05-26 09:44:32.898 Z] [WARN] [cadence.virtuoso.ade.simulationMonitor] -     WARNING (CMI-2943): Parameter checks have been ignored because the valid value for parameter 'trise' could not be found in 'C5'. {"history": "Interactive.77", "point": 16, "testname": "TRAN_VDD_PULSE", "cornername": "CMOS_RES_CAP_TEMP_14"}
[2026-05-26 09:44:32.898 Z] [WARN] [cadence.virtuoso.ade.simulationMonitor] -     WARNING (CMI-2943): Parameter checks have been ignored because the valid value for parameter 'trise' could not be found in 'I19.I4.C9<0>_turbo_m6.C1'.
        Further occurrences of this warning will be suppressed. {"history": "Interactive.77", "point": 16, "testname": "TRAN_VDD_PULSE", "cornername": "CMOS_RES_CAP_TEMP_14"}
[2026-05-26 09:44:32.898 Z] [INFO] [cadence.virtuoso.ade.simulationMonitor] - Notice from spectre during transient analysis `tran'.
    Multithreading is disabled due to the size of the design being too small. {"history": "Interactive.77", "point": 16, "testname": "TRAN_VDD_PULSE", "cornername": "CMOS_RES_CAP_TEMP_14"}
[2026-05-26 09:46:04.923 Z] [INFO] [cadence.virtuoso.ade.simulationMonitor] - Total time required for tran analysis `tran': CPU = 91.6539 s (1m  31.7s), elapsed = 91.9939 s (1m  32.0s), util. = 99.6%. {"history": "Interactive.77", "point": 16, "testname": "TRAN_VDD_PULSE", "cornername": "CMOS_RES_CAP_TEMP_14"}
[2026-05-26 09:46:04.923 Z] [INFO] [cadence.virtuoso.ade.simulationMonitor] - Peak resident memory used = 230 Mbytes. {"history": "Interactive.77", "point": 16, "testname": "TRAN_VDD_PULSE", "cornername": "CMOS_RES_CAP_TEMP_14"}
[2026-05-26 09:46:04.923 Z] [INFO] [cadence.virtuoso.ade.simulationMonitor] - Notice from spectre.
    246 warnings suppressed. {"history": "Interactive.77", "point": 16, "testname": "TRAN_VDD_PULSE", "cornername": "CMOS_RES_CAP_TEMP_14"}
[2026-05-26 09:46:04.923 Z] [WARN] [cadence.virtuoso.ade.simulationMonitor] -     WARNING (CMI-2425): I19.I2.C1: `Acde' = 2.393 is unusually large. {"history": "Interactive.77", "point": 16, "testname": "TRAN_VDD_PULSE", "cornername": "CMOS_RES_CAP_TEMP_14"}
[2026-05-26 09:46:04.923 Z] [WARN] [cadence.virtuoso.ade.simulationMonitor] -     WARNING (CMI-2425): I19.I2.C1: `Noff' = 4.732 is unusually large. {"history": "Interactive.77", "point": 16, "testname": "TRAN_VDD_PULSE", "cornername": "CMOS_RES_CAP_TEMP_14"}
[2026-05-26 09:46:04.924 Z] [WARN] [cadence.virtuoso.ade.simulationMonitor] -     WARNING (CMI-2424): I19.I2.C1: `Voffcv' = -867.4e-03 is unusually small. {"history": "Interactive.77", "point": 16, "testname": "TRAN_VDD_PULSE", "cornername": "CMOS_RES_CAP_TEMP_14"}
[2026-05-26 09:46:04.924 Z] [WARN] [cadence.virtuoso.ade.simulationMonitor] -     WARNING (CMI-2425): I19.I8.C0: `Acde' = 2.393 is unusually large. {"history": "Interactive.77", "point": 16, "testname": "TRAN_VDD_PULSE", "cornername": "CMOS_RES_CAP_TEMP_14"}
[2026-05-26 09:46:04.924 Z] [WARN] [cadence.virtuoso.ade.simulationMonitor] -     WARNING (CMI-2425): I19.I8.C0: `Noff' = 4.732 is unusually large. {"history": "Interactive.77", "point": 16, "testname": "TRAN_VDD_PULSE", "cornername": "CMOS_RES_CAP_TEMP_14"}
[2026-05-26 09:46:04.924 Z] [WARN] [cadence.virtuoso.ade.simulationMonitor] -     WARNING (CMI-2424): I19.I8.C0: `Voffcv' = -867.4e-03 is unusually small. {"history": "Interactive.77", "point": 16, "testname": "TRAN_VDD_PULSE", "cornername": "CMOS_RES_CAP_TEMP_14"}
[2026-05-26 09:46:04.924 Z] [WARN] [cadence.virtuoso.ade.simulationMonitor] -     WARNING (CMI-2425): I19.I8.C1: `Acde' = 2.393 is unusually large.
        Further occurrences of this warning will be suppressed. {"history": "Interactive.77", "point": 16, "testname": "TRAN_VDD_PULSE", "cornername": "CMOS_RES_CAP_TEMP_14"}
[2026-05-26 09:46:04.924 Z] [WARN] [cadence.virtuoso.ade.simulationMonitor] -     WARNING (CMI-2424): I19.I8.C1: `Voffcv' = -867.4e-03 is unusually small. {"history": "Interactive.77", "point": 16, "testname": "TRAN_VDD_PULSE", "cornername": "CMOS_RES_CAP_TEMP_14"}
[2026-05-26 09:46:04.924 Z] [WARN] [cadence.virtuoso.ade.simulationMonitor] -     WARNING (CMI-2424): I19.I14.C1: `Voffcv' = -867.4e-03 is unusually small. {"history": "Interactive.77", "point": 16, "testname": "TRAN_VDD_PULSE", "cornername": "CMOS_RES_CAP_TEMP_14"}
[2026-05-26 09:46:04.924 Z] [WARN] [cadence.virtuoso.ade.simulationMonitor] -     WARNING (CMI-2424): I19.I14.C4: `Voffcv' = -867.4e-03 is unusually small.
        Further occurrences of this warning will be suppressed. {"history": "Interactive.77", "point": 16, "testname": "TRAN_VDD_PULSE", "cornername": "CMOS_RES_CAP_TEMP_14"}
[2026-05-26 09:46:04.924 Z] [INFO] [cadence.virtuoso.ade.simulationMonitor] - Notice from spectre.
    56 warnings suppressed. {"history": "Interactive.77", "point": 16, "testname": "TRAN_VDD_PULSE", "cornername": "CMOS_RES_CAP_TEMP_14"}
[2026-05-26 09:46:04.924 Z] [WARN] [cadence.virtuoso.ade.simulationMonitor] -     WARNING (CMI-2425): I19.I2.C1: `Acde' = 2.393 is unusually large. {"history": "Interactive.77", "point": 16, "testname": "TRAN_VDD_PULSE", "cornername": "CMOS_RES_CAP_TEMP_14"}
[2026-05-26 09:46:04.924 Z] [WARN] [cadence.virtuoso.ade.simulationMonitor] -     WARNING (CMI-2425): I19.I2.C1: `Noff' = 4.732 is unusually large. {"history": "Interactive.77", "point": 16, "testname": "TRAN_VDD_PULSE", "cornername": "CMOS_RES_CAP_TEMP_14"}
[2026-05-26 09:46:04.924 Z] [WARN] [cadence.virtuoso.ade.simulationMonitor] -     WARNING (CMI-2424): I19.I2.C1: `Voffcv' = -867.4e-03 is unusually small. {"history": "Interactive.77", "point": 16, "testname": "TRAN_VDD_PULSE", "cornername": "CMOS_RES_CAP_TEMP_14"}
[2026-05-26 09:46:04.924 Z] [WARN] [cadence.virtuoso.ade.simulationMonitor] -     WARNING (CMI-2425): I19.I8.C0: `Acde' = 2.393 is unusually large. {"history": "Interactive.77", "point": 16, "testname": "TRAN_VDD_PULSE", "cornername": "CMOS_RES_CAP_TEMP_14"}
[2026-05-26 09:46:04.925 Z] [WARN] [cadence.virtuoso.ade.simulationMonitor] -     WARNING (CMI-2425): I19.I8.C0: `Noff' = 4.732 is unusually large. {"history": "Interactive.77", "point": 16, "testname": "TRAN_VDD_PULSE", "cornername": "CMOS_RES_CAP_TEMP_14"}
[2026-05-26 09:46:04.925 Z] [WARN] [cadence.virtuoso.ade.simulationMonitor] -     WARNING (CMI-2424): I19.I8.C0: `Voffcv' = -867.4e-03 is unusually small. {"history": "Interactive.77", "point": 16, "testname": "TRAN_VDD_PULSE", "cornername": "CMOS_RES_CAP_TEMP_14"}
[2026-05-26 09:46:04.925 Z] [WARN] [cadence.virtuoso.ade.simulationMonitor] -     WARNING (CMI-2425): I19.I8.C1: `Acde' = 2.393 is unusually large.
        Further occurrences of this warning will be suppressed. {"history": "Interactive.77", "point": 16, "testname": "TRAN_VDD_PULSE", "cornername": "CMOS_RES_CAP_TEMP_14"}
[2026-05-26 09:46:04.925 Z] [WARN] [cadence.virtuoso.ade.simulationMonitor] -     WARNING (CMI-2424): I19.I8.C1: `Voffcv' = -867.4e-03 is unusually small. {"history": "Interactive.77", "point": 16, "testname": "TRAN_VDD_PULSE", "cornername": "CMOS_RES_CAP_TEMP_14"}
[2026-05-26 09:46:04.925 Z] [WARN] [cadence.virtuoso.ade.simulationMonitor] -     WARNING (CMI-2424): I19.I14.C1: `Voffcv' = -867.4e-03 is unusually small. {"history": "Interactive.77", "point": 16, "testname": "TRAN_VDD_PULSE", "cornername": "CMOS_RES_CAP_TEMP_14"}
[2026-05-26 09:46:04.925 Z] [WARN] [cadence.virtuoso.ade.simulationMonitor] -     WARNING (CMI-2424): I19.I14.C4: `Voffcv' = -867.4e-03 is unusually small.
        Further occurrences of this warning will be suppressed. {"history": "Interactive.77", "point": 16, "testname": "TRAN_VDD_PULSE", "cornername": "CMOS_RES_CAP_TEMP_14"}
[2026-05-26 09:46:04.925 Z] [INFO] [cadence.virtuoso.ade.simulationMonitor] - Notice from spectre.
    59 warnings suppressed. {"history": "Interactive.77", "point": 16, "testname": "TRAN_VDD_PULSE", "cornername": "CMOS_RES_CAP_TEMP_14"}
[2026-05-26 09:46:05.425 Z] [WARN] [cadence.virtuoso.ade.simulationMonitor] -     WARNING (CMI-2425): I19.I2.C1: `Acde' = 2.393 is unusually large. {"history": "Interactive.77", "point": 16, "testname": "TRAN_VDD_PULSE", "cornername": "CMOS_RES_CAP_TEMP_14"}
[2026-05-26 09:46:05.425 Z] [WARN] [cadence.virtuoso.ade.simulationMonitor] -     WARNING (CMI-2425): I19.I2.C1: `Noff' = 4.732 is unusually large. {"history": "Interactive.77", "point": 16, "testname": "TRAN_VDD_PULSE", "cornername": "CMOS_RES_CAP_TEMP_14"}
[2026-05-26 09:46:05.426 Z] [WARN] [cadence.virtuoso.ade.simulationMonitor] -     WARNING (CMI-2424): I19.I2.C1: `Voffcv' = -867.4e-03 is unusually small. {"history": "Interactive.77", "point": 16, "testname": "TRAN_VDD_PULSE", "cornername": "CMOS_RES_CAP_TEMP_14"}
[2026-05-26 09:46:05.426 Z] [WARN] [cadence.virtuoso.ade.simulationMonitor] -     WARNING (CMI-2425): I19.I8.C0: `Acde' = 2.393 is unusually large. {"history": "Interactive.77", "point": 16, "testname": "TRAN_VDD_PULSE", "cornername": "CMOS_RES_CAP_TEMP_14"}
[2026-05-26 09:46:05.426 Z] [WARN] [cadence.virtuoso.ade.simulationMonitor] -     WARNING (CMI-2425): I19.I8.C0: `Noff' = 4.732 is unusually large. {"history": "Interactive.77", "point": 16, "testname": "TRAN_VDD_PULSE", "cornername": "CMOS_RES_CAP_TEMP_14"}
[2026-05-26 09:46:05.426 Z] [WARN] [cadence.virtuoso.ade.simulationMonitor] -     WARNING (CMI-2424): I19.I8.C0: `Voffcv' = -867.4e-03 is unusually small. {"history": "Interactive.77", "point": 16, "testname": "TRAN_VDD_PULSE", "cornername": "CMOS_RES_CAP_TEMP_14"}
[2026-05-26 09:46:05.426 Z] [WARN] [cadence.virtuoso.ade.simulationMonitor] -     WARNING (CMI-2425): I19.I8.C1: `Acde' = 2.393 is unusually large.
        Further occurrences of this warning will be suppressed. {"history": "Interactive.77", "point": 16, "testname": "TRAN_VDD_PULSE", "cornername": "CMOS_RES_CAP_TEMP_14"}
[2026-05-26 09:46:05.426 Z] [WARN] [cadence.virtuoso.ade.simulationMonitor] -     WARNING (CMI-2424): I19.I8.C1: `Voffcv' = -867.4e-03 is unusually small. {"history": "Interactive.77", "point": 16, "testname": "TRAN_VDD_PULSE", "cornername": "CMOS_RES_CAP_TEMP_14"}
[2026-05-26 09:46:05.426 Z] [WARN] [cadence.virtuoso.ade.simulationMonitor] -     WARNING (CMI-2424): I19.I14.C1: `Voffcv' = -867.4e-03 is unusually small. {"history": "Interactive.77", "point": 16, "testname": "TRAN_VDD_PULSE", "cornername": "CMOS_RES_CAP_TEMP_14"}
[2026-05-26 09:46:05.426 Z] [WARN] [cadence.virtuoso.ade.simulationMonitor] -     WARNING (CMI-2424): I19.I14.C4: `Voffcv' = -867.4e-03 is unusually small.
        Further occurrences of this warning will be suppressed. {"history": "Interactive.77", "point": 16, "testname": "TRAN_VDD_PULSE", "cornername": "CMOS_RES_CAP_TEMP_14"}
[2026-05-26 09:46:05.426 Z] [INFO] [cadence.virtuoso.ade.simulationMonitor] - Notice from spectre.
    56 warnings suppressed. {"history": "Interactive.77", "point": 16, "testname": "TRAN_VDD_PULSE", "cornername": "CMOS_RES_CAP_TEMP_14"}
[2026-05-26 09:46:05.426 Z] [WARN] [cadence.virtuoso.ade.simulationMonitor] -     WARNING (CMI-2425): I19.I2.C1: `Acde' = 2.393 is unusually large. {"history": "Interactive.77", "point": 16, "testname": "TRAN_VDD_PULSE", "cornername": "CMOS_RES_CAP_TEMP_14"}
[2026-05-26 09:46:05.426 Z] [WARN] [cadence.virtuoso.ade.simulationMonitor] -     WARNING (CMI-2425): I19.I2.C1: `Noff' = 4.732 is unusually large. {"history": "Interactive.77", "point": 16, "testname": "TRAN_VDD_PULSE", "cornername": "CMOS_RES_CAP_TEMP_14"}
[2026-05-26 09:46:05.426 Z] [WARN] [cadence.virtuoso.ade.simulationMonitor] -     WARNING (CMI-2424): I19.I2.C1: `Voffcv' = -867.4e-03 is unusually small. {"history": "Interactive.77", "point": 16, "testname": "TRAN_VDD_PULSE", "cornername": "CMOS_RES_CAP_TEMP_14"}
[2026-05-26 09:46:05.426 Z] [WARN] [cadence.virtuoso.ade.simulationMonitor] -     WARNING (CMI-2425): I19.I8.C0: `Acde' = 2.393 is unusually large. {"history": "Interactive.77", "point": 16, "testname": "TRAN_VDD_PULSE", "cornername": "CMOS_RES_CAP_TEMP_14"}
[2026-05-26 09:46:05.426 Z] [WARN] [cadence.virtuoso.ade.simulationMonitor] -     WARNING (CMI-2425): I19.I8.C0: `Noff' = 4.732 is unusually large. {"history": "Interactive.77", "point": 16, "testname": "TRAN_VDD_PULSE", "cornername": "CMOS_RES_CAP_TEMP_14"}
[2026-05-26 09:46:05.426 Z] [WARN] [cadence.virtuoso.ade.simulationMonitor] -     WARNING (CMI-2424): I19.I8.C0: `Voffcv' = -867.4e-03 is unusually small. {"history": "Interactive.77", "point": 16, "testname": "TRAN_VDD_PULSE", "cornername": "CMOS_RES_CAP_TEMP_14"}
[2026-05-26 09:46:05.426 Z] [WARN] [cadence.virtuoso.ade.simulationMonitor] -     WARNING (CMI-2425): I19.I8.C1: `Acde' = 2.393 is unusually large.
        Further occurrences of this warning will be suppressed. {"history": "Interactive.77", "point": 16, "testname": "TRAN_VDD_PULSE", "cornername": "CMOS_RES_CAP_TEMP_14"}
[2026-05-26 09:46:05.426 Z] [WARN] [cadence.virtuoso.ade.simulationMonitor] -     WARNING (CMI-2424): I19.I8.C1: `Voffcv' = -867.4e-03 is unusually small. {"history": "Interactive.77", "point": 16, "testname": "TRAN_VDD_PULSE", "cornername": "CMOS_RES_CAP_TEMP_14"}
[2026-05-26 09:46:05.426 Z] [WARN] [cadence.virtuoso.ade.simulationMonitor] -     WARNING (CMI-2424): I19.I14.C1: `Voffcv' = -867.4e-03 is unusually small. {"history": "Interactive.77", "point": 16, "testname": "TRAN_VDD_PULSE", "cornername": "CMOS_RES_CAP_TEMP_14"}
[2026-05-26 09:46:05.427 Z] [WARN] [cadence.virtuoso.ade.simulationMonitor] -     WARNING (CMI-2424): I19.I14.C4: `Voffcv' = -867.4e-03 is unusually small.
        Further occurrences of this warning will be suppressed. {"history": "Interactive.77", "point": 16, "testname": "TRAN_VDD_PULSE", "cornername": "CMOS_RES_CAP_TEMP_14"}
[2026-05-26 09:46:05.427 Z] [INFO] [cadence.virtuoso.ade.simulationMonitor] - Notice from spectre.
    56 warnings suppressed. {"history": "Interactive.77", "point": 16, "testname": "TRAN_VDD_PULSE", "cornername": "CMOS_RES_CAP_TEMP_14"}
[2026-05-26 09:46:05.427 Z] [INFO] [cadence.virtuoso.ade.simulationMonitor] - Time used: CPU = 92.1 s (1m  32.1s), elapsed = 92.8 s (1m  32.8s), util. = 99.2%. {"history": "Interactive.77", "point": 16, "testname": "TRAN_VDD_PULSE", "cornername": "CMOS_RES_CAP_TEMP_14"}
[2026-05-26 09:46:05.427 Z] [INFO] [cadence.virtuoso.ade.simulationMonitor] - Time spent in licensing: elapsed = 250 ms. {"history": "Interactive.77", "point": 16, "testname": "TRAN_VDD_PULSE", "cornername": "CMOS_RES_CAP_TEMP_14"}
[2026-05-26 09:46:05.427 Z] [INFO] [cadence.virtuoso.ade.simulationMonitor] - Peak memory used = 230 Mbytes. {"history": "Interactive.77", "point": 16, "testname": "TRAN_VDD_PULSE", "cornername": "CMOS_RES_CAP_TEMP_14"}
[2026-05-26 09:46:05.427 Z] [PROCESS] [cadence.virtuoso.ade.simulationMonitor] - Simulation started at: 9:44:31 AM, Tue May 26, 2026, ended at: 9:46:04 AM, Tue May 26, 2026, with elapsed time (wall clock): 92.8 s (1m  32.8s). {"history": "Interactive.77", "point": 16, "testname": "TRAN_VDD_PULSE", "cornername": "CMOS_RES_CAP_TEMP_14"}
[2026-05-26 09:46:05.427 Z] [PROCESS] [cadence.virtuoso.ade.simulationMonitor] - spectre completes with 0 errors, 96 warnings, and 33 notices. {"history": "Interactive.77", "point": 16, "testname": "TRAN_VDD_PULSE", "cornername": "CMOS_RES_CAP_TEMP_14"}
[2026-05-26 09:46:05.427 Z] [PROCESS] [cadence.virtuoso.ade.simulationMonitor] - Finished simulating for one point {"hostname": "edatools", "processid": 244791, "history": "Interactive.77", "testname": "TRAN_VDD_PULSE", "cornername": "CMOS_RES_CAP_TEMP_14", "point": 16, "logfile": "/home/saul/projects/IL2244_VT26_SAUL/logs_saul/logs0/Job47.log", "simid": "3"}
[2026-05-26 09:46:05.427 Z] [PROCESS] [cadence.virtuoso.ade.simulationMonitor] - Simulator exited {"hostname": "edatools", "processid": 244791, "history": "Interactive.77", "testname": "TRAN_VDD_PULSE", "cornername": "CMOS_RES_CAP_TEMP_14", "point": 16, "logfile": "/home/saul/projects/IL2244_VT26_SAUL/logs_saul/logs0/Job47.log", "exitStatus": "0"}
[2026-05-26 09:46:05.427 Z] [PROCESS] [cadence.virtuoso.ade.simulationMonitor] - Finished Simulation {"hostname": "edatools", "processid": 244791, "history": "Interactive.77", "testname": "TRAN_VDD_PULSE", "cornername": "CMOS_RES_CAP_TEMP_14", "point": 16, "logfile": "/home/saul/projects/IL2244_VT26_SAUL/logs_saul/logs0/Job47.log", "simid": "3"}
[2026-05-26 09:46:06.932 Z] [PROCESS] [cadence.virtuoso.ade.simulationMonitor] - Point Finished {"hostname": "edatools", "processid": 244791, "history": "Interactive.77", "testname": "TRAN_VDD_PULSE", "cornername": "CMOS_RES_CAP_TEMP_14", "point": 16, "logfile": "/home/saul/projects/IL2244_VT26_SAUL/logs_saul/logs0/Job47.log"}
[2026-05-26 09:46:06.934 Z] [PROCESS] [cadence.virtuoso.ade.simulationMonitor] - HostInfo:
Host name (type):	edatools (x86_64)
Operating system:	Linux 6.17.0-29-generic #29~24.04.1-Ubuntu SMP PREEMPT_DYNAMIC Mon May 11 10:30:58 UTC 2 {"hostname": "edatools", "processid": 244791, "history": "Interactive.77", "testname": "TRAN_VDD_PULSE", "cornername": "CMOS_RES_CAP_TEMP_14", "point": 16, "logfile": "/home/saul/projects/IL2244_VT26_SAUL/logs_saul/logs0/Job47.log", "nodename": "edatools", "domainname": "(none)", "machine": "x86_64", "sysname": "Linux", "release": "6.17.0-29-generic", "version": "#29~24.04.1-Ubuntu SMP PREEMPT_DYNAMIC Mon May 11 10:30:58 UTC 2"}
[2026-05-26 09:46:06.934 Z] [PROCESS] [cadence.virtuoso.ade.simulationMonitor] - UsageInfo:
pid=244791
totalPhysicalMemory=62.544987GB,Used=44.426605GB,totalVirtualMemory=70.544983GB,Used=44.426605GB
Cpu: Cores=16, Load average:6.000000,3.790000,1.700000 {"hostname": "edatools", "processid": 244791, "history": "Interactive.77", "testname": "TRAN_VDD_PULSE", "cornername": "CMOS_RES_CAP_TEMP_14", "point": 16, "logfile": "/home/saul/projects/IL2244_VT26_SAUL/logs_saul/logs0/Job47.log", "pid": "244791", "totalPhysicalMemory": "62.544987", "physicalMemoryUsed": "44.426605", "totalVirtualMemory": "70.544983", "virtualMemoryUsed": "44.426605", "cpuCores": "16", "processes": "1666", "loadAverage1": "6.000000", "loadAverage5": "3.790000", "loadAverage15": "1.700000", "loadAverage1Percent": "0.375000"}
[2026-05-26 09:46:06.934 Z] [EVENT] [cadence.virtuoso.ade.simulationMonitor] - NewPoint {"history": "Interactive.77", "point": 23, "testname": "TRAN_VDD_PULSE", "cornername": "CMOS_RES_CAP_TEMP_21", "event": "NewPoint", "EventSource": "Simulation Monitor", "HistoryName": "Interactive.77", "logFile": "/home/saul/projects/IL2244_VT26_SAUL/logs_saul/logs0/Job47.log", "logFileSize": "128780"}
[2026-05-26 09:46:07.035 Z] [EVENT] [cadence.virtuoso.ade.simulationMonitor] - NewPoint {"history": "Interactive.77", "point": 23, "testname": "TRAN_VDD_PULSE", "cornername": "CMOS_RES_CAP_TEMP_21", "event": "NewPoint", "EventSource": "spectre", "HistoryName": "Interactive.77", "logFile": "/home/saul/projects/IL2244_VT26_SAUL/Sim/FECG/fecg_front_end_tran_tb/maestro/results/maestro/Interactive.77/23/TRAN_VDD_PULSE/psf/spectre.out", "logFileSize": "-1"}
[2026-05-26 09:46:07.038 Z] [PROCESS] [cadence.virtuoso.ade.simulationMonitor] - Simulator launched {"hostname": "edatools", "processid": 244791, "history": "Interactive.77", "testname": "TRAN_VDD_PULSE", "cornername": "CMOS_RES_CAP_TEMP_21", "point": 23, "logfile": "/home/saul/projects/IL2244_VT26_SAUL/logs_saul/logs0/Job47.log", "simid": "4"}
[2026-05-26 09:46:07.050 Z] [PROCESS] [cadence.virtuoso.ade.simulationMonitor] - Started Simulation {"hostname": "edatools", "processid": 244791, "history": "Interactive.77", "testname": "TRAN_VDD_PULSE", "cornername": "CMOS_RES_CAP_TEMP_21", "point": 23, "logfile": "/home/saul/projects/IL2244_VT26_SAUL/logs_saul/logs0/Job47.log", "event": "started", "task": "simulation"}
[2026-05-26 09:46:07.551 Z] [INFO] [cadence.virtuoso.ade.simulationMonitor] - Notice from spectre during circuit read-in.
    Pre_Configuration file used: /opt/tools/cadence/installs/SPECTRE241/tools.lnx86/spectre/etc/configs/preset.precfg
    Configuration file used: `/opt/tools/cadence/installs/SPECTRE241/tools.lnx86/spectre/etc/configs/preset.cfg'. {"history": "Interactive.77", "point": 23, "testname": "TRAN_VDD_PULSE", "cornername": "CMOS_RES_CAP_TEMP_21"}
[2026-05-26 09:46:07.551 Z] [WARN] [cadence.virtuoso.ade.simulationMonitor] -     WARNING (SPECTRE-8360): line 1511: `ac' is an undefined primitive device. {"history": "Interactive.77", "point": 23, "testname": "TRAN_VDD_PULSE", "cornername": "CMOS_RES_CAP_TEMP_21"}
[2026-05-26 09:46:07.551 Z] [WARN] [cadence.virtuoso.ade.simulationMonitor] -     WARNING (SPECTRE-8360): line 1512: `ac' is an undefined primitive device. {"history": "Interactive.77", "point": 23, "testname": "TRAN_VDD_PULSE", "cornername": "CMOS_RES_CAP_TEMP_21"}
[2026-05-26 09:46:07.551 Z] [WARN] [cadence.virtuoso.ade.simulationMonitor] -     WARNING (SPECTRE-8360): line 1513: `ac' is an undefined primitive device. {"history": "Interactive.77", "point": 23, "testname": "TRAN_VDD_PULSE", "cornername": "CMOS_RES_CAP_TEMP_21"}
[2026-05-26 09:46:07.551 Z] [WARN] [cadence.virtuoso.ade.simulationMonitor] -     WARNING (SPECTRE-8360): line 1514: `ac' is an undefined primitive device. {"history": "Interactive.77", "point": 23, "testname": "TRAN_VDD_PULSE", "cornername": "CMOS_RES_CAP_TEMP_21"}
[2026-05-26 09:46:07.551 Z] [WARN] [cadence.virtuoso.ade.simulationMonitor] -     WARNING (SPECTRE-8360): line 1515: `ac' is an undefined primitive device.
        Further occurrences of this warning will be suppressed. {"history": "Interactive.77", "point": 23, "testname": "TRAN_VDD_PULSE", "cornername": "CMOS_RES_CAP_TEMP_21"}
[2026-05-26 09:46:07.551 Z] [INFO] [cadence.virtuoso.ade.simulationMonitor] - Peak resident memory used = 173 Mbytes. {"history": "Interactive.77", "point": 23, "testname": "TRAN_VDD_PULSE", "cornername": "CMOS_RES_CAP_TEMP_21"}
[2026-05-26 09:46:07.551 Z] [WARN] [cadence.virtuoso.ade.simulationMonitor] -     WARNING (VACOMP-2435): The environment variable CDS_AHDLCMI_ENABLE is no longer supported. Therefore, the simulator will use the default compiled C code flow. {"history": "Interactive.77", "point": 23, "testname": "TRAN_VDD_PULSE", "cornername": "CMOS_RES_CAP_TEMP_21"}
[2026-05-26 09:46:07.551 Z] [WARN] [cadence.virtuoso.ade.simulationMonitor] -     WARNING (SFE-3014): The floating device I19.I0.I5.MN14<0>_turbo_m4 is removed. {"history": "Interactive.77", "point": 23, "testname": "TRAN_VDD_PULSE", "cornername": "CMOS_RES_CAP_TEMP_21"}
[2026-05-26 09:46:07.552 Z] [WARN] [cadence.virtuoso.ade.simulationMonitor] -     WARNING (SFE-3012): The dummy device I19.I4.MP16<0>_turbo_m41 is removed. {"history": "Interactive.77", "point": 23, "testname": "TRAN_VDD_PULSE", "cornername": "CMOS_RES_CAP_TEMP_21"}
[2026-05-26 09:46:07.552 Z] [WARN] [cadence.virtuoso.ade.simulationMonitor] -     WARNING (SFE-3014): The floating device I19.I8.MN57<0>_turbo_m28 is removed. {"history": "Interactive.77", "point": 23, "testname": "TRAN_VDD_PULSE", "cornername": "CMOS_RES_CAP_TEMP_21"}
[2026-05-26 09:46:07.552 Z] [WARN] [cadence.virtuoso.ade.simulationMonitor] -     WARNING (SFE-3012): The dummy device I19.I14.MP13<0>_turbo_m4 is removed. {"history": "Interactive.77", "point": 23, "testname": "TRAN_VDD_PULSE", "cornername": "CMOS_RES_CAP_TEMP_21"}
[2026-05-26 09:46:07.552 Z] [WARN] [cadence.virtuoso.ade.simulationMonitor] -     WARNING (SFE-3031): The floating capacitor I19.I12.C10<0>_turbo_m12.C1 is removed. {"history": "Interactive.77", "point": 23, "testname": "TRAN_VDD_PULSE", "cornername": "CMOS_RES_CAP_TEMP_21"}
[2026-05-26 09:46:07.552 Z] [WARN] [cadence.virtuoso.ade.simulationMonitor] -     WARNING (SFE-3014): The floating device I19.I2.MN37<0>_turbo_m4 is removed. {"history": "Interactive.77", "point": 23, "testname": "TRAN_VDD_PULSE", "cornername": "CMOS_RES_CAP_TEMP_21"}
[2026-05-26 09:46:07.552 Z] [WARN] [cadence.virtuoso.ade.simulationMonitor] -     WARNING (SFE-3012): The dummy device I19.I0.I5.MP12<0>_turbo_m2 is removed. {"history": "Interactive.77", "point": 23, "testname": "TRAN_VDD_PULSE", "cornername": "CMOS_RES_CAP_TEMP_21"}
[2026-05-26 09:46:07.552 Z] [WARN] [cadence.virtuoso.ade.simulationMonitor] -     WARNING (SFE-3014): The floating device I19.I0.MN13<0>_turbo_m4 is removed. {"history": "Interactive.77", "point": 23, "testname": "TRAN_VDD_PULSE", "cornername": "CMOS_RES_CAP_TEMP_21"}
[2026-05-26 09:46:07.552 Z] [WARN] [cadence.virtuoso.ade.simulationMonitor] -     WARNING (SFE-3012): The dummy device I19.I0.I3.MP13<0>_turbo_m4 is removed. {"history": "Interactive.77", "point": 23, "testname": "TRAN_VDD_PULSE", "cornername": "CMOS_RES_CAP_TEMP_21"}
[2026-05-26 09:46:07.552 Z] [WARN] [cadence.virtuoso.ade.simulationMonitor] -     WARNING (SFE-3031): The floating capacitor I19.I12.C6<0>_turbo_m3.C1 is removed. {"history": "Interactive.77", "point": 23, "testname": "TRAN_VDD_PULSE", "cornername": "CMOS_RES_CAP_TEMP_21"}
[2026-05-26 09:46:07.552 Z] [WARN] [cadence.virtuoso.ade.simulationMonitor] -     WARNING (SFE-3012): The dummy device I19.I0.MP11<0>_turbo_m4 is removed.
        Further occurrences of this warning will be suppressed. {"history": "Interactive.77", "point": 23, "testname": "TRAN_VDD_PULSE", "cornername": "CMOS_RES_CAP_TEMP_21"}
[2026-05-26 09:46:07.552 Z] [WARN] [cadence.virtuoso.ade.simulationMonitor] -     WARNING (SFE-3031): The floating capacitor I19.I11.C7<0>_turbo_m3.C1 is removed. {"history": "Interactive.77", "point": 23, "testname": "TRAN_VDD_PULSE", "cornername": "CMOS_RES_CAP_TEMP_21"}
[2026-05-26 09:46:07.552 Z] [WARN] [cadence.virtuoso.ade.simulationMonitor] -     WARNING (SFE-3014): The floating device I19.I12.MN57<0>_turbo_m28 is removed.
        Further occurrences of this warning will be suppressed. {"history": "Interactive.77", "point": 23, "testname": "TRAN_VDD_PULSE", "cornername": "CMOS_RES_CAP_TEMP_21"}
[2026-05-26 09:46:07.552 Z] [WARN] [cadence.virtuoso.ade.simulationMonitor] -     WARNING (SFE-3031): The floating capacitor I19.I11.C10<0>_turbo_m12.C1 is removed. {"history": "Interactive.77", "point": 23, "testname": "TRAN_VDD_PULSE", "cornername": "CMOS_RES_CAP_TEMP_21"}
[2026-05-26 09:46:07.552 Z] [WARN] [cadence.virtuoso.ade.simulationMonitor] -     WARNING (SFE-3031): The floating capacitor I19.I12.C7<0>_turbo_m3.C1 is removed.
        Further occurrences of this warning will be suppressed. {"history": "Interactive.77", "point": 23, "testname": "TRAN_VDD_PULSE", "cornername": "CMOS_RES_CAP_TEMP_21"}
[2026-05-26 09:46:07.553 Z] [INFO] [cadence.virtuoso.ade.simulationMonitor] - Peak resident memory used = 188 Mbytes. {"history": "Interactive.77", "point": 23, "testname": "TRAN_VDD_PULSE", "cornername": "CMOS_RES_CAP_TEMP_21"}
[2026-05-26 09:46:07.553 Z] [INFO] [cadence.virtuoso.ade.simulationMonitor] - Notice from spectre during hierarchy flattening.
    The value 'psf' specified for the 'checklimitdest' option will no longer be supported in future releases. Use 'spectre -h' to see other recommended values for the 'checklimitdest' option.
    I19.I0.R10.CS0 of rpolyhc: `c' has the unusually small value of 0 F.
    I19.I0.R10.CS1 of rpolyhc: `c' has the unusually small value of 0 F.
    I19.I0.R9.CS0 of rpolyhc: `c' has the unusually small value of 0 F.
    I19.I0.R9.CS1 of rpolyhc: `c' has the unusually ... {"history": "Interactive.77", "point": 23, "testname": "TRAN_VDD_PULSE", "cornername": "CMOS_RES_CAP_TEMP_21"}
[2026-05-26 09:46:07.553 Z] [INFO] [cadence.virtuoso.ade.simulationMonitor] - Notice from spectre during hierarchy flattening.
    V17: `period' has the unusually large value of 20 s.
    V17: `width' has the unusually large value of 19 s.
    V16: `period' has the unusually large value of 10 s.
    V16: `width' has the unusually large value of 9 s.
    V9: `period' has the unusually large value of 10 s.
        Further occurrences of this notice will be suppressed. {"history": "Interactive.77", "point": 23, "testname": "TRAN_VDD_PULSE", "cornername": "CMOS_RES_CAP_TEMP_21"}
[2026-05-26 09:46:07.553 Z] [INFO] [cadence.virtuoso.ade.simulationMonitor] - Peak resident memory used = 192 Mbytes. {"history": "Interactive.77", "point": 23, "testname": "TRAN_VDD_PULSE", "cornername": "CMOS_RES_CAP_TEMP_21"}
[2026-05-26 09:46:07.553 Z] [WARN] [cadence.virtuoso.ade.simulationMonitor] -     WARNING (CMI-2425): I19.I0.C2: `Acde' = 2.393 is unusually large. {"history": "Interactive.77", "point": 23, "testname": "TRAN_VDD_PULSE", "cornername": "CMOS_RES_CAP_TEMP_21"}
[2026-05-26 09:46:07.553 Z] [WARN] [cadence.virtuoso.ade.simulationMonitor] -     WARNING (CMI-2425): I19.I0.C2: `Noff' = 4.732 is unusually large. {"history": "Interactive.77", "point": 23, "testname": "TRAN_VDD_PULSE", "cornername": "CMOS_RES_CAP_TEMP_21"}
[2026-05-26 09:46:07.553 Z] [WARN] [cadence.virtuoso.ade.simulationMonitor] -     WARNING (CMI-2424): I19.I0.C2: `Voffcv' = -867.4e-03 is unusually small. {"history": "Interactive.77", "point": 23, "testname": "TRAN_VDD_PULSE", "cornername": "CMOS_RES_CAP_TEMP_21"}
[2026-05-26 09:46:07.553 Z] [WARN] [cadence.virtuoso.ade.simulationMonitor] -     WARNING (CMI-2425): I19.I0.C3: `Acde' = 2.393 is unusually large. {"history": "Interactive.77", "point": 23, "testname": "TRAN_VDD_PULSE", "cornername": "CMOS_RES_CAP_TEMP_21"}
[2026-05-26 09:46:07.553 Z] [WARN] [cadence.virtuoso.ade.simulationMonitor] -     WARNING (CMI-2425): I19.I0.C3: `Noff' = 4.732 is unusually large. {"history": "Interactive.77", "point": 23, "testname": "TRAN_VDD_PULSE", "cornername": "CMOS_RES_CAP_TEMP_21"}
[2026-05-26 09:46:07.553 Z] [WARN] [cadence.virtuoso.ade.simulationMonitor] -     WARNING (CMI-2424): I19.I0.C3: `Voffcv' = -867.4e-03 is unusually small. {"history": "Interactive.77", "point": 23, "testname": "TRAN_VDD_PULSE", "cornername": "CMOS_RES_CAP_TEMP_21"}
[2026-05-26 09:46:07.553 Z] [WARN] [cadence.virtuoso.ade.simulationMonitor] -     WARNING (CMI-2425): I19.I0.C0: `Acde' = 2.393 is unusually large.
        Further occurrences of this warning will be suppressed. {"history": "Interactive.77", "point": 23, "testname": "TRAN_VDD_PULSE", "cornername": "CMOS_RES_CAP_TEMP_21"}
[2026-05-26 09:46:07.553 Z] [WARN] [cadence.virtuoso.ade.simulationMonitor] -     WARNING (CMI-2424): I19.I0.C0: `Voffcv' = -867.4e-03 is unusually small. {"history": "Interactive.77", "point": 23, "testname": "TRAN_VDD_PULSE", "cornername": "CMOS_RES_CAP_TEMP_21"}
[2026-05-26 09:46:07.554 Z] [WARN] [cadence.virtuoso.ade.simulationMonitor] -     WARNING (CMI-2424): I19.I0.I3.C1: `Voffcv' = -867.4e-03 is unusually small. {"history": "Interactive.77", "point": 23, "testname": "TRAN_VDD_PULSE", "cornername": "CMOS_RES_CAP_TEMP_21"}
[2026-05-26 09:46:07.554 Z] [WARN] [cadence.virtuoso.ade.simulationMonitor] -     WARNING (CMI-2424): I19.I0.C1<0>_turbo_m5: `Voffcv' = -867.4e-03 is unusually small.
        Further occurrences of this warning will be suppressed. {"history": "Interactive.77", "point": 23, "testname": "TRAN_VDD_PULSE", "cornername": "CMOS_RES_CAP_TEMP_21"}
[2026-05-26 09:46:07.554 Z] [WARN] [cadence.virtuoso.ade.simulationMonitor] -     WARNING (SPECTRE-17607): Assert `SOAC_rpolyh_vminuspsub' is ignored because it contains an expression which is invalid or not supported by native evaluator.  {"history": "Interactive.77", "point": 23, "testname": "TRAN_VDD_PULSE", "cornername": "CMOS_RES_CAP_TEMP_21"}
[2026-05-26 09:46:07.554 Z] [WARN] [cadence.virtuoso.ade.simulationMonitor] -     WARNING (SPECTRE-17607): Assert `SOAC_rpolyh_vpluspsub' is ignored because it contains an expression which is invalid or not supported by native evaluator.  {"history": "Interactive.77", "point": 23, "testname": "TRAN_VDD_PULSE", "cornername": "CMOS_RES_CAP_TEMP_21"}
[2026-05-26 09:46:07.554 Z] [WARN] [cadence.virtuoso.ade.simulationMonitor] -     WARNING (SPECTRE-16460): SOAC_cvarm_vspsub:Specified subcircuit master `cvarm' was not found. {"history": "Interactive.77", "point": 23, "testname": "TRAN_VDD_PULSE", "cornername": "CMOS_RES_CAP_TEMP_21"}
[2026-05-26 09:46:07.554 Z] [WARN] [cadence.virtuoso.ade.simulationMonitor] -     WARNING (SPECTRE-16462): SOAC_cvarm_vspsub:Error in specification of subcircuit master. Assert is ignored. {"history": "Interactive.77", "point": 23, "testname": "TRAN_VDD_PULSE", "cornername": "CMOS_RES_CAP_TEMP_21"}
[2026-05-26 09:46:07.554 Z] [WARN] [cadence.virtuoso.ade.simulationMonitor] -     WARNING (SPECTRE-16460): SOAC_cvarm_vbs:Specified subcircuit master `cvarm' was not found. {"history": "Interactive.77", "point": 23, "testname": "TRAN_VDD_PULSE", "cornername": "CMOS_RES_CAP_TEMP_21"}
[2026-05-26 09:46:07.554 Z] [WARN] [cadence.virtuoso.ade.simulationMonitor] -     WARNING (SPECTRE-16462): SOAC_cvarm_vbs:Error in specification of subcircuit master. Assert is ignored. {"history": "Interactive.77", "point": 23, "testname": "TRAN_VDD_PULSE", "cornername": "CMOS_RES_CAP_TEMP_21"}
[2026-05-26 09:46:07.554 Z] [WARN] [cadence.virtuoso.ade.simulationMonitor] -     WARNING (SPECTRE-16460): SOAC_cvarm_vgb:Specified subcircuit master `cvarm' was not found. {"history": "Interactive.77", "point": 23, "testname": "TRAN_VDD_PULSE", "cornername": "CMOS_RES_CAP_TEMP_21"}
[2026-05-26 09:46:07.554 Z] [WARN] [cadence.virtuoso.ade.simulationMonitor] -     WARNING (SPECTRE-16462): SOAC_cvarm_vgb:Error in specification of subcircuit master. Assert is ignored. {"history": "Interactive.77", "point": 23, "testname": "TRAN_VDD_PULSE", "cornername": "CMOS_RES_CAP_TEMP_21"}
[2026-05-26 09:46:07.554 Z] [WARN] [cadence.virtuoso.ade.simulationMonitor] -     WARNING (SPECTRE-16460): SOAC_cvart_vspsub:Specified subcircuit master `cvart' was not found. {"history": "Interactive.77", "point": 23, "testname": "TRAN_VDD_PULSE", "cornername": "CMOS_RES_CAP_TEMP_21"}
[2026-05-26 09:46:07.554 Z] [WARN] [cadence.virtuoso.ade.simulationMonitor] -     WARNING (SPECTRE-16462): SOAC_cvart_vspsub:Error in specification of subcircuit master. Assert is ignored. {"history": "Interactive.77", "point": 23, "testname": "TRAN_VDD_PULSE", "cornername": "CMOS_RES_CAP_TEMP_21"}
[2026-05-26 09:46:07.554 Z] [WARN] [cadence.virtuoso.ade.simulationMonitor] -     WARNING (SPECTRE-16460): SOAC_cvart_vbs:Specified subcircuit master `cvart' was not found.
        Further occurrences of this warning will be suppressed. {"history": "Interactive.77", "point": 23, "testname": "TRAN_VDD_PULSE", "cornername": "CMOS_RES_CAP_TEMP_21"}
[2026-05-26 09:46:07.555 Z] [WARN] [cadence.virtuoso.ade.simulationMonitor] -     WARNING (SPECTRE-16462): SOAC_cvart_vbs:Error in specification of subcircuit master. Assert is ignored.
        Further occurrences of this warning will be suppressed. {"history": "Interactive.77", "point": 23, "testname": "TRAN_VDD_PULSE", "cornername": "CMOS_RES_CAP_TEMP_21"}
[2026-05-26 09:46:07.555 Z] [WARN] [cadence.virtuoso.ade.simulationMonitor] -     WARNING (SPECTRE-17607): Assert `SOAC_cvar_vspsub' is ignored because it contains an expression which is invalid or not supported by native evaluator.  {"history": "Interactive.77", "point": 23, "testname": "TRAN_VDD_PULSE", "cornername": "CMOS_RES_CAP_TEMP_21"}
[2026-05-26 09:46:07.555 Z] [WARN] [cadence.virtuoso.ade.simulationMonitor] -     WARNING (SPECTRE-17607): Assert `SOAC_cvar_vbpsub' is ignored because it contains an expression which is invalid or not supported by native evaluator.  {"history": "Interactive.77", "point": 23, "testname": "TRAN_VDD_PULSE", "cornername": "CMOS_RES_CAP_TEMP_21"}
[2026-05-26 09:46:07.555 Z] [WARN] [cadence.virtuoso.ade.simulationMonitor] -     WARNING (SPECTRE-17607): Assert `SOAC_cvar_vgpsub' is ignored because it contains an expression which is invalid or not supported by native evaluator. 
        Further occurrences of this warning will be suppressed. {"history": "Interactive.77", "point": 23, "testname": "TRAN_VDD_PULSE", "cornername": "CMOS_RES_CAP_TEMP_21"}
[2026-05-26 09:46:08.055 Z] [INFO] [cadence.virtuoso.ade.simulationMonitor] - Notice from spectre during topology check.
    No DC path from node `net19' to ground, Gmin installed to provide path. {"history": "Interactive.77", "point": 23, "testname": "TRAN_VDD_PULSE", "cornername": "CMOS_RES_CAP_TEMP_21"}
[2026-05-26 09:46:08.055 Z] [INFO] [cadence.virtuoso.ade.simulationMonitor] - Notice from spectre during initial setup.
    Multithreading is disabled due to the size of the design being too small. {"history": "Interactive.77", "point": 23, "testname": "TRAN_VDD_PULSE", "cornername": "CMOS_RES_CAP_TEMP_21"}
[2026-05-26 09:46:08.055 Z] [INFO] [cadence.virtuoso.ade.simulationMonitor] -               nodes 784 {"history": "Interactive.77", "point": 23, "testname": "TRAN_VDD_PULSE", "cornername": "CMOS_RES_CAP_TEMP_21"}
[2026-05-26 09:46:08.055 Z] [INFO] [cadence.virtuoso.ade.simulationMonitor] - Notice from spectre during initial setup.
    4 vsources are shorted because their absolute value is less than or equal to 'vabsshort'.
    Spectre X preset=mx enabled.
    18 notices suppressed.
    154 warnings suppressed. {"history": "Interactive.77", "point": 23, "testname": "TRAN_VDD_PULSE", "cornername": "CMOS_RES_CAP_TEMP_21"}
[2026-05-26 09:46:08.056 Z] [INFO] [cadence.virtuoso.ade.simulationMonitor] - Peak resident memory used = 212 Mbytes. {"history": "Interactive.77", "point": 23, "testname": "TRAN_VDD_PULSE", "cornername": "CMOS_RES_CAP_TEMP_21"}
[2026-05-26 09:46:08.056 Z] [INFO] [cadence.virtuoso.ade.simulationMonitor] -    -   (Spectre X) Multi-threading. The recommended number of threads is 1, consider adding +mt=1 on command line. {"history": "Interactive.77", "point": 23, "testname": "TRAN_VDD_PULSE", "cornername": "CMOS_RES_CAP_TEMP_21"}
[2026-05-26 09:46:08.056 Z] [INFO] [cadence.virtuoso.ade.simulationMonitor] - Notice from spectre during DC analysis `dcOp'.
    No checklimit analysis defined for asserts. A default checklimit analysis 'SpectreChecklimitAnal' has been created with all asserts enabled. {"history": "Interactive.77", "point": 23, "testname": "TRAN_VDD_PULSE", "cornername": "CMOS_RES_CAP_TEMP_21"}
[2026-05-26 09:46:08.056 Z] [INFO] [cadence.virtuoso.ade.simulationMonitor] - Notice from spectre during DC analysis `dcOp'.
    GminDC = 1 pS is large enough to noticeably affect the DC solution.
        dV(I19.I2.C1.d1) = 1.51853 mV
        Use the `gmin_check' option to eliminate or expand this report.
    Bad pivoting is found during DC analysis. Option dc_pivot_check=yes is recommended for possible improvement of convergence. {"history": "Interactive.77", "point": 23, "testname": "TRAN_VDD_PULSE", "cornername": "CMOS_RES_CAP_TEMP_21"}
[2026-05-26 09:46:08.056 Z] [WARN] [cadence.virtuoso.ade.simulationMonitor] -     WARNING (CMI-2943): Parameter checks have been ignored because the valid value for parameter 'trise' could not be found in 'C0'. {"history": "Interactive.77", "point": 23, "testname": "TRAN_VDD_PULSE", "cornername": "CMOS_RES_CAP_TEMP_21"}
[2026-05-26 09:46:08.056 Z] [WARN] [cadence.virtuoso.ade.simulationMonitor] -     WARNING (CMI-2943): Parameter checks have been ignored because the valid value for parameter 'trise' could not be found in 'C3'. {"history": "Interactive.77", "point": 23, "testname": "TRAN_VDD_PULSE", "cornername": "CMOS_RES_CAP_TEMP_21"}
[2026-05-26 09:46:08.056 Z] [WARN] [cadence.virtuoso.ade.simulationMonitor] -     WARNING (CMI-2943): Parameter checks have been ignored because the valid value for parameter 'trise' could not be found in 'C4'. {"history": "Interactive.77", "point": 23, "testname": "TRAN_VDD_PULSE", "cornername": "CMOS_RES_CAP_TEMP_21"}
[2026-05-26 09:46:08.056 Z] [WARN] [cadence.virtuoso.ade.simulationMonitor] -     WARNING (CMI-2943): Parameter checks have been ignored because the valid value for parameter 'trise' could not be found in 'C5'. {"history": "Interactive.77", "point": 23, "testname": "TRAN_VDD_PULSE", "cornername": "CMOS_RES_CAP_TEMP_21"}
[2026-05-26 09:46:08.056 Z] [WARN] [cadence.virtuoso.ade.simulationMonitor] -     WARNING (CMI-2943): Parameter checks have been ignored because the valid value for parameter 'trise' could not be found in 'I19.I4.C9<0>_turbo_m6.C1'.
        Further occurrences of this warning will be suppressed. {"history": "Interactive.77", "point": 23, "testname": "TRAN_VDD_PULSE", "cornername": "CMOS_RES_CAP_TEMP_21"}
[2026-05-26 09:46:08.056 Z] [INFO] [cadence.virtuoso.ade.simulationMonitor] - Total time required for dc analysis `dcOp': CPU = 55.866 ms, elapsed = 72.706 ms, util. = 76.8%. {"history": "Interactive.77", "point": 23, "testname": "TRAN_VDD_PULSE", "cornername": "CMOS_RES_CAP_TEMP_21"}
[2026-05-26 09:46:08.056 Z] [INFO] [cadence.virtuoso.ade.simulationMonitor] - Peak resident memory used = 223 Mbytes. {"history": "Interactive.77", "point": 23, "testname": "TRAN_VDD_PULSE", "cornername": "CMOS_RES_CAP_TEMP_21"}
[2026-05-26 09:46:08.056 Z] [INFO] [cadence.virtuoso.ade.simulationMonitor] - Notice from spectre.
    246 warnings suppressed. {"history": "Interactive.77", "point": 23, "testname": "TRAN_VDD_PULSE", "cornername": "CMOS_RES_CAP_TEMP_21"}
[2026-05-26 09:46:08.057 Z] [INFO] [cadence.virtuoso.ade.simulationMonitor] - Notice from spectre during IC analysis, during transient analysis `tran'.
    GminDC = 1 pS is large enough to noticeably affect the DC solution.
        dV(I19.I2.C1.d1) = 1.51853 mV
        Use the `gmin_check' option to eliminate or expand this report. {"history": "Interactive.77", "point": 23, "testname": "TRAN_VDD_PULSE", "cornername": "CMOS_RES_CAP_TEMP_21"}
[2026-05-26 09:46:08.057 Z] [WARN] [cadence.virtuoso.ade.simulationMonitor] -     WARNING (CMI-2943): Parameter checks have been ignored because the valid value for parameter 'trise' could not be found in 'C0'. {"history": "Interactive.77", "point": 23, "testname": "TRAN_VDD_PULSE", "cornername": "CMOS_RES_CAP_TEMP_21"}
[2026-05-26 09:46:08.057 Z] [WARN] [cadence.virtuoso.ade.simulationMonitor] -     WARNING (CMI-2943): Parameter checks have been ignored because the valid value for parameter 'trise' could not be found in 'C3'. {"history": "Interactive.77", "point": 23, "testname": "TRAN_VDD_PULSE", "cornername": "CMOS_RES_CAP_TEMP_21"}
[2026-05-26 09:46:08.057 Z] [WARN] [cadence.virtuoso.ade.simulationMonitor] -     WARNING (CMI-2943): Parameter checks have been ignored because the valid value for parameter 'trise' could not be found in 'C4'. {"history": "Interactive.77", "point": 23, "testname": "TRAN_VDD_PULSE", "cornername": "CMOS_RES_CAP_TEMP_21"}
[2026-05-26 09:46:08.057 Z] [WARN] [cadence.virtuoso.ade.simulationMonitor] -     WARNING (CMI-2943): Parameter checks have been ignored because the valid value for parameter 'trise' could not be found in 'C5'. {"history": "Interactive.77", "point": 23, "testname": "TRAN_VDD_PULSE", "cornername": "CMOS_RES_CAP_TEMP_21"}
[2026-05-26 09:46:08.057 Z] [WARN] [cadence.virtuoso.ade.simulationMonitor] -     WARNING (CMI-2943): Parameter checks have been ignored because the valid value for parameter 'trise' could not be found in 'I19.I4.C9<0>_turbo_m6.C1'.
        Further occurrences of this warning will be suppressed. {"history": "Interactive.77", "point": 23, "testname": "TRAN_VDD_PULSE", "cornername": "CMOS_RES_CAP_TEMP_21"}
[2026-05-26 09:46:08.057 Z] [INFO] [cadence.virtuoso.ade.simulationMonitor] - Notice from spectre during transient analysis `tran'.
    Multithreading is disabled due to the size of the design being too small. {"history": "Interactive.77", "point": 23, "testname": "TRAN_VDD_PULSE", "cornername": "CMOS_RES_CAP_TEMP_21"}
[2026-05-26 09:47:40.581 Z] [INFO] [cadence.virtuoso.ade.simulationMonitor] - Total time required for tran analysis `tran': CPU = 91.7642 s (1m  31.8s), elapsed = 92.1518 s (1m  32.2s), util. = 99.6%. {"history": "Interactive.77", "point": 23, "testname": "TRAN_VDD_PULSE", "cornername": "CMOS_RES_CAP_TEMP_21"}
[2026-05-26 09:47:40.581 Z] [INFO] [cadence.virtuoso.ade.simulationMonitor] - Peak resident memory used = 230 Mbytes. {"history": "Interactive.77", "point": 23, "testname": "TRAN_VDD_PULSE", "cornername": "CMOS_RES_CAP_TEMP_21"}
[2026-05-26 09:47:40.581 Z] [INFO] [cadence.virtuoso.ade.simulationMonitor] - Notice from spectre.
    246 warnings suppressed. {"history": "Interactive.77", "point": 23, "testname": "TRAN_VDD_PULSE", "cornername": "CMOS_RES_CAP_TEMP_21"}
[2026-05-26 09:47:40.581 Z] [WARN] [cadence.virtuoso.ade.simulationMonitor] -     WARNING (CMI-2425): I19.I2.C1: `Acde' = 2.393 is unusually large. {"history": "Interactive.77", "point": 23, "testname": "TRAN_VDD_PULSE", "cornername": "CMOS_RES_CAP_TEMP_21"}
[2026-05-26 09:47:40.581 Z] [WARN] [cadence.virtuoso.ade.simulationMonitor] -     WARNING (CMI-2425): I19.I2.C1: `Noff' = 4.732 is unusually large. {"history": "Interactive.77", "point": 23, "testname": "TRAN_VDD_PULSE", "cornername": "CMOS_RES_CAP_TEMP_21"}
[2026-05-26 09:47:40.581 Z] [WARN] [cadence.virtuoso.ade.simulationMonitor] -     WARNING (CMI-2424): I19.I2.C1: `Voffcv' = -867.4e-03 is unusually small. {"history": "Interactive.77", "point": 23, "testname": "TRAN_VDD_PULSE", "cornername": "CMOS_RES_CAP_TEMP_21"}
[2026-05-26 09:47:40.581 Z] [WARN] [cadence.virtuoso.ade.simulationMonitor] -     WARNING (CMI-2425): I19.I8.C0: `Acde' = 2.393 is unusually large. {"history": "Interactive.77", "point": 23, "testname": "TRAN_VDD_PULSE", "cornername": "CMOS_RES_CAP_TEMP_21"}
[2026-05-26 09:47:40.581 Z] [WARN] [cadence.virtuoso.ade.simulationMonitor] -     WARNING (CMI-2425): I19.I8.C0: `Noff' = 4.732 is unusually large. {"history": "Interactive.77", "point": 23, "testname": "TRAN_VDD_PULSE", "cornername": "CMOS_RES_CAP_TEMP_21"}
[2026-05-26 09:47:40.581 Z] [WARN] [cadence.virtuoso.ade.simulationMonitor] -     WARNING (CMI-2424): I19.I8.C0: `Voffcv' = -867.4e-03 is unusually small. {"history": "Interactive.77", "point": 23, "testname": "TRAN_VDD_PULSE", "cornername": "CMOS_RES_CAP_TEMP_21"}
[2026-05-26 09:47:40.582 Z] [WARN] [cadence.virtuoso.ade.simulationMonitor] -     WARNING (CMI-2425): I19.I8.C1: `Acde' = 2.393 is unusually large.
        Further occurrences of this warning will be suppressed. {"history": "Interactive.77", "point": 23, "testname": "TRAN_VDD_PULSE", "cornername": "CMOS_RES_CAP_TEMP_21"}
[2026-05-26 09:47:40.582 Z] [WARN] [cadence.virtuoso.ade.simulationMonitor] -     WARNING (CMI-2424): I19.I8.C1: `Voffcv' = -867.4e-03 is unusually small. {"history": "Interactive.77", "point": 23, "testname": "TRAN_VDD_PULSE", "cornername": "CMOS_RES_CAP_TEMP_21"}
[2026-05-26 09:47:40.582 Z] [WARN] [cadence.virtuoso.ade.simulationMonitor] -     WARNING (CMI-2424): I19.I14.C1: `Voffcv' = -867.4e-03 is unusually small. {"history": "Interactive.77", "point": 23, "testname": "TRAN_VDD_PULSE", "cornername": "CMOS_RES_CAP_TEMP_21"}
[2026-05-26 09:47:40.582 Z] [WARN] [cadence.virtuoso.ade.simulationMonitor] -     WARNING (CMI-2424): I19.I14.C4: `Voffcv' = -867.4e-03 is unusually small.
        Further occurrences of this warning will be suppressed. {"history": "Interactive.77", "point": 23, "testname": "TRAN_VDD_PULSE", "cornername": "CMOS_RES_CAP_TEMP_21"}
[2026-05-26 09:47:40.582 Z] [INFO] [cadence.virtuoso.ade.simulationMonitor] - Notice from spectre.
    56 warnings suppressed. {"history": "Interactive.77", "point": 23, "testname": "TRAN_VDD_PULSE", "cornername": "CMOS_RES_CAP_TEMP_21"}
[2026-05-26 09:47:40.582 Z] [WARN] [cadence.virtuoso.ade.simulationMonitor] -     WARNING (CMI-2425): I19.I2.C1: `Acde' = 2.393 is unusually large. {"history": "Interactive.77", "point": 23, "testname": "TRAN_VDD_PULSE", "cornername": "CMOS_RES_CAP_TEMP_21"}
[2026-05-26 09:47:40.582 Z] [WARN] [cadence.virtuoso.ade.simulationMonitor] -     WARNING (CMI-2425): I19.I2.C1: `Noff' = 4.732 is unusually large. {"history": "Interactive.77", "point": 23, "testname": "TRAN_VDD_PULSE", "cornername": "CMOS_RES_CAP_TEMP_21"}
[2026-05-26 09:47:40.582 Z] [WARN] [cadence.virtuoso.ade.simulationMonitor] -     WARNING (CMI-2424): I19.I2.C1: `Voffcv' = -867.4e-03 is unusually small. {"history": "Interactive.77", "point": 23, "testname": "TRAN_VDD_PULSE", "cornername": "CMOS_RES_CAP_TEMP_21"}
[2026-05-26 09:47:40.582 Z] [WARN] [cadence.virtuoso.ade.simulationMonitor] -     WARNING (CMI-2425): I19.I8.C0: `Acde' = 2.393 is unusually large. {"history": "Interactive.77", "point": 23, "testname": "TRAN_VDD_PULSE", "cornername": "CMOS_RES_CAP_TEMP_21"}
[2026-05-26 09:47:40.582 Z] [WARN] [cadence.virtuoso.ade.simulationMonitor] -     WARNING (CMI-2425): I19.I8.C0: `Noff' = 4.732 is unusually large. {"history": "Interactive.77", "point": 23, "testname": "TRAN_VDD_PULSE", "cornername": "CMOS_RES_CAP_TEMP_21"}
[2026-05-26 09:47:40.582 Z] [WARN] [cadence.virtuoso.ade.simulationMonitor] -     WARNING (CMI-2424): I19.I8.C0: `Voffcv' = -867.4e-03 is unusually small. {"history": "Interactive.77", "point": 23, "testname": "TRAN_VDD_PULSE", "cornername": "CMOS_RES_CAP_TEMP_21"}
[2026-05-26 09:47:40.582 Z] [WARN] [cadence.virtuoso.ade.simulationMonitor] -     WARNING (CMI-2425): I19.I8.C1: `Acde' = 2.393 is unusually large.
        Further occurrences of this warning will be suppressed. {"history": "Interactive.77", "point": 23, "testname": "TRAN_VDD_PULSE", "cornername": "CMOS_RES_CAP_TEMP_21"}
[2026-05-26 09:47:40.582 Z] [WARN] [cadence.virtuoso.ade.simulationMonitor] -     WARNING (CMI-2424): I19.I8.C1: `Voffcv' = -867.4e-03 is unusually small. {"history": "Interactive.77", "point": 23, "testname": "TRAN_VDD_PULSE", "cornername": "CMOS_RES_CAP_TEMP_21"}
[2026-05-26 09:47:40.582 Z] [WARN] [cadence.virtuoso.ade.simulationMonitor] -     WARNING (CMI-2424): I19.I14.C1: `Voffcv' = -867.4e-03 is unusually small. {"history": "Interactive.77", "point": 23, "testname": "TRAN_VDD_PULSE", "cornername": "CMOS_RES_CAP_TEMP_21"}
[2026-05-26 09:47:40.582 Z] [WARN] [cadence.virtuoso.ade.simulationMonitor] -     WARNING (CMI-2424): I19.I14.C4: `Voffcv' = -867.4e-03 is unusually small.
        Further occurrences of this warning will be suppressed. {"history": "Interactive.77", "point": 23, "testname": "TRAN_VDD_PULSE", "cornername": "CMOS_RES_CAP_TEMP_21"}
[2026-05-26 09:47:40.582 Z] [INFO] [cadence.virtuoso.ade.simulationMonitor] - Notice from spectre.
    59 warnings suppressed. {"history": "Interactive.77", "point": 23, "testname": "TRAN_VDD_PULSE", "cornername": "CMOS_RES_CAP_TEMP_21"}
[2026-05-26 09:47:40.582 Z] [WARN] [cadence.virtuoso.ade.simulationMonitor] -     WARNING (CMI-2425): I19.I2.C1: `Acde' = 2.393 is unusually large. {"history": "Interactive.77", "point": 23, "testname": "TRAN_VDD_PULSE", "cornername": "CMOS_RES_CAP_TEMP_21"}
[2026-05-26 09:47:40.582 Z] [WARN] [cadence.virtuoso.ade.simulationMonitor] -     WARNING (CMI-2425): I19.I2.C1: `Noff' = 4.732 is unusually large. {"history": "Interactive.77", "point": 23, "testname": "TRAN_VDD_PULSE", "cornername": "CMOS_RES_CAP_TEMP_21"}
[2026-05-26 09:47:40.582 Z] [WARN] [cadence.virtuoso.ade.simulationMonitor] -     WARNING (CMI-2424): I19.I2.C1: `Voffcv' = -867.4e-03 is unusually small. {"history": "Interactive.77", "point": 23, "testname": "TRAN_VDD_PULSE", "cornername": "CMOS_RES_CAP_TEMP_21"}
[2026-05-26 09:47:40.583 Z] [WARN] [cadence.virtuoso.ade.simulationMonitor] -     WARNING (CMI-2425): I19.I8.C0: `Acde' = 2.393 is unusually large. {"history": "Interactive.77", "point": 23, "testname": "TRAN_VDD_PULSE", "cornername": "CMOS_RES_CAP_TEMP_21"}
[2026-05-26 09:47:40.583 Z] [WARN] [cadence.virtuoso.ade.simulationMonitor] -     WARNING (CMI-2425): I19.I8.C0: `Noff' = 4.732 is unusually large. {"history": "Interactive.77", "point": 23, "testname": "TRAN_VDD_PULSE", "cornername": "CMOS_RES_CAP_TEMP_21"}
[2026-05-26 09:47:40.583 Z] [WARN] [cadence.virtuoso.ade.simulationMonitor] -     WARNING (CMI-2424): I19.I8.C0: `Voffcv' = -867.4e-03 is unusually small. {"history": "Interactive.77", "point": 23, "testname": "TRAN_VDD_PULSE", "cornername": "CMOS_RES_CAP_TEMP_21"}
[2026-05-26 09:47:40.583 Z] [WARN] [cadence.virtuoso.ade.simulationMonitor] -     WARNING (CMI-2425): I19.I8.C1: `Acde' = 2.393 is unusually large.
        Further occurrences of this warning will be suppressed. {"history": "Interactive.77", "point": 23, "testname": "TRAN_VDD_PULSE", "cornername": "CMOS_RES_CAP_TEMP_21"}
[2026-05-26 09:47:40.583 Z] [WARN] [cadence.virtuoso.ade.simulationMonitor] -     WARNING (CMI-2424): I19.I8.C1: `Voffcv' = -867.4e-03 is unusually small. {"history": "Interactive.77", "point": 23, "testname": "TRAN_VDD_PULSE", "cornername": "CMOS_RES_CAP_TEMP_21"}
[2026-05-26 09:47:40.583 Z] [WARN] [cadence.virtuoso.ade.simulationMonitor] -     WARNING (CMI-2424): I19.I14.C1: `Voffcv' = -867.4e-03 is unusually small. {"history": "Interactive.77", "point": 23, "testname": "TRAN_VDD_PULSE", "cornername": "CMOS_RES_CAP_TEMP_21"}
[2026-05-26 09:47:40.583 Z] [WARN] [cadence.virtuoso.ade.simulationMonitor] -     WARNING (CMI-2424): I19.I14.C4: `Voffcv' = -867.4e-03 is unusually small.
        Further occurrences of this warning will be suppressed. {"history": "Interactive.77", "point": 23, "testname": "TRAN_VDD_PULSE", "cornername": "CMOS_RES_CAP_TEMP_21"}
[2026-05-26 09:47:40.583 Z] [INFO] [cadence.virtuoso.ade.simulationMonitor] - Notice from spectre.
    56 warnings suppressed. {"history": "Interactive.77", "point": 23, "testname": "TRAN_VDD_PULSE", "cornername": "CMOS_RES_CAP_TEMP_21"}
[2026-05-26 09:47:40.583 Z] [WARN] [cadence.virtuoso.ade.simulationMonitor] -     WARNING (CMI-2425): I19.I2.C1: `Acde' = 2.393 is unusually large. {"history": "Interactive.77", "point": 23, "testname": "TRAN_VDD_PULSE", "cornername": "CMOS_RES_CAP_TEMP_21"}
[2026-05-26 09:47:40.583 Z] [WARN] [cadence.virtuoso.ade.simulationMonitor] -     WARNING (CMI-2425): I19.I2.C1: `Noff' = 4.732 is unusually large. {"history": "Interactive.77", "point": 23, "testname": "TRAN_VDD_PULSE", "cornername": "CMOS_RES_CAP_TEMP_21"}
[2026-05-26 09:47:40.583 Z] [WARN] [cadence.virtuoso.ade.simulationMonitor] -     WARNING (CMI-2424): I19.I2.C1: `Voffcv' = -867.4e-03 is unusually small. {"history": "Interactive.77", "point": 23, "testname": "TRAN_VDD_PULSE", "cornername": "CMOS_RES_CAP_TEMP_21"}
[2026-05-26 09:47:40.583 Z] [WARN] [cadence.virtuoso.ade.simulationMonitor] -     WARNING (CMI-2425): I19.I8.C0: `Acde' = 2.393 is unusually large. {"history": "Interactive.77", "point": 23, "testname": "TRAN_VDD_PULSE", "cornername": "CMOS_RES_CAP_TEMP_21"}
[2026-05-26 09:47:40.583 Z] [WARN] [cadence.virtuoso.ade.simulationMonitor] -     WARNING (CMI-2425): I19.I8.C0: `Noff' = 4.732 is unusually large. {"history": "Interactive.77", "point": 23, "testname": "TRAN_VDD_PULSE", "cornername": "CMOS_RES_CAP_TEMP_21"}
[2026-05-26 09:47:40.583 Z] [WARN] [cadence.virtuoso.ade.simulationMonitor] -     WARNING (CMI-2424): I19.I8.C0: `Voffcv' = -867.4e-03 is unusually small. {"history": "Interactive.77", "point": 23, "testname": "TRAN_VDD_PULSE", "cornername": "CMOS_RES_CAP_TEMP_21"}
[2026-05-26 09:47:40.583 Z] [WARN] [cadence.virtuoso.ade.simulationMonitor] -     WARNING (CMI-2425): I19.I8.C1: `Acde' = 2.393 is unusually large.
        Further occurrences of this warning will be suppressed. {"history": "Interactive.77", "point": 23, "testname": "TRAN_VDD_PULSE", "cornername": "CMOS_RES_CAP_TEMP_21"}
[2026-05-26 09:47:40.583 Z] [WARN] [cadence.virtuoso.ade.simulationMonitor] -     WARNING (CMI-2424): I19.I8.C1: `Voffcv' = -867.4e-03 is unusually small. {"history": "Interactive.77", "point": 23, "testname": "TRAN_VDD_PULSE", "cornername": "CMOS_RES_CAP_TEMP_21"}
[2026-05-26 09:47:40.583 Z] [WARN] [cadence.virtuoso.ade.simulationMonitor] -     WARNING (CMI-2424): I19.I14.C1: `Voffcv' = -867.4e-03 is unusually small. {"history": "Interactive.77", "point": 23, "testname": "TRAN_VDD_PULSE", "cornername": "CMOS_RES_CAP_TEMP_21"}
[2026-05-26 09:47:40.583 Z] [WARN] [cadence.virtuoso.ade.simulationMonitor] -     WARNING (CMI-2424): I19.I14.C4: `Voffcv' = -867.4e-03 is unusually small.
        Further occurrences of this warning will be suppressed. {"history": "Interactive.77", "point": 23, "testname": "TRAN_VDD_PULSE", "cornername": "CMOS_RES_CAP_TEMP_21"}
[2026-05-26 09:47:40.583 Z] [INFO] [cadence.virtuoso.ade.simulationMonitor] - Notice from spectre.
    56 warnings suppressed. {"history": "Interactive.77", "point": 23, "testname": "TRAN_VDD_PULSE", "cornername": "CMOS_RES_CAP_TEMP_21"}
[2026-05-26 09:47:40.583 Z] [INFO] [cadence.virtuoso.ade.simulationMonitor] - Time used: CPU = 92.2 s (1m  32.2s), elapsed = 92.9 s (1m  32.9s), util. = 99.3%. {"history": "Interactive.77", "point": 23, "testname": "TRAN_VDD_PULSE", "cornername": "CMOS_RES_CAP_TEMP_21"}
[2026-05-26 09:47:40.584 Z] [INFO] [cadence.virtuoso.ade.simulationMonitor] - Time spent in licensing: elapsed = 38.3 ms. {"history": "Interactive.77", "point": 23, "testname": "TRAN_VDD_PULSE", "cornername": "CMOS_RES_CAP_TEMP_21"}
[2026-05-26 09:47:40.584 Z] [INFO] [cadence.virtuoso.ade.simulationMonitor] - Peak memory used = 230 Mbytes. {"history": "Interactive.77", "point": 23, "testname": "TRAN_VDD_PULSE", "cornername": "CMOS_RES_CAP_TEMP_21"}
[2026-05-26 09:47:40.584 Z] [PROCESS] [cadence.virtuoso.ade.simulationMonitor] - Simulation started at: 9:46:07 AM, Tue May 26, 2026, ended at: 9:47:40 AM, Tue May 26, 2026, with elapsed time (wall clock): 92.9 s (1m  32.9s). {"history": "Interactive.77", "point": 23, "testname": "TRAN_VDD_PULSE", "cornername": "CMOS_RES_CAP_TEMP_21"}
[2026-05-26 09:47:40.584 Z] [PROCESS] [cadence.virtuoso.ade.simulationMonitor] - spectre completes with 0 errors, 96 warnings, and 32 notices. {"history": "Interactive.77", "point": 23, "testname": "TRAN_VDD_PULSE", "cornername": "CMOS_RES_CAP_TEMP_21"}
[2026-05-26 09:47:40.584 Z] [PROCESS] [cadence.virtuoso.ade.simulationMonitor] - Finished simulating for one point {"hostname": "edatools", "processid": 244791, "history": "Interactive.77", "testname": "TRAN_VDD_PULSE", "cornername": "CMOS_RES_CAP_TEMP_21", "point": 23, "logfile": "/home/saul/projects/IL2244_VT26_SAUL/logs_saul/logs0/Job47.log", "simid": "4"}
[2026-05-26 09:47:40.584 Z] [PROCESS] [cadence.virtuoso.ade.simulationMonitor] - Simulator exited {"hostname": "edatools", "processid": 244791, "history": "Interactive.77", "testname": "TRAN_VDD_PULSE", "cornername": "CMOS_RES_CAP_TEMP_21", "point": 23, "logfile": "/home/saul/projects/IL2244_VT26_SAUL/logs_saul/logs0/Job47.log", "exitStatus": "0"}
[2026-05-26 09:47:40.584 Z] [PROCESS] [cadence.virtuoso.ade.simulationMonitor] - Finished Simulation {"hostname": "edatools", "processid": 244791, "history": "Interactive.77", "testname": "TRAN_VDD_PULSE", "cornername": "CMOS_RES_CAP_TEMP_21", "point": 23, "logfile": "/home/saul/projects/IL2244_VT26_SAUL/logs_saul/logs0/Job47.log", "simid": "4"}
[2026-05-26 09:47:42.089 Z] [PROCESS] [cadence.virtuoso.ade.simulationMonitor] - Point Finished {"hostname": "edatools", "processid": 244791, "history": "Interactive.77", "testname": "TRAN_VDD_PULSE", "cornername": "CMOS_RES_CAP_TEMP_21", "point": 23, "logfile": "/home/saul/projects/IL2244_VT26_SAUL/logs_saul/logs0/Job47.log"}
[2026-05-26 09:47:42.091 Z] [PROCESS] [cadence.virtuoso.ade.simulationMonitor] - HostInfo:
Host name (type):	edatools (x86_64)
Operating system:	Linux 6.17.0-29-generic #29~24.04.1-Ubuntu SMP PREEMPT_DYNAMIC Mon May 11 10:30:58 UTC 2 {"hostname": "edatools", "processid": 244791, "history": "Interactive.77", "testname": "TRAN_VDD_PULSE", "cornername": "CMOS_RES_CAP_TEMP_21", "point": 23, "logfile": "/home/saul/projects/IL2244_VT26_SAUL/logs_saul/logs0/Job47.log", "nodename": "edatools", "domainname": "(none)", "machine": "x86_64", "sysname": "Linux", "release": "6.17.0-29-generic", "version": "#29~24.04.1-Ubuntu SMP PREEMPT_DYNAMIC Mon May 11 10:30:58 UTC 2"}
[2026-05-26 09:47:42.091 Z] [PROCESS] [cadence.virtuoso.ade.simulationMonitor] - UsageInfo:
pid=244791
totalPhysicalMemory=62.544987GB,Used=44.180290GB,totalVirtualMemory=70.544983GB,Used=44.180290GB
Cpu: Cores=16, Load average:5.930000,4.380000,2.120000 {"hostname": "edatools", "processid": 244791, "history": "Interactive.77", "testname": "TRAN_VDD_PULSE", "cornername": "CMOS_RES_CAP_TEMP_21", "point": 23, "logfile": "/home/saul/projects/IL2244_VT26_SAUL/logs_saul/logs0/Job47.log", "pid": "244791", "totalPhysicalMemory": "62.544987", "physicalMemoryUsed": "44.180290", "totalVirtualMemory": "70.544983", "virtualMemoryUsed": "44.180290", "cpuCores": "16", "processes": "1647", "loadAverage1": "5.930000", "loadAverage5": "4.380000", "loadAverage15": "2.120000", "loadAverage1Percent": "0.370625"}
[2026-05-26 09:47:42.091 Z] [EVENT] [cadence.virtuoso.ade.simulationMonitor] - NewPoint {"history": "Interactive.77", "point": 28, "testname": "TRAN_VDD_PULSE", "cornername": "CMOS_RES_CAP_TEMP_26", "event": "NewPoint", "EventSource": "Simulation Monitor", "HistoryName": "Interactive.77", "logFile": "/home/saul/projects/IL2244_VT26_SAUL/logs_saul/logs0/Job47.log", "logFileSize": "170950"}
[2026-05-26 09:47:42.192 Z] [EVENT] [cadence.virtuoso.ade.simulationMonitor] - NewPoint {"history": "Interactive.77", "point": 28, "testname": "TRAN_VDD_PULSE", "cornername": "CMOS_RES_CAP_TEMP_26", "event": "NewPoint", "EventSource": "spectre", "HistoryName": "Interactive.77", "logFile": "/home/saul/projects/IL2244_VT26_SAUL/Sim/FECG/fecg_front_end_tran_tb/maestro/results/maestro/Interactive.77/28/TRAN_VDD_PULSE/psf/spectre.out", "logFileSize": "-1"}
[2026-05-26 09:47:42.196 Z] [PROCESS] [cadence.virtuoso.ade.simulationMonitor] - Simulator launched {"hostname": "edatools", "processid": 244791, "history": "Interactive.77", "testname": "TRAN_VDD_PULSE", "cornername": "CMOS_RES_CAP_TEMP_26", "point": 28, "logfile": "/home/saul/projects/IL2244_VT26_SAUL/logs_saul/logs0/Job47.log", "simid": "5"}
[2026-05-26 09:47:42.208 Z] [PROCESS] [cadence.virtuoso.ade.simulationMonitor] - Started Simulation {"hostname": "edatools", "processid": 244791, "history": "Interactive.77", "testname": "TRAN_VDD_PULSE", "cornername": "CMOS_RES_CAP_TEMP_26", "point": 28, "logfile": "/home/saul/projects/IL2244_VT26_SAUL/logs_saul/logs0/Job47.log", "event": "started", "task": "simulation"}
[2026-05-26 09:47:42.708 Z] [INFO] [cadence.virtuoso.ade.simulationMonitor] - Notice from spectre during circuit read-in.
    Pre_Configuration file used: /opt/tools/cadence/installs/SPECTRE241/tools.lnx86/spectre/etc/configs/preset.precfg
    Configuration file used: `/opt/tools/cadence/installs/SPECTRE241/tools.lnx86/spectre/etc/configs/preset.cfg'. {"history": "Interactive.77", "point": 28, "testname": "TRAN_VDD_PULSE", "cornername": "CMOS_RES_CAP_TEMP_26"}
[2026-05-26 09:47:42.708 Z] [WARN] [cadence.virtuoso.ade.simulationMonitor] -     WARNING (SPECTRE-8360): line 1511: `ac' is an undefined primitive device. {"history": "Interactive.77", "point": 28, "testname": "TRAN_VDD_PULSE", "cornername": "CMOS_RES_CAP_TEMP_26"}
[2026-05-26 09:47:42.708 Z] [WARN] [cadence.virtuoso.ade.simulationMonitor] -     WARNING (SPECTRE-8360): line 1512: `ac' is an undefined primitive device. {"history": "Interactive.77", "point": 28, "testname": "TRAN_VDD_PULSE", "cornername": "CMOS_RES_CAP_TEMP_26"}
[2026-05-26 09:47:42.708 Z] [WARN] [cadence.virtuoso.ade.simulationMonitor] -     WARNING (SPECTRE-8360): line 1513: `ac' is an undefined primitive device. {"history": "Interactive.77", "point": 28, "testname": "TRAN_VDD_PULSE", "cornername": "CMOS_RES_CAP_TEMP_26"}
[2026-05-26 09:47:42.709 Z] [WARN] [cadence.virtuoso.ade.simulationMonitor] -     WARNING (SPECTRE-8360): line 1514: `ac' is an undefined primitive device. {"history": "Interactive.77", "point": 28, "testname": "TRAN_VDD_PULSE", "cornername": "CMOS_RES_CAP_TEMP_26"}
[2026-05-26 09:47:42.709 Z] [WARN] [cadence.virtuoso.ade.simulationMonitor] -     WARNING (SPECTRE-8360): line 1515: `ac' is an undefined primitive device.
        Further occurrences of this warning will be suppressed. {"history": "Interactive.77", "point": 28, "testname": "TRAN_VDD_PULSE", "cornername": "CMOS_RES_CAP_TEMP_26"}
[2026-05-26 09:47:42.709 Z] [INFO] [cadence.virtuoso.ade.simulationMonitor] - Peak resident memory used = 173 Mbytes. {"history": "Interactive.77", "point": 28, "testname": "TRAN_VDD_PULSE", "cornername": "CMOS_RES_CAP_TEMP_26"}
[2026-05-26 09:47:42.709 Z] [WARN] [cadence.virtuoso.ade.simulationMonitor] -     WARNING (VACOMP-2435): The environment variable CDS_AHDLCMI_ENABLE is no longer supported. Therefore, the simulator will use the default compiled C code flow. {"history": "Interactive.77", "point": 28, "testname": "TRAN_VDD_PULSE", "cornername": "CMOS_RES_CAP_TEMP_26"}
[2026-05-26 09:47:42.709 Z] [WARN] [cadence.virtuoso.ade.simulationMonitor] -     WARNING (SFE-3014): The floating device I19.I0.I5.MN14<0>_turbo_m4 is removed. {"history": "Interactive.77", "point": 28, "testname": "TRAN_VDD_PULSE", "cornername": "CMOS_RES_CAP_TEMP_26"}
[2026-05-26 09:47:42.709 Z] [WARN] [cadence.virtuoso.ade.simulationMonitor] -     WARNING (SFE-3012): The dummy device I19.I4.MP16<0>_turbo_m41 is removed. {"history": "Interactive.77", "point": 28, "testname": "TRAN_VDD_PULSE", "cornername": "CMOS_RES_CAP_TEMP_26"}
[2026-05-26 09:47:42.709 Z] [WARN] [cadence.virtuoso.ade.simulationMonitor] -     WARNING (SFE-3014): The floating device I19.I8.MN57<0>_turbo_m28 is removed. {"history": "Interactive.77", "point": 28, "testname": "TRAN_VDD_PULSE", "cornername": "CMOS_RES_CAP_TEMP_26"}
[2026-05-26 09:47:42.709 Z] [WARN] [cadence.virtuoso.ade.simulationMonitor] -     WARNING (SFE-3012): The dummy device I19.I14.MP13<0>_turbo_m4 is removed. {"history": "Interactive.77", "point": 28, "testname": "TRAN_VDD_PULSE", "cornername": "CMOS_RES_CAP_TEMP_26"}
[2026-05-26 09:47:42.709 Z] [WARN] [cadence.virtuoso.ade.simulationMonitor] -     WARNING (SFE-3031): The floating capacitor I19.I12.C10<0>_turbo_m12.C1 is removed. {"history": "Interactive.77", "point": 28, "testname": "TRAN_VDD_PULSE", "cornername": "CMOS_RES_CAP_TEMP_26"}
[2026-05-26 09:47:42.709 Z] [WARN] [cadence.virtuoso.ade.simulationMonitor] -     WARNING (SFE-3014): The floating device I19.I2.MN37<0>_turbo_m4 is removed. {"history": "Interactive.77", "point": 28, "testname": "TRAN_VDD_PULSE", "cornername": "CMOS_RES_CAP_TEMP_26"}
[2026-05-26 09:47:42.709 Z] [WARN] [cadence.virtuoso.ade.simulationMonitor] -     WARNING (SFE-3012): The dummy device I19.I0.I5.MP12<0>_turbo_m2 is removed. {"history": "Interactive.77", "point": 28, "testname": "TRAN_VDD_PULSE", "cornername": "CMOS_RES_CAP_TEMP_26"}
[2026-05-26 09:47:42.709 Z] [WARN] [cadence.virtuoso.ade.simulationMonitor] -     WARNING (SFE-3014): The floating device I19.I0.MN13<0>_turbo_m4 is removed. {"history": "Interactive.77", "point": 28, "testname": "TRAN_VDD_PULSE", "cornername": "CMOS_RES_CAP_TEMP_26"}
[2026-05-26 09:47:42.709 Z] [WARN] [cadence.virtuoso.ade.simulationMonitor] -     WARNING (SFE-3012): The dummy device I19.I0.I3.MP13<0>_turbo_m4 is removed. {"history": "Interactive.77", "point": 28, "testname": "TRAN_VDD_PULSE", "cornername": "CMOS_RES_CAP_TEMP_26"}
[2026-05-26 09:47:42.710 Z] [WARN] [cadence.virtuoso.ade.simulationMonitor] -     WARNING (SFE-3031): The floating capacitor I19.I12.C6<0>_turbo_m3.C1 is removed. {"history": "Interactive.77", "point": 28, "testname": "TRAN_VDD_PULSE", "cornername": "CMOS_RES_CAP_TEMP_26"}
[2026-05-26 09:47:42.710 Z] [WARN] [cadence.virtuoso.ade.simulationMonitor] -     WARNING (SFE-3012): The dummy device I19.I0.MP11<0>_turbo_m4 is removed.
        Further occurrences of this warning will be suppressed. {"history": "Interactive.77", "point": 28, "testname": "TRAN_VDD_PULSE", "cornername": "CMOS_RES_CAP_TEMP_26"}
[2026-05-26 09:47:42.710 Z] [WARN] [cadence.virtuoso.ade.simulationMonitor] -     WARNING (SFE-3031): The floating capacitor I19.I11.C7<0>_turbo_m3.C1 is removed. {"history": "Interactive.77", "point": 28, "testname": "TRAN_VDD_PULSE", "cornername": "CMOS_RES_CAP_TEMP_26"}
[2026-05-26 09:47:42.710 Z] [WARN] [cadence.virtuoso.ade.simulationMonitor] -     WARNING (SFE-3014): The floating device I19.I12.MN57<0>_turbo_m28 is removed.
        Further occurrences of this warning will be suppressed. {"history": "Interactive.77", "point": 28, "testname": "TRAN_VDD_PULSE", "cornername": "CMOS_RES_CAP_TEMP_26"}
[2026-05-26 09:47:42.710 Z] [WARN] [cadence.virtuoso.ade.simulationMonitor] -     WARNING (SFE-3031): The floating capacitor I19.I11.C10<0>_turbo_m12.C1 is removed. {"history": "Interactive.77", "point": 28, "testname": "TRAN_VDD_PULSE", "cornername": "CMOS_RES_CAP_TEMP_26"}
[2026-05-26 09:47:42.710 Z] [WARN] [cadence.virtuoso.ade.simulationMonitor] -     WARNING (SFE-3031): The floating capacitor I19.I12.C7<0>_turbo_m3.C1 is removed.
        Further occurrences of this warning will be suppressed. {"history": "Interactive.77", "point": 28, "testname": "TRAN_VDD_PULSE", "cornername": "CMOS_RES_CAP_TEMP_26"}
[2026-05-26 09:47:42.710 Z] [INFO] [cadence.virtuoso.ade.simulationMonitor] - Peak resident memory used = 188 Mbytes. {"history": "Interactive.77", "point": 28, "testname": "TRAN_VDD_PULSE", "cornername": "CMOS_RES_CAP_TEMP_26"}
[2026-05-26 09:47:42.710 Z] [INFO] [cadence.virtuoso.ade.simulationMonitor] - Notice from spectre during hierarchy flattening.
    The value 'psf' specified for the 'checklimitdest' option will no longer be supported in future releases. Use 'spectre -h' to see other recommended values for the 'checklimitdest' option.
    I19.I0.R10.CS0 of rpolyhc: `c' has the unusually small value of 0 F.
    I19.I0.R10.CS1 of rpolyhc: `c' has the unusually small value of 0 F.
    I19.I0.R9.CS0 of rpolyhc: `c' has the unusually small value of 0 F.
    I19.I0.R9.CS1 of rpolyhc: `c' has the unusually ... {"history": "Interactive.77", "point": 28, "testname": "TRAN_VDD_PULSE", "cornername": "CMOS_RES_CAP_TEMP_26"}
[2026-05-26 09:47:42.710 Z] [INFO] [cadence.virtuoso.ade.simulationMonitor] - Notice from spectre during hierarchy flattening.
    V17: `period' has the unusually large value of 20 s.
    V17: `width' has the unusually large value of 19 s.
    V16: `period' has the unusually large value of 10 s.
    V16: `width' has the unusually large value of 9 s.
    V9: `period' has the unusually large value of 10 s.
        Further occurrences of this notice will be suppressed. {"history": "Interactive.77", "point": 28, "testname": "TRAN_VDD_PULSE", "cornername": "CMOS_RES_CAP_TEMP_26"}
[2026-05-26 09:47:42.710 Z] [INFO] [cadence.virtuoso.ade.simulationMonitor] - Peak resident memory used = 192 Mbytes. {"history": "Interactive.77", "point": 28, "testname": "TRAN_VDD_PULSE", "cornername": "CMOS_RES_CAP_TEMP_26"}
[2026-05-26 09:47:42.710 Z] [WARN] [cadence.virtuoso.ade.simulationMonitor] -     WARNING (CMI-2425): I19.I0.C2: `Acde' = 2.393 is unusually large. {"history": "Interactive.77", "point": 28, "testname": "TRAN_VDD_PULSE", "cornername": "CMOS_RES_CAP_TEMP_26"}
[2026-05-26 09:47:42.710 Z] [WARN] [cadence.virtuoso.ade.simulationMonitor] -     WARNING (CMI-2425): I19.I0.C2: `Noff' = 4.732 is unusually large. {"history": "Interactive.77", "point": 28, "testname": "TRAN_VDD_PULSE", "cornername": "CMOS_RES_CAP_TEMP_26"}
[2026-05-26 09:47:42.710 Z] [WARN] [cadence.virtuoso.ade.simulationMonitor] -     WARNING (CMI-2424): I19.I0.C2: `Voffcv' = -867.4e-03 is unusually small. {"history": "Interactive.77", "point": 28, "testname": "TRAN_VDD_PULSE", "cornername": "CMOS_RES_CAP_TEMP_26"}
[2026-05-26 09:47:42.711 Z] [WARN] [cadence.virtuoso.ade.simulationMonitor] -     WARNING (CMI-2425): I19.I0.C3: `Acde' = 2.393 is unusually large. {"history": "Interactive.77", "point": 28, "testname": "TRAN_VDD_PULSE", "cornername": "CMOS_RES_CAP_TEMP_26"}
[2026-05-26 09:47:42.711 Z] [WARN] [cadence.virtuoso.ade.simulationMonitor] -     WARNING (CMI-2425): I19.I0.C3: `Noff' = 4.732 is unusually large. {"history": "Interactive.77", "point": 28, "testname": "TRAN_VDD_PULSE", "cornername": "CMOS_RES_CAP_TEMP_26"}
[2026-05-26 09:47:42.711 Z] [WARN] [cadence.virtuoso.ade.simulationMonitor] -     WARNING (CMI-2424): I19.I0.C3: `Voffcv' = -867.4e-03 is unusually small. {"history": "Interactive.77", "point": 28, "testname": "TRAN_VDD_PULSE", "cornername": "CMOS_RES_CAP_TEMP_26"}
[2026-05-26 09:47:42.711 Z] [WARN] [cadence.virtuoso.ade.simulationMonitor] -     WARNING (CMI-2425): I19.I0.C0: `Acde' = 2.393 is unusually large.
        Further occurrences of this warning will be suppressed. {"history": "Interactive.77", "point": 28, "testname": "TRAN_VDD_PULSE", "cornername": "CMOS_RES_CAP_TEMP_26"}
[2026-05-26 09:47:42.711 Z] [WARN] [cadence.virtuoso.ade.simulationMonitor] -     WARNING (CMI-2424): I19.I0.C0: `Voffcv' = -867.4e-03 is unusually small. {"history": "Interactive.77", "point": 28, "testname": "TRAN_VDD_PULSE", "cornername": "CMOS_RES_CAP_TEMP_26"}
[2026-05-26 09:47:42.711 Z] [WARN] [cadence.virtuoso.ade.simulationMonitor] -     WARNING (CMI-2424): I19.I0.I3.C1: `Voffcv' = -867.4e-03 is unusually small. {"history": "Interactive.77", "point": 28, "testname": "TRAN_VDD_PULSE", "cornername": "CMOS_RES_CAP_TEMP_26"}
[2026-05-26 09:47:42.711 Z] [WARN] [cadence.virtuoso.ade.simulationMonitor] -     WARNING (CMI-2424): I19.I0.C1<0>_turbo_m5: `Voffcv' = -867.4e-03 is unusually small.
        Further occurrences of this warning will be suppressed. {"history": "Interactive.77", "point": 28, "testname": "TRAN_VDD_PULSE", "cornername": "CMOS_RES_CAP_TEMP_26"}
[2026-05-26 09:47:42.711 Z] [WARN] [cadence.virtuoso.ade.simulationMonitor] -     WARNING (SPECTRE-17607): Assert `SOAC_rpolyh_vminuspsub' is ignored because it contains an expression which is invalid or not supported by native evaluator.  {"history": "Interactive.77", "point": 28, "testname": "TRAN_VDD_PULSE", "cornername": "CMOS_RES_CAP_TEMP_26"}
[2026-05-26 09:47:42.711 Z] [WARN] [cadence.virtuoso.ade.simulationMonitor] -     WARNING (SPECTRE-17607): Assert `SOAC_rpolyh_vpluspsub' is ignored because it contains an expression which is invalid or not supported by native evaluator.  {"history": "Interactive.77", "point": 28, "testname": "TRAN_VDD_PULSE", "cornername": "CMOS_RES_CAP_TEMP_26"}
[2026-05-26 09:47:42.711 Z] [WARN] [cadence.virtuoso.ade.simulationMonitor] -     WARNING (SPECTRE-16460): SOAC_cvarm_vspsub:Specified subcircuit master `cvarm' was not found. {"history": "Interactive.77", "point": 28, "testname": "TRAN_VDD_PULSE", "cornername": "CMOS_RES_CAP_TEMP_26"}
[2026-05-26 09:47:42.711 Z] [WARN] [cadence.virtuoso.ade.simulationMonitor] -     WARNING (SPECTRE-16462): SOAC_cvarm_vspsub:Error in specification of subcircuit master. Assert is ignored. {"history": "Interactive.77", "point": 28, "testname": "TRAN_VDD_PULSE", "cornername": "CMOS_RES_CAP_TEMP_26"}
[2026-05-26 09:47:42.711 Z] [WARN] [cadence.virtuoso.ade.simulationMonitor] -     WARNING (SPECTRE-16460): SOAC_cvarm_vbs:Specified subcircuit master `cvarm' was not found. {"history": "Interactive.77", "point": 28, "testname": "TRAN_VDD_PULSE", "cornername": "CMOS_RES_CAP_TEMP_26"}
[2026-05-26 09:47:42.711 Z] [WARN] [cadence.virtuoso.ade.simulationMonitor] -     WARNING (SPECTRE-16462): SOAC_cvarm_vbs:Error in specification of subcircuit master. Assert is ignored. {"history": "Interactive.77", "point": 28, "testname": "TRAN_VDD_PULSE", "cornername": "CMOS_RES_CAP_TEMP_26"}
[2026-05-26 09:47:42.711 Z] [WARN] [cadence.virtuoso.ade.simulationMonitor] -     WARNING (SPECTRE-16460): SOAC_cvarm_vgb:Specified subcircuit master `cvarm' was not found. {"history": "Interactive.77", "point": 28, "testname": "TRAN_VDD_PULSE", "cornername": "CMOS_RES_CAP_TEMP_26"}
[2026-05-26 09:47:42.712 Z] [WARN] [cadence.virtuoso.ade.simulationMonitor] -     WARNING (SPECTRE-16462): SOAC_cvarm_vgb:Error in specification of subcircuit master. Assert is ignored. {"history": "Interactive.77", "point": 28, "testname": "TRAN_VDD_PULSE", "cornername": "CMOS_RES_CAP_TEMP_26"}
[2026-05-26 09:47:42.712 Z] [WARN] [cadence.virtuoso.ade.simulationMonitor] -     WARNING (SPECTRE-16460): SOAC_cvart_vspsub:Specified subcircuit master `cvart' was not found. {"history": "Interactive.77", "point": 28, "testname": "TRAN_VDD_PULSE", "cornername": "CMOS_RES_CAP_TEMP_26"}
[2026-05-26 09:47:42.712 Z] [WARN] [cadence.virtuoso.ade.simulationMonitor] -     WARNING (SPECTRE-16462): SOAC_cvart_vspsub:Error in specification of subcircuit master. Assert is ignored. {"history": "Interactive.77", "point": 28, "testname": "TRAN_VDD_PULSE", "cornername": "CMOS_RES_CAP_TEMP_26"}
[2026-05-26 09:47:42.712 Z] [WARN] [cadence.virtuoso.ade.simulationMonitor] -     WARNING (SPECTRE-16460): SOAC_cvart_vbs:Specified subcircuit master `cvart' was not found.
        Further occurrences of this warning will be suppressed. {"history": "Interactive.77", "point": 28, "testname": "TRAN_VDD_PULSE", "cornername": "CMOS_RES_CAP_TEMP_26"}
[2026-05-26 09:47:42.712 Z] [WARN] [cadence.virtuoso.ade.simulationMonitor] -     WARNING (SPECTRE-16462): SOAC_cvart_vbs:Error in specification of subcircuit master. Assert is ignored.
        Further occurrences of this warning will be suppressed. {"history": "Interactive.77", "point": 28, "testname": "TRAN_VDD_PULSE", "cornername": "CMOS_RES_CAP_TEMP_26"}
[2026-05-26 09:47:42.712 Z] [WARN] [cadence.virtuoso.ade.simulationMonitor] -     WARNING (SPECTRE-17607): Assert `SOAC_cvar_vspsub' is ignored because it contains an expression which is invalid or not supported by native evaluator.  {"history": "Interactive.77", "point": 28, "testname": "TRAN_VDD_PULSE", "cornername": "CMOS_RES_CAP_TEMP_26"}
[2026-05-26 09:47:42.712 Z] [WARN] [cadence.virtuoso.ade.simulationMonitor] -     WARNING (SPECTRE-17607): Assert `SOAC_cvar_vbpsub' is ignored because it contains an expression which is invalid or not supported by native evaluator.  {"history": "Interactive.77", "point": 28, "testname": "TRAN_VDD_PULSE", "cornername": "CMOS_RES_CAP_TEMP_26"}
[2026-05-26 09:47:42.712 Z] [WARN] [cadence.virtuoso.ade.simulationMonitor] -     WARNING (SPECTRE-17607): Assert `SOAC_cvar_vgpsub' is ignored because it contains an expression which is invalid or not supported by native evaluator. 
        Further occurrences of this warning will be suppressed. {"history": "Interactive.77", "point": 28, "testname": "TRAN_VDD_PULSE", "cornername": "CMOS_RES_CAP_TEMP_26"}
[2026-05-26 09:47:43.212 Z] [INFO] [cadence.virtuoso.ade.simulationMonitor] - Notice from spectre during topology check.
    No DC path from node `net19' to ground, Gmin installed to provide path. {"history": "Interactive.77", "point": 28, "testname": "TRAN_VDD_PULSE", "cornername": "CMOS_RES_CAP_TEMP_26"}
[2026-05-26 09:47:43.213 Z] [INFO] [cadence.virtuoso.ade.simulationMonitor] - Notice from spectre during initial setup.
    Multithreading is disabled due to the size of the design being too small. {"history": "Interactive.77", "point": 28, "testname": "TRAN_VDD_PULSE", "cornername": "CMOS_RES_CAP_TEMP_26"}
[2026-05-26 09:47:43.213 Z] [INFO] [cadence.virtuoso.ade.simulationMonitor] -               nodes 784 {"history": "Interactive.77", "point": 28, "testname": "TRAN_VDD_PULSE", "cornername": "CMOS_RES_CAP_TEMP_26"}
[2026-05-26 09:47:43.213 Z] [INFO] [cadence.virtuoso.ade.simulationMonitor] - Notice from spectre during initial setup.
    4 vsources are shorted because their absolute value is less than or equal to 'vabsshort'.
    Spectre X preset=mx enabled.
    18 notices suppressed.
    154 warnings suppressed. {"history": "Interactive.77", "point": 28, "testname": "TRAN_VDD_PULSE", "cornername": "CMOS_RES_CAP_TEMP_26"}
[2026-05-26 09:47:43.213 Z] [INFO] [cadence.virtuoso.ade.simulationMonitor] - Peak resident memory used = 212 Mbytes. {"history": "Interactive.77", "point": 28, "testname": "TRAN_VDD_PULSE", "cornername": "CMOS_RES_CAP_TEMP_26"}
[2026-05-26 09:47:43.213 Z] [INFO] [cadence.virtuoso.ade.simulationMonitor] -    -   (Spectre X) Multi-threading. The recommended number of threads is 1, consider adding +mt=1 on command line. {"history": "Interactive.77", "point": 28, "testname": "TRAN_VDD_PULSE", "cornername": "CMOS_RES_CAP_TEMP_26"}
[2026-05-26 09:47:43.213 Z] [INFO] [cadence.virtuoso.ade.simulationMonitor] - Notice from spectre during DC analysis `dcOp'.
    No checklimit analysis defined for asserts. A default checklimit analysis 'SpectreChecklimitAnal' has been created with all asserts enabled. {"history": "Interactive.77", "point": 28, "testname": "TRAN_VDD_PULSE", "cornername": "CMOS_RES_CAP_TEMP_26"}
[2026-05-26 09:47:43.213 Z] [INFO] [cadence.virtuoso.ade.simulationMonitor] - Notice from spectre during DC analysis `dcOp'.
    GminDC = 1 pS is large enough to noticeably affect the DC solution.
        dV(I19.I2.C1.d1) = 1.09731 mV
        Use the `gmin_check' option to eliminate or expand this report.
    Bad pivoting is found during DC analysis. Option dc_pivot_check=yes is recommended for possible improvement of convergence. {"history": "Interactive.77", "point": 28, "testname": "TRAN_VDD_PULSE", "cornername": "CMOS_RES_CAP_TEMP_26"}
[2026-05-26 09:47:43.213 Z] [WARN] [cadence.virtuoso.ade.simulationMonitor] -     WARNING (CMI-2943): Parameter checks have been ignored because the valid value for parameter 'trise' could not be found in 'C0'. {"history": "Interactive.77", "point": 28, "testname": "TRAN_VDD_PULSE", "cornername": "CMOS_RES_CAP_TEMP_26"}
[2026-05-26 09:47:43.213 Z] [WARN] [cadence.virtuoso.ade.simulationMonitor] -     WARNING (CMI-2943): Parameter checks have been ignored because the valid value for parameter 'trise' could not be found in 'C3'. {"history": "Interactive.77", "point": 28, "testname": "TRAN_VDD_PULSE", "cornername": "CMOS_RES_CAP_TEMP_26"}
[2026-05-26 09:47:43.213 Z] [WARN] [cadence.virtuoso.ade.simulationMonitor] -     WARNING (CMI-2943): Parameter checks have been ignored because the valid value for parameter 'trise' could not be found in 'C4'. {"history": "Interactive.77", "point": 28, "testname": "TRAN_VDD_PULSE", "cornername": "CMOS_RES_CAP_TEMP_26"}
[2026-05-26 09:47:43.213 Z] [WARN] [cadence.virtuoso.ade.simulationMonitor] -     WARNING (CMI-2943): Parameter checks have been ignored because the valid value for parameter 'trise' could not be found in 'C5'. {"history": "Interactive.77", "point": 28, "testname": "TRAN_VDD_PULSE", "cornername": "CMOS_RES_CAP_TEMP_26"}
[2026-05-26 09:47:43.214 Z] [WARN] [cadence.virtuoso.ade.simulationMonitor] -     WARNING (CMI-2943): Parameter checks have been ignored because the valid value for parameter 'trise' could not be found in 'I19.I4.C9<0>_turbo_m6.C1'.
        Further occurrences of this warning will be suppressed. {"history": "Interactive.77", "point": 28, "testname": "TRAN_VDD_PULSE", "cornername": "CMOS_RES_CAP_TEMP_26"}
[2026-05-26 09:47:43.214 Z] [INFO] [cadence.virtuoso.ade.simulationMonitor] - Total time required for dc analysis `dcOp': CPU = 57.018 ms, elapsed = 75.489 ms, util. = 75.5%. {"history": "Interactive.77", "point": 28, "testname": "TRAN_VDD_PULSE", "cornername": "CMOS_RES_CAP_TEMP_26"}
[2026-05-26 09:47:43.214 Z] [INFO] [cadence.virtuoso.ade.simulationMonitor] - Peak resident memory used = 222 Mbytes. {"history": "Interactive.77", "point": 28, "testname": "TRAN_VDD_PULSE", "cornername": "CMOS_RES_CAP_TEMP_26"}
[2026-05-26 09:47:43.214 Z] [INFO] [cadence.virtuoso.ade.simulationMonitor] - Notice from spectre.
    246 warnings suppressed. {"history": "Interactive.77", "point": 28, "testname": "TRAN_VDD_PULSE", "cornername": "CMOS_RES_CAP_TEMP_26"}
[2026-05-26 09:47:43.214 Z] [INFO] [cadence.virtuoso.ade.simulationMonitor] - Notice from spectre during IC analysis, during transient analysis `tran'.
    GminDC = 1 pS is large enough to noticeably affect the DC solution.
        dV(I19.I2.C1.d1) = 1.09731 mV
        Use the `gmin_check' option to eliminate or expand this report.
    Bad pivoting is found during DC analysis. Option dc_pivot_check=yes is recommended for possible improvement of convergence. {"history": "Interactive.77", "point": 28, "testname": "TRAN_VDD_PULSE", "cornername": "CMOS_RES_CAP_TEMP_26"}
[2026-05-26 09:47:43.214 Z] [WARN] [cadence.virtuoso.ade.simulationMonitor] -     WARNING (CMI-2943): Parameter checks have been ignored because the valid value for parameter 'trise' could not be found in 'C0'. {"history": "Interactive.77", "point": 28, "testname": "TRAN_VDD_PULSE", "cornername": "CMOS_RES_CAP_TEMP_26"}
[2026-05-26 09:47:43.214 Z] [WARN] [cadence.virtuoso.ade.simulationMonitor] -     WARNING (CMI-2943): Parameter checks have been ignored because the valid value for parameter 'trise' could not be found in 'C3'. {"history": "Interactive.77", "point": 28, "testname": "TRAN_VDD_PULSE", "cornername": "CMOS_RES_CAP_TEMP_26"}
[2026-05-26 09:47:43.214 Z] [WARN] [cadence.virtuoso.ade.simulationMonitor] -     WARNING (CMI-2943): Parameter checks have been ignored because the valid value for parameter 'trise' could not be found in 'C4'. {"history": "Interactive.77", "point": 28, "testname": "TRAN_VDD_PULSE", "cornername": "CMOS_RES_CAP_TEMP_26"}
[2026-05-26 09:47:43.214 Z] [WARN] [cadence.virtuoso.ade.simulationMonitor] -     WARNING (CMI-2943): Parameter checks have been ignored because the valid value for parameter 'trise' could not be found in 'C5'. {"history": "Interactive.77", "point": 28, "testname": "TRAN_VDD_PULSE", "cornername": "CMOS_RES_CAP_TEMP_26"}
[2026-05-26 09:47:43.214 Z] [WARN] [cadence.virtuoso.ade.simulationMonitor] -     WARNING (CMI-2943): Parameter checks have been ignored because the valid value for parameter 'trise' could not be found in 'I19.I4.C9<0>_turbo_m6.C1'.
        Further occurrences of this warning will be suppressed. {"history": "Interactive.77", "point": 28, "testname": "TRAN_VDD_PULSE", "cornername": "CMOS_RES_CAP_TEMP_26"}
[2026-05-26 09:47:43.214 Z] [INFO] [cadence.virtuoso.ade.simulationMonitor] - Notice from spectre during transient analysis `tran'.
    Multithreading is disabled due to the size of the design being too small. {"history": "Interactive.77", "point": 28, "testname": "TRAN_VDD_PULSE", "cornername": "CMOS_RES_CAP_TEMP_26"}
[2026-05-26 09:49:10.237 Z] [INFO] [cadence.virtuoso.ade.simulationMonitor] - Total time required for tran analysis `tran': CPU = 86.585 s (1m  26.6s), elapsed = 86.8813 s (1m  26.9s), util. = 99.7%. {"history": "Interactive.77", "point": 28, "testname": "TRAN_VDD_PULSE", "cornername": "CMOS_RES_CAP_TEMP_26"}
[2026-05-26 09:49:10.237 Z] [INFO] [cadence.virtuoso.ade.simulationMonitor] - Peak resident memory used = 229 Mbytes. {"history": "Interactive.77", "point": 28, "testname": "TRAN_VDD_PULSE", "cornername": "CMOS_RES_CAP_TEMP_26"}
[2026-05-26 09:49:10.237 Z] [INFO] [cadence.virtuoso.ade.simulationMonitor] - Notice from spectre.
    246 warnings suppressed. {"history": "Interactive.77", "point": 28, "testname": "TRAN_VDD_PULSE", "cornername": "CMOS_RES_CAP_TEMP_26"}
[2026-05-26 09:49:10.238 Z] [WARN] [cadence.virtuoso.ade.simulationMonitor] -     WARNING (CMI-2425): I19.I2.C1: `Acde' = 2.393 is unusually large. {"history": "Interactive.77", "point": 28, "testname": "TRAN_VDD_PULSE", "cornername": "CMOS_RES_CAP_TEMP_26"}
[2026-05-26 09:49:10.238 Z] [WARN] [cadence.virtuoso.ade.simulationMonitor] -     WARNING (CMI-2425): I19.I2.C1: `Noff' = 4.732 is unusually large. {"history": "Interactive.77", "point": 28, "testname": "TRAN_VDD_PULSE", "cornername": "CMOS_RES_CAP_TEMP_26"}
[2026-05-26 09:49:10.238 Z] [WARN] [cadence.virtuoso.ade.simulationMonitor] -     WARNING (CMI-2424): I19.I2.C1: `Voffcv' = -867.4e-03 is unusually small. {"history": "Interactive.77", "point": 28, "testname": "TRAN_VDD_PULSE", "cornername": "CMOS_RES_CAP_TEMP_26"}
[2026-05-26 09:49:10.238 Z] [WARN] [cadence.virtuoso.ade.simulationMonitor] -     WARNING (CMI-2425): I19.I8.C0: `Acde' = 2.393 is unusually large. {"history": "Interactive.77", "point": 28, "testname": "TRAN_VDD_PULSE", "cornername": "CMOS_RES_CAP_TEMP_26"}
[2026-05-26 09:49:10.238 Z] [WARN] [cadence.virtuoso.ade.simulationMonitor] -     WARNING (CMI-2425): I19.I8.C0: `Noff' = 4.732 is unusually large. {"history": "Interactive.77", "point": 28, "testname": "TRAN_VDD_PULSE", "cornername": "CMOS_RES_CAP_TEMP_26"}
[2026-05-26 09:49:10.238 Z] [WARN] [cadence.virtuoso.ade.simulationMonitor] -     WARNING (CMI-2424): I19.I8.C0: `Voffcv' = -867.4e-03 is unusually small. {"history": "Interactive.77", "point": 28, "testname": "TRAN_VDD_PULSE", "cornername": "CMOS_RES_CAP_TEMP_26"}
[2026-05-26 09:49:10.238 Z] [WARN] [cadence.virtuoso.ade.simulationMonitor] -     WARNING (CMI-2425): I19.I8.C1: `Acde' = 2.393 is unusually large.
        Further occurrences of this warning will be suppressed. {"history": "Interactive.77", "point": 28, "testname": "TRAN_VDD_PULSE", "cornername": "CMOS_RES_CAP_TEMP_26"}
[2026-05-26 09:49:10.238 Z] [WARN] [cadence.virtuoso.ade.simulationMonitor] -     WARNING (CMI-2424): I19.I8.C1: `Voffcv' = -867.4e-03 is unusually small. {"history": "Interactive.77", "point": 28, "testname": "TRAN_VDD_PULSE", "cornername": "CMOS_RES_CAP_TEMP_26"}
[2026-05-26 09:49:10.238 Z] [WARN] [cadence.virtuoso.ade.simulationMonitor] -     WARNING (CMI-2424): I19.I14.C1: `Voffcv' = -867.4e-03 is unusually small. {"history": "Interactive.77", "point": 28, "testname": "TRAN_VDD_PULSE", "cornername": "CMOS_RES_CAP_TEMP_26"}
[2026-05-26 09:49:10.238 Z] [WARN] [cadence.virtuoso.ade.simulationMonitor] -     WARNING (CMI-2424): I19.I14.C4: `Voffcv' = -867.4e-03 is unusually small.
        Further occurrences of this warning will be suppressed. {"history": "Interactive.77", "point": 28, "testname": "TRAN_VDD_PULSE", "cornername": "CMOS_RES_CAP_TEMP_26"}
[2026-05-26 09:49:10.238 Z] [INFO] [cadence.virtuoso.ade.simulationMonitor] - Notice from spectre.
    56 warnings suppressed. {"history": "Interactive.77", "point": 28, "testname": "TRAN_VDD_PULSE", "cornername": "CMOS_RES_CAP_TEMP_26"}
[2026-05-26 09:49:10.238 Z] [WARN] [cadence.virtuoso.ade.simulationMonitor] -     WARNING (CMI-2425): I19.I2.C1: `Acde' = 2.393 is unusually large. {"history": "Interactive.77", "point": 28, "testname": "TRAN_VDD_PULSE", "cornername": "CMOS_RES_CAP_TEMP_26"}
[2026-05-26 09:49:10.238 Z] [WARN] [cadence.virtuoso.ade.simulationMonitor] -     WARNING (CMI-2425): I19.I2.C1: `Noff' = 4.732 is unusually large. {"history": "Interactive.77", "point": 28, "testname": "TRAN_VDD_PULSE", "cornername": "CMOS_RES_CAP_TEMP_26"}
[2026-05-26 09:49:10.238 Z] [WARN] [cadence.virtuoso.ade.simulationMonitor] -     WARNING (CMI-2424): I19.I2.C1: `Voffcv' = -867.4e-03 is unusually small. {"history": "Interactive.77", "point": 28, "testname": "TRAN_VDD_PULSE", "cornername": "CMOS_RES_CAP_TEMP_26"}
[2026-05-26 09:49:10.238 Z] [WARN] [cadence.virtuoso.ade.simulationMonitor] -     WARNING (CMI-2425): I19.I8.C0: `Acde' = 2.393 is unusually large. {"history": "Interactive.77", "point": 28, "testname": "TRAN_VDD_PULSE", "cornername": "CMOS_RES_CAP_TEMP_26"}
[2026-05-26 09:49:10.238 Z] [WARN] [cadence.virtuoso.ade.simulationMonitor] -     WARNING (CMI-2425): I19.I8.C0: `Noff' = 4.732 is unusually large. {"history": "Interactive.77", "point": 28, "testname": "TRAN_VDD_PULSE", "cornername": "CMOS_RES_CAP_TEMP_26"}
[2026-05-26 09:49:10.238 Z] [WARN] [cadence.virtuoso.ade.simulationMonitor] -     WARNING (CMI-2424): I19.I8.C0: `Voffcv' = -867.4e-03 is unusually small. {"history": "Interactive.77", "point": 28, "testname": "TRAN_VDD_PULSE", "cornername": "CMOS_RES_CAP_TEMP_26"}
[2026-05-26 09:49:10.238 Z] [WARN] [cadence.virtuoso.ade.simulationMonitor] -     WARNING (CMI-2425): I19.I8.C1: `Acde' = 2.393 is unusually large.
        Further occurrences of this warning will be suppressed. {"history": "Interactive.77", "point": 28, "testname": "TRAN_VDD_PULSE", "cornername": "CMOS_RES_CAP_TEMP_26"}
[2026-05-26 09:49:10.238 Z] [WARN] [cadence.virtuoso.ade.simulationMonitor] -     WARNING (CMI-2424): I19.I8.C1: `Voffcv' = -867.4e-03 is unusually small. {"history": "Interactive.77", "point": 28, "testname": "TRAN_VDD_PULSE", "cornername": "CMOS_RES_CAP_TEMP_26"}
[2026-05-26 09:49:10.238 Z] [WARN] [cadence.virtuoso.ade.simulationMonitor] -     WARNING (CMI-2424): I19.I14.C1: `Voffcv' = -867.4e-03 is unusually small. {"history": "Interactive.77", "point": 28, "testname": "TRAN_VDD_PULSE", "cornername": "CMOS_RES_CAP_TEMP_26"}
[2026-05-26 09:49:10.239 Z] [WARN] [cadence.virtuoso.ade.simulationMonitor] -     WARNING (CMI-2424): I19.I14.C4: `Voffcv' = -867.4e-03 is unusually small.
        Further occurrences of this warning will be suppressed. {"history": "Interactive.77", "point": 28, "testname": "TRAN_VDD_PULSE", "cornername": "CMOS_RES_CAP_TEMP_26"}
[2026-05-26 09:49:10.239 Z] [INFO] [cadence.virtuoso.ade.simulationMonitor] - Notice from spectre.
    59 warnings suppressed. {"history": "Interactive.77", "point": 28, "testname": "TRAN_VDD_PULSE", "cornername": "CMOS_RES_CAP_TEMP_26"}
[2026-05-26 09:49:10.239 Z] [WARN] [cadence.virtuoso.ade.simulationMonitor] -     WARNING (CMI-2425): I19.I2.C1: `Acde' = 2.393 is unusually large. {"history": "Interactive.77", "point": 28, "testname": "TRAN_VDD_PULSE", "cornername": "CMOS_RES_CAP_TEMP_26"}
[2026-05-26 09:49:10.239 Z] [WARN] [cadence.virtuoso.ade.simulationMonitor] -     WARNING (CMI-2425): I19.I2.C1: `Noff' = 4.732 is unusually large. {"history": "Interactive.77", "point": 28, "testname": "TRAN_VDD_PULSE", "cornername": "CMOS_RES_CAP_TEMP_26"}
[2026-05-26 09:49:10.239 Z] [WARN] [cadence.virtuoso.ade.simulationMonitor] -     WARNING (CMI-2424): I19.I2.C1: `Voffcv' = -867.4e-03 is unusually small. {"history": "Interactive.77", "point": 28, "testname": "TRAN_VDD_PULSE", "cornername": "CMOS_RES_CAP_TEMP_26"}
[2026-05-26 09:49:10.239 Z] [WARN] [cadence.virtuoso.ade.simulationMonitor] -     WARNING (CMI-2425): I19.I8.C0: `Acde' = 2.393 is unusually large. {"history": "Interactive.77", "point": 28, "testname": "TRAN_VDD_PULSE", "cornername": "CMOS_RES_CAP_TEMP_26"}
[2026-05-26 09:49:10.239 Z] [WARN] [cadence.virtuoso.ade.simulationMonitor] -     WARNING (CMI-2425): I19.I8.C0: `Noff' = 4.732 is unusually large. {"history": "Interactive.77", "point": 28, "testname": "TRAN_VDD_PULSE", "cornername": "CMOS_RES_CAP_TEMP_26"}
[2026-05-26 09:49:10.239 Z] [WARN] [cadence.virtuoso.ade.simulationMonitor] -     WARNING (CMI-2424): I19.I8.C0: `Voffcv' = -867.4e-03 is unusually small. {"history": "Interactive.77", "point": 28, "testname": "TRAN_VDD_PULSE", "cornername": "CMOS_RES_CAP_TEMP_26"}
[2026-05-26 09:49:10.239 Z] [WARN] [cadence.virtuoso.ade.simulationMonitor] -     WARNING (CMI-2425): I19.I8.C1: `Acde' = 2.393 is unusually large.
        Further occurrences of this warning will be suppressed. {"history": "Interactive.77", "point": 28, "testname": "TRAN_VDD_PULSE", "cornername": "CMOS_RES_CAP_TEMP_26"}
[2026-05-26 09:49:10.239 Z] [WARN] [cadence.virtuoso.ade.simulationMonitor] -     WARNING (CMI-2424): I19.I8.C1: `Voffcv' = -867.4e-03 is unusually small. {"history": "Interactive.77", "point": 28, "testname": "TRAN_VDD_PULSE", "cornername": "CMOS_RES_CAP_TEMP_26"}
[2026-05-26 09:49:10.239 Z] [WARN] [cadence.virtuoso.ade.simulationMonitor] -     WARNING (CMI-2424): I19.I14.C1: `Voffcv' = -867.4e-03 is unusually small. {"history": "Interactive.77", "point": 28, "testname": "TRAN_VDD_PULSE", "cornername": "CMOS_RES_CAP_TEMP_26"}
[2026-05-26 09:49:10.239 Z] [WARN] [cadence.virtuoso.ade.simulationMonitor] -     WARNING (CMI-2424): I19.I14.C4: `Voffcv' = -867.4e-03 is unusually small.
        Further occurrences of this warning will be suppressed. {"history": "Interactive.77", "point": 28, "testname": "TRAN_VDD_PULSE", "cornername": "CMOS_RES_CAP_TEMP_26"}
[2026-05-26 09:49:10.239 Z] [INFO] [cadence.virtuoso.ade.simulationMonitor] - Notice from spectre.
    56 warnings suppressed. {"history": "Interactive.77", "point": 28, "testname": "TRAN_VDD_PULSE", "cornername": "CMOS_RES_CAP_TEMP_26"}
[2026-05-26 09:49:10.239 Z] [WARN] [cadence.virtuoso.ade.simulationMonitor] -     WARNING (CMI-2425): I19.I2.C1: `Acde' = 2.393 is unusually large. {"history": "Interactive.77", "point": 28, "testname": "TRAN_VDD_PULSE", "cornername": "CMOS_RES_CAP_TEMP_26"}
[2026-05-26 09:49:10.239 Z] [WARN] [cadence.virtuoso.ade.simulationMonitor] -     WARNING (CMI-2425): I19.I2.C1: `Noff' = 4.732 is unusually large. {"history": "Interactive.77", "point": 28, "testname": "TRAN_VDD_PULSE", "cornername": "CMOS_RES_CAP_TEMP_26"}
[2026-05-26 09:49:10.239 Z] [WARN] [cadence.virtuoso.ade.simulationMonitor] -     WARNING (CMI-2424): I19.I2.C1: `Voffcv' = -867.4e-03 is unusually small. {"history": "Interactive.77", "point": 28, "testname": "TRAN_VDD_PULSE", "cornername": "CMOS_RES_CAP_TEMP_26"}
[2026-05-26 09:49:10.239 Z] [WARN] [cadence.virtuoso.ade.simulationMonitor] -     WARNING (CMI-2425): I19.I8.C0: `Acde' = 2.393 is unusually large. {"history": "Interactive.77", "point": 28, "testname": "TRAN_VDD_PULSE", "cornername": "CMOS_RES_CAP_TEMP_26"}
[2026-05-26 09:49:10.239 Z] [WARN] [cadence.virtuoso.ade.simulationMonitor] -     WARNING (CMI-2425): I19.I8.C0: `Noff' = 4.732 is unusually large. {"history": "Interactive.77", "point": 28, "testname": "TRAN_VDD_PULSE", "cornername": "CMOS_RES_CAP_TEMP_26"}
[2026-05-26 09:49:10.239 Z] [WARN] [cadence.virtuoso.ade.simulationMonitor] -     WARNING (CMI-2424): I19.I8.C0: `Voffcv' = -867.4e-03 is unusually small. {"history": "Interactive.77", "point": 28, "testname": "TRAN_VDD_PULSE", "cornername": "CMOS_RES_CAP_TEMP_26"}
[2026-05-26 09:49:10.239 Z] [WARN] [cadence.virtuoso.ade.simulationMonitor] -     WARNING (CMI-2425): I19.I8.C1: `Acde' = 2.393 is unusually large.
        Further occurrences of this warning will be suppressed. {"history": "Interactive.77", "point": 28, "testname": "TRAN_VDD_PULSE", "cornername": "CMOS_RES_CAP_TEMP_26"}
[2026-05-26 09:49:10.239 Z] [WARN] [cadence.virtuoso.ade.simulationMonitor] -     WARNING (CMI-2424): I19.I8.C1: `Voffcv' = -867.4e-03 is unusually small. {"history": "Interactive.77", "point": 28, "testname": "TRAN_VDD_PULSE", "cornername": "CMOS_RES_CAP_TEMP_26"}
[2026-05-26 09:49:10.239 Z] [WARN] [cadence.virtuoso.ade.simulationMonitor] -     WARNING (CMI-2424): I19.I14.C1: `Voffcv' = -867.4e-03 is unusually small. {"history": "Interactive.77", "point": 28, "testname": "TRAN_VDD_PULSE", "cornername": "CMOS_RES_CAP_TEMP_26"}
[2026-05-26 09:49:10.239 Z] [WARN] [cadence.virtuoso.ade.simulationMonitor] -     WARNING (CMI-2424): I19.I14.C4: `Voffcv' = -867.4e-03 is unusually small.
        Further occurrences of this warning will be suppressed. {"history": "Interactive.77", "point": 28, "testname": "TRAN_VDD_PULSE", "cornername": "CMOS_RES_CAP_TEMP_26"}
[2026-05-26 09:49:10.239 Z] [INFO] [cadence.virtuoso.ade.simulationMonitor] - Notice from spectre.
    56 warnings suppressed. {"history": "Interactive.77", "point": 28, "testname": "TRAN_VDD_PULSE", "cornername": "CMOS_RES_CAP_TEMP_26"}
[2026-05-26 09:49:10.240 Z] [INFO] [cadence.virtuoso.ade.simulationMonitor] - Time used: CPU = 87 s (1m  27.0s), elapsed = 87.6 s (1m  27.6s), util. = 99.3%. {"history": "Interactive.77", "point": 28, "testname": "TRAN_VDD_PULSE", "cornername": "CMOS_RES_CAP_TEMP_26"}
[2026-05-26 09:49:10.240 Z] [INFO] [cadence.virtuoso.ade.simulationMonitor] - Time spent in licensing: elapsed = 38.8 ms. {"history": "Interactive.77", "point": 28, "testname": "TRAN_VDD_PULSE", "cornername": "CMOS_RES_CAP_TEMP_26"}
[2026-05-26 09:49:10.240 Z] [INFO] [cadence.virtuoso.ade.simulationMonitor] - Peak memory used = 230 Mbytes. {"history": "Interactive.77", "point": 28, "testname": "TRAN_VDD_PULSE", "cornername": "CMOS_RES_CAP_TEMP_26"}
[2026-05-26 09:49:10.240 Z] [PROCESS] [cadence.virtuoso.ade.simulationMonitor] - Simulation started at: 9:47:42 AM, Tue May 26, 2026, ended at: 9:49:09 AM, Tue May 26, 2026, with elapsed time (wall clock): 87.6 s (1m  27.6s). {"history": "Interactive.77", "point": 28, "testname": "TRAN_VDD_PULSE", "cornername": "CMOS_RES_CAP_TEMP_26"}
[2026-05-26 09:49:10.240 Z] [PROCESS] [cadence.virtuoso.ade.simulationMonitor] - spectre completes with 0 errors, 96 warnings, and 33 notices. {"history": "Interactive.77", "point": 28, "testname": "TRAN_VDD_PULSE", "cornername": "CMOS_RES_CAP_TEMP_26"}
[2026-05-26 09:49:10.240 Z] [PROCESS] [cadence.virtuoso.ade.simulationMonitor] - Finished simulating for one point {"hostname": "edatools", "processid": 244791, "history": "Interactive.77", "testname": "TRAN_VDD_PULSE", "cornername": "CMOS_RES_CAP_TEMP_26", "point": 28, "logfile": "/home/saul/projects/IL2244_VT26_SAUL/logs_saul/logs0/Job47.log", "simid": "5"}
[2026-05-26 09:49:10.240 Z] [PROCESS] [cadence.virtuoso.ade.simulationMonitor] - Simulator exited {"hostname": "edatools", "processid": 244791, "history": "Interactive.77", "testname": "TRAN_VDD_PULSE", "cornername": "CMOS_RES_CAP_TEMP_26", "point": 28, "logfile": "/home/saul/projects/IL2244_VT26_SAUL/logs_saul/logs0/Job47.log", "exitStatus": "0"}
[2026-05-26 09:49:10.240 Z] [PROCESS] [cadence.virtuoso.ade.simulationMonitor] - Finished Simulation {"hostname": "edatools", "processid": 244791, "history": "Interactive.77", "testname": "TRAN_VDD_PULSE", "cornername": "CMOS_RES_CAP_TEMP_26", "point": 28, "logfile": "/home/saul/projects/IL2244_VT26_SAUL/logs_saul/logs0/Job47.log", "simid": "5"}
[2026-05-26 09:49:11.745 Z] [PROCESS] [cadence.virtuoso.ade.simulationMonitor] - Point Finished {"hostname": "edatools", "processid": 244791, "history": "Interactive.77", "testname": "TRAN_VDD_PULSE", "cornername": "CMOS_RES_CAP_TEMP_26", "point": 28, "logfile": "/home/saul/projects/IL2244_VT26_SAUL/logs_saul/logs0/Job47.log"}
[2026-05-26 09:49:11.746 Z] [PROCESS] [cadence.virtuoso.ade.simulationMonitor] - HostInfo:
Host name (type):	edatools (x86_64)
Operating system:	Linux 6.17.0-29-generic #29~24.04.1-Ubuntu SMP PREEMPT_DYNAMIC Mon May 11 10:30:58 UTC 2 {"hostname": "edatools", "processid": 244791, "history": "Interactive.77", "testname": "TRAN_VDD_PULSE", "cornername": "CMOS_RES_CAP_TEMP_26", "point": 28, "logfile": "/home/saul/projects/IL2244_VT26_SAUL/logs_saul/logs0/Job47.log", "nodename": "edatools", "domainname": "(none)", "machine": "x86_64", "sysname": "Linux", "release": "6.17.0-29-generic", "version": "#29~24.04.1-Ubuntu SMP PREEMPT_DYNAMIC Mon May 11 10:30:58 UTC 2"}
[2026-05-26 09:49:11.746 Z] [PROCESS] [cadence.virtuoso.ade.simulationMonitor] - UsageInfo:
pid=244791
totalPhysicalMemory=62.544987GB,Used=44.738571GB,totalVirtualMemory=70.544983GB,Used=44.738571GB
Cpu: Cores=16, Load average:6.130000,4.840000,2.500000 {"hostname": "edatools", "processid": 244791, "history": "Interactive.77", "testname": "TRAN_VDD_PULSE", "cornername": "CMOS_RES_CAP_TEMP_26", "point": 28, "logfile": "/home/saul/projects/IL2244_VT26_SAUL/logs_saul/logs0/Job47.log", "pid": "244791", "totalPhysicalMemory": "62.544987", "physicalMemoryUsed": "44.738571", "totalVirtualMemory": "70.544983", "virtualMemoryUsed": "44.738571", "cpuCores": "16", "processes": "1651", "loadAverage1": "6.130000", "loadAverage5": "4.840000", "loadAverage15": "2.500000", "loadAverage1Percent": "0.383125"}
[2026-05-26 09:49:11.746 Z] [EVENT] [cadence.virtuoso.ade.simulationMonitor] - NewPoint {"history": "Interactive.77", "point": 33, "testname": "TRAN_VDD_PULSE", "cornername": "CMOS_RES_CAP_TEMP_31", "event": "NewPoint", "EventSource": "Simulation Monitor", "HistoryName": "Interactive.77", "logFile": "/home/saul/projects/IL2244_VT26_SAUL/logs_saul/logs0/Job47.log", "logFileSize": "213245"}
[2026-05-26 09:49:11.848 Z] [EVENT] [cadence.virtuoso.ade.simulationMonitor] - NewPoint {"history": "Interactive.77", "point": 33, "testname": "TRAN_VDD_PULSE", "cornername": "CMOS_RES_CAP_TEMP_31", "event": "NewPoint", "EventSource": "spectre", "HistoryName": "Interactive.77", "logFile": "/home/saul/projects/IL2244_VT26_SAUL/Sim/FECG/fecg_front_end_tran_tb/maestro/results/maestro/Interactive.77/33/TRAN_VDD_PULSE/psf/spectre.out", "logFileSize": "-1"}
[2026-05-26 09:49:11.851 Z] [PROCESS] [cadence.virtuoso.ade.simulationMonitor] - Simulator launched {"hostname": "edatools", "processid": 244791, "history": "Interactive.77", "testname": "TRAN_VDD_PULSE", "cornername": "CMOS_RES_CAP_TEMP_31", "point": 33, "logfile": "/home/saul/projects/IL2244_VT26_SAUL/logs_saul/logs0/Job47.log", "simid": "6"}
[2026-05-26 09:49:11.862 Z] [PROCESS] [cadence.virtuoso.ade.simulationMonitor] - Started Simulation {"hostname": "edatools", "processid": 244791, "history": "Interactive.77", "testname": "TRAN_VDD_PULSE", "cornername": "CMOS_RES_CAP_TEMP_31", "point": 33, "logfile": "/home/saul/projects/IL2244_VT26_SAUL/logs_saul/logs0/Job47.log", "event": "started", "task": "simulation"}
[2026-05-26 09:49:12.362 Z] [INFO] [cadence.virtuoso.ade.simulationMonitor] - Notice from spectre during circuit read-in.
    Pre_Configuration file used: /opt/tools/cadence/installs/SPECTRE241/tools.lnx86/spectre/etc/configs/preset.precfg
    Configuration file used: `/opt/tools/cadence/installs/SPECTRE241/tools.lnx86/spectre/etc/configs/preset.cfg'. {"history": "Interactive.77", "point": 33, "testname": "TRAN_VDD_PULSE", "cornername": "CMOS_RES_CAP_TEMP_31"}
[2026-05-26 09:49:12.362 Z] [WARN] [cadence.virtuoso.ade.simulationMonitor] -     WARNING (SPECTRE-8360): line 1511: `ac' is an undefined primitive device. {"history": "Interactive.77", "point": 33, "testname": "TRAN_VDD_PULSE", "cornername": "CMOS_RES_CAP_TEMP_31"}
[2026-05-26 09:49:12.363 Z] [WARN] [cadence.virtuoso.ade.simulationMonitor] -     WARNING (SPECTRE-8360): line 1512: `ac' is an undefined primitive device. {"history": "Interactive.77", "point": 33, "testname": "TRAN_VDD_PULSE", "cornername": "CMOS_RES_CAP_TEMP_31"}
[2026-05-26 09:49:12.363 Z] [WARN] [cadence.virtuoso.ade.simulationMonitor] -     WARNING (SPECTRE-8360): line 1513: `ac' is an undefined primitive device. {"history": "Interactive.77", "point": 33, "testname": "TRAN_VDD_PULSE", "cornername": "CMOS_RES_CAP_TEMP_31"}
[2026-05-26 09:49:12.363 Z] [WARN] [cadence.virtuoso.ade.simulationMonitor] -     WARNING (SPECTRE-8360): line 1514: `ac' is an undefined primitive device. {"history": "Interactive.77", "point": 33, "testname": "TRAN_VDD_PULSE", "cornername": "CMOS_RES_CAP_TEMP_31"}
[2026-05-26 09:49:12.363 Z] [WARN] [cadence.virtuoso.ade.simulationMonitor] -     WARNING (SPECTRE-8360): line 1515: `ac' is an undefined primitive device.
        Further occurrences of this warning will be suppressed. {"history": "Interactive.77", "point": 33, "testname": "TRAN_VDD_PULSE", "cornername": "CMOS_RES_CAP_TEMP_31"}
[2026-05-26 09:49:12.363 Z] [INFO] [cadence.virtuoso.ade.simulationMonitor] - Peak resident memory used = 173 Mbytes. {"history": "Interactive.77", "point": 33, "testname": "TRAN_VDD_PULSE", "cornername": "CMOS_RES_CAP_TEMP_31"}
[2026-05-26 09:49:12.363 Z] [WARN] [cadence.virtuoso.ade.simulationMonitor] -     WARNING (VACOMP-2435): The environment variable CDS_AHDLCMI_ENABLE is no longer supported. Therefore, the simulator will use the default compiled C code flow. {"history": "Interactive.77", "point": 33, "testname": "TRAN_VDD_PULSE", "cornername": "CMOS_RES_CAP_TEMP_31"}
[2026-05-26 09:49:12.363 Z] [WARN] [cadence.virtuoso.ade.simulationMonitor] -     WARNING (SFE-3014): The floating device I19.I0.I5.MN14<0>_turbo_m4 is removed. {"history": "Interactive.77", "point": 33, "testname": "TRAN_VDD_PULSE", "cornername": "CMOS_RES_CAP_TEMP_31"}
[2026-05-26 09:49:12.363 Z] [WARN] [cadence.virtuoso.ade.simulationMonitor] -     WARNING (SFE-3012): The dummy device I19.I4.MP16<0>_turbo_m41 is removed. {"history": "Interactive.77", "point": 33, "testname": "TRAN_VDD_PULSE", "cornername": "CMOS_RES_CAP_TEMP_31"}
[2026-05-26 09:49:12.363 Z] [WARN] [cadence.virtuoso.ade.simulationMonitor] -     WARNING (SFE-3014): The floating device I19.I8.MN57<0>_turbo_m28 is removed. {"history": "Interactive.77", "point": 33, "testname": "TRAN_VDD_PULSE", "cornername": "CMOS_RES_CAP_TEMP_31"}
[2026-05-26 09:49:12.363 Z] [WARN] [cadence.virtuoso.ade.simulationMonitor] -     WARNING (SFE-3012): The dummy device I19.I14.MP13<0>_turbo_m4 is removed. {"history": "Interactive.77", "point": 33, "testname": "TRAN_VDD_PULSE", "cornername": "CMOS_RES_CAP_TEMP_31"}
[2026-05-26 09:49:12.363 Z] [WARN] [cadence.virtuoso.ade.simulationMonitor] -     WARNING (SFE-3031): The floating capacitor I19.I12.C10<0>_turbo_m12.C1 is removed. {"history": "Interactive.77", "point": 33, "testname": "TRAN_VDD_PULSE", "cornername": "CMOS_RES_CAP_TEMP_31"}
[2026-05-26 09:49:12.363 Z] [WARN] [cadence.virtuoso.ade.simulationMonitor] -     WARNING (SFE-3014): The floating device I19.I2.MN37<0>_turbo_m4 is removed. {"history": "Interactive.77", "point": 33, "testname": "TRAN_VDD_PULSE", "cornername": "CMOS_RES_CAP_TEMP_31"}
[2026-05-26 09:49:12.364 Z] [WARN] [cadence.virtuoso.ade.simulationMonitor] -     WARNING (SFE-3012): The dummy device I19.I0.I5.MP12<0>_turbo_m2 is removed. {"history": "Interactive.77", "point": 33, "testname": "TRAN_VDD_PULSE", "cornername": "CMOS_RES_CAP_TEMP_31"}
[2026-05-26 09:49:12.364 Z] [WARN] [cadence.virtuoso.ade.simulationMonitor] -     WARNING (SFE-3014): The floating device I19.I0.MN13<0>_turbo_m4 is removed. {"history": "Interactive.77", "point": 33, "testname": "TRAN_VDD_PULSE", "cornername": "CMOS_RES_CAP_TEMP_31"}
[2026-05-26 09:49:12.364 Z] [WARN] [cadence.virtuoso.ade.simulationMonitor] -     WARNING (SFE-3012): The dummy device I19.I0.I3.MP13<0>_turbo_m4 is removed. {"history": "Interactive.77", "point": 33, "testname": "TRAN_VDD_PULSE", "cornername": "CMOS_RES_CAP_TEMP_31"}
[2026-05-26 09:49:12.364 Z] [WARN] [cadence.virtuoso.ade.simulationMonitor] -     WARNING (SFE-3031): The floating capacitor I19.I12.C6<0>_turbo_m3.C1 is removed. {"history": "Interactive.77", "point": 33, "testname": "TRAN_VDD_PULSE", "cornername": "CMOS_RES_CAP_TEMP_31"}
[2026-05-26 09:49:12.364 Z] [WARN] [cadence.virtuoso.ade.simulationMonitor] -     WARNING (SFE-3012): The dummy device I19.I0.MP11<0>_turbo_m4 is removed.
        Further occurrences of this warning will be suppressed. {"history": "Interactive.77", "point": 33, "testname": "TRAN_VDD_PULSE", "cornername": "CMOS_RES_CAP_TEMP_31"}
[2026-05-26 09:49:12.364 Z] [WARN] [cadence.virtuoso.ade.simulationMonitor] -     WARNING (SFE-3031): The floating capacitor I19.I11.C7<0>_turbo_m3.C1 is removed. {"history": "Interactive.77", "point": 33, "testname": "TRAN_VDD_PULSE", "cornername": "CMOS_RES_CAP_TEMP_31"}
[2026-05-26 09:49:12.364 Z] [WARN] [cadence.virtuoso.ade.simulationMonitor] -     WARNING (SFE-3014): The floating device I19.I12.MN57<0>_turbo_m28 is removed.
        Further occurrences of this warning will be suppressed. {"history": "Interactive.77", "point": 33, "testname": "TRAN_VDD_PULSE", "cornername": "CMOS_RES_CAP_TEMP_31"}
[2026-05-26 09:49:12.364 Z] [WARN] [cadence.virtuoso.ade.simulationMonitor] -     WARNING (SFE-3031): The floating capacitor I19.I11.C10<0>_turbo_m12.C1 is removed. {"history": "Interactive.77", "point": 33, "testname": "TRAN_VDD_PULSE", "cornername": "CMOS_RES_CAP_TEMP_31"}
[2026-05-26 09:49:12.364 Z] [WARN] [cadence.virtuoso.ade.simulationMonitor] -     WARNING (SFE-3031): The floating capacitor I19.I12.C7<0>_turbo_m3.C1 is removed.
        Further occurrences of this warning will be suppressed. {"history": "Interactive.77", "point": 33, "testname": "TRAN_VDD_PULSE", "cornername": "CMOS_RES_CAP_TEMP_31"}
[2026-05-26 09:49:12.364 Z] [INFO] [cadence.virtuoso.ade.simulationMonitor] - Peak resident memory used = 188 Mbytes. {"history": "Interactive.77", "point": 33, "testname": "TRAN_VDD_PULSE", "cornername": "CMOS_RES_CAP_TEMP_31"}
[2026-05-26 09:49:12.364 Z] [INFO] [cadence.virtuoso.ade.simulationMonitor] - Notice from spectre during hierarchy flattening.
    The value 'psf' specified for the 'checklimitdest' option will no longer be supported in future releases. Use 'spectre -h' to see other recommended values for the 'checklimitdest' option.
    I19.I0.R10.CS0 of rpolyhc: `c' has the unusually small value of 0 F.
    I19.I0.R10.CS1 of rpolyhc: `c' has the unusually small value of 0 F.
    I19.I0.R9.CS0 of rpolyhc: `c' has the unusually small value of 0 F.
    I19.I0.R9.CS1 of rpolyhc: `c' has the unusually ... {"history": "Interactive.77", "point": 33, "testname": "TRAN_VDD_PULSE", "cornername": "CMOS_RES_CAP_TEMP_31"}
[2026-05-26 09:49:12.364 Z] [INFO] [cadence.virtuoso.ade.simulationMonitor] - Notice from spectre during hierarchy flattening.
    V17: `period' has the unusually large value of 20 s.
    V17: `width' has the unusually large value of 19 s.
    V16: `period' has the unusually large value of 10 s.
    V16: `width' has the unusually large value of 9 s.
    V9: `period' has the unusually large value of 10 s.
        Further occurrences of this notice will be suppressed. {"history": "Interactive.77", "point": 33, "testname": "TRAN_VDD_PULSE", "cornername": "CMOS_RES_CAP_TEMP_31"}
[2026-05-26 09:49:12.365 Z] [INFO] [cadence.virtuoso.ade.simulationMonitor] - Peak resident memory used = 192 Mbytes. {"history": "Interactive.77", "point": 33, "testname": "TRAN_VDD_PULSE", "cornername": "CMOS_RES_CAP_TEMP_31"}
[2026-05-26 09:49:12.365 Z] [WARN] [cadence.virtuoso.ade.simulationMonitor] -     WARNING (CMI-2425): I19.I0.C2: `Acde' = 2.393 is unusually large. {"history": "Interactive.77", "point": 33, "testname": "TRAN_VDD_PULSE", "cornername": "CMOS_RES_CAP_TEMP_31"}
[2026-05-26 09:49:12.365 Z] [WARN] [cadence.virtuoso.ade.simulationMonitor] -     WARNING (CMI-2425): I19.I0.C2: `Noff' = 4.732 is unusually large. {"history": "Interactive.77", "point": 33, "testname": "TRAN_VDD_PULSE", "cornername": "CMOS_RES_CAP_TEMP_31"}
[2026-05-26 09:49:12.365 Z] [WARN] [cadence.virtuoso.ade.simulationMonitor] -     WARNING (CMI-2424): I19.I0.C2: `Voffcv' = -867.4e-03 is unusually small. {"history": "Interactive.77", "point": 33, "testname": "TRAN_VDD_PULSE", "cornername": "CMOS_RES_CAP_TEMP_31"}
[2026-05-26 09:49:12.365 Z] [WARN] [cadence.virtuoso.ade.simulationMonitor] -     WARNING (CMI-2425): I19.I0.C3: `Acde' = 2.393 is unusually large. {"history": "Interactive.77", "point": 33, "testname": "TRAN_VDD_PULSE", "cornername": "CMOS_RES_CAP_TEMP_31"}
[2026-05-26 09:49:12.365 Z] [WARN] [cadence.virtuoso.ade.simulationMonitor] -     WARNING (CMI-2425): I19.I0.C3: `Noff' = 4.732 is unusually large. {"history": "Interactive.77", "point": 33, "testname": "TRAN_VDD_PULSE", "cornername": "CMOS_RES_CAP_TEMP_31"}
[2026-05-26 09:49:12.365 Z] [WARN] [cadence.virtuoso.ade.simulationMonitor] -     WARNING (CMI-2424): I19.I0.C3: `Voffcv' = -867.4e-03 is unusually small. {"history": "Interactive.77", "point": 33, "testname": "TRAN_VDD_PULSE", "cornername": "CMOS_RES_CAP_TEMP_31"}
[2026-05-26 09:49:12.365 Z] [WARN] [cadence.virtuoso.ade.simulationMonitor] -     WARNING (CMI-2425): I19.I0.C0: `Acde' = 2.393 is unusually large.
        Further occurrences of this warning will be suppressed. {"history": "Interactive.77", "point": 33, "testname": "TRAN_VDD_PULSE", "cornername": "CMOS_RES_CAP_TEMP_31"}
[2026-05-26 09:49:12.365 Z] [WARN] [cadence.virtuoso.ade.simulationMonitor] -     WARNING (CMI-2424): I19.I0.C0: `Voffcv' = -867.4e-03 is unusually small. {"history": "Interactive.77", "point": 33, "testname": "TRAN_VDD_PULSE", "cornername": "CMOS_RES_CAP_TEMP_31"}
[2026-05-26 09:49:12.365 Z] [WARN] [cadence.virtuoso.ade.simulationMonitor] -     WARNING (CMI-2424): I19.I0.I3.C1: `Voffcv' = -867.4e-03 is unusually small. {"history": "Interactive.77", "point": 33, "testname": "TRAN_VDD_PULSE", "cornername": "CMOS_RES_CAP_TEMP_31"}
[2026-05-26 09:49:12.365 Z] [WARN] [cadence.virtuoso.ade.simulationMonitor] -     WARNING (CMI-2424): I19.I0.C1<0>_turbo_m5: `Voffcv' = -867.4e-03 is unusually small.
        Further occurrences of this warning will be suppressed. {"history": "Interactive.77", "point": 33, "testname": "TRAN_VDD_PULSE", "cornername": "CMOS_RES_CAP_TEMP_31"}
[2026-05-26 09:49:12.365 Z] [WARN] [cadence.virtuoso.ade.simulationMonitor] -     WARNING (SPECTRE-17607): Assert `SOAC_rpolyh_vminuspsub' is ignored because it contains an expression which is invalid or not supported by native evaluator.  {"history": "Interactive.77", "point": 33, "testname": "TRAN_VDD_PULSE", "cornername": "CMOS_RES_CAP_TEMP_31"}
[2026-05-26 09:49:12.366 Z] [WARN] [cadence.virtuoso.ade.simulationMonitor] -     WARNING (SPECTRE-17607): Assert `SOAC_rpolyh_vpluspsub' is ignored because it contains an expression which is invalid or not supported by native evaluator.  {"history": "Interactive.77", "point": 33, "testname": "TRAN_VDD_PULSE", "cornername": "CMOS_RES_CAP_TEMP_31"}
[2026-05-26 09:49:12.366 Z] [WARN] [cadence.virtuoso.ade.simulationMonitor] -     WARNING (SPECTRE-16460): SOAC_cvarm_vspsub:Specified subcircuit master `cvarm' was not found. {"history": "Interactive.77", "point": 33, "testname": "TRAN_VDD_PULSE", "cornername": "CMOS_RES_CAP_TEMP_31"}
[2026-05-26 09:49:12.366 Z] [WARN] [cadence.virtuoso.ade.simulationMonitor] -     WARNING (SPECTRE-16462): SOAC_cvarm_vspsub:Error in specification of subcircuit master. Assert is ignored. {"history": "Interactive.77", "point": 33, "testname": "TRAN_VDD_PULSE", "cornername": "CMOS_RES_CAP_TEMP_31"}
[2026-05-26 09:49:12.366 Z] [WARN] [cadence.virtuoso.ade.simulationMonitor] -     WARNING (SPECTRE-16460): SOAC_cvarm_vbs:Specified subcircuit master `cvarm' was not found. {"history": "Interactive.77", "point": 33, "testname": "TRAN_VDD_PULSE", "cornername": "CMOS_RES_CAP_TEMP_31"}
[2026-05-26 09:49:12.366 Z] [WARN] [cadence.virtuoso.ade.simulationMonitor] -     WARNING (SPECTRE-16462): SOAC_cvarm_vbs:Error in specification of subcircuit master. Assert is ignored. {"history": "Interactive.77", "point": 33, "testname": "TRAN_VDD_PULSE", "cornername": "CMOS_RES_CAP_TEMP_31"}
[2026-05-26 09:49:12.366 Z] [WARN] [cadence.virtuoso.ade.simulationMonitor] -     WARNING (SPECTRE-16460): SOAC_cvarm_vgb:Specified subcircuit master `cvarm' was not found. {"history": "Interactive.77", "point": 33, "testname": "TRAN_VDD_PULSE", "cornername": "CMOS_RES_CAP_TEMP_31"}
[2026-05-26 09:49:12.366 Z] [WARN] [cadence.virtuoso.ade.simulationMonitor] -     WARNING (SPECTRE-16462): SOAC_cvarm_vgb:Error in specification of subcircuit master. Assert is ignored. {"history": "Interactive.77", "point": 33, "testname": "TRAN_VDD_PULSE", "cornername": "CMOS_RES_CAP_TEMP_31"}
[2026-05-26 09:49:12.366 Z] [WARN] [cadence.virtuoso.ade.simulationMonitor] -     WARNING (SPECTRE-16460): SOAC_cvart_vspsub:Specified subcircuit master `cvart' was not found. {"history": "Interactive.77", "point": 33, "testname": "TRAN_VDD_PULSE", "cornername": "CMOS_RES_CAP_TEMP_31"}
[2026-05-26 09:49:12.366 Z] [WARN] [cadence.virtuoso.ade.simulationMonitor] -     WARNING (SPECTRE-16462): SOAC_cvart_vspsub:Error in specification of subcircuit master. Assert is ignored. {"history": "Interactive.77", "point": 33, "testname": "TRAN_VDD_PULSE", "cornername": "CMOS_RES_CAP_TEMP_31"}
[2026-05-26 09:49:12.366 Z] [WARN] [cadence.virtuoso.ade.simulationMonitor] -     WARNING (SPECTRE-16460): SOAC_cvart_vbs:Specified subcircuit master `cvart' was not found.
        Further occurrences of this warning will be suppressed. {"history": "Interactive.77", "point": 33, "testname": "TRAN_VDD_PULSE", "cornername": "CMOS_RES_CAP_TEMP_31"}
[2026-05-26 09:49:12.366 Z] [WARN] [cadence.virtuoso.ade.simulationMonitor] -     WARNING (SPECTRE-16462): SOAC_cvart_vbs:Error in specification of subcircuit master. Assert is ignored.
        Further occurrences of this warning will be suppressed. {"history": "Interactive.77", "point": 33, "testname": "TRAN_VDD_PULSE", "cornername": "CMOS_RES_CAP_TEMP_31"}
[2026-05-26 09:49:12.366 Z] [WARN] [cadence.virtuoso.ade.simulationMonitor] -     WARNING (SPECTRE-17607): Assert `SOAC_cvar_vspsub' is ignored because it contains an expression which is invalid or not supported by native evaluator.  {"history": "Interactive.77", "point": 33, "testname": "TRAN_VDD_PULSE", "cornername": "CMOS_RES_CAP_TEMP_31"}
[2026-05-26 09:49:12.366 Z] [WARN] [cadence.virtuoso.ade.simulationMonitor] -     WARNING (SPECTRE-17607): Assert `SOAC_cvar_vbpsub' is ignored because it contains an expression which is invalid or not supported by native evaluator.  {"history": "Interactive.77", "point": 33, "testname": "TRAN_VDD_PULSE", "cornername": "CMOS_RES_CAP_TEMP_31"}
[2026-05-26 09:49:12.367 Z] [WARN] [cadence.virtuoso.ade.simulationMonitor] -     WARNING (SPECTRE-17607): Assert `SOAC_cvar_vgpsub' is ignored because it contains an expression which is invalid or not supported by native evaluator. 
        Further occurrences of this warning will be suppressed. {"history": "Interactive.77", "point": 33, "testname": "TRAN_VDD_PULSE", "cornername": "CMOS_RES_CAP_TEMP_31"}
[2026-05-26 09:49:12.867 Z] [INFO] [cadence.virtuoso.ade.simulationMonitor] - Notice from spectre during topology check.
    No DC path from node `net19' to ground, Gmin installed to provide path. {"history": "Interactive.77", "point": 33, "testname": "TRAN_VDD_PULSE", "cornername": "CMOS_RES_CAP_TEMP_31"}
[2026-05-26 09:49:12.867 Z] [INFO] [cadence.virtuoso.ade.simulationMonitor] - Notice from spectre during initial setup.
    Multithreading is disabled due to the size of the design being too small. {"history": "Interactive.77", "point": 33, "testname": "TRAN_VDD_PULSE", "cornername": "CMOS_RES_CAP_TEMP_31"}
[2026-05-26 09:49:12.867 Z] [INFO] [cadence.virtuoso.ade.simulationMonitor] -               nodes 784 {"history": "Interactive.77", "point": 33, "testname": "TRAN_VDD_PULSE", "cornername": "CMOS_RES_CAP_TEMP_31"}
[2026-05-26 09:49:12.867 Z] [INFO] [cadence.virtuoso.ade.simulationMonitor] - Notice from spectre during initial setup.
    4 vsources are shorted because their absolute value is less than or equal to 'vabsshort'.
    Spectre X preset=mx enabled.
    18 notices suppressed.
    154 warnings suppressed. {"history": "Interactive.77", "point": 33, "testname": "TRAN_VDD_PULSE", "cornername": "CMOS_RES_CAP_TEMP_31"}
[2026-05-26 09:49:12.867 Z] [INFO] [cadence.virtuoso.ade.simulationMonitor] - Peak resident memory used = 212 Mbytes. {"history": "Interactive.77", "point": 33, "testname": "TRAN_VDD_PULSE", "cornername": "CMOS_RES_CAP_TEMP_31"}
[2026-05-26 09:49:12.867 Z] [INFO] [cadence.virtuoso.ade.simulationMonitor] -    -   (Spectre X) Multi-threading. The recommended number of threads is 1, consider adding +mt=1 on command line. {"history": "Interactive.77", "point": 33, "testname": "TRAN_VDD_PULSE", "cornername": "CMOS_RES_CAP_TEMP_31"}
[2026-05-26 09:49:12.868 Z] [INFO] [cadence.virtuoso.ade.simulationMonitor] - Notice from spectre during DC analysis `dcOp'.
    No checklimit analysis defined for asserts. A default checklimit analysis 'SpectreChecklimitAnal' has been created with all asserts enabled. {"history": "Interactive.77", "point": 33, "testname": "TRAN_VDD_PULSE", "cornername": "CMOS_RES_CAP_TEMP_31"}
[2026-05-26 09:49:12.868 Z] [INFO] [cadence.virtuoso.ade.simulationMonitor] - Notice from spectre during DC analysis `dcOp'.
    GminDC = 1 pS is large enough to noticeably affect the DC solution.
        dV(I19.I2.C1.s1) = 1.47451 mV
        Use the `gmin_check' option to eliminate or expand this report.
    Bad pivoting is found during DC analysis. Option dc_pivot_check=yes is recommended for possible improvement of convergence. {"history": "Interactive.77", "point": 33, "testname": "TRAN_VDD_PULSE", "cornername": "CMOS_RES_CAP_TEMP_31"}
[2026-05-26 09:49:12.868 Z] [WARN] [cadence.virtuoso.ade.simulationMonitor] -     WARNING (CMI-2943): Parameter checks have been ignored because the valid value for parameter 'trise' could not be found in 'C0'. {"history": "Interactive.77", "point": 33, "testname": "TRAN_VDD_PULSE", "cornername": "CMOS_RES_CAP_TEMP_31"}
[2026-05-26 09:49:12.868 Z] [WARN] [cadence.virtuoso.ade.simulationMonitor] -     WARNING (CMI-2943): Parameter checks have been ignored because the valid value for parameter 'trise' could not be found in 'C3'. {"history": "Interactive.77", "point": 33, "testname": "TRAN_VDD_PULSE", "cornername": "CMOS_RES_CAP_TEMP_31"}
[2026-05-26 09:49:12.868 Z] [WARN] [cadence.virtuoso.ade.simulationMonitor] -     WARNING (CMI-2943): Parameter checks have been ignored because the valid value for parameter 'trise' could not be found in 'C4'. {"history": "Interactive.77", "point": 33, "testname": "TRAN_VDD_PULSE", "cornername": "CMOS_RES_CAP_TEMP_31"}
[2026-05-26 09:49:12.868 Z] [WARN] [cadence.virtuoso.ade.simulationMonitor] -     WARNING (CMI-2943): Parameter checks have been ignored because the valid value for parameter 'trise' could not be found in 'C5'. {"history": "Interactive.77", "point": 33, "testname": "TRAN_VDD_PULSE", "cornername": "CMOS_RES_CAP_TEMP_31"}
[2026-05-26 09:49:12.868 Z] [WARN] [cadence.virtuoso.ade.simulationMonitor] -     WARNING (CMI-2943): Parameter checks have been ignored because the valid value for parameter 'trise' could not be found in 'I19.I4.C9<0>_turbo_m6.C1'.
        Further occurrences of this warning will be suppressed. {"history": "Interactive.77", "point": 33, "testname": "TRAN_VDD_PULSE", "cornername": "CMOS_RES_CAP_TEMP_31"}
[2026-05-26 09:49:12.868 Z] [INFO] [cadence.virtuoso.ade.simulationMonitor] - Total time required for dc analysis `dcOp': CPU = 52.33 ms, elapsed = 70.0922 ms, util. = 74.7%. {"history": "Interactive.77", "point": 33, "testname": "TRAN_VDD_PULSE", "cornername": "CMOS_RES_CAP_TEMP_31"}
[2026-05-26 09:49:12.868 Z] [INFO] [cadence.virtuoso.ade.simulationMonitor] - Peak resident memory used = 223 Mbytes. {"history": "Interactive.77", "point": 33, "testname": "TRAN_VDD_PULSE", "cornername": "CMOS_RES_CAP_TEMP_31"}
[2026-05-26 09:49:12.868 Z] [INFO] [cadence.virtuoso.ade.simulationMonitor] - Notice from spectre.
    246 warnings suppressed. {"history": "Interactive.77", "point": 33, "testname": "TRAN_VDD_PULSE", "cornername": "CMOS_RES_CAP_TEMP_31"}
[2026-05-26 09:49:12.868 Z] [INFO] [cadence.virtuoso.ade.simulationMonitor] - Notice from spectre during IC analysis, during transient analysis `tran'.
    GminDC = 1 pS is large enough to noticeably affect the DC solution.
        dV(I19.I2.C1.s1) = 1.47451 mV
        Use the `gmin_check' option to eliminate or expand this report. {"history": "Interactive.77", "point": 33, "testname": "TRAN_VDD_PULSE", "cornername": "CMOS_RES_CAP_TEMP_31"}
[2026-05-26 09:49:12.868 Z] [WARN] [cadence.virtuoso.ade.simulationMonitor] -     WARNING (CMI-2943): Parameter checks have been ignored because the valid value for parameter 'trise' could not be found in 'C0'. {"history": "Interactive.77", "point": 33, "testname": "TRAN_VDD_PULSE", "cornername": "CMOS_RES_CAP_TEMP_31"}
[2026-05-26 09:49:12.869 Z] [WARN] [cadence.virtuoso.ade.simulationMonitor] -     WARNING (CMI-2943): Parameter checks have been ignored because the valid value for parameter 'trise' could not be found in 'C3'. {"history": "Interactive.77", "point": 33, "testname": "TRAN_VDD_PULSE", "cornername": "CMOS_RES_CAP_TEMP_31"}
[2026-05-26 09:49:12.869 Z] [WARN] [cadence.virtuoso.ade.simulationMonitor] -     WARNING (CMI-2943): Parameter checks have been ignored because the valid value for parameter 'trise' could not be found in 'C4'. {"history": "Interactive.77", "point": 33, "testname": "TRAN_VDD_PULSE", "cornername": "CMOS_RES_CAP_TEMP_31"}
[2026-05-26 09:49:12.869 Z] [WARN] [cadence.virtuoso.ade.simulationMonitor] -     WARNING (CMI-2943): Parameter checks have been ignored because the valid value for parameter 'trise' could not be found in 'C5'. {"history": "Interactive.77", "point": 33, "testname": "TRAN_VDD_PULSE", "cornername": "CMOS_RES_CAP_TEMP_31"}
[2026-05-26 09:49:12.869 Z] [WARN] [cadence.virtuoso.ade.simulationMonitor] -     WARNING (CMI-2943): Parameter checks have been ignored because the valid value for parameter 'trise' could not be found in 'I19.I4.C9<0>_turbo_m6.C1'.
        Further occurrences of this warning will be suppressed. {"history": "Interactive.77", "point": 33, "testname": "TRAN_VDD_PULSE", "cornername": "CMOS_RES_CAP_TEMP_31"}
[2026-05-26 09:49:12.869 Z] [INFO] [cadence.virtuoso.ade.simulationMonitor] - Notice from spectre during transient analysis `tran'.
    Multithreading is disabled due to the size of the design being too small. {"history": "Interactive.77", "point": 33, "testname": "TRAN_VDD_PULSE", "cornername": "CMOS_RES_CAP_TEMP_31"}
[2026-05-26 09:50:27.888 Z] [INFO] [cadence.virtuoso.ade.simulationMonitor] - Total time required for tran analysis `tran': CPU = 74.9524 s (1m  15.0s), elapsed = 74.9716 s (1m  15.0s), util. = 100%. {"history": "Interactive.77", "point": 33, "testname": "TRAN_VDD_PULSE", "cornername": "CMOS_RES_CAP_TEMP_31"}
[2026-05-26 09:50:27.888 Z] [INFO] [cadence.virtuoso.ade.simulationMonitor] - Peak resident memory used = 230 Mbytes. {"history": "Interactive.77", "point": 33, "testname": "TRAN_VDD_PULSE", "cornername": "CMOS_RES_CAP_TEMP_31"}
[2026-05-26 09:50:27.888 Z] [INFO] [cadence.virtuoso.ade.simulationMonitor] - Notice from spectre.
    246 warnings suppressed. {"history": "Interactive.77", "point": 33, "testname": "TRAN_VDD_PULSE", "cornername": "CMOS_RES_CAP_TEMP_31"}
[2026-05-26 09:50:27.888 Z] [WARN] [cadence.virtuoso.ade.simulationMonitor] -     WARNING (CMI-2425): I19.I2.C1: `Acde' = 2.393 is unusually large. {"history": "Interactive.77", "point": 33, "testname": "TRAN_VDD_PULSE", "cornername": "CMOS_RES_CAP_TEMP_31"}
[2026-05-26 09:50:27.888 Z] [WARN] [cadence.virtuoso.ade.simulationMonitor] -     WARNING (CMI-2425): I19.I2.C1: `Noff' = 4.732 is unusually large. {"history": "Interactive.77", "point": 33, "testname": "TRAN_VDD_PULSE", "cornername": "CMOS_RES_CAP_TEMP_31"}
[2026-05-26 09:50:27.888 Z] [WARN] [cadence.virtuoso.ade.simulationMonitor] -     WARNING (CMI-2424): I19.I2.C1: `Voffcv' = -867.4e-03 is unusually small. {"history": "Interactive.77", "point": 33, "testname": "TRAN_VDD_PULSE", "cornername": "CMOS_RES_CAP_TEMP_31"}
[2026-05-26 09:50:27.889 Z] [WARN] [cadence.virtuoso.ade.simulationMonitor] -     WARNING (CMI-2425): I19.I8.C0: `Acde' = 2.393 is unusually large. {"history": "Interactive.77", "point": 33, "testname": "TRAN_VDD_PULSE", "cornername": "CMOS_RES_CAP_TEMP_31"}
[2026-05-26 09:50:27.889 Z] [WARN] [cadence.virtuoso.ade.simulationMonitor] -     WARNING (CMI-2425): I19.I8.C0: `Noff' = 4.732 is unusually large. {"history": "Interactive.77", "point": 33, "testname": "TRAN_VDD_PULSE", "cornername": "CMOS_RES_CAP_TEMP_31"}
[2026-05-26 09:50:27.889 Z] [WARN] [cadence.virtuoso.ade.simulationMonitor] -     WARNING (CMI-2424): I19.I8.C0: `Voffcv' = -867.4e-03 is unusually small. {"history": "Interactive.77", "point": 33, "testname": "TRAN_VDD_PULSE", "cornername": "CMOS_RES_CAP_TEMP_31"}
[2026-05-26 09:50:27.889 Z] [WARN] [cadence.virtuoso.ade.simulationMonitor] -     WARNING (CMI-2425): I19.I8.C1: `Acde' = 2.393 is unusually large.
        Further occurrences of this warning will be suppressed. {"history": "Interactive.77", "point": 33, "testname": "TRAN_VDD_PULSE", "cornername": "CMOS_RES_CAP_TEMP_31"}
[2026-05-26 09:50:27.889 Z] [WARN] [cadence.virtuoso.ade.simulationMonitor] -     WARNING (CMI-2424): I19.I8.C1: `Voffcv' = -867.4e-03 is unusually small. {"history": "Interactive.77", "point": 33, "testname": "TRAN_VDD_PULSE", "cornername": "CMOS_RES_CAP_TEMP_31"}
[2026-05-26 09:50:27.889 Z] [WARN] [cadence.virtuoso.ade.simulationMonitor] -     WARNING (CMI-2424): I19.I14.C1: `Voffcv' = -867.4e-03 is unusually small. {"history": "Interactive.77", "point": 33, "testname": "TRAN_VDD_PULSE", "cornername": "CMOS_RES_CAP_TEMP_31"}
[2026-05-26 09:50:27.889 Z] [WARN] [cadence.virtuoso.ade.simulationMonitor] -     WARNING (CMI-2424): I19.I14.C4: `Voffcv' = -867.4e-03 is unusually small.
        Further occurrences of this warning will be suppressed. {"history": "Interactive.77", "point": 33, "testname": "TRAN_VDD_PULSE", "cornername": "CMOS_RES_CAP_TEMP_31"}
[2026-05-26 09:50:27.889 Z] [INFO] [cadence.virtuoso.ade.simulationMonitor] - Notice from spectre.
    56 warnings suppressed. {"history": "Interactive.77", "point": 33, "testname": "TRAN_VDD_PULSE", "cornername": "CMOS_RES_CAP_TEMP_31"}
[2026-05-26 09:50:27.889 Z] [WARN] [cadence.virtuoso.ade.simulationMonitor] -     WARNING (CMI-2425): I19.I2.C1: `Acde' = 2.393 is unusually large. {"history": "Interactive.77", "point": 33, "testname": "TRAN_VDD_PULSE", "cornername": "CMOS_RES_CAP_TEMP_31"}
[2026-05-26 09:50:27.889 Z] [WARN] [cadence.virtuoso.ade.simulationMonitor] -     WARNING (CMI-2425): I19.I2.C1: `Noff' = 4.732 is unusually large. {"history": "Interactive.77", "point": 33, "testname": "TRAN_VDD_PULSE", "cornername": "CMOS_RES_CAP_TEMP_31"}
[2026-05-26 09:50:27.889 Z] [WARN] [cadence.virtuoso.ade.simulationMonitor] -     WARNING (CMI-2424): I19.I2.C1: `Voffcv' = -867.4e-03 is unusually small. {"history": "Interactive.77", "point": 33, "testname": "TRAN_VDD_PULSE", "cornername": "CMOS_RES_CAP_TEMP_31"}
[2026-05-26 09:50:27.889 Z] [WARN] [cadence.virtuoso.ade.simulationMonitor] -     WARNING (CMI-2425): I19.I8.C0: `Acde' = 2.393 is unusually large. {"history": "Interactive.77", "point": 33, "testname": "TRAN_VDD_PULSE", "cornername": "CMOS_RES_CAP_TEMP_31"}
[2026-05-26 09:50:27.889 Z] [WARN] [cadence.virtuoso.ade.simulationMonitor] -     WARNING (CMI-2425): I19.I8.C0: `Noff' = 4.732 is unusually large. {"history": "Interactive.77", "point": 33, "testname": "TRAN_VDD_PULSE", "cornername": "CMOS_RES_CAP_TEMP_31"}
[2026-05-26 09:50:27.889 Z] [WARN] [cadence.virtuoso.ade.simulationMonitor] -     WARNING (CMI-2424): I19.I8.C0: `Voffcv' = -867.4e-03 is unusually small. {"history": "Interactive.77", "point": 33, "testname": "TRAN_VDD_PULSE", "cornername": "CMOS_RES_CAP_TEMP_31"}
[2026-05-26 09:50:27.889 Z] [WARN] [cadence.virtuoso.ade.simulationMonitor] -     WARNING (CMI-2425): I19.I8.C1: `Acde' = 2.393 is unusually large.
        Further occurrences of this warning will be suppressed. {"history": "Interactive.77", "point": 33, "testname": "TRAN_VDD_PULSE", "cornername": "CMOS_RES_CAP_TEMP_31"}
[2026-05-26 09:50:27.889 Z] [WARN] [cadence.virtuoso.ade.simulationMonitor] -     WARNING (CMI-2424): I19.I8.C1: `Voffcv' = -867.4e-03 is unusually small. {"history": "Interactive.77", "point": 33, "testname": "TRAN_VDD_PULSE", "cornername": "CMOS_RES_CAP_TEMP_31"}
[2026-05-26 09:50:27.889 Z] [WARN] [cadence.virtuoso.ade.simulationMonitor] -     WARNING (CMI-2424): I19.I14.C1: `Voffcv' = -867.4e-03 is unusually small. {"history": "Interactive.77", "point": 33, "testname": "TRAN_VDD_PULSE", "cornername": "CMOS_RES_CAP_TEMP_31"}
[2026-05-26 09:50:27.889 Z] [WARN] [cadence.virtuoso.ade.simulationMonitor] -     WARNING (CMI-2424): I19.I14.C4: `Voffcv' = -867.4e-03 is unusually small.
        Further occurrences of this warning will be suppressed. {"history": "Interactive.77", "point": 33, "testname": "TRAN_VDD_PULSE", "cornername": "CMOS_RES_CAP_TEMP_31"}
[2026-05-26 09:50:27.889 Z] [INFO] [cadence.virtuoso.ade.simulationMonitor] - Notice from spectre.
    59 warnings suppressed. {"history": "Interactive.77", "point": 33, "testname": "TRAN_VDD_PULSE", "cornername": "CMOS_RES_CAP_TEMP_31"}
[2026-05-26 09:50:27.889 Z] [WARN] [cadence.virtuoso.ade.simulationMonitor] -     WARNING (CMI-2425): I19.I2.C1: `Acde' = 2.393 is unusually large. {"history": "Interactive.77", "point": 33, "testname": "TRAN_VDD_PULSE", "cornername": "CMOS_RES_CAP_TEMP_31"}
[2026-05-26 09:50:27.889 Z] [WARN] [cadence.virtuoso.ade.simulationMonitor] -     WARNING (CMI-2425): I19.I2.C1: `Noff' = 4.732 is unusually large. {"history": "Interactive.77", "point": 33, "testname": "TRAN_VDD_PULSE", "cornername": "CMOS_RES_CAP_TEMP_31"}
[2026-05-26 09:50:27.889 Z] [WARN] [cadence.virtuoso.ade.simulationMonitor] -     WARNING (CMI-2424): I19.I2.C1: `Voffcv' = -867.4e-03 is unusually small. {"history": "Interactive.77", "point": 33, "testname": "TRAN_VDD_PULSE", "cornername": "CMOS_RES_CAP_TEMP_31"}
[2026-05-26 09:50:27.890 Z] [WARN] [cadence.virtuoso.ade.simulationMonitor] -     WARNING (CMI-2425): I19.I8.C0: `Acde' = 2.393 is unusually large. {"history": "Interactive.77", "point": 33, "testname": "TRAN_VDD_PULSE", "cornername": "CMOS_RES_CAP_TEMP_31"}
[2026-05-26 09:50:27.890 Z] [WARN] [cadence.virtuoso.ade.simulationMonitor] -     WARNING (CMI-2425): I19.I8.C0: `Noff' = 4.732 is unusually large. {"history": "Interactive.77", "point": 33, "testname": "TRAN_VDD_PULSE", "cornername": "CMOS_RES_CAP_TEMP_31"}
[2026-05-26 09:50:27.890 Z] [WARN] [cadence.virtuoso.ade.simulationMonitor] -     WARNING (CMI-2424): I19.I8.C0: `Voffcv' = -867.4e-03 is unusually small. {"history": "Interactive.77", "point": 33, "testname": "TRAN_VDD_PULSE", "cornername": "CMOS_RES_CAP_TEMP_31"}
[2026-05-26 09:50:27.890 Z] [WARN] [cadence.virtuoso.ade.simulationMonitor] -     WARNING (CMI-2425): I19.I8.C1: `Acde' = 2.393 is unusually large.
        Further occurrences of this warning will be suppressed. {"history": "Interactive.77", "point": 33, "testname": "TRAN_VDD_PULSE", "cornername": "CMOS_RES_CAP_TEMP_31"}
[2026-05-26 09:50:27.890 Z] [WARN] [cadence.virtuoso.ade.simulationMonitor] -     WARNING (CMI-2424): I19.I8.C1: `Voffcv' = -867.4e-03 is unusually small. {"history": "Interactive.77", "point": 33, "testname": "TRAN_VDD_PULSE", "cornername": "CMOS_RES_CAP_TEMP_31"}
[2026-05-26 09:50:27.890 Z] [WARN] [cadence.virtuoso.ade.simulationMonitor] -     WARNING (CMI-2424): I19.I14.C1: `Voffcv' = -867.4e-03 is unusually small. {"history": "Interactive.77", "point": 33, "testname": "TRAN_VDD_PULSE", "cornername": "CMOS_RES_CAP_TEMP_31"}
[2026-05-26 09:50:27.890 Z] [WARN] [cadence.virtuoso.ade.simulationMonitor] -     WARNING (CMI-2424): I19.I14.C4: `Voffcv' = -867.4e-03 is unusually small.
        Further occurrences of this warning will be suppressed. {"history": "Interactive.77", "point": 33, "testname": "TRAN_VDD_PULSE", "cornername": "CMOS_RES_CAP_TEMP_31"}
[2026-05-26 09:50:27.890 Z] [INFO] [cadence.virtuoso.ade.simulationMonitor] - Notice from spectre.
    56 warnings suppressed. {"history": "Interactive.77", "point": 33, "testname": "TRAN_VDD_PULSE", "cornername": "CMOS_RES_CAP_TEMP_31"}
[2026-05-26 09:50:27.890 Z] [WARN] [cadence.virtuoso.ade.simulationMonitor] -     WARNING (CMI-2425): I19.I2.C1: `Acde' = 2.393 is unusually large. {"history": "Interactive.77", "point": 33, "testname": "TRAN_VDD_PULSE", "cornername": "CMOS_RES_CAP_TEMP_31"}
[2026-05-26 09:50:27.890 Z] [WARN] [cadence.virtuoso.ade.simulationMonitor] -     WARNING (CMI-2425): I19.I2.C1: `Noff' = 4.732 is unusually large. {"history": "Interactive.77", "point": 33, "testname": "TRAN_VDD_PULSE", "cornername": "CMOS_RES_CAP_TEMP_31"}
[2026-05-26 09:50:27.890 Z] [WARN] [cadence.virtuoso.ade.simulationMonitor] -     WARNING (CMI-2424): I19.I2.C1: `Voffcv' = -867.4e-03 is unusually small. {"history": "Interactive.77", "point": 33, "testname": "TRAN_VDD_PULSE", "cornername": "CMOS_RES_CAP_TEMP_31"}
[2026-05-26 09:50:27.890 Z] [WARN] [cadence.virtuoso.ade.simulationMonitor] -     WARNING (CMI-2425): I19.I8.C0: `Acde' = 2.393 is unusually large. {"history": "Interactive.77", "point": 33, "testname": "TRAN_VDD_PULSE", "cornername": "CMOS_RES_CAP_TEMP_31"}
[2026-05-26 09:50:27.890 Z] [WARN] [cadence.virtuoso.ade.simulationMonitor] -     WARNING (CMI-2425): I19.I8.C0: `Noff' = 4.732 is unusually large. {"history": "Interactive.77", "point": 33, "testname": "TRAN_VDD_PULSE", "cornername": "CMOS_RES_CAP_TEMP_31"}
[2026-05-26 09:50:27.890 Z] [WARN] [cadence.virtuoso.ade.simulationMonitor] -     WARNING (CMI-2424): I19.I8.C0: `Voffcv' = -867.4e-03 is unusually small. {"history": "Interactive.77", "point": 33, "testname": "TRAN_VDD_PULSE", "cornername": "CMOS_RES_CAP_TEMP_31"}
[2026-05-26 09:50:27.890 Z] [WARN] [cadence.virtuoso.ade.simulationMonitor] -     WARNING (CMI-2425): I19.I8.C1: `Acde' = 2.393 is unusually large.
        Further occurrences of this warning will be suppressed. {"history": "Interactive.77", "point": 33, "testname": "TRAN_VDD_PULSE", "cornername": "CMOS_RES_CAP_TEMP_31"}
[2026-05-26 09:50:27.890 Z] [WARN] [cadence.virtuoso.ade.simulationMonitor] -     WARNING (CMI-2424): I19.I8.C1: `Voffcv' = -867.4e-03 is unusually small. {"history": "Interactive.77", "point": 33, "testname": "TRAN_VDD_PULSE", "cornername": "CMOS_RES_CAP_TEMP_31"}
[2026-05-26 09:50:27.890 Z] [WARN] [cadence.virtuoso.ade.simulationMonitor] -     WARNING (CMI-2424): I19.I14.C1: `Voffcv' = -867.4e-03 is unusually small. {"history": "Interactive.77", "point": 33, "testname": "TRAN_VDD_PULSE", "cornername": "CMOS_RES_CAP_TEMP_31"}
[2026-05-26 09:50:27.890 Z] [WARN] [cadence.virtuoso.ade.simulationMonitor] -     WARNING (CMI-2424): I19.I14.C4: `Voffcv' = -867.4e-03 is unusually small.
        Further occurrences of this warning will be suppressed. {"history": "Interactive.77", "point": 33, "testname": "TRAN_VDD_PULSE", "cornername": "CMOS_RES_CAP_TEMP_31"}
[2026-05-26 09:50:27.890 Z] [INFO] [cadence.virtuoso.ade.simulationMonitor] - Notice from spectre.
    56 warnings suppressed. {"history": "Interactive.77", "point": 33, "testname": "TRAN_VDD_PULSE", "cornername": "CMOS_RES_CAP_TEMP_31"}
[2026-05-26 09:50:27.890 Z] [INFO] [cadence.virtuoso.ade.simulationMonitor] - Time used: CPU = 75.3 s (1m  15.3s), elapsed = 75.6 s (1m  15.6s), util. = 99.6%. {"history": "Interactive.77", "point": 33, "testname": "TRAN_VDD_PULSE", "cornername": "CMOS_RES_CAP_TEMP_31"}
[2026-05-26 09:50:27.890 Z] [INFO] [cadence.virtuoso.ade.simulationMonitor] - Time spent in licensing: elapsed = 36.6 ms. {"history": "Interactive.77", "point": 33, "testname": "TRAN_VDD_PULSE", "cornername": "CMOS_RES_CAP_TEMP_31"}
[2026-05-26 09:50:27.890 Z] [INFO] [cadence.virtuoso.ade.simulationMonitor] - Peak memory used = 230 Mbytes. {"history": "Interactive.77", "point": 33, "testname": "TRAN_VDD_PULSE", "cornername": "CMOS_RES_CAP_TEMP_31"}
[2026-05-26 09:50:27.890 Z] [PROCESS] [cadence.virtuoso.ade.simulationMonitor] - Simulation started at: 9:49:11 AM, Tue May 26, 2026, ended at: 9:50:27 AM, Tue May 26, 2026, with elapsed time (wall clock): 75.6 s (1m  15.6s). {"history": "Interactive.77", "point": 33, "testname": "TRAN_VDD_PULSE", "cornername": "CMOS_RES_CAP_TEMP_31"}
[2026-05-26 09:50:27.891 Z] [PROCESS] [cadence.virtuoso.ade.simulationMonitor] - spectre completes with 0 errors, 96 warnings, and 32 notices. {"history": "Interactive.77", "point": 33, "testname": "TRAN_VDD_PULSE", "cornername": "CMOS_RES_CAP_TEMP_31"}
[2026-05-26 09:50:27.891 Z] [PROCESS] [cadence.virtuoso.ade.simulationMonitor] - Finished simulating for one point {"hostname": "edatools", "processid": 244791, "history": "Interactive.77", "testname": "TRAN_VDD_PULSE", "cornername": "CMOS_RES_CAP_TEMP_31", "point": 33, "logfile": "/home/saul/projects/IL2244_VT26_SAUL/logs_saul/logs0/Job47.log", "simid": "6"}
[2026-05-26 09:50:27.891 Z] [PROCESS] [cadence.virtuoso.ade.simulationMonitor] - Simulator exited {"hostname": "edatools", "processid": 244791, "history": "Interactive.77", "testname": "TRAN_VDD_PULSE", "cornername": "CMOS_RES_CAP_TEMP_31", "point": 33, "logfile": "/home/saul/projects/IL2244_VT26_SAUL/logs_saul/logs0/Job47.log", "exitStatus": "0"}
[2026-05-26 09:50:27.891 Z] [PROCESS] [cadence.virtuoso.ade.simulationMonitor] - Finished Simulation {"hostname": "edatools", "processid": 244791, "history": "Interactive.77", "testname": "TRAN_VDD_PULSE", "cornername": "CMOS_RES_CAP_TEMP_31", "point": 33, "logfile": "/home/saul/projects/IL2244_VT26_SAUL/logs_saul/logs0/Job47.log", "simid": "6"}
[2026-05-26 09:50:29.395 Z] [PROCESS] [cadence.virtuoso.ade.simulationMonitor] - Point Finished {"hostname": "edatools", "processid": 244791, "history": "Interactive.77", "testname": "TRAN_VDD_PULSE", "cornername": "CMOS_RES_CAP_TEMP_31", "point": 33, "logfile": "/home/saul/projects/IL2244_VT26_SAUL/logs_saul/logs0/Job47.log"}
[2026-05-26 09:55:29.987 Z] [PROCESS] [cadence.virtuoso.ade.simulationMonitor] - Current memory used: 52.4414 MBytes, peak memory used: 52.4414 MBytes {"hostname": "edatools", "processid": 244791, "history": "Interactive.77", "testname": "TRAN_VDD_PULSE", "cornername": "CMOS_RES_CAP_TEMP_31", "point": 33, "logfile": "/home/saul/projects/IL2244_VT26_SAUL/logs_saul/logs0/Job47.log"}
[2026-05-26 09:55:29.988 Z] [PROCESS] [cadence.virtuoso.ade.simulationMonitor] - Simulation Monitor process exit. {"hostname": "edatools", "processid": 244791, "history": "Interactive.77", "testname": "TRAN_VDD_PULSE", "cornername": "CMOS_RES_CAP_TEMP_31", "point": 33, "logfile": "/home/saul/projects/IL2244_VT26_SAUL/logs_saul/logs0/Job47.log"}
