[Simulation Monitor: 41]
[2026-05-26 08:12:02.969 Z] [PROCESS] [cadence.virtuoso.ade.simulationMonitor] - Simulation Monitor has successfully started up. Trying to set up communication channels to other components ... {"hostname": "edatools", "processid": 230256, "logfile": "/home/saul/projects/IL2244_VT26_SAUL/logs_saul/logs0/Job41.log"}
[2026-05-26 08:12:02.970 Z] [PROCESS] [cadence.virtuoso.ade.simulationMonitor] - Communication channels have been successfully set up. Start processing events ... {"hostname": "edatools", "processid": 230256, "logfile": "/home/saul/projects/IL2244_VT26_SAUL/logs_saul/logs0/Job41.log"}
[2026-05-26 08:12:02.970 Z] [PROCESS] [cadence.virtuoso.ade.simulationMonitor] - Considering to start history {"hostname": "edatools", "processid": 230256, "history": "Interactive.76", "logfile": "/home/saul/projects/IL2244_VT26_SAUL/logs_saul/logs0/Job41.log"}
[2026-05-26 08:12:02.971 Z] [PROCESS] [cadence.virtuoso.ade.simulationMonitor] - HostInfo:
Host name (type):	edatools (x86_64)
Operating system:	Linux 6.17.0-29-generic #29~24.04.1-Ubuntu SMP PREEMPT_DYNAMIC Mon May 11 10:30:58 UTC 2 {"hostname": "edatools", "processid": 230256, "history": "Interactive.76", "logfile": "/home/saul/projects/IL2244_VT26_SAUL/logs_saul/logs0/Job41.log", "nodename": "edatools", "domainname": "(none)", "machine": "x86_64", "sysname": "Linux", "release": "6.17.0-29-generic", "version": "#29~24.04.1-Ubuntu SMP PREEMPT_DYNAMIC Mon May 11 10:30:58 UTC 2"}
[2026-05-26 08:12:02.972 Z] [PROCESS] [cadence.virtuoso.ade.simulationMonitor] - UsageInfo:
pid=230256
totalPhysicalMemory=62.544987GB,Used=44.361240GB,totalVirtualMemory=70.544983GB,Used=44.361240GB
Cpu: Cores=16, Load average:1.060000,2.370000,3.220000 {"hostname": "edatools", "processid": 230256, "history": "Interactive.76", "logfile": "/home/saul/projects/IL2244_VT26_SAUL/logs_saul/logs0/Job41.log", "pid": "230256", "totalPhysicalMemory": "62.544987", "physicalMemoryUsed": "44.361240", "totalVirtualMemory": "70.544983", "virtualMemoryUsed": "44.361240", "cpuCores": "16", "processes": "1881", "loadAverage1": "1.060000", "loadAverage5": "2.370000", "loadAverage15": "3.220000", "loadAverage1Percent": "0.066250"}
[2026-05-26 08:12:02.972 Z] [EVENT] [cadence.virtuoso.ade.simulationMonitor] - NewPoint {"history": "Interactive.76", "point": 5, "testname": "TRAN_VDD_PULSE", "cornername": "CMOS_RES_CAP_TEMP_3", "event": "NewPoint", "EventSource": "Simulation Monitor", "HistoryName": "Interactive.76", "logFile": "/home/saul/projects/IL2244_VT26_SAUL/logs_saul/logs0/Job41.log", "logFileSize": "2198"}
[2026-05-26 08:12:03.072 Z] [EVENT] [cadence.virtuoso.ade.simulationMonitor] - NewPoint {"history": "Interactive.76", "point": 5, "testname": "TRAN_VDD_PULSE", "cornername": "CMOS_RES_CAP_TEMP_3", "event": "NewPoint", "EventSource": "spectre", "HistoryName": "Interactive.76", "logFile": "/home/saul/projects/IL2244_VT26_SAUL/Sim/FECG/fecg_front_end_tran_tb/maestro/results/maestro/Interactive.76/5/TRAN_VDD_PULSE/psf/spectre.out", "logFileSize": "-1"}
[2026-05-26 08:12:03.090 Z] [PROCESS] [cadence.virtuoso.ade.simulationMonitor] - Simulator launched {"hostname": "edatools", "processid": 230256, "history": "Interactive.76", "testname": "TRAN_VDD_PULSE", "cornername": "CMOS_RES_CAP_TEMP_3", "point": 5, "logfile": "/home/saul/projects/IL2244_VT26_SAUL/logs_saul/logs0/Job41.log", "simid": "1"}
[2026-05-26 08:12:03.091 Z] [PROCESS] [cadence.virtuoso.ade.simulationMonitor] - Expression evaluator launched {"hostname": "edatools", "processid": 230256, "history": "Interactive.76", "testname": "TRAN_VDD_PULSE", "cornername": "CMOS_RES_CAP_TEMP_3", "point": 5, "logfile": "/home/saul/projects/IL2244_VT26_SAUL/logs_saul/logs0/Job41.log"}
[2026-05-26 08:12:03.107 Z] [PROCESS] [cadence.virtuoso.ade.simulationMonitor] - Started Simulation {"hostname": "edatools", "processid": 230256, "history": "Interactive.76", "testname": "TRAN_VDD_PULSE", "cornername": "CMOS_RES_CAP_TEMP_3", "point": 5, "logfile": "/home/saul/projects/IL2244_VT26_SAUL/logs_saul/logs0/Job41.log", "event": "started", "task": "simulation"}
[2026-05-26 08:12:04.107 Z] [INFO] [cadence.virtuoso.ade.simulationMonitor] - Notice from spectre during circuit read-in.
    Pre_Configuration file used: /opt/tools/cadence/installs/SPECTRE241/tools.lnx86/spectre/etc/configs/preset.precfg
    Configuration file used: `/opt/tools/cadence/installs/SPECTRE241/tools.lnx86/spectre/etc/configs/preset.cfg'. {"history": "Interactive.76", "point": 5, "testname": "TRAN_VDD_PULSE", "cornername": "CMOS_RES_CAP_TEMP_3"}
[2026-05-26 08:12:04.108 Z] [WARN] [cadence.virtuoso.ade.simulationMonitor] -     WARNING (SPECTRE-8360): line 1511: `ac' is an undefined primitive device. {"history": "Interactive.76", "point": 5, "testname": "TRAN_VDD_PULSE", "cornername": "CMOS_RES_CAP_TEMP_3"}
[2026-05-26 08:12:04.109 Z] [WARN] [cadence.virtuoso.ade.simulationMonitor] -     WARNING (SPECTRE-8360): line 1512: `ac' is an undefined primitive device. {"history": "Interactive.76", "point": 5, "testname": "TRAN_VDD_PULSE", "cornername": "CMOS_RES_CAP_TEMP_3"}
[2026-05-26 08:12:04.110 Z] [WARN] [cadence.virtuoso.ade.simulationMonitor] -     WARNING (SPECTRE-8360): line 1513: `ac' is an undefined primitive device. {"history": "Interactive.76", "point": 5, "testname": "TRAN_VDD_PULSE", "cornername": "CMOS_RES_CAP_TEMP_3"}
[2026-05-26 08:12:04.110 Z] [WARN] [cadence.virtuoso.ade.simulationMonitor] -     WARNING (SPECTRE-8360): line 1514: `ac' is an undefined primitive device. {"history": "Interactive.76", "point": 5, "testname": "TRAN_VDD_PULSE", "cornername": "CMOS_RES_CAP_TEMP_3"}
[2026-05-26 08:12:04.111 Z] [WARN] [cadence.virtuoso.ade.simulationMonitor] -     WARNING (SPECTRE-8360): line 1515: `ac' is an undefined primitive device.
        Further occurrences of this warning will be suppressed. {"history": "Interactive.76", "point": 5, "testname": "TRAN_VDD_PULSE", "cornername": "CMOS_RES_CAP_TEMP_3"}
[2026-05-26 08:12:04.112 Z] [INFO] [cadence.virtuoso.ade.simulationMonitor] - Peak resident memory used = 173 Mbytes. {"history": "Interactive.76", "point": 5, "testname": "TRAN_VDD_PULSE", "cornername": "CMOS_RES_CAP_TEMP_3"}
[2026-05-26 08:12:04.613 Z] [WARN] [cadence.virtuoso.ade.simulationMonitor] -     WARNING (VACOMP-2435): The environment variable CDS_AHDLCMI_ENABLE is no longer supported. Therefore, the simulator will use the default compiled C code flow. {"history": "Interactive.76", "point": 5, "testname": "TRAN_VDD_PULSE", "cornername": "CMOS_RES_CAP_TEMP_3"}
[2026-05-26 08:12:04.614 Z] [WARN] [cadence.virtuoso.ade.simulationMonitor] -     WARNING (SFE-3014): The floating device I19.I0.I5.MN14<0>_turbo_m4 is removed. {"history": "Interactive.76", "point": 5, "testname": "TRAN_VDD_PULSE", "cornername": "CMOS_RES_CAP_TEMP_3"}
[2026-05-26 08:12:04.614 Z] [WARN] [cadence.virtuoso.ade.simulationMonitor] -     WARNING (SFE-3012): The dummy device I19.I4.MP16<0>_turbo_m41 is removed. {"history": "Interactive.76", "point": 5, "testname": "TRAN_VDD_PULSE", "cornername": "CMOS_RES_CAP_TEMP_3"}
[2026-05-26 08:12:04.614 Z] [WARN] [cadence.virtuoso.ade.simulationMonitor] -     WARNING (SFE-3014): The floating device I19.I8.MN57<0>_turbo_m28 is removed. {"history": "Interactive.76", "point": 5, "testname": "TRAN_VDD_PULSE", "cornername": "CMOS_RES_CAP_TEMP_3"}
[2026-05-26 08:12:04.615 Z] [WARN] [cadence.virtuoso.ade.simulationMonitor] -     WARNING (SFE-3012): The dummy device I19.I14.MP13<0>_turbo_m4 is removed. {"history": "Interactive.76", "point": 5, "testname": "TRAN_VDD_PULSE", "cornername": "CMOS_RES_CAP_TEMP_3"}
[2026-05-26 08:12:04.615 Z] [WARN] [cadence.virtuoso.ade.simulationMonitor] -     WARNING (SFE-3031): The floating capacitor I19.I12.C10<0>_turbo_m12.C1 is removed. {"history": "Interactive.76", "point": 5, "testname": "TRAN_VDD_PULSE", "cornername": "CMOS_RES_CAP_TEMP_3"}
[2026-05-26 08:12:04.615 Z] [WARN] [cadence.virtuoso.ade.simulationMonitor] -     WARNING (SFE-3014): The floating device I19.I2.MN37<0>_turbo_m4 is removed. {"history": "Interactive.76", "point": 5, "testname": "TRAN_VDD_PULSE", "cornername": "CMOS_RES_CAP_TEMP_3"}
[2026-05-26 08:12:04.616 Z] [WARN] [cadence.virtuoso.ade.simulationMonitor] -     WARNING (SFE-3012): The dummy device I19.I0.I5.MP12<0>_turbo_m2 is removed. {"history": "Interactive.76", "point": 5, "testname": "TRAN_VDD_PULSE", "cornername": "CMOS_RES_CAP_TEMP_3"}
[2026-05-26 08:12:04.616 Z] [WARN] [cadence.virtuoso.ade.simulationMonitor] -     WARNING (SFE-3014): The floating device I19.I0.MN13<0>_turbo_m4 is removed. {"history": "Interactive.76", "point": 5, "testname": "TRAN_VDD_PULSE", "cornername": "CMOS_RES_CAP_TEMP_3"}
[2026-05-26 08:12:04.616 Z] [WARN] [cadence.virtuoso.ade.simulationMonitor] -     WARNING (SFE-3012): The dummy device I19.I0.I3.MP13<0>_turbo_m4 is removed. {"history": "Interactive.76", "point": 5, "testname": "TRAN_VDD_PULSE", "cornername": "CMOS_RES_CAP_TEMP_3"}
[2026-05-26 08:12:04.617 Z] [WARN] [cadence.virtuoso.ade.simulationMonitor] -     WARNING (SFE-3031): The floating capacitor I19.I12.C6<0>_turbo_m3.C1 is removed. {"history": "Interactive.76", "point": 5, "testname": "TRAN_VDD_PULSE", "cornername": "CMOS_RES_CAP_TEMP_3"}
[2026-05-26 08:12:04.617 Z] [WARN] [cadence.virtuoso.ade.simulationMonitor] -     WARNING (SFE-3012): The dummy device I19.I0.MP11<0>_turbo_m4 is removed.
        Further occurrences of this warning will be suppressed. {"history": "Interactive.76", "point": 5, "testname": "TRAN_VDD_PULSE", "cornername": "CMOS_RES_CAP_TEMP_3"}
[2026-05-26 08:12:04.617 Z] [WARN] [cadence.virtuoso.ade.simulationMonitor] -     WARNING (SFE-3031): The floating capacitor I19.I11.C7<0>_turbo_m3.C1 is removed. {"history": "Interactive.76", "point": 5, "testname": "TRAN_VDD_PULSE", "cornername": "CMOS_RES_CAP_TEMP_3"}
[2026-05-26 08:12:04.618 Z] [WARN] [cadence.virtuoso.ade.simulationMonitor] -     WARNING (SFE-3014): The floating device I19.I12.MN57<0>_turbo_m28 is removed.
        Further occurrences of this warning will be suppressed. {"history": "Interactive.76", "point": 5, "testname": "TRAN_VDD_PULSE", "cornername": "CMOS_RES_CAP_TEMP_3"}
[2026-05-26 08:12:04.618 Z] [WARN] [cadence.virtuoso.ade.simulationMonitor] -     WARNING (SFE-3031): The floating capacitor I19.I11.C10<0>_turbo_m12.C1 is removed. {"history": "Interactive.76", "point": 5, "testname": "TRAN_VDD_PULSE", "cornername": "CMOS_RES_CAP_TEMP_3"}
[2026-05-26 08:12:04.618 Z] [WARN] [cadence.virtuoso.ade.simulationMonitor] -     WARNING (SFE-3031): The floating capacitor I19.I12.C7<0>_turbo_m3.C1 is removed.
        Further occurrences of this warning will be suppressed. {"history": "Interactive.76", "point": 5, "testname": "TRAN_VDD_PULSE", "cornername": "CMOS_RES_CAP_TEMP_3"}
[2026-05-26 08:12:04.618 Z] [INFO] [cadence.virtuoso.ade.simulationMonitor] - Notice from spectre during hierarchy flattening.
    The value 'psf' specified for the 'checklimitdest' option will no longer be supported in future releases. Use 'spectre -h' to see other recommended values for the 'checklimitdest' option. {"history": "Interactive.76", "point": 5, "testname": "TRAN_VDD_PULSE", "cornername": "CMOS_RES_CAP_TEMP_3"}
[2026-05-26 08:12:04.619 Z] [INFO] [cadence.virtuoso.ade.simulationMonitor] - Peak resident memory used = 189 Mbytes. {"history": "Interactive.76", "point": 5, "testname": "TRAN_VDD_PULSE", "cornername": "CMOS_RES_CAP_TEMP_3"}
[2026-05-26 08:12:04.619 Z] [INFO] [cadence.virtuoso.ade.simulationMonitor] - Notice from spectre during hierarchy flattening.
    The value 'psf' specified for the 'checklimitdest' option will no longer be supported in future releases. Use 'spectre -h' to see other recommended values for the 'checklimitdest' option.
    I19.I0.R10.CS0 of rpolyhc: `c' has the unusually small value of 0 F.
    I19.I0.R10.CS1 of rpolyhc: `c' has the unusually small value of 0 F.
    I19.I0.R9.CS0 of rpolyhc: `c' has the unusually small value of 0 F.
    I19.I0.R9.CS1 of rpolyhc: `c' has the unusually ... {"history": "Interactive.76", "point": 5, "testname": "TRAN_VDD_PULSE", "cornername": "CMOS_RES_CAP_TEMP_3"}
[2026-05-26 08:12:04.619 Z] [INFO] [cadence.virtuoso.ade.simulationMonitor] - Notice from spectre during hierarchy flattening.
    V17: `period' has the unusually large value of 20 s.
    V17: `width' has the unusually large value of 19 s.
    V16: `period' has the unusually large value of 10 s.
    V16: `width' has the unusually large value of 9 s.
    V9: `period' has the unusually large value of 10 s.
        Further occurrences of this notice will be suppressed. {"history": "Interactive.76", "point": 5, "testname": "TRAN_VDD_PULSE", "cornername": "CMOS_RES_CAP_TEMP_3"}
[2026-05-26 08:12:04.620 Z] [INFO] [cadence.virtuoso.ade.simulationMonitor] - Peak resident memory used = 192 Mbytes. {"history": "Interactive.76", "point": 5, "testname": "TRAN_VDD_PULSE", "cornername": "CMOS_RES_CAP_TEMP_3"}
[2026-05-26 08:12:04.620 Z] [WARN] [cadence.virtuoso.ade.simulationMonitor] -     WARNING (CMI-2425): I19.I0.C2: `Acde' = 2.393 is unusually large. {"history": "Interactive.76", "point": 5, "testname": "TRAN_VDD_PULSE", "cornername": "CMOS_RES_CAP_TEMP_3"}
[2026-05-26 08:12:04.620 Z] [WARN] [cadence.virtuoso.ade.simulationMonitor] -     WARNING (CMI-2425): I19.I0.C2: `Noff' = 4.732 is unusually large. {"history": "Interactive.76", "point": 5, "testname": "TRAN_VDD_PULSE", "cornername": "CMOS_RES_CAP_TEMP_3"}
[2026-05-26 08:12:04.621 Z] [WARN] [cadence.virtuoso.ade.simulationMonitor] -     WARNING (CMI-2424): I19.I0.C2: `Voffcv' = -867.4e-03 is unusually small. {"history": "Interactive.76", "point": 5, "testname": "TRAN_VDD_PULSE", "cornername": "CMOS_RES_CAP_TEMP_3"}
[2026-05-26 08:12:04.681 Z] [WARN] [cadence.virtuoso.ade.simulationMonitor] -     WARNING (CMI-2425): I19.I0.C3: `Acde' = 2.393 is unusually large. {"history": "Interactive.76", "point": 5, "testname": "TRAN_VDD_PULSE", "cornername": "CMOS_RES_CAP_TEMP_3"}
[2026-05-26 08:12:04.682 Z] [WARN] [cadence.virtuoso.ade.simulationMonitor] -     WARNING (CMI-2425): I19.I0.C3: `Noff' = 4.732 is unusually large. {"history": "Interactive.76", "point": 5, "testname": "TRAN_VDD_PULSE", "cornername": "CMOS_RES_CAP_TEMP_3"}
[2026-05-26 08:12:04.683 Z] [WARN] [cadence.virtuoso.ade.simulationMonitor] -     WARNING (CMI-2424): I19.I0.C3: `Voffcv' = -867.4e-03 is unusually small. {"history": "Interactive.76", "point": 5, "testname": "TRAN_VDD_PULSE", "cornername": "CMOS_RES_CAP_TEMP_3"}
[2026-05-26 08:12:04.683 Z] [WARN] [cadence.virtuoso.ade.simulationMonitor] -     WARNING (CMI-2425): I19.I0.C0: `Acde' = 2.393 is unusually large.
        Further occurrences of this warning will be suppressed. {"history": "Interactive.76", "point": 5, "testname": "TRAN_VDD_PULSE", "cornername": "CMOS_RES_CAP_TEMP_3"}
[2026-05-26 08:12:04.684 Z] [WARN] [cadence.virtuoso.ade.simulationMonitor] -     WARNING (CMI-2424): I19.I0.C0: `Voffcv' = -867.4e-03 is unusually small. {"history": "Interactive.76", "point": 5, "testname": "TRAN_VDD_PULSE", "cornername": "CMOS_RES_CAP_TEMP_3"}
[2026-05-26 08:12:04.685 Z] [WARN] [cadence.virtuoso.ade.simulationMonitor] -     WARNING (CMI-2424): I19.I0.I3.C1: `Voffcv' = -867.4e-03 is unusually small. {"history": "Interactive.76", "point": 5, "testname": "TRAN_VDD_PULSE", "cornername": "CMOS_RES_CAP_TEMP_3"}
[2026-05-26 08:12:04.685 Z] [WARN] [cadence.virtuoso.ade.simulationMonitor] -     WARNING (CMI-2424): I19.I0.C1<0>_turbo_m5: `Voffcv' = -867.4e-03 is unusually small.
        Further occurrences of this warning will be suppressed. {"history": "Interactive.76", "point": 5, "testname": "TRAN_VDD_PULSE", "cornername": "CMOS_RES_CAP_TEMP_3"}
[2026-05-26 08:12:05.189 Z] [WARN] [cadence.virtuoso.ade.simulationMonitor] -     WARNING (SPECTRE-17607): Assert `SOAC_rpolyh_vminuspsub' is ignored because it contains an expression which is invalid or not supported by native evaluator.  {"history": "Interactive.76", "point": 5, "testname": "TRAN_VDD_PULSE", "cornername": "CMOS_RES_CAP_TEMP_3"}
[2026-05-26 08:12:05.190 Z] [WARN] [cadence.virtuoso.ade.simulationMonitor] -     WARNING (SPECTRE-17607): Assert `SOAC_rpolyh_vpluspsub' is ignored because it contains an expression which is invalid or not supported by native evaluator.  {"history": "Interactive.76", "point": 5, "testname": "TRAN_VDD_PULSE", "cornername": "CMOS_RES_CAP_TEMP_3"}
[2026-05-26 08:12:05.190 Z] [WARN] [cadence.virtuoso.ade.simulationMonitor] -     WARNING (SPECTRE-16460): SOAC_cvarm_vspsub:Specified subcircuit master `cvarm' was not found. {"history": "Interactive.76", "point": 5, "testname": "TRAN_VDD_PULSE", "cornername": "CMOS_RES_CAP_TEMP_3"}
[2026-05-26 08:12:05.191 Z] [WARN] [cadence.virtuoso.ade.simulationMonitor] -     WARNING (SPECTRE-16462): SOAC_cvarm_vspsub:Error in specification of subcircuit master. Assert is ignored. {"history": "Interactive.76", "point": 5, "testname": "TRAN_VDD_PULSE", "cornername": "CMOS_RES_CAP_TEMP_3"}
[2026-05-26 08:12:05.191 Z] [WARN] [cadence.virtuoso.ade.simulationMonitor] -     WARNING (SPECTRE-16460): SOAC_cvarm_vbs:Specified subcircuit master `cvarm' was not found. {"history": "Interactive.76", "point": 5, "testname": "TRAN_VDD_PULSE", "cornername": "CMOS_RES_CAP_TEMP_3"}
[2026-05-26 08:12:05.192 Z] [WARN] [cadence.virtuoso.ade.simulationMonitor] -     WARNING (SPECTRE-16462): SOAC_cvarm_vbs:Error in specification of subcircuit master. Assert is ignored. {"history": "Interactive.76", "point": 5, "testname": "TRAN_VDD_PULSE", "cornername": "CMOS_RES_CAP_TEMP_3"}
[2026-05-26 08:12:05.192 Z] [WARN] [cadence.virtuoso.ade.simulationMonitor] -     WARNING (SPECTRE-16460): SOAC_cvarm_vgb:Specified subcircuit master `cvarm' was not found. {"history": "Interactive.76", "point": 5, "testname": "TRAN_VDD_PULSE", "cornername": "CMOS_RES_CAP_TEMP_3"}
[2026-05-26 08:12:05.193 Z] [WARN] [cadence.virtuoso.ade.simulationMonitor] -     WARNING (SPECTRE-16462): SOAC_cvarm_vgb:Error in specification of subcircuit master. Assert is ignored. {"history": "Interactive.76", "point": 5, "testname": "TRAN_VDD_PULSE", "cornername": "CMOS_RES_CAP_TEMP_3"}
[2026-05-26 08:12:05.194 Z] [WARN] [cadence.virtuoso.ade.simulationMonitor] -     WARNING (SPECTRE-16460): SOAC_cvart_vspsub:Specified subcircuit master `cvart' was not found. {"history": "Interactive.76", "point": 5, "testname": "TRAN_VDD_PULSE", "cornername": "CMOS_RES_CAP_TEMP_3"}
[2026-05-26 08:12:05.194 Z] [WARN] [cadence.virtuoso.ade.simulationMonitor] -     WARNING (SPECTRE-16462): SOAC_cvart_vspsub:Error in specification of subcircuit master. Assert is ignored. {"history": "Interactive.76", "point": 5, "testname": "TRAN_VDD_PULSE", "cornername": "CMOS_RES_CAP_TEMP_3"}
[2026-05-26 08:12:05.195 Z] [WARN] [cadence.virtuoso.ade.simulationMonitor] -     WARNING (SPECTRE-16460): SOAC_cvart_vbs:Specified subcircuit master `cvart' was not found.
        Further occurrences of this warning will be suppressed. {"history": "Interactive.76", "point": 5, "testname": "TRAN_VDD_PULSE", "cornername": "CMOS_RES_CAP_TEMP_3"}
[2026-05-26 08:12:05.195 Z] [WARN] [cadence.virtuoso.ade.simulationMonitor] -     WARNING (SPECTRE-16462): SOAC_cvart_vbs:Error in specification of subcircuit master. Assert is ignored.
        Further occurrences of this warning will be suppressed. {"history": "Interactive.76", "point": 5, "testname": "TRAN_VDD_PULSE", "cornername": "CMOS_RES_CAP_TEMP_3"}
[2026-05-26 08:12:05.196 Z] [WARN] [cadence.virtuoso.ade.simulationMonitor] -     WARNING (SPECTRE-17607): Assert `SOAC_cvar_vspsub' is ignored because it contains an expression which is invalid or not supported by native evaluator.  {"history": "Interactive.76", "point": 5, "testname": "TRAN_VDD_PULSE", "cornername": "CMOS_RES_CAP_TEMP_3"}
[2026-05-26 08:12:05.197 Z] [WARN] [cadence.virtuoso.ade.simulationMonitor] -     WARNING (SPECTRE-17607): Assert `SOAC_cvar_vbpsub' is ignored because it contains an expression which is invalid or not supported by native evaluator.  {"history": "Interactive.76", "point": 5, "testname": "TRAN_VDD_PULSE", "cornername": "CMOS_RES_CAP_TEMP_3"}
[2026-05-26 08:12:05.197 Z] [WARN] [cadence.virtuoso.ade.simulationMonitor] -     WARNING (SPECTRE-17607): Assert `SOAC_cvar_vgpsub' is ignored because it contains an expression which is invalid or not supported by native evaluator. 
        Further occurrences of this warning will be suppressed. {"history": "Interactive.76", "point": 5, "testname": "TRAN_VDD_PULSE", "cornername": "CMOS_RES_CAP_TEMP_3"}
[2026-05-26 08:12:06.199 Z] [INFO] [cadence.virtuoso.ade.simulationMonitor] - Notice from spectre during topology check.
    No DC path from node `net19' to ground, Gmin installed to provide path. {"history": "Interactive.76", "point": 5, "testname": "TRAN_VDD_PULSE", "cornername": "CMOS_RES_CAP_TEMP_3"}
[2026-05-26 08:12:06.199 Z] [INFO] [cadence.virtuoso.ade.simulationMonitor] - Notice from spectre during initial setup.
    Multithreading is disabled due to the size of the design being too small. {"history": "Interactive.76", "point": 5, "testname": "TRAN_VDD_PULSE", "cornername": "CMOS_RES_CAP_TEMP_3"}
[2026-05-26 08:12:06.199 Z] [WARN] [cadence.virtuoso.ade.simulationMonitor] -     WARNING (SPECTRE-592): Following parameters are disabled because they are ignored or redefined in Spectre X:
        Option Parameters:
          reltol
        
         {"history": "Interactive.76", "point": 5, "testname": "TRAN_VDD_PULSE", "cornername": "CMOS_RES_CAP_TEMP_3"}
[2026-05-26 08:12:06.199 Z] [INFO] [cadence.virtuoso.ade.simulationMonitor] -               nodes 784 {"history": "Interactive.76", "point": 5, "testname": "TRAN_VDD_PULSE", "cornername": "CMOS_RES_CAP_TEMP_3"}
[2026-05-26 08:12:06.199 Z] [INFO] [cadence.virtuoso.ade.simulationMonitor] - Notice from spectre during initial setup.
    4 vsources are shorted because their absolute value is less than or equal to 'vabsshort'.
    Spectre X preset=vx enabled.
    18 notices suppressed.
    154 warnings suppressed. {"history": "Interactive.76", "point": 5, "testname": "TRAN_VDD_PULSE", "cornername": "CMOS_RES_CAP_TEMP_3"}
[2026-05-26 08:12:06.199 Z] [INFO] [cadence.virtuoso.ade.simulationMonitor] - Peak resident memory used = 212 Mbytes. {"history": "Interactive.76", "point": 5, "testname": "TRAN_VDD_PULSE", "cornername": "CMOS_RES_CAP_TEMP_3"}
[2026-05-26 08:12:06.199 Z] [INFO] [cadence.virtuoso.ade.simulationMonitor] -    -   (Spectre X) Multi-threading. The recommended number of threads is 1, consider adding +mt=1 on command line. {"history": "Interactive.76", "point": 5, "testname": "TRAN_VDD_PULSE", "cornername": "CMOS_RES_CAP_TEMP_3"}
[2026-05-26 08:12:06.200 Z] [INFO] [cadence.virtuoso.ade.simulationMonitor] - Notice from spectre during DC analysis `dcOp'.
    No checklimit analysis defined for asserts. A default checklimit analysis 'SpectreChecklimitAnal' has been created with all asserts enabled. {"history": "Interactive.76", "point": 5, "testname": "TRAN_VDD_PULSE", "cornername": "CMOS_RES_CAP_TEMP_3"}
[2026-05-26 08:12:06.200 Z] [INFO] [cadence.virtuoso.ade.simulationMonitor] - Notice from spectre during DC analysis `dcOp'.
    GminDC = 1 pS is large enough to noticeably affect the DC solution.
        dV(I19.I2.C1.d1) = 882.519 uV
        Use the `gmin_check' option to eliminate or expand this report. {"history": "Interactive.76", "point": 5, "testname": "TRAN_VDD_PULSE", "cornername": "CMOS_RES_CAP_TEMP_3"}
[2026-05-26 08:12:06.200 Z] [WARN] [cadence.virtuoso.ade.simulationMonitor] -     WARNING (CMI-2943): Parameter checks have been ignored because the valid value for parameter 'trise' could not be found in 'C0'. {"history": "Interactive.76", "point": 5, "testname": "TRAN_VDD_PULSE", "cornername": "CMOS_RES_CAP_TEMP_3"}
[2026-05-26 08:12:06.200 Z] [WARN] [cadence.virtuoso.ade.simulationMonitor] -     WARNING (CMI-2943): Parameter checks have been ignored because the valid value for parameter 'trise' could not be found in 'C3'. {"history": "Interactive.76", "point": 5, "testname": "TRAN_VDD_PULSE", "cornername": "CMOS_RES_CAP_TEMP_3"}
[2026-05-26 08:12:06.200 Z] [WARN] [cadence.virtuoso.ade.simulationMonitor] -     WARNING (CMI-2943): Parameter checks have been ignored because the valid value for parameter 'trise' could not be found in 'C4'. {"history": "Interactive.76", "point": 5, "testname": "TRAN_VDD_PULSE", "cornername": "CMOS_RES_CAP_TEMP_3"}
[2026-05-26 08:12:06.200 Z] [WARN] [cadence.virtuoso.ade.simulationMonitor] -     WARNING (CMI-2943): Parameter checks have been ignored because the valid value for parameter 'trise' could not be found in 'C5'. {"history": "Interactive.76", "point": 5, "testname": "TRAN_VDD_PULSE", "cornername": "CMOS_RES_CAP_TEMP_3"}
[2026-05-26 08:12:06.200 Z] [WARN] [cadence.virtuoso.ade.simulationMonitor] -     WARNING (CMI-2943): Parameter checks have been ignored because the valid value for parameter 'trise' could not be found in 'I19.I4.C9<0>_turbo_m6.C1'.
        Further occurrences of this warning will be suppressed. {"history": "Interactive.76", "point": 5, "testname": "TRAN_VDD_PULSE", "cornername": "CMOS_RES_CAP_TEMP_3"}
[2026-05-26 08:12:06.200 Z] [INFO] [cadence.virtuoso.ade.simulationMonitor] - Total time required for dc analysis `dcOp': CPU = 82.391 ms, elapsed = 220.799 ms, util. = 37.3%. {"history": "Interactive.76", "point": 5, "testname": "TRAN_VDD_PULSE", "cornername": "CMOS_RES_CAP_TEMP_3"}
[2026-05-26 08:12:06.200 Z] [INFO] [cadence.virtuoso.ade.simulationMonitor] - Peak resident memory used = 222 Mbytes. {"history": "Interactive.76", "point": 5, "testname": "TRAN_VDD_PULSE", "cornername": "CMOS_RES_CAP_TEMP_3"}
[2026-05-26 08:12:06.200 Z] [INFO] [cadence.virtuoso.ade.simulationMonitor] - Notice from spectre.
    308 warnings suppressed. {"history": "Interactive.76", "point": 5, "testname": "TRAN_VDD_PULSE", "cornername": "CMOS_RES_CAP_TEMP_3"}
[2026-05-26 08:12:06.703 Z] [INFO] [cadence.virtuoso.ade.simulationMonitor] - Notice from spectre during IC analysis, during transient analysis `tran'.
    GminDC = 1 pS is large enough to noticeably affect the DC solution.
        dV(I19.I2.C1.d1) = 882.519 uV
        Use the `gmin_check' option to eliminate or expand this report. {"history": "Interactive.76", "point": 5, "testname": "TRAN_VDD_PULSE", "cornername": "CMOS_RES_CAP_TEMP_3"}
[2026-05-26 08:12:06.704 Z] [WARN] [cadence.virtuoso.ade.simulationMonitor] -     WARNING (CMI-2943): Parameter checks have been ignored because the valid value for parameter 'trise' could not be found in 'C0'. {"history": "Interactive.76", "point": 5, "testname": "TRAN_VDD_PULSE", "cornername": "CMOS_RES_CAP_TEMP_3"}
[2026-05-26 08:12:06.704 Z] [WARN] [cadence.virtuoso.ade.simulationMonitor] -     WARNING (CMI-2943): Parameter checks have been ignored because the valid value for parameter 'trise' could not be found in 'C3'. {"history": "Interactive.76", "point": 5, "testname": "TRAN_VDD_PULSE", "cornername": "CMOS_RES_CAP_TEMP_3"}
[2026-05-26 08:12:06.705 Z] [WARN] [cadence.virtuoso.ade.simulationMonitor] -     WARNING (CMI-2943): Parameter checks have been ignored because the valid value for parameter 'trise' could not be found in 'C4'. {"history": "Interactive.76", "point": 5, "testname": "TRAN_VDD_PULSE", "cornername": "CMOS_RES_CAP_TEMP_3"}
[2026-05-26 08:12:06.705 Z] [WARN] [cadence.virtuoso.ade.simulationMonitor] -     WARNING (CMI-2943): Parameter checks have been ignored because the valid value for parameter 'trise' could not be found in 'C5'. {"history": "Interactive.76", "point": 5, "testname": "TRAN_VDD_PULSE", "cornername": "CMOS_RES_CAP_TEMP_3"}
[2026-05-26 08:12:06.706 Z] [WARN] [cadence.virtuoso.ade.simulationMonitor] -     WARNING (CMI-2943): Parameter checks have been ignored because the valid value for parameter 'trise' could not be found in 'I19.I4.C9<0>_turbo_m6.C1'.
        Further occurrences of this warning will be suppressed. {"history": "Interactive.76", "point": 5, "testname": "TRAN_VDD_PULSE", "cornername": "CMOS_RES_CAP_TEMP_3"}
[2026-05-26 08:12:06.706 Z] [INFO] [cadence.virtuoso.ade.simulationMonitor] - Notice from spectre during transient analysis `tran'.
    Output compression for transient analysis is enabled. {"history": "Interactive.76", "point": 5, "testname": "TRAN_VDD_PULSE", "cornername": "CMOS_RES_CAP_TEMP_3"}
[2026-05-26 08:12:06.707 Z] [INFO] [cadence.virtuoso.ade.simulationMonitor] - Notice from spectre during transient analysis `tran'.
    Multithreading is disabled due to the size of the design being too small. {"history": "Interactive.76", "point": 5, "testname": "TRAN_VDD_PULSE", "cornername": "CMOS_RES_CAP_TEMP_3"}
[2026-05-26 08:13:27.732 Z] [INFO] [cadence.virtuoso.ade.simulationMonitor] - Total time required for tran analysis `tran': CPU = 73.9748 s (1m  14.0s), elapsed = 80.8898 s (1m  20.9s), util. = 91.5%. {"history": "Interactive.76", "point": 5, "testname": "TRAN_VDD_PULSE", "cornername": "CMOS_RES_CAP_TEMP_3"}
[2026-05-26 08:13:27.732 Z] [INFO] [cadence.virtuoso.ade.simulationMonitor] - Peak resident memory used = 230 Mbytes. {"history": "Interactive.76", "point": 5, "testname": "TRAN_VDD_PULSE", "cornername": "CMOS_RES_CAP_TEMP_3"}
[2026-05-26 08:13:27.732 Z] [INFO] [cadence.virtuoso.ade.simulationMonitor] - Notice from spectre.
    308 warnings suppressed. {"history": "Interactive.76", "point": 5, "testname": "TRAN_VDD_PULSE", "cornername": "CMOS_RES_CAP_TEMP_3"}
[2026-05-26 08:13:27.732 Z] [WARN] [cadence.virtuoso.ade.simulationMonitor] -     WARNING (CMI-2425): I19.I2.C1: `Acde' = 2.393 is unusually large. {"history": "Interactive.76", "point": 5, "testname": "TRAN_VDD_PULSE", "cornername": "CMOS_RES_CAP_TEMP_3"}
[2026-05-26 08:13:27.732 Z] [WARN] [cadence.virtuoso.ade.simulationMonitor] -     WARNING (CMI-2425): I19.I2.C1: `Noff' = 4.732 is unusually large. {"history": "Interactive.76", "point": 5, "testname": "TRAN_VDD_PULSE", "cornername": "CMOS_RES_CAP_TEMP_3"}
[2026-05-26 08:13:27.732 Z] [WARN] [cadence.virtuoso.ade.simulationMonitor] -     WARNING (CMI-2424): I19.I2.C1: `Voffcv' = -867.4e-03 is unusually small. {"history": "Interactive.76", "point": 5, "testname": "TRAN_VDD_PULSE", "cornername": "CMOS_RES_CAP_TEMP_3"}
[2026-05-26 08:13:27.732 Z] [WARN] [cadence.virtuoso.ade.simulationMonitor] -     WARNING (CMI-2425): I19.I8.C0: `Acde' = 2.393 is unusually large. {"history": "Interactive.76", "point": 5, "testname": "TRAN_VDD_PULSE", "cornername": "CMOS_RES_CAP_TEMP_3"}
[2026-05-26 08:13:27.732 Z] [WARN] [cadence.virtuoso.ade.simulationMonitor] -     WARNING (CMI-2425): I19.I8.C0: `Noff' = 4.732 is unusually large. {"history": "Interactive.76", "point": 5, "testname": "TRAN_VDD_PULSE", "cornername": "CMOS_RES_CAP_TEMP_3"}
[2026-05-26 08:13:27.732 Z] [WARN] [cadence.virtuoso.ade.simulationMonitor] -     WARNING (CMI-2424): I19.I8.C0: `Voffcv' = -867.4e-03 is unusually small. {"history": "Interactive.76", "point": 5, "testname": "TRAN_VDD_PULSE", "cornername": "CMOS_RES_CAP_TEMP_3"}
[2026-05-26 08:13:27.732 Z] [WARN] [cadence.virtuoso.ade.simulationMonitor] -     WARNING (CMI-2425): I19.I8.C1: `Acde' = 2.393 is unusually large.
        Further occurrences of this warning will be suppressed. {"history": "Interactive.76", "point": 5, "testname": "TRAN_VDD_PULSE", "cornername": "CMOS_RES_CAP_TEMP_3"}
[2026-05-26 08:13:27.732 Z] [WARN] [cadence.virtuoso.ade.simulationMonitor] -     WARNING (CMI-2424): I19.I8.C1: `Voffcv' = -867.4e-03 is unusually small. {"history": "Interactive.76", "point": 5, "testname": "TRAN_VDD_PULSE", "cornername": "CMOS_RES_CAP_TEMP_3"}
[2026-05-26 08:13:27.733 Z] [WARN] [cadence.virtuoso.ade.simulationMonitor] -     WARNING (CMI-2424): I19.I14.C1: `Voffcv' = -867.4e-03 is unusually small. {"history": "Interactive.76", "point": 5, "testname": "TRAN_VDD_PULSE", "cornername": "CMOS_RES_CAP_TEMP_3"}
[2026-05-26 08:13:27.733 Z] [WARN] [cadence.virtuoso.ade.simulationMonitor] -     WARNING (CMI-2424): I19.I14.C4: `Voffcv' = -867.4e-03 is unusually small.
        Further occurrences of this warning will be suppressed. {"history": "Interactive.76", "point": 5, "testname": "TRAN_VDD_PULSE", "cornername": "CMOS_RES_CAP_TEMP_3"}
[2026-05-26 08:13:27.733 Z] [INFO] [cadence.virtuoso.ade.simulationMonitor] - Notice from spectre.
    56 warnings suppressed. {"history": "Interactive.76", "point": 5, "testname": "TRAN_VDD_PULSE", "cornername": "CMOS_RES_CAP_TEMP_3"}
[2026-05-26 08:13:27.733 Z] [WARN] [cadence.virtuoso.ade.simulationMonitor] -     WARNING (CMI-2425): I19.I2.C1: `Acde' = 2.393 is unusually large. {"history": "Interactive.76", "point": 5, "testname": "TRAN_VDD_PULSE", "cornername": "CMOS_RES_CAP_TEMP_3"}
[2026-05-26 08:13:27.733 Z] [WARN] [cadence.virtuoso.ade.simulationMonitor] -     WARNING (CMI-2425): I19.I2.C1: `Noff' = 4.732 is unusually large. {"history": "Interactive.76", "point": 5, "testname": "TRAN_VDD_PULSE", "cornername": "CMOS_RES_CAP_TEMP_3"}
[2026-05-26 08:13:27.733 Z] [WARN] [cadence.virtuoso.ade.simulationMonitor] -     WARNING (CMI-2424): I19.I2.C1: `Voffcv' = -867.4e-03 is unusually small. {"history": "Interactive.76", "point": 5, "testname": "TRAN_VDD_PULSE", "cornername": "CMOS_RES_CAP_TEMP_3"}
[2026-05-26 08:13:27.733 Z] [WARN] [cadence.virtuoso.ade.simulationMonitor] -     WARNING (CMI-2425): I19.I8.C0: `Acde' = 2.393 is unusually large. {"history": "Interactive.76", "point": 5, "testname": "TRAN_VDD_PULSE", "cornername": "CMOS_RES_CAP_TEMP_3"}
[2026-05-26 08:13:27.733 Z] [WARN] [cadence.virtuoso.ade.simulationMonitor] -     WARNING (CMI-2425): I19.I8.C0: `Noff' = 4.732 is unusually large. {"history": "Interactive.76", "point": 5, "testname": "TRAN_VDD_PULSE", "cornername": "CMOS_RES_CAP_TEMP_3"}
[2026-05-26 08:13:27.733 Z] [WARN] [cadence.virtuoso.ade.simulationMonitor] -     WARNING (CMI-2424): I19.I8.C0: `Voffcv' = -867.4e-03 is unusually small. {"history": "Interactive.76", "point": 5, "testname": "TRAN_VDD_PULSE", "cornername": "CMOS_RES_CAP_TEMP_3"}
[2026-05-26 08:13:27.733 Z] [WARN] [cadence.virtuoso.ade.simulationMonitor] -     WARNING (CMI-2425): I19.I8.C1: `Acde' = 2.393 is unusually large.
        Further occurrences of this warning will be suppressed. {"history": "Interactive.76", "point": 5, "testname": "TRAN_VDD_PULSE", "cornername": "CMOS_RES_CAP_TEMP_3"}
[2026-05-26 08:13:27.733 Z] [WARN] [cadence.virtuoso.ade.simulationMonitor] -     WARNING (CMI-2424): I19.I8.C1: `Voffcv' = -867.4e-03 is unusually small. {"history": "Interactive.76", "point": 5, "testname": "TRAN_VDD_PULSE", "cornername": "CMOS_RES_CAP_TEMP_3"}
[2026-05-26 08:13:27.733 Z] [WARN] [cadence.virtuoso.ade.simulationMonitor] -     WARNING (CMI-2424): I19.I14.C1: `Voffcv' = -867.4e-03 is unusually small. {"history": "Interactive.76", "point": 5, "testname": "TRAN_VDD_PULSE", "cornername": "CMOS_RES_CAP_TEMP_3"}
[2026-05-26 08:13:27.733 Z] [WARN] [cadence.virtuoso.ade.simulationMonitor] -     WARNING (CMI-2424): I19.I14.C4: `Voffcv' = -867.4e-03 is unusually small.
        Further occurrences of this warning will be suppressed. {"history": "Interactive.76", "point": 5, "testname": "TRAN_VDD_PULSE", "cornername": "CMOS_RES_CAP_TEMP_3"}
[2026-05-26 08:13:27.733 Z] [INFO] [cadence.virtuoso.ade.simulationMonitor] - Notice from spectre.
    59 warnings suppressed. {"history": "Interactive.76", "point": 5, "testname": "TRAN_VDD_PULSE", "cornername": "CMOS_RES_CAP_TEMP_3"}
[2026-05-26 08:13:27.733 Z] [WARN] [cadence.virtuoso.ade.simulationMonitor] -     WARNING (CMI-2425): I19.I2.C1: `Acde' = 2.393 is unusually large. {"history": "Interactive.76", "point": 5, "testname": "TRAN_VDD_PULSE", "cornername": "CMOS_RES_CAP_TEMP_3"}
[2026-05-26 08:13:27.733 Z] [WARN] [cadence.virtuoso.ade.simulationMonitor] -     WARNING (CMI-2425): I19.I2.C1: `Noff' = 4.732 is unusually large. {"history": "Interactive.76", "point": 5, "testname": "TRAN_VDD_PULSE", "cornername": "CMOS_RES_CAP_TEMP_3"}
[2026-05-26 08:13:27.733 Z] [WARN] [cadence.virtuoso.ade.simulationMonitor] -     WARNING (CMI-2424): I19.I2.C1: `Voffcv' = -867.4e-03 is unusually small. {"history": "Interactive.76", "point": 5, "testname": "TRAN_VDD_PULSE", "cornername": "CMOS_RES_CAP_TEMP_3"}
[2026-05-26 08:13:27.733 Z] [WARN] [cadence.virtuoso.ade.simulationMonitor] -     WARNING (CMI-2425): I19.I8.C0: `Acde' = 2.393 is unusually large. {"history": "Interactive.76", "point": 5, "testname": "TRAN_VDD_PULSE", "cornername": "CMOS_RES_CAP_TEMP_3"}
[2026-05-26 08:13:27.734 Z] [WARN] [cadence.virtuoso.ade.simulationMonitor] -     WARNING (CMI-2425): I19.I8.C0: `Noff' = 4.732 is unusually large. {"history": "Interactive.76", "point": 5, "testname": "TRAN_VDD_PULSE", "cornername": "CMOS_RES_CAP_TEMP_3"}
[2026-05-26 08:13:27.734 Z] [WARN] [cadence.virtuoso.ade.simulationMonitor] -     WARNING (CMI-2424): I19.I8.C0: `Voffcv' = -867.4e-03 is unusually small. {"history": "Interactive.76", "point": 5, "testname": "TRAN_VDD_PULSE", "cornername": "CMOS_RES_CAP_TEMP_3"}
[2026-05-26 08:13:27.734 Z] [WARN] [cadence.virtuoso.ade.simulationMonitor] -     WARNING (CMI-2425): I19.I8.C1: `Acde' = 2.393 is unusually large.
        Further occurrences of this warning will be suppressed. {"history": "Interactive.76", "point": 5, "testname": "TRAN_VDD_PULSE", "cornername": "CMOS_RES_CAP_TEMP_3"}
[2026-05-26 08:13:27.734 Z] [WARN] [cadence.virtuoso.ade.simulationMonitor] -     WARNING (CMI-2424): I19.I8.C1: `Voffcv' = -867.4e-03 is unusually small. {"history": "Interactive.76", "point": 5, "testname": "TRAN_VDD_PULSE", "cornername": "CMOS_RES_CAP_TEMP_3"}
[2026-05-26 08:13:27.734 Z] [WARN] [cadence.virtuoso.ade.simulationMonitor] -     WARNING (CMI-2424): I19.I14.C1: `Voffcv' = -867.4e-03 is unusually small. {"history": "Interactive.76", "point": 5, "testname": "TRAN_VDD_PULSE", "cornername": "CMOS_RES_CAP_TEMP_3"}
[2026-05-26 08:13:27.734 Z] [WARN] [cadence.virtuoso.ade.simulationMonitor] -     WARNING (CMI-2424): I19.I14.C4: `Voffcv' = -867.4e-03 is unusually small.
        Further occurrences of this warning will be suppressed. {"history": "Interactive.76", "point": 5, "testname": "TRAN_VDD_PULSE", "cornername": "CMOS_RES_CAP_TEMP_3"}
[2026-05-26 08:13:27.734 Z] [INFO] [cadence.virtuoso.ade.simulationMonitor] - Notice from spectre.
    56 warnings suppressed. {"history": "Interactive.76", "point": 5, "testname": "TRAN_VDD_PULSE", "cornername": "CMOS_RES_CAP_TEMP_3"}
[2026-05-26 08:13:27.734 Z] [WARN] [cadence.virtuoso.ade.simulationMonitor] -     WARNING (CMI-2425): I19.I2.C1: `Acde' = 2.393 is unusually large. {"history": "Interactive.76", "point": 5, "testname": "TRAN_VDD_PULSE", "cornername": "CMOS_RES_CAP_TEMP_3"}
[2026-05-26 08:13:27.734 Z] [WARN] [cadence.virtuoso.ade.simulationMonitor] -     WARNING (CMI-2425): I19.I2.C1: `Noff' = 4.732 is unusually large. {"history": "Interactive.76", "point": 5, "testname": "TRAN_VDD_PULSE", "cornername": "CMOS_RES_CAP_TEMP_3"}
[2026-05-26 08:13:27.734 Z] [WARN] [cadence.virtuoso.ade.simulationMonitor] -     WARNING (CMI-2424): I19.I2.C1: `Voffcv' = -867.4e-03 is unusually small. {"history": "Interactive.76", "point": 5, "testname": "TRAN_VDD_PULSE", "cornername": "CMOS_RES_CAP_TEMP_3"}
[2026-05-26 08:13:27.734 Z] [WARN] [cadence.virtuoso.ade.simulationMonitor] -     WARNING (CMI-2425): I19.I8.C0: `Acde' = 2.393 is unusually large. {"history": "Interactive.76", "point": 5, "testname": "TRAN_VDD_PULSE", "cornername": "CMOS_RES_CAP_TEMP_3"}
[2026-05-26 08:13:27.734 Z] [WARN] [cadence.virtuoso.ade.simulationMonitor] -     WARNING (CMI-2425): I19.I8.C0: `Noff' = 4.732 is unusually large. {"history": "Interactive.76", "point": 5, "testname": "TRAN_VDD_PULSE", "cornername": "CMOS_RES_CAP_TEMP_3"}
[2026-05-26 08:13:27.734 Z] [WARN] [cadence.virtuoso.ade.simulationMonitor] -     WARNING (CMI-2424): I19.I8.C0: `Voffcv' = -867.4e-03 is unusually small. {"history": "Interactive.76", "point": 5, "testname": "TRAN_VDD_PULSE", "cornername": "CMOS_RES_CAP_TEMP_3"}
[2026-05-26 08:13:27.734 Z] [WARN] [cadence.virtuoso.ade.simulationMonitor] -     WARNING (CMI-2425): I19.I8.C1: `Acde' = 2.393 is unusually large.
        Further occurrences of this warning will be suppressed. {"history": "Interactive.76", "point": 5, "testname": "TRAN_VDD_PULSE", "cornername": "CMOS_RES_CAP_TEMP_3"}
[2026-05-26 08:13:27.734 Z] [WARN] [cadence.virtuoso.ade.simulationMonitor] -     WARNING (CMI-2424): I19.I8.C1: `Voffcv' = -867.4e-03 is unusually small. {"history": "Interactive.76", "point": 5, "testname": "TRAN_VDD_PULSE", "cornername": "CMOS_RES_CAP_TEMP_3"}
[2026-05-26 08:13:27.734 Z] [WARN] [cadence.virtuoso.ade.simulationMonitor] -     WARNING (CMI-2424): I19.I14.C1: `Voffcv' = -867.4e-03 is unusually small. {"history": "Interactive.76", "point": 5, "testname": "TRAN_VDD_PULSE", "cornername": "CMOS_RES_CAP_TEMP_3"}
[2026-05-26 08:13:27.735 Z] [WARN] [cadence.virtuoso.ade.simulationMonitor] -     WARNING (CMI-2424): I19.I14.C4: `Voffcv' = -867.4e-03 is unusually small.
        Further occurrences of this warning will be suppressed. {"history": "Interactive.76", "point": 5, "testname": "TRAN_VDD_PULSE", "cornername": "CMOS_RES_CAP_TEMP_3"}
[2026-05-26 08:13:27.735 Z] [INFO] [cadence.virtuoso.ade.simulationMonitor] - Notice from spectre.
    56 warnings suppressed. {"history": "Interactive.76", "point": 5, "testname": "TRAN_VDD_PULSE", "cornername": "CMOS_RES_CAP_TEMP_3"}
[2026-05-26 08:13:27.735 Z] [INFO] [cadence.virtuoso.ade.simulationMonitor] - Time used: CPU = 75.1 s (1m  15.1s), elapsed = 84 s (1m  24.0s), util. = 89.4%. {"history": "Interactive.76", "point": 5, "testname": "TRAN_VDD_PULSE", "cornername": "CMOS_RES_CAP_TEMP_3"}
[2026-05-26 08:13:27.735 Z] [INFO] [cadence.virtuoso.ade.simulationMonitor] - Time spent in licensing: elapsed = 99.9 ms. {"history": "Interactive.76", "point": 5, "testname": "TRAN_VDD_PULSE", "cornername": "CMOS_RES_CAP_TEMP_3"}
[2026-05-26 08:13:27.735 Z] [INFO] [cadence.virtuoso.ade.simulationMonitor] - Peak memory used = 230 Mbytes. {"history": "Interactive.76", "point": 5, "testname": "TRAN_VDD_PULSE", "cornername": "CMOS_RES_CAP_TEMP_3"}
[2026-05-26 08:13:27.735 Z] [PROCESS] [cadence.virtuoso.ade.simulationMonitor] - Simulation started at: 8:12:03 AM, Tue May 26, 2026, ended at: 8:13:27 AM, Tue May 26, 2026, with elapsed time (wall clock): 84 s (1m  24.0s). {"history": "Interactive.76", "point": 5, "testname": "TRAN_VDD_PULSE", "cornername": "CMOS_RES_CAP_TEMP_3"}
[2026-05-26 08:13:27.735 Z] [PROCESS] [cadence.virtuoso.ade.simulationMonitor] - spectre completes with 0 errors, 97 warnings, and 33 notices. {"history": "Interactive.76", "point": 5, "testname": "TRAN_VDD_PULSE", "cornername": "CMOS_RES_CAP_TEMP_3"}
[2026-05-26 08:13:27.735 Z] [PROCESS] [cadence.virtuoso.ade.simulationMonitor] - Finished simulating for one point {"hostname": "edatools", "processid": 230256, "history": "Interactive.76", "testname": "TRAN_VDD_PULSE", "cornername": "CMOS_RES_CAP_TEMP_3", "point": 5, "logfile": "/home/saul/projects/IL2244_VT26_SAUL/logs_saul/logs0/Job41.log", "simid": "1"}
[2026-05-26 08:13:27.735 Z] [PROCESS] [cadence.virtuoso.ade.simulationMonitor] - Simulator exited {"hostname": "edatools", "processid": 230256, "history": "Interactive.76", "testname": "TRAN_VDD_PULSE", "cornername": "CMOS_RES_CAP_TEMP_3", "point": 5, "logfile": "/home/saul/projects/IL2244_VT26_SAUL/logs_saul/logs0/Job41.log", "exitStatus": "0"}
[2026-05-26 08:13:27.735 Z] [PROCESS] [cadence.virtuoso.ade.simulationMonitor] - Finished Simulation {"hostname": "edatools", "processid": 230256, "history": "Interactive.76", "testname": "TRAN_VDD_PULSE", "cornername": "CMOS_RES_CAP_TEMP_3", "point": 5, "logfile": "/home/saul/projects/IL2244_VT26_SAUL/logs_saul/logs0/Job41.log", "simid": "1"}
[2026-05-26 08:13:29.741 Z] [PROCESS] [cadence.virtuoso.ade.simulationMonitor] - Point Finished {"hostname": "edatools", "processid": 230256, "history": "Interactive.76", "testname": "TRAN_VDD_PULSE", "cornername": "CMOS_RES_CAP_TEMP_3", "point": 5, "logfile": "/home/saul/projects/IL2244_VT26_SAUL/logs_saul/logs0/Job41.log"}
[2026-05-26 08:13:29.743 Z] [PROCESS] [cadence.virtuoso.ade.simulationMonitor] - HostInfo:
Host name (type):	edatools (x86_64)
Operating system:	Linux 6.17.0-29-generic #29~24.04.1-Ubuntu SMP PREEMPT_DYNAMIC Mon May 11 10:30:58 UTC 2 {"hostname": "edatools", "processid": 230256, "history": "Interactive.76", "testname": "TRAN_VDD_PULSE", "cornername": "CMOS_RES_CAP_TEMP_3", "point": 5, "logfile": "/home/saul/projects/IL2244_VT26_SAUL/logs_saul/logs0/Job41.log", "nodename": "edatools", "domainname": "(none)", "machine": "x86_64", "sysname": "Linux", "release": "6.17.0-29-generic", "version": "#29~24.04.1-Ubuntu SMP PREEMPT_DYNAMIC Mon May 11 10:30:58 UTC 2"}
[2026-05-26 08:13:29.743 Z] [PROCESS] [cadence.virtuoso.ade.simulationMonitor] - UsageInfo:
pid=230256
totalPhysicalMemory=62.544987GB,Used=44.587730GB,totalVirtualMemory=70.544983GB,Used=44.587730GB
Cpu: Cores=16, Load average:6.070000,3.800000,3.660000 {"hostname": "edatools", "processid": 230256, "history": "Interactive.76", "testname": "TRAN_VDD_PULSE", "cornername": "CMOS_RES_CAP_TEMP_3", "point": 5, "logfile": "/home/saul/projects/IL2244_VT26_SAUL/logs_saul/logs0/Job41.log", "pid": "230256", "totalPhysicalMemory": "62.544987", "physicalMemoryUsed": "44.587730", "totalVirtualMemory": "70.544983", "virtualMemoryUsed": "44.587730", "cpuCores": "16", "processes": "1762", "loadAverage1": "6.070000", "loadAverage5": "3.800000", "loadAverage15": "3.660000", "loadAverage1Percent": "0.379375"}
[2026-05-26 08:13:29.743 Z] [EVENT] [cadence.virtuoso.ade.simulationMonitor] - NewPoint {"history": "Interactive.76", "point": 11, "testname": "TRAN_VDD_PULSE", "cornername": "CMOS_RES_CAP_TEMP_9", "event": "NewPoint", "EventSource": "Simulation Monitor", "HistoryName": "Interactive.76", "logFile": "/home/saul/projects/IL2244_VT26_SAUL/logs_saul/logs0/Job41.log", "logFileSize": "45391"}
[2026-05-26 08:13:29.844 Z] [EVENT] [cadence.virtuoso.ade.simulationMonitor] - NewPoint {"history": "Interactive.76", "point": 11, "testname": "TRAN_VDD_PULSE", "cornername": "CMOS_RES_CAP_TEMP_9", "event": "NewPoint", "EventSource": "spectre", "HistoryName": "Interactive.76", "logFile": "/home/saul/projects/IL2244_VT26_SAUL/Sim/FECG/fecg_front_end_tran_tb/maestro/results/maestro/Interactive.76/11/TRAN_VDD_PULSE/psf/spectre.out", "logFileSize": "-1"}
[2026-05-26 08:13:29.847 Z] [PROCESS] [cadence.virtuoso.ade.simulationMonitor] - Simulator launched {"hostname": "edatools", "processid": 230256, "history": "Interactive.76", "testname": "TRAN_VDD_PULSE", "cornername": "CMOS_RES_CAP_TEMP_9", "point": 11, "logfile": "/home/saul/projects/IL2244_VT26_SAUL/logs_saul/logs0/Job41.log", "simid": "2"}
[2026-05-26 08:13:29.861 Z] [PROCESS] [cadence.virtuoso.ade.simulationMonitor] - Started Simulation {"hostname": "edatools", "processid": 230256, "history": "Interactive.76", "testname": "TRAN_VDD_PULSE", "cornername": "CMOS_RES_CAP_TEMP_9", "point": 11, "logfile": "/home/saul/projects/IL2244_VT26_SAUL/logs_saul/logs0/Job41.log", "event": "started", "task": "simulation"}
[2026-05-26 08:13:30.361 Z] [INFO] [cadence.virtuoso.ade.simulationMonitor] - Notice from spectre during circuit read-in.
    Pre_Configuration file used: /opt/tools/cadence/installs/SPECTRE241/tools.lnx86/spectre/etc/configs/preset.precfg
    Configuration file used: `/opt/tools/cadence/installs/SPECTRE241/tools.lnx86/spectre/etc/configs/preset.cfg'. {"history": "Interactive.76", "point": 11, "testname": "TRAN_VDD_PULSE", "cornername": "CMOS_RES_CAP_TEMP_9"}
[2026-05-26 08:13:30.361 Z] [WARN] [cadence.virtuoso.ade.simulationMonitor] -     WARNING (SPECTRE-8360): line 1511: `ac' is an undefined primitive device. {"history": "Interactive.76", "point": 11, "testname": "TRAN_VDD_PULSE", "cornername": "CMOS_RES_CAP_TEMP_9"}
[2026-05-26 08:13:30.361 Z] [WARN] [cadence.virtuoso.ade.simulationMonitor] -     WARNING (SPECTRE-8360): line 1512: `ac' is an undefined primitive device. {"history": "Interactive.76", "point": 11, "testname": "TRAN_VDD_PULSE", "cornername": "CMOS_RES_CAP_TEMP_9"}
[2026-05-26 08:13:30.361 Z] [WARN] [cadence.virtuoso.ade.simulationMonitor] -     WARNING (SPECTRE-8360): line 1513: `ac' is an undefined primitive device. {"history": "Interactive.76", "point": 11, "testname": "TRAN_VDD_PULSE", "cornername": "CMOS_RES_CAP_TEMP_9"}
[2026-05-26 08:13:30.362 Z] [WARN] [cadence.virtuoso.ade.simulationMonitor] -     WARNING (SPECTRE-8360): line 1514: `ac' is an undefined primitive device. {"history": "Interactive.76", "point": 11, "testname": "TRAN_VDD_PULSE", "cornername": "CMOS_RES_CAP_TEMP_9"}
[2026-05-26 08:13:30.362 Z] [WARN] [cadence.virtuoso.ade.simulationMonitor] -     WARNING (SPECTRE-8360): line 1515: `ac' is an undefined primitive device.
        Further occurrences of this warning will be suppressed. {"history": "Interactive.76", "point": 11, "testname": "TRAN_VDD_PULSE", "cornername": "CMOS_RES_CAP_TEMP_9"}
[2026-05-26 08:13:30.362 Z] [INFO] [cadence.virtuoso.ade.simulationMonitor] - Peak resident memory used = 174 Mbytes. {"history": "Interactive.76", "point": 11, "testname": "TRAN_VDD_PULSE", "cornername": "CMOS_RES_CAP_TEMP_9"}
[2026-05-26 08:13:30.362 Z] [WARN] [cadence.virtuoso.ade.simulationMonitor] -     WARNING (VACOMP-2435): The environment variable CDS_AHDLCMI_ENABLE is no longer supported. Therefore, the simulator will use the default compiled C code flow. {"history": "Interactive.76", "point": 11, "testname": "TRAN_VDD_PULSE", "cornername": "CMOS_RES_CAP_TEMP_9"}
[2026-05-26 08:13:30.362 Z] [WARN] [cadence.virtuoso.ade.simulationMonitor] -     WARNING (SFE-3014): The floating device I19.I0.I5.MN14<0>_turbo_m4 is removed. {"history": "Interactive.76", "point": 11, "testname": "TRAN_VDD_PULSE", "cornername": "CMOS_RES_CAP_TEMP_9"}
[2026-05-26 08:13:30.362 Z] [WARN] [cadence.virtuoso.ade.simulationMonitor] -     WARNING (SFE-3012): The dummy device I19.I4.MP16<0>_turbo_m41 is removed. {"history": "Interactive.76", "point": 11, "testname": "TRAN_VDD_PULSE", "cornername": "CMOS_RES_CAP_TEMP_9"}
[2026-05-26 08:13:30.362 Z] [WARN] [cadence.virtuoso.ade.simulationMonitor] -     WARNING (SFE-3014): The floating device I19.I8.MN57<0>_turbo_m28 is removed. {"history": "Interactive.76", "point": 11, "testname": "TRAN_VDD_PULSE", "cornername": "CMOS_RES_CAP_TEMP_9"}
[2026-05-26 08:13:30.362 Z] [WARN] [cadence.virtuoso.ade.simulationMonitor] -     WARNING (SFE-3012): The dummy device I19.I14.MP13<0>_turbo_m4 is removed. {"history": "Interactive.76", "point": 11, "testname": "TRAN_VDD_PULSE", "cornername": "CMOS_RES_CAP_TEMP_9"}
[2026-05-26 08:13:30.362 Z] [WARN] [cadence.virtuoso.ade.simulationMonitor] -     WARNING (SFE-3031): The floating capacitor I19.I12.C10<0>_turbo_m12.C1 is removed. {"history": "Interactive.76", "point": 11, "testname": "TRAN_VDD_PULSE", "cornername": "CMOS_RES_CAP_TEMP_9"}
[2026-05-26 08:13:30.362 Z] [WARN] [cadence.virtuoso.ade.simulationMonitor] -     WARNING (SFE-3014): The floating device I19.I2.MN37<0>_turbo_m4 is removed. {"history": "Interactive.76", "point": 11, "testname": "TRAN_VDD_PULSE", "cornername": "CMOS_RES_CAP_TEMP_9"}
[2026-05-26 08:13:30.362 Z] [WARN] [cadence.virtuoso.ade.simulationMonitor] -     WARNING (SFE-3012): The dummy device I19.I0.I5.MP12<0>_turbo_m2 is removed. {"history": "Interactive.76", "point": 11, "testname": "TRAN_VDD_PULSE", "cornername": "CMOS_RES_CAP_TEMP_9"}
[2026-05-26 08:13:30.362 Z] [WARN] [cadence.virtuoso.ade.simulationMonitor] -     WARNING (SFE-3014): The floating device I19.I0.MN13<0>_turbo_m4 is removed. {"history": "Interactive.76", "point": 11, "testname": "TRAN_VDD_PULSE", "cornername": "CMOS_RES_CAP_TEMP_9"}
[2026-05-26 08:13:30.363 Z] [WARN] [cadence.virtuoso.ade.simulationMonitor] -     WARNING (SFE-3012): The dummy device I19.I0.I3.MP13<0>_turbo_m4 is removed. {"history": "Interactive.76", "point": 11, "testname": "TRAN_VDD_PULSE", "cornername": "CMOS_RES_CAP_TEMP_9"}
[2026-05-26 08:13:30.363 Z] [WARN] [cadence.virtuoso.ade.simulationMonitor] -     WARNING (SFE-3031): The floating capacitor I19.I12.C6<0>_turbo_m3.C1 is removed. {"history": "Interactive.76", "point": 11, "testname": "TRAN_VDD_PULSE", "cornername": "CMOS_RES_CAP_TEMP_9"}
[2026-05-26 08:13:30.363 Z] [WARN] [cadence.virtuoso.ade.simulationMonitor] -     WARNING (SFE-3012): The dummy device I19.I0.MP11<0>_turbo_m4 is removed.
        Further occurrences of this warning will be suppressed. {"history": "Interactive.76", "point": 11, "testname": "TRAN_VDD_PULSE", "cornername": "CMOS_RES_CAP_TEMP_9"}
[2026-05-26 08:13:30.363 Z] [WARN] [cadence.virtuoso.ade.simulationMonitor] -     WARNING (SFE-3031): The floating capacitor I19.I11.C7<0>_turbo_m3.C1 is removed. {"history": "Interactive.76", "point": 11, "testname": "TRAN_VDD_PULSE", "cornername": "CMOS_RES_CAP_TEMP_9"}
[2026-05-26 08:13:30.363 Z] [WARN] [cadence.virtuoso.ade.simulationMonitor] -     WARNING (SFE-3014): The floating device I19.I12.MN57<0>_turbo_m28 is removed.
        Further occurrences of this warning will be suppressed. {"history": "Interactive.76", "point": 11, "testname": "TRAN_VDD_PULSE", "cornername": "CMOS_RES_CAP_TEMP_9"}
[2026-05-26 08:13:30.363 Z] [WARN] [cadence.virtuoso.ade.simulationMonitor] -     WARNING (SFE-3031): The floating capacitor I19.I11.C10<0>_turbo_m12.C1 is removed. {"history": "Interactive.76", "point": 11, "testname": "TRAN_VDD_PULSE", "cornername": "CMOS_RES_CAP_TEMP_9"}
[2026-05-26 08:13:30.363 Z] [WARN] [cadence.virtuoso.ade.simulationMonitor] -     WARNING (SFE-3031): The floating capacitor I19.I12.C7<0>_turbo_m3.C1 is removed.
        Further occurrences of this warning will be suppressed. {"history": "Interactive.76", "point": 11, "testname": "TRAN_VDD_PULSE", "cornername": "CMOS_RES_CAP_TEMP_9"}
[2026-05-26 08:13:30.363 Z] [INFO] [cadence.virtuoso.ade.simulationMonitor] - Notice from spectre during hierarchy flattening.
    The value 'psf' specified for the 'checklimitdest' option will no longer be supported in future releases. Use 'spectre -h' to see other recommended values for the 'checklimitdest' option. {"history": "Interactive.76", "point": 11, "testname": "TRAN_VDD_PULSE", "cornername": "CMOS_RES_CAP_TEMP_9"}
[2026-05-26 08:13:30.363 Z] [INFO] [cadence.virtuoso.ade.simulationMonitor] - Peak resident memory used = 192 Mbytes. {"history": "Interactive.76", "point": 11, "testname": "TRAN_VDD_PULSE", "cornername": "CMOS_RES_CAP_TEMP_9"}
[2026-05-26 08:13:30.363 Z] [INFO] [cadence.virtuoso.ade.simulationMonitor] - Notice from spectre during hierarchy flattening.
    The value 'psf' specified for the 'checklimitdest' option will no longer be supported in future releases. Use 'spectre -h' to see other recommended values for the 'checklimitdest' option.
    I19.I0.R10.CS0 of rpolyhc: `c' has the unusually small value of 0 F.
    I19.I0.R10.CS1 of rpolyhc: `c' has the unusually small value of 0 F.
    I19.I0.R9.CS0 of rpolyhc: `c' has the unusually small value of 0 F.
    I19.I0.R9.CS1 of rpolyhc: `c' has the unusually ... {"history": "Interactive.76", "point": 11, "testname": "TRAN_VDD_PULSE", "cornername": "CMOS_RES_CAP_TEMP_9"}
[2026-05-26 08:13:30.363 Z] [INFO] [cadence.virtuoso.ade.simulationMonitor] - Notice from spectre during hierarchy flattening.
    V17: `period' has the unusually large value of 20 s.
    V17: `width' has the unusually large value of 19 s.
    V16: `period' has the unusually large value of 10 s.
    V16: `width' has the unusually large value of 9 s.
    V9: `period' has the unusually large value of 10 s.
        Further occurrences of this notice will be suppressed. {"history": "Interactive.76", "point": 11, "testname": "TRAN_VDD_PULSE", "cornername": "CMOS_RES_CAP_TEMP_9"}
[2026-05-26 08:13:30.364 Z] [INFO] [cadence.virtuoso.ade.simulationMonitor] - Peak resident memory used = 194 Mbytes. {"history": "Interactive.76", "point": 11, "testname": "TRAN_VDD_PULSE", "cornername": "CMOS_RES_CAP_TEMP_9"}
[2026-05-26 08:13:30.364 Z] [WARN] [cadence.virtuoso.ade.simulationMonitor] -     WARNING (CMI-2425): I19.I0.C2: `Acde' = 2.393 is unusually large. {"history": "Interactive.76", "point": 11, "testname": "TRAN_VDD_PULSE", "cornername": "CMOS_RES_CAP_TEMP_9"}
[2026-05-26 08:13:30.364 Z] [WARN] [cadence.virtuoso.ade.simulationMonitor] -     WARNING (CMI-2425): I19.I0.C2: `Noff' = 4.732 is unusually large. {"history": "Interactive.76", "point": 11, "testname": "TRAN_VDD_PULSE", "cornername": "CMOS_RES_CAP_TEMP_9"}
[2026-05-26 08:13:30.364 Z] [WARN] [cadence.virtuoso.ade.simulationMonitor] -     WARNING (CMI-2424): I19.I0.C2: `Voffcv' = -867.4e-03 is unusually small. {"history": "Interactive.76", "point": 11, "testname": "TRAN_VDD_PULSE", "cornername": "CMOS_RES_CAP_TEMP_9"}
[2026-05-26 08:13:30.364 Z] [WARN] [cadence.virtuoso.ade.simulationMonitor] -     WARNING (CMI-2425): I19.I0.C3: `Acde' = 2.393 is unusually large. {"history": "Interactive.76", "point": 11, "testname": "TRAN_VDD_PULSE", "cornername": "CMOS_RES_CAP_TEMP_9"}
[2026-05-26 08:13:30.364 Z] [WARN] [cadence.virtuoso.ade.simulationMonitor] -     WARNING (CMI-2425): I19.I0.C3: `Noff' = 4.732 is unusually large. {"history": "Interactive.76", "point": 11, "testname": "TRAN_VDD_PULSE", "cornername": "CMOS_RES_CAP_TEMP_9"}
[2026-05-26 08:13:30.364 Z] [WARN] [cadence.virtuoso.ade.simulationMonitor] -     WARNING (CMI-2424): I19.I0.C3: `Voffcv' = -867.4e-03 is unusually small. {"history": "Interactive.76", "point": 11, "testname": "TRAN_VDD_PULSE", "cornername": "CMOS_RES_CAP_TEMP_9"}
[2026-05-26 08:13:30.364 Z] [WARN] [cadence.virtuoso.ade.simulationMonitor] -     WARNING (CMI-2425): I19.I0.C0: `Acde' = 2.393 is unusually large.
        Further occurrences of this warning will be suppressed. {"history": "Interactive.76", "point": 11, "testname": "TRAN_VDD_PULSE", "cornername": "CMOS_RES_CAP_TEMP_9"}
[2026-05-26 08:13:30.364 Z] [WARN] [cadence.virtuoso.ade.simulationMonitor] -     WARNING (CMI-2424): I19.I0.C0: `Voffcv' = -867.4e-03 is unusually small. {"history": "Interactive.76", "point": 11, "testname": "TRAN_VDD_PULSE", "cornername": "CMOS_RES_CAP_TEMP_9"}
[2026-05-26 08:13:30.364 Z] [WARN] [cadence.virtuoso.ade.simulationMonitor] -     WARNING (CMI-2424): I19.I0.I3.C1: `Voffcv' = -867.4e-03 is unusually small. {"history": "Interactive.76", "point": 11, "testname": "TRAN_VDD_PULSE", "cornername": "CMOS_RES_CAP_TEMP_9"}
[2026-05-26 08:13:30.364 Z] [WARN] [cadence.virtuoso.ade.simulationMonitor] -     WARNING (CMI-2424): I19.I0.C1<0>_turbo_m5: `Voffcv' = -867.4e-03 is unusually small.
        Further occurrences of this warning will be suppressed. {"history": "Interactive.76", "point": 11, "testname": "TRAN_VDD_PULSE", "cornername": "CMOS_RES_CAP_TEMP_9"}
[2026-05-26 08:13:30.864 Z] [WARN] [cadence.virtuoso.ade.simulationMonitor] -     WARNING (SPECTRE-17607): Assert `SOAC_rpolyh_vminuspsub' is ignored because it contains an expression which is invalid or not supported by native evaluator.  {"history": "Interactive.76", "point": 11, "testname": "TRAN_VDD_PULSE", "cornername": "CMOS_RES_CAP_TEMP_9"}
[2026-05-26 08:13:30.865 Z] [WARN] [cadence.virtuoso.ade.simulationMonitor] -     WARNING (SPECTRE-17607): Assert `SOAC_rpolyh_vpluspsub' is ignored because it contains an expression which is invalid or not supported by native evaluator.  {"history": "Interactive.76", "point": 11, "testname": "TRAN_VDD_PULSE", "cornername": "CMOS_RES_CAP_TEMP_9"}
[2026-05-26 08:13:30.865 Z] [WARN] [cadence.virtuoso.ade.simulationMonitor] -     WARNING (SPECTRE-16460): SOAC_cvarm_vspsub:Specified subcircuit master `cvarm' was not found. {"history": "Interactive.76", "point": 11, "testname": "TRAN_VDD_PULSE", "cornername": "CMOS_RES_CAP_TEMP_9"}
[2026-05-26 08:13:30.865 Z] [WARN] [cadence.virtuoso.ade.simulationMonitor] -     WARNING (SPECTRE-16462): SOAC_cvarm_vspsub:Error in specification of subcircuit master. Assert is ignored. {"history": "Interactive.76", "point": 11, "testname": "TRAN_VDD_PULSE", "cornername": "CMOS_RES_CAP_TEMP_9"}
[2026-05-26 08:13:30.865 Z] [WARN] [cadence.virtuoso.ade.simulationMonitor] -     WARNING (SPECTRE-16460): SOAC_cvarm_vbs:Specified subcircuit master `cvarm' was not found. {"history": "Interactive.76", "point": 11, "testname": "TRAN_VDD_PULSE", "cornername": "CMOS_RES_CAP_TEMP_9"}
[2026-05-26 08:13:30.865 Z] [WARN] [cadence.virtuoso.ade.simulationMonitor] -     WARNING (SPECTRE-16462): SOAC_cvarm_vbs:Error in specification of subcircuit master. Assert is ignored. {"history": "Interactive.76", "point": 11, "testname": "TRAN_VDD_PULSE", "cornername": "CMOS_RES_CAP_TEMP_9"}
[2026-05-26 08:13:30.865 Z] [WARN] [cadence.virtuoso.ade.simulationMonitor] -     WARNING (SPECTRE-16460): SOAC_cvarm_vgb:Specified subcircuit master `cvarm' was not found. {"history": "Interactive.76", "point": 11, "testname": "TRAN_VDD_PULSE", "cornername": "CMOS_RES_CAP_TEMP_9"}
[2026-05-26 08:13:30.865 Z] [WARN] [cadence.virtuoso.ade.simulationMonitor] -     WARNING (SPECTRE-16462): SOAC_cvarm_vgb:Error in specification of subcircuit master. Assert is ignored. {"history": "Interactive.76", "point": 11, "testname": "TRAN_VDD_PULSE", "cornername": "CMOS_RES_CAP_TEMP_9"}
[2026-05-26 08:13:30.865 Z] [WARN] [cadence.virtuoso.ade.simulationMonitor] -     WARNING (SPECTRE-16460): SOAC_cvart_vspsub:Specified subcircuit master `cvart' was not found. {"history": "Interactive.76", "point": 11, "testname": "TRAN_VDD_PULSE", "cornername": "CMOS_RES_CAP_TEMP_9"}
[2026-05-26 08:13:30.865 Z] [WARN] [cadence.virtuoso.ade.simulationMonitor] -     WARNING (SPECTRE-16462): SOAC_cvart_vspsub:Error in specification of subcircuit master. Assert is ignored. {"history": "Interactive.76", "point": 11, "testname": "TRAN_VDD_PULSE", "cornername": "CMOS_RES_CAP_TEMP_9"}
[2026-05-26 08:13:30.866 Z] [WARN] [cadence.virtuoso.ade.simulationMonitor] -     WARNING (SPECTRE-16460): SOAC_cvart_vbs:Specified subcircuit master `cvart' was not found.
        Further occurrences of this warning will be suppressed. {"history": "Interactive.76", "point": 11, "testname": "TRAN_VDD_PULSE", "cornername": "CMOS_RES_CAP_TEMP_9"}
[2026-05-26 08:13:30.866 Z] [WARN] [cadence.virtuoso.ade.simulationMonitor] -     WARNING (SPECTRE-16462): SOAC_cvart_vbs:Error in specification of subcircuit master. Assert is ignored.
        Further occurrences of this warning will be suppressed. {"history": "Interactive.76", "point": 11, "testname": "TRAN_VDD_PULSE", "cornername": "CMOS_RES_CAP_TEMP_9"}
[2026-05-26 08:13:30.866 Z] [WARN] [cadence.virtuoso.ade.simulationMonitor] -     WARNING (SPECTRE-17607): Assert `SOAC_cvar_vspsub' is ignored because it contains an expression which is invalid or not supported by native evaluator.  {"history": "Interactive.76", "point": 11, "testname": "TRAN_VDD_PULSE", "cornername": "CMOS_RES_CAP_TEMP_9"}
[2026-05-26 08:13:30.866 Z] [WARN] [cadence.virtuoso.ade.simulationMonitor] -     WARNING (SPECTRE-17607): Assert `SOAC_cvar_vbpsub' is ignored because it contains an expression which is invalid or not supported by native evaluator.  {"history": "Interactive.76", "point": 11, "testname": "TRAN_VDD_PULSE", "cornername": "CMOS_RES_CAP_TEMP_9"}
[2026-05-26 08:13:30.866 Z] [WARN] [cadence.virtuoso.ade.simulationMonitor] -     WARNING (SPECTRE-17607): Assert `SOAC_cvar_vgpsub' is ignored because it contains an expression which is invalid or not supported by native evaluator. 
        Further occurrences of this warning will be suppressed. {"history": "Interactive.76", "point": 11, "testname": "TRAN_VDD_PULSE", "cornername": "CMOS_RES_CAP_TEMP_9"}
[2026-05-26 08:13:30.866 Z] [INFO] [cadence.virtuoso.ade.simulationMonitor] - Notice from spectre during topology check.
    No DC path from node `net19' to ground, Gmin installed to provide path. {"history": "Interactive.76", "point": 11, "testname": "TRAN_VDD_PULSE", "cornername": "CMOS_RES_CAP_TEMP_9"}
[2026-05-26 08:13:30.866 Z] [INFO] [cadence.virtuoso.ade.simulationMonitor] - Notice from spectre during initial setup.
    Multithreading is disabled due to the size of the design being too small. {"history": "Interactive.76", "point": 11, "testname": "TRAN_VDD_PULSE", "cornername": "CMOS_RES_CAP_TEMP_9"}
[2026-05-26 08:13:30.866 Z] [WARN] [cadence.virtuoso.ade.simulationMonitor] -     WARNING (SPECTRE-592): Following parameters are disabled because they are ignored or redefined in Spectre X:
        Option Parameters:
          reltol
        
         {"history": "Interactive.76", "point": 11, "testname": "TRAN_VDD_PULSE", "cornername": "CMOS_RES_CAP_TEMP_9"}
[2026-05-26 08:13:30.866 Z] [INFO] [cadence.virtuoso.ade.simulationMonitor] -               nodes 784 {"history": "Interactive.76", "point": 11, "testname": "TRAN_VDD_PULSE", "cornername": "CMOS_RES_CAP_TEMP_9"}
[2026-05-26 08:13:30.866 Z] [INFO] [cadence.virtuoso.ade.simulationMonitor] - Notice from spectre during initial setup.
    4 vsources are shorted because their absolute value is less than or equal to 'vabsshort'.
    Spectre X preset=vx enabled.
    18 notices suppressed.
    154 warnings suppressed. {"history": "Interactive.76", "point": 11, "testname": "TRAN_VDD_PULSE", "cornername": "CMOS_RES_CAP_TEMP_9"}
[2026-05-26 08:13:30.866 Z] [INFO] [cadence.virtuoso.ade.simulationMonitor] - Peak resident memory used = 215 Mbytes. {"history": "Interactive.76", "point": 11, "testname": "TRAN_VDD_PULSE", "cornername": "CMOS_RES_CAP_TEMP_9"}
[2026-05-26 08:13:30.866 Z] [INFO] [cadence.virtuoso.ade.simulationMonitor] -    -   (Spectre X) Multi-threading. The recommended number of threads is 1, consider adding +mt=1 on command line. {"history": "Interactive.76", "point": 11, "testname": "TRAN_VDD_PULSE", "cornername": "CMOS_RES_CAP_TEMP_9"}
[2026-05-26 08:13:30.867 Z] [INFO] [cadence.virtuoso.ade.simulationMonitor] - Notice from spectre during DC analysis `dcOp'.
    No checklimit analysis defined for asserts. A default checklimit analysis 'SpectreChecklimitAnal' has been created with all asserts enabled. {"history": "Interactive.76", "point": 11, "testname": "TRAN_VDD_PULSE", "cornername": "CMOS_RES_CAP_TEMP_9"}
[2026-05-26 08:13:30.867 Z] [INFO] [cadence.virtuoso.ade.simulationMonitor] - Notice from spectre during DC analysis `dcOp'.
    GminDC = 1 pS is large enough to noticeably affect the DC solution.
        dV(I19.I2.C1.s1) = 912.01 uV
        Use the `gmin_check' option to eliminate or expand this report. {"history": "Interactive.76", "point": 11, "testname": "TRAN_VDD_PULSE", "cornername": "CMOS_RES_CAP_TEMP_9"}
[2026-05-26 08:13:30.867 Z] [WARN] [cadence.virtuoso.ade.simulationMonitor] -     WARNING (CMI-2943): Parameter checks have been ignored because the valid value for parameter 'trise' could not be found in 'C0'. {"history": "Interactive.76", "point": 11, "testname": "TRAN_VDD_PULSE", "cornername": "CMOS_RES_CAP_TEMP_9"}
[2026-05-26 08:13:30.867 Z] [WARN] [cadence.virtuoso.ade.simulationMonitor] -     WARNING (CMI-2943): Parameter checks have been ignored because the valid value for parameter 'trise' could not be found in 'C3'. {"history": "Interactive.76", "point": 11, "testname": "TRAN_VDD_PULSE", "cornername": "CMOS_RES_CAP_TEMP_9"}
[2026-05-26 08:13:30.867 Z] [WARN] [cadence.virtuoso.ade.simulationMonitor] -     WARNING (CMI-2943): Parameter checks have been ignored because the valid value for parameter 'trise' could not be found in 'C4'. {"history": "Interactive.76", "point": 11, "testname": "TRAN_VDD_PULSE", "cornername": "CMOS_RES_CAP_TEMP_9"}
[2026-05-26 08:13:30.867 Z] [WARN] [cadence.virtuoso.ade.simulationMonitor] -     WARNING (CMI-2943): Parameter checks have been ignored because the valid value for parameter 'trise' could not be found in 'C5'. {"history": "Interactive.76", "point": 11, "testname": "TRAN_VDD_PULSE", "cornername": "CMOS_RES_CAP_TEMP_9"}
[2026-05-26 08:13:30.867 Z] [WARN] [cadence.virtuoso.ade.simulationMonitor] -     WARNING (CMI-2943): Parameter checks have been ignored because the valid value for parameter 'trise' could not be found in 'I19.I4.C9<0>_turbo_m6.C1'.
        Further occurrences of this warning will be suppressed. {"history": "Interactive.76", "point": 11, "testname": "TRAN_VDD_PULSE", "cornername": "CMOS_RES_CAP_TEMP_9"}
[2026-05-26 08:13:30.867 Z] [INFO] [cadence.virtuoso.ade.simulationMonitor] - Total time required for dc analysis `dcOp': CPU = 50.624 ms, elapsed = 69.0272 ms, util. = 73.3%. {"history": "Interactive.76", "point": 11, "testname": "TRAN_VDD_PULSE", "cornername": "CMOS_RES_CAP_TEMP_9"}
[2026-05-26 08:13:30.867 Z] [INFO] [cadence.virtuoso.ade.simulationMonitor] - Peak resident memory used = 225 Mbytes. {"history": "Interactive.76", "point": 11, "testname": "TRAN_VDD_PULSE", "cornername": "CMOS_RES_CAP_TEMP_9"}
[2026-05-26 08:13:30.867 Z] [INFO] [cadence.virtuoso.ade.simulationMonitor] - Notice from spectre.
    308 warnings suppressed. {"history": "Interactive.76", "point": 11, "testname": "TRAN_VDD_PULSE", "cornername": "CMOS_RES_CAP_TEMP_9"}
[2026-05-26 08:13:30.867 Z] [INFO] [cadence.virtuoso.ade.simulationMonitor] - Notice from spectre during IC analysis, during transient analysis `tran'.
    GminDC = 1 pS is large enough to noticeably affect the DC solution.
        dV(I19.I2.C1.s1) = 912.01 uV
        Use the `gmin_check' option to eliminate or expand this report. {"history": "Interactive.76", "point": 11, "testname": "TRAN_VDD_PULSE", "cornername": "CMOS_RES_CAP_TEMP_9"}
[2026-05-26 08:13:30.867 Z] [WARN] [cadence.virtuoso.ade.simulationMonitor] -     WARNING (CMI-2943): Parameter checks have been ignored because the valid value for parameter 'trise' could not be found in 'C0'. {"history": "Interactive.76", "point": 11, "testname": "TRAN_VDD_PULSE", "cornername": "CMOS_RES_CAP_TEMP_9"}
[2026-05-26 08:13:30.867 Z] [WARN] [cadence.virtuoso.ade.simulationMonitor] -     WARNING (CMI-2943): Parameter checks have been ignored because the valid value for parameter 'trise' could not be found in 'C3'. {"history": "Interactive.76", "point": 11, "testname": "TRAN_VDD_PULSE", "cornername": "CMOS_RES_CAP_TEMP_9"}
[2026-05-26 08:13:30.867 Z] [WARN] [cadence.virtuoso.ade.simulationMonitor] -     WARNING (CMI-2943): Parameter checks have been ignored because the valid value for parameter 'trise' could not be found in 'C4'. {"history": "Interactive.76", "point": 11, "testname": "TRAN_VDD_PULSE", "cornername": "CMOS_RES_CAP_TEMP_9"}
[2026-05-26 08:13:30.868 Z] [WARN] [cadence.virtuoso.ade.simulationMonitor] -     WARNING (CMI-2943): Parameter checks have been ignored because the valid value for parameter 'trise' could not be found in 'C5'. {"history": "Interactive.76", "point": 11, "testname": "TRAN_VDD_PULSE", "cornername": "CMOS_RES_CAP_TEMP_9"}
[2026-05-26 08:13:30.868 Z] [WARN] [cadence.virtuoso.ade.simulationMonitor] -     WARNING (CMI-2943): Parameter checks have been ignored because the valid value for parameter 'trise' could not be found in 'I19.I4.C9<0>_turbo_m6.C1'.
        Further occurrences of this warning will be suppressed. {"history": "Interactive.76", "point": 11, "testname": "TRAN_VDD_PULSE", "cornername": "CMOS_RES_CAP_TEMP_9"}
[2026-05-26 08:13:30.868 Z] [INFO] [cadence.virtuoso.ade.simulationMonitor] - Notice from spectre during transient analysis `tran'.
    Output compression for transient analysis is enabled. {"history": "Interactive.76", "point": 11, "testname": "TRAN_VDD_PULSE", "cornername": "CMOS_RES_CAP_TEMP_9"}
[2026-05-26 08:13:30.868 Z] [INFO] [cadence.virtuoso.ade.simulationMonitor] - Notice from spectre during transient analysis `tran'.
    Multithreading is disabled due to the size of the design being too small. {"history": "Interactive.76", "point": 11, "testname": "TRAN_VDD_PULSE", "cornername": "CMOS_RES_CAP_TEMP_9"}
[2026-05-26 08:14:33.383 Z] [INFO] [cadence.virtuoso.ade.simulationMonitor] - Total time required for tran analysis `tran': CPU = 61.7962 s (1m  1.8s), elapsed = 62.0686 s (1m  2.1s), util. = 99.6%. {"history": "Interactive.76", "point": 11, "testname": "TRAN_VDD_PULSE", "cornername": "CMOS_RES_CAP_TEMP_9"}
[2026-05-26 08:14:33.384 Z] [INFO] [cadence.virtuoso.ade.simulationMonitor] - Peak resident memory used = 231 Mbytes. {"history": "Interactive.76", "point": 11, "testname": "TRAN_VDD_PULSE", "cornername": "CMOS_RES_CAP_TEMP_9"}
[2026-05-26 08:14:33.384 Z] [INFO] [cadence.virtuoso.ade.simulationMonitor] - Notice from spectre.
    308 warnings suppressed. {"history": "Interactive.76", "point": 11, "testname": "TRAN_VDD_PULSE", "cornername": "CMOS_RES_CAP_TEMP_9"}
[2026-05-26 08:14:33.384 Z] [WARN] [cadence.virtuoso.ade.simulationMonitor] -     WARNING (CMI-2425): I19.I2.C1: `Acde' = 2.393 is unusually large. {"history": "Interactive.76", "point": 11, "testname": "TRAN_VDD_PULSE", "cornername": "CMOS_RES_CAP_TEMP_9"}
[2026-05-26 08:14:33.384 Z] [WARN] [cadence.virtuoso.ade.simulationMonitor] -     WARNING (CMI-2425): I19.I2.C1: `Noff' = 4.732 is unusually large. {"history": "Interactive.76", "point": 11, "testname": "TRAN_VDD_PULSE", "cornername": "CMOS_RES_CAP_TEMP_9"}
[2026-05-26 08:14:33.384 Z] [WARN] [cadence.virtuoso.ade.simulationMonitor] -     WARNING (CMI-2424): I19.I2.C1: `Voffcv' = -867.4e-03 is unusually small. {"history": "Interactive.76", "point": 11, "testname": "TRAN_VDD_PULSE", "cornername": "CMOS_RES_CAP_TEMP_9"}
[2026-05-26 08:14:33.384 Z] [WARN] [cadence.virtuoso.ade.simulationMonitor] -     WARNING (CMI-2425): I19.I8.C0: `Acde' = 2.393 is unusually large. {"history": "Interactive.76", "point": 11, "testname": "TRAN_VDD_PULSE", "cornername": "CMOS_RES_CAP_TEMP_9"}
[2026-05-26 08:14:33.384 Z] [WARN] [cadence.virtuoso.ade.simulationMonitor] -     WARNING (CMI-2425): I19.I8.C0: `Noff' = 4.732 is unusually large. {"history": "Interactive.76", "point": 11, "testname": "TRAN_VDD_PULSE", "cornername": "CMOS_RES_CAP_TEMP_9"}
[2026-05-26 08:14:33.384 Z] [WARN] [cadence.virtuoso.ade.simulationMonitor] -     WARNING (CMI-2424): I19.I8.C0: `Voffcv' = -867.4e-03 is unusually small. {"history": "Interactive.76", "point": 11, "testname": "TRAN_VDD_PULSE", "cornername": "CMOS_RES_CAP_TEMP_9"}
[2026-05-26 08:14:33.384 Z] [WARN] [cadence.virtuoso.ade.simulationMonitor] -     WARNING (CMI-2425): I19.I8.C1: `Acde' = 2.393 is unusually large.
        Further occurrences of this warning will be suppressed. {"history": "Interactive.76", "point": 11, "testname": "TRAN_VDD_PULSE", "cornername": "CMOS_RES_CAP_TEMP_9"}
[2026-05-26 08:14:33.384 Z] [WARN] [cadence.virtuoso.ade.simulationMonitor] -     WARNING (CMI-2424): I19.I8.C1: `Voffcv' = -867.4e-03 is unusually small. {"history": "Interactive.76", "point": 11, "testname": "TRAN_VDD_PULSE", "cornername": "CMOS_RES_CAP_TEMP_9"}
[2026-05-26 08:14:33.384 Z] [WARN] [cadence.virtuoso.ade.simulationMonitor] -     WARNING (CMI-2424): I19.I14.C1: `Voffcv' = -867.4e-03 is unusually small. {"history": "Interactive.76", "point": 11, "testname": "TRAN_VDD_PULSE", "cornername": "CMOS_RES_CAP_TEMP_9"}
[2026-05-26 08:14:33.384 Z] [WARN] [cadence.virtuoso.ade.simulationMonitor] -     WARNING (CMI-2424): I19.I14.C4: `Voffcv' = -867.4e-03 is unusually small.
        Further occurrences of this warning will be suppressed. {"history": "Interactive.76", "point": 11, "testname": "TRAN_VDD_PULSE", "cornername": "CMOS_RES_CAP_TEMP_9"}
[2026-05-26 08:14:33.384 Z] [INFO] [cadence.virtuoso.ade.simulationMonitor] - Notice from spectre.
    56 warnings suppressed. {"history": "Interactive.76", "point": 11, "testname": "TRAN_VDD_PULSE", "cornername": "CMOS_RES_CAP_TEMP_9"}
[2026-05-26 08:14:33.384 Z] [WARN] [cadence.virtuoso.ade.simulationMonitor] -     WARNING (CMI-2425): I19.I2.C1: `Acde' = 2.393 is unusually large. {"history": "Interactive.76", "point": 11, "testname": "TRAN_VDD_PULSE", "cornername": "CMOS_RES_CAP_TEMP_9"}
[2026-05-26 08:14:33.384 Z] [WARN] [cadence.virtuoso.ade.simulationMonitor] -     WARNING (CMI-2425): I19.I2.C1: `Noff' = 4.732 is unusually large. {"history": "Interactive.76", "point": 11, "testname": "TRAN_VDD_PULSE", "cornername": "CMOS_RES_CAP_TEMP_9"}
[2026-05-26 08:14:33.384 Z] [WARN] [cadence.virtuoso.ade.simulationMonitor] -     WARNING (CMI-2424): I19.I2.C1: `Voffcv' = -867.4e-03 is unusually small. {"history": "Interactive.76", "point": 11, "testname": "TRAN_VDD_PULSE", "cornername": "CMOS_RES_CAP_TEMP_9"}
[2026-05-26 08:14:33.384 Z] [WARN] [cadence.virtuoso.ade.simulationMonitor] -     WARNING (CMI-2425): I19.I8.C0: `Acde' = 2.393 is unusually large. {"history": "Interactive.76", "point": 11, "testname": "TRAN_VDD_PULSE", "cornername": "CMOS_RES_CAP_TEMP_9"}
[2026-05-26 08:14:33.384 Z] [WARN] [cadence.virtuoso.ade.simulationMonitor] -     WARNING (CMI-2425): I19.I8.C0: `Noff' = 4.732 is unusually large. {"history": "Interactive.76", "point": 11, "testname": "TRAN_VDD_PULSE", "cornername": "CMOS_RES_CAP_TEMP_9"}
[2026-05-26 08:14:33.385 Z] [WARN] [cadence.virtuoso.ade.simulationMonitor] -     WARNING (CMI-2424): I19.I8.C0: `Voffcv' = -867.4e-03 is unusually small. {"history": "Interactive.76", "point": 11, "testname": "TRAN_VDD_PULSE", "cornername": "CMOS_RES_CAP_TEMP_9"}
[2026-05-26 08:14:33.385 Z] [WARN] [cadence.virtuoso.ade.simulationMonitor] -     WARNING (CMI-2425): I19.I8.C1: `Acde' = 2.393 is unusually large.
        Further occurrences of this warning will be suppressed. {"history": "Interactive.76", "point": 11, "testname": "TRAN_VDD_PULSE", "cornername": "CMOS_RES_CAP_TEMP_9"}
[2026-05-26 08:14:33.385 Z] [WARN] [cadence.virtuoso.ade.simulationMonitor] -     WARNING (CMI-2424): I19.I8.C1: `Voffcv' = -867.4e-03 is unusually small. {"history": "Interactive.76", "point": 11, "testname": "TRAN_VDD_PULSE", "cornername": "CMOS_RES_CAP_TEMP_9"}
[2026-05-26 08:14:33.385 Z] [WARN] [cadence.virtuoso.ade.simulationMonitor] -     WARNING (CMI-2424): I19.I14.C1: `Voffcv' = -867.4e-03 is unusually small. {"history": "Interactive.76", "point": 11, "testname": "TRAN_VDD_PULSE", "cornername": "CMOS_RES_CAP_TEMP_9"}
[2026-05-26 08:14:33.385 Z] [WARN] [cadence.virtuoso.ade.simulationMonitor] -     WARNING (CMI-2424): I19.I14.C4: `Voffcv' = -867.4e-03 is unusually small.
        Further occurrences of this warning will be suppressed. {"history": "Interactive.76", "point": 11, "testname": "TRAN_VDD_PULSE", "cornername": "CMOS_RES_CAP_TEMP_9"}
[2026-05-26 08:14:33.385 Z] [INFO] [cadence.virtuoso.ade.simulationMonitor] - Notice from spectre.
    59 warnings suppressed. {"history": "Interactive.76", "point": 11, "testname": "TRAN_VDD_PULSE", "cornername": "CMOS_RES_CAP_TEMP_9"}
[2026-05-26 08:14:33.385 Z] [WARN] [cadence.virtuoso.ade.simulationMonitor] -     WARNING (CMI-2425): I19.I2.C1: `Acde' = 2.393 is unusually large. {"history": "Interactive.76", "point": 11, "testname": "TRAN_VDD_PULSE", "cornername": "CMOS_RES_CAP_TEMP_9"}
[2026-05-26 08:14:33.385 Z] [WARN] [cadence.virtuoso.ade.simulationMonitor] -     WARNING (CMI-2425): I19.I2.C1: `Noff' = 4.732 is unusually large. {"history": "Interactive.76", "point": 11, "testname": "TRAN_VDD_PULSE", "cornername": "CMOS_RES_CAP_TEMP_9"}
[2026-05-26 08:14:33.385 Z] [WARN] [cadence.virtuoso.ade.simulationMonitor] -     WARNING (CMI-2424): I19.I2.C1: `Voffcv' = -867.4e-03 is unusually small. {"history": "Interactive.76", "point": 11, "testname": "TRAN_VDD_PULSE", "cornername": "CMOS_RES_CAP_TEMP_9"}
[2026-05-26 08:14:33.385 Z] [WARN] [cadence.virtuoso.ade.simulationMonitor] -     WARNING (CMI-2425): I19.I8.C0: `Acde' = 2.393 is unusually large. {"history": "Interactive.76", "point": 11, "testname": "TRAN_VDD_PULSE", "cornername": "CMOS_RES_CAP_TEMP_9"}
[2026-05-26 08:14:33.385 Z] [WARN] [cadence.virtuoso.ade.simulationMonitor] -     WARNING (CMI-2425): I19.I8.C0: `Noff' = 4.732 is unusually large. {"history": "Interactive.76", "point": 11, "testname": "TRAN_VDD_PULSE", "cornername": "CMOS_RES_CAP_TEMP_9"}
[2026-05-26 08:14:33.385 Z] [WARN] [cadence.virtuoso.ade.simulationMonitor] -     WARNING (CMI-2424): I19.I8.C0: `Voffcv' = -867.4e-03 is unusually small. {"history": "Interactive.76", "point": 11, "testname": "TRAN_VDD_PULSE", "cornername": "CMOS_RES_CAP_TEMP_9"}
[2026-05-26 08:14:33.385 Z] [WARN] [cadence.virtuoso.ade.simulationMonitor] -     WARNING (CMI-2425): I19.I8.C1: `Acde' = 2.393 is unusually large.
        Further occurrences of this warning will be suppressed. {"history": "Interactive.76", "point": 11, "testname": "TRAN_VDD_PULSE", "cornername": "CMOS_RES_CAP_TEMP_9"}
[2026-05-26 08:14:33.385 Z] [WARN] [cadence.virtuoso.ade.simulationMonitor] -     WARNING (CMI-2424): I19.I8.C1: `Voffcv' = -867.4e-03 is unusually small. {"history": "Interactive.76", "point": 11, "testname": "TRAN_VDD_PULSE", "cornername": "CMOS_RES_CAP_TEMP_9"}
[2026-05-26 08:14:33.385 Z] [WARN] [cadence.virtuoso.ade.simulationMonitor] -     WARNING (CMI-2424): I19.I14.C1: `Voffcv' = -867.4e-03 is unusually small. {"history": "Interactive.76", "point": 11, "testname": "TRAN_VDD_PULSE", "cornername": "CMOS_RES_CAP_TEMP_9"}
[2026-05-26 08:14:33.385 Z] [WARN] [cadence.virtuoso.ade.simulationMonitor] -     WARNING (CMI-2424): I19.I14.C4: `Voffcv' = -867.4e-03 is unusually small.
        Further occurrences of this warning will be suppressed. {"history": "Interactive.76", "point": 11, "testname": "TRAN_VDD_PULSE", "cornername": "CMOS_RES_CAP_TEMP_9"}
[2026-05-26 08:14:33.385 Z] [INFO] [cadence.virtuoso.ade.simulationMonitor] - Notice from spectre.
    56 warnings suppressed. {"history": "Interactive.76", "point": 11, "testname": "TRAN_VDD_PULSE", "cornername": "CMOS_RES_CAP_TEMP_9"}
[2026-05-26 08:14:33.386 Z] [WARN] [cadence.virtuoso.ade.simulationMonitor] -     WARNING (CMI-2425): I19.I2.C1: `Acde' = 2.393 is unusually large. {"history": "Interactive.76", "point": 11, "testname": "TRAN_VDD_PULSE", "cornername": "CMOS_RES_CAP_TEMP_9"}
[2026-05-26 08:14:33.386 Z] [WARN] [cadence.virtuoso.ade.simulationMonitor] -     WARNING (CMI-2425): I19.I2.C1: `Noff' = 4.732 is unusually large. {"history": "Interactive.76", "point": 11, "testname": "TRAN_VDD_PULSE", "cornername": "CMOS_RES_CAP_TEMP_9"}
[2026-05-26 08:14:33.386 Z] [WARN] [cadence.virtuoso.ade.simulationMonitor] -     WARNING (CMI-2424): I19.I2.C1: `Voffcv' = -867.4e-03 is unusually small. {"history": "Interactive.76", "point": 11, "testname": "TRAN_VDD_PULSE", "cornername": "CMOS_RES_CAP_TEMP_9"}
[2026-05-26 08:14:33.386 Z] [WARN] [cadence.virtuoso.ade.simulationMonitor] -     WARNING (CMI-2425): I19.I8.C0: `Acde' = 2.393 is unusually large. {"history": "Interactive.76", "point": 11, "testname": "TRAN_VDD_PULSE", "cornername": "CMOS_RES_CAP_TEMP_9"}
[2026-05-26 08:14:33.386 Z] [WARN] [cadence.virtuoso.ade.simulationMonitor] -     WARNING (CMI-2425): I19.I8.C0: `Noff' = 4.732 is unusually large. {"history": "Interactive.76", "point": 11, "testname": "TRAN_VDD_PULSE", "cornername": "CMOS_RES_CAP_TEMP_9"}
[2026-05-26 08:14:33.386 Z] [WARN] [cadence.virtuoso.ade.simulationMonitor] -     WARNING (CMI-2424): I19.I8.C0: `Voffcv' = -867.4e-03 is unusually small. {"history": "Interactive.76", "point": 11, "testname": "TRAN_VDD_PULSE", "cornername": "CMOS_RES_CAP_TEMP_9"}
[2026-05-26 08:14:33.386 Z] [WARN] [cadence.virtuoso.ade.simulationMonitor] -     WARNING (CMI-2425): I19.I8.C1: `Acde' = 2.393 is unusually large.
        Further occurrences of this warning will be suppressed. {"history": "Interactive.76", "point": 11, "testname": "TRAN_VDD_PULSE", "cornername": "CMOS_RES_CAP_TEMP_9"}
[2026-05-26 08:14:33.386 Z] [WARN] [cadence.virtuoso.ade.simulationMonitor] -     WARNING (CMI-2424): I19.I8.C1: `Voffcv' = -867.4e-03 is unusually small. {"history": "Interactive.76", "point": 11, "testname": "TRAN_VDD_PULSE", "cornername": "CMOS_RES_CAP_TEMP_9"}
[2026-05-26 08:14:33.386 Z] [WARN] [cadence.virtuoso.ade.simulationMonitor] -     WARNING (CMI-2424): I19.I14.C1: `Voffcv' = -867.4e-03 is unusually small. {"history": "Interactive.76", "point": 11, "testname": "TRAN_VDD_PULSE", "cornername": "CMOS_RES_CAP_TEMP_9"}
[2026-05-26 08:14:33.386 Z] [WARN] [cadence.virtuoso.ade.simulationMonitor] -     WARNING (CMI-2424): I19.I14.C4: `Voffcv' = -867.4e-03 is unusually small.
        Further occurrences of this warning will be suppressed. {"history": "Interactive.76", "point": 11, "testname": "TRAN_VDD_PULSE", "cornername": "CMOS_RES_CAP_TEMP_9"}
[2026-05-26 08:14:33.386 Z] [INFO] [cadence.virtuoso.ade.simulationMonitor] - Notice from spectre.
    56 warnings suppressed. {"history": "Interactive.76", "point": 11, "testname": "TRAN_VDD_PULSE", "cornername": "CMOS_RES_CAP_TEMP_9"}
[2026-05-26 08:14:33.386 Z] [INFO] [cadence.virtuoso.ade.simulationMonitor] - Time used: CPU = 62.3 s (1m  2.3s), elapsed = 62.9 s (1m  2.9s), util. = 99%. {"history": "Interactive.76", "point": 11, "testname": "TRAN_VDD_PULSE", "cornername": "CMOS_RES_CAP_TEMP_9"}
[2026-05-26 08:14:33.386 Z] [INFO] [cadence.virtuoso.ade.simulationMonitor] - Time spent in licensing: elapsed = 39.5 ms. {"history": "Interactive.76", "point": 11, "testname": "TRAN_VDD_PULSE", "cornername": "CMOS_RES_CAP_TEMP_9"}
[2026-05-26 08:14:33.386 Z] [INFO] [cadence.virtuoso.ade.simulationMonitor] - Peak memory used = 232 Mbytes. {"history": "Interactive.76", "point": 11, "testname": "TRAN_VDD_PULSE", "cornername": "CMOS_RES_CAP_TEMP_9"}
[2026-05-26 08:14:33.386 Z] [PROCESS] [cadence.virtuoso.ade.simulationMonitor] - Simulation started at: 8:13:29 AM, Tue May 26, 2026, ended at: 8:14:32 AM, Tue May 26, 2026, with elapsed time (wall clock): 62.9 s (1m  2.9s). {"history": "Interactive.76", "point": 11, "testname": "TRAN_VDD_PULSE", "cornername": "CMOS_RES_CAP_TEMP_9"}
[2026-05-26 08:14:33.386 Z] [PROCESS] [cadence.virtuoso.ade.simulationMonitor] - spectre completes with 0 errors, 97 warnings, and 33 notices. {"history": "Interactive.76", "point": 11, "testname": "TRAN_VDD_PULSE", "cornername": "CMOS_RES_CAP_TEMP_9"}
[2026-05-26 08:14:33.386 Z] [PROCESS] [cadence.virtuoso.ade.simulationMonitor] - Finished simulating for one point {"hostname": "edatools", "processid": 230256, "history": "Interactive.76", "testname": "TRAN_VDD_PULSE", "cornername": "CMOS_RES_CAP_TEMP_9", "point": 11, "logfile": "/home/saul/projects/IL2244_VT26_SAUL/logs_saul/logs0/Job41.log", "simid": "2"}
[2026-05-26 08:14:33.386 Z] [PROCESS] [cadence.virtuoso.ade.simulationMonitor] - Simulator exited {"hostname": "edatools", "processid": 230256, "history": "Interactive.76", "testname": "TRAN_VDD_PULSE", "cornername": "CMOS_RES_CAP_TEMP_9", "point": 11, "logfile": "/home/saul/projects/IL2244_VT26_SAUL/logs_saul/logs0/Job41.log", "exitStatus": "0"}
[2026-05-26 08:14:33.386 Z] [PROCESS] [cadence.virtuoso.ade.simulationMonitor] - Finished Simulation {"hostname": "edatools", "processid": 230256, "history": "Interactive.76", "testname": "TRAN_VDD_PULSE", "cornername": "CMOS_RES_CAP_TEMP_9", "point": 11, "logfile": "/home/saul/projects/IL2244_VT26_SAUL/logs_saul/logs0/Job41.log", "simid": "2"}
[2026-05-26 08:14:35.392 Z] [PROCESS] [cadence.virtuoso.ade.simulationMonitor] - Point Finished {"hostname": "edatools", "processid": 230256, "history": "Interactive.76", "testname": "TRAN_VDD_PULSE", "cornername": "CMOS_RES_CAP_TEMP_9", "point": 11, "logfile": "/home/saul/projects/IL2244_VT26_SAUL/logs_saul/logs0/Job41.log"}
[2026-05-26 08:14:35.393 Z] [PROCESS] [cadence.virtuoso.ade.simulationMonitor] - HostInfo:
Host name (type):	edatools (x86_64)
Operating system:	Linux 6.17.0-29-generic #29~24.04.1-Ubuntu SMP PREEMPT_DYNAMIC Mon May 11 10:30:58 UTC 2 {"hostname": "edatools", "processid": 230256, "history": "Interactive.76", "testname": "TRAN_VDD_PULSE", "cornername": "CMOS_RES_CAP_TEMP_9", "point": 11, "logfile": "/home/saul/projects/IL2244_VT26_SAUL/logs_saul/logs0/Job41.log", "nodename": "edatools", "domainname": "(none)", "machine": "x86_64", "sysname": "Linux", "release": "6.17.0-29-generic", "version": "#29~24.04.1-Ubuntu SMP PREEMPT_DYNAMIC Mon May 11 10:30:58 UTC 2"}
[2026-05-26 08:14:35.393 Z] [PROCESS] [cadence.virtuoso.ade.simulationMonitor] - UsageInfo:
pid=230256
totalPhysicalMemory=62.544987GB,Used=44.133556GB,totalVirtualMemory=70.544983GB,Used=44.133556GB
Cpu: Cores=16, Load average:6.630000,4.410000,3.880000 {"hostname": "edatools", "processid": 230256, "history": "Interactive.76", "testname": "TRAN_VDD_PULSE", "cornername": "CMOS_RES_CAP_TEMP_9", "point": 11, "logfile": "/home/saul/projects/IL2244_VT26_SAUL/logs_saul/logs0/Job41.log", "pid": "230256", "totalPhysicalMemory": "62.544987", "physicalMemoryUsed": "44.133556", "totalVirtualMemory": "70.544983", "virtualMemoryUsed": "44.133556", "cpuCores": "16", "processes": "1706", "loadAverage1": "6.630000", "loadAverage5": "4.410000", "loadAverage15": "3.880000", "loadAverage1Percent": "0.414375"}
[2026-05-26 08:14:35.393 Z] [EVENT] [cadence.virtuoso.ade.simulationMonitor] - NewPoint {"history": "Interactive.76", "point": 15, "testname": "TRAN_VDD_PULSE", "cornername": "CMOS_RES_CAP_TEMP_13", "event": "NewPoint", "EventSource": "Simulation Monitor", "HistoryName": "Interactive.76", "logFile": "/home/saul/projects/IL2244_VT26_SAUL/logs_saul/logs0/Job41.log", "logFileSize": "88379"}
[2026-05-26 08:14:35.494 Z] [EVENT] [cadence.virtuoso.ade.simulationMonitor] - NewPoint {"history": "Interactive.76", "point": 15, "testname": "TRAN_VDD_PULSE", "cornername": "CMOS_RES_CAP_TEMP_13", "event": "NewPoint", "EventSource": "spectre", "HistoryName": "Interactive.76", "logFile": "/home/saul/projects/IL2244_VT26_SAUL/Sim/FECG/fecg_front_end_tran_tb/maestro/results/maestro/Interactive.76/15/TRAN_VDD_PULSE/psf/spectre.out", "logFileSize": "-1"}
[2026-05-26 08:14:35.497 Z] [PROCESS] [cadence.virtuoso.ade.simulationMonitor] - Simulator launched {"hostname": "edatools", "processid": 230256, "history": "Interactive.76", "testname": "TRAN_VDD_PULSE", "cornername": "CMOS_RES_CAP_TEMP_13", "point": 15, "logfile": "/home/saul/projects/IL2244_VT26_SAUL/logs_saul/logs0/Job41.log", "simid": "3"}
[2026-05-26 08:14:35.510 Z] [PROCESS] [cadence.virtuoso.ade.simulationMonitor] - Started Simulation {"hostname": "edatools", "processid": 230256, "history": "Interactive.76", "testname": "TRAN_VDD_PULSE", "cornername": "CMOS_RES_CAP_TEMP_13", "point": 15, "logfile": "/home/saul/projects/IL2244_VT26_SAUL/logs_saul/logs0/Job41.log", "event": "started", "task": "simulation"}
[2026-05-26 08:14:36.010 Z] [INFO] [cadence.virtuoso.ade.simulationMonitor] - Notice from spectre during circuit read-in.
    Pre_Configuration file used: /opt/tools/cadence/installs/SPECTRE241/tools.lnx86/spectre/etc/configs/preset.precfg
    Configuration file used: `/opt/tools/cadence/installs/SPECTRE241/tools.lnx86/spectre/etc/configs/preset.cfg'. {"history": "Interactive.76", "point": 15, "testname": "TRAN_VDD_PULSE", "cornername": "CMOS_RES_CAP_TEMP_13"}
[2026-05-26 08:14:36.010 Z] [WARN] [cadence.virtuoso.ade.simulationMonitor] -     WARNING (SPECTRE-8360): line 1511: `ac' is an undefined primitive device. {"history": "Interactive.76", "point": 15, "testname": "TRAN_VDD_PULSE", "cornername": "CMOS_RES_CAP_TEMP_13"}
[2026-05-26 08:14:36.010 Z] [WARN] [cadence.virtuoso.ade.simulationMonitor] -     WARNING (SPECTRE-8360): line 1512: `ac' is an undefined primitive device. {"history": "Interactive.76", "point": 15, "testname": "TRAN_VDD_PULSE", "cornername": "CMOS_RES_CAP_TEMP_13"}
[2026-05-26 08:14:36.010 Z] [WARN] [cadence.virtuoso.ade.simulationMonitor] -     WARNING (SPECTRE-8360): line 1513: `ac' is an undefined primitive device. {"history": "Interactive.76", "point": 15, "testname": "TRAN_VDD_PULSE", "cornername": "CMOS_RES_CAP_TEMP_13"}
[2026-05-26 08:14:36.010 Z] [WARN] [cadence.virtuoso.ade.simulationMonitor] -     WARNING (SPECTRE-8360): line 1514: `ac' is an undefined primitive device. {"history": "Interactive.76", "point": 15, "testname": "TRAN_VDD_PULSE", "cornername": "CMOS_RES_CAP_TEMP_13"}
[2026-05-26 08:14:36.010 Z] [WARN] [cadence.virtuoso.ade.simulationMonitor] -     WARNING (SPECTRE-8360): line 1515: `ac' is an undefined primitive device.
        Further occurrences of this warning will be suppressed. {"history": "Interactive.76", "point": 15, "testname": "TRAN_VDD_PULSE", "cornername": "CMOS_RES_CAP_TEMP_13"}
[2026-05-26 08:14:36.011 Z] [INFO] [cadence.virtuoso.ade.simulationMonitor] - Peak resident memory used = 173 Mbytes. {"history": "Interactive.76", "point": 15, "testname": "TRAN_VDD_PULSE", "cornername": "CMOS_RES_CAP_TEMP_13"}
[2026-05-26 08:14:36.011 Z] [WARN] [cadence.virtuoso.ade.simulationMonitor] -     WARNING (VACOMP-2435): The environment variable CDS_AHDLCMI_ENABLE is no longer supported. Therefore, the simulator will use the default compiled C code flow. {"history": "Interactive.76", "point": 15, "testname": "TRAN_VDD_PULSE", "cornername": "CMOS_RES_CAP_TEMP_13"}
[2026-05-26 08:14:36.011 Z] [WARN] [cadence.virtuoso.ade.simulationMonitor] -     WARNING (SFE-3014): The floating device I19.I0.I5.MN14<0>_turbo_m4 is removed. {"history": "Interactive.76", "point": 15, "testname": "TRAN_VDD_PULSE", "cornername": "CMOS_RES_CAP_TEMP_13"}
[2026-05-26 08:14:36.011 Z] [WARN] [cadence.virtuoso.ade.simulationMonitor] -     WARNING (SFE-3012): The dummy device I19.I4.MP16<0>_turbo_m41 is removed. {"history": "Interactive.76", "point": 15, "testname": "TRAN_VDD_PULSE", "cornername": "CMOS_RES_CAP_TEMP_13"}
[2026-05-26 08:14:36.011 Z] [WARN] [cadence.virtuoso.ade.simulationMonitor] -     WARNING (SFE-3014): The floating device I19.I8.MN57<0>_turbo_m28 is removed. {"history": "Interactive.76", "point": 15, "testname": "TRAN_VDD_PULSE", "cornername": "CMOS_RES_CAP_TEMP_13"}
[2026-05-26 08:14:36.011 Z] [WARN] [cadence.virtuoso.ade.simulationMonitor] -     WARNING (SFE-3012): The dummy device I19.I14.MP13<0>_turbo_m4 is removed. {"history": "Interactive.76", "point": 15, "testname": "TRAN_VDD_PULSE", "cornername": "CMOS_RES_CAP_TEMP_13"}
[2026-05-26 08:14:36.011 Z] [WARN] [cadence.virtuoso.ade.simulationMonitor] -     WARNING (SFE-3031): The floating capacitor I19.I12.C10<0>_turbo_m12.C1 is removed. {"history": "Interactive.76", "point": 15, "testname": "TRAN_VDD_PULSE", "cornername": "CMOS_RES_CAP_TEMP_13"}
[2026-05-26 08:14:36.011 Z] [WARN] [cadence.virtuoso.ade.simulationMonitor] -     WARNING (SFE-3014): The floating device I19.I2.MN37<0>_turbo_m4 is removed. {"history": "Interactive.76", "point": 15, "testname": "TRAN_VDD_PULSE", "cornername": "CMOS_RES_CAP_TEMP_13"}
[2026-05-26 08:14:36.011 Z] [WARN] [cadence.virtuoso.ade.simulationMonitor] -     WARNING (SFE-3012): The dummy device I19.I0.I5.MP12<0>_turbo_m2 is removed. {"history": "Interactive.76", "point": 15, "testname": "TRAN_VDD_PULSE", "cornername": "CMOS_RES_CAP_TEMP_13"}
[2026-05-26 08:14:36.011 Z] [WARN] [cadence.virtuoso.ade.simulationMonitor] -     WARNING (SFE-3014): The floating device I19.I0.MN13<0>_turbo_m4 is removed. {"history": "Interactive.76", "point": 15, "testname": "TRAN_VDD_PULSE", "cornername": "CMOS_RES_CAP_TEMP_13"}
[2026-05-26 08:14:36.011 Z] [WARN] [cadence.virtuoso.ade.simulationMonitor] -     WARNING (SFE-3012): The dummy device I19.I0.I3.MP13<0>_turbo_m4 is removed. {"history": "Interactive.76", "point": 15, "testname": "TRAN_VDD_PULSE", "cornername": "CMOS_RES_CAP_TEMP_13"}
[2026-05-26 08:14:36.011 Z] [WARN] [cadence.virtuoso.ade.simulationMonitor] -     WARNING (SFE-3031): The floating capacitor I19.I12.C6<0>_turbo_m3.C1 is removed. {"history": "Interactive.76", "point": 15, "testname": "TRAN_VDD_PULSE", "cornername": "CMOS_RES_CAP_TEMP_13"}
[2026-05-26 08:14:36.011 Z] [WARN] [cadence.virtuoso.ade.simulationMonitor] -     WARNING (SFE-3012): The dummy device I19.I0.MP11<0>_turbo_m4 is removed.
        Further occurrences of this warning will be suppressed. {"history": "Interactive.76", "point": 15, "testname": "TRAN_VDD_PULSE", "cornername": "CMOS_RES_CAP_TEMP_13"}
[2026-05-26 08:14:36.011 Z] [WARN] [cadence.virtuoso.ade.simulationMonitor] -     WARNING (SFE-3031): The floating capacitor I19.I11.C7<0>_turbo_m3.C1 is removed. {"history": "Interactive.76", "point": 15, "testname": "TRAN_VDD_PULSE", "cornername": "CMOS_RES_CAP_TEMP_13"}
[2026-05-26 08:14:36.011 Z] [WARN] [cadence.virtuoso.ade.simulationMonitor] -     WARNING (SFE-3014): The floating device I19.I12.MN57<0>_turbo_m28 is removed.
        Further occurrences of this warning will be suppressed. {"history": "Interactive.76", "point": 15, "testname": "TRAN_VDD_PULSE", "cornername": "CMOS_RES_CAP_TEMP_13"}
[2026-05-26 08:14:36.012 Z] [WARN] [cadence.virtuoso.ade.simulationMonitor] -     WARNING (SFE-3031): The floating capacitor I19.I11.C10<0>_turbo_m12.C1 is removed. {"history": "Interactive.76", "point": 15, "testname": "TRAN_VDD_PULSE", "cornername": "CMOS_RES_CAP_TEMP_13"}
[2026-05-26 08:14:36.012 Z] [WARN] [cadence.virtuoso.ade.simulationMonitor] -     WARNING (SFE-3031): The floating capacitor I19.I12.C7<0>_turbo_m3.C1 is removed.
        Further occurrences of this warning will be suppressed. {"history": "Interactive.76", "point": 15, "testname": "TRAN_VDD_PULSE", "cornername": "CMOS_RES_CAP_TEMP_13"}
[2026-05-26 08:14:36.012 Z] [INFO] [cadence.virtuoso.ade.simulationMonitor] - Notice from spectre during hierarchy flattening.
    The value 'psf' specified for the 'checklimitdest' option will no longer be supported in future releases. Use 'spectre -h' to see other recommended values for the 'checklimitdest' option. {"history": "Interactive.76", "point": 15, "testname": "TRAN_VDD_PULSE", "cornername": "CMOS_RES_CAP_TEMP_13"}
[2026-05-26 08:14:36.012 Z] [INFO] [cadence.virtuoso.ade.simulationMonitor] - Peak resident memory used = 189 Mbytes. {"history": "Interactive.76", "point": 15, "testname": "TRAN_VDD_PULSE", "cornername": "CMOS_RES_CAP_TEMP_13"}
[2026-05-26 08:14:36.012 Z] [INFO] [cadence.virtuoso.ade.simulationMonitor] - Notice from spectre during hierarchy flattening.
    The value 'psf' specified for the 'checklimitdest' option will no longer be supported in future releases. Use 'spectre -h' to see other recommended values for the 'checklimitdest' option.
    I19.I0.R10.CS0 of rpolyhc: `c' has the unusually small value of 0 F.
    I19.I0.R10.CS1 of rpolyhc: `c' has the unusually small value of 0 F.
    I19.I0.R9.CS0 of rpolyhc: `c' has the unusually small value of 0 F.
    I19.I0.R9.CS1 of rpolyhc: `c' has the unusually ... {"history": "Interactive.76", "point": 15, "testname": "TRAN_VDD_PULSE", "cornername": "CMOS_RES_CAP_TEMP_13"}
[2026-05-26 08:14:36.012 Z] [INFO] [cadence.virtuoso.ade.simulationMonitor] - Notice from spectre during hierarchy flattening.
    V17: `period' has the unusually large value of 20 s.
    V17: `width' has the unusually large value of 19 s.
    V16: `period' has the unusually large value of 10 s.
    V16: `width' has the unusually large value of 9 s.
    V9: `period' has the unusually large value of 10 s.
        Further occurrences of this notice will be suppressed. {"history": "Interactive.76", "point": 15, "testname": "TRAN_VDD_PULSE", "cornername": "CMOS_RES_CAP_TEMP_13"}
[2026-05-26 08:14:36.012 Z] [INFO] [cadence.virtuoso.ade.simulationMonitor] - Peak resident memory used = 192 Mbytes. {"history": "Interactive.76", "point": 15, "testname": "TRAN_VDD_PULSE", "cornername": "CMOS_RES_CAP_TEMP_13"}
[2026-05-26 08:14:36.012 Z] [WARN] [cadence.virtuoso.ade.simulationMonitor] -     WARNING (CMI-2425): I19.I0.C2: `Acde' = 2.393 is unusually large. {"history": "Interactive.76", "point": 15, "testname": "TRAN_VDD_PULSE", "cornername": "CMOS_RES_CAP_TEMP_13"}
[2026-05-26 08:14:36.012 Z] [WARN] [cadence.virtuoso.ade.simulationMonitor] -     WARNING (CMI-2425): I19.I0.C2: `Noff' = 4.732 is unusually large. {"history": "Interactive.76", "point": 15, "testname": "TRAN_VDD_PULSE", "cornername": "CMOS_RES_CAP_TEMP_13"}
[2026-05-26 08:14:36.012 Z] [WARN] [cadence.virtuoso.ade.simulationMonitor] -     WARNING (CMI-2424): I19.I0.C2: `Voffcv' = -867.4e-03 is unusually small. {"history": "Interactive.76", "point": 15, "testname": "TRAN_VDD_PULSE", "cornername": "CMOS_RES_CAP_TEMP_13"}
[2026-05-26 08:14:36.012 Z] [WARN] [cadence.virtuoso.ade.simulationMonitor] -     WARNING (CMI-2425): I19.I0.C3: `Acde' = 2.393 is unusually large. {"history": "Interactive.76", "point": 15, "testname": "TRAN_VDD_PULSE", "cornername": "CMOS_RES_CAP_TEMP_13"}
[2026-05-26 08:14:36.012 Z] [WARN] [cadence.virtuoso.ade.simulationMonitor] -     WARNING (CMI-2425): I19.I0.C3: `Noff' = 4.732 is unusually large. {"history": "Interactive.76", "point": 15, "testname": "TRAN_VDD_PULSE", "cornername": "CMOS_RES_CAP_TEMP_13"}
[2026-05-26 08:14:36.013 Z] [WARN] [cadence.virtuoso.ade.simulationMonitor] -     WARNING (CMI-2424): I19.I0.C3: `Voffcv' = -867.4e-03 is unusually small. {"history": "Interactive.76", "point": 15, "testname": "TRAN_VDD_PULSE", "cornername": "CMOS_RES_CAP_TEMP_13"}
[2026-05-26 08:14:36.013 Z] [WARN] [cadence.virtuoso.ade.simulationMonitor] -     WARNING (CMI-2425): I19.I0.C0: `Acde' = 2.393 is unusually large.
        Further occurrences of this warning will be suppressed. {"history": "Interactive.76", "point": 15, "testname": "TRAN_VDD_PULSE", "cornername": "CMOS_RES_CAP_TEMP_13"}
[2026-05-26 08:14:36.013 Z] [WARN] [cadence.virtuoso.ade.simulationMonitor] -     WARNING (CMI-2424): I19.I0.C0: `Voffcv' = -867.4e-03 is unusually small. {"history": "Interactive.76", "point": 15, "testname": "TRAN_VDD_PULSE", "cornername": "CMOS_RES_CAP_TEMP_13"}
[2026-05-26 08:14:36.013 Z] [WARN] [cadence.virtuoso.ade.simulationMonitor] -     WARNING (CMI-2424): I19.I0.I3.C1: `Voffcv' = -867.4e-03 is unusually small. {"history": "Interactive.76", "point": 15, "testname": "TRAN_VDD_PULSE", "cornername": "CMOS_RES_CAP_TEMP_13"}
[2026-05-26 08:14:36.013 Z] [WARN] [cadence.virtuoso.ade.simulationMonitor] -     WARNING (CMI-2424): I19.I0.C1<0>_turbo_m5: `Voffcv' = -867.4e-03 is unusually small.
        Further occurrences of this warning will be suppressed. {"history": "Interactive.76", "point": 15, "testname": "TRAN_VDD_PULSE", "cornername": "CMOS_RES_CAP_TEMP_13"}
[2026-05-26 08:14:36.013 Z] [WARN] [cadence.virtuoso.ade.simulationMonitor] -     WARNING (SPECTRE-17607): Assert `SOAC_rpolyh_vminuspsub' is ignored because it contains an expression which is invalid or not supported by native evaluator.  {"history": "Interactive.76", "point": 15, "testname": "TRAN_VDD_PULSE", "cornername": "CMOS_RES_CAP_TEMP_13"}
[2026-05-26 08:14:36.013 Z] [WARN] [cadence.virtuoso.ade.simulationMonitor] -     WARNING (SPECTRE-17607): Assert `SOAC_rpolyh_vpluspsub' is ignored because it contains an expression which is invalid or not supported by native evaluator.  {"history": "Interactive.76", "point": 15, "testname": "TRAN_VDD_PULSE", "cornername": "CMOS_RES_CAP_TEMP_13"}
[2026-05-26 08:14:36.013 Z] [WARN] [cadence.virtuoso.ade.simulationMonitor] -     WARNING (SPECTRE-16460): SOAC_cvarm_vspsub:Specified subcircuit master `cvarm' was not found. {"history": "Interactive.76", "point": 15, "testname": "TRAN_VDD_PULSE", "cornername": "CMOS_RES_CAP_TEMP_13"}
[2026-05-26 08:14:36.013 Z] [WARN] [cadence.virtuoso.ade.simulationMonitor] -     WARNING (SPECTRE-16462): SOAC_cvarm_vspsub:Error in specification of subcircuit master. Assert is ignored. {"history": "Interactive.76", "point": 15, "testname": "TRAN_VDD_PULSE", "cornername": "CMOS_RES_CAP_TEMP_13"}
[2026-05-26 08:14:36.013 Z] [WARN] [cadence.virtuoso.ade.simulationMonitor] -     WARNING (SPECTRE-16460): SOAC_cvarm_vbs:Specified subcircuit master `cvarm' was not found. {"history": "Interactive.76", "point": 15, "testname": "TRAN_VDD_PULSE", "cornername": "CMOS_RES_CAP_TEMP_13"}
[2026-05-26 08:14:36.013 Z] [WARN] [cadence.virtuoso.ade.simulationMonitor] -     WARNING (SPECTRE-16462): SOAC_cvarm_vbs:Error in specification of subcircuit master. Assert is ignored. {"history": "Interactive.76", "point": 15, "testname": "TRAN_VDD_PULSE", "cornername": "CMOS_RES_CAP_TEMP_13"}
[2026-05-26 08:14:36.013 Z] [WARN] [cadence.virtuoso.ade.simulationMonitor] -     WARNING (SPECTRE-16460): SOAC_cvarm_vgb:Specified subcircuit master `cvarm' was not found. {"history": "Interactive.76", "point": 15, "testname": "TRAN_VDD_PULSE", "cornername": "CMOS_RES_CAP_TEMP_13"}
[2026-05-26 08:14:36.014 Z] [WARN] [cadence.virtuoso.ade.simulationMonitor] -     WARNING (SPECTRE-16462): SOAC_cvarm_vgb:Error in specification of subcircuit master. Assert is ignored. {"history": "Interactive.76", "point": 15, "testname": "TRAN_VDD_PULSE", "cornername": "CMOS_RES_CAP_TEMP_13"}
[2026-05-26 08:14:36.014 Z] [WARN] [cadence.virtuoso.ade.simulationMonitor] -     WARNING (SPECTRE-16460): SOAC_cvart_vspsub:Specified subcircuit master `cvart' was not found. {"history": "Interactive.76", "point": 15, "testname": "TRAN_VDD_PULSE", "cornername": "CMOS_RES_CAP_TEMP_13"}
[2026-05-26 08:14:36.014 Z] [WARN] [cadence.virtuoso.ade.simulationMonitor] -     WARNING (SPECTRE-16462): SOAC_cvart_vspsub:Error in specification of subcircuit master. Assert is ignored. {"history": "Interactive.76", "point": 15, "testname": "TRAN_VDD_PULSE", "cornername": "CMOS_RES_CAP_TEMP_13"}
[2026-05-26 08:14:36.014 Z] [WARN] [cadence.virtuoso.ade.simulationMonitor] -     WARNING (SPECTRE-16460): SOAC_cvart_vbs:Specified subcircuit master `cvart' was not found.
        Further occurrences of this warning will be suppressed. {"history": "Interactive.76", "point": 15, "testname": "TRAN_VDD_PULSE", "cornername": "CMOS_RES_CAP_TEMP_13"}
[2026-05-26 08:14:36.014 Z] [WARN] [cadence.virtuoso.ade.simulationMonitor] -     WARNING (SPECTRE-16462): SOAC_cvart_vbs:Error in specification of subcircuit master. Assert is ignored.
        Further occurrences of this warning will be suppressed. {"history": "Interactive.76", "point": 15, "testname": "TRAN_VDD_PULSE", "cornername": "CMOS_RES_CAP_TEMP_13"}
[2026-05-26 08:14:36.014 Z] [WARN] [cadence.virtuoso.ade.simulationMonitor] -     WARNING (SPECTRE-17607): Assert `SOAC_cvar_vspsub' is ignored because it contains an expression which is invalid or not supported by native evaluator.  {"history": "Interactive.76", "point": 15, "testname": "TRAN_VDD_PULSE", "cornername": "CMOS_RES_CAP_TEMP_13"}
[2026-05-26 08:14:36.014 Z] [WARN] [cadence.virtuoso.ade.simulationMonitor] -     WARNING (SPECTRE-17607): Assert `SOAC_cvar_vbpsub' is ignored because it contains an expression which is invalid or not supported by native evaluator.  {"history": "Interactive.76", "point": 15, "testname": "TRAN_VDD_PULSE", "cornername": "CMOS_RES_CAP_TEMP_13"}
[2026-05-26 08:14:36.014 Z] [WARN] [cadence.virtuoso.ade.simulationMonitor] -     WARNING (SPECTRE-17607): Assert `SOAC_cvar_vgpsub' is ignored because it contains an expression which is invalid or not supported by native evaluator. 
        Further occurrences of this warning will be suppressed. {"history": "Interactive.76", "point": 15, "testname": "TRAN_VDD_PULSE", "cornername": "CMOS_RES_CAP_TEMP_13"}
[2026-05-26 08:14:36.514 Z] [INFO] [cadence.virtuoso.ade.simulationMonitor] - Notice from spectre during topology check.
    No DC path from node `net19' to ground, Gmin installed to provide path. {"history": "Interactive.76", "point": 15, "testname": "TRAN_VDD_PULSE", "cornername": "CMOS_RES_CAP_TEMP_13"}
[2026-05-26 08:14:36.515 Z] [INFO] [cadence.virtuoso.ade.simulationMonitor] - Notice from spectre during initial setup.
    Multithreading is disabled due to the size of the design being too small. {"history": "Interactive.76", "point": 15, "testname": "TRAN_VDD_PULSE", "cornername": "CMOS_RES_CAP_TEMP_13"}
[2026-05-26 08:14:36.515 Z] [WARN] [cadence.virtuoso.ade.simulationMonitor] -     WARNING (SPECTRE-592): Following parameters are disabled because they are ignored or redefined in Spectre X:
        Option Parameters:
          reltol
        
         {"history": "Interactive.76", "point": 15, "testname": "TRAN_VDD_PULSE", "cornername": "CMOS_RES_CAP_TEMP_13"}
[2026-05-26 08:14:36.515 Z] [INFO] [cadence.virtuoso.ade.simulationMonitor] -               nodes 784 {"history": "Interactive.76", "point": 15, "testname": "TRAN_VDD_PULSE", "cornername": "CMOS_RES_CAP_TEMP_13"}
[2026-05-26 08:14:36.515 Z] [INFO] [cadence.virtuoso.ade.simulationMonitor] - Notice from spectre during initial setup.
    4 vsources are shorted because their absolute value is less than or equal to 'vabsshort'.
    Spectre X preset=vx enabled.
    18 notices suppressed.
    154 warnings suppressed. {"history": "Interactive.76", "point": 15, "testname": "TRAN_VDD_PULSE", "cornername": "CMOS_RES_CAP_TEMP_13"}
[2026-05-26 08:14:36.515 Z] [INFO] [cadence.virtuoso.ade.simulationMonitor] - Peak resident memory used = 213 Mbytes. {"history": "Interactive.76", "point": 15, "testname": "TRAN_VDD_PULSE", "cornername": "CMOS_RES_CAP_TEMP_13"}
[2026-05-26 08:14:36.515 Z] [INFO] [cadence.virtuoso.ade.simulationMonitor] -    -   (Spectre X) Multi-threading. The recommended number of threads is 1, consider adding +mt=1 on command line. {"history": "Interactive.76", "point": 15, "testname": "TRAN_VDD_PULSE", "cornername": "CMOS_RES_CAP_TEMP_13"}
[2026-05-26 08:14:36.515 Z] [INFO] [cadence.virtuoso.ade.simulationMonitor] - Notice from spectre during DC analysis `dcOp'.
    No checklimit analysis defined for asserts. A default checklimit analysis 'SpectreChecklimitAnal' has been created with all asserts enabled. {"history": "Interactive.76", "point": 15, "testname": "TRAN_VDD_PULSE", "cornername": "CMOS_RES_CAP_TEMP_13"}
[2026-05-26 08:14:36.515 Z] [INFO] [cadence.virtuoso.ade.simulationMonitor] - Notice from spectre during DC analysis `dcOp'.
    GminDC = 1 pS is large enough to noticeably affect the DC solution.
        dV(I19.I2.C1.d1) = 1.51853 mV
        Use the `gmin_check' option to eliminate or expand this report. {"history": "Interactive.76", "point": 15, "testname": "TRAN_VDD_PULSE", "cornername": "CMOS_RES_CAP_TEMP_13"}
[2026-05-26 08:14:36.515 Z] [WARN] [cadence.virtuoso.ade.simulationMonitor] -     WARNING (CMI-2943): Parameter checks have been ignored because the valid value for parameter 'trise' could not be found in 'C0'. {"history": "Interactive.76", "point": 15, "testname": "TRAN_VDD_PULSE", "cornername": "CMOS_RES_CAP_TEMP_13"}
[2026-05-26 08:14:36.515 Z] [WARN] [cadence.virtuoso.ade.simulationMonitor] -     WARNING (CMI-2943): Parameter checks have been ignored because the valid value for parameter 'trise' could not be found in 'C3'. {"history": "Interactive.76", "point": 15, "testname": "TRAN_VDD_PULSE", "cornername": "CMOS_RES_CAP_TEMP_13"}
[2026-05-26 08:14:36.515 Z] [WARN] [cadence.virtuoso.ade.simulationMonitor] -     WARNING (CMI-2943): Parameter checks have been ignored because the valid value for parameter 'trise' could not be found in 'C4'. {"history": "Interactive.76", "point": 15, "testname": "TRAN_VDD_PULSE", "cornername": "CMOS_RES_CAP_TEMP_13"}
[2026-05-26 08:14:36.516 Z] [WARN] [cadence.virtuoso.ade.simulationMonitor] -     WARNING (CMI-2943): Parameter checks have been ignored because the valid value for parameter 'trise' could not be found in 'C5'. {"history": "Interactive.76", "point": 15, "testname": "TRAN_VDD_PULSE", "cornername": "CMOS_RES_CAP_TEMP_13"}
[2026-05-26 08:14:36.516 Z] [WARN] [cadence.virtuoso.ade.simulationMonitor] -     WARNING (CMI-2943): Parameter checks have been ignored because the valid value for parameter 'trise' could not be found in 'I19.I4.C9<0>_turbo_m6.C1'.
        Further occurrences of this warning will be suppressed. {"history": "Interactive.76", "point": 15, "testname": "TRAN_VDD_PULSE", "cornername": "CMOS_RES_CAP_TEMP_13"}
[2026-05-26 08:14:36.516 Z] [INFO] [cadence.virtuoso.ade.simulationMonitor] - Total time required for dc analysis `dcOp': CPU = 55.661 ms, elapsed = 76.278 ms, util. = 73%. {"history": "Interactive.76", "point": 15, "testname": "TRAN_VDD_PULSE", "cornername": "CMOS_RES_CAP_TEMP_13"}
[2026-05-26 08:14:36.516 Z] [INFO] [cadence.virtuoso.ade.simulationMonitor] - Peak resident memory used = 223 Mbytes. {"history": "Interactive.76", "point": 15, "testname": "TRAN_VDD_PULSE", "cornername": "CMOS_RES_CAP_TEMP_13"}
[2026-05-26 08:14:36.516 Z] [INFO] [cadence.virtuoso.ade.simulationMonitor] - Notice from spectre.
    308 warnings suppressed. {"history": "Interactive.76", "point": 15, "testname": "TRAN_VDD_PULSE", "cornername": "CMOS_RES_CAP_TEMP_13"}
[2026-05-26 08:14:36.516 Z] [INFO] [cadence.virtuoso.ade.simulationMonitor] - Notice from spectre during IC analysis, during transient analysis `tran'.
    GminDC = 1 pS is large enough to noticeably affect the DC solution.
        dV(I19.I2.C1.d1) = 1.51853 mV
        Use the `gmin_check' option to eliminate or expand this report. {"history": "Interactive.76", "point": 15, "testname": "TRAN_VDD_PULSE", "cornername": "CMOS_RES_CAP_TEMP_13"}
[2026-05-26 08:14:36.516 Z] [WARN] [cadence.virtuoso.ade.simulationMonitor] -     WARNING (CMI-2943): Parameter checks have been ignored because the valid value for parameter 'trise' could not be found in 'C0'. {"history": "Interactive.76", "point": 15, "testname": "TRAN_VDD_PULSE", "cornername": "CMOS_RES_CAP_TEMP_13"}
[2026-05-26 08:14:36.516 Z] [WARN] [cadence.virtuoso.ade.simulationMonitor] -     WARNING (CMI-2943): Parameter checks have been ignored because the valid value for parameter 'trise' could not be found in 'C3'. {"history": "Interactive.76", "point": 15, "testname": "TRAN_VDD_PULSE", "cornername": "CMOS_RES_CAP_TEMP_13"}
[2026-05-26 08:14:36.516 Z] [WARN] [cadence.virtuoso.ade.simulationMonitor] -     WARNING (CMI-2943): Parameter checks have been ignored because the valid value for parameter 'trise' could not be found in 'C4'. {"history": "Interactive.76", "point": 15, "testname": "TRAN_VDD_PULSE", "cornername": "CMOS_RES_CAP_TEMP_13"}
[2026-05-26 08:14:36.516 Z] [WARN] [cadence.virtuoso.ade.simulationMonitor] -     WARNING (CMI-2943): Parameter checks have been ignored because the valid value for parameter 'trise' could not be found in 'C5'. {"history": "Interactive.76", "point": 15, "testname": "TRAN_VDD_PULSE", "cornername": "CMOS_RES_CAP_TEMP_13"}
[2026-05-26 08:14:36.516 Z] [WARN] [cadence.virtuoso.ade.simulationMonitor] -     WARNING (CMI-2943): Parameter checks have been ignored because the valid value for parameter 'trise' could not be found in 'I19.I4.C9<0>_turbo_m6.C1'.
        Further occurrences of this warning will be suppressed. {"history": "Interactive.76", "point": 15, "testname": "TRAN_VDD_PULSE", "cornername": "CMOS_RES_CAP_TEMP_13"}
[2026-05-26 08:14:36.516 Z] [INFO] [cadence.virtuoso.ade.simulationMonitor] - Notice from spectre during transient analysis `tran'.
    Output compression for transient analysis is enabled. {"history": "Interactive.76", "point": 15, "testname": "TRAN_VDD_PULSE", "cornername": "CMOS_RES_CAP_TEMP_13"}
[2026-05-26 08:14:36.516 Z] [INFO] [cadence.virtuoso.ade.simulationMonitor] - Notice from spectre during transient analysis `tran'.
    Multithreading is disabled due to the size of the design being too small. {"history": "Interactive.76", "point": 15, "testname": "TRAN_VDD_PULSE", "cornername": "CMOS_RES_CAP_TEMP_13"}
[2026-05-26 08:15:39.032 Z] [INFO] [cadence.virtuoso.ade.simulationMonitor] - Total time required for tran analysis `tran': CPU = 62.2364 s (1m  2.2s), elapsed = 62.548 s (1m  2.5s), util. = 99.5%. {"history": "Interactive.76", "point": 15, "testname": "TRAN_VDD_PULSE", "cornername": "CMOS_RES_CAP_TEMP_13"}
[2026-05-26 08:15:39.032 Z] [INFO] [cadence.virtuoso.ade.simulationMonitor] - Peak resident memory used = 230 Mbytes. {"history": "Interactive.76", "point": 15, "testname": "TRAN_VDD_PULSE", "cornername": "CMOS_RES_CAP_TEMP_13"}
[2026-05-26 08:15:39.032 Z] [INFO] [cadence.virtuoso.ade.simulationMonitor] - Notice from spectre.
    308 warnings suppressed. {"history": "Interactive.76", "point": 15, "testname": "TRAN_VDD_PULSE", "cornername": "CMOS_RES_CAP_TEMP_13"}
[2026-05-26 08:15:39.032 Z] [WARN] [cadence.virtuoso.ade.simulationMonitor] -     WARNING (CMI-2425): I19.I2.C1: `Acde' = 2.393 is unusually large. {"history": "Interactive.76", "point": 15, "testname": "TRAN_VDD_PULSE", "cornername": "CMOS_RES_CAP_TEMP_13"}
[2026-05-26 08:15:39.032 Z] [WARN] [cadence.virtuoso.ade.simulationMonitor] -     WARNING (CMI-2425): I19.I2.C1: `Noff' = 4.732 is unusually large. {"history": "Interactive.76", "point": 15, "testname": "TRAN_VDD_PULSE", "cornername": "CMOS_RES_CAP_TEMP_13"}
[2026-05-26 08:15:39.033 Z] [WARN] [cadence.virtuoso.ade.simulationMonitor] -     WARNING (CMI-2424): I19.I2.C1: `Voffcv' = -867.4e-03 is unusually small. {"history": "Interactive.76", "point": 15, "testname": "TRAN_VDD_PULSE", "cornername": "CMOS_RES_CAP_TEMP_13"}
[2026-05-26 08:15:39.033 Z] [WARN] [cadence.virtuoso.ade.simulationMonitor] -     WARNING (CMI-2425): I19.I8.C0: `Acde' = 2.393 is unusually large. {"history": "Interactive.76", "point": 15, "testname": "TRAN_VDD_PULSE", "cornername": "CMOS_RES_CAP_TEMP_13"}
[2026-05-26 08:15:39.033 Z] [WARN] [cadence.virtuoso.ade.simulationMonitor] -     WARNING (CMI-2425): I19.I8.C0: `Noff' = 4.732 is unusually large. {"history": "Interactive.76", "point": 15, "testname": "TRAN_VDD_PULSE", "cornername": "CMOS_RES_CAP_TEMP_13"}
[2026-05-26 08:15:39.033 Z] [WARN] [cadence.virtuoso.ade.simulationMonitor] -     WARNING (CMI-2424): I19.I8.C0: `Voffcv' = -867.4e-03 is unusually small. {"history": "Interactive.76", "point": 15, "testname": "TRAN_VDD_PULSE", "cornername": "CMOS_RES_CAP_TEMP_13"}
[2026-05-26 08:15:39.033 Z] [WARN] [cadence.virtuoso.ade.simulationMonitor] -     WARNING (CMI-2425): I19.I8.C1: `Acde' = 2.393 is unusually large.
        Further occurrences of this warning will be suppressed. {"history": "Interactive.76", "point": 15, "testname": "TRAN_VDD_PULSE", "cornername": "CMOS_RES_CAP_TEMP_13"}
[2026-05-26 08:15:39.033 Z] [WARN] [cadence.virtuoso.ade.simulationMonitor] -     WARNING (CMI-2424): I19.I8.C1: `Voffcv' = -867.4e-03 is unusually small. {"history": "Interactive.76", "point": 15, "testname": "TRAN_VDD_PULSE", "cornername": "CMOS_RES_CAP_TEMP_13"}
[2026-05-26 08:15:39.033 Z] [WARN] [cadence.virtuoso.ade.simulationMonitor] -     WARNING (CMI-2424): I19.I14.C1: `Voffcv' = -867.4e-03 is unusually small. {"history": "Interactive.76", "point": 15, "testname": "TRAN_VDD_PULSE", "cornername": "CMOS_RES_CAP_TEMP_13"}
[2026-05-26 08:15:39.033 Z] [WARN] [cadence.virtuoso.ade.simulationMonitor] -     WARNING (CMI-2424): I19.I14.C4: `Voffcv' = -867.4e-03 is unusually small.
        Further occurrences of this warning will be suppressed. {"history": "Interactive.76", "point": 15, "testname": "TRAN_VDD_PULSE", "cornername": "CMOS_RES_CAP_TEMP_13"}
[2026-05-26 08:15:39.033 Z] [INFO] [cadence.virtuoso.ade.simulationMonitor] - Notice from spectre.
    56 warnings suppressed. {"history": "Interactive.76", "point": 15, "testname": "TRAN_VDD_PULSE", "cornername": "CMOS_RES_CAP_TEMP_13"}
[2026-05-26 08:15:39.033 Z] [WARN] [cadence.virtuoso.ade.simulationMonitor] -     WARNING (CMI-2425): I19.I2.C1: `Acde' = 2.393 is unusually large. {"history": "Interactive.76", "point": 15, "testname": "TRAN_VDD_PULSE", "cornername": "CMOS_RES_CAP_TEMP_13"}
[2026-05-26 08:15:39.033 Z] [WARN] [cadence.virtuoso.ade.simulationMonitor] -     WARNING (CMI-2425): I19.I2.C1: `Noff' = 4.732 is unusually large. {"history": "Interactive.76", "point": 15, "testname": "TRAN_VDD_PULSE", "cornername": "CMOS_RES_CAP_TEMP_13"}
[2026-05-26 08:15:39.033 Z] [WARN] [cadence.virtuoso.ade.simulationMonitor] -     WARNING (CMI-2424): I19.I2.C1: `Voffcv' = -867.4e-03 is unusually small. {"history": "Interactive.76", "point": 15, "testname": "TRAN_VDD_PULSE", "cornername": "CMOS_RES_CAP_TEMP_13"}
[2026-05-26 08:15:39.033 Z] [WARN] [cadence.virtuoso.ade.simulationMonitor] -     WARNING (CMI-2425): I19.I8.C0: `Acde' = 2.393 is unusually large. {"history": "Interactive.76", "point": 15, "testname": "TRAN_VDD_PULSE", "cornername": "CMOS_RES_CAP_TEMP_13"}
[2026-05-26 08:15:39.033 Z] [WARN] [cadence.virtuoso.ade.simulationMonitor] -     WARNING (CMI-2425): I19.I8.C0: `Noff' = 4.732 is unusually large. {"history": "Interactive.76", "point": 15, "testname": "TRAN_VDD_PULSE", "cornername": "CMOS_RES_CAP_TEMP_13"}
[2026-05-26 08:15:39.033 Z] [WARN] [cadence.virtuoso.ade.simulationMonitor] -     WARNING (CMI-2424): I19.I8.C0: `Voffcv' = -867.4e-03 is unusually small. {"history": "Interactive.76", "point": 15, "testname": "TRAN_VDD_PULSE", "cornername": "CMOS_RES_CAP_TEMP_13"}
[2026-05-26 08:15:39.033 Z] [WARN] [cadence.virtuoso.ade.simulationMonitor] -     WARNING (CMI-2425): I19.I8.C1: `Acde' = 2.393 is unusually large.
        Further occurrences of this warning will be suppressed. {"history": "Interactive.76", "point": 15, "testname": "TRAN_VDD_PULSE", "cornername": "CMOS_RES_CAP_TEMP_13"}
[2026-05-26 08:15:39.033 Z] [WARN] [cadence.virtuoso.ade.simulationMonitor] -     WARNING (CMI-2424): I19.I8.C1: `Voffcv' = -867.4e-03 is unusually small. {"history": "Interactive.76", "point": 15, "testname": "TRAN_VDD_PULSE", "cornername": "CMOS_RES_CAP_TEMP_13"}
[2026-05-26 08:15:39.033 Z] [WARN] [cadence.virtuoso.ade.simulationMonitor] -     WARNING (CMI-2424): I19.I14.C1: `Voffcv' = -867.4e-03 is unusually small. {"history": "Interactive.76", "point": 15, "testname": "TRAN_VDD_PULSE", "cornername": "CMOS_RES_CAP_TEMP_13"}
[2026-05-26 08:15:39.034 Z] [WARN] [cadence.virtuoso.ade.simulationMonitor] -     WARNING (CMI-2424): I19.I14.C4: `Voffcv' = -867.4e-03 is unusually small.
        Further occurrences of this warning will be suppressed. {"history": "Interactive.76", "point": 15, "testname": "TRAN_VDD_PULSE", "cornername": "CMOS_RES_CAP_TEMP_13"}
[2026-05-26 08:15:39.034 Z] [INFO] [cadence.virtuoso.ade.simulationMonitor] - Notice from spectre.
    59 warnings suppressed. {"history": "Interactive.76", "point": 15, "testname": "TRAN_VDD_PULSE", "cornername": "CMOS_RES_CAP_TEMP_13"}
[2026-05-26 08:15:39.034 Z] [WARN] [cadence.virtuoso.ade.simulationMonitor] -     WARNING (CMI-2425): I19.I2.C1: `Acde' = 2.393 is unusually large. {"history": "Interactive.76", "point": 15, "testname": "TRAN_VDD_PULSE", "cornername": "CMOS_RES_CAP_TEMP_13"}
[2026-05-26 08:15:39.034 Z] [WARN] [cadence.virtuoso.ade.simulationMonitor] -     WARNING (CMI-2425): I19.I2.C1: `Noff' = 4.732 is unusually large. {"history": "Interactive.76", "point": 15, "testname": "TRAN_VDD_PULSE", "cornername": "CMOS_RES_CAP_TEMP_13"}
[2026-05-26 08:15:39.034 Z] [WARN] [cadence.virtuoso.ade.simulationMonitor] -     WARNING (CMI-2424): I19.I2.C1: `Voffcv' = -867.4e-03 is unusually small. {"history": "Interactive.76", "point": 15, "testname": "TRAN_VDD_PULSE", "cornername": "CMOS_RES_CAP_TEMP_13"}
[2026-05-26 08:15:39.034 Z] [WARN] [cadence.virtuoso.ade.simulationMonitor] -     WARNING (CMI-2425): I19.I8.C0: `Acde' = 2.393 is unusually large. {"history": "Interactive.76", "point": 15, "testname": "TRAN_VDD_PULSE", "cornername": "CMOS_RES_CAP_TEMP_13"}
[2026-05-26 08:15:39.034 Z] [WARN] [cadence.virtuoso.ade.simulationMonitor] -     WARNING (CMI-2425): I19.I8.C0: `Noff' = 4.732 is unusually large. {"history": "Interactive.76", "point": 15, "testname": "TRAN_VDD_PULSE", "cornername": "CMOS_RES_CAP_TEMP_13"}
[2026-05-26 08:15:39.034 Z] [WARN] [cadence.virtuoso.ade.simulationMonitor] -     WARNING (CMI-2424): I19.I8.C0: `Voffcv' = -867.4e-03 is unusually small. {"history": "Interactive.76", "point": 15, "testname": "TRAN_VDD_PULSE", "cornername": "CMOS_RES_CAP_TEMP_13"}
[2026-05-26 08:15:39.034 Z] [WARN] [cadence.virtuoso.ade.simulationMonitor] -     WARNING (CMI-2425): I19.I8.C1: `Acde' = 2.393 is unusually large.
        Further occurrences of this warning will be suppressed. {"history": "Interactive.76", "point": 15, "testname": "TRAN_VDD_PULSE", "cornername": "CMOS_RES_CAP_TEMP_13"}
[2026-05-26 08:15:39.034 Z] [WARN] [cadence.virtuoso.ade.simulationMonitor] -     WARNING (CMI-2424): I19.I8.C1: `Voffcv' = -867.4e-03 is unusually small. {"history": "Interactive.76", "point": 15, "testname": "TRAN_VDD_PULSE", "cornername": "CMOS_RES_CAP_TEMP_13"}
[2026-05-26 08:15:39.034 Z] [WARN] [cadence.virtuoso.ade.simulationMonitor] -     WARNING (CMI-2424): I19.I14.C1: `Voffcv' = -867.4e-03 is unusually small. {"history": "Interactive.76", "point": 15, "testname": "TRAN_VDD_PULSE", "cornername": "CMOS_RES_CAP_TEMP_13"}
[2026-05-26 08:15:39.034 Z] [WARN] [cadence.virtuoso.ade.simulationMonitor] -     WARNING (CMI-2424): I19.I14.C4: `Voffcv' = -867.4e-03 is unusually small.
        Further occurrences of this warning will be suppressed. {"history": "Interactive.76", "point": 15, "testname": "TRAN_VDD_PULSE", "cornername": "CMOS_RES_CAP_TEMP_13"}
[2026-05-26 08:15:39.034 Z] [INFO] [cadence.virtuoso.ade.simulationMonitor] - Notice from spectre.
    56 warnings suppressed. {"history": "Interactive.76", "point": 15, "testname": "TRAN_VDD_PULSE", "cornername": "CMOS_RES_CAP_TEMP_13"}
[2026-05-26 08:15:39.034 Z] [WARN] [cadence.virtuoso.ade.simulationMonitor] -     WARNING (CMI-2425): I19.I2.C1: `Acde' = 2.393 is unusually large. {"history": "Interactive.76", "point": 15, "testname": "TRAN_VDD_PULSE", "cornername": "CMOS_RES_CAP_TEMP_13"}
[2026-05-26 08:15:39.034 Z] [WARN] [cadence.virtuoso.ade.simulationMonitor] -     WARNING (CMI-2425): I19.I2.C1: `Noff' = 4.732 is unusually large. {"history": "Interactive.76", "point": 15, "testname": "TRAN_VDD_PULSE", "cornername": "CMOS_RES_CAP_TEMP_13"}
[2026-05-26 08:15:39.034 Z] [WARN] [cadence.virtuoso.ade.simulationMonitor] -     WARNING (CMI-2424): I19.I2.C1: `Voffcv' = -867.4e-03 is unusually small. {"history": "Interactive.76", "point": 15, "testname": "TRAN_VDD_PULSE", "cornername": "CMOS_RES_CAP_TEMP_13"}
[2026-05-26 08:15:39.034 Z] [WARN] [cadence.virtuoso.ade.simulationMonitor] -     WARNING (CMI-2425): I19.I8.C0: `Acde' = 2.393 is unusually large. {"history": "Interactive.76", "point": 15, "testname": "TRAN_VDD_PULSE", "cornername": "CMOS_RES_CAP_TEMP_13"}
[2026-05-26 08:15:39.034 Z] [WARN] [cadence.virtuoso.ade.simulationMonitor] -     WARNING (CMI-2425): I19.I8.C0: `Noff' = 4.732 is unusually large. {"history": "Interactive.76", "point": 15, "testname": "TRAN_VDD_PULSE", "cornername": "CMOS_RES_CAP_TEMP_13"}
[2026-05-26 08:15:39.034 Z] [WARN] [cadence.virtuoso.ade.simulationMonitor] -     WARNING (CMI-2424): I19.I8.C0: `Voffcv' = -867.4e-03 is unusually small. {"history": "Interactive.76", "point": 15, "testname": "TRAN_VDD_PULSE", "cornername": "CMOS_RES_CAP_TEMP_13"}
[2026-05-26 08:15:39.034 Z] [WARN] [cadence.virtuoso.ade.simulationMonitor] -     WARNING (CMI-2425): I19.I8.C1: `Acde' = 2.393 is unusually large.
        Further occurrences of this warning will be suppressed. {"history": "Interactive.76", "point": 15, "testname": "TRAN_VDD_PULSE", "cornername": "CMOS_RES_CAP_TEMP_13"}
[2026-05-26 08:15:39.034 Z] [WARN] [cadence.virtuoso.ade.simulationMonitor] -     WARNING (CMI-2424): I19.I8.C1: `Voffcv' = -867.4e-03 is unusually small. {"history": "Interactive.76", "point": 15, "testname": "TRAN_VDD_PULSE", "cornername": "CMOS_RES_CAP_TEMP_13"}
[2026-05-26 08:15:39.035 Z] [WARN] [cadence.virtuoso.ade.simulationMonitor] -     WARNING (CMI-2424): I19.I14.C1: `Voffcv' = -867.4e-03 is unusually small. {"history": "Interactive.76", "point": 15, "testname": "TRAN_VDD_PULSE", "cornername": "CMOS_RES_CAP_TEMP_13"}
[2026-05-26 08:15:39.035 Z] [WARN] [cadence.virtuoso.ade.simulationMonitor] -     WARNING (CMI-2424): I19.I14.C4: `Voffcv' = -867.4e-03 is unusually small.
        Further occurrences of this warning will be suppressed. {"history": "Interactive.76", "point": 15, "testname": "TRAN_VDD_PULSE", "cornername": "CMOS_RES_CAP_TEMP_13"}
[2026-05-26 08:15:39.035 Z] [INFO] [cadence.virtuoso.ade.simulationMonitor] - Notice from spectre.
    56 warnings suppressed. {"history": "Interactive.76", "point": 15, "testname": "TRAN_VDD_PULSE", "cornername": "CMOS_RES_CAP_TEMP_13"}
[2026-05-26 08:15:39.035 Z] [INFO] [cadence.virtuoso.ade.simulationMonitor] - Time used: CPU = 62.7 s (1m  2.7s), elapsed = 63.3 s (1m  3.3s), util. = 99%. {"history": "Interactive.76", "point": 15, "testname": "TRAN_VDD_PULSE", "cornername": "CMOS_RES_CAP_TEMP_13"}
[2026-05-26 08:15:39.035 Z] [INFO] [cadence.virtuoso.ade.simulationMonitor] - Time spent in licensing: elapsed = 38.4 ms. {"history": "Interactive.76", "point": 15, "testname": "TRAN_VDD_PULSE", "cornername": "CMOS_RES_CAP_TEMP_13"}
[2026-05-26 08:15:39.035 Z] [INFO] [cadence.virtuoso.ade.simulationMonitor] - Peak memory used = 231 Mbytes. {"history": "Interactive.76", "point": 15, "testname": "TRAN_VDD_PULSE", "cornername": "CMOS_RES_CAP_TEMP_13"}
[2026-05-26 08:15:39.035 Z] [PROCESS] [cadence.virtuoso.ade.simulationMonitor] - Simulation started at: 8:14:35 AM, Tue May 26, 2026, ended at: 8:15:38 AM, Tue May 26, 2026, with elapsed time (wall clock): 63.3 s (1m  3.3s). {"history": "Interactive.76", "point": 15, "testname": "TRAN_VDD_PULSE", "cornername": "CMOS_RES_CAP_TEMP_13"}
[2026-05-26 08:15:39.035 Z] [PROCESS] [cadence.virtuoso.ade.simulationMonitor] - spectre completes with 0 errors, 97 warnings, and 33 notices. {"history": "Interactive.76", "point": 15, "testname": "TRAN_VDD_PULSE", "cornername": "CMOS_RES_CAP_TEMP_13"}
[2026-05-26 08:15:39.035 Z] [PROCESS] [cadence.virtuoso.ade.simulationMonitor] - Finished simulating for one point {"hostname": "edatools", "processid": 230256, "history": "Interactive.76", "testname": "TRAN_VDD_PULSE", "cornername": "CMOS_RES_CAP_TEMP_13", "point": 15, "logfile": "/home/saul/projects/IL2244_VT26_SAUL/logs_saul/logs0/Job41.log", "simid": "3"}
[2026-05-26 08:15:39.035 Z] [PROCESS] [cadence.virtuoso.ade.simulationMonitor] - Simulator exited {"hostname": "edatools", "processid": 230256, "history": "Interactive.76", "testname": "TRAN_VDD_PULSE", "cornername": "CMOS_RES_CAP_TEMP_13", "point": 15, "logfile": "/home/saul/projects/IL2244_VT26_SAUL/logs_saul/logs0/Job41.log", "exitStatus": "0"}
[2026-05-26 08:15:39.035 Z] [PROCESS] [cadence.virtuoso.ade.simulationMonitor] - Finished Simulation {"hostname": "edatools", "processid": 230256, "history": "Interactive.76", "testname": "TRAN_VDD_PULSE", "cornername": "CMOS_RES_CAP_TEMP_13", "point": 15, "logfile": "/home/saul/projects/IL2244_VT26_SAUL/logs_saul/logs0/Job41.log", "simid": "3"}
[2026-05-26 08:15:41.041 Z] [PROCESS] [cadence.virtuoso.ade.simulationMonitor] - Point Finished {"hostname": "edatools", "processid": 230256, "history": "Interactive.76", "testname": "TRAN_VDD_PULSE", "cornername": "CMOS_RES_CAP_TEMP_13", "point": 15, "logfile": "/home/saul/projects/IL2244_VT26_SAUL/logs_saul/logs0/Job41.log"}
[2026-05-26 08:15:41.043 Z] [PROCESS] [cadence.virtuoso.ade.simulationMonitor] - HostInfo:
Host name (type):	edatools (x86_64)
Operating system:	Linux 6.17.0-29-generic #29~24.04.1-Ubuntu SMP PREEMPT_DYNAMIC Mon May 11 10:30:58 UTC 2 {"hostname": "edatools", "processid": 230256, "history": "Interactive.76", "testname": "TRAN_VDD_PULSE", "cornername": "CMOS_RES_CAP_TEMP_13", "point": 15, "logfile": "/home/saul/projects/IL2244_VT26_SAUL/logs_saul/logs0/Job41.log", "nodename": "edatools", "domainname": "(none)", "machine": "x86_64", "sysname": "Linux", "release": "6.17.0-29-generic", "version": "#29~24.04.1-Ubuntu SMP PREEMPT_DYNAMIC Mon May 11 10:30:58 UTC 2"}
[2026-05-26 08:15:41.043 Z] [PROCESS] [cadence.virtuoso.ade.simulationMonitor] - UsageInfo:
pid=230256
totalPhysicalMemory=62.544987GB,Used=44.118240GB,totalVirtualMemory=70.544983GB,Used=44.118240GB
Cpu: Cores=16, Load average:6.380000,4.790000,4.050000 {"hostname": "edatools", "processid": 230256, "history": "Interactive.76", "testname": "TRAN_VDD_PULSE", "cornername": "CMOS_RES_CAP_TEMP_13", "point": 15, "logfile": "/home/saul/projects/IL2244_VT26_SAUL/logs_saul/logs0/Job41.log", "pid": "230256", "totalPhysicalMemory": "62.544987", "physicalMemoryUsed": "44.118240", "totalVirtualMemory": "70.544983", "virtualMemoryUsed": "44.118240", "cpuCores": "16", "processes": "1702", "loadAverage1": "6.380000", "loadAverage5": "4.790000", "loadAverage15": "4.050000", "loadAverage1Percent": "0.398750"}
[2026-05-26 08:15:41.043 Z] [EVENT] [cadence.virtuoso.ade.simulationMonitor] - NewPoint {"history": "Interactive.76", "point": 20, "testname": "TRAN_VDD_PULSE", "cornername": "CMOS_RES_CAP_TEMP_18", "event": "NewPoint", "EventSource": "Simulation Monitor", "HistoryName": "Interactive.76", "logFile": "/home/saul/projects/IL2244_VT26_SAUL/logs_saul/logs0/Job41.log", "logFileSize": "131505"}
[2026-05-26 08:15:41.143 Z] [EVENT] [cadence.virtuoso.ade.simulationMonitor] - NewPoint {"history": "Interactive.76", "point": 20, "testname": "TRAN_VDD_PULSE", "cornername": "CMOS_RES_CAP_TEMP_18", "event": "NewPoint", "EventSource": "spectre", "HistoryName": "Interactive.76", "logFile": "/home/saul/projects/IL2244_VT26_SAUL/Sim/FECG/fecg_front_end_tran_tb/maestro/results/maestro/Interactive.76/20/TRAN_VDD_PULSE/psf/spectre.out", "logFileSize": "-1"}
[2026-05-26 08:15:41.147 Z] [PROCESS] [cadence.virtuoso.ade.simulationMonitor] - Simulator launched {"hostname": "edatools", "processid": 230256, "history": "Interactive.76", "testname": "TRAN_VDD_PULSE", "cornername": "CMOS_RES_CAP_TEMP_18", "point": 20, "logfile": "/home/saul/projects/IL2244_VT26_SAUL/logs_saul/logs0/Job41.log", "simid": "4"}
[2026-05-26 08:15:41.159 Z] [PROCESS] [cadence.virtuoso.ade.simulationMonitor] - Started Simulation {"hostname": "edatools", "processid": 230256, "history": "Interactive.76", "testname": "TRAN_VDD_PULSE", "cornername": "CMOS_RES_CAP_TEMP_18", "point": 20, "logfile": "/home/saul/projects/IL2244_VT26_SAUL/logs_saul/logs0/Job41.log", "event": "started", "task": "simulation"}
[2026-05-26 08:15:41.660 Z] [INFO] [cadence.virtuoso.ade.simulationMonitor] - Notice from spectre during circuit read-in.
    Pre_Configuration file used: /opt/tools/cadence/installs/SPECTRE241/tools.lnx86/spectre/etc/configs/preset.precfg
    Configuration file used: `/opt/tools/cadence/installs/SPECTRE241/tools.lnx86/spectre/etc/configs/preset.cfg'. {"history": "Interactive.76", "point": 20, "testname": "TRAN_VDD_PULSE", "cornername": "CMOS_RES_CAP_TEMP_18"}
[2026-05-26 08:15:41.660 Z] [WARN] [cadence.virtuoso.ade.simulationMonitor] -     WARNING (SPECTRE-8360): line 1511: `ac' is an undefined primitive device. {"history": "Interactive.76", "point": 20, "testname": "TRAN_VDD_PULSE", "cornername": "CMOS_RES_CAP_TEMP_18"}
[2026-05-26 08:15:41.660 Z] [WARN] [cadence.virtuoso.ade.simulationMonitor] -     WARNING (SPECTRE-8360): line 1512: `ac' is an undefined primitive device. {"history": "Interactive.76", "point": 20, "testname": "TRAN_VDD_PULSE", "cornername": "CMOS_RES_CAP_TEMP_18"}
[2026-05-26 08:15:41.660 Z] [WARN] [cadence.virtuoso.ade.simulationMonitor] -     WARNING (SPECTRE-8360): line 1513: `ac' is an undefined primitive device. {"history": "Interactive.76", "point": 20, "testname": "TRAN_VDD_PULSE", "cornername": "CMOS_RES_CAP_TEMP_18"}
[2026-05-26 08:15:41.660 Z] [WARN] [cadence.virtuoso.ade.simulationMonitor] -     WARNING (SPECTRE-8360): line 1514: `ac' is an undefined primitive device. {"history": "Interactive.76", "point": 20, "testname": "TRAN_VDD_PULSE", "cornername": "CMOS_RES_CAP_TEMP_18"}
[2026-05-26 08:15:41.660 Z] [WARN] [cadence.virtuoso.ade.simulationMonitor] -     WARNING (SPECTRE-8360): line 1515: `ac' is an undefined primitive device.
        Further occurrences of this warning will be suppressed. {"history": "Interactive.76", "point": 20, "testname": "TRAN_VDD_PULSE", "cornername": "CMOS_RES_CAP_TEMP_18"}
[2026-05-26 08:15:41.660 Z] [INFO] [cadence.virtuoso.ade.simulationMonitor] - Peak resident memory used = 173 Mbytes. {"history": "Interactive.76", "point": 20, "testname": "TRAN_VDD_PULSE", "cornername": "CMOS_RES_CAP_TEMP_18"}
[2026-05-26 08:15:41.660 Z] [WARN] [cadence.virtuoso.ade.simulationMonitor] -     WARNING (VACOMP-2435): The environment variable CDS_AHDLCMI_ENABLE is no longer supported. Therefore, the simulator will use the default compiled C code flow. {"history": "Interactive.76", "point": 20, "testname": "TRAN_VDD_PULSE", "cornername": "CMOS_RES_CAP_TEMP_18"}
[2026-05-26 08:15:41.660 Z] [WARN] [cadence.virtuoso.ade.simulationMonitor] -     WARNING (SFE-3014): The floating device I19.I0.I5.MN14<0>_turbo_m4 is removed. {"history": "Interactive.76", "point": 20, "testname": "TRAN_VDD_PULSE", "cornername": "CMOS_RES_CAP_TEMP_18"}
[2026-05-26 08:15:41.660 Z] [WARN] [cadence.virtuoso.ade.simulationMonitor] -     WARNING (SFE-3012): The dummy device I19.I4.MP16<0>_turbo_m41 is removed. {"history": "Interactive.76", "point": 20, "testname": "TRAN_VDD_PULSE", "cornername": "CMOS_RES_CAP_TEMP_18"}
[2026-05-26 08:15:41.660 Z] [WARN] [cadence.virtuoso.ade.simulationMonitor] -     WARNING (SFE-3014): The floating device I19.I8.MN57<0>_turbo_m28 is removed. {"history": "Interactive.76", "point": 20, "testname": "TRAN_VDD_PULSE", "cornername": "CMOS_RES_CAP_TEMP_18"}
[2026-05-26 08:15:41.661 Z] [WARN] [cadence.virtuoso.ade.simulationMonitor] -     WARNING (SFE-3012): The dummy device I19.I14.MP13<0>_turbo_m4 is removed. {"history": "Interactive.76", "point": 20, "testname": "TRAN_VDD_PULSE", "cornername": "CMOS_RES_CAP_TEMP_18"}
[2026-05-26 08:15:41.661 Z] [WARN] [cadence.virtuoso.ade.simulationMonitor] -     WARNING (SFE-3031): The floating capacitor I19.I12.C10<0>_turbo_m12.C1 is removed. {"history": "Interactive.76", "point": 20, "testname": "TRAN_VDD_PULSE", "cornername": "CMOS_RES_CAP_TEMP_18"}
[2026-05-26 08:15:41.661 Z] [WARN] [cadence.virtuoso.ade.simulationMonitor] -     WARNING (SFE-3014): The floating device I19.I2.MN37<0>_turbo_m4 is removed. {"history": "Interactive.76", "point": 20, "testname": "TRAN_VDD_PULSE", "cornername": "CMOS_RES_CAP_TEMP_18"}
[2026-05-26 08:15:41.661 Z] [WARN] [cadence.virtuoso.ade.simulationMonitor] -     WARNING (SFE-3012): The dummy device I19.I0.I5.MP12<0>_turbo_m2 is removed. {"history": "Interactive.76", "point": 20, "testname": "TRAN_VDD_PULSE", "cornername": "CMOS_RES_CAP_TEMP_18"}
[2026-05-26 08:15:41.661 Z] [WARN] [cadence.virtuoso.ade.simulationMonitor] -     WARNING (SFE-3014): The floating device I19.I0.MN13<0>_turbo_m4 is removed. {"history": "Interactive.76", "point": 20, "testname": "TRAN_VDD_PULSE", "cornername": "CMOS_RES_CAP_TEMP_18"}
[2026-05-26 08:15:41.661 Z] [WARN] [cadence.virtuoso.ade.simulationMonitor] -     WARNING (SFE-3012): The dummy device I19.I0.I3.MP13<0>_turbo_m4 is removed. {"history": "Interactive.76", "point": 20, "testname": "TRAN_VDD_PULSE", "cornername": "CMOS_RES_CAP_TEMP_18"}
[2026-05-26 08:15:41.661 Z] [WARN] [cadence.virtuoso.ade.simulationMonitor] -     WARNING (SFE-3031): The floating capacitor I19.I12.C6<0>_turbo_m3.C1 is removed. {"history": "Interactive.76", "point": 20, "testname": "TRAN_VDD_PULSE", "cornername": "CMOS_RES_CAP_TEMP_18"}
[2026-05-26 08:15:41.661 Z] [WARN] [cadence.virtuoso.ade.simulationMonitor] -     WARNING (SFE-3012): The dummy device I19.I0.MP11<0>_turbo_m4 is removed.
        Further occurrences of this warning will be suppressed. {"history": "Interactive.76", "point": 20, "testname": "TRAN_VDD_PULSE", "cornername": "CMOS_RES_CAP_TEMP_18"}
[2026-05-26 08:15:41.661 Z] [WARN] [cadence.virtuoso.ade.simulationMonitor] -     WARNING (SFE-3031): The floating capacitor I19.I11.C7<0>_turbo_m3.C1 is removed. {"history": "Interactive.76", "point": 20, "testname": "TRAN_VDD_PULSE", "cornername": "CMOS_RES_CAP_TEMP_18"}
[2026-05-26 08:15:41.661 Z] [WARN] [cadence.virtuoso.ade.simulationMonitor] -     WARNING (SFE-3014): The floating device I19.I12.MN57<0>_turbo_m28 is removed.
        Further occurrences of this warning will be suppressed. {"history": "Interactive.76", "point": 20, "testname": "TRAN_VDD_PULSE", "cornername": "CMOS_RES_CAP_TEMP_18"}
[2026-05-26 08:15:41.661 Z] [WARN] [cadence.virtuoso.ade.simulationMonitor] -     WARNING (SFE-3031): The floating capacitor I19.I11.C10<0>_turbo_m12.C1 is removed. {"history": "Interactive.76", "point": 20, "testname": "TRAN_VDD_PULSE", "cornername": "CMOS_RES_CAP_TEMP_18"}
[2026-05-26 08:15:41.661 Z] [WARN] [cadence.virtuoso.ade.simulationMonitor] -     WARNING (SFE-3031): The floating capacitor I19.I12.C7<0>_turbo_m3.C1 is removed.
        Further occurrences of this warning will be suppressed. {"history": "Interactive.76", "point": 20, "testname": "TRAN_VDD_PULSE", "cornername": "CMOS_RES_CAP_TEMP_18"}
[2026-05-26 08:15:41.661 Z] [INFO] [cadence.virtuoso.ade.simulationMonitor] - Notice from spectre during hierarchy flattening.
    The value 'psf' specified for the 'checklimitdest' option will no longer be supported in future releases. Use 'spectre -h' to see other recommended values for the 'checklimitdest' option. {"history": "Interactive.76", "point": 20, "testname": "TRAN_VDD_PULSE", "cornername": "CMOS_RES_CAP_TEMP_18"}
[2026-05-26 08:15:41.661 Z] [INFO] [cadence.virtuoso.ade.simulationMonitor] - Peak resident memory used = 189 Mbytes. {"history": "Interactive.76", "point": 20, "testname": "TRAN_VDD_PULSE", "cornername": "CMOS_RES_CAP_TEMP_18"}
[2026-05-26 08:15:41.661 Z] [INFO] [cadence.virtuoso.ade.simulationMonitor] - Notice from spectre during hierarchy flattening.
    The value 'psf' specified for the 'checklimitdest' option will no longer be supported in future releases. Use 'spectre -h' to see other recommended values for the 'checklimitdest' option.
    I19.I0.R10.CS0 of rpolyhc: `c' has the unusually small value of 0 F.
    I19.I0.R10.CS1 of rpolyhc: `c' has the unusually small value of 0 F.
    I19.I0.R9.CS0 of rpolyhc: `c' has the unusually small value of 0 F.
    I19.I0.R9.CS1 of rpolyhc: `c' has the unusually ... {"history": "Interactive.76", "point": 20, "testname": "TRAN_VDD_PULSE", "cornername": "CMOS_RES_CAP_TEMP_18"}
[2026-05-26 08:15:41.662 Z] [INFO] [cadence.virtuoso.ade.simulationMonitor] - Notice from spectre during hierarchy flattening.
    V17: `period' has the unusually large value of 20 s.
    V17: `width' has the unusually large value of 19 s.
    V16: `period' has the unusually large value of 10 s.
    V16: `width' has the unusually large value of 9 s.
    V9: `period' has the unusually large value of 10 s.
        Further occurrences of this notice will be suppressed. {"history": "Interactive.76", "point": 20, "testname": "TRAN_VDD_PULSE", "cornername": "CMOS_RES_CAP_TEMP_18"}
[2026-05-26 08:15:41.662 Z] [INFO] [cadence.virtuoso.ade.simulationMonitor] - Peak resident memory used = 192 Mbytes. {"history": "Interactive.76", "point": 20, "testname": "TRAN_VDD_PULSE", "cornername": "CMOS_RES_CAP_TEMP_18"}
[2026-05-26 08:15:41.662 Z] [WARN] [cadence.virtuoso.ade.simulationMonitor] -     WARNING (CMI-2425): I19.I0.C2: `Acde' = 2.393 is unusually large. {"history": "Interactive.76", "point": 20, "testname": "TRAN_VDD_PULSE", "cornername": "CMOS_RES_CAP_TEMP_18"}
[2026-05-26 08:15:41.662 Z] [WARN] [cadence.virtuoso.ade.simulationMonitor] -     WARNING (CMI-2425): I19.I0.C2: `Noff' = 4.732 is unusually large. {"history": "Interactive.76", "point": 20, "testname": "TRAN_VDD_PULSE", "cornername": "CMOS_RES_CAP_TEMP_18"}
[2026-05-26 08:15:41.662 Z] [WARN] [cadence.virtuoso.ade.simulationMonitor] -     WARNING (CMI-2424): I19.I0.C2: `Voffcv' = -867.4e-03 is unusually small. {"history": "Interactive.76", "point": 20, "testname": "TRAN_VDD_PULSE", "cornername": "CMOS_RES_CAP_TEMP_18"}
[2026-05-26 08:15:41.662 Z] [WARN] [cadence.virtuoso.ade.simulationMonitor] -     WARNING (CMI-2425): I19.I0.C3: `Acde' = 2.393 is unusually large. {"history": "Interactive.76", "point": 20, "testname": "TRAN_VDD_PULSE", "cornername": "CMOS_RES_CAP_TEMP_18"}
[2026-05-26 08:15:41.662 Z] [WARN] [cadence.virtuoso.ade.simulationMonitor] -     WARNING (CMI-2425): I19.I0.C3: `Noff' = 4.732 is unusually large. {"history": "Interactive.76", "point": 20, "testname": "TRAN_VDD_PULSE", "cornername": "CMOS_RES_CAP_TEMP_18"}
[2026-05-26 08:15:41.662 Z] [WARN] [cadence.virtuoso.ade.simulationMonitor] -     WARNING (CMI-2424): I19.I0.C3: `Voffcv' = -867.4e-03 is unusually small. {"history": "Interactive.76", "point": 20, "testname": "TRAN_VDD_PULSE", "cornername": "CMOS_RES_CAP_TEMP_18"}
[2026-05-26 08:15:41.662 Z] [WARN] [cadence.virtuoso.ade.simulationMonitor] -     WARNING (CMI-2425): I19.I0.C0: `Acde' = 2.393 is unusually large.
        Further occurrences of this warning will be suppressed. {"history": "Interactive.76", "point": 20, "testname": "TRAN_VDD_PULSE", "cornername": "CMOS_RES_CAP_TEMP_18"}
[2026-05-26 08:15:41.662 Z] [WARN] [cadence.virtuoso.ade.simulationMonitor] -     WARNING (CMI-2424): I19.I0.C0: `Voffcv' = -867.4e-03 is unusually small. {"history": "Interactive.76", "point": 20, "testname": "TRAN_VDD_PULSE", "cornername": "CMOS_RES_CAP_TEMP_18"}
[2026-05-26 08:15:41.662 Z] [WARN] [cadence.virtuoso.ade.simulationMonitor] -     WARNING (CMI-2424): I19.I0.I3.C1: `Voffcv' = -867.4e-03 is unusually small. {"history": "Interactive.76", "point": 20, "testname": "TRAN_VDD_PULSE", "cornername": "CMOS_RES_CAP_TEMP_18"}
[2026-05-26 08:15:41.662 Z] [WARN] [cadence.virtuoso.ade.simulationMonitor] -     WARNING (CMI-2424): I19.I0.C1<0>_turbo_m5: `Voffcv' = -867.4e-03 is unusually small.
        Further occurrences of this warning will be suppressed. {"history": "Interactive.76", "point": 20, "testname": "TRAN_VDD_PULSE", "cornername": "CMOS_RES_CAP_TEMP_18"}
[2026-05-26 08:15:41.662 Z] [WARN] [cadence.virtuoso.ade.simulationMonitor] -     WARNING (SPECTRE-17607): Assert `SOAC_rpolyh_vminuspsub' is ignored because it contains an expression which is invalid or not supported by native evaluator.  {"history": "Interactive.76", "point": 20, "testname": "TRAN_VDD_PULSE", "cornername": "CMOS_RES_CAP_TEMP_18"}
[2026-05-26 08:15:41.662 Z] [WARN] [cadence.virtuoso.ade.simulationMonitor] -     WARNING (SPECTRE-17607): Assert `SOAC_rpolyh_vpluspsub' is ignored because it contains an expression which is invalid or not supported by native evaluator.  {"history": "Interactive.76", "point": 20, "testname": "TRAN_VDD_PULSE", "cornername": "CMOS_RES_CAP_TEMP_18"}
[2026-05-26 08:15:41.662 Z] [WARN] [cadence.virtuoso.ade.simulationMonitor] -     WARNING (SPECTRE-16460): SOAC_cvarm_vspsub:Specified subcircuit master `cvarm' was not found. {"history": "Interactive.76", "point": 20, "testname": "TRAN_VDD_PULSE", "cornername": "CMOS_RES_CAP_TEMP_18"}
[2026-05-26 08:15:41.662 Z] [WARN] [cadence.virtuoso.ade.simulationMonitor] -     WARNING (SPECTRE-16462): SOAC_cvarm_vspsub:Error in specification of subcircuit master. Assert is ignored. {"history": "Interactive.76", "point": 20, "testname": "TRAN_VDD_PULSE", "cornername": "CMOS_RES_CAP_TEMP_18"}
[2026-05-26 08:15:41.662 Z] [WARN] [cadence.virtuoso.ade.simulationMonitor] -     WARNING (SPECTRE-16460): SOAC_cvarm_vbs:Specified subcircuit master `cvarm' was not found. {"history": "Interactive.76", "point": 20, "testname": "TRAN_VDD_PULSE", "cornername": "CMOS_RES_CAP_TEMP_18"}
[2026-05-26 08:15:41.663 Z] [WARN] [cadence.virtuoso.ade.simulationMonitor] -     WARNING (SPECTRE-16462): SOAC_cvarm_vbs:Error in specification of subcircuit master. Assert is ignored. {"history": "Interactive.76", "point": 20, "testname": "TRAN_VDD_PULSE", "cornername": "CMOS_RES_CAP_TEMP_18"}
[2026-05-26 08:15:41.663 Z] [WARN] [cadence.virtuoso.ade.simulationMonitor] -     WARNING (SPECTRE-16460): SOAC_cvarm_vgb:Specified subcircuit master `cvarm' was not found. {"history": "Interactive.76", "point": 20, "testname": "TRAN_VDD_PULSE", "cornername": "CMOS_RES_CAP_TEMP_18"}
[2026-05-26 08:15:41.663 Z] [WARN] [cadence.virtuoso.ade.simulationMonitor] -     WARNING (SPECTRE-16462): SOAC_cvarm_vgb:Error in specification of subcircuit master. Assert is ignored. {"history": "Interactive.76", "point": 20, "testname": "TRAN_VDD_PULSE", "cornername": "CMOS_RES_CAP_TEMP_18"}
[2026-05-26 08:15:41.663 Z] [WARN] [cadence.virtuoso.ade.simulationMonitor] -     WARNING (SPECTRE-16460): SOAC_cvart_vspsub:Specified subcircuit master `cvart' was not found. {"history": "Interactive.76", "point": 20, "testname": "TRAN_VDD_PULSE", "cornername": "CMOS_RES_CAP_TEMP_18"}
[2026-05-26 08:15:41.663 Z] [WARN] [cadence.virtuoso.ade.simulationMonitor] -     WARNING (SPECTRE-16462): SOAC_cvart_vspsub:Error in specification of subcircuit master. Assert is ignored. {"history": "Interactive.76", "point": 20, "testname": "TRAN_VDD_PULSE", "cornername": "CMOS_RES_CAP_TEMP_18"}
[2026-05-26 08:15:41.663 Z] [WARN] [cadence.virtuoso.ade.simulationMonitor] -     WARNING (SPECTRE-16460): SOAC_cvart_vbs:Specified subcircuit master `cvart' was not found.
        Further occurrences of this warning will be suppressed. {"history": "Interactive.76", "point": 20, "testname": "TRAN_VDD_PULSE", "cornername": "CMOS_RES_CAP_TEMP_18"}
[2026-05-26 08:15:41.663 Z] [WARN] [cadence.virtuoso.ade.simulationMonitor] -     WARNING (SPECTRE-16462): SOAC_cvart_vbs:Error in specification of subcircuit master. Assert is ignored.
        Further occurrences of this warning will be suppressed. {"history": "Interactive.76", "point": 20, "testname": "TRAN_VDD_PULSE", "cornername": "CMOS_RES_CAP_TEMP_18"}
[2026-05-26 08:15:41.663 Z] [WARN] [cadence.virtuoso.ade.simulationMonitor] -     WARNING (SPECTRE-17607): Assert `SOAC_cvar_vspsub' is ignored because it contains an expression which is invalid or not supported by native evaluator.  {"history": "Interactive.76", "point": 20, "testname": "TRAN_VDD_PULSE", "cornername": "CMOS_RES_CAP_TEMP_18"}
[2026-05-26 08:15:41.663 Z] [WARN] [cadence.virtuoso.ade.simulationMonitor] -     WARNING (SPECTRE-17607): Assert `SOAC_cvar_vbpsub' is ignored because it contains an expression which is invalid or not supported by native evaluator.  {"history": "Interactive.76", "point": 20, "testname": "TRAN_VDD_PULSE", "cornername": "CMOS_RES_CAP_TEMP_18"}
[2026-05-26 08:15:41.663 Z] [WARN] [cadence.virtuoso.ade.simulationMonitor] -     WARNING (SPECTRE-17607): Assert `SOAC_cvar_vgpsub' is ignored because it contains an expression which is invalid or not supported by native evaluator. 
        Further occurrences of this warning will be suppressed. {"history": "Interactive.76", "point": 20, "testname": "TRAN_VDD_PULSE", "cornername": "CMOS_RES_CAP_TEMP_18"}
[2026-05-26 08:15:42.163 Z] [INFO] [cadence.virtuoso.ade.simulationMonitor] - Notice from spectre during topology check.
    No DC path from node `net19' to ground, Gmin installed to provide path. {"history": "Interactive.76", "point": 20, "testname": "TRAN_VDD_PULSE", "cornername": "CMOS_RES_CAP_TEMP_18"}
[2026-05-26 08:15:42.163 Z] [INFO] [cadence.virtuoso.ade.simulationMonitor] - Notice from spectre during initial setup.
    Multithreading is disabled due to the size of the design being too small. {"history": "Interactive.76", "point": 20, "testname": "TRAN_VDD_PULSE", "cornername": "CMOS_RES_CAP_TEMP_18"}
[2026-05-26 08:15:42.164 Z] [WARN] [cadence.virtuoso.ade.simulationMonitor] -     WARNING (SPECTRE-592): Following parameters are disabled because they are ignored or redefined in Spectre X:
        Option Parameters:
          reltol
        
         {"history": "Interactive.76", "point": 20, "testname": "TRAN_VDD_PULSE", "cornername": "CMOS_RES_CAP_TEMP_18"}
[2026-05-26 08:15:42.164 Z] [INFO] [cadence.virtuoso.ade.simulationMonitor] -               nodes 784 {"history": "Interactive.76", "point": 20, "testname": "TRAN_VDD_PULSE", "cornername": "CMOS_RES_CAP_TEMP_18"}
[2026-05-26 08:15:42.164 Z] [INFO] [cadence.virtuoso.ade.simulationMonitor] - Notice from spectre during initial setup.
    4 vsources are shorted because their absolute value is less than or equal to 'vabsshort'.
    Spectre X preset=vx enabled.
    18 notices suppressed.
    154 warnings suppressed. {"history": "Interactive.76", "point": 20, "testname": "TRAN_VDD_PULSE", "cornername": "CMOS_RES_CAP_TEMP_18"}
[2026-05-26 08:15:42.164 Z] [INFO] [cadence.virtuoso.ade.simulationMonitor] - Peak resident memory used = 212 Mbytes. {"history": "Interactive.76", "point": 20, "testname": "TRAN_VDD_PULSE", "cornername": "CMOS_RES_CAP_TEMP_18"}
[2026-05-26 08:15:42.164 Z] [INFO] [cadence.virtuoso.ade.simulationMonitor] -    -   (Spectre X) Multi-threading. The recommended number of threads is 1, consider adding +mt=1 on command line. {"history": "Interactive.76", "point": 20, "testname": "TRAN_VDD_PULSE", "cornername": "CMOS_RES_CAP_TEMP_18"}
[2026-05-26 08:15:42.164 Z] [INFO] [cadence.virtuoso.ade.simulationMonitor] - Notice from spectre during DC analysis `dcOp'.
    No checklimit analysis defined for asserts. A default checklimit analysis 'SpectreChecklimitAnal' has been created with all asserts enabled. {"history": "Interactive.76", "point": 20, "testname": "TRAN_VDD_PULSE", "cornername": "CMOS_RES_CAP_TEMP_18"}
[2026-05-26 08:15:42.164 Z] [INFO] [cadence.virtuoso.ade.simulationMonitor] - Notice from spectre during DC analysis `dcOp'.
    GminDC = 1 pS is large enough to noticeably affect the DC solution.
        dV(I19.I2.C1.d1) = 1.09731 mV
        Use the `gmin_check' option to eliminate or expand this report.
    Bad pivoting is found during DC analysis. Option dc_pivot_check=yes is recommended for possible improvement of convergence. {"history": "Interactive.76", "point": 20, "testname": "TRAN_VDD_PULSE", "cornername": "CMOS_RES_CAP_TEMP_18"}
[2026-05-26 08:15:42.164 Z] [WARN] [cadence.virtuoso.ade.simulationMonitor] -     WARNING (CMI-2943): Parameter checks have been ignored because the valid value for parameter 'trise' could not be found in 'C0'. {"history": "Interactive.76", "point": 20, "testname": "TRAN_VDD_PULSE", "cornername": "CMOS_RES_CAP_TEMP_18"}
[2026-05-26 08:15:42.164 Z] [WARN] [cadence.virtuoso.ade.simulationMonitor] -     WARNING (CMI-2943): Parameter checks have been ignored because the valid value for parameter 'trise' could not be found in 'C3'. {"history": "Interactive.76", "point": 20, "testname": "TRAN_VDD_PULSE", "cornername": "CMOS_RES_CAP_TEMP_18"}
[2026-05-26 08:15:42.164 Z] [WARN] [cadence.virtuoso.ade.simulationMonitor] -     WARNING (CMI-2943): Parameter checks have been ignored because the valid value for parameter 'trise' could not be found in 'C4'. {"history": "Interactive.76", "point": 20, "testname": "TRAN_VDD_PULSE", "cornername": "CMOS_RES_CAP_TEMP_18"}
[2026-05-26 08:15:42.164 Z] [WARN] [cadence.virtuoso.ade.simulationMonitor] -     WARNING (CMI-2943): Parameter checks have been ignored because the valid value for parameter 'trise' could not be found in 'C5'. {"history": "Interactive.76", "point": 20, "testname": "TRAN_VDD_PULSE", "cornername": "CMOS_RES_CAP_TEMP_18"}
[2026-05-26 08:15:42.164 Z] [WARN] [cadence.virtuoso.ade.simulationMonitor] -     WARNING (CMI-2943): Parameter checks have been ignored because the valid value for parameter 'trise' could not be found in 'I19.I4.C9<0>_turbo_m6.C1'.
        Further occurrences of this warning will be suppressed. {"history": "Interactive.76", "point": 20, "testname": "TRAN_VDD_PULSE", "cornername": "CMOS_RES_CAP_TEMP_18"}
[2026-05-26 08:15:42.164 Z] [INFO] [cadence.virtuoso.ade.simulationMonitor] - Total time required for dc analysis `dcOp': CPU = 50.659 ms, elapsed = 70.3001 ms, util. = 72.1%. {"history": "Interactive.76", "point": 20, "testname": "TRAN_VDD_PULSE", "cornername": "CMOS_RES_CAP_TEMP_18"}
[2026-05-26 08:15:42.164 Z] [INFO] [cadence.virtuoso.ade.simulationMonitor] - Peak resident memory used = 223 Mbytes. {"history": "Interactive.76", "point": 20, "testname": "TRAN_VDD_PULSE", "cornername": "CMOS_RES_CAP_TEMP_18"}
[2026-05-26 08:15:42.164 Z] [INFO] [cadence.virtuoso.ade.simulationMonitor] - Notice from spectre.
    308 warnings suppressed. {"history": "Interactive.76", "point": 20, "testname": "TRAN_VDD_PULSE", "cornername": "CMOS_RES_CAP_TEMP_18"}
[2026-05-26 08:15:42.165 Z] [INFO] [cadence.virtuoso.ade.simulationMonitor] - Notice from spectre during IC analysis, during transient analysis `tran'.
    GminDC = 1 pS is large enough to noticeably affect the DC solution.
        dV(I19.I2.C1.d1) = 1.09731 mV
        Use the `gmin_check' option to eliminate or expand this report.
    Bad pivoting is found during DC analysis. Option dc_pivot_check=yes is recommended for possible improvement of convergence. {"history": "Interactive.76", "point": 20, "testname": "TRAN_VDD_PULSE", "cornername": "CMOS_RES_CAP_TEMP_18"}
[2026-05-26 08:15:42.165 Z] [WARN] [cadence.virtuoso.ade.simulationMonitor] -     WARNING (CMI-2943): Parameter checks have been ignored because the valid value for parameter 'trise' could not be found in 'C0'. {"history": "Interactive.76", "point": 20, "testname": "TRAN_VDD_PULSE", "cornername": "CMOS_RES_CAP_TEMP_18"}
[2026-05-26 08:15:42.165 Z] [WARN] [cadence.virtuoso.ade.simulationMonitor] -     WARNING (CMI-2943): Parameter checks have been ignored because the valid value for parameter 'trise' could not be found in 'C3'. {"history": "Interactive.76", "point": 20, "testname": "TRAN_VDD_PULSE", "cornername": "CMOS_RES_CAP_TEMP_18"}
[2026-05-26 08:15:42.165 Z] [WARN] [cadence.virtuoso.ade.simulationMonitor] -     WARNING (CMI-2943): Parameter checks have been ignored because the valid value for parameter 'trise' could not be found in 'C4'. {"history": "Interactive.76", "point": 20, "testname": "TRAN_VDD_PULSE", "cornername": "CMOS_RES_CAP_TEMP_18"}
[2026-05-26 08:15:42.165 Z] [WARN] [cadence.virtuoso.ade.simulationMonitor] -     WARNING (CMI-2943): Parameter checks have been ignored because the valid value for parameter 'trise' could not be found in 'C5'. {"history": "Interactive.76", "point": 20, "testname": "TRAN_VDD_PULSE", "cornername": "CMOS_RES_CAP_TEMP_18"}
[2026-05-26 08:15:42.165 Z] [WARN] [cadence.virtuoso.ade.simulationMonitor] -     WARNING (CMI-2943): Parameter checks have been ignored because the valid value for parameter 'trise' could not be found in 'I19.I4.C9<0>_turbo_m6.C1'.
        Further occurrences of this warning will be suppressed. {"history": "Interactive.76", "point": 20, "testname": "TRAN_VDD_PULSE", "cornername": "CMOS_RES_CAP_TEMP_18"}
[2026-05-26 08:15:42.165 Z] [INFO] [cadence.virtuoso.ade.simulationMonitor] - Notice from spectre during transient analysis `tran'.
    Output compression for transient analysis is enabled. {"history": "Interactive.76", "point": 20, "testname": "TRAN_VDD_PULSE", "cornername": "CMOS_RES_CAP_TEMP_18"}
[2026-05-26 08:15:42.165 Z] [INFO] [cadence.virtuoso.ade.simulationMonitor] - Notice from spectre during transient analysis `tran'.
    Multithreading is disabled due to the size of the design being too small. {"history": "Interactive.76", "point": 20, "testname": "TRAN_VDD_PULSE", "cornername": "CMOS_RES_CAP_TEMP_18"}
[2026-05-26 08:16:59.186 Z] [INFO] [cadence.virtuoso.ade.simulationMonitor] - Total time required for tran analysis `tran': CPU = 76.3615 s (1m  16.4s), elapsed = 76.9072 s (1m  16.9s), util. = 99.3%. {"history": "Interactive.76", "point": 20, "testname": "TRAN_VDD_PULSE", "cornername": "CMOS_RES_CAP_TEMP_18"}
[2026-05-26 08:16:59.186 Z] [INFO] [cadence.virtuoso.ade.simulationMonitor] - Peak resident memory used = 230 Mbytes. {"history": "Interactive.76", "point": 20, "testname": "TRAN_VDD_PULSE", "cornername": "CMOS_RES_CAP_TEMP_18"}
[2026-05-26 08:16:59.186 Z] [INFO] [cadence.virtuoso.ade.simulationMonitor] - Notice from spectre.
    308 warnings suppressed. {"history": "Interactive.76", "point": 20, "testname": "TRAN_VDD_PULSE", "cornername": "CMOS_RES_CAP_TEMP_18"}
[2026-05-26 08:16:59.186 Z] [WARN] [cadence.virtuoso.ade.simulationMonitor] -     WARNING (CMI-2425): I19.I2.C1: `Acde' = 2.393 is unusually large. {"history": "Interactive.76", "point": 20, "testname": "TRAN_VDD_PULSE", "cornername": "CMOS_RES_CAP_TEMP_18"}
[2026-05-26 08:16:59.187 Z] [WARN] [cadence.virtuoso.ade.simulationMonitor] -     WARNING (CMI-2425): I19.I2.C1: `Noff' = 4.732 is unusually large. {"history": "Interactive.76", "point": 20, "testname": "TRAN_VDD_PULSE", "cornername": "CMOS_RES_CAP_TEMP_18"}
[2026-05-26 08:16:59.187 Z] [WARN] [cadence.virtuoso.ade.simulationMonitor] -     WARNING (CMI-2424): I19.I2.C1: `Voffcv' = -867.4e-03 is unusually small. {"history": "Interactive.76", "point": 20, "testname": "TRAN_VDD_PULSE", "cornername": "CMOS_RES_CAP_TEMP_18"}
[2026-05-26 08:16:59.187 Z] [WARN] [cadence.virtuoso.ade.simulationMonitor] -     WARNING (CMI-2425): I19.I8.C0: `Acde' = 2.393 is unusually large. {"history": "Interactive.76", "point": 20, "testname": "TRAN_VDD_PULSE", "cornername": "CMOS_RES_CAP_TEMP_18"}
[2026-05-26 08:16:59.187 Z] [WARN] [cadence.virtuoso.ade.simulationMonitor] -     WARNING (CMI-2425): I19.I8.C0: `Noff' = 4.732 is unusually large. {"history": "Interactive.76", "point": 20, "testname": "TRAN_VDD_PULSE", "cornername": "CMOS_RES_CAP_TEMP_18"}
[2026-05-26 08:16:59.187 Z] [WARN] [cadence.virtuoso.ade.simulationMonitor] -     WARNING (CMI-2424): I19.I8.C0: `Voffcv' = -867.4e-03 is unusually small. {"history": "Interactive.76", "point": 20, "testname": "TRAN_VDD_PULSE", "cornername": "CMOS_RES_CAP_TEMP_18"}
[2026-05-26 08:16:59.187 Z] [WARN] [cadence.virtuoso.ade.simulationMonitor] -     WARNING (CMI-2425): I19.I8.C1: `Acde' = 2.393 is unusually large.
        Further occurrences of this warning will be suppressed. {"history": "Interactive.76", "point": 20, "testname": "TRAN_VDD_PULSE", "cornername": "CMOS_RES_CAP_TEMP_18"}
[2026-05-26 08:16:59.187 Z] [WARN] [cadence.virtuoso.ade.simulationMonitor] -     WARNING (CMI-2424): I19.I8.C1: `Voffcv' = -867.4e-03 is unusually small. {"history": "Interactive.76", "point": 20, "testname": "TRAN_VDD_PULSE", "cornername": "CMOS_RES_CAP_TEMP_18"}
[2026-05-26 08:16:59.187 Z] [WARN] [cadence.virtuoso.ade.simulationMonitor] -     WARNING (CMI-2424): I19.I14.C1: `Voffcv' = -867.4e-03 is unusually small. {"history": "Interactive.76", "point": 20, "testname": "TRAN_VDD_PULSE", "cornername": "CMOS_RES_CAP_TEMP_18"}
[2026-05-26 08:16:59.187 Z] [WARN] [cadence.virtuoso.ade.simulationMonitor] -     WARNING (CMI-2424): I19.I14.C4: `Voffcv' = -867.4e-03 is unusually small.
        Further occurrences of this warning will be suppressed. {"history": "Interactive.76", "point": 20, "testname": "TRAN_VDD_PULSE", "cornername": "CMOS_RES_CAP_TEMP_18"}
[2026-05-26 08:16:59.187 Z] [INFO] [cadence.virtuoso.ade.simulationMonitor] - Notice from spectre.
    56 warnings suppressed. {"history": "Interactive.76", "point": 20, "testname": "TRAN_VDD_PULSE", "cornername": "CMOS_RES_CAP_TEMP_18"}
[2026-05-26 08:16:59.187 Z] [WARN] [cadence.virtuoso.ade.simulationMonitor] -     WARNING (CMI-2425): I19.I2.C1: `Acde' = 2.393 is unusually large. {"history": "Interactive.76", "point": 20, "testname": "TRAN_VDD_PULSE", "cornername": "CMOS_RES_CAP_TEMP_18"}
[2026-05-26 08:16:59.187 Z] [WARN] [cadence.virtuoso.ade.simulationMonitor] -     WARNING (CMI-2425): I19.I2.C1: `Noff' = 4.732 is unusually large. {"history": "Interactive.76", "point": 20, "testname": "TRAN_VDD_PULSE", "cornername": "CMOS_RES_CAP_TEMP_18"}
[2026-05-26 08:16:59.187 Z] [WARN] [cadence.virtuoso.ade.simulationMonitor] -     WARNING (CMI-2424): I19.I2.C1: `Voffcv' = -867.4e-03 is unusually small. {"history": "Interactive.76", "point": 20, "testname": "TRAN_VDD_PULSE", "cornername": "CMOS_RES_CAP_TEMP_18"}
[2026-05-26 08:16:59.187 Z] [WARN] [cadence.virtuoso.ade.simulationMonitor] -     WARNING (CMI-2425): I19.I8.C0: `Acde' = 2.393 is unusually large. {"history": "Interactive.76", "point": 20, "testname": "TRAN_VDD_PULSE", "cornername": "CMOS_RES_CAP_TEMP_18"}
[2026-05-26 08:16:59.187 Z] [WARN] [cadence.virtuoso.ade.simulationMonitor] -     WARNING (CMI-2425): I19.I8.C0: `Noff' = 4.732 is unusually large. {"history": "Interactive.76", "point": 20, "testname": "TRAN_VDD_PULSE", "cornername": "CMOS_RES_CAP_TEMP_18"}
[2026-05-26 08:16:59.188 Z] [WARN] [cadence.virtuoso.ade.simulationMonitor] -     WARNING (CMI-2424): I19.I8.C0: `Voffcv' = -867.4e-03 is unusually small. {"history": "Interactive.76", "point": 20, "testname": "TRAN_VDD_PULSE", "cornername": "CMOS_RES_CAP_TEMP_18"}
[2026-05-26 08:16:59.188 Z] [WARN] [cadence.virtuoso.ade.simulationMonitor] -     WARNING (CMI-2425): I19.I8.C1: `Acde' = 2.393 is unusually large.
        Further occurrences of this warning will be suppressed. {"history": "Interactive.76", "point": 20, "testname": "TRAN_VDD_PULSE", "cornername": "CMOS_RES_CAP_TEMP_18"}
[2026-05-26 08:16:59.188 Z] [WARN] [cadence.virtuoso.ade.simulationMonitor] -     WARNING (CMI-2424): I19.I8.C1: `Voffcv' = -867.4e-03 is unusually small. {"history": "Interactive.76", "point": 20, "testname": "TRAN_VDD_PULSE", "cornername": "CMOS_RES_CAP_TEMP_18"}
[2026-05-26 08:16:59.188 Z] [WARN] [cadence.virtuoso.ade.simulationMonitor] -     WARNING (CMI-2424): I19.I14.C1: `Voffcv' = -867.4e-03 is unusually small. {"history": "Interactive.76", "point": 20, "testname": "TRAN_VDD_PULSE", "cornername": "CMOS_RES_CAP_TEMP_18"}
[2026-05-26 08:16:59.188 Z] [WARN] [cadence.virtuoso.ade.simulationMonitor] -     WARNING (CMI-2424): I19.I14.C4: `Voffcv' = -867.4e-03 is unusually small.
        Further occurrences of this warning will be suppressed. {"history": "Interactive.76", "point": 20, "testname": "TRAN_VDD_PULSE", "cornername": "CMOS_RES_CAP_TEMP_18"}
[2026-05-26 08:16:59.188 Z] [INFO] [cadence.virtuoso.ade.simulationMonitor] - Notice from spectre.
    59 warnings suppressed. {"history": "Interactive.76", "point": 20, "testname": "TRAN_VDD_PULSE", "cornername": "CMOS_RES_CAP_TEMP_18"}
[2026-05-26 08:16:59.188 Z] [WARN] [cadence.virtuoso.ade.simulationMonitor] -     WARNING (CMI-2425): I19.I2.C1: `Acde' = 2.393 is unusually large. {"history": "Interactive.76", "point": 20, "testname": "TRAN_VDD_PULSE", "cornername": "CMOS_RES_CAP_TEMP_18"}
[2026-05-26 08:16:59.188 Z] [WARN] [cadence.virtuoso.ade.simulationMonitor] -     WARNING (CMI-2425): I19.I2.C1: `Noff' = 4.732 is unusually large. {"history": "Interactive.76", "point": 20, "testname": "TRAN_VDD_PULSE", "cornername": "CMOS_RES_CAP_TEMP_18"}
[2026-05-26 08:16:59.188 Z] [WARN] [cadence.virtuoso.ade.simulationMonitor] -     WARNING (CMI-2424): I19.I2.C1: `Voffcv' = -867.4e-03 is unusually small. {"history": "Interactive.76", "point": 20, "testname": "TRAN_VDD_PULSE", "cornername": "CMOS_RES_CAP_TEMP_18"}
[2026-05-26 08:16:59.188 Z] [WARN] [cadence.virtuoso.ade.simulationMonitor] -     WARNING (CMI-2425): I19.I8.C0: `Acde' = 2.393 is unusually large. {"history": "Interactive.76", "point": 20, "testname": "TRAN_VDD_PULSE", "cornername": "CMOS_RES_CAP_TEMP_18"}
[2026-05-26 08:16:59.188 Z] [WARN] [cadence.virtuoso.ade.simulationMonitor] -     WARNING (CMI-2425): I19.I8.C0: `Noff' = 4.732 is unusually large. {"history": "Interactive.76", "point": 20, "testname": "TRAN_VDD_PULSE", "cornername": "CMOS_RES_CAP_TEMP_18"}
[2026-05-26 08:16:59.188 Z] [WARN] [cadence.virtuoso.ade.simulationMonitor] -     WARNING (CMI-2424): I19.I8.C0: `Voffcv' = -867.4e-03 is unusually small. {"history": "Interactive.76", "point": 20, "testname": "TRAN_VDD_PULSE", "cornername": "CMOS_RES_CAP_TEMP_18"}
[2026-05-26 08:16:59.188 Z] [WARN] [cadence.virtuoso.ade.simulationMonitor] -     WARNING (CMI-2425): I19.I8.C1: `Acde' = 2.393 is unusually large.
        Further occurrences of this warning will be suppressed. {"history": "Interactive.76", "point": 20, "testname": "TRAN_VDD_PULSE", "cornername": "CMOS_RES_CAP_TEMP_18"}
[2026-05-26 08:16:59.188 Z] [WARN] [cadence.virtuoso.ade.simulationMonitor] -     WARNING (CMI-2424): I19.I8.C1: `Voffcv' = -867.4e-03 is unusually small. {"history": "Interactive.76", "point": 20, "testname": "TRAN_VDD_PULSE", "cornername": "CMOS_RES_CAP_TEMP_18"}
[2026-05-26 08:16:59.188 Z] [WARN] [cadence.virtuoso.ade.simulationMonitor] -     WARNING (CMI-2424): I19.I14.C1: `Voffcv' = -867.4e-03 is unusually small. {"history": "Interactive.76", "point": 20, "testname": "TRAN_VDD_PULSE", "cornername": "CMOS_RES_CAP_TEMP_18"}
[2026-05-26 08:16:59.189 Z] [WARN] [cadence.virtuoso.ade.simulationMonitor] -     WARNING (CMI-2424): I19.I14.C4: `Voffcv' = -867.4e-03 is unusually small.
        Further occurrences of this warning will be suppressed. {"history": "Interactive.76", "point": 20, "testname": "TRAN_VDD_PULSE", "cornername": "CMOS_RES_CAP_TEMP_18"}
[2026-05-26 08:16:59.189 Z] [INFO] [cadence.virtuoso.ade.simulationMonitor] - Notice from spectre.
    56 warnings suppressed. {"history": "Interactive.76", "point": 20, "testname": "TRAN_VDD_PULSE", "cornername": "CMOS_RES_CAP_TEMP_18"}
[2026-05-26 08:16:59.189 Z] [WARN] [cadence.virtuoso.ade.simulationMonitor] -     WARNING (CMI-2425): I19.I2.C1: `Acde' = 2.393 is unusually large. {"history": "Interactive.76", "point": 20, "testname": "TRAN_VDD_PULSE", "cornername": "CMOS_RES_CAP_TEMP_18"}
[2026-05-26 08:16:59.189 Z] [WARN] [cadence.virtuoso.ade.simulationMonitor] -     WARNING (CMI-2425): I19.I2.C1: `Noff' = 4.732 is unusually large. {"history": "Interactive.76", "point": 20, "testname": "TRAN_VDD_PULSE", "cornername": "CMOS_RES_CAP_TEMP_18"}
[2026-05-26 08:16:59.189 Z] [WARN] [cadence.virtuoso.ade.simulationMonitor] -     WARNING (CMI-2424): I19.I2.C1: `Voffcv' = -867.4e-03 is unusually small. {"history": "Interactive.76", "point": 20, "testname": "TRAN_VDD_PULSE", "cornername": "CMOS_RES_CAP_TEMP_18"}
[2026-05-26 08:16:59.189 Z] [WARN] [cadence.virtuoso.ade.simulationMonitor] -     WARNING (CMI-2425): I19.I8.C0: `Acde' = 2.393 is unusually large. {"history": "Interactive.76", "point": 20, "testname": "TRAN_VDD_PULSE", "cornername": "CMOS_RES_CAP_TEMP_18"}
[2026-05-26 08:16:59.189 Z] [WARN] [cadence.virtuoso.ade.simulationMonitor] -     WARNING (CMI-2425): I19.I8.C0: `Noff' = 4.732 is unusually large. {"history": "Interactive.76", "point": 20, "testname": "TRAN_VDD_PULSE", "cornername": "CMOS_RES_CAP_TEMP_18"}
[2026-05-26 08:16:59.189 Z] [WARN] [cadence.virtuoso.ade.simulationMonitor] -     WARNING (CMI-2424): I19.I8.C0: `Voffcv' = -867.4e-03 is unusually small. {"history": "Interactive.76", "point": 20, "testname": "TRAN_VDD_PULSE", "cornername": "CMOS_RES_CAP_TEMP_18"}
[2026-05-26 08:16:59.189 Z] [WARN] [cadence.virtuoso.ade.simulationMonitor] -     WARNING (CMI-2425): I19.I8.C1: `Acde' = 2.393 is unusually large.
        Further occurrences of this warning will be suppressed. {"history": "Interactive.76", "point": 20, "testname": "TRAN_VDD_PULSE", "cornername": "CMOS_RES_CAP_TEMP_18"}
[2026-05-26 08:16:59.189 Z] [WARN] [cadence.virtuoso.ade.simulationMonitor] -     WARNING (CMI-2424): I19.I8.C1: `Voffcv' = -867.4e-03 is unusually small. {"history": "Interactive.76", "point": 20, "testname": "TRAN_VDD_PULSE", "cornername": "CMOS_RES_CAP_TEMP_18"}
[2026-05-26 08:16:59.189 Z] [WARN] [cadence.virtuoso.ade.simulationMonitor] -     WARNING (CMI-2424): I19.I14.C1: `Voffcv' = -867.4e-03 is unusually small. {"history": "Interactive.76", "point": 20, "testname": "TRAN_VDD_PULSE", "cornername": "CMOS_RES_CAP_TEMP_18"}
[2026-05-26 08:16:59.189 Z] [WARN] [cadence.virtuoso.ade.simulationMonitor] -     WARNING (CMI-2424): I19.I14.C4: `Voffcv' = -867.4e-03 is unusually small.
        Further occurrences of this warning will be suppressed. {"history": "Interactive.76", "point": 20, "testname": "TRAN_VDD_PULSE", "cornername": "CMOS_RES_CAP_TEMP_18"}
[2026-05-26 08:16:59.189 Z] [INFO] [cadence.virtuoso.ade.simulationMonitor] - Notice from spectre.
    56 warnings suppressed. {"history": "Interactive.76", "point": 20, "testname": "TRAN_VDD_PULSE", "cornername": "CMOS_RES_CAP_TEMP_18"}
[2026-05-26 08:16:59.189 Z] [INFO] [cadence.virtuoso.ade.simulationMonitor] - Time used: CPU = 76.8 s (1m  16.8s), elapsed = 77.6 s (1m  17.6s), util. = 98.9%. {"history": "Interactive.76", "point": 20, "testname": "TRAN_VDD_PULSE", "cornername": "CMOS_RES_CAP_TEMP_18"}
[2026-05-26 08:16:59.189 Z] [INFO] [cadence.virtuoso.ade.simulationMonitor] - Time spent in licensing: elapsed = 38.1 ms. {"history": "Interactive.76", "point": 20, "testname": "TRAN_VDD_PULSE", "cornername": "CMOS_RES_CAP_TEMP_18"}
[2026-05-26 08:16:59.190 Z] [INFO] [cadence.virtuoso.ade.simulationMonitor] - Peak memory used = 230 Mbytes. {"history": "Interactive.76", "point": 20, "testname": "TRAN_VDD_PULSE", "cornername": "CMOS_RES_CAP_TEMP_18"}
[2026-05-26 08:16:59.190 Z] [PROCESS] [cadence.virtuoso.ade.simulationMonitor] - Simulation started at: 8:15:41 AM, Tue May 26, 2026, ended at: 8:16:58 AM, Tue May 26, 2026, with elapsed time (wall clock): 77.6 s (1m  17.6s). {"history": "Interactive.76", "point": 20, "testname": "TRAN_VDD_PULSE", "cornername": "CMOS_RES_CAP_TEMP_18"}
[2026-05-26 08:16:59.190 Z] [PROCESS] [cadence.virtuoso.ade.simulationMonitor] - spectre completes with 0 errors, 97 warnings, and 35 notices. {"history": "Interactive.76", "point": 20, "testname": "TRAN_VDD_PULSE", "cornername": "CMOS_RES_CAP_TEMP_18"}
[2026-05-26 08:16:59.190 Z] [PROCESS] [cadence.virtuoso.ade.simulationMonitor] - Finished simulating for one point {"hostname": "edatools", "processid": 230256, "history": "Interactive.76", "testname": "TRAN_VDD_PULSE", "cornername": "CMOS_RES_CAP_TEMP_18", "point": 20, "logfile": "/home/saul/projects/IL2244_VT26_SAUL/logs_saul/logs0/Job41.log", "simid": "4"}
[2026-05-26 08:16:59.190 Z] [PROCESS] [cadence.virtuoso.ade.simulationMonitor] - Simulator exited {"hostname": "edatools", "processid": 230256, "history": "Interactive.76", "testname": "TRAN_VDD_PULSE", "cornername": "CMOS_RES_CAP_TEMP_18", "point": 20, "logfile": "/home/saul/projects/IL2244_VT26_SAUL/logs_saul/logs0/Job41.log", "exitStatus": "0"}
[2026-05-26 08:16:59.190 Z] [PROCESS] [cadence.virtuoso.ade.simulationMonitor] - Finished Simulation {"hostname": "edatools", "processid": 230256, "history": "Interactive.76", "testname": "TRAN_VDD_PULSE", "cornername": "CMOS_RES_CAP_TEMP_18", "point": 20, "logfile": "/home/saul/projects/IL2244_VT26_SAUL/logs_saul/logs0/Job41.log", "simid": "4"}
[2026-05-26 08:17:01.195 Z] [PROCESS] [cadence.virtuoso.ade.simulationMonitor] - Point Finished {"hostname": "edatools", "processid": 230256, "history": "Interactive.76", "testname": "TRAN_VDD_PULSE", "cornername": "CMOS_RES_CAP_TEMP_18", "point": 20, "logfile": "/home/saul/projects/IL2244_VT26_SAUL/logs_saul/logs0/Job41.log"}
[2026-05-26 08:17:01.196 Z] [PROCESS] [cadence.virtuoso.ade.simulationMonitor] - HostInfo:
Host name (type):	edatools (x86_64)
Operating system:	Linux 6.17.0-29-generic #29~24.04.1-Ubuntu SMP PREEMPT_DYNAMIC Mon May 11 10:30:58 UTC 2 {"hostname": "edatools", "processid": 230256, "history": "Interactive.76", "testname": "TRAN_VDD_PULSE", "cornername": "CMOS_RES_CAP_TEMP_18", "point": 20, "logfile": "/home/saul/projects/IL2244_VT26_SAUL/logs_saul/logs0/Job41.log", "nodename": "edatools", "domainname": "(none)", "machine": "x86_64", "sysname": "Linux", "release": "6.17.0-29-generic", "version": "#29~24.04.1-Ubuntu SMP PREEMPT_DYNAMIC Mon May 11 10:30:58 UTC 2"}
[2026-05-26 08:17:01.197 Z] [PROCESS] [cadence.virtuoso.ade.simulationMonitor] - UsageInfo:
pid=230256
totalPhysicalMemory=62.544987GB,Used=44.244625GB,totalVirtualMemory=70.544983GB,Used=44.244625GB
Cpu: Cores=16, Load average:6.280000,5.110000,4.230000 {"hostname": "edatools", "processid": 230256, "history": "Interactive.76", "testname": "TRAN_VDD_PULSE", "cornername": "CMOS_RES_CAP_TEMP_18", "point": 20, "logfile": "/home/saul/projects/IL2244_VT26_SAUL/logs_saul/logs0/Job41.log", "pid": "230256", "totalPhysicalMemory": "62.544987", "physicalMemoryUsed": "44.244625", "totalVirtualMemory": "70.544983", "virtualMemoryUsed": "44.244625", "cpuCores": "16", "processes": "1707", "loadAverage1": "6.280000", "loadAverage5": "5.110000", "loadAverage15": "4.230000", "loadAverage1Percent": "0.392500"}
[2026-05-26 08:17:01.197 Z] [EVENT] [cadence.virtuoso.ade.simulationMonitor] - NewPoint {"history": "Interactive.76", "point": 28, "testname": "TRAN_VDD_PULSE", "cornername": "CMOS_RES_CAP_TEMP_26", "event": "NewPoint", "EventSource": "Simulation Monitor", "HistoryName": "Interactive.76", "logFile": "/home/saul/projects/IL2244_VT26_SAUL/logs_saul/logs0/Job41.log", "logFileSize": "174899"}
[2026-05-26 08:17:01.297 Z] [EVENT] [cadence.virtuoso.ade.simulationMonitor] - NewPoint {"history": "Interactive.76", "point": 28, "testname": "TRAN_VDD_PULSE", "cornername": "CMOS_RES_CAP_TEMP_26", "event": "NewPoint", "EventSource": "spectre", "HistoryName": "Interactive.76", "logFile": "/home/saul/projects/IL2244_VT26_SAUL/Sim/FECG/fecg_front_end_tran_tb/maestro/results/maestro/Interactive.76/28/TRAN_VDD_PULSE/psf/spectre.out", "logFileSize": "-1"}
[2026-05-26 08:17:01.301 Z] [PROCESS] [cadence.virtuoso.ade.simulationMonitor] - Simulator launched {"hostname": "edatools", "processid": 230256, "history": "Interactive.76", "testname": "TRAN_VDD_PULSE", "cornername": "CMOS_RES_CAP_TEMP_26", "point": 28, "logfile": "/home/saul/projects/IL2244_VT26_SAUL/logs_saul/logs0/Job41.log", "simid": "5"}
[2026-05-26 08:17:01.313 Z] [PROCESS] [cadence.virtuoso.ade.simulationMonitor] - Started Simulation {"hostname": "edatools", "processid": 230256, "history": "Interactive.76", "testname": "TRAN_VDD_PULSE", "cornername": "CMOS_RES_CAP_TEMP_26", "point": 28, "logfile": "/home/saul/projects/IL2244_VT26_SAUL/logs_saul/logs0/Job41.log", "event": "started", "task": "simulation"}
[2026-05-26 08:17:01.814 Z] [INFO] [cadence.virtuoso.ade.simulationMonitor] - Notice from spectre during circuit read-in.
    Pre_Configuration file used: /opt/tools/cadence/installs/SPECTRE241/tools.lnx86/spectre/etc/configs/preset.precfg
    Configuration file used: `/opt/tools/cadence/installs/SPECTRE241/tools.lnx86/spectre/etc/configs/preset.cfg'. {"history": "Interactive.76", "point": 28, "testname": "TRAN_VDD_PULSE", "cornername": "CMOS_RES_CAP_TEMP_26"}
[2026-05-26 08:17:01.814 Z] [WARN] [cadence.virtuoso.ade.simulationMonitor] -     WARNING (SPECTRE-8360): line 1511: `ac' is an undefined primitive device. {"history": "Interactive.76", "point": 28, "testname": "TRAN_VDD_PULSE", "cornername": "CMOS_RES_CAP_TEMP_26"}
[2026-05-26 08:17:01.814 Z] [WARN] [cadence.virtuoso.ade.simulationMonitor] -     WARNING (SPECTRE-8360): line 1512: `ac' is an undefined primitive device. {"history": "Interactive.76", "point": 28, "testname": "TRAN_VDD_PULSE", "cornername": "CMOS_RES_CAP_TEMP_26"}
[2026-05-26 08:17:01.814 Z] [WARN] [cadence.virtuoso.ade.simulationMonitor] -     WARNING (SPECTRE-8360): line 1513: `ac' is an undefined primitive device. {"history": "Interactive.76", "point": 28, "testname": "TRAN_VDD_PULSE", "cornername": "CMOS_RES_CAP_TEMP_26"}
[2026-05-26 08:17:01.814 Z] [WARN] [cadence.virtuoso.ade.simulationMonitor] -     WARNING (SPECTRE-8360): line 1514: `ac' is an undefined primitive device. {"history": "Interactive.76", "point": 28, "testname": "TRAN_VDD_PULSE", "cornername": "CMOS_RES_CAP_TEMP_26"}
[2026-05-26 08:17:01.814 Z] [WARN] [cadence.virtuoso.ade.simulationMonitor] -     WARNING (SPECTRE-8360): line 1515: `ac' is an undefined primitive device.
        Further occurrences of this warning will be suppressed. {"history": "Interactive.76", "point": 28, "testname": "TRAN_VDD_PULSE", "cornername": "CMOS_RES_CAP_TEMP_26"}
[2026-05-26 08:17:01.814 Z] [INFO] [cadence.virtuoso.ade.simulationMonitor] - Peak resident memory used = 173 Mbytes. {"history": "Interactive.76", "point": 28, "testname": "TRAN_VDD_PULSE", "cornername": "CMOS_RES_CAP_TEMP_26"}
[2026-05-26 08:17:01.815 Z] [WARN] [cadence.virtuoso.ade.simulationMonitor] -     WARNING (VACOMP-2435): The environment variable CDS_AHDLCMI_ENABLE is no longer supported. Therefore, the simulator will use the default compiled C code flow. {"history": "Interactive.76", "point": 28, "testname": "TRAN_VDD_PULSE", "cornername": "CMOS_RES_CAP_TEMP_26"}
[2026-05-26 08:17:01.815 Z] [WARN] [cadence.virtuoso.ade.simulationMonitor] -     WARNING (SFE-3014): The floating device I19.I0.I5.MN14<0>_turbo_m4 is removed. {"history": "Interactive.76", "point": 28, "testname": "TRAN_VDD_PULSE", "cornername": "CMOS_RES_CAP_TEMP_26"}
[2026-05-26 08:17:01.815 Z] [WARN] [cadence.virtuoso.ade.simulationMonitor] -     WARNING (SFE-3012): The dummy device I19.I4.MP16<0>_turbo_m41 is removed. {"history": "Interactive.76", "point": 28, "testname": "TRAN_VDD_PULSE", "cornername": "CMOS_RES_CAP_TEMP_26"}
[2026-05-26 08:17:01.815 Z] [WARN] [cadence.virtuoso.ade.simulationMonitor] -     WARNING (SFE-3014): The floating device I19.I8.MN57<0>_turbo_m28 is removed. {"history": "Interactive.76", "point": 28, "testname": "TRAN_VDD_PULSE", "cornername": "CMOS_RES_CAP_TEMP_26"}
[2026-05-26 08:17:01.815 Z] [WARN] [cadence.virtuoso.ade.simulationMonitor] -     WARNING (SFE-3012): The dummy device I19.I14.MP13<0>_turbo_m4 is removed. {"history": "Interactive.76", "point": 28, "testname": "TRAN_VDD_PULSE", "cornername": "CMOS_RES_CAP_TEMP_26"}
[2026-05-26 08:17:01.815 Z] [WARN] [cadence.virtuoso.ade.simulationMonitor] -     WARNING (SFE-3031): The floating capacitor I19.I12.C10<0>_turbo_m12.C1 is removed. {"history": "Interactive.76", "point": 28, "testname": "TRAN_VDD_PULSE", "cornername": "CMOS_RES_CAP_TEMP_26"}
[2026-05-26 08:17:01.815 Z] [WARN] [cadence.virtuoso.ade.simulationMonitor] -     WARNING (SFE-3014): The floating device I19.I2.MN37<0>_turbo_m4 is removed. {"history": "Interactive.76", "point": 28, "testname": "TRAN_VDD_PULSE", "cornername": "CMOS_RES_CAP_TEMP_26"}
[2026-05-26 08:17:01.815 Z] [WARN] [cadence.virtuoso.ade.simulationMonitor] -     WARNING (SFE-3012): The dummy device I19.I0.I5.MP12<0>_turbo_m2 is removed. {"history": "Interactive.76", "point": 28, "testname": "TRAN_VDD_PULSE", "cornername": "CMOS_RES_CAP_TEMP_26"}
[2026-05-26 08:17:01.815 Z] [WARN] [cadence.virtuoso.ade.simulationMonitor] -     WARNING (SFE-3014): The floating device I19.I0.MN13<0>_turbo_m4 is removed. {"history": "Interactive.76", "point": 28, "testname": "TRAN_VDD_PULSE", "cornername": "CMOS_RES_CAP_TEMP_26"}
[2026-05-26 08:17:01.815 Z] [WARN] [cadence.virtuoso.ade.simulationMonitor] -     WARNING (SFE-3012): The dummy device I19.I0.I3.MP13<0>_turbo_m4 is removed. {"history": "Interactive.76", "point": 28, "testname": "TRAN_VDD_PULSE", "cornername": "CMOS_RES_CAP_TEMP_26"}
[2026-05-26 08:17:01.815 Z] [WARN] [cadence.virtuoso.ade.simulationMonitor] -     WARNING (SFE-3031): The floating capacitor I19.I12.C6<0>_turbo_m3.C1 is removed. {"history": "Interactive.76", "point": 28, "testname": "TRAN_VDD_PULSE", "cornername": "CMOS_RES_CAP_TEMP_26"}
[2026-05-26 08:17:01.815 Z] [WARN] [cadence.virtuoso.ade.simulationMonitor] -     WARNING (SFE-3012): The dummy device I19.I0.MP11<0>_turbo_m4 is removed.
        Further occurrences of this warning will be suppressed. {"history": "Interactive.76", "point": 28, "testname": "TRAN_VDD_PULSE", "cornername": "CMOS_RES_CAP_TEMP_26"}
[2026-05-26 08:17:01.815 Z] [WARN] [cadence.virtuoso.ade.simulationMonitor] -     WARNING (SFE-3031): The floating capacitor I19.I11.C7<0>_turbo_m3.C1 is removed. {"history": "Interactive.76", "point": 28, "testname": "TRAN_VDD_PULSE", "cornername": "CMOS_RES_CAP_TEMP_26"}
[2026-05-26 08:17:01.815 Z] [WARN] [cadence.virtuoso.ade.simulationMonitor] -     WARNING (SFE-3014): The floating device I19.I12.MN57<0>_turbo_m28 is removed.
        Further occurrences of this warning will be suppressed. {"history": "Interactive.76", "point": 28, "testname": "TRAN_VDD_PULSE", "cornername": "CMOS_RES_CAP_TEMP_26"}
[2026-05-26 08:17:01.815 Z] [WARN] [cadence.virtuoso.ade.simulationMonitor] -     WARNING (SFE-3031): The floating capacitor I19.I11.C10<0>_turbo_m12.C1 is removed. {"history": "Interactive.76", "point": 28, "testname": "TRAN_VDD_PULSE", "cornername": "CMOS_RES_CAP_TEMP_26"}
[2026-05-26 08:17:01.816 Z] [WARN] [cadence.virtuoso.ade.simulationMonitor] -     WARNING (SFE-3031): The floating capacitor I19.I12.C7<0>_turbo_m3.C1 is removed.
        Further occurrences of this warning will be suppressed. {"history": "Interactive.76", "point": 28, "testname": "TRAN_VDD_PULSE", "cornername": "CMOS_RES_CAP_TEMP_26"}
[2026-05-26 08:17:01.816 Z] [INFO] [cadence.virtuoso.ade.simulationMonitor] - Notice from spectre during hierarchy flattening.
    The value 'psf' specified for the 'checklimitdest' option will no longer be supported in future releases. Use 'spectre -h' to see other recommended values for the 'checklimitdest' option. {"history": "Interactive.76", "point": 28, "testname": "TRAN_VDD_PULSE", "cornername": "CMOS_RES_CAP_TEMP_26"}
[2026-05-26 08:17:01.816 Z] [INFO] [cadence.virtuoso.ade.simulationMonitor] - Peak resident memory used = 189 Mbytes. {"history": "Interactive.76", "point": 28, "testname": "TRAN_VDD_PULSE", "cornername": "CMOS_RES_CAP_TEMP_26"}
[2026-05-26 08:17:01.816 Z] [INFO] [cadence.virtuoso.ade.simulationMonitor] - Notice from spectre during hierarchy flattening.
    The value 'psf' specified for the 'checklimitdest' option will no longer be supported in future releases. Use 'spectre -h' to see other recommended values for the 'checklimitdest' option.
    I19.I0.R10.CS0 of rpolyhc: `c' has the unusually small value of 0 F.
    I19.I0.R10.CS1 of rpolyhc: `c' has the unusually small value of 0 F.
    I19.I0.R9.CS0 of rpolyhc: `c' has the unusually small value of 0 F.
    I19.I0.R9.CS1 of rpolyhc: `c' has the unusually ... {"history": "Interactive.76", "point": 28, "testname": "TRAN_VDD_PULSE", "cornername": "CMOS_RES_CAP_TEMP_26"}
[2026-05-26 08:17:01.816 Z] [INFO] [cadence.virtuoso.ade.simulationMonitor] - Notice from spectre during hierarchy flattening.
    V17: `period' has the unusually large value of 20 s.
    V17: `width' has the unusually large value of 19 s.
    V16: `period' has the unusually large value of 10 s.
    V16: `width' has the unusually large value of 9 s.
    V9: `period' has the unusually large value of 10 s.
        Further occurrences of this notice will be suppressed. {"history": "Interactive.76", "point": 28, "testname": "TRAN_VDD_PULSE", "cornername": "CMOS_RES_CAP_TEMP_26"}
[2026-05-26 08:17:01.816 Z] [INFO] [cadence.virtuoso.ade.simulationMonitor] - Peak resident memory used = 192 Mbytes. {"history": "Interactive.76", "point": 28, "testname": "TRAN_VDD_PULSE", "cornername": "CMOS_RES_CAP_TEMP_26"}
[2026-05-26 08:17:01.816 Z] [WARN] [cadence.virtuoso.ade.simulationMonitor] -     WARNING (CMI-2425): I19.I0.C2: `Acde' = 2.393 is unusually large. {"history": "Interactive.76", "point": 28, "testname": "TRAN_VDD_PULSE", "cornername": "CMOS_RES_CAP_TEMP_26"}
[2026-05-26 08:17:01.816 Z] [WARN] [cadence.virtuoso.ade.simulationMonitor] -     WARNING (CMI-2425): I19.I0.C2: `Noff' = 4.732 is unusually large. {"history": "Interactive.76", "point": 28, "testname": "TRAN_VDD_PULSE", "cornername": "CMOS_RES_CAP_TEMP_26"}
[2026-05-26 08:17:01.816 Z] [WARN] [cadence.virtuoso.ade.simulationMonitor] -     WARNING (CMI-2424): I19.I0.C2: `Voffcv' = -867.4e-03 is unusually small. {"history": "Interactive.76", "point": 28, "testname": "TRAN_VDD_PULSE", "cornername": "CMOS_RES_CAP_TEMP_26"}
[2026-05-26 08:17:01.816 Z] [WARN] [cadence.virtuoso.ade.simulationMonitor] -     WARNING (CMI-2425): I19.I0.C3: `Acde' = 2.393 is unusually large. {"history": "Interactive.76", "point": 28, "testname": "TRAN_VDD_PULSE", "cornername": "CMOS_RES_CAP_TEMP_26"}
[2026-05-26 08:17:01.816 Z] [WARN] [cadence.virtuoso.ade.simulationMonitor] -     WARNING (CMI-2425): I19.I0.C3: `Noff' = 4.732 is unusually large. {"history": "Interactive.76", "point": 28, "testname": "TRAN_VDD_PULSE", "cornername": "CMOS_RES_CAP_TEMP_26"}
[2026-05-26 08:17:01.816 Z] [WARN] [cadence.virtuoso.ade.simulationMonitor] -     WARNING (CMI-2424): I19.I0.C3: `Voffcv' = -867.4e-03 is unusually small. {"history": "Interactive.76", "point": 28, "testname": "TRAN_VDD_PULSE", "cornername": "CMOS_RES_CAP_TEMP_26"}
[2026-05-26 08:17:01.816 Z] [WARN] [cadence.virtuoso.ade.simulationMonitor] -     WARNING (CMI-2425): I19.I0.C0: `Acde' = 2.393 is unusually large.
        Further occurrences of this warning will be suppressed. {"history": "Interactive.76", "point": 28, "testname": "TRAN_VDD_PULSE", "cornername": "CMOS_RES_CAP_TEMP_26"}
[2026-05-26 08:17:01.816 Z] [WARN] [cadence.virtuoso.ade.simulationMonitor] -     WARNING (CMI-2424): I19.I0.C0: `Voffcv' = -867.4e-03 is unusually small. {"history": "Interactive.76", "point": 28, "testname": "TRAN_VDD_PULSE", "cornername": "CMOS_RES_CAP_TEMP_26"}
[2026-05-26 08:17:01.816 Z] [WARN] [cadence.virtuoso.ade.simulationMonitor] -     WARNING (CMI-2424): I19.I0.I3.C1: `Voffcv' = -867.4e-03 is unusually small. {"history": "Interactive.76", "point": 28, "testname": "TRAN_VDD_PULSE", "cornername": "CMOS_RES_CAP_TEMP_26"}
[2026-05-26 08:17:01.816 Z] [WARN] [cadence.virtuoso.ade.simulationMonitor] -     WARNING (CMI-2424): I19.I0.C1<0>_turbo_m5: `Voffcv' = -867.4e-03 is unusually small.
        Further occurrences of this warning will be suppressed. {"history": "Interactive.76", "point": 28, "testname": "TRAN_VDD_PULSE", "cornername": "CMOS_RES_CAP_TEMP_26"}
[2026-05-26 08:17:01.816 Z] [WARN] [cadence.virtuoso.ade.simulationMonitor] -     WARNING (SPECTRE-17607): Assert `SOAC_rpolyh_vminuspsub' is ignored because it contains an expression which is invalid or not supported by native evaluator.  {"history": "Interactive.76", "point": 28, "testname": "TRAN_VDD_PULSE", "cornername": "CMOS_RES_CAP_TEMP_26"}
[2026-05-26 08:17:01.817 Z] [WARN] [cadence.virtuoso.ade.simulationMonitor] -     WARNING (SPECTRE-17607): Assert `SOAC_rpolyh_vpluspsub' is ignored because it contains an expression which is invalid or not supported by native evaluator.  {"history": "Interactive.76", "point": 28, "testname": "TRAN_VDD_PULSE", "cornername": "CMOS_RES_CAP_TEMP_26"}
[2026-05-26 08:17:01.817 Z] [WARN] [cadence.virtuoso.ade.simulationMonitor] -     WARNING (SPECTRE-16460): SOAC_cvarm_vspsub:Specified subcircuit master `cvarm' was not found. {"history": "Interactive.76", "point": 28, "testname": "TRAN_VDD_PULSE", "cornername": "CMOS_RES_CAP_TEMP_26"}
[2026-05-26 08:17:01.817 Z] [WARN] [cadence.virtuoso.ade.simulationMonitor] -     WARNING (SPECTRE-16462): SOAC_cvarm_vspsub:Error in specification of subcircuit master. Assert is ignored. {"history": "Interactive.76", "point": 28, "testname": "TRAN_VDD_PULSE", "cornername": "CMOS_RES_CAP_TEMP_26"}
[2026-05-26 08:17:01.817 Z] [WARN] [cadence.virtuoso.ade.simulationMonitor] -     WARNING (SPECTRE-16460): SOAC_cvarm_vbs:Specified subcircuit master `cvarm' was not found. {"history": "Interactive.76", "point": 28, "testname": "TRAN_VDD_PULSE", "cornername": "CMOS_RES_CAP_TEMP_26"}
[2026-05-26 08:17:01.817 Z] [WARN] [cadence.virtuoso.ade.simulationMonitor] -     WARNING (SPECTRE-16462): SOAC_cvarm_vbs:Error in specification of subcircuit master. Assert is ignored. {"history": "Interactive.76", "point": 28, "testname": "TRAN_VDD_PULSE", "cornername": "CMOS_RES_CAP_TEMP_26"}
[2026-05-26 08:17:01.817 Z] [WARN] [cadence.virtuoso.ade.simulationMonitor] -     WARNING (SPECTRE-16460): SOAC_cvarm_vgb:Specified subcircuit master `cvarm' was not found. {"history": "Interactive.76", "point": 28, "testname": "TRAN_VDD_PULSE", "cornername": "CMOS_RES_CAP_TEMP_26"}
[2026-05-26 08:17:01.817 Z] [WARN] [cadence.virtuoso.ade.simulationMonitor] -     WARNING (SPECTRE-16462): SOAC_cvarm_vgb:Error in specification of subcircuit master. Assert is ignored. {"history": "Interactive.76", "point": 28, "testname": "TRAN_VDD_PULSE", "cornername": "CMOS_RES_CAP_TEMP_26"}
[2026-05-26 08:17:01.817 Z] [WARN] [cadence.virtuoso.ade.simulationMonitor] -     WARNING (SPECTRE-16460): SOAC_cvart_vspsub:Specified subcircuit master `cvart' was not found. {"history": "Interactive.76", "point": 28, "testname": "TRAN_VDD_PULSE", "cornername": "CMOS_RES_CAP_TEMP_26"}
[2026-05-26 08:17:01.817 Z] [WARN] [cadence.virtuoso.ade.simulationMonitor] -     WARNING (SPECTRE-16462): SOAC_cvart_vspsub:Error in specification of subcircuit master. Assert is ignored. {"history": "Interactive.76", "point": 28, "testname": "TRAN_VDD_PULSE", "cornername": "CMOS_RES_CAP_TEMP_26"}
[2026-05-26 08:17:01.817 Z] [WARN] [cadence.virtuoso.ade.simulationMonitor] -     WARNING (SPECTRE-16460): SOAC_cvart_vbs:Specified subcircuit master `cvart' was not found.
        Further occurrences of this warning will be suppressed. {"history": "Interactive.76", "point": 28, "testname": "TRAN_VDD_PULSE", "cornername": "CMOS_RES_CAP_TEMP_26"}
[2026-05-26 08:17:01.817 Z] [WARN] [cadence.virtuoso.ade.simulationMonitor] -     WARNING (SPECTRE-16462): SOAC_cvart_vbs:Error in specification of subcircuit master. Assert is ignored.
        Further occurrences of this warning will be suppressed. {"history": "Interactive.76", "point": 28, "testname": "TRAN_VDD_PULSE", "cornername": "CMOS_RES_CAP_TEMP_26"}
[2026-05-26 08:17:01.817 Z] [WARN] [cadence.virtuoso.ade.simulationMonitor] -     WARNING (SPECTRE-17607): Assert `SOAC_cvar_vspsub' is ignored because it contains an expression which is invalid or not supported by native evaluator.  {"history": "Interactive.76", "point": 28, "testname": "TRAN_VDD_PULSE", "cornername": "CMOS_RES_CAP_TEMP_26"}
[2026-05-26 08:17:01.817 Z] [WARN] [cadence.virtuoso.ade.simulationMonitor] -     WARNING (SPECTRE-17607): Assert `SOAC_cvar_vbpsub' is ignored because it contains an expression which is invalid or not supported by native evaluator.  {"history": "Interactive.76", "point": 28, "testname": "TRAN_VDD_PULSE", "cornername": "CMOS_RES_CAP_TEMP_26"}
[2026-05-26 08:17:01.817 Z] [WARN] [cadence.virtuoso.ade.simulationMonitor] -     WARNING (SPECTRE-17607): Assert `SOAC_cvar_vgpsub' is ignored because it contains an expression which is invalid or not supported by native evaluator. 
        Further occurrences of this warning will be suppressed. {"history": "Interactive.76", "point": 28, "testname": "TRAN_VDD_PULSE", "cornername": "CMOS_RES_CAP_TEMP_26"}
[2026-05-26 08:17:02.317 Z] [INFO] [cadence.virtuoso.ade.simulationMonitor] - Notice from spectre during topology check.
    No DC path from node `net19' to ground, Gmin installed to provide path. {"history": "Interactive.76", "point": 28, "testname": "TRAN_VDD_PULSE", "cornername": "CMOS_RES_CAP_TEMP_26"}
[2026-05-26 08:17:02.318 Z] [INFO] [cadence.virtuoso.ade.simulationMonitor] - Notice from spectre during initial setup.
    Multithreading is disabled due to the size of the design being too small. {"history": "Interactive.76", "point": 28, "testname": "TRAN_VDD_PULSE", "cornername": "CMOS_RES_CAP_TEMP_26"}
[2026-05-26 08:17:02.318 Z] [WARN] [cadence.virtuoso.ade.simulationMonitor] -     WARNING (SPECTRE-592): Following parameters are disabled because they are ignored or redefined in Spectre X:
        Option Parameters:
          reltol
        
         {"history": "Interactive.76", "point": 28, "testname": "TRAN_VDD_PULSE", "cornername": "CMOS_RES_CAP_TEMP_26"}
[2026-05-26 08:17:02.318 Z] [INFO] [cadence.virtuoso.ade.simulationMonitor] -               nodes 784 {"history": "Interactive.76", "point": 28, "testname": "TRAN_VDD_PULSE", "cornername": "CMOS_RES_CAP_TEMP_26"}
[2026-05-26 08:17:02.318 Z] [INFO] [cadence.virtuoso.ade.simulationMonitor] - Notice from spectre during initial setup.
    4 vsources are shorted because their absolute value is less than or equal to 'vabsshort'.
    Spectre X preset=vx enabled.
    18 notices suppressed.
    154 warnings suppressed. {"history": "Interactive.76", "point": 28, "testname": "TRAN_VDD_PULSE", "cornername": "CMOS_RES_CAP_TEMP_26"}
[2026-05-26 08:17:02.318 Z] [INFO] [cadence.virtuoso.ade.simulationMonitor] - Peak resident memory used = 212 Mbytes. {"history": "Interactive.76", "point": 28, "testname": "TRAN_VDD_PULSE", "cornername": "CMOS_RES_CAP_TEMP_26"}
[2026-05-26 08:17:02.318 Z] [INFO] [cadence.virtuoso.ade.simulationMonitor] -    -   (Spectre X) Multi-threading. The recommended number of threads is 1, consider adding +mt=1 on command line. {"history": "Interactive.76", "point": 28, "testname": "TRAN_VDD_PULSE", "cornername": "CMOS_RES_CAP_TEMP_26"}
[2026-05-26 08:17:02.318 Z] [INFO] [cadence.virtuoso.ade.simulationMonitor] - Notice from spectre during DC analysis `dcOp'.
    No checklimit analysis defined for asserts. A default checklimit analysis 'SpectreChecklimitAnal' has been created with all asserts enabled. {"history": "Interactive.76", "point": 28, "testname": "TRAN_VDD_PULSE", "cornername": "CMOS_RES_CAP_TEMP_26"}
[2026-05-26 08:17:02.318 Z] [INFO] [cadence.virtuoso.ade.simulationMonitor] - Notice from spectre during DC analysis `dcOp'.
    GminDC = 1 pS is large enough to noticeably affect the DC solution.
        dV(I19.I2.C1.d1) = 1.09731 mV
        Use the `gmin_check' option to eliminate or expand this report.
    Bad pivoting is found during DC analysis. Option dc_pivot_check=yes is recommended for possible improvement of convergence. {"history": "Interactive.76", "point": 28, "testname": "TRAN_VDD_PULSE", "cornername": "CMOS_RES_CAP_TEMP_26"}
[2026-05-26 08:17:02.318 Z] [WARN] [cadence.virtuoso.ade.simulationMonitor] -     WARNING (CMI-2943): Parameter checks have been ignored because the valid value for parameter 'trise' could not be found in 'C0'. {"history": "Interactive.76", "point": 28, "testname": "TRAN_VDD_PULSE", "cornername": "CMOS_RES_CAP_TEMP_26"}
[2026-05-26 08:17:02.319 Z] [WARN] [cadence.virtuoso.ade.simulationMonitor] -     WARNING (CMI-2943): Parameter checks have been ignored because the valid value for parameter 'trise' could not be found in 'C3'. {"history": "Interactive.76", "point": 28, "testname": "TRAN_VDD_PULSE", "cornername": "CMOS_RES_CAP_TEMP_26"}
[2026-05-26 08:17:02.319 Z] [WARN] [cadence.virtuoso.ade.simulationMonitor] -     WARNING (CMI-2943): Parameter checks have been ignored because the valid value for parameter 'trise' could not be found in 'C4'. {"history": "Interactive.76", "point": 28, "testname": "TRAN_VDD_PULSE", "cornername": "CMOS_RES_CAP_TEMP_26"}
[2026-05-26 08:17:02.319 Z] [WARN] [cadence.virtuoso.ade.simulationMonitor] -     WARNING (CMI-2943): Parameter checks have been ignored because the valid value for parameter 'trise' could not be found in 'C5'. {"history": "Interactive.76", "point": 28, "testname": "TRAN_VDD_PULSE", "cornername": "CMOS_RES_CAP_TEMP_26"}
[2026-05-26 08:17:02.319 Z] [WARN] [cadence.virtuoso.ade.simulationMonitor] -     WARNING (CMI-2943): Parameter checks have been ignored because the valid value for parameter 'trise' could not be found in 'I19.I4.C9<0>_turbo_m6.C1'.
        Further occurrences of this warning will be suppressed. {"history": "Interactive.76", "point": 28, "testname": "TRAN_VDD_PULSE", "cornername": "CMOS_RES_CAP_TEMP_26"}
[2026-05-26 08:17:02.319 Z] [INFO] [cadence.virtuoso.ade.simulationMonitor] - Total time required for dc analysis `dcOp': CPU = 51.872 ms, elapsed = 71.1639 ms, util. = 72.9%. {"history": "Interactive.76", "point": 28, "testname": "TRAN_VDD_PULSE", "cornername": "CMOS_RES_CAP_TEMP_26"}
[2026-05-26 08:17:02.319 Z] [INFO] [cadence.virtuoso.ade.simulationMonitor] - Peak resident memory used = 223 Mbytes. {"history": "Interactive.76", "point": 28, "testname": "TRAN_VDD_PULSE", "cornername": "CMOS_RES_CAP_TEMP_26"}
[2026-05-26 08:17:02.319 Z] [INFO] [cadence.virtuoso.ade.simulationMonitor] - Notice from spectre.
    308 warnings suppressed. {"history": "Interactive.76", "point": 28, "testname": "TRAN_VDD_PULSE", "cornername": "CMOS_RES_CAP_TEMP_26"}
[2026-05-26 08:17:02.319 Z] [INFO] [cadence.virtuoso.ade.simulationMonitor] - Notice from spectre during IC analysis, during transient analysis `tran'.
    GminDC = 1 pS is large enough to noticeably affect the DC solution.
        dV(I19.I2.C1.d1) = 1.09731 mV
        Use the `gmin_check' option to eliminate or expand this report.
    Bad pivoting is found during DC analysis. Option dc_pivot_check=yes is recommended for possible improvement of convergence. {"history": "Interactive.76", "point": 28, "testname": "TRAN_VDD_PULSE", "cornername": "CMOS_RES_CAP_TEMP_26"}
[2026-05-26 08:17:02.319 Z] [WARN] [cadence.virtuoso.ade.simulationMonitor] -     WARNING (CMI-2943): Parameter checks have been ignored because the valid value for parameter 'trise' could not be found in 'C0'. {"history": "Interactive.76", "point": 28, "testname": "TRAN_VDD_PULSE", "cornername": "CMOS_RES_CAP_TEMP_26"}
[2026-05-26 08:17:02.319 Z] [WARN] [cadence.virtuoso.ade.simulationMonitor] -     WARNING (CMI-2943): Parameter checks have been ignored because the valid value for parameter 'trise' could not be found in 'C3'. {"history": "Interactive.76", "point": 28, "testname": "TRAN_VDD_PULSE", "cornername": "CMOS_RES_CAP_TEMP_26"}
[2026-05-26 08:17:02.319 Z] [WARN] [cadence.virtuoso.ade.simulationMonitor] -     WARNING (CMI-2943): Parameter checks have been ignored because the valid value for parameter 'trise' could not be found in 'C4'. {"history": "Interactive.76", "point": 28, "testname": "TRAN_VDD_PULSE", "cornername": "CMOS_RES_CAP_TEMP_26"}
[2026-05-26 08:17:02.319 Z] [WARN] [cadence.virtuoso.ade.simulationMonitor] -     WARNING (CMI-2943): Parameter checks have been ignored because the valid value for parameter 'trise' could not be found in 'C5'. {"history": "Interactive.76", "point": 28, "testname": "TRAN_VDD_PULSE", "cornername": "CMOS_RES_CAP_TEMP_26"}
[2026-05-26 08:17:02.319 Z] [WARN] [cadence.virtuoso.ade.simulationMonitor] -     WARNING (CMI-2943): Parameter checks have been ignored because the valid value for parameter 'trise' could not be found in 'I19.I4.C9<0>_turbo_m6.C1'.
        Further occurrences of this warning will be suppressed. {"history": "Interactive.76", "point": 28, "testname": "TRAN_VDD_PULSE", "cornername": "CMOS_RES_CAP_TEMP_26"}
[2026-05-26 08:17:02.320 Z] [INFO] [cadence.virtuoso.ade.simulationMonitor] - Notice from spectre during transient analysis `tran'.
    Output compression for transient analysis is enabled. {"history": "Interactive.76", "point": 28, "testname": "TRAN_VDD_PULSE", "cornername": "CMOS_RES_CAP_TEMP_26"}
[2026-05-26 08:17:02.320 Z] [INFO] [cadence.virtuoso.ade.simulationMonitor] - Notice from spectre during transient analysis `tran'.
    Multithreading is disabled due to the size of the design being too small. {"history": "Interactive.76", "point": 28, "testname": "TRAN_VDD_PULSE", "cornername": "CMOS_RES_CAP_TEMP_26"}
[2026-05-26 08:18:18.838 Z] [INFO] [cadence.virtuoso.ade.simulationMonitor] - Total time required for tran analysis `tran': CPU = 75.8618 s (1m  15.9s), elapsed = 76.1949 s (1m  16.2s), util. = 99.6%. {"history": "Interactive.76", "point": 28, "testname": "TRAN_VDD_PULSE", "cornername": "CMOS_RES_CAP_TEMP_26"}
[2026-05-26 08:18:18.838 Z] [INFO] [cadence.virtuoso.ade.simulationMonitor] - Peak resident memory used = 230 Mbytes. {"history": "Interactive.76", "point": 28, "testname": "TRAN_VDD_PULSE", "cornername": "CMOS_RES_CAP_TEMP_26"}
[2026-05-26 08:18:18.838 Z] [INFO] [cadence.virtuoso.ade.simulationMonitor] - Notice from spectre.
    308 warnings suppressed. {"history": "Interactive.76", "point": 28, "testname": "TRAN_VDD_PULSE", "cornername": "CMOS_RES_CAP_TEMP_26"}
[2026-05-26 08:18:18.838 Z] [WARN] [cadence.virtuoso.ade.simulationMonitor] -     WARNING (CMI-2425): I19.I2.C1: `Acde' = 2.393 is unusually large. {"history": "Interactive.76", "point": 28, "testname": "TRAN_VDD_PULSE", "cornername": "CMOS_RES_CAP_TEMP_26"}
[2026-05-26 08:18:18.838 Z] [WARN] [cadence.virtuoso.ade.simulationMonitor] -     WARNING (CMI-2425): I19.I2.C1: `Noff' = 4.732 is unusually large. {"history": "Interactive.76", "point": 28, "testname": "TRAN_VDD_PULSE", "cornername": "CMOS_RES_CAP_TEMP_26"}
[2026-05-26 08:18:18.838 Z] [WARN] [cadence.virtuoso.ade.simulationMonitor] -     WARNING (CMI-2424): I19.I2.C1: `Voffcv' = -867.4e-03 is unusually small. {"history": "Interactive.76", "point": 28, "testname": "TRAN_VDD_PULSE", "cornername": "CMOS_RES_CAP_TEMP_26"}
[2026-05-26 08:18:18.838 Z] [WARN] [cadence.virtuoso.ade.simulationMonitor] -     WARNING (CMI-2425): I19.I8.C0: `Acde' = 2.393 is unusually large. {"history": "Interactive.76", "point": 28, "testname": "TRAN_VDD_PULSE", "cornername": "CMOS_RES_CAP_TEMP_26"}
[2026-05-26 08:18:18.839 Z] [WARN] [cadence.virtuoso.ade.simulationMonitor] -     WARNING (CMI-2425): I19.I8.C0: `Noff' = 4.732 is unusually large. {"history": "Interactive.76", "point": 28, "testname": "TRAN_VDD_PULSE", "cornername": "CMOS_RES_CAP_TEMP_26"}
[2026-05-26 08:18:18.839 Z] [WARN] [cadence.virtuoso.ade.simulationMonitor] -     WARNING (CMI-2424): I19.I8.C0: `Voffcv' = -867.4e-03 is unusually small. {"history": "Interactive.76", "point": 28, "testname": "TRAN_VDD_PULSE", "cornername": "CMOS_RES_CAP_TEMP_26"}
[2026-05-26 08:18:18.839 Z] [WARN] [cadence.virtuoso.ade.simulationMonitor] -     WARNING (CMI-2425): I19.I8.C1: `Acde' = 2.393 is unusually large.
        Further occurrences of this warning will be suppressed. {"history": "Interactive.76", "point": 28, "testname": "TRAN_VDD_PULSE", "cornername": "CMOS_RES_CAP_TEMP_26"}
[2026-05-26 08:18:18.839 Z] [WARN] [cadence.virtuoso.ade.simulationMonitor] -     WARNING (CMI-2424): I19.I8.C1: `Voffcv' = -867.4e-03 is unusually small. {"history": "Interactive.76", "point": 28, "testname": "TRAN_VDD_PULSE", "cornername": "CMOS_RES_CAP_TEMP_26"}
[2026-05-26 08:18:18.839 Z] [WARN] [cadence.virtuoso.ade.simulationMonitor] -     WARNING (CMI-2424): I19.I14.C1: `Voffcv' = -867.4e-03 is unusually small. {"history": "Interactive.76", "point": 28, "testname": "TRAN_VDD_PULSE", "cornername": "CMOS_RES_CAP_TEMP_26"}
[2026-05-26 08:18:18.839 Z] [WARN] [cadence.virtuoso.ade.simulationMonitor] -     WARNING (CMI-2424): I19.I14.C4: `Voffcv' = -867.4e-03 is unusually small.
        Further occurrences of this warning will be suppressed. {"history": "Interactive.76", "point": 28, "testname": "TRAN_VDD_PULSE", "cornername": "CMOS_RES_CAP_TEMP_26"}
[2026-05-26 08:18:18.839 Z] [INFO] [cadence.virtuoso.ade.simulationMonitor] - Notice from spectre.
    56 warnings suppressed. {"history": "Interactive.76", "point": 28, "testname": "TRAN_VDD_PULSE", "cornername": "CMOS_RES_CAP_TEMP_26"}
[2026-05-26 08:18:18.839 Z] [WARN] [cadence.virtuoso.ade.simulationMonitor] -     WARNING (CMI-2425): I19.I2.C1: `Acde' = 2.393 is unusually large. {"history": "Interactive.76", "point": 28, "testname": "TRAN_VDD_PULSE", "cornername": "CMOS_RES_CAP_TEMP_26"}
[2026-05-26 08:18:18.839 Z] [WARN] [cadence.virtuoso.ade.simulationMonitor] -     WARNING (CMI-2425): I19.I2.C1: `Noff' = 4.732 is unusually large. {"history": "Interactive.76", "point": 28, "testname": "TRAN_VDD_PULSE", "cornername": "CMOS_RES_CAP_TEMP_26"}
[2026-05-26 08:18:18.839 Z] [WARN] [cadence.virtuoso.ade.simulationMonitor] -     WARNING (CMI-2424): I19.I2.C1: `Voffcv' = -867.4e-03 is unusually small. {"history": "Interactive.76", "point": 28, "testname": "TRAN_VDD_PULSE", "cornername": "CMOS_RES_CAP_TEMP_26"}
[2026-05-26 08:18:18.839 Z] [WARN] [cadence.virtuoso.ade.simulationMonitor] -     WARNING (CMI-2425): I19.I8.C0: `Acde' = 2.393 is unusually large. {"history": "Interactive.76", "point": 28, "testname": "TRAN_VDD_PULSE", "cornername": "CMOS_RES_CAP_TEMP_26"}
[2026-05-26 08:18:18.839 Z] [WARN] [cadence.virtuoso.ade.simulationMonitor] -     WARNING (CMI-2425): I19.I8.C0: `Noff' = 4.732 is unusually large. {"history": "Interactive.76", "point": 28, "testname": "TRAN_VDD_PULSE", "cornername": "CMOS_RES_CAP_TEMP_26"}
[2026-05-26 08:18:18.839 Z] [WARN] [cadence.virtuoso.ade.simulationMonitor] -     WARNING (CMI-2424): I19.I8.C0: `Voffcv' = -867.4e-03 is unusually small. {"history": "Interactive.76", "point": 28, "testname": "TRAN_VDD_PULSE", "cornername": "CMOS_RES_CAP_TEMP_26"}
[2026-05-26 08:18:18.839 Z] [WARN] [cadence.virtuoso.ade.simulationMonitor] -     WARNING (CMI-2425): I19.I8.C1: `Acde' = 2.393 is unusually large.
        Further occurrences of this warning will be suppressed. {"history": "Interactive.76", "point": 28, "testname": "TRAN_VDD_PULSE", "cornername": "CMOS_RES_CAP_TEMP_26"}
[2026-05-26 08:18:18.839 Z] [WARN] [cadence.virtuoso.ade.simulationMonitor] -     WARNING (CMI-2424): I19.I8.C1: `Voffcv' = -867.4e-03 is unusually small. {"history": "Interactive.76", "point": 28, "testname": "TRAN_VDD_PULSE", "cornername": "CMOS_RES_CAP_TEMP_26"}
[2026-05-26 08:18:18.839 Z] [WARN] [cadence.virtuoso.ade.simulationMonitor] -     WARNING (CMI-2424): I19.I14.C1: `Voffcv' = -867.4e-03 is unusually small. {"history": "Interactive.76", "point": 28, "testname": "TRAN_VDD_PULSE", "cornername": "CMOS_RES_CAP_TEMP_26"}
[2026-05-26 08:18:18.839 Z] [WARN] [cadence.virtuoso.ade.simulationMonitor] -     WARNING (CMI-2424): I19.I14.C4: `Voffcv' = -867.4e-03 is unusually small.
        Further occurrences of this warning will be suppressed. {"history": "Interactive.76", "point": 28, "testname": "TRAN_VDD_PULSE", "cornername": "CMOS_RES_CAP_TEMP_26"}
[2026-05-26 08:18:18.839 Z] [INFO] [cadence.virtuoso.ade.simulationMonitor] - Notice from spectre.
    59 warnings suppressed. {"history": "Interactive.76", "point": 28, "testname": "TRAN_VDD_PULSE", "cornername": "CMOS_RES_CAP_TEMP_26"}
[2026-05-26 08:18:18.839 Z] [WARN] [cadence.virtuoso.ade.simulationMonitor] -     WARNING (CMI-2425): I19.I2.C1: `Acde' = 2.393 is unusually large. {"history": "Interactive.76", "point": 28, "testname": "TRAN_VDD_PULSE", "cornername": "CMOS_RES_CAP_TEMP_26"}
[2026-05-26 08:18:18.840 Z] [WARN] [cadence.virtuoso.ade.simulationMonitor] -     WARNING (CMI-2425): I19.I2.C1: `Noff' = 4.732 is unusually large. {"history": "Interactive.76", "point": 28, "testname": "TRAN_VDD_PULSE", "cornername": "CMOS_RES_CAP_TEMP_26"}
[2026-05-26 08:18:18.840 Z] [WARN] [cadence.virtuoso.ade.simulationMonitor] -     WARNING (CMI-2424): I19.I2.C1: `Voffcv' = -867.4e-03 is unusually small. {"history": "Interactive.76", "point": 28, "testname": "TRAN_VDD_PULSE", "cornername": "CMOS_RES_CAP_TEMP_26"}
[2026-05-26 08:18:18.840 Z] [WARN] [cadence.virtuoso.ade.simulationMonitor] -     WARNING (CMI-2425): I19.I8.C0: `Acde' = 2.393 is unusually large. {"history": "Interactive.76", "point": 28, "testname": "TRAN_VDD_PULSE", "cornername": "CMOS_RES_CAP_TEMP_26"}
[2026-05-26 08:18:18.840 Z] [WARN] [cadence.virtuoso.ade.simulationMonitor] -     WARNING (CMI-2425): I19.I8.C0: `Noff' = 4.732 is unusually large. {"history": "Interactive.76", "point": 28, "testname": "TRAN_VDD_PULSE", "cornername": "CMOS_RES_CAP_TEMP_26"}
[2026-05-26 08:18:18.840 Z] [WARN] [cadence.virtuoso.ade.simulationMonitor] -     WARNING (CMI-2424): I19.I8.C0: `Voffcv' = -867.4e-03 is unusually small. {"history": "Interactive.76", "point": 28, "testname": "TRAN_VDD_PULSE", "cornername": "CMOS_RES_CAP_TEMP_26"}
[2026-05-26 08:18:18.840 Z] [WARN] [cadence.virtuoso.ade.simulationMonitor] -     WARNING (CMI-2425): I19.I8.C1: `Acde' = 2.393 is unusually large.
        Further occurrences of this warning will be suppressed. {"history": "Interactive.76", "point": 28, "testname": "TRAN_VDD_PULSE", "cornername": "CMOS_RES_CAP_TEMP_26"}
[2026-05-26 08:18:18.840 Z] [WARN] [cadence.virtuoso.ade.simulationMonitor] -     WARNING (CMI-2424): I19.I8.C1: `Voffcv' = -867.4e-03 is unusually small. {"history": "Interactive.76", "point": 28, "testname": "TRAN_VDD_PULSE", "cornername": "CMOS_RES_CAP_TEMP_26"}
[2026-05-26 08:18:18.840 Z] [WARN] [cadence.virtuoso.ade.simulationMonitor] -     WARNING (CMI-2424): I19.I14.C1: `Voffcv' = -867.4e-03 is unusually small. {"history": "Interactive.76", "point": 28, "testname": "TRAN_VDD_PULSE", "cornername": "CMOS_RES_CAP_TEMP_26"}
[2026-05-26 08:18:18.840 Z] [WARN] [cadence.virtuoso.ade.simulationMonitor] -     WARNING (CMI-2424): I19.I14.C4: `Voffcv' = -867.4e-03 is unusually small.
        Further occurrences of this warning will be suppressed. {"history": "Interactive.76", "point": 28, "testname": "TRAN_VDD_PULSE", "cornername": "CMOS_RES_CAP_TEMP_26"}
[2026-05-26 08:18:18.840 Z] [INFO] [cadence.virtuoso.ade.simulationMonitor] - Notice from spectre.
    56 warnings suppressed. {"history": "Interactive.76", "point": 28, "testname": "TRAN_VDD_PULSE", "cornername": "CMOS_RES_CAP_TEMP_26"}
[2026-05-26 08:18:18.840 Z] [WARN] [cadence.virtuoso.ade.simulationMonitor] -     WARNING (CMI-2425): I19.I2.C1: `Acde' = 2.393 is unusually large. {"history": "Interactive.76", "point": 28, "testname": "TRAN_VDD_PULSE", "cornername": "CMOS_RES_CAP_TEMP_26"}
[2026-05-26 08:18:18.840 Z] [WARN] [cadence.virtuoso.ade.simulationMonitor] -     WARNING (CMI-2425): I19.I2.C1: `Noff' = 4.732 is unusually large. {"history": "Interactive.76", "point": 28, "testname": "TRAN_VDD_PULSE", "cornername": "CMOS_RES_CAP_TEMP_26"}
[2026-05-26 08:18:18.840 Z] [WARN] [cadence.virtuoso.ade.simulationMonitor] -     WARNING (CMI-2424): I19.I2.C1: `Voffcv' = -867.4e-03 is unusually small. {"history": "Interactive.76", "point": 28, "testname": "TRAN_VDD_PULSE", "cornername": "CMOS_RES_CAP_TEMP_26"}
[2026-05-26 08:18:18.840 Z] [WARN] [cadence.virtuoso.ade.simulationMonitor] -     WARNING (CMI-2425): I19.I8.C0: `Acde' = 2.393 is unusually large. {"history": "Interactive.76", "point": 28, "testname": "TRAN_VDD_PULSE", "cornername": "CMOS_RES_CAP_TEMP_26"}
[2026-05-26 08:18:18.840 Z] [WARN] [cadence.virtuoso.ade.simulationMonitor] -     WARNING (CMI-2425): I19.I8.C0: `Noff' = 4.732 is unusually large. {"history": "Interactive.76", "point": 28, "testname": "TRAN_VDD_PULSE", "cornername": "CMOS_RES_CAP_TEMP_26"}
[2026-05-26 08:18:18.840 Z] [WARN] [cadence.virtuoso.ade.simulationMonitor] -     WARNING (CMI-2424): I19.I8.C0: `Voffcv' = -867.4e-03 is unusually small. {"history": "Interactive.76", "point": 28, "testname": "TRAN_VDD_PULSE", "cornername": "CMOS_RES_CAP_TEMP_26"}
[2026-05-26 08:18:18.840 Z] [WARN] [cadence.virtuoso.ade.simulationMonitor] -     WARNING (CMI-2425): I19.I8.C1: `Acde' = 2.393 is unusually large.
        Further occurrences of this warning will be suppressed. {"history": "Interactive.76", "point": 28, "testname": "TRAN_VDD_PULSE", "cornername": "CMOS_RES_CAP_TEMP_26"}
[2026-05-26 08:18:18.840 Z] [WARN] [cadence.virtuoso.ade.simulationMonitor] -     WARNING (CMI-2424): I19.I8.C1: `Voffcv' = -867.4e-03 is unusually small. {"history": "Interactive.76", "point": 28, "testname": "TRAN_VDD_PULSE", "cornername": "CMOS_RES_CAP_TEMP_26"}
[2026-05-26 08:18:18.840 Z] [WARN] [cadence.virtuoso.ade.simulationMonitor] -     WARNING (CMI-2424): I19.I14.C1: `Voffcv' = -867.4e-03 is unusually small. {"history": "Interactive.76", "point": 28, "testname": "TRAN_VDD_PULSE", "cornername": "CMOS_RES_CAP_TEMP_26"}
[2026-05-26 08:18:18.840 Z] [WARN] [cadence.virtuoso.ade.simulationMonitor] -     WARNING (CMI-2424): I19.I14.C4: `Voffcv' = -867.4e-03 is unusually small.
        Further occurrences of this warning will be suppressed. {"history": "Interactive.76", "point": 28, "testname": "TRAN_VDD_PULSE", "cornername": "CMOS_RES_CAP_TEMP_26"}
[2026-05-26 08:18:18.841 Z] [INFO] [cadence.virtuoso.ade.simulationMonitor] - Notice from spectre.
    56 warnings suppressed. {"history": "Interactive.76", "point": 28, "testname": "TRAN_VDD_PULSE", "cornername": "CMOS_RES_CAP_TEMP_26"}
[2026-05-26 08:18:18.841 Z] [INFO] [cadence.virtuoso.ade.simulationMonitor] - Time used: CPU = 76.3 s (1m  16.3s), elapsed = 77 s (1m  17.0s), util. = 99.1%. {"history": "Interactive.76", "point": 28, "testname": "TRAN_VDD_PULSE", "cornername": "CMOS_RES_CAP_TEMP_26"}
[2026-05-26 08:18:18.841 Z] [INFO] [cadence.virtuoso.ade.simulationMonitor] - Time spent in licensing: elapsed = 39.1 ms. {"history": "Interactive.76", "point": 28, "testname": "TRAN_VDD_PULSE", "cornername": "CMOS_RES_CAP_TEMP_26"}
[2026-05-26 08:18:18.841 Z] [INFO] [cadence.virtuoso.ade.simulationMonitor] - Peak memory used = 230 Mbytes. {"history": "Interactive.76", "point": 28, "testname": "TRAN_VDD_PULSE", "cornername": "CMOS_RES_CAP_TEMP_26"}
[2026-05-26 08:18:18.841 Z] [PROCESS] [cadence.virtuoso.ade.simulationMonitor] - Simulation started at: 8:17:01 AM, Tue May 26, 2026, ended at: 8:18:18 AM, Tue May 26, 2026, with elapsed time (wall clock): 77 s (1m  17.0s). {"history": "Interactive.76", "point": 28, "testname": "TRAN_VDD_PULSE", "cornername": "CMOS_RES_CAP_TEMP_26"}
[2026-05-26 08:18:18.841 Z] [PROCESS] [cadence.virtuoso.ade.simulationMonitor] - spectre completes with 0 errors, 97 warnings, and 35 notices. {"history": "Interactive.76", "point": 28, "testname": "TRAN_VDD_PULSE", "cornername": "CMOS_RES_CAP_TEMP_26"}
[2026-05-26 08:18:18.841 Z] [PROCESS] [cadence.virtuoso.ade.simulationMonitor] - Finished simulating for one point {"hostname": "edatools", "processid": 230256, "history": "Interactive.76", "testname": "TRAN_VDD_PULSE", "cornername": "CMOS_RES_CAP_TEMP_26", "point": 28, "logfile": "/home/saul/projects/IL2244_VT26_SAUL/logs_saul/logs0/Job41.log", "simid": "5"}
[2026-05-26 08:18:18.841 Z] [PROCESS] [cadence.virtuoso.ade.simulationMonitor] - Simulator exited {"hostname": "edatools", "processid": 230256, "history": "Interactive.76", "testname": "TRAN_VDD_PULSE", "cornername": "CMOS_RES_CAP_TEMP_26", "point": 28, "logfile": "/home/saul/projects/IL2244_VT26_SAUL/logs_saul/logs0/Job41.log", "exitStatus": "0"}
[2026-05-26 08:18:18.841 Z] [PROCESS] [cadence.virtuoso.ade.simulationMonitor] - Finished Simulation {"hostname": "edatools", "processid": 230256, "history": "Interactive.76", "testname": "TRAN_VDD_PULSE", "cornername": "CMOS_RES_CAP_TEMP_26", "point": 28, "logfile": "/home/saul/projects/IL2244_VT26_SAUL/logs_saul/logs0/Job41.log", "simid": "5"}
[2026-05-26 08:18:20.846 Z] [PROCESS] [cadence.virtuoso.ade.simulationMonitor] - Point Finished {"hostname": "edatools", "processid": 230256, "history": "Interactive.76", "testname": "TRAN_VDD_PULSE", "cornername": "CMOS_RES_CAP_TEMP_26", "point": 28, "logfile": "/home/saul/projects/IL2244_VT26_SAUL/logs_saul/logs0/Job41.log"}
[2026-05-26 08:18:21.849 Z] [PROCESS] [cadence.virtuoso.ade.simulationMonitor] - Stay with the runId '16', Linger time '300', currentRunSyn '32', currentTestSyn '33' {"hostname": "edatools", "processid": 230256, "history": "Interactive.76", "testname": "TRAN_VDD_PULSE", "cornername": "CMOS_RES_CAP_TEMP_26", "point": 28, "logfile": "/home/saul/projects/IL2244_VT26_SAUL/logs_saul/logs0/Job41.log"}
[2026-05-26 08:18:22.849 Z] [PROCESS] [cadence.virtuoso.ade.simulationMonitor] - Stay with the runId '16', Linger time '300', currentRunSyn '32', currentTestSyn '33' {"hostname": "edatools", "processid": 230256, "history": "Interactive.76", "testname": "TRAN_VDD_PULSE", "cornername": "CMOS_RES_CAP_TEMP_26", "point": 28, "logfile": "/home/saul/projects/IL2244_VT26_SAUL/logs_saul/logs0/Job41.log"}
[2026-05-26 08:18:23.850 Z] [PROCESS] [cadence.virtuoso.ade.simulationMonitor] - Stay with the runId '16', Linger time '300', currentRunSyn '32', currentTestSyn '33' {"hostname": "edatools", "processid": 230256, "history": "Interactive.76", "testname": "TRAN_VDD_PULSE", "cornername": "CMOS_RES_CAP_TEMP_26", "point": 28, "logfile": "/home/saul/projects/IL2244_VT26_SAUL/logs_saul/logs0/Job41.log"}
[2026-05-26 08:18:24.851 Z] [PROCESS] [cadence.virtuoso.ade.simulationMonitor] - Stay with the runId '16', Linger time '300', currentRunSyn '32', currentTestSyn '33' {"hostname": "edatools", "processid": 230256, "history": "Interactive.76", "testname": "TRAN_VDD_PULSE", "cornername": "CMOS_RES_CAP_TEMP_26", "point": 28, "logfile": "/home/saul/projects/IL2244_VT26_SAUL/logs_saul/logs0/Job41.log"}
[2026-05-26 08:18:25.852 Z] [PROCESS] [cadence.virtuoso.ade.simulationMonitor] - Stay with the runId '16', Linger time '300', currentRunSyn '32', currentTestSyn '33' {"hostname": "edatools", "processid": 230256, "history": "Interactive.76", "testname": "TRAN_VDD_PULSE", "cornername": "CMOS_RES_CAP_TEMP_26", "point": 28, "logfile": "/home/saul/projects/IL2244_VT26_SAUL/logs_saul/logs0/Job41.log"}
[2026-05-26 08:18:26.852 Z] [PROCESS] [cadence.virtuoso.ade.simulationMonitor] - Stay with the runId '16', Linger time '300', currentRunSyn '32', currentTestSyn '33' {"hostname": "edatools", "processid": 230256, "history": "Interactive.76", "testname": "TRAN_VDD_PULSE", "cornername": "CMOS_RES_CAP_TEMP_26", "point": 28, "logfile": "/home/saul/projects/IL2244_VT26_SAUL/logs_saul/logs0/Job41.log"}
[2026-05-26 08:18:27.854 Z] [PROCESS] [cadence.virtuoso.ade.simulationMonitor] - Stay with the runId '16', Linger time '300', currentRunSyn '32', currentTestSyn '33' {"hostname": "edatools", "processid": 230256, "history": "Interactive.76", "testname": "TRAN_VDD_PULSE", "cornername": "CMOS_RES_CAP_TEMP_26", "point": 28, "logfile": "/home/saul/projects/IL2244_VT26_SAUL/logs_saul/logs0/Job41.log"}
[2026-05-26 08:18:28.855 Z] [PROCESS] [cadence.virtuoso.ade.simulationMonitor] - Stay with the runId '16', Linger time '300', currentRunSyn '32', currentTestSyn '33' {"hostname": "edatools", "processid": 230256, "history": "Interactive.76", "testname": "TRAN_VDD_PULSE", "cornername": "CMOS_RES_CAP_TEMP_26", "point": 28, "logfile": "/home/saul/projects/IL2244_VT26_SAUL/logs_saul/logs0/Job41.log"}
[2026-05-26 08:18:29.855 Z] [PROCESS] [cadence.virtuoso.ade.simulationMonitor] - Stay with the runId '16', Linger time '300', currentRunSyn '32', currentTestSyn '33' {"hostname": "edatools", "processid": 230256, "history": "Interactive.76", "testname": "TRAN_VDD_PULSE", "cornername": "CMOS_RES_CAP_TEMP_26", "point": 28, "logfile": "/home/saul/projects/IL2244_VT26_SAUL/logs_saul/logs0/Job41.log"}
[2026-05-26 08:18:30.856 Z] [PROCESS] [cadence.virtuoso.ade.simulationMonitor] - Stay with the runId '16', Linger time '300', currentRunSyn '32', currentTestSyn '33' {"hostname": "edatools", "processid": 230256, "history": "Interactive.76", "testname": "TRAN_VDD_PULSE", "cornername": "CMOS_RES_CAP_TEMP_26", "point": 28, "logfile": "/home/saul/projects/IL2244_VT26_SAUL/logs_saul/logs0/Job41.log"}
[2026-05-26 08:18:31.857 Z] [PROCESS] [cadence.virtuoso.ade.simulationMonitor] - Stay with the runId '16', Linger time '300', currentRunSyn '32', currentTestSyn '33' {"hostname": "edatools", "processid": 230256, "history": "Interactive.76", "testname": "TRAN_VDD_PULSE", "cornername": "CMOS_RES_CAP_TEMP_26", "point": 28, "logfile": "/home/saul/projects/IL2244_VT26_SAUL/logs_saul/logs0/Job41.log"}
[2026-05-26 08:18:32.857 Z] [PROCESS] [cadence.virtuoso.ade.simulationMonitor] - Stay with the runId '16', Linger time '300', currentRunSyn '32', currentTestSyn '33' {"hostname": "edatools", "processid": 230256, "history": "Interactive.76", "testname": "TRAN_VDD_PULSE", "cornername": "CMOS_RES_CAP_TEMP_26", "point": 28, "logfile": "/home/saul/projects/IL2244_VT26_SAUL/logs_saul/logs0/Job41.log"}
[2026-05-26 08:18:33.858 Z] [PROCESS] [cadence.virtuoso.ade.simulationMonitor] - Stay with the runId '16', Linger time '300', currentRunSyn '32', currentTestSyn '33' {"hostname": "edatools", "processid": 230256, "history": "Interactive.76", "testname": "TRAN_VDD_PULSE", "cornername": "CMOS_RES_CAP_TEMP_26", "point": 28, "logfile": "/home/saul/projects/IL2244_VT26_SAUL/logs_saul/logs0/Job41.log"}
[2026-05-26 08:18:34.859 Z] [PROCESS] [cadence.virtuoso.ade.simulationMonitor] - Stay with the runId '16', Linger time '300', currentRunSyn '32', currentTestSyn '33' {"hostname": "edatools", "processid": 230256, "history": "Interactive.76", "testname": "TRAN_VDD_PULSE", "cornername": "CMOS_RES_CAP_TEMP_26", "point": 28, "logfile": "/home/saul/projects/IL2244_VT26_SAUL/logs_saul/logs0/Job41.log"}
[2026-05-26 08:18:35.860 Z] [PROCESS] [cadence.virtuoso.ade.simulationMonitor] - Stay with the runId '16', Linger time '300', currentRunSyn '32', currentTestSyn '33' {"hostname": "edatools", "processid": 230256, "history": "Interactive.76", "testname": "TRAN_VDD_PULSE", "cornername": "CMOS_RES_CAP_TEMP_26", "point": 28, "logfile": "/home/saul/projects/IL2244_VT26_SAUL/logs_saul/logs0/Job41.log"}
[2026-05-26 08:18:36.860 Z] [PROCESS] [cadence.virtuoso.ade.simulationMonitor] - Stay with the runId '16', Linger time '300', currentRunSyn '32', currentTestSyn '33' {"hostname": "edatools", "processid": 230256, "history": "Interactive.76", "testname": "TRAN_VDD_PULSE", "cornername": "CMOS_RES_CAP_TEMP_26", "point": 28, "logfile": "/home/saul/projects/IL2244_VT26_SAUL/logs_saul/logs0/Job41.log"}
[2026-05-26 08:18:37.861 Z] [PROCESS] [cadence.virtuoso.ade.simulationMonitor] - Stay with the runId '16', Linger time '300', currentRunSyn '32', currentTestSyn '33' {"hostname": "edatools", "processid": 230256, "history": "Interactive.76", "testname": "TRAN_VDD_PULSE", "cornername": "CMOS_RES_CAP_TEMP_26", "point": 28, "logfile": "/home/saul/projects/IL2244_VT26_SAUL/logs_saul/logs0/Job41.log"}
[2026-05-26 08:18:38.862 Z] [PROCESS] [cadence.virtuoso.ade.simulationMonitor] - Stay with the runId '16', Linger time '300', currentRunSyn '32', currentTestSyn '33' {"hostname": "edatools", "processid": 230256, "history": "Interactive.76", "testname": "TRAN_VDD_PULSE", "cornername": "CMOS_RES_CAP_TEMP_26", "point": 28, "logfile": "/home/saul/projects/IL2244_VT26_SAUL/logs_saul/logs0/Job41.log"}
[2026-05-26 08:18:39.862 Z] [PROCESS] [cadence.virtuoso.ade.simulationMonitor] - Stay with the runId '16', Linger time '300', currentRunSyn '32', currentTestSyn '33' {"hostname": "edatools", "processid": 230256, "history": "Interactive.76", "testname": "TRAN_VDD_PULSE", "cornername": "CMOS_RES_CAP_TEMP_26", "point": 28, "logfile": "/home/saul/projects/IL2244_VT26_SAUL/logs_saul/logs0/Job41.log"}
[2026-05-26 08:18:40.863 Z] [PROCESS] [cadence.virtuoso.ade.simulationMonitor] - Stay with the runId '16', Linger time '300', currentRunSyn '32', currentTestSyn '33' {"hostname": "edatools", "processid": 230256, "history": "Interactive.76", "testname": "TRAN_VDD_PULSE", "cornername": "CMOS_RES_CAP_TEMP_26", "point": 28, "logfile": "/home/saul/projects/IL2244_VT26_SAUL/logs_saul/logs0/Job41.log"}
[2026-05-26 08:18:41.863 Z] [PROCESS] [cadence.virtuoso.ade.simulationMonitor] - Stay with the runId '16', Linger time '300', currentRunSyn '32', currentTestSyn '33' {"hostname": "edatools", "processid": 230256, "history": "Interactive.76", "testname": "TRAN_VDD_PULSE", "cornername": "CMOS_RES_CAP_TEMP_26", "point": 28, "logfile": "/home/saul/projects/IL2244_VT26_SAUL/logs_saul/logs0/Job41.log"}
[2026-05-26 08:18:42.863 Z] [PROCESS] [cadence.virtuoso.ade.simulationMonitor] - Stay with the runId '16', Linger time '300', currentRunSyn '32', currentTestSyn '33' {"hostname": "edatools", "processid": 230256, "history": "Interactive.76", "testname": "TRAN_VDD_PULSE", "cornername": "CMOS_RES_CAP_TEMP_26", "point": 28, "logfile": "/home/saul/projects/IL2244_VT26_SAUL/logs_saul/logs0/Job41.log"}
[2026-05-26 08:18:43.864 Z] [PROCESS] [cadence.virtuoso.ade.simulationMonitor] - Stay with the runId '16', Linger time '300', currentRunSyn '32', currentTestSyn '33' {"hostname": "edatools", "processid": 230256, "history": "Interactive.76", "testname": "TRAN_VDD_PULSE", "cornername": "CMOS_RES_CAP_TEMP_26", "point": 28, "logfile": "/home/saul/projects/IL2244_VT26_SAUL/logs_saul/logs0/Job41.log"}
[2026-05-26 08:18:44.865 Z] [PROCESS] [cadence.virtuoso.ade.simulationMonitor] - Stay with the runId '16', Linger time '300', currentRunSyn '32', currentTestSyn '33' {"hostname": "edatools", "processid": 230256, "history": "Interactive.76", "testname": "TRAN_VDD_PULSE", "cornername": "CMOS_RES_CAP_TEMP_26", "point": 28, "logfile": "/home/saul/projects/IL2244_VT26_SAUL/logs_saul/logs0/Job41.log"}
[2026-05-26 08:18:45.865 Z] [PROCESS] [cadence.virtuoso.ade.simulationMonitor] - Stay with the runId '16', Linger time '300', currentRunSyn '32', currentTestSyn '33' {"hostname": "edatools", "processid": 230256, "history": "Interactive.76", "testname": "TRAN_VDD_PULSE", "cornername": "CMOS_RES_CAP_TEMP_26", "point": 28, "logfile": "/home/saul/projects/IL2244_VT26_SAUL/logs_saul/logs0/Job41.log"}
[2026-05-26 08:18:46.865 Z] [PROCESS] [cadence.virtuoso.ade.simulationMonitor] - Stay with the runId '16', Linger time '300', currentRunSyn '32', currentTestSyn '33' {"hostname": "edatools", "processid": 230256, "history": "Interactive.76", "testname": "TRAN_VDD_PULSE", "cornername": "CMOS_RES_CAP_TEMP_26", "point": 28, "logfile": "/home/saul/projects/IL2244_VT26_SAUL/logs_saul/logs0/Job41.log"}
[2026-05-26 08:18:47.866 Z] [PROCESS] [cadence.virtuoso.ade.simulationMonitor] - Stay with the runId '16', Linger time '300', currentRunSyn '32', currentTestSyn '33' {"hostname": "edatools", "processid": 230256, "history": "Interactive.76", "testname": "TRAN_VDD_PULSE", "cornername": "CMOS_RES_CAP_TEMP_26", "point": 28, "logfile": "/home/saul/projects/IL2244_VT26_SAUL/logs_saul/logs0/Job41.log"}
[2026-05-26 08:18:48.867 Z] [PROCESS] [cadence.virtuoso.ade.simulationMonitor] - Stay with the runId '16', Linger time '300', currentRunSyn '32', currentTestSyn '33' {"hostname": "edatools", "processid": 230256, "history": "Interactive.76", "testname": "TRAN_VDD_PULSE", "cornername": "CMOS_RES_CAP_TEMP_26", "point": 28, "logfile": "/home/saul/projects/IL2244_VT26_SAUL/logs_saul/logs0/Job41.log"}
[2026-05-26 08:18:49.867 Z] [PROCESS] [cadence.virtuoso.ade.simulationMonitor] - Stay with the runId '16', Linger time '300', currentRunSyn '32', currentTestSyn '33' {"hostname": "edatools", "processid": 230256, "history": "Interactive.76", "testname": "TRAN_VDD_PULSE", "cornername": "CMOS_RES_CAP_TEMP_26", "point": 28, "logfile": "/home/saul/projects/IL2244_VT26_SAUL/logs_saul/logs0/Job41.log"}
[2026-05-26 08:18:50.868 Z] [PROCESS] [cadence.virtuoso.ade.simulationMonitor] - Stay with the runId '16', Linger time '300', currentRunSyn '32', currentTestSyn '33' {"hostname": "edatools", "processid": 230256, "history": "Interactive.76", "testname": "TRAN_VDD_PULSE", "cornername": "CMOS_RES_CAP_TEMP_26", "point": 28, "logfile": "/home/saul/projects/IL2244_VT26_SAUL/logs_saul/logs0/Job41.log"}
[2026-05-26 08:18:51.868 Z] [PROCESS] [cadence.virtuoso.ade.simulationMonitor] - Stay with the runId '16', Linger time '300', currentRunSyn '32', currentTestSyn '33' {"hostname": "edatools", "processid": 230256, "history": "Interactive.76", "testname": "TRAN_VDD_PULSE", "cornername": "CMOS_RES_CAP_TEMP_26", "point": 28, "logfile": "/home/saul/projects/IL2244_VT26_SAUL/logs_saul/logs0/Job41.log"}
[2026-05-26 08:18:52.868 Z] [PROCESS] [cadence.virtuoso.ade.simulationMonitor] - Stay with the runId '16', Linger time '300', currentRunSyn '32', currentTestSyn '33' {"hostname": "edatools", "processid": 230256, "history": "Interactive.76", "testname": "TRAN_VDD_PULSE", "cornername": "CMOS_RES_CAP_TEMP_26", "point": 28, "logfile": "/home/saul/projects/IL2244_VT26_SAUL/logs_saul/logs0/Job41.log"}
[2026-05-26 08:18:53.868 Z] [PROCESS] [cadence.virtuoso.ade.simulationMonitor] - Stay with the runId '16', Linger time '300', currentRunSyn '32', currentTestSyn '33' {"hostname": "edatools", "processid": 230256, "history": "Interactive.76", "testname": "TRAN_VDD_PULSE", "cornername": "CMOS_RES_CAP_TEMP_26", "point": 28, "logfile": "/home/saul/projects/IL2244_VT26_SAUL/logs_saul/logs0/Job41.log"}
[2026-05-26 08:18:54.868 Z] [PROCESS] [cadence.virtuoso.ade.simulationMonitor] - Stay with the runId '16', Linger time '300', currentRunSyn '32', currentTestSyn '33' {"hostname": "edatools", "processid": 230256, "history": "Interactive.76", "testname": "TRAN_VDD_PULSE", "cornername": "CMOS_RES_CAP_TEMP_26", "point": 28, "logfile": "/home/saul/projects/IL2244_VT26_SAUL/logs_saul/logs0/Job41.log"}
[2026-05-26 08:18:55.869 Z] [PROCESS] [cadence.virtuoso.ade.simulationMonitor] - Stay with the runId '16', Linger time '300', currentRunSyn '32', currentTestSyn '33' {"hostname": "edatools", "processid": 230256, "history": "Interactive.76", "testname": "TRAN_VDD_PULSE", "cornername": "CMOS_RES_CAP_TEMP_26", "point": 28, "logfile": "/home/saul/projects/IL2244_VT26_SAUL/logs_saul/logs0/Job41.log"}
[2026-05-26 08:18:56.870 Z] [PROCESS] [cadence.virtuoso.ade.simulationMonitor] - Stay with the runId '16', Linger time '300', currentRunSyn '32', currentTestSyn '33' {"hostname": "edatools", "processid": 230256, "history": "Interactive.76", "testname": "TRAN_VDD_PULSE", "cornername": "CMOS_RES_CAP_TEMP_26", "point": 28, "logfile": "/home/saul/projects/IL2244_VT26_SAUL/logs_saul/logs0/Job41.log"}
[2026-05-26 08:18:57.870 Z] [PROCESS] [cadence.virtuoso.ade.simulationMonitor] - Stay with the runId '16', Linger time '300', currentRunSyn '32', currentTestSyn '33' {"hostname": "edatools", "processid": 230256, "history": "Interactive.76", "testname": "TRAN_VDD_PULSE", "cornername": "CMOS_RES_CAP_TEMP_26", "point": 28, "logfile": "/home/saul/projects/IL2244_VT26_SAUL/logs_saul/logs0/Job41.log"}
[2026-05-26 08:18:58.871 Z] [PROCESS] [cadence.virtuoso.ade.simulationMonitor] - Stay with the runId '16', Linger time '300', currentRunSyn '32', currentTestSyn '33' {"hostname": "edatools", "processid": 230256, "history": "Interactive.76", "testname": "TRAN_VDD_PULSE", "cornername": "CMOS_RES_CAP_TEMP_26", "point": 28, "logfile": "/home/saul/projects/IL2244_VT26_SAUL/logs_saul/logs0/Job41.log"}
[2026-05-26 08:18:59.871 Z] [PROCESS] [cadence.virtuoso.ade.simulationMonitor] - Stay with the runId '16', Linger time '300', currentRunSyn '32', currentTestSyn '33' {"hostname": "edatools", "processid": 230256, "history": "Interactive.76", "testname": "TRAN_VDD_PULSE", "cornername": "CMOS_RES_CAP_TEMP_26", "point": 28, "logfile": "/home/saul/projects/IL2244_VT26_SAUL/logs_saul/logs0/Job41.log"}
[2026-05-26 08:19:00.872 Z] [PROCESS] [cadence.virtuoso.ade.simulationMonitor] - Stay with the runId '16', Linger time '300', currentRunSyn '32', currentTestSyn '33' {"hostname": "edatools", "processid": 230256, "history": "Interactive.76", "testname": "TRAN_VDD_PULSE", "cornername": "CMOS_RES_CAP_TEMP_26", "point": 28, "logfile": "/home/saul/projects/IL2244_VT26_SAUL/logs_saul/logs0/Job41.log"}
[2026-05-26 08:19:01.873 Z] [PROCESS] [cadence.virtuoso.ade.simulationMonitor] - Stay with the runId '16', Linger time '300', currentRunSyn '32', currentTestSyn '33' {"hostname": "edatools", "processid": 230256, "history": "Interactive.76", "testname": "TRAN_VDD_PULSE", "cornername": "CMOS_RES_CAP_TEMP_26", "point": 28, "logfile": "/home/saul/projects/IL2244_VT26_SAUL/logs_saul/logs0/Job41.log"}
[2026-05-26 08:19:02.873 Z] [PROCESS] [cadence.virtuoso.ade.simulationMonitor] - Stay with the runId '16', Linger time '300', currentRunSyn '32', currentTestSyn '33' {"hostname": "edatools", "processid": 230256, "history": "Interactive.76", "testname": "TRAN_VDD_PULSE", "cornername": "CMOS_RES_CAP_TEMP_26", "point": 28, "logfile": "/home/saul/projects/IL2244_VT26_SAUL/logs_saul/logs0/Job41.log"}
[2026-05-26 08:19:03.874 Z] [PROCESS] [cadence.virtuoso.ade.simulationMonitor] - Stay with the runId '16', Linger time '300', currentRunSyn '32', currentTestSyn '33' {"hostname": "edatools", "processid": 230256, "history": "Interactive.76", "testname": "TRAN_VDD_PULSE", "cornername": "CMOS_RES_CAP_TEMP_26", "point": 28, "logfile": "/home/saul/projects/IL2244_VT26_SAUL/logs_saul/logs0/Job41.log"}
[2026-05-26 08:19:04.875 Z] [PROCESS] [cadence.virtuoso.ade.simulationMonitor] - Stay with the runId '16', Linger time '300', currentRunSyn '32', currentTestSyn '33' {"hostname": "edatools", "processid": 230256, "history": "Interactive.76", "testname": "TRAN_VDD_PULSE", "cornername": "CMOS_RES_CAP_TEMP_26", "point": 28, "logfile": "/home/saul/projects/IL2244_VT26_SAUL/logs_saul/logs0/Job41.log"}
[2026-05-26 08:19:05.875 Z] [PROCESS] [cadence.virtuoso.ade.simulationMonitor] - Stay with the runId '16', Linger time '300', currentRunSyn '32', currentTestSyn '33' {"hostname": "edatools", "processid": 230256, "history": "Interactive.76", "testname": "TRAN_VDD_PULSE", "cornername": "CMOS_RES_CAP_TEMP_26", "point": 28, "logfile": "/home/saul/projects/IL2244_VT26_SAUL/logs_saul/logs0/Job41.log"}
[2026-05-26 08:19:06.875 Z] [PROCESS] [cadence.virtuoso.ade.simulationMonitor] - Stay with the runId '16', Linger time '300', currentRunSyn '32', currentTestSyn '33' {"hostname": "edatools", "processid": 230256, "history": "Interactive.76", "testname": "TRAN_VDD_PULSE", "cornername": "CMOS_RES_CAP_TEMP_26", "point": 28, "logfile": "/home/saul/projects/IL2244_VT26_SAUL/logs_saul/logs0/Job41.log"}
[2026-05-26 08:19:07.875 Z] [PROCESS] [cadence.virtuoso.ade.simulationMonitor] - Stay with the runId '16', Linger time '300', currentRunSyn '32', currentTestSyn '33' {"hostname": "edatools", "processid": 230256, "history": "Interactive.76", "testname": "TRAN_VDD_PULSE", "cornername": "CMOS_RES_CAP_TEMP_26", "point": 28, "logfile": "/home/saul/projects/IL2244_VT26_SAUL/logs_saul/logs0/Job41.log"}
[2026-05-26 08:19:08.876 Z] [PROCESS] [cadence.virtuoso.ade.simulationMonitor] - Stay with the runId '16', Linger time '300', currentRunSyn '32', currentTestSyn '33' {"hostname": "edatools", "processid": 230256, "history": "Interactive.76", "testname": "TRAN_VDD_PULSE", "cornername": "CMOS_RES_CAP_TEMP_26", "point": 28, "logfile": "/home/saul/projects/IL2244_VT26_SAUL/logs_saul/logs0/Job41.log"}
[2026-05-26 08:19:09.876 Z] [PROCESS] [cadence.virtuoso.ade.simulationMonitor] - Stay with the runId '16', Linger time '300', currentRunSyn '32', currentTestSyn '33' {"hostname": "edatools", "processid": 230256, "history": "Interactive.76", "testname": "TRAN_VDD_PULSE", "cornername": "CMOS_RES_CAP_TEMP_26", "point": 28, "logfile": "/home/saul/projects/IL2244_VT26_SAUL/logs_saul/logs0/Job41.log"}
[2026-05-26 08:19:10.876 Z] [PROCESS] [cadence.virtuoso.ade.simulationMonitor] - Stay with the runId '16', Linger time '300', currentRunSyn '32', currentTestSyn '33' {"hostname": "edatools", "processid": 230256, "history": "Interactive.76", "testname": "TRAN_VDD_PULSE", "cornername": "CMOS_RES_CAP_TEMP_26", "point": 28, "logfile": "/home/saul/projects/IL2244_VT26_SAUL/logs_saul/logs0/Job41.log"}
[2026-05-26 08:19:11.878 Z] [PROCESS] [cadence.virtuoso.ade.simulationMonitor] - Stay with the runId '16', Linger time '300', currentRunSyn '32', currentTestSyn '33' {"hostname": "edatools", "processid": 230256, "history": "Interactive.76", "testname": "TRAN_VDD_PULSE", "cornername": "CMOS_RES_CAP_TEMP_26", "point": 28, "logfile": "/home/saul/projects/IL2244_VT26_SAUL/logs_saul/logs0/Job41.log"}
[2026-05-26 08:19:12.884 Z] [PROCESS] [cadence.virtuoso.ade.simulationMonitor] - Stay with the runId '16', Linger time '300', currentRunSyn '32', currentTestSyn '33' {"hostname": "edatools", "processid": 230256, "history": "Interactive.76", "testname": "TRAN_VDD_PULSE", "cornername": "CMOS_RES_CAP_TEMP_26", "point": 28, "logfile": "/home/saul/projects/IL2244_VT26_SAUL/logs_saul/logs0/Job41.log"}
[2026-05-26 08:23:21.851 Z] [PROCESS] [cadence.virtuoso.ade.simulationMonitor] - Current memory used: 52.4688 MBytes, peak memory used: 52.4688 MBytes {"hostname": "edatools", "processid": 230256, "history": "Interactive.76", "testname": "TRAN_VDD_PULSE", "cornername": "CMOS_RES_CAP_TEMP_26", "point": 28, "logfile": "/home/saul/projects/IL2244_VT26_SAUL/logs_saul/logs0/Job41.log"}
[2026-05-26 08:23:21.852 Z] [PROCESS] [cadence.virtuoso.ade.simulationMonitor] - Simulation Monitor process exit. {"hostname": "edatools", "processid": 230256, "history": "Interactive.76", "testname": "TRAN_VDD_PULSE", "cornername": "CMOS_RES_CAP_TEMP_26", "point": 28, "logfile": "/home/saul/projects/IL2244_VT26_SAUL/logs_saul/logs0/Job41.log"}
