[Simulation Monitor: 48]
[2026-05-26 09:41:18.766 Z] [PROCESS] [cadence.virtuoso.ade.simulationMonitor] - Simulation Monitor has successfully started up. Trying to set up communication channels to other components ... {"hostname": "edatools", "processid": 247514, "logfile": "/home/saul/projects/IL2244_VT26_SAUL/logs_saul/logs0/Job48.log"}
[2026-05-26 09:41:18.766 Z] [PROCESS] [cadence.virtuoso.ade.simulationMonitor] - Communication channels have been successfully set up. Start processing events ... {"hostname": "edatools", "processid": 247514, "logfile": "/home/saul/projects/IL2244_VT26_SAUL/logs_saul/logs0/Job48.log"}
[2026-05-26 09:41:18.766 Z] [PROCESS] [cadence.virtuoso.ade.simulationMonitor] - Considering to start history {"hostname": "edatools", "processid": 247514, "history": "Interactive.77", "logfile": "/home/saul/projects/IL2244_VT26_SAUL/logs_saul/logs0/Job48.log"}
[2026-05-26 09:41:18.768 Z] [PROCESS] [cadence.virtuoso.ade.simulationMonitor] - HostInfo:
Host name (type):	edatools (x86_64)
Operating system:	Linux 6.17.0-29-generic #29~24.04.1-Ubuntu SMP PREEMPT_DYNAMIC Mon May 11 10:30:58 UTC 2 {"hostname": "edatools", "processid": 247514, "history": "Interactive.77", "logfile": "/home/saul/projects/IL2244_VT26_SAUL/logs_saul/logs0/Job48.log", "nodename": "edatools", "domainname": "(none)", "machine": "x86_64", "sysname": "Linux", "release": "6.17.0-29-generic", "version": "#29~24.04.1-Ubuntu SMP PREEMPT_DYNAMIC Mon May 11 10:30:58 UTC 2"}
[2026-05-26 09:41:18.768 Z] [PROCESS] [cadence.virtuoso.ade.simulationMonitor] - UsageInfo:
pid=247514
totalPhysicalMemory=62.544987GB,Used=44.457626GB,totalVirtualMemory=70.544983GB,Used=44.457626GB
Cpu: Cores=16, Load average:0.660000,0.400000,0.200000 {"hostname": "edatools", "processid": 247514, "history": "Interactive.77", "logfile": "/home/saul/projects/IL2244_VT26_SAUL/logs_saul/logs0/Job48.log", "pid": "247514", "totalPhysicalMemory": "62.544987", "physicalMemoryUsed": "44.457626", "totalVirtualMemory": "70.544983", "virtualMemoryUsed": "44.457626", "cpuCores": "16", "processes": "1640", "loadAverage1": "0.660000", "loadAverage5": "0.400000", "loadAverage15": "0.200000", "loadAverage1Percent": "0.041250"}
[2026-05-26 09:41:18.768 Z] [EVENT] [cadence.virtuoso.ade.simulationMonitor] - NewPoint {"history": "Interactive.77", "point": 4, "testname": "TRAN_VDD_PULSE", "cornername": "CMOS_RES_CAP_TEMP_2", "event": "NewPoint", "EventSource": "Simulation Monitor", "HistoryName": "Interactive.77", "logFile": "/home/saul/projects/IL2244_VT26_SAUL/logs_saul/logs0/Job48.log", "logFileSize": "2198"}
[2026-05-26 09:41:18.869 Z] [EVENT] [cadence.virtuoso.ade.simulationMonitor] - NewPoint {"history": "Interactive.77", "point": 4, "testname": "TRAN_VDD_PULSE", "cornername": "CMOS_RES_CAP_TEMP_2", "event": "NewPoint", "EventSource": "spectre", "HistoryName": "Interactive.77", "logFile": "/home/saul/projects/IL2244_VT26_SAUL/Sim/FECG/fecg_front_end_tran_tb/maestro/results/maestro/Interactive.77/4/TRAN_VDD_PULSE/psf/spectre.out", "logFileSize": "-1"}
[2026-05-26 09:41:18.886 Z] [PROCESS] [cadence.virtuoso.ade.simulationMonitor] - Simulator launched {"hostname": "edatools", "processid": 247514, "history": "Interactive.77", "testname": "TRAN_VDD_PULSE", "cornername": "CMOS_RES_CAP_TEMP_2", "point": 4, "logfile": "/home/saul/projects/IL2244_VT26_SAUL/logs_saul/logs0/Job48.log", "simid": "1"}
[2026-05-26 09:41:18.888 Z] [PROCESS] [cadence.virtuoso.ade.simulationMonitor] - Expression evaluator launched {"hostname": "edatools", "processid": 247514, "history": "Interactive.77", "testname": "TRAN_VDD_PULSE", "cornername": "CMOS_RES_CAP_TEMP_2", "point": 4, "logfile": "/home/saul/projects/IL2244_VT26_SAUL/logs_saul/logs0/Job48.log"}
[2026-05-26 09:41:18.903 Z] [PROCESS] [cadence.virtuoso.ade.simulationMonitor] - Started Simulation {"hostname": "edatools", "processid": 247514, "history": "Interactive.77", "testname": "TRAN_VDD_PULSE", "cornername": "CMOS_RES_CAP_TEMP_2", "point": 4, "logfile": "/home/saul/projects/IL2244_VT26_SAUL/logs_saul/logs0/Job48.log", "event": "started", "task": "simulation"}
[2026-05-26 09:41:19.403 Z] [INFO] [cadence.virtuoso.ade.simulationMonitor] - Notice from spectre during circuit read-in.
    Pre_Configuration file used: /opt/tools/cadence/installs/SPECTRE241/tools.lnx86/spectre/etc/configs/preset.precfg
    Configuration file used: `/opt/tools/cadence/installs/SPECTRE241/tools.lnx86/spectre/etc/configs/preset.cfg'. {"history": "Interactive.77", "point": 4, "testname": "TRAN_VDD_PULSE", "cornername": "CMOS_RES_CAP_TEMP_2"}
[2026-05-26 09:41:19.403 Z] [WARN] [cadence.virtuoso.ade.simulationMonitor] -     WARNING (SPECTRE-8360): line 1511: `ac' is an undefined primitive device. {"history": "Interactive.77", "point": 4, "testname": "TRAN_VDD_PULSE", "cornername": "CMOS_RES_CAP_TEMP_2"}
[2026-05-26 09:41:19.404 Z] [WARN] [cadence.virtuoso.ade.simulationMonitor] -     WARNING (SPECTRE-8360): line 1512: `ac' is an undefined primitive device. {"history": "Interactive.77", "point": 4, "testname": "TRAN_VDD_PULSE", "cornername": "CMOS_RES_CAP_TEMP_2"}
[2026-05-26 09:41:19.404 Z] [WARN] [cadence.virtuoso.ade.simulationMonitor] -     WARNING (SPECTRE-8360): line 1513: `ac' is an undefined primitive device. {"history": "Interactive.77", "point": 4, "testname": "TRAN_VDD_PULSE", "cornername": "CMOS_RES_CAP_TEMP_2"}
[2026-05-26 09:41:19.404 Z] [WARN] [cadence.virtuoso.ade.simulationMonitor] -     WARNING (SPECTRE-8360): line 1514: `ac' is an undefined primitive device. {"history": "Interactive.77", "point": 4, "testname": "TRAN_VDD_PULSE", "cornername": "CMOS_RES_CAP_TEMP_2"}
[2026-05-26 09:41:19.404 Z] [WARN] [cadence.virtuoso.ade.simulationMonitor] -     WARNING (SPECTRE-8360): line 1515: `ac' is an undefined primitive device.
        Further occurrences of this warning will be suppressed. {"history": "Interactive.77", "point": 4, "testname": "TRAN_VDD_PULSE", "cornername": "CMOS_RES_CAP_TEMP_2"}
[2026-05-26 09:41:19.404 Z] [INFO] [cadence.virtuoso.ade.simulationMonitor] - Peak resident memory used = 173 Mbytes. {"history": "Interactive.77", "point": 4, "testname": "TRAN_VDD_PULSE", "cornername": "CMOS_RES_CAP_TEMP_2"}
[2026-05-26 09:41:19.404 Z] [WARN] [cadence.virtuoso.ade.simulationMonitor] -     WARNING (VACOMP-2435): The environment variable CDS_AHDLCMI_ENABLE is no longer supported. Therefore, the simulator will use the default compiled C code flow. {"history": "Interactive.77", "point": 4, "testname": "TRAN_VDD_PULSE", "cornername": "CMOS_RES_CAP_TEMP_2"}
[2026-05-26 09:41:19.904 Z] [WARN] [cadence.virtuoso.ade.simulationMonitor] -     WARNING (SFE-3014): The floating device I19.I0.I5.MN14<0>_turbo_m4 is removed. {"history": "Interactive.77", "point": 4, "testname": "TRAN_VDD_PULSE", "cornername": "CMOS_RES_CAP_TEMP_2"}
[2026-05-26 09:41:19.905 Z] [WARN] [cadence.virtuoso.ade.simulationMonitor] -     WARNING (SFE-3012): The dummy device I19.I4.MP16<0>_turbo_m41 is removed. {"history": "Interactive.77", "point": 4, "testname": "TRAN_VDD_PULSE", "cornername": "CMOS_RES_CAP_TEMP_2"}
[2026-05-26 09:41:19.905 Z] [WARN] [cadence.virtuoso.ade.simulationMonitor] -     WARNING (SFE-3014): The floating device I19.I8.MN57<0>_turbo_m28 is removed. {"history": "Interactive.77", "point": 4, "testname": "TRAN_VDD_PULSE", "cornername": "CMOS_RES_CAP_TEMP_2"}
[2026-05-26 09:41:19.906 Z] [WARN] [cadence.virtuoso.ade.simulationMonitor] -     WARNING (SFE-3012): The dummy device I19.I14.MP13<0>_turbo_m4 is removed. {"history": "Interactive.77", "point": 4, "testname": "TRAN_VDD_PULSE", "cornername": "CMOS_RES_CAP_TEMP_2"}
[2026-05-26 09:41:19.906 Z] [WARN] [cadence.virtuoso.ade.simulationMonitor] -     WARNING (SFE-3031): The floating capacitor I19.I12.C10<0>_turbo_m12.C1 is removed. {"history": "Interactive.77", "point": 4, "testname": "TRAN_VDD_PULSE", "cornername": "CMOS_RES_CAP_TEMP_2"}
[2026-05-26 09:41:19.907 Z] [WARN] [cadence.virtuoso.ade.simulationMonitor] -     WARNING (SFE-3014): The floating device I19.I2.MN37<0>_turbo_m4 is removed. {"history": "Interactive.77", "point": 4, "testname": "TRAN_VDD_PULSE", "cornername": "CMOS_RES_CAP_TEMP_2"}
[2026-05-26 09:41:19.907 Z] [WARN] [cadence.virtuoso.ade.simulationMonitor] -     WARNING (SFE-3012): The dummy device I19.I0.I5.MP12<0>_turbo_m2 is removed. {"history": "Interactive.77", "point": 4, "testname": "TRAN_VDD_PULSE", "cornername": "CMOS_RES_CAP_TEMP_2"}
[2026-05-26 09:41:19.908 Z] [WARN] [cadence.virtuoso.ade.simulationMonitor] -     WARNING (SFE-3014): The floating device I19.I0.MN13<0>_turbo_m4 is removed. {"history": "Interactive.77", "point": 4, "testname": "TRAN_VDD_PULSE", "cornername": "CMOS_RES_CAP_TEMP_2"}
[2026-05-26 09:41:19.908 Z] [WARN] [cadence.virtuoso.ade.simulationMonitor] -     WARNING (SFE-3012): The dummy device I19.I0.I3.MP13<0>_turbo_m4 is removed. {"history": "Interactive.77", "point": 4, "testname": "TRAN_VDD_PULSE", "cornername": "CMOS_RES_CAP_TEMP_2"}
[2026-05-26 09:41:19.909 Z] [WARN] [cadence.virtuoso.ade.simulationMonitor] -     WARNING (SFE-3031): The floating capacitor I19.I12.C6<0>_turbo_m3.C1 is removed. {"history": "Interactive.77", "point": 4, "testname": "TRAN_VDD_PULSE", "cornername": "CMOS_RES_CAP_TEMP_2"}
[2026-05-26 09:41:19.909 Z] [WARN] [cadence.virtuoso.ade.simulationMonitor] -     WARNING (SFE-3012): The dummy device I19.I0.MP11<0>_turbo_m4 is removed.
        Further occurrences of this warning will be suppressed. {"history": "Interactive.77", "point": 4, "testname": "TRAN_VDD_PULSE", "cornername": "CMOS_RES_CAP_TEMP_2"}
[2026-05-26 09:41:19.909 Z] [WARN] [cadence.virtuoso.ade.simulationMonitor] -     WARNING (SFE-3031): The floating capacitor I19.I11.C7<0>_turbo_m3.C1 is removed. {"history": "Interactive.77", "point": 4, "testname": "TRAN_VDD_PULSE", "cornername": "CMOS_RES_CAP_TEMP_2"}
[2026-05-26 09:41:19.910 Z] [WARN] [cadence.virtuoso.ade.simulationMonitor] -     WARNING (SFE-3014): The floating device I19.I12.MN57<0>_turbo_m28 is removed.
        Further occurrences of this warning will be suppressed. {"history": "Interactive.77", "point": 4, "testname": "TRAN_VDD_PULSE", "cornername": "CMOS_RES_CAP_TEMP_2"}
[2026-05-26 09:41:19.910 Z] [WARN] [cadence.virtuoso.ade.simulationMonitor] -     WARNING (SFE-3031): The floating capacitor I19.I11.C10<0>_turbo_m12.C1 is removed. {"history": "Interactive.77", "point": 4, "testname": "TRAN_VDD_PULSE", "cornername": "CMOS_RES_CAP_TEMP_2"}
[2026-05-26 09:41:19.911 Z] [WARN] [cadence.virtuoso.ade.simulationMonitor] -     WARNING (SFE-3031): The floating capacitor I19.I12.C7<0>_turbo_m3.C1 is removed.
        Further occurrences of this warning will be suppressed. {"history": "Interactive.77", "point": 4, "testname": "TRAN_VDD_PULSE", "cornername": "CMOS_RES_CAP_TEMP_2"}
[2026-05-26 09:41:19.911 Z] [INFO] [cadence.virtuoso.ade.simulationMonitor] - Peak resident memory used = 188 Mbytes. {"history": "Interactive.77", "point": 4, "testname": "TRAN_VDD_PULSE", "cornername": "CMOS_RES_CAP_TEMP_2"}
[2026-05-26 09:41:19.912 Z] [INFO] [cadence.virtuoso.ade.simulationMonitor] - Notice from spectre during hierarchy flattening.
    The value 'psf' specified for the 'checklimitdest' option will no longer be supported in future releases. Use 'spectre -h' to see other recommended values for the 'checklimitdest' option.
    I19.I0.R10.CS0 of rpolyhc: `c' has the unusually small value of 0 F.
    I19.I0.R10.CS1 of rpolyhc: `c' has the unusually small value of 0 F.
    I19.I0.R9.CS0 of rpolyhc: `c' has the unusually small value of 0 F.
    I19.I0.R9.CS1 of rpolyhc: `c' has the unusually ... {"history": "Interactive.77", "point": 4, "testname": "TRAN_VDD_PULSE", "cornername": "CMOS_RES_CAP_TEMP_2"}
[2026-05-26 09:41:19.912 Z] [INFO] [cadence.virtuoso.ade.simulationMonitor] - Notice from spectre during hierarchy flattening.
    V17: `period' has the unusually large value of 20 s.
    V17: `width' has the unusually large value of 19 s.
    V16: `period' has the unusually large value of 10 s.
    V16: `width' has the unusually large value of 9 s.
    V9: `period' has the unusually large value of 10 s.
        Further occurrences of this notice will be suppressed. {"history": "Interactive.77", "point": 4, "testname": "TRAN_VDD_PULSE", "cornername": "CMOS_RES_CAP_TEMP_2"}
[2026-05-26 09:41:19.913 Z] [INFO] [cadence.virtuoso.ade.simulationMonitor] - Peak resident memory used = 192 Mbytes. {"history": "Interactive.77", "point": 4, "testname": "TRAN_VDD_PULSE", "cornername": "CMOS_RES_CAP_TEMP_2"}
[2026-05-26 09:41:19.913 Z] [WARN] [cadence.virtuoso.ade.simulationMonitor] -     WARNING (CMI-2425): I19.I0.C2: `Acde' = 2.393 is unusually large. {"history": "Interactive.77", "point": 4, "testname": "TRAN_VDD_PULSE", "cornername": "CMOS_RES_CAP_TEMP_2"}
[2026-05-26 09:41:19.913 Z] [WARN] [cadence.virtuoso.ade.simulationMonitor] -     WARNING (CMI-2425): I19.I0.C2: `Noff' = 4.732 is unusually large. {"history": "Interactive.77", "point": 4, "testname": "TRAN_VDD_PULSE", "cornername": "CMOS_RES_CAP_TEMP_2"}
[2026-05-26 09:41:19.914 Z] [WARN] [cadence.virtuoso.ade.simulationMonitor] -     WARNING (CMI-2424): I19.I0.C2: `Voffcv' = -867.4e-03 is unusually small. {"history": "Interactive.77", "point": 4, "testname": "TRAN_VDD_PULSE", "cornername": "CMOS_RES_CAP_TEMP_2"}
[2026-05-26 09:41:19.914 Z] [WARN] [cadence.virtuoso.ade.simulationMonitor] -     WARNING (CMI-2425): I19.I0.C3: `Acde' = 2.393 is unusually large. {"history": "Interactive.77", "point": 4, "testname": "TRAN_VDD_PULSE", "cornername": "CMOS_RES_CAP_TEMP_2"}
[2026-05-26 09:41:19.915 Z] [WARN] [cadence.virtuoso.ade.simulationMonitor] -     WARNING (CMI-2425): I19.I0.C3: `Noff' = 4.732 is unusually large. {"history": "Interactive.77", "point": 4, "testname": "TRAN_VDD_PULSE", "cornername": "CMOS_RES_CAP_TEMP_2"}
[2026-05-26 09:41:19.915 Z] [WARN] [cadence.virtuoso.ade.simulationMonitor] -     WARNING (CMI-2424): I19.I0.C3: `Voffcv' = -867.4e-03 is unusually small. {"history": "Interactive.77", "point": 4, "testname": "TRAN_VDD_PULSE", "cornername": "CMOS_RES_CAP_TEMP_2"}
[2026-05-26 09:41:19.915 Z] [WARN] [cadence.virtuoso.ade.simulationMonitor] -     WARNING (CMI-2425): I19.I0.C0: `Acde' = 2.393 is unusually large.
        Further occurrences of this warning will be suppressed. {"history": "Interactive.77", "point": 4, "testname": "TRAN_VDD_PULSE", "cornername": "CMOS_RES_CAP_TEMP_2"}
[2026-05-26 09:41:19.916 Z] [WARN] [cadence.virtuoso.ade.simulationMonitor] -     WARNING (CMI-2424): I19.I0.C0: `Voffcv' = -867.4e-03 is unusually small. {"history": "Interactive.77", "point": 4, "testname": "TRAN_VDD_PULSE", "cornername": "CMOS_RES_CAP_TEMP_2"}
[2026-05-26 09:41:19.916 Z] [WARN] [cadence.virtuoso.ade.simulationMonitor] -     WARNING (CMI-2424): I19.I0.I3.C1: `Voffcv' = -867.4e-03 is unusually small. {"history": "Interactive.77", "point": 4, "testname": "TRAN_VDD_PULSE", "cornername": "CMOS_RES_CAP_TEMP_2"}
[2026-05-26 09:41:19.916 Z] [WARN] [cadence.virtuoso.ade.simulationMonitor] -     WARNING (CMI-2424): I19.I0.C1<0>_turbo_m5: `Voffcv' = -867.4e-03 is unusually small.
        Further occurrences of this warning will be suppressed. {"history": "Interactive.77", "point": 4, "testname": "TRAN_VDD_PULSE", "cornername": "CMOS_RES_CAP_TEMP_2"}
[2026-05-26 09:41:19.917 Z] [WARN] [cadence.virtuoso.ade.simulationMonitor] -     WARNING (SPECTRE-17607): Assert `SOAC_rpolyh_vminuspsub' is ignored because it contains an expression which is invalid or not supported by native evaluator.  {"history": "Interactive.77", "point": 4, "testname": "TRAN_VDD_PULSE", "cornername": "CMOS_RES_CAP_TEMP_2"}
[2026-05-26 09:41:19.917 Z] [WARN] [cadence.virtuoso.ade.simulationMonitor] -     WARNING (SPECTRE-17607): Assert `SOAC_rpolyh_vpluspsub' is ignored because it contains an expression which is invalid or not supported by native evaluator.  {"history": "Interactive.77", "point": 4, "testname": "TRAN_VDD_PULSE", "cornername": "CMOS_RES_CAP_TEMP_2"}
[2026-05-26 09:41:19.917 Z] [WARN] [cadence.virtuoso.ade.simulationMonitor] -     WARNING (SPECTRE-16460): SOAC_cvarm_vspsub:Specified subcircuit master `cvarm' was not found. {"history": "Interactive.77", "point": 4, "testname": "TRAN_VDD_PULSE", "cornername": "CMOS_RES_CAP_TEMP_2"}
[2026-05-26 09:41:19.917 Z] [WARN] [cadence.virtuoso.ade.simulationMonitor] -     WARNING (SPECTRE-16462): SOAC_cvarm_vspsub:Error in specification of subcircuit master. Assert is ignored. {"history": "Interactive.77", "point": 4, "testname": "TRAN_VDD_PULSE", "cornername": "CMOS_RES_CAP_TEMP_2"}
[2026-05-26 09:41:19.918 Z] [WARN] [cadence.virtuoso.ade.simulationMonitor] -     WARNING (SPECTRE-16460): SOAC_cvarm_vbs:Specified subcircuit master `cvarm' was not found. {"history": "Interactive.77", "point": 4, "testname": "TRAN_VDD_PULSE", "cornername": "CMOS_RES_CAP_TEMP_2"}
[2026-05-26 09:41:19.918 Z] [WARN] [cadence.virtuoso.ade.simulationMonitor] -     WARNING (SPECTRE-16462): SOAC_cvarm_vbs:Error in specification of subcircuit master. Assert is ignored. {"history": "Interactive.77", "point": 4, "testname": "TRAN_VDD_PULSE", "cornername": "CMOS_RES_CAP_TEMP_2"}
[2026-05-26 09:41:19.918 Z] [WARN] [cadence.virtuoso.ade.simulationMonitor] -     WARNING (SPECTRE-16460): SOAC_cvarm_vgb:Specified subcircuit master `cvarm' was not found. {"history": "Interactive.77", "point": 4, "testname": "TRAN_VDD_PULSE", "cornername": "CMOS_RES_CAP_TEMP_2"}
[2026-05-26 09:41:19.918 Z] [WARN] [cadence.virtuoso.ade.simulationMonitor] -     WARNING (SPECTRE-16462): SOAC_cvarm_vgb:Error in specification of subcircuit master. Assert is ignored. {"history": "Interactive.77", "point": 4, "testname": "TRAN_VDD_PULSE", "cornername": "CMOS_RES_CAP_TEMP_2"}
[2026-05-26 09:41:19.919 Z] [WARN] [cadence.virtuoso.ade.simulationMonitor] -     WARNING (SPECTRE-16460): SOAC_cvart_vspsub:Specified subcircuit master `cvart' was not found. {"history": "Interactive.77", "point": 4, "testname": "TRAN_VDD_PULSE", "cornername": "CMOS_RES_CAP_TEMP_2"}
[2026-05-26 09:41:19.919 Z] [WARN] [cadence.virtuoso.ade.simulationMonitor] -     WARNING (SPECTRE-16462): SOAC_cvart_vspsub:Error in specification of subcircuit master. Assert is ignored. {"history": "Interactive.77", "point": 4, "testname": "TRAN_VDD_PULSE", "cornername": "CMOS_RES_CAP_TEMP_2"}
[2026-05-26 09:41:19.919 Z] [WARN] [cadence.virtuoso.ade.simulationMonitor] -     WARNING (SPECTRE-16460): SOAC_cvart_vbs:Specified subcircuit master `cvart' was not found.
        Further occurrences of this warning will be suppressed. {"history": "Interactive.77", "point": 4, "testname": "TRAN_VDD_PULSE", "cornername": "CMOS_RES_CAP_TEMP_2"}
[2026-05-26 09:41:19.920 Z] [WARN] [cadence.virtuoso.ade.simulationMonitor] -     WARNING (SPECTRE-16462): SOAC_cvart_vbs:Error in specification of subcircuit master. Assert is ignored.
        Further occurrences of this warning will be suppressed. {"history": "Interactive.77", "point": 4, "testname": "TRAN_VDD_PULSE", "cornername": "CMOS_RES_CAP_TEMP_2"}
[2026-05-26 09:41:19.920 Z] [WARN] [cadence.virtuoso.ade.simulationMonitor] -     WARNING (SPECTRE-17607): Assert `SOAC_cvar_vspsub' is ignored because it contains an expression which is invalid or not supported by native evaluator.  {"history": "Interactive.77", "point": 4, "testname": "TRAN_VDD_PULSE", "cornername": "CMOS_RES_CAP_TEMP_2"}
[2026-05-26 09:41:19.920 Z] [WARN] [cadence.virtuoso.ade.simulationMonitor] -     WARNING (SPECTRE-17607): Assert `SOAC_cvar_vbpsub' is ignored because it contains an expression which is invalid or not supported by native evaluator.  {"history": "Interactive.77", "point": 4, "testname": "TRAN_VDD_PULSE", "cornername": "CMOS_RES_CAP_TEMP_2"}
[2026-05-26 09:41:19.920 Z] [WARN] [cadence.virtuoso.ade.simulationMonitor] -     WARNING (SPECTRE-17607): Assert `SOAC_cvar_vgpsub' is ignored because it contains an expression which is invalid or not supported by native evaluator. 
        Further occurrences of this warning will be suppressed. {"history": "Interactive.77", "point": 4, "testname": "TRAN_VDD_PULSE", "cornername": "CMOS_RES_CAP_TEMP_2"}
[2026-05-26 09:41:19.921 Z] [INFO] [cadence.virtuoso.ade.simulationMonitor] - Notice from spectre during topology check.
    No DC path from node `net19' to ground, Gmin installed to provide path. {"history": "Interactive.77", "point": 4, "testname": "TRAN_VDD_PULSE", "cornername": "CMOS_RES_CAP_TEMP_2"}
[2026-05-26 09:41:19.921 Z] [INFO] [cadence.virtuoso.ade.simulationMonitor] - Notice from spectre during initial setup.
    Multithreading is disabled due to the size of the design being too small. {"history": "Interactive.77", "point": 4, "testname": "TRAN_VDD_PULSE", "cornername": "CMOS_RES_CAP_TEMP_2"}
[2026-05-26 09:41:19.922 Z] [INFO] [cadence.virtuoso.ade.simulationMonitor] -               nodes 784 {"history": "Interactive.77", "point": 4, "testname": "TRAN_VDD_PULSE", "cornername": "CMOS_RES_CAP_TEMP_2"}
[2026-05-26 09:41:19.922 Z] [INFO] [cadence.virtuoso.ade.simulationMonitor] - Notice from spectre during initial setup.
    4 vsources are shorted because their absolute value is less than or equal to 'vabsshort'.
    Spectre X preset=mx enabled.
    18 notices suppressed.
    154 warnings suppressed. {"history": "Interactive.77", "point": 4, "testname": "TRAN_VDD_PULSE", "cornername": "CMOS_RES_CAP_TEMP_2"}
[2026-05-26 09:41:19.922 Z] [INFO] [cadence.virtuoso.ade.simulationMonitor] - Peak resident memory used = 212 Mbytes. {"history": "Interactive.77", "point": 4, "testname": "TRAN_VDD_PULSE", "cornername": "CMOS_RES_CAP_TEMP_2"}
[2026-05-26 09:41:19.923 Z] [INFO] [cadence.virtuoso.ade.simulationMonitor] -    -   (Spectre X) Multi-threading. The recommended number of threads is 1, consider adding +mt=1 on command line. {"history": "Interactive.77", "point": 4, "testname": "TRAN_VDD_PULSE", "cornername": "CMOS_RES_CAP_TEMP_2"}
[2026-05-26 09:41:19.923 Z] [INFO] [cadence.virtuoso.ade.simulationMonitor] - Notice from spectre during DC analysis `dcOp'.
    No checklimit analysis defined for asserts. A default checklimit analysis 'SpectreChecklimitAnal' has been created with all asserts enabled. {"history": "Interactive.77", "point": 4, "testname": "TRAN_VDD_PULSE", "cornername": "CMOS_RES_CAP_TEMP_2"}
[2026-05-26 09:41:19.924 Z] [INFO] [cadence.virtuoso.ade.simulationMonitor] - Notice from spectre during DC analysis `dcOp'.
    GminDC = 1 pS is large enough to noticeably affect the DC solution.
        dV(I19.I2.C1.d1) = 1.09731 mV
        Use the `gmin_check' option to eliminate or expand this report.
    Bad pivoting is found during DC analysis. Option dc_pivot_check=yes is recommended for possible improvement of convergence. {"history": "Interactive.77", "point": 4, "testname": "TRAN_VDD_PULSE", "cornername": "CMOS_RES_CAP_TEMP_2"}
[2026-05-26 09:41:19.924 Z] [WARN] [cadence.virtuoso.ade.simulationMonitor] -     WARNING (CMI-2943): Parameter checks have been ignored because the valid value for parameter 'trise' could not be found in 'C0'. {"history": "Interactive.77", "point": 4, "testname": "TRAN_VDD_PULSE", "cornername": "CMOS_RES_CAP_TEMP_2"}
[2026-05-26 09:41:19.924 Z] [WARN] [cadence.virtuoso.ade.simulationMonitor] -     WARNING (CMI-2943): Parameter checks have been ignored because the valid value for parameter 'trise' could not be found in 'C3'. {"history": "Interactive.77", "point": 4, "testname": "TRAN_VDD_PULSE", "cornername": "CMOS_RES_CAP_TEMP_2"}
[2026-05-26 09:41:19.925 Z] [WARN] [cadence.virtuoso.ade.simulationMonitor] -     WARNING (CMI-2943): Parameter checks have been ignored because the valid value for parameter 'trise' could not be found in 'C4'. {"history": "Interactive.77", "point": 4, "testname": "TRAN_VDD_PULSE", "cornername": "CMOS_RES_CAP_TEMP_2"}
[2026-05-26 09:41:19.925 Z] [WARN] [cadence.virtuoso.ade.simulationMonitor] -     WARNING (CMI-2943): Parameter checks have been ignored because the valid value for parameter 'trise' could not be found in 'C5'. {"history": "Interactive.77", "point": 4, "testname": "TRAN_VDD_PULSE", "cornername": "CMOS_RES_CAP_TEMP_2"}
[2026-05-26 09:41:19.925 Z] [WARN] [cadence.virtuoso.ade.simulationMonitor] -     WARNING (CMI-2943): Parameter checks have been ignored because the valid value for parameter 'trise' could not be found in 'I19.I4.C9<0>_turbo_m6.C1'.
        Further occurrences of this warning will be suppressed. {"history": "Interactive.77", "point": 4, "testname": "TRAN_VDD_PULSE", "cornername": "CMOS_RES_CAP_TEMP_2"}
[2026-05-26 09:41:20.426 Z] [INFO] [cadence.virtuoso.ade.simulationMonitor] - Total time required for dc analysis `dcOp': CPU = 255.215 ms, elapsed = 475.344 ms, util. = 53.7%. {"history": "Interactive.77", "point": 4, "testname": "TRAN_VDD_PULSE", "cornername": "CMOS_RES_CAP_TEMP_2"}
[2026-05-26 09:41:20.426 Z] [INFO] [cadence.virtuoso.ade.simulationMonitor] - Peak resident memory used = 223 Mbytes. {"history": "Interactive.77", "point": 4, "testname": "TRAN_VDD_PULSE", "cornername": "CMOS_RES_CAP_TEMP_2"}
[2026-05-26 09:41:20.427 Z] [INFO] [cadence.virtuoso.ade.simulationMonitor] - Notice from spectre.
    246 warnings suppressed. {"history": "Interactive.77", "point": 4, "testname": "TRAN_VDD_PULSE", "cornername": "CMOS_RES_CAP_TEMP_2"}
[2026-05-26 09:41:20.927 Z] [INFO] [cadence.virtuoso.ade.simulationMonitor] - Notice from spectre during IC analysis, during transient analysis `tran'.
    GminDC = 1 pS is large enough to noticeably affect the DC solution.
        dV(I19.I2.C1.d1) = 1.09731 mV
        Use the `gmin_check' option to eliminate or expand this report.
    Bad pivoting is found during DC analysis. Option dc_pivot_check=yes is recommended for possible improvement of convergence. {"history": "Interactive.77", "point": 4, "testname": "TRAN_VDD_PULSE", "cornername": "CMOS_RES_CAP_TEMP_2"}
[2026-05-26 09:41:20.928 Z] [WARN] [cadence.virtuoso.ade.simulationMonitor] -     WARNING (CMI-2943): Parameter checks have been ignored because the valid value for parameter 'trise' could not be found in 'C0'. {"history": "Interactive.77", "point": 4, "testname": "TRAN_VDD_PULSE", "cornername": "CMOS_RES_CAP_TEMP_2"}
[2026-05-26 09:41:20.928 Z] [WARN] [cadence.virtuoso.ade.simulationMonitor] -     WARNING (CMI-2943): Parameter checks have been ignored because the valid value for parameter 'trise' could not be found in 'C3'. {"history": "Interactive.77", "point": 4, "testname": "TRAN_VDD_PULSE", "cornername": "CMOS_RES_CAP_TEMP_2"}
[2026-05-26 09:41:20.929 Z] [WARN] [cadence.virtuoso.ade.simulationMonitor] -     WARNING (CMI-2943): Parameter checks have been ignored because the valid value for parameter 'trise' could not be found in 'C4'. {"history": "Interactive.77", "point": 4, "testname": "TRAN_VDD_PULSE", "cornername": "CMOS_RES_CAP_TEMP_2"}
[2026-05-26 09:41:20.929 Z] [WARN] [cadence.virtuoso.ade.simulationMonitor] -     WARNING (CMI-2943): Parameter checks have been ignored because the valid value for parameter 'trise' could not be found in 'C5'. {"history": "Interactive.77", "point": 4, "testname": "TRAN_VDD_PULSE", "cornername": "CMOS_RES_CAP_TEMP_2"}
[2026-05-26 09:41:20.929 Z] [WARN] [cadence.virtuoso.ade.simulationMonitor] -     WARNING (CMI-2943): Parameter checks have been ignored because the valid value for parameter 'trise' could not be found in 'I19.I4.C9<0>_turbo_m6.C1'.
        Further occurrences of this warning will be suppressed. {"history": "Interactive.77", "point": 4, "testname": "TRAN_VDD_PULSE", "cornername": "CMOS_RES_CAP_TEMP_2"}
[2026-05-26 09:41:20.930 Z] [INFO] [cadence.virtuoso.ade.simulationMonitor] - Notice from spectre during transient analysis `tran'.
    Multithreading is disabled due to the size of the design being too small. {"history": "Interactive.77", "point": 4, "testname": "TRAN_VDD_PULSE", "cornername": "CMOS_RES_CAP_TEMP_2"}
[2026-05-26 09:42:52.002 Z] [INFO] [cadence.virtuoso.ade.simulationMonitor] - Total time required for tran analysis `tran': CPU = 86.9009 s (1m  26.9s), elapsed = 90.8199 s (1m  30.8s), util. = 95.7%. {"history": "Interactive.77", "point": 4, "testname": "TRAN_VDD_PULSE", "cornername": "CMOS_RES_CAP_TEMP_2"}
[2026-05-26 09:42:52.002 Z] [INFO] [cadence.virtuoso.ade.simulationMonitor] - Peak resident memory used = 229 Mbytes. {"history": "Interactive.77", "point": 4, "testname": "TRAN_VDD_PULSE", "cornername": "CMOS_RES_CAP_TEMP_2"}
[2026-05-26 09:42:52.002 Z] [INFO] [cadence.virtuoso.ade.simulationMonitor] - Notice from spectre.
    246 warnings suppressed. {"history": "Interactive.77", "point": 4, "testname": "TRAN_VDD_PULSE", "cornername": "CMOS_RES_CAP_TEMP_2"}
[2026-05-26 09:42:52.003 Z] [WARN] [cadence.virtuoso.ade.simulationMonitor] -     WARNING (CMI-2425): I19.I2.C1: `Acde' = 2.393 is unusually large. {"history": "Interactive.77", "point": 4, "testname": "TRAN_VDD_PULSE", "cornername": "CMOS_RES_CAP_TEMP_2"}
[2026-05-26 09:42:52.003 Z] [WARN] [cadence.virtuoso.ade.simulationMonitor] -     WARNING (CMI-2425): I19.I2.C1: `Noff' = 4.732 is unusually large. {"history": "Interactive.77", "point": 4, "testname": "TRAN_VDD_PULSE", "cornername": "CMOS_RES_CAP_TEMP_2"}
[2026-05-26 09:42:52.003 Z] [WARN] [cadence.virtuoso.ade.simulationMonitor] -     WARNING (CMI-2424): I19.I2.C1: `Voffcv' = -867.4e-03 is unusually small. {"history": "Interactive.77", "point": 4, "testname": "TRAN_VDD_PULSE", "cornername": "CMOS_RES_CAP_TEMP_2"}
[2026-05-26 09:42:52.003 Z] [WARN] [cadence.virtuoso.ade.simulationMonitor] -     WARNING (CMI-2425): I19.I8.C0: `Acde' = 2.393 is unusually large. {"history": "Interactive.77", "point": 4, "testname": "TRAN_VDD_PULSE", "cornername": "CMOS_RES_CAP_TEMP_2"}
[2026-05-26 09:42:52.003 Z] [WARN] [cadence.virtuoso.ade.simulationMonitor] -     WARNING (CMI-2425): I19.I8.C0: `Noff' = 4.732 is unusually large. {"history": "Interactive.77", "point": 4, "testname": "TRAN_VDD_PULSE", "cornername": "CMOS_RES_CAP_TEMP_2"}
[2026-05-26 09:42:52.003 Z] [WARN] [cadence.virtuoso.ade.simulationMonitor] -     WARNING (CMI-2424): I19.I8.C0: `Voffcv' = -867.4e-03 is unusually small. {"history": "Interactive.77", "point": 4, "testname": "TRAN_VDD_PULSE", "cornername": "CMOS_RES_CAP_TEMP_2"}
[2026-05-26 09:42:52.003 Z] [WARN] [cadence.virtuoso.ade.simulationMonitor] -     WARNING (CMI-2425): I19.I8.C1: `Acde' = 2.393 is unusually large.
        Further occurrences of this warning will be suppressed. {"history": "Interactive.77", "point": 4, "testname": "TRAN_VDD_PULSE", "cornername": "CMOS_RES_CAP_TEMP_2"}
[2026-05-26 09:42:52.003 Z] [WARN] [cadence.virtuoso.ade.simulationMonitor] -     WARNING (CMI-2424): I19.I8.C1: `Voffcv' = -867.4e-03 is unusually small. {"history": "Interactive.77", "point": 4, "testname": "TRAN_VDD_PULSE", "cornername": "CMOS_RES_CAP_TEMP_2"}
[2026-05-26 09:42:52.003 Z] [WARN] [cadence.virtuoso.ade.simulationMonitor] -     WARNING (CMI-2424): I19.I14.C1: `Voffcv' = -867.4e-03 is unusually small. {"history": "Interactive.77", "point": 4, "testname": "TRAN_VDD_PULSE", "cornername": "CMOS_RES_CAP_TEMP_2"}
[2026-05-26 09:42:52.003 Z] [WARN] [cadence.virtuoso.ade.simulationMonitor] -     WARNING (CMI-2424): I19.I14.C4: `Voffcv' = -867.4e-03 is unusually small.
        Further occurrences of this warning will be suppressed. {"history": "Interactive.77", "point": 4, "testname": "TRAN_VDD_PULSE", "cornername": "CMOS_RES_CAP_TEMP_2"}
[2026-05-26 09:42:52.003 Z] [INFO] [cadence.virtuoso.ade.simulationMonitor] - Notice from spectre.
    56 warnings suppressed. {"history": "Interactive.77", "point": 4, "testname": "TRAN_VDD_PULSE", "cornername": "CMOS_RES_CAP_TEMP_2"}
[2026-05-26 09:42:52.003 Z] [WARN] [cadence.virtuoso.ade.simulationMonitor] -     WARNING (CMI-2425): I19.I2.C1: `Acde' = 2.393 is unusually large. {"history": "Interactive.77", "point": 4, "testname": "TRAN_VDD_PULSE", "cornername": "CMOS_RES_CAP_TEMP_2"}
[2026-05-26 09:42:52.003 Z] [WARN] [cadence.virtuoso.ade.simulationMonitor] -     WARNING (CMI-2425): I19.I2.C1: `Noff' = 4.732 is unusually large. {"history": "Interactive.77", "point": 4, "testname": "TRAN_VDD_PULSE", "cornername": "CMOS_RES_CAP_TEMP_2"}
[2026-05-26 09:42:52.003 Z] [WARN] [cadence.virtuoso.ade.simulationMonitor] -     WARNING (CMI-2424): I19.I2.C1: `Voffcv' = -867.4e-03 is unusually small. {"history": "Interactive.77", "point": 4, "testname": "TRAN_VDD_PULSE", "cornername": "CMOS_RES_CAP_TEMP_2"}
[2026-05-26 09:42:52.003 Z] [WARN] [cadence.virtuoso.ade.simulationMonitor] -     WARNING (CMI-2425): I19.I8.C0: `Acde' = 2.393 is unusually large. {"history": "Interactive.77", "point": 4, "testname": "TRAN_VDD_PULSE", "cornername": "CMOS_RES_CAP_TEMP_2"}
[2026-05-26 09:42:52.003 Z] [WARN] [cadence.virtuoso.ade.simulationMonitor] -     WARNING (CMI-2425): I19.I8.C0: `Noff' = 4.732 is unusually large. {"history": "Interactive.77", "point": 4, "testname": "TRAN_VDD_PULSE", "cornername": "CMOS_RES_CAP_TEMP_2"}
[2026-05-26 09:42:52.003 Z] [WARN] [cadence.virtuoso.ade.simulationMonitor] -     WARNING (CMI-2424): I19.I8.C0: `Voffcv' = -867.4e-03 is unusually small. {"history": "Interactive.77", "point": 4, "testname": "TRAN_VDD_PULSE", "cornername": "CMOS_RES_CAP_TEMP_2"}
[2026-05-26 09:42:52.003 Z] [WARN] [cadence.virtuoso.ade.simulationMonitor] -     WARNING (CMI-2425): I19.I8.C1: `Acde' = 2.393 is unusually large.
        Further occurrences of this warning will be suppressed. {"history": "Interactive.77", "point": 4, "testname": "TRAN_VDD_PULSE", "cornername": "CMOS_RES_CAP_TEMP_2"}
[2026-05-26 09:42:52.003 Z] [WARN] [cadence.virtuoso.ade.simulationMonitor] -     WARNING (CMI-2424): I19.I8.C1: `Voffcv' = -867.4e-03 is unusually small. {"history": "Interactive.77", "point": 4, "testname": "TRAN_VDD_PULSE", "cornername": "CMOS_RES_CAP_TEMP_2"}
[2026-05-26 09:42:52.003 Z] [WARN] [cadence.virtuoso.ade.simulationMonitor] -     WARNING (CMI-2424): I19.I14.C1: `Voffcv' = -867.4e-03 is unusually small. {"history": "Interactive.77", "point": 4, "testname": "TRAN_VDD_PULSE", "cornername": "CMOS_RES_CAP_TEMP_2"}
[2026-05-26 09:42:52.003 Z] [WARN] [cadence.virtuoso.ade.simulationMonitor] -     WARNING (CMI-2424): I19.I14.C4: `Voffcv' = -867.4e-03 is unusually small.
        Further occurrences of this warning will be suppressed. {"history": "Interactive.77", "point": 4, "testname": "TRAN_VDD_PULSE", "cornername": "CMOS_RES_CAP_TEMP_2"}
[2026-05-26 09:42:52.003 Z] [INFO] [cadence.virtuoso.ade.simulationMonitor] - Notice from spectre.
    59 warnings suppressed. {"history": "Interactive.77", "point": 4, "testname": "TRAN_VDD_PULSE", "cornername": "CMOS_RES_CAP_TEMP_2"}
[2026-05-26 09:42:52.003 Z] [WARN] [cadence.virtuoso.ade.simulationMonitor] -     WARNING (CMI-2425): I19.I2.C1: `Acde' = 2.393 is unusually large. {"history": "Interactive.77", "point": 4, "testname": "TRAN_VDD_PULSE", "cornername": "CMOS_RES_CAP_TEMP_2"}
[2026-05-26 09:42:52.003 Z] [WARN] [cadence.virtuoso.ade.simulationMonitor] -     WARNING (CMI-2425): I19.I2.C1: `Noff' = 4.732 is unusually large. {"history": "Interactive.77", "point": 4, "testname": "TRAN_VDD_PULSE", "cornername": "CMOS_RES_CAP_TEMP_2"}
[2026-05-26 09:42:52.004 Z] [WARN] [cadence.virtuoso.ade.simulationMonitor] -     WARNING (CMI-2424): I19.I2.C1: `Voffcv' = -867.4e-03 is unusually small. {"history": "Interactive.77", "point": 4, "testname": "TRAN_VDD_PULSE", "cornername": "CMOS_RES_CAP_TEMP_2"}
[2026-05-26 09:42:52.004 Z] [WARN] [cadence.virtuoso.ade.simulationMonitor] -     WARNING (CMI-2425): I19.I8.C0: `Acde' = 2.393 is unusually large. {"history": "Interactive.77", "point": 4, "testname": "TRAN_VDD_PULSE", "cornername": "CMOS_RES_CAP_TEMP_2"}
[2026-05-26 09:42:52.004 Z] [WARN] [cadence.virtuoso.ade.simulationMonitor] -     WARNING (CMI-2425): I19.I8.C0: `Noff' = 4.732 is unusually large. {"history": "Interactive.77", "point": 4, "testname": "TRAN_VDD_PULSE", "cornername": "CMOS_RES_CAP_TEMP_2"}
[2026-05-26 09:42:52.004 Z] [WARN] [cadence.virtuoso.ade.simulationMonitor] -     WARNING (CMI-2424): I19.I8.C0: `Voffcv' = -867.4e-03 is unusually small. {"history": "Interactive.77", "point": 4, "testname": "TRAN_VDD_PULSE", "cornername": "CMOS_RES_CAP_TEMP_2"}
[2026-05-26 09:42:52.004 Z] [WARN] [cadence.virtuoso.ade.simulationMonitor] -     WARNING (CMI-2425): I19.I8.C1: `Acde' = 2.393 is unusually large.
        Further occurrences of this warning will be suppressed. {"history": "Interactive.77", "point": 4, "testname": "TRAN_VDD_PULSE", "cornername": "CMOS_RES_CAP_TEMP_2"}
[2026-05-26 09:42:52.004 Z] [WARN] [cadence.virtuoso.ade.simulationMonitor] -     WARNING (CMI-2424): I19.I8.C1: `Voffcv' = -867.4e-03 is unusually small. {"history": "Interactive.77", "point": 4, "testname": "TRAN_VDD_PULSE", "cornername": "CMOS_RES_CAP_TEMP_2"}
[2026-05-26 09:42:52.004 Z] [WARN] [cadence.virtuoso.ade.simulationMonitor] -     WARNING (CMI-2424): I19.I14.C1: `Voffcv' = -867.4e-03 is unusually small. {"history": "Interactive.77", "point": 4, "testname": "TRAN_VDD_PULSE", "cornername": "CMOS_RES_CAP_TEMP_2"}
[2026-05-26 09:42:52.004 Z] [WARN] [cadence.virtuoso.ade.simulationMonitor] -     WARNING (CMI-2424): I19.I14.C4: `Voffcv' = -867.4e-03 is unusually small.
        Further occurrences of this warning will be suppressed. {"history": "Interactive.77", "point": 4, "testname": "TRAN_VDD_PULSE", "cornername": "CMOS_RES_CAP_TEMP_2"}
[2026-05-26 09:42:52.004 Z] [INFO] [cadence.virtuoso.ade.simulationMonitor] - Notice from spectre.
    56 warnings suppressed. {"history": "Interactive.77", "point": 4, "testname": "TRAN_VDD_PULSE", "cornername": "CMOS_RES_CAP_TEMP_2"}
[2026-05-26 09:42:52.004 Z] [WARN] [cadence.virtuoso.ade.simulationMonitor] -     WARNING (CMI-2425): I19.I2.C1: `Acde' = 2.393 is unusually large. {"history": "Interactive.77", "point": 4, "testname": "TRAN_VDD_PULSE", "cornername": "CMOS_RES_CAP_TEMP_2"}
[2026-05-26 09:42:52.004 Z] [WARN] [cadence.virtuoso.ade.simulationMonitor] -     WARNING (CMI-2425): I19.I2.C1: `Noff' = 4.732 is unusually large. {"history": "Interactive.77", "point": 4, "testname": "TRAN_VDD_PULSE", "cornername": "CMOS_RES_CAP_TEMP_2"}
[2026-05-26 09:42:52.004 Z] [WARN] [cadence.virtuoso.ade.simulationMonitor] -     WARNING (CMI-2424): I19.I2.C1: `Voffcv' = -867.4e-03 is unusually small. {"history": "Interactive.77", "point": 4, "testname": "TRAN_VDD_PULSE", "cornername": "CMOS_RES_CAP_TEMP_2"}
[2026-05-26 09:42:52.004 Z] [WARN] [cadence.virtuoso.ade.simulationMonitor] -     WARNING (CMI-2425): I19.I8.C0: `Acde' = 2.393 is unusually large. {"history": "Interactive.77", "point": 4, "testname": "TRAN_VDD_PULSE", "cornername": "CMOS_RES_CAP_TEMP_2"}
[2026-05-26 09:42:52.004 Z] [WARN] [cadence.virtuoso.ade.simulationMonitor] -     WARNING (CMI-2425): I19.I8.C0: `Noff' = 4.732 is unusually large. {"history": "Interactive.77", "point": 4, "testname": "TRAN_VDD_PULSE", "cornername": "CMOS_RES_CAP_TEMP_2"}
[2026-05-26 09:42:52.004 Z] [WARN] [cadence.virtuoso.ade.simulationMonitor] -     WARNING (CMI-2424): I19.I8.C0: `Voffcv' = -867.4e-03 is unusually small. {"history": "Interactive.77", "point": 4, "testname": "TRAN_VDD_PULSE", "cornername": "CMOS_RES_CAP_TEMP_2"}
[2026-05-26 09:42:52.004 Z] [WARN] [cadence.virtuoso.ade.simulationMonitor] -     WARNING (CMI-2425): I19.I8.C1: `Acde' = 2.393 is unusually large.
        Further occurrences of this warning will be suppressed. {"history": "Interactive.77", "point": 4, "testname": "TRAN_VDD_PULSE", "cornername": "CMOS_RES_CAP_TEMP_2"}
[2026-05-26 09:42:52.004 Z] [WARN] [cadence.virtuoso.ade.simulationMonitor] -     WARNING (CMI-2424): I19.I8.C1: `Voffcv' = -867.4e-03 is unusually small. {"history": "Interactive.77", "point": 4, "testname": "TRAN_VDD_PULSE", "cornername": "CMOS_RES_CAP_TEMP_2"}
[2026-05-26 09:42:52.004 Z] [WARN] [cadence.virtuoso.ade.simulationMonitor] -     WARNING (CMI-2424): I19.I14.C1: `Voffcv' = -867.4e-03 is unusually small. {"history": "Interactive.77", "point": 4, "testname": "TRAN_VDD_PULSE", "cornername": "CMOS_RES_CAP_TEMP_2"}
[2026-05-26 09:42:52.004 Z] [WARN] [cadence.virtuoso.ade.simulationMonitor] -     WARNING (CMI-2424): I19.I14.C4: `Voffcv' = -867.4e-03 is unusually small.
        Further occurrences of this warning will be suppressed. {"history": "Interactive.77", "point": 4, "testname": "TRAN_VDD_PULSE", "cornername": "CMOS_RES_CAP_TEMP_2"}
[2026-05-26 09:42:52.004 Z] [INFO] [cadence.virtuoso.ade.simulationMonitor] - Notice from spectre.
    56 warnings suppressed. {"history": "Interactive.77", "point": 4, "testname": "TRAN_VDD_PULSE", "cornername": "CMOS_RES_CAP_TEMP_2"}
[2026-05-26 09:42:52.004 Z] [INFO] [cadence.virtuoso.ade.simulationMonitor] - Time used: CPU = 87.7 s (1m  27.7s), elapsed = 92.6 s (1m  32.6s), util. = 94.8%. {"history": "Interactive.77", "point": 4, "testname": "TRAN_VDD_PULSE", "cornername": "CMOS_RES_CAP_TEMP_2"}
[2026-05-26 09:42:52.004 Z] [INFO] [cadence.virtuoso.ade.simulationMonitor] - Time spent in licensing: elapsed = 223 ms. {"history": "Interactive.77", "point": 4, "testname": "TRAN_VDD_PULSE", "cornername": "CMOS_RES_CAP_TEMP_2"}
[2026-05-26 09:42:52.004 Z] [INFO] [cadence.virtuoso.ade.simulationMonitor] - Peak memory used = 230 Mbytes. {"history": "Interactive.77", "point": 4, "testname": "TRAN_VDD_PULSE", "cornername": "CMOS_RES_CAP_TEMP_2"}
[2026-05-26 09:42:52.005 Z] [PROCESS] [cadence.virtuoso.ade.simulationMonitor] - Simulation started at: 9:41:19 AM, Tue May 26, 2026, ended at: 9:42:51 AM, Tue May 26, 2026, with elapsed time (wall clock): 92.6 s (1m  32.6s). {"history": "Interactive.77", "point": 4, "testname": "TRAN_VDD_PULSE", "cornername": "CMOS_RES_CAP_TEMP_2"}
[2026-05-26 09:42:52.005 Z] [PROCESS] [cadence.virtuoso.ade.simulationMonitor] - spectre completes with 0 errors, 96 warnings, and 33 notices. {"history": "Interactive.77", "point": 4, "testname": "TRAN_VDD_PULSE", "cornername": "CMOS_RES_CAP_TEMP_2"}
[2026-05-26 09:42:52.005 Z] [PROCESS] [cadence.virtuoso.ade.simulationMonitor] - Finished simulating for one point {"hostname": "edatools", "processid": 247514, "history": "Interactive.77", "testname": "TRAN_VDD_PULSE", "cornername": "CMOS_RES_CAP_TEMP_2", "point": 4, "logfile": "/home/saul/projects/IL2244_VT26_SAUL/logs_saul/logs0/Job48.log", "simid": "1"}
[2026-05-26 09:42:52.005 Z] [PROCESS] [cadence.virtuoso.ade.simulationMonitor] - Simulator exited {"hostname": "edatools", "processid": 247514, "history": "Interactive.77", "testname": "TRAN_VDD_PULSE", "cornername": "CMOS_RES_CAP_TEMP_2", "point": 4, "logfile": "/home/saul/projects/IL2244_VT26_SAUL/logs_saul/logs0/Job48.log", "exitStatus": "0"}
[2026-05-26 09:42:52.005 Z] [PROCESS] [cadence.virtuoso.ade.simulationMonitor] - Finished Simulation {"hostname": "edatools", "processid": 247514, "history": "Interactive.77", "testname": "TRAN_VDD_PULSE", "cornername": "CMOS_RES_CAP_TEMP_2", "point": 4, "logfile": "/home/saul/projects/IL2244_VT26_SAUL/logs_saul/logs0/Job48.log", "simid": "1"}
[2026-05-26 09:42:53.510 Z] [PROCESS] [cadence.virtuoso.ade.simulationMonitor] - Point Finished {"hostname": "edatools", "processid": 247514, "history": "Interactive.77", "testname": "TRAN_VDD_PULSE", "cornername": "CMOS_RES_CAP_TEMP_2", "point": 4, "logfile": "/home/saul/projects/IL2244_VT26_SAUL/logs_saul/logs0/Job48.log"}
[2026-05-26 09:42:53.511 Z] [PROCESS] [cadence.virtuoso.ade.simulationMonitor] - HostInfo:
Host name (type):	edatools (x86_64)
Operating system:	Linux 6.17.0-29-generic #29~24.04.1-Ubuntu SMP PREEMPT_DYNAMIC Mon May 11 10:30:58 UTC 2 {"hostname": "edatools", "processid": 247514, "history": "Interactive.77", "testname": "TRAN_VDD_PULSE", "cornername": "CMOS_RES_CAP_TEMP_2", "point": 4, "logfile": "/home/saul/projects/IL2244_VT26_SAUL/logs_saul/logs0/Job48.log", "nodename": "edatools", "domainname": "(none)", "machine": "x86_64", "sysname": "Linux", "release": "6.17.0-29-generic", "version": "#29~24.04.1-Ubuntu SMP PREEMPT_DYNAMIC Mon May 11 10:30:58 UTC 2"}
[2026-05-26 09:42:53.511 Z] [PROCESS] [cadence.virtuoso.ade.simulationMonitor] - UsageInfo:
pid=247514
totalPhysicalMemory=62.544987GB,Used=44.312325GB,totalVirtualMemory=70.544983GB,Used=44.312325GB
Cpu: Cores=16, Load average:4.480000,1.690000,0.680000 {"hostname": "edatools", "processid": 247514, "history": "Interactive.77", "testname": "TRAN_VDD_PULSE", "cornername": "CMOS_RES_CAP_TEMP_2", "point": 4, "logfile": "/home/saul/projects/IL2244_VT26_SAUL/logs_saul/logs0/Job48.log", "pid": "247514", "totalPhysicalMemory": "62.544987", "physicalMemoryUsed": "44.312325", "totalVirtualMemory": "70.544983", "virtualMemoryUsed": "44.312325", "cpuCores": "16", "processes": "1660", "loadAverage1": "4.480000", "loadAverage5": "1.690000", "loadAverage15": "0.680000", "loadAverage1Percent": "0.280000"}
[2026-05-26 09:42:53.511 Z] [EVENT] [cadence.virtuoso.ade.simulationMonitor] - NewPoint {"history": "Interactive.77", "point": 10, "testname": "TRAN_VDD_PULSE", "cornername": "CMOS_RES_CAP_TEMP_8", "event": "NewPoint", "EventSource": "Simulation Monitor", "HistoryName": "Interactive.77", "logFile": "/home/saul/projects/IL2244_VT26_SAUL/logs_saul/logs0/Job48.log", "logFileSize": "44562"}
[2026-05-26 09:42:53.612 Z] [EVENT] [cadence.virtuoso.ade.simulationMonitor] - NewPoint {"history": "Interactive.77", "point": 10, "testname": "TRAN_VDD_PULSE", "cornername": "CMOS_RES_CAP_TEMP_8", "event": "NewPoint", "EventSource": "spectre", "HistoryName": "Interactive.77", "logFile": "/home/saul/projects/IL2244_VT26_SAUL/Sim/FECG/fecg_front_end_tran_tb/maestro/results/maestro/Interactive.77/10/TRAN_VDD_PULSE/psf/spectre.out", "logFileSize": "-1"}
[2026-05-26 09:42:53.615 Z] [PROCESS] [cadence.virtuoso.ade.simulationMonitor] - Simulator launched {"hostname": "edatools", "processid": 247514, "history": "Interactive.77", "testname": "TRAN_VDD_PULSE", "cornername": "CMOS_RES_CAP_TEMP_8", "point": 10, "logfile": "/home/saul/projects/IL2244_VT26_SAUL/logs_saul/logs0/Job48.log", "simid": "2"}
[2026-05-26 09:42:53.625 Z] [PROCESS] [cadence.virtuoso.ade.simulationMonitor] - Started Simulation {"hostname": "edatools", "processid": 247514, "history": "Interactive.77", "testname": "TRAN_VDD_PULSE", "cornername": "CMOS_RES_CAP_TEMP_8", "point": 10, "logfile": "/home/saul/projects/IL2244_VT26_SAUL/logs_saul/logs0/Job48.log", "event": "started", "task": "simulation"}
[2026-05-26 09:42:54.126 Z] [INFO] [cadence.virtuoso.ade.simulationMonitor] - Notice from spectre during circuit read-in.
    Pre_Configuration file used: /opt/tools/cadence/installs/SPECTRE241/tools.lnx86/spectre/etc/configs/preset.precfg
    Configuration file used: `/opt/tools/cadence/installs/SPECTRE241/tools.lnx86/spectre/etc/configs/preset.cfg'. {"history": "Interactive.77", "point": 10, "testname": "TRAN_VDD_PULSE", "cornername": "CMOS_RES_CAP_TEMP_8"}
[2026-05-26 09:42:54.126 Z] [WARN] [cadence.virtuoso.ade.simulationMonitor] -     WARNING (SPECTRE-8360): line 1511: `ac' is an undefined primitive device. {"history": "Interactive.77", "point": 10, "testname": "TRAN_VDD_PULSE", "cornername": "CMOS_RES_CAP_TEMP_8"}
[2026-05-26 09:42:54.126 Z] [WARN] [cadence.virtuoso.ade.simulationMonitor] -     WARNING (SPECTRE-8360): line 1512: `ac' is an undefined primitive device. {"history": "Interactive.77", "point": 10, "testname": "TRAN_VDD_PULSE", "cornername": "CMOS_RES_CAP_TEMP_8"}
[2026-05-26 09:42:54.126 Z] [WARN] [cadence.virtuoso.ade.simulationMonitor] -     WARNING (SPECTRE-8360): line 1513: `ac' is an undefined primitive device. {"history": "Interactive.77", "point": 10, "testname": "TRAN_VDD_PULSE", "cornername": "CMOS_RES_CAP_TEMP_8"}
[2026-05-26 09:42:54.126 Z] [WARN] [cadence.virtuoso.ade.simulationMonitor] -     WARNING (SPECTRE-8360): line 1514: `ac' is an undefined primitive device. {"history": "Interactive.77", "point": 10, "testname": "TRAN_VDD_PULSE", "cornername": "CMOS_RES_CAP_TEMP_8"}
[2026-05-26 09:42:54.126 Z] [WARN] [cadence.virtuoso.ade.simulationMonitor] -     WARNING (SPECTRE-8360): line 1515: `ac' is an undefined primitive device.
        Further occurrences of this warning will be suppressed. {"history": "Interactive.77", "point": 10, "testname": "TRAN_VDD_PULSE", "cornername": "CMOS_RES_CAP_TEMP_8"}
[2026-05-26 09:42:54.126 Z] [INFO] [cadence.virtuoso.ade.simulationMonitor] - Peak resident memory used = 173 Mbytes. {"history": "Interactive.77", "point": 10, "testname": "TRAN_VDD_PULSE", "cornername": "CMOS_RES_CAP_TEMP_8"}
[2026-05-26 09:42:54.126 Z] [WARN] [cadence.virtuoso.ade.simulationMonitor] -     WARNING (VACOMP-2435): The environment variable CDS_AHDLCMI_ENABLE is no longer supported. Therefore, the simulator will use the default compiled C code flow. {"history": "Interactive.77", "point": 10, "testname": "TRAN_VDD_PULSE", "cornername": "CMOS_RES_CAP_TEMP_8"}
[2026-05-26 09:42:54.126 Z] [WARN] [cadence.virtuoso.ade.simulationMonitor] -     WARNING (SFE-3014): The floating device I19.I0.I5.MN14<0>_turbo_m4 is removed. {"history": "Interactive.77", "point": 10, "testname": "TRAN_VDD_PULSE", "cornername": "CMOS_RES_CAP_TEMP_8"}
[2026-05-26 09:42:54.126 Z] [WARN] [cadence.virtuoso.ade.simulationMonitor] -     WARNING (SFE-3012): The dummy device I19.I4.MP16<0>_turbo_m41 is removed. {"history": "Interactive.77", "point": 10, "testname": "TRAN_VDD_PULSE", "cornername": "CMOS_RES_CAP_TEMP_8"}
[2026-05-26 09:42:54.126 Z] [WARN] [cadence.virtuoso.ade.simulationMonitor] -     WARNING (SFE-3014): The floating device I19.I8.MN57<0>_turbo_m28 is removed. {"history": "Interactive.77", "point": 10, "testname": "TRAN_VDD_PULSE", "cornername": "CMOS_RES_CAP_TEMP_8"}
[2026-05-26 09:42:54.127 Z] [WARN] [cadence.virtuoso.ade.simulationMonitor] -     WARNING (SFE-3012): The dummy device I19.I14.MP13<0>_turbo_m4 is removed. {"history": "Interactive.77", "point": 10, "testname": "TRAN_VDD_PULSE", "cornername": "CMOS_RES_CAP_TEMP_8"}
[2026-05-26 09:42:54.127 Z] [WARN] [cadence.virtuoso.ade.simulationMonitor] -     WARNING (SFE-3031): The floating capacitor I19.I12.C10<0>_turbo_m12.C1 is removed. {"history": "Interactive.77", "point": 10, "testname": "TRAN_VDD_PULSE", "cornername": "CMOS_RES_CAP_TEMP_8"}
[2026-05-26 09:42:54.127 Z] [WARN] [cadence.virtuoso.ade.simulationMonitor] -     WARNING (SFE-3014): The floating device I19.I2.MN37<0>_turbo_m4 is removed. {"history": "Interactive.77", "point": 10, "testname": "TRAN_VDD_PULSE", "cornername": "CMOS_RES_CAP_TEMP_8"}
[2026-05-26 09:42:54.127 Z] [WARN] [cadence.virtuoso.ade.simulationMonitor] -     WARNING (SFE-3012): The dummy device I19.I0.I5.MP12<0>_turbo_m2 is removed. {"history": "Interactive.77", "point": 10, "testname": "TRAN_VDD_PULSE", "cornername": "CMOS_RES_CAP_TEMP_8"}
[2026-05-26 09:42:54.127 Z] [WARN] [cadence.virtuoso.ade.simulationMonitor] -     WARNING (SFE-3014): The floating device I19.I0.MN13<0>_turbo_m4 is removed. {"history": "Interactive.77", "point": 10, "testname": "TRAN_VDD_PULSE", "cornername": "CMOS_RES_CAP_TEMP_8"}
[2026-05-26 09:42:54.127 Z] [WARN] [cadence.virtuoso.ade.simulationMonitor] -     WARNING (SFE-3012): The dummy device I19.I0.I3.MP13<0>_turbo_m4 is removed. {"history": "Interactive.77", "point": 10, "testname": "TRAN_VDD_PULSE", "cornername": "CMOS_RES_CAP_TEMP_8"}
[2026-05-26 09:42:54.127 Z] [WARN] [cadence.virtuoso.ade.simulationMonitor] -     WARNING (SFE-3031): The floating capacitor I19.I12.C6<0>_turbo_m3.C1 is removed. {"history": "Interactive.77", "point": 10, "testname": "TRAN_VDD_PULSE", "cornername": "CMOS_RES_CAP_TEMP_8"}
[2026-05-26 09:42:54.127 Z] [WARN] [cadence.virtuoso.ade.simulationMonitor] -     WARNING (SFE-3012): The dummy device I19.I0.MP11<0>_turbo_m4 is removed.
        Further occurrences of this warning will be suppressed. {"history": "Interactive.77", "point": 10, "testname": "TRAN_VDD_PULSE", "cornername": "CMOS_RES_CAP_TEMP_8"}
[2026-05-26 09:42:54.127 Z] [WARN] [cadence.virtuoso.ade.simulationMonitor] -     WARNING (SFE-3031): The floating capacitor I19.I11.C7<0>_turbo_m3.C1 is removed. {"history": "Interactive.77", "point": 10, "testname": "TRAN_VDD_PULSE", "cornername": "CMOS_RES_CAP_TEMP_8"}
[2026-05-26 09:42:54.127 Z] [WARN] [cadence.virtuoso.ade.simulationMonitor] -     WARNING (SFE-3014): The floating device I19.I12.MN57<0>_turbo_m28 is removed.
        Further occurrences of this warning will be suppressed. {"history": "Interactive.77", "point": 10, "testname": "TRAN_VDD_PULSE", "cornername": "CMOS_RES_CAP_TEMP_8"}
[2026-05-26 09:42:54.127 Z] [WARN] [cadence.virtuoso.ade.simulationMonitor] -     WARNING (SFE-3031): The floating capacitor I19.I11.C10<0>_turbo_m12.C1 is removed. {"history": "Interactive.77", "point": 10, "testname": "TRAN_VDD_PULSE", "cornername": "CMOS_RES_CAP_TEMP_8"}
[2026-05-26 09:42:54.127 Z] [WARN] [cadence.virtuoso.ade.simulationMonitor] -     WARNING (SFE-3031): The floating capacitor I19.I12.C7<0>_turbo_m3.C1 is removed.
        Further occurrences of this warning will be suppressed. {"history": "Interactive.77", "point": 10, "testname": "TRAN_VDD_PULSE", "cornername": "CMOS_RES_CAP_TEMP_8"}
[2026-05-26 09:42:54.127 Z] [INFO] [cadence.virtuoso.ade.simulationMonitor] - Peak resident memory used = 191 Mbytes. {"history": "Interactive.77", "point": 10, "testname": "TRAN_VDD_PULSE", "cornername": "CMOS_RES_CAP_TEMP_8"}
[2026-05-26 09:42:54.127 Z] [INFO] [cadence.virtuoso.ade.simulationMonitor] - Notice from spectre during hierarchy flattening.
    The value 'psf' specified for the 'checklimitdest' option will no longer be supported in future releases. Use 'spectre -h' to see other recommended values for the 'checklimitdest' option.
    I19.I0.R10.CS0 of rpolyhc: `c' has the unusually small value of 0 F.
    I19.I0.R10.CS1 of rpolyhc: `c' has the unusually small value of 0 F.
    I19.I0.R9.CS0 of rpolyhc: `c' has the unusually small value of 0 F.
    I19.I0.R9.CS1 of rpolyhc: `c' has the unusually ... {"history": "Interactive.77", "point": 10, "testname": "TRAN_VDD_PULSE", "cornername": "CMOS_RES_CAP_TEMP_8"}
[2026-05-26 09:42:54.128 Z] [INFO] [cadence.virtuoso.ade.simulationMonitor] - Notice from spectre during hierarchy flattening.
    V17: `period' has the unusually large value of 20 s.
    V17: `width' has the unusually large value of 19 s.
    V16: `period' has the unusually large value of 10 s.
    V16: `width' has the unusually large value of 9 s.
    V9: `period' has the unusually large value of 10 s.
        Further occurrences of this notice will be suppressed. {"history": "Interactive.77", "point": 10, "testname": "TRAN_VDD_PULSE", "cornername": "CMOS_RES_CAP_TEMP_8"}
[2026-05-26 09:42:54.128 Z] [INFO] [cadence.virtuoso.ade.simulationMonitor] - Peak resident memory used = 194 Mbytes. {"history": "Interactive.77", "point": 10, "testname": "TRAN_VDD_PULSE", "cornername": "CMOS_RES_CAP_TEMP_8"}
[2026-05-26 09:42:54.128 Z] [WARN] [cadence.virtuoso.ade.simulationMonitor] -     WARNING (CMI-2425): I19.I0.C2: `Acde' = 2.393 is unusually large. {"history": "Interactive.77", "point": 10, "testname": "TRAN_VDD_PULSE", "cornername": "CMOS_RES_CAP_TEMP_8"}
[2026-05-26 09:42:54.128 Z] [WARN] [cadence.virtuoso.ade.simulationMonitor] -     WARNING (CMI-2425): I19.I0.C2: `Noff' = 4.732 is unusually large. {"history": "Interactive.77", "point": 10, "testname": "TRAN_VDD_PULSE", "cornername": "CMOS_RES_CAP_TEMP_8"}
[2026-05-26 09:42:54.128 Z] [WARN] [cadence.virtuoso.ade.simulationMonitor] -     WARNING (CMI-2424): I19.I0.C2: `Voffcv' = -867.4e-03 is unusually small. {"history": "Interactive.77", "point": 10, "testname": "TRAN_VDD_PULSE", "cornername": "CMOS_RES_CAP_TEMP_8"}
[2026-05-26 09:42:54.128 Z] [WARN] [cadence.virtuoso.ade.simulationMonitor] -     WARNING (CMI-2425): I19.I0.C3: `Acde' = 2.393 is unusually large. {"history": "Interactive.77", "point": 10, "testname": "TRAN_VDD_PULSE", "cornername": "CMOS_RES_CAP_TEMP_8"}
[2026-05-26 09:42:54.128 Z] [WARN] [cadence.virtuoso.ade.simulationMonitor] -     WARNING (CMI-2425): I19.I0.C3: `Noff' = 4.732 is unusually large. {"history": "Interactive.77", "point": 10, "testname": "TRAN_VDD_PULSE", "cornername": "CMOS_RES_CAP_TEMP_8"}
[2026-05-26 09:42:54.128 Z] [WARN] [cadence.virtuoso.ade.simulationMonitor] -     WARNING (CMI-2424): I19.I0.C3: `Voffcv' = -867.4e-03 is unusually small. {"history": "Interactive.77", "point": 10, "testname": "TRAN_VDD_PULSE", "cornername": "CMOS_RES_CAP_TEMP_8"}
[2026-05-26 09:42:54.128 Z] [WARN] [cadence.virtuoso.ade.simulationMonitor] -     WARNING (CMI-2425): I19.I0.C0: `Acde' = 2.393 is unusually large.
        Further occurrences of this warning will be suppressed. {"history": "Interactive.77", "point": 10, "testname": "TRAN_VDD_PULSE", "cornername": "CMOS_RES_CAP_TEMP_8"}
[2026-05-26 09:42:54.128 Z] [WARN] [cadence.virtuoso.ade.simulationMonitor] -     WARNING (CMI-2424): I19.I0.C0: `Voffcv' = -867.4e-03 is unusually small. {"history": "Interactive.77", "point": 10, "testname": "TRAN_VDD_PULSE", "cornername": "CMOS_RES_CAP_TEMP_8"}
[2026-05-26 09:42:54.128 Z] [WARN] [cadence.virtuoso.ade.simulationMonitor] -     WARNING (CMI-2424): I19.I0.I3.C1: `Voffcv' = -867.4e-03 is unusually small. {"history": "Interactive.77", "point": 10, "testname": "TRAN_VDD_PULSE", "cornername": "CMOS_RES_CAP_TEMP_8"}
[2026-05-26 09:42:54.128 Z] [WARN] [cadence.virtuoso.ade.simulationMonitor] -     WARNING (CMI-2424): I19.I0.C1<0>_turbo_m5: `Voffcv' = -867.4e-03 is unusually small.
        Further occurrences of this warning will be suppressed. {"history": "Interactive.77", "point": 10, "testname": "TRAN_VDD_PULSE", "cornername": "CMOS_RES_CAP_TEMP_8"}
[2026-05-26 09:42:54.128 Z] [WARN] [cadence.virtuoso.ade.simulationMonitor] -     WARNING (SPECTRE-17607): Assert `SOAC_rpolyh_vminuspsub' is ignored because it contains an expression which is invalid or not supported by native evaluator.  {"history": "Interactive.77", "point": 10, "testname": "TRAN_VDD_PULSE", "cornername": "CMOS_RES_CAP_TEMP_8"}
[2026-05-26 09:42:54.128 Z] [WARN] [cadence.virtuoso.ade.simulationMonitor] -     WARNING (SPECTRE-17607): Assert `SOAC_rpolyh_vpluspsub' is ignored because it contains an expression which is invalid or not supported by native evaluator.  {"history": "Interactive.77", "point": 10, "testname": "TRAN_VDD_PULSE", "cornername": "CMOS_RES_CAP_TEMP_8"}
[2026-05-26 09:42:54.128 Z] [WARN] [cadence.virtuoso.ade.simulationMonitor] -     WARNING (SPECTRE-16460): SOAC_cvarm_vspsub:Specified subcircuit master `cvarm' was not found. {"history": "Interactive.77", "point": 10, "testname": "TRAN_VDD_PULSE", "cornername": "CMOS_RES_CAP_TEMP_8"}
[2026-05-26 09:42:54.128 Z] [WARN] [cadence.virtuoso.ade.simulationMonitor] -     WARNING (SPECTRE-16462): SOAC_cvarm_vspsub:Error in specification of subcircuit master. Assert is ignored. {"history": "Interactive.77", "point": 10, "testname": "TRAN_VDD_PULSE", "cornername": "CMOS_RES_CAP_TEMP_8"}
[2026-05-26 09:42:54.128 Z] [WARN] [cadence.virtuoso.ade.simulationMonitor] -     WARNING (SPECTRE-16460): SOAC_cvarm_vbs:Specified subcircuit master `cvarm' was not found. {"history": "Interactive.77", "point": 10, "testname": "TRAN_VDD_PULSE", "cornername": "CMOS_RES_CAP_TEMP_8"}
[2026-05-26 09:42:54.128 Z] [WARN] [cadence.virtuoso.ade.simulationMonitor] -     WARNING (SPECTRE-16462): SOAC_cvarm_vbs:Error in specification of subcircuit master. Assert is ignored. {"history": "Interactive.77", "point": 10, "testname": "TRAN_VDD_PULSE", "cornername": "CMOS_RES_CAP_TEMP_8"}
[2026-05-26 09:42:54.128 Z] [WARN] [cadence.virtuoso.ade.simulationMonitor] -     WARNING (SPECTRE-16460): SOAC_cvarm_vgb:Specified subcircuit master `cvarm' was not found. {"history": "Interactive.77", "point": 10, "testname": "TRAN_VDD_PULSE", "cornername": "CMOS_RES_CAP_TEMP_8"}
[2026-05-26 09:42:54.129 Z] [WARN] [cadence.virtuoso.ade.simulationMonitor] -     WARNING (SPECTRE-16462): SOAC_cvarm_vgb:Error in specification of subcircuit master. Assert is ignored. {"history": "Interactive.77", "point": 10, "testname": "TRAN_VDD_PULSE", "cornername": "CMOS_RES_CAP_TEMP_8"}
[2026-05-26 09:42:54.129 Z] [WARN] [cadence.virtuoso.ade.simulationMonitor] -     WARNING (SPECTRE-16460): SOAC_cvart_vspsub:Specified subcircuit master `cvart' was not found. {"history": "Interactive.77", "point": 10, "testname": "TRAN_VDD_PULSE", "cornername": "CMOS_RES_CAP_TEMP_8"}
[2026-05-26 09:42:54.129 Z] [WARN] [cadence.virtuoso.ade.simulationMonitor] -     WARNING (SPECTRE-16462): SOAC_cvart_vspsub:Error in specification of subcircuit master. Assert is ignored. {"history": "Interactive.77", "point": 10, "testname": "TRAN_VDD_PULSE", "cornername": "CMOS_RES_CAP_TEMP_8"}
[2026-05-26 09:42:54.129 Z] [WARN] [cadence.virtuoso.ade.simulationMonitor] -     WARNING (SPECTRE-16460): SOAC_cvart_vbs:Specified subcircuit master `cvart' was not found.
        Further occurrences of this warning will be suppressed. {"history": "Interactive.77", "point": 10, "testname": "TRAN_VDD_PULSE", "cornername": "CMOS_RES_CAP_TEMP_8"}
[2026-05-26 09:42:54.129 Z] [WARN] [cadence.virtuoso.ade.simulationMonitor] -     WARNING (SPECTRE-16462): SOAC_cvart_vbs:Error in specification of subcircuit master. Assert is ignored.
        Further occurrences of this warning will be suppressed. {"history": "Interactive.77", "point": 10, "testname": "TRAN_VDD_PULSE", "cornername": "CMOS_RES_CAP_TEMP_8"}
[2026-05-26 09:42:54.129 Z] [WARN] [cadence.virtuoso.ade.simulationMonitor] -     WARNING (SPECTRE-17607): Assert `SOAC_cvar_vspsub' is ignored because it contains an expression which is invalid or not supported by native evaluator.  {"history": "Interactive.77", "point": 10, "testname": "TRAN_VDD_PULSE", "cornername": "CMOS_RES_CAP_TEMP_8"}
[2026-05-26 09:42:54.129 Z] [WARN] [cadence.virtuoso.ade.simulationMonitor] -     WARNING (SPECTRE-17607): Assert `SOAC_cvar_vbpsub' is ignored because it contains an expression which is invalid or not supported by native evaluator.  {"history": "Interactive.77", "point": 10, "testname": "TRAN_VDD_PULSE", "cornername": "CMOS_RES_CAP_TEMP_8"}
[2026-05-26 09:42:54.129 Z] [WARN] [cadence.virtuoso.ade.simulationMonitor] -     WARNING (SPECTRE-17607): Assert `SOAC_cvar_vgpsub' is ignored because it contains an expression which is invalid or not supported by native evaluator. 
        Further occurrences of this warning will be suppressed. {"history": "Interactive.77", "point": 10, "testname": "TRAN_VDD_PULSE", "cornername": "CMOS_RES_CAP_TEMP_8"}
[2026-05-26 09:42:54.629 Z] [INFO] [cadence.virtuoso.ade.simulationMonitor] - Notice from spectre during topology check.
    No DC path from node `net19' to ground, Gmin installed to provide path. {"history": "Interactive.77", "point": 10, "testname": "TRAN_VDD_PULSE", "cornername": "CMOS_RES_CAP_TEMP_8"}
[2026-05-26 09:42:54.629 Z] [INFO] [cadence.virtuoso.ade.simulationMonitor] - Notice from spectre during initial setup.
    Multithreading is disabled due to the size of the design being too small. {"history": "Interactive.77", "point": 10, "testname": "TRAN_VDD_PULSE", "cornername": "CMOS_RES_CAP_TEMP_8"}
[2026-05-26 09:42:54.630 Z] [INFO] [cadence.virtuoso.ade.simulationMonitor] -               nodes 784 {"history": "Interactive.77", "point": 10, "testname": "TRAN_VDD_PULSE", "cornername": "CMOS_RES_CAP_TEMP_8"}
[2026-05-26 09:42:54.630 Z] [INFO] [cadence.virtuoso.ade.simulationMonitor] - Notice from spectre during initial setup.
    4 vsources are shorted because their absolute value is less than or equal to 'vabsshort'.
    Spectre X preset=mx enabled.
    18 notices suppressed.
    154 warnings suppressed. {"history": "Interactive.77", "point": 10, "testname": "TRAN_VDD_PULSE", "cornername": "CMOS_RES_CAP_TEMP_8"}
[2026-05-26 09:42:54.630 Z] [INFO] [cadence.virtuoso.ade.simulationMonitor] - Peak resident memory used = 214 Mbytes. {"history": "Interactive.77", "point": 10, "testname": "TRAN_VDD_PULSE", "cornername": "CMOS_RES_CAP_TEMP_8"}
[2026-05-26 09:42:54.630 Z] [INFO] [cadence.virtuoso.ade.simulationMonitor] -    -   (Spectre X) Multi-threading. The recommended number of threads is 1, consider adding +mt=1 on command line. {"history": "Interactive.77", "point": 10, "testname": "TRAN_VDD_PULSE", "cornername": "CMOS_RES_CAP_TEMP_8"}
[2026-05-26 09:42:54.630 Z] [INFO] [cadence.virtuoso.ade.simulationMonitor] - Notice from spectre during DC analysis `dcOp'.
    No checklimit analysis defined for asserts. A default checklimit analysis 'SpectreChecklimitAnal' has been created with all asserts enabled. {"history": "Interactive.77", "point": 10, "testname": "TRAN_VDD_PULSE", "cornername": "CMOS_RES_CAP_TEMP_8"}
[2026-05-26 09:42:54.630 Z] [INFO] [cadence.virtuoso.ade.simulationMonitor] - Notice from spectre during DC analysis `dcOp'.
    GminDC = 1 pS is large enough to noticeably affect the DC solution.
        dV(I19.I2.C1.d1) = 1.12238 mV
        Use the `gmin_check' option to eliminate or expand this report.
    Bad pivoting is found during DC analysis. Option dc_pivot_check=yes is recommended for possible improvement of convergence. {"history": "Interactive.77", "point": 10, "testname": "TRAN_VDD_PULSE", "cornername": "CMOS_RES_CAP_TEMP_8"}
[2026-05-26 09:42:54.630 Z] [WARN] [cadence.virtuoso.ade.simulationMonitor] -     WARNING (CMI-2943): Parameter checks have been ignored because the valid value for parameter 'trise' could not be found in 'C0'. {"history": "Interactive.77", "point": 10, "testname": "TRAN_VDD_PULSE", "cornername": "CMOS_RES_CAP_TEMP_8"}
[2026-05-26 09:42:54.630 Z] [WARN] [cadence.virtuoso.ade.simulationMonitor] -     WARNING (CMI-2943): Parameter checks have been ignored because the valid value for parameter 'trise' could not be found in 'C3'. {"history": "Interactive.77", "point": 10, "testname": "TRAN_VDD_PULSE", "cornername": "CMOS_RES_CAP_TEMP_8"}
[2026-05-26 09:42:54.630 Z] [WARN] [cadence.virtuoso.ade.simulationMonitor] -     WARNING (CMI-2943): Parameter checks have been ignored because the valid value for parameter 'trise' could not be found in 'C4'. {"history": "Interactive.77", "point": 10, "testname": "TRAN_VDD_PULSE", "cornername": "CMOS_RES_CAP_TEMP_8"}
[2026-05-26 09:42:54.630 Z] [WARN] [cadence.virtuoso.ade.simulationMonitor] -     WARNING (CMI-2943): Parameter checks have been ignored because the valid value for parameter 'trise' could not be found in 'C5'. {"history": "Interactive.77", "point": 10, "testname": "TRAN_VDD_PULSE", "cornername": "CMOS_RES_CAP_TEMP_8"}
[2026-05-26 09:42:54.630 Z] [WARN] [cadence.virtuoso.ade.simulationMonitor] -     WARNING (CMI-2943): Parameter checks have been ignored because the valid value for parameter 'trise' could not be found in 'I19.I4.C9<0>_turbo_m6.C1'.
        Further occurrences of this warning will be suppressed. {"history": "Interactive.77", "point": 10, "testname": "TRAN_VDD_PULSE", "cornername": "CMOS_RES_CAP_TEMP_8"}
[2026-05-26 09:42:54.631 Z] [INFO] [cadence.virtuoso.ade.simulationMonitor] - Total time required for dc analysis `dcOp': CPU = 56.328 ms, elapsed = 80.3158 ms, util. = 70.1%. {"history": "Interactive.77", "point": 10, "testname": "TRAN_VDD_PULSE", "cornername": "CMOS_RES_CAP_TEMP_8"}
[2026-05-26 09:42:54.631 Z] [INFO] [cadence.virtuoso.ade.simulationMonitor] - Peak resident memory used = 225 Mbytes. {"history": "Interactive.77", "point": 10, "testname": "TRAN_VDD_PULSE", "cornername": "CMOS_RES_CAP_TEMP_8"}
[2026-05-26 09:42:54.631 Z] [INFO] [cadence.virtuoso.ade.simulationMonitor] - Notice from spectre.
    246 warnings suppressed. {"history": "Interactive.77", "point": 10, "testname": "TRAN_VDD_PULSE", "cornername": "CMOS_RES_CAP_TEMP_8"}
[2026-05-26 09:42:54.631 Z] [INFO] [cadence.virtuoso.ade.simulationMonitor] - Notice from spectre during IC analysis, during transient analysis `tran'.
    GminDC = 1 pS is large enough to noticeably affect the DC solution.
        dV(I19.I2.C1.d1) = 1.12238 mV
        Use the `gmin_check' option to eliminate or expand this report. {"history": "Interactive.77", "point": 10, "testname": "TRAN_VDD_PULSE", "cornername": "CMOS_RES_CAP_TEMP_8"}
[2026-05-26 09:42:54.631 Z] [WARN] [cadence.virtuoso.ade.simulationMonitor] -     WARNING (CMI-2943): Parameter checks have been ignored because the valid value for parameter 'trise' could not be found in 'C0'. {"history": "Interactive.77", "point": 10, "testname": "TRAN_VDD_PULSE", "cornername": "CMOS_RES_CAP_TEMP_8"}
[2026-05-26 09:42:54.631 Z] [WARN] [cadence.virtuoso.ade.simulationMonitor] -     WARNING (CMI-2943): Parameter checks have been ignored because the valid value for parameter 'trise' could not be found in 'C3'. {"history": "Interactive.77", "point": 10, "testname": "TRAN_VDD_PULSE", "cornername": "CMOS_RES_CAP_TEMP_8"}
[2026-05-26 09:42:54.631 Z] [WARN] [cadence.virtuoso.ade.simulationMonitor] -     WARNING (CMI-2943): Parameter checks have been ignored because the valid value for parameter 'trise' could not be found in 'C4'. {"history": "Interactive.77", "point": 10, "testname": "TRAN_VDD_PULSE", "cornername": "CMOS_RES_CAP_TEMP_8"}
[2026-05-26 09:42:54.631 Z] [WARN] [cadence.virtuoso.ade.simulationMonitor] -     WARNING (CMI-2943): Parameter checks have been ignored because the valid value for parameter 'trise' could not be found in 'C5'. {"history": "Interactive.77", "point": 10, "testname": "TRAN_VDD_PULSE", "cornername": "CMOS_RES_CAP_TEMP_8"}
[2026-05-26 09:42:54.631 Z] [WARN] [cadence.virtuoso.ade.simulationMonitor] -     WARNING (CMI-2943): Parameter checks have been ignored because the valid value for parameter 'trise' could not be found in 'I19.I4.C9<0>_turbo_m6.C1'.
        Further occurrences of this warning will be suppressed. {"history": "Interactive.77", "point": 10, "testname": "TRAN_VDD_PULSE", "cornername": "CMOS_RES_CAP_TEMP_8"}
[2026-05-26 09:42:54.631 Z] [INFO] [cadence.virtuoso.ade.simulationMonitor] - Notice from spectre during transient analysis `tran'.
    Multithreading is disabled due to the size of the design being too small. {"history": "Interactive.77", "point": 10, "testname": "TRAN_VDD_PULSE", "cornername": "CMOS_RES_CAP_TEMP_8"}
[2026-05-26 09:44:32.657 Z] [INFO] [cadence.virtuoso.ade.simulationMonitor] - Total time required for tran analysis `tran': CPU = 97.4382 s (1m  37.4s), elapsed = 97.8655 s (1m  37.9s), util. = 99.6%. {"history": "Interactive.77", "point": 10, "testname": "TRAN_VDD_PULSE", "cornername": "CMOS_RES_CAP_TEMP_8"}
[2026-05-26 09:44:32.657 Z] [INFO] [cadence.virtuoso.ade.simulationMonitor] - Peak resident memory used = 231 Mbytes. {"history": "Interactive.77", "point": 10, "testname": "TRAN_VDD_PULSE", "cornername": "CMOS_RES_CAP_TEMP_8"}
[2026-05-26 09:44:32.658 Z] [INFO] [cadence.virtuoso.ade.simulationMonitor] - Notice from spectre.
    246 warnings suppressed. {"history": "Interactive.77", "point": 10, "testname": "TRAN_VDD_PULSE", "cornername": "CMOS_RES_CAP_TEMP_8"}
[2026-05-26 09:44:32.658 Z] [WARN] [cadence.virtuoso.ade.simulationMonitor] -     WARNING (CMI-2425): I19.I2.C1: `Acde' = 2.393 is unusually large. {"history": "Interactive.77", "point": 10, "testname": "TRAN_VDD_PULSE", "cornername": "CMOS_RES_CAP_TEMP_8"}
[2026-05-26 09:44:32.658 Z] [WARN] [cadence.virtuoso.ade.simulationMonitor] -     WARNING (CMI-2425): I19.I2.C1: `Noff' = 4.732 is unusually large. {"history": "Interactive.77", "point": 10, "testname": "TRAN_VDD_PULSE", "cornername": "CMOS_RES_CAP_TEMP_8"}
[2026-05-26 09:44:32.658 Z] [WARN] [cadence.virtuoso.ade.simulationMonitor] -     WARNING (CMI-2424): I19.I2.C1: `Voffcv' = -867.4e-03 is unusually small. {"history": "Interactive.77", "point": 10, "testname": "TRAN_VDD_PULSE", "cornername": "CMOS_RES_CAP_TEMP_8"}
[2026-05-26 09:44:32.658 Z] [WARN] [cadence.virtuoso.ade.simulationMonitor] -     WARNING (CMI-2425): I19.I8.C0: `Acde' = 2.393 is unusually large. {"history": "Interactive.77", "point": 10, "testname": "TRAN_VDD_PULSE", "cornername": "CMOS_RES_CAP_TEMP_8"}
[2026-05-26 09:44:32.658 Z] [WARN] [cadence.virtuoso.ade.simulationMonitor] -     WARNING (CMI-2425): I19.I8.C0: `Noff' = 4.732 is unusually large. {"history": "Interactive.77", "point": 10, "testname": "TRAN_VDD_PULSE", "cornername": "CMOS_RES_CAP_TEMP_8"}
[2026-05-26 09:44:32.658 Z] [WARN] [cadence.virtuoso.ade.simulationMonitor] -     WARNING (CMI-2424): I19.I8.C0: `Voffcv' = -867.4e-03 is unusually small. {"history": "Interactive.77", "point": 10, "testname": "TRAN_VDD_PULSE", "cornername": "CMOS_RES_CAP_TEMP_8"}
[2026-05-26 09:44:32.658 Z] [WARN] [cadence.virtuoso.ade.simulationMonitor] -     WARNING (CMI-2425): I19.I8.C1: `Acde' = 2.393 is unusually large.
        Further occurrences of this warning will be suppressed. {"history": "Interactive.77", "point": 10, "testname": "TRAN_VDD_PULSE", "cornername": "CMOS_RES_CAP_TEMP_8"}
[2026-05-26 09:44:32.658 Z] [WARN] [cadence.virtuoso.ade.simulationMonitor] -     WARNING (CMI-2424): I19.I8.C1: `Voffcv' = -867.4e-03 is unusually small. {"history": "Interactive.77", "point": 10, "testname": "TRAN_VDD_PULSE", "cornername": "CMOS_RES_CAP_TEMP_8"}
[2026-05-26 09:44:32.658 Z] [WARN] [cadence.virtuoso.ade.simulationMonitor] -     WARNING (CMI-2424): I19.I14.C1: `Voffcv' = -867.4e-03 is unusually small. {"history": "Interactive.77", "point": 10, "testname": "TRAN_VDD_PULSE", "cornername": "CMOS_RES_CAP_TEMP_8"}
[2026-05-26 09:44:32.658 Z] [WARN] [cadence.virtuoso.ade.simulationMonitor] -     WARNING (CMI-2424): I19.I14.C4: `Voffcv' = -867.4e-03 is unusually small.
        Further occurrences of this warning will be suppressed. {"history": "Interactive.77", "point": 10, "testname": "TRAN_VDD_PULSE", "cornername": "CMOS_RES_CAP_TEMP_8"}
[2026-05-26 09:44:32.658 Z] [INFO] [cadence.virtuoso.ade.simulationMonitor] - Notice from spectre.
    56 warnings suppressed. {"history": "Interactive.77", "point": 10, "testname": "TRAN_VDD_PULSE", "cornername": "CMOS_RES_CAP_TEMP_8"}
[2026-05-26 09:44:32.658 Z] [WARN] [cadence.virtuoso.ade.simulationMonitor] -     WARNING (CMI-2425): I19.I2.C1: `Acde' = 2.393 is unusually large. {"history": "Interactive.77", "point": 10, "testname": "TRAN_VDD_PULSE", "cornername": "CMOS_RES_CAP_TEMP_8"}
[2026-05-26 09:44:32.658 Z] [WARN] [cadence.virtuoso.ade.simulationMonitor] -     WARNING (CMI-2425): I19.I2.C1: `Noff' = 4.732 is unusually large. {"history": "Interactive.77", "point": 10, "testname": "TRAN_VDD_PULSE", "cornername": "CMOS_RES_CAP_TEMP_8"}
[2026-05-26 09:44:32.658 Z] [WARN] [cadence.virtuoso.ade.simulationMonitor] -     WARNING (CMI-2424): I19.I2.C1: `Voffcv' = -867.4e-03 is unusually small. {"history": "Interactive.77", "point": 10, "testname": "TRAN_VDD_PULSE", "cornername": "CMOS_RES_CAP_TEMP_8"}
[2026-05-26 09:44:32.658 Z] [WARN] [cadence.virtuoso.ade.simulationMonitor] -     WARNING (CMI-2425): I19.I8.C0: `Acde' = 2.393 is unusually large. {"history": "Interactive.77", "point": 10, "testname": "TRAN_VDD_PULSE", "cornername": "CMOS_RES_CAP_TEMP_8"}
[2026-05-26 09:44:32.659 Z] [WARN] [cadence.virtuoso.ade.simulationMonitor] -     WARNING (CMI-2425): I19.I8.C0: `Noff' = 4.732 is unusually large. {"history": "Interactive.77", "point": 10, "testname": "TRAN_VDD_PULSE", "cornername": "CMOS_RES_CAP_TEMP_8"}
[2026-05-26 09:44:32.659 Z] [WARN] [cadence.virtuoso.ade.simulationMonitor] -     WARNING (CMI-2424): I19.I8.C0: `Voffcv' = -867.4e-03 is unusually small. {"history": "Interactive.77", "point": 10, "testname": "TRAN_VDD_PULSE", "cornername": "CMOS_RES_CAP_TEMP_8"}
[2026-05-26 09:44:32.659 Z] [WARN] [cadence.virtuoso.ade.simulationMonitor] -     WARNING (CMI-2425): I19.I8.C1: `Acde' = 2.393 is unusually large.
        Further occurrences of this warning will be suppressed. {"history": "Interactive.77", "point": 10, "testname": "TRAN_VDD_PULSE", "cornername": "CMOS_RES_CAP_TEMP_8"}
[2026-05-26 09:44:32.659 Z] [WARN] [cadence.virtuoso.ade.simulationMonitor] -     WARNING (CMI-2424): I19.I8.C1: `Voffcv' = -867.4e-03 is unusually small. {"history": "Interactive.77", "point": 10, "testname": "TRAN_VDD_PULSE", "cornername": "CMOS_RES_CAP_TEMP_8"}
[2026-05-26 09:44:32.659 Z] [WARN] [cadence.virtuoso.ade.simulationMonitor] -     WARNING (CMI-2424): I19.I14.C1: `Voffcv' = -867.4e-03 is unusually small. {"history": "Interactive.77", "point": 10, "testname": "TRAN_VDD_PULSE", "cornername": "CMOS_RES_CAP_TEMP_8"}
[2026-05-26 09:44:32.659 Z] [WARN] [cadence.virtuoso.ade.simulationMonitor] -     WARNING (CMI-2424): I19.I14.C4: `Voffcv' = -867.4e-03 is unusually small.
        Further occurrences of this warning will be suppressed. {"history": "Interactive.77", "point": 10, "testname": "TRAN_VDD_PULSE", "cornername": "CMOS_RES_CAP_TEMP_8"}
[2026-05-26 09:44:32.659 Z] [INFO] [cadence.virtuoso.ade.simulationMonitor] - Notice from spectre.
    59 warnings suppressed. {"history": "Interactive.77", "point": 10, "testname": "TRAN_VDD_PULSE", "cornername": "CMOS_RES_CAP_TEMP_8"}
[2026-05-26 09:44:32.659 Z] [WARN] [cadence.virtuoso.ade.simulationMonitor] -     WARNING (CMI-2425): I19.I2.C1: `Acde' = 2.393 is unusually large. {"history": "Interactive.77", "point": 10, "testname": "TRAN_VDD_PULSE", "cornername": "CMOS_RES_CAP_TEMP_8"}
[2026-05-26 09:44:32.659 Z] [WARN] [cadence.virtuoso.ade.simulationMonitor] -     WARNING (CMI-2425): I19.I2.C1: `Noff' = 4.732 is unusually large. {"history": "Interactive.77", "point": 10, "testname": "TRAN_VDD_PULSE", "cornername": "CMOS_RES_CAP_TEMP_8"}
[2026-05-26 09:44:32.659 Z] [WARN] [cadence.virtuoso.ade.simulationMonitor] -     WARNING (CMI-2424): I19.I2.C1: `Voffcv' = -867.4e-03 is unusually small. {"history": "Interactive.77", "point": 10, "testname": "TRAN_VDD_PULSE", "cornername": "CMOS_RES_CAP_TEMP_8"}
[2026-05-26 09:44:32.659 Z] [WARN] [cadence.virtuoso.ade.simulationMonitor] -     WARNING (CMI-2425): I19.I8.C0: `Acde' = 2.393 is unusually large. {"history": "Interactive.77", "point": 10, "testname": "TRAN_VDD_PULSE", "cornername": "CMOS_RES_CAP_TEMP_8"}
[2026-05-26 09:44:32.659 Z] [WARN] [cadence.virtuoso.ade.simulationMonitor] -     WARNING (CMI-2425): I19.I8.C0: `Noff' = 4.732 is unusually large. {"history": "Interactive.77", "point": 10, "testname": "TRAN_VDD_PULSE", "cornername": "CMOS_RES_CAP_TEMP_8"}
[2026-05-26 09:44:32.659 Z] [WARN] [cadence.virtuoso.ade.simulationMonitor] -     WARNING (CMI-2424): I19.I8.C0: `Voffcv' = -867.4e-03 is unusually small. {"history": "Interactive.77", "point": 10, "testname": "TRAN_VDD_PULSE", "cornername": "CMOS_RES_CAP_TEMP_8"}
[2026-05-26 09:44:32.659 Z] [WARN] [cadence.virtuoso.ade.simulationMonitor] -     WARNING (CMI-2425): I19.I8.C1: `Acde' = 2.393 is unusually large.
        Further occurrences of this warning will be suppressed. {"history": "Interactive.77", "point": 10, "testname": "TRAN_VDD_PULSE", "cornername": "CMOS_RES_CAP_TEMP_8"}
[2026-05-26 09:44:32.660 Z] [WARN] [cadence.virtuoso.ade.simulationMonitor] -     WARNING (CMI-2424): I19.I8.C1: `Voffcv' = -867.4e-03 is unusually small. {"history": "Interactive.77", "point": 10, "testname": "TRAN_VDD_PULSE", "cornername": "CMOS_RES_CAP_TEMP_8"}
[2026-05-26 09:44:32.660 Z] [WARN] [cadence.virtuoso.ade.simulationMonitor] -     WARNING (CMI-2424): I19.I14.C1: `Voffcv' = -867.4e-03 is unusually small. {"history": "Interactive.77", "point": 10, "testname": "TRAN_VDD_PULSE", "cornername": "CMOS_RES_CAP_TEMP_8"}
[2026-05-26 09:44:32.660 Z] [WARN] [cadence.virtuoso.ade.simulationMonitor] -     WARNING (CMI-2424): I19.I14.C4: `Voffcv' = -867.4e-03 is unusually small.
        Further occurrences of this warning will be suppressed. {"history": "Interactive.77", "point": 10, "testname": "TRAN_VDD_PULSE", "cornername": "CMOS_RES_CAP_TEMP_8"}
[2026-05-26 09:44:32.660 Z] [INFO] [cadence.virtuoso.ade.simulationMonitor] - Notice from spectre.
    56 warnings suppressed. {"history": "Interactive.77", "point": 10, "testname": "TRAN_VDD_PULSE", "cornername": "CMOS_RES_CAP_TEMP_8"}
[2026-05-26 09:44:32.660 Z] [WARN] [cadence.virtuoso.ade.simulationMonitor] -     WARNING (CMI-2425): I19.I2.C1: `Acde' = 2.393 is unusually large. {"history": "Interactive.77", "point": 10, "testname": "TRAN_VDD_PULSE", "cornername": "CMOS_RES_CAP_TEMP_8"}
[2026-05-26 09:44:32.660 Z] [WARN] [cadence.virtuoso.ade.simulationMonitor] -     WARNING (CMI-2425): I19.I2.C1: `Noff' = 4.732 is unusually large. {"history": "Interactive.77", "point": 10, "testname": "TRAN_VDD_PULSE", "cornername": "CMOS_RES_CAP_TEMP_8"}
[2026-05-26 09:44:32.660 Z] [WARN] [cadence.virtuoso.ade.simulationMonitor] -     WARNING (CMI-2424): I19.I2.C1: `Voffcv' = -867.4e-03 is unusually small. {"history": "Interactive.77", "point": 10, "testname": "TRAN_VDD_PULSE", "cornername": "CMOS_RES_CAP_TEMP_8"}
[2026-05-26 09:44:32.660 Z] [WARN] [cadence.virtuoso.ade.simulationMonitor] -     WARNING (CMI-2425): I19.I8.C0: `Acde' = 2.393 is unusually large. {"history": "Interactive.77", "point": 10, "testname": "TRAN_VDD_PULSE", "cornername": "CMOS_RES_CAP_TEMP_8"}
[2026-05-26 09:44:32.660 Z] [WARN] [cadence.virtuoso.ade.simulationMonitor] -     WARNING (CMI-2425): I19.I8.C0: `Noff' = 4.732 is unusually large. {"history": "Interactive.77", "point": 10, "testname": "TRAN_VDD_PULSE", "cornername": "CMOS_RES_CAP_TEMP_8"}
[2026-05-26 09:44:32.660 Z] [WARN] [cadence.virtuoso.ade.simulationMonitor] -     WARNING (CMI-2424): I19.I8.C0: `Voffcv' = -867.4e-03 is unusually small. {"history": "Interactive.77", "point": 10, "testname": "TRAN_VDD_PULSE", "cornername": "CMOS_RES_CAP_TEMP_8"}
[2026-05-26 09:44:32.660 Z] [WARN] [cadence.virtuoso.ade.simulationMonitor] -     WARNING (CMI-2425): I19.I8.C1: `Acde' = 2.393 is unusually large.
        Further occurrences of this warning will be suppressed. {"history": "Interactive.77", "point": 10, "testname": "TRAN_VDD_PULSE", "cornername": "CMOS_RES_CAP_TEMP_8"}
[2026-05-26 09:44:32.660 Z] [WARN] [cadence.virtuoso.ade.simulationMonitor] -     WARNING (CMI-2424): I19.I8.C1: `Voffcv' = -867.4e-03 is unusually small. {"history": "Interactive.77", "point": 10, "testname": "TRAN_VDD_PULSE", "cornername": "CMOS_RES_CAP_TEMP_8"}
[2026-05-26 09:44:32.660 Z] [WARN] [cadence.virtuoso.ade.simulationMonitor] -     WARNING (CMI-2424): I19.I14.C1: `Voffcv' = -867.4e-03 is unusually small. {"history": "Interactive.77", "point": 10, "testname": "TRAN_VDD_PULSE", "cornername": "CMOS_RES_CAP_TEMP_8"}
[2026-05-26 09:44:32.660 Z] [WARN] [cadence.virtuoso.ade.simulationMonitor] -     WARNING (CMI-2424): I19.I14.C4: `Voffcv' = -867.4e-03 is unusually small.
        Further occurrences of this warning will be suppressed. {"history": "Interactive.77", "point": 10, "testname": "TRAN_VDD_PULSE", "cornername": "CMOS_RES_CAP_TEMP_8"}
[2026-05-26 09:44:32.661 Z] [INFO] [cadence.virtuoso.ade.simulationMonitor] - Notice from spectre.
    56 warnings suppressed. {"history": "Interactive.77", "point": 10, "testname": "TRAN_VDD_PULSE", "cornername": "CMOS_RES_CAP_TEMP_8"}
[2026-05-26 09:44:32.661 Z] [INFO] [cadence.virtuoso.ade.simulationMonitor] - Time used: CPU = 97.9 s (1m  37.9s), elapsed = 98.6 s (1m  38.6s), util. = 99.2%. {"history": "Interactive.77", "point": 10, "testname": "TRAN_VDD_PULSE", "cornername": "CMOS_RES_CAP_TEMP_8"}
[2026-05-26 09:44:32.661 Z] [INFO] [cadence.virtuoso.ade.simulationMonitor] - Time spent in licensing: elapsed = 39.3 ms. {"history": "Interactive.77", "point": 10, "testname": "TRAN_VDD_PULSE", "cornername": "CMOS_RES_CAP_TEMP_8"}
[2026-05-26 09:44:32.661 Z] [INFO] [cadence.virtuoso.ade.simulationMonitor] - Peak memory used = 232 Mbytes. {"history": "Interactive.77", "point": 10, "testname": "TRAN_VDD_PULSE", "cornername": "CMOS_RES_CAP_TEMP_8"}
[2026-05-26 09:44:32.661 Z] [PROCESS] [cadence.virtuoso.ade.simulationMonitor] - Simulation started at: 9:42:53 AM, Tue May 26, 2026, ended at: 9:44:32 AM, Tue May 26, 2026, with elapsed time (wall clock): 98.6 s (1m  38.6s). {"history": "Interactive.77", "point": 10, "testname": "TRAN_VDD_PULSE", "cornername": "CMOS_RES_CAP_TEMP_8"}
[2026-05-26 09:44:32.661 Z] [PROCESS] [cadence.virtuoso.ade.simulationMonitor] - spectre completes with 0 errors, 96 warnings, and 32 notices. {"history": "Interactive.77", "point": 10, "testname": "TRAN_VDD_PULSE", "cornername": "CMOS_RES_CAP_TEMP_8"}
[2026-05-26 09:44:32.661 Z] [PROCESS] [cadence.virtuoso.ade.simulationMonitor] - Finished simulating for one point {"hostname": "edatools", "processid": 247514, "history": "Interactive.77", "testname": "TRAN_VDD_PULSE", "cornername": "CMOS_RES_CAP_TEMP_8", "point": 10, "logfile": "/home/saul/projects/IL2244_VT26_SAUL/logs_saul/logs0/Job48.log", "simid": "2"}
[2026-05-26 09:44:32.661 Z] [PROCESS] [cadence.virtuoso.ade.simulationMonitor] - Simulator exited {"hostname": "edatools", "processid": 247514, "history": "Interactive.77", "testname": "TRAN_VDD_PULSE", "cornername": "CMOS_RES_CAP_TEMP_8", "point": 10, "logfile": "/home/saul/projects/IL2244_VT26_SAUL/logs_saul/logs0/Job48.log", "exitStatus": "0"}
[2026-05-26 09:44:32.661 Z] [PROCESS] [cadence.virtuoso.ade.simulationMonitor] - Finished Simulation {"hostname": "edatools", "processid": 247514, "history": "Interactive.77", "testname": "TRAN_VDD_PULSE", "cornername": "CMOS_RES_CAP_TEMP_8", "point": 10, "logfile": "/home/saul/projects/IL2244_VT26_SAUL/logs_saul/logs0/Job48.log", "simid": "2"}
[2026-05-26 09:44:34.167 Z] [PROCESS] [cadence.virtuoso.ade.simulationMonitor] - Point Finished {"hostname": "edatools", "processid": 247514, "history": "Interactive.77", "testname": "TRAN_VDD_PULSE", "cornername": "CMOS_RES_CAP_TEMP_8", "point": 10, "logfile": "/home/saul/projects/IL2244_VT26_SAUL/logs_saul/logs0/Job48.log"}
[2026-05-26 09:44:34.168 Z] [PROCESS] [cadence.virtuoso.ade.simulationMonitor] - HostInfo:
Host name (type):	edatools (x86_64)
Operating system:	Linux 6.17.0-29-generic #29~24.04.1-Ubuntu SMP PREEMPT_DYNAMIC Mon May 11 10:30:58 UTC 2 {"hostname": "edatools", "processid": 247514, "history": "Interactive.77", "testname": "TRAN_VDD_PULSE", "cornername": "CMOS_RES_CAP_TEMP_8", "point": 10, "logfile": "/home/saul/projects/IL2244_VT26_SAUL/logs_saul/logs0/Job48.log", "nodename": "edatools", "domainname": "(none)", "machine": "x86_64", "sysname": "Linux", "release": "6.17.0-29-generic", "version": "#29~24.04.1-Ubuntu SMP PREEMPT_DYNAMIC Mon May 11 10:30:58 UTC 2"}
[2026-05-26 09:44:34.168 Z] [PROCESS] [cadence.virtuoso.ade.simulationMonitor] - UsageInfo:
pid=247514
totalPhysicalMemory=62.544987GB,Used=44.436958GB,totalVirtualMemory=70.544983GB,Used=44.436958GB
Cpu: Cores=16, Load average:5.790000,2.940000,1.230000 {"hostname": "edatools", "processid": 247514, "history": "Interactive.77", "testname": "TRAN_VDD_PULSE", "cornername": "CMOS_RES_CAP_TEMP_8", "point": 10, "logfile": "/home/saul/projects/IL2244_VT26_SAUL/logs_saul/logs0/Job48.log", "pid": "247514", "totalPhysicalMemory": "62.544987", "physicalMemoryUsed": "44.436958", "totalVirtualMemory": "70.544983", "virtualMemoryUsed": "44.436958", "cpuCores": "16", "processes": "1706", "loadAverage1": "5.790000", "loadAverage5": "2.940000", "loadAverage15": "1.230000", "loadAverage1Percent": "0.361875"}
[2026-05-26 09:44:34.168 Z] [EVENT] [cadence.virtuoso.ade.simulationMonitor] - NewPoint {"history": "Interactive.77", "point": 17, "testname": "TRAN_VDD_PULSE", "cornername": "CMOS_RES_CAP_TEMP_15", "event": "NewPoint", "EventSource": "Simulation Monitor", "HistoryName": "Interactive.77", "logFile": "/home/saul/projects/IL2244_VT26_SAUL/logs_saul/logs0/Job48.log", "logFileSize": "86595"}
[2026-05-26 09:44:34.269 Z] [EVENT] [cadence.virtuoso.ade.simulationMonitor] - NewPoint {"history": "Interactive.77", "point": 17, "testname": "TRAN_VDD_PULSE", "cornername": "CMOS_RES_CAP_TEMP_15", "event": "NewPoint", "EventSource": "spectre", "HistoryName": "Interactive.77", "logFile": "/home/saul/projects/IL2244_VT26_SAUL/Sim/FECG/fecg_front_end_tran_tb/maestro/results/maestro/Interactive.77/17/TRAN_VDD_PULSE/psf/spectre.out", "logFileSize": "-1"}
[2026-05-26 09:44:34.273 Z] [PROCESS] [cadence.virtuoso.ade.simulationMonitor] - Simulator launched {"hostname": "edatools", "processid": 247514, "history": "Interactive.77", "testname": "TRAN_VDD_PULSE", "cornername": "CMOS_RES_CAP_TEMP_15", "point": 17, "logfile": "/home/saul/projects/IL2244_VT26_SAUL/logs_saul/logs0/Job48.log", "simid": "3"}
[2026-05-26 09:44:34.285 Z] [PROCESS] [cadence.virtuoso.ade.simulationMonitor] - Started Simulation {"hostname": "edatools", "processid": 247514, "history": "Interactive.77", "testname": "TRAN_VDD_PULSE", "cornername": "CMOS_RES_CAP_TEMP_15", "point": 17, "logfile": "/home/saul/projects/IL2244_VT26_SAUL/logs_saul/logs0/Job48.log", "event": "started", "task": "simulation"}
[2026-05-26 09:44:34.786 Z] [INFO] [cadence.virtuoso.ade.simulationMonitor] - Notice from spectre during circuit read-in.
    Pre_Configuration file used: /opt/tools/cadence/installs/SPECTRE241/tools.lnx86/spectre/etc/configs/preset.precfg
    Configuration file used: `/opt/tools/cadence/installs/SPECTRE241/tools.lnx86/spectre/etc/configs/preset.cfg'. {"history": "Interactive.77", "point": 17, "testname": "TRAN_VDD_PULSE", "cornername": "CMOS_RES_CAP_TEMP_15"}
[2026-05-26 09:44:34.786 Z] [WARN] [cadence.virtuoso.ade.simulationMonitor] -     WARNING (SPECTRE-8360): line 1511: `ac' is an undefined primitive device. {"history": "Interactive.77", "point": 17, "testname": "TRAN_VDD_PULSE", "cornername": "CMOS_RES_CAP_TEMP_15"}
[2026-05-26 09:44:34.786 Z] [WARN] [cadence.virtuoso.ade.simulationMonitor] -     WARNING (SPECTRE-8360): line 1512: `ac' is an undefined primitive device. {"history": "Interactive.77", "point": 17, "testname": "TRAN_VDD_PULSE", "cornername": "CMOS_RES_CAP_TEMP_15"}
[2026-05-26 09:44:34.786 Z] [WARN] [cadence.virtuoso.ade.simulationMonitor] -     WARNING (SPECTRE-8360): line 1513: `ac' is an undefined primitive device. {"history": "Interactive.77", "point": 17, "testname": "TRAN_VDD_PULSE", "cornername": "CMOS_RES_CAP_TEMP_15"}
[2026-05-26 09:44:34.786 Z] [WARN] [cadence.virtuoso.ade.simulationMonitor] -     WARNING (SPECTRE-8360): line 1514: `ac' is an undefined primitive device. {"history": "Interactive.77", "point": 17, "testname": "TRAN_VDD_PULSE", "cornername": "CMOS_RES_CAP_TEMP_15"}
[2026-05-26 09:44:34.786 Z] [WARN] [cadence.virtuoso.ade.simulationMonitor] -     WARNING (SPECTRE-8360): line 1515: `ac' is an undefined primitive device.
        Further occurrences of this warning will be suppressed. {"history": "Interactive.77", "point": 17, "testname": "TRAN_VDD_PULSE", "cornername": "CMOS_RES_CAP_TEMP_15"}
[2026-05-26 09:44:34.786 Z] [INFO] [cadence.virtuoso.ade.simulationMonitor] - Peak resident memory used = 173 Mbytes. {"history": "Interactive.77", "point": 17, "testname": "TRAN_VDD_PULSE", "cornername": "CMOS_RES_CAP_TEMP_15"}
[2026-05-26 09:44:34.786 Z] [WARN] [cadence.virtuoso.ade.simulationMonitor] -     WARNING (VACOMP-2435): The environment variable CDS_AHDLCMI_ENABLE is no longer supported. Therefore, the simulator will use the default compiled C code flow. {"history": "Interactive.77", "point": 17, "testname": "TRAN_VDD_PULSE", "cornername": "CMOS_RES_CAP_TEMP_15"}
[2026-05-26 09:44:34.786 Z] [WARN] [cadence.virtuoso.ade.simulationMonitor] -     WARNING (SFE-3014): The floating device I19.I0.I5.MN14<0>_turbo_m4 is removed. {"history": "Interactive.77", "point": 17, "testname": "TRAN_VDD_PULSE", "cornername": "CMOS_RES_CAP_TEMP_15"}
[2026-05-26 09:44:34.786 Z] [WARN] [cadence.virtuoso.ade.simulationMonitor] -     WARNING (SFE-3012): The dummy device I19.I4.MP16<0>_turbo_m41 is removed. {"history": "Interactive.77", "point": 17, "testname": "TRAN_VDD_PULSE", "cornername": "CMOS_RES_CAP_TEMP_15"}
[2026-05-26 09:44:34.787 Z] [WARN] [cadence.virtuoso.ade.simulationMonitor] -     WARNING (SFE-3014): The floating device I19.I8.MN57<0>_turbo_m28 is removed. {"history": "Interactive.77", "point": 17, "testname": "TRAN_VDD_PULSE", "cornername": "CMOS_RES_CAP_TEMP_15"}
[2026-05-26 09:44:34.787 Z] [WARN] [cadence.virtuoso.ade.simulationMonitor] -     WARNING (SFE-3012): The dummy device I19.I14.MP13<0>_turbo_m4 is removed. {"history": "Interactive.77", "point": 17, "testname": "TRAN_VDD_PULSE", "cornername": "CMOS_RES_CAP_TEMP_15"}
[2026-05-26 09:44:34.787 Z] [WARN] [cadence.virtuoso.ade.simulationMonitor] -     WARNING (SFE-3031): The floating capacitor I19.I12.C10<0>_turbo_m12.C1 is removed. {"history": "Interactive.77", "point": 17, "testname": "TRAN_VDD_PULSE", "cornername": "CMOS_RES_CAP_TEMP_15"}
[2026-05-26 09:44:34.787 Z] [WARN] [cadence.virtuoso.ade.simulationMonitor] -     WARNING (SFE-3014): The floating device I19.I2.MN37<0>_turbo_m4 is removed. {"history": "Interactive.77", "point": 17, "testname": "TRAN_VDD_PULSE", "cornername": "CMOS_RES_CAP_TEMP_15"}
[2026-05-26 09:44:34.787 Z] [WARN] [cadence.virtuoso.ade.simulationMonitor] -     WARNING (SFE-3012): The dummy device I19.I0.I5.MP12<0>_turbo_m2 is removed. {"history": "Interactive.77", "point": 17, "testname": "TRAN_VDD_PULSE", "cornername": "CMOS_RES_CAP_TEMP_15"}
[2026-05-26 09:44:34.787 Z] [WARN] [cadence.virtuoso.ade.simulationMonitor] -     WARNING (SFE-3014): The floating device I19.I0.MN13<0>_turbo_m4 is removed. {"history": "Interactive.77", "point": 17, "testname": "TRAN_VDD_PULSE", "cornername": "CMOS_RES_CAP_TEMP_15"}
[2026-05-26 09:44:34.787 Z] [WARN] [cadence.virtuoso.ade.simulationMonitor] -     WARNING (SFE-3012): The dummy device I19.I0.I3.MP13<0>_turbo_m4 is removed. {"history": "Interactive.77", "point": 17, "testname": "TRAN_VDD_PULSE", "cornername": "CMOS_RES_CAP_TEMP_15"}
[2026-05-26 09:44:34.787 Z] [WARN] [cadence.virtuoso.ade.simulationMonitor] -     WARNING (SFE-3031): The floating capacitor I19.I12.C6<0>_turbo_m3.C1 is removed. {"history": "Interactive.77", "point": 17, "testname": "TRAN_VDD_PULSE", "cornername": "CMOS_RES_CAP_TEMP_15"}
[2026-05-26 09:44:34.787 Z] [WARN] [cadence.virtuoso.ade.simulationMonitor] -     WARNING (SFE-3012): The dummy device I19.I0.MP11<0>_turbo_m4 is removed.
        Further occurrences of this warning will be suppressed. {"history": "Interactive.77", "point": 17, "testname": "TRAN_VDD_PULSE", "cornername": "CMOS_RES_CAP_TEMP_15"}
[2026-05-26 09:44:34.787 Z] [WARN] [cadence.virtuoso.ade.simulationMonitor] -     WARNING (SFE-3031): The floating capacitor I19.I11.C7<0>_turbo_m3.C1 is removed. {"history": "Interactive.77", "point": 17, "testname": "TRAN_VDD_PULSE", "cornername": "CMOS_RES_CAP_TEMP_15"}
[2026-05-26 09:44:34.787 Z] [WARN] [cadence.virtuoso.ade.simulationMonitor] -     WARNING (SFE-3014): The floating device I19.I12.MN57<0>_turbo_m28 is removed.
        Further occurrences of this warning will be suppressed. {"history": "Interactive.77", "point": 17, "testname": "TRAN_VDD_PULSE", "cornername": "CMOS_RES_CAP_TEMP_15"}
[2026-05-26 09:44:34.787 Z] [WARN] [cadence.virtuoso.ade.simulationMonitor] -     WARNING (SFE-3031): The floating capacitor I19.I11.C10<0>_turbo_m12.C1 is removed. {"history": "Interactive.77", "point": 17, "testname": "TRAN_VDD_PULSE", "cornername": "CMOS_RES_CAP_TEMP_15"}
[2026-05-26 09:44:34.787 Z] [WARN] [cadence.virtuoso.ade.simulationMonitor] -     WARNING (SFE-3031): The floating capacitor I19.I12.C7<0>_turbo_m3.C1 is removed.
        Further occurrences of this warning will be suppressed. {"history": "Interactive.77", "point": 17, "testname": "TRAN_VDD_PULSE", "cornername": "CMOS_RES_CAP_TEMP_15"}
[2026-05-26 09:44:34.788 Z] [INFO] [cadence.virtuoso.ade.simulationMonitor] - Peak resident memory used = 188 Mbytes. {"history": "Interactive.77", "point": 17, "testname": "TRAN_VDD_PULSE", "cornername": "CMOS_RES_CAP_TEMP_15"}
[2026-05-26 09:44:34.788 Z] [INFO] [cadence.virtuoso.ade.simulationMonitor] - Notice from spectre during hierarchy flattening.
    The value 'psf' specified for the 'checklimitdest' option will no longer be supported in future releases. Use 'spectre -h' to see other recommended values for the 'checklimitdest' option.
    I19.I0.R10.CS0 of rpolyhc: `c' has the unusually small value of 0 F.
    I19.I0.R10.CS1 of rpolyhc: `c' has the unusually small value of 0 F.
    I19.I0.R9.CS0 of rpolyhc: `c' has the unusually small value of 0 F.
    I19.I0.R9.CS1 of rpolyhc: `c' has the unusually ... {"history": "Interactive.77", "point": 17, "testname": "TRAN_VDD_PULSE", "cornername": "CMOS_RES_CAP_TEMP_15"}
[2026-05-26 09:44:34.788 Z] [INFO] [cadence.virtuoso.ade.simulationMonitor] - Notice from spectre during hierarchy flattening.
    V17: `period' has the unusually large value of 20 s.
    V17: `width' has the unusually large value of 19 s.
    V16: `period' has the unusually large value of 10 s.
    V16: `width' has the unusually large value of 9 s.
    V9: `period' has the unusually large value of 10 s.
        Further occurrences of this notice will be suppressed. {"history": "Interactive.77", "point": 17, "testname": "TRAN_VDD_PULSE", "cornername": "CMOS_RES_CAP_TEMP_15"}
[2026-05-26 09:44:34.788 Z] [INFO] [cadence.virtuoso.ade.simulationMonitor] - Peak resident memory used = 192 Mbytes. {"history": "Interactive.77", "point": 17, "testname": "TRAN_VDD_PULSE", "cornername": "CMOS_RES_CAP_TEMP_15"}
[2026-05-26 09:44:34.788 Z] [WARN] [cadence.virtuoso.ade.simulationMonitor] -     WARNING (CMI-2425): I19.I0.C2: `Acde' = 2.393 is unusually large. {"history": "Interactive.77", "point": 17, "testname": "TRAN_VDD_PULSE", "cornername": "CMOS_RES_CAP_TEMP_15"}
[2026-05-26 09:44:34.788 Z] [WARN] [cadence.virtuoso.ade.simulationMonitor] -     WARNING (CMI-2425): I19.I0.C2: `Noff' = 4.732 is unusually large. {"history": "Interactive.77", "point": 17, "testname": "TRAN_VDD_PULSE", "cornername": "CMOS_RES_CAP_TEMP_15"}
[2026-05-26 09:44:34.788 Z] [WARN] [cadence.virtuoso.ade.simulationMonitor] -     WARNING (CMI-2424): I19.I0.C2: `Voffcv' = -867.4e-03 is unusually small. {"history": "Interactive.77", "point": 17, "testname": "TRAN_VDD_PULSE", "cornername": "CMOS_RES_CAP_TEMP_15"}
[2026-05-26 09:44:34.788 Z] [WARN] [cadence.virtuoso.ade.simulationMonitor] -     WARNING (CMI-2425): I19.I0.C3: `Acde' = 2.393 is unusually large. {"history": "Interactive.77", "point": 17, "testname": "TRAN_VDD_PULSE", "cornername": "CMOS_RES_CAP_TEMP_15"}
[2026-05-26 09:44:34.788 Z] [WARN] [cadence.virtuoso.ade.simulationMonitor] -     WARNING (CMI-2425): I19.I0.C3: `Noff' = 4.732 is unusually large. {"history": "Interactive.77", "point": 17, "testname": "TRAN_VDD_PULSE", "cornername": "CMOS_RES_CAP_TEMP_15"}
[2026-05-26 09:44:34.788 Z] [WARN] [cadence.virtuoso.ade.simulationMonitor] -     WARNING (CMI-2424): I19.I0.C3: `Voffcv' = -867.4e-03 is unusually small. {"history": "Interactive.77", "point": 17, "testname": "TRAN_VDD_PULSE", "cornername": "CMOS_RES_CAP_TEMP_15"}
[2026-05-26 09:44:34.788 Z] [WARN] [cadence.virtuoso.ade.simulationMonitor] -     WARNING (CMI-2425): I19.I0.C0: `Acde' = 2.393 is unusually large.
        Further occurrences of this warning will be suppressed. {"history": "Interactive.77", "point": 17, "testname": "TRAN_VDD_PULSE", "cornername": "CMOS_RES_CAP_TEMP_15"}
[2026-05-26 09:44:34.788 Z] [WARN] [cadence.virtuoso.ade.simulationMonitor] -     WARNING (CMI-2424): I19.I0.C0: `Voffcv' = -867.4e-03 is unusually small. {"history": "Interactive.77", "point": 17, "testname": "TRAN_VDD_PULSE", "cornername": "CMOS_RES_CAP_TEMP_15"}
[2026-05-26 09:44:34.789 Z] [WARN] [cadence.virtuoso.ade.simulationMonitor] -     WARNING (CMI-2424): I19.I0.I3.C1: `Voffcv' = -867.4e-03 is unusually small. {"history": "Interactive.77", "point": 17, "testname": "TRAN_VDD_PULSE", "cornername": "CMOS_RES_CAP_TEMP_15"}
[2026-05-26 09:44:34.789 Z] [WARN] [cadence.virtuoso.ade.simulationMonitor] -     WARNING (CMI-2424): I19.I0.C1<0>_turbo_m5: `Voffcv' = -867.4e-03 is unusually small.
        Further occurrences of this warning will be suppressed. {"history": "Interactive.77", "point": 17, "testname": "TRAN_VDD_PULSE", "cornername": "CMOS_RES_CAP_TEMP_15"}
[2026-05-26 09:44:34.789 Z] [WARN] [cadence.virtuoso.ade.simulationMonitor] -     WARNING (SPECTRE-17607): Assert `SOAC_rpolyh_vminuspsub' is ignored because it contains an expression which is invalid or not supported by native evaluator.  {"history": "Interactive.77", "point": 17, "testname": "TRAN_VDD_PULSE", "cornername": "CMOS_RES_CAP_TEMP_15"}
[2026-05-26 09:44:34.789 Z] [WARN] [cadence.virtuoso.ade.simulationMonitor] -     WARNING (SPECTRE-17607): Assert `SOAC_rpolyh_vpluspsub' is ignored because it contains an expression which is invalid or not supported by native evaluator.  {"history": "Interactive.77", "point": 17, "testname": "TRAN_VDD_PULSE", "cornername": "CMOS_RES_CAP_TEMP_15"}
[2026-05-26 09:44:34.789 Z] [WARN] [cadence.virtuoso.ade.simulationMonitor] -     WARNING (SPECTRE-16460): SOAC_cvarm_vspsub:Specified subcircuit master `cvarm' was not found. {"history": "Interactive.77", "point": 17, "testname": "TRAN_VDD_PULSE", "cornername": "CMOS_RES_CAP_TEMP_15"}
[2026-05-26 09:44:34.789 Z] [WARN] [cadence.virtuoso.ade.simulationMonitor] -     WARNING (SPECTRE-16462): SOAC_cvarm_vspsub:Error in specification of subcircuit master. Assert is ignored. {"history": "Interactive.77", "point": 17, "testname": "TRAN_VDD_PULSE", "cornername": "CMOS_RES_CAP_TEMP_15"}
[2026-05-26 09:44:34.789 Z] [WARN] [cadence.virtuoso.ade.simulationMonitor] -     WARNING (SPECTRE-16460): SOAC_cvarm_vbs:Specified subcircuit master `cvarm' was not found. {"history": "Interactive.77", "point": 17, "testname": "TRAN_VDD_PULSE", "cornername": "CMOS_RES_CAP_TEMP_15"}
[2026-05-26 09:44:34.789 Z] [WARN] [cadence.virtuoso.ade.simulationMonitor] -     WARNING (SPECTRE-16462): SOAC_cvarm_vbs:Error in specification of subcircuit master. Assert is ignored. {"history": "Interactive.77", "point": 17, "testname": "TRAN_VDD_PULSE", "cornername": "CMOS_RES_CAP_TEMP_15"}
[2026-05-26 09:44:34.789 Z] [WARN] [cadence.virtuoso.ade.simulationMonitor] -     WARNING (SPECTRE-16460): SOAC_cvarm_vgb:Specified subcircuit master `cvarm' was not found. {"history": "Interactive.77", "point": 17, "testname": "TRAN_VDD_PULSE", "cornername": "CMOS_RES_CAP_TEMP_15"}
[2026-05-26 09:44:34.789 Z] [WARN] [cadence.virtuoso.ade.simulationMonitor] -     WARNING (SPECTRE-16462): SOAC_cvarm_vgb:Error in specification of subcircuit master. Assert is ignored. {"history": "Interactive.77", "point": 17, "testname": "TRAN_VDD_PULSE", "cornername": "CMOS_RES_CAP_TEMP_15"}
[2026-05-26 09:44:34.789 Z] [WARN] [cadence.virtuoso.ade.simulationMonitor] -     WARNING (SPECTRE-16460): SOAC_cvart_vspsub:Specified subcircuit master `cvart' was not found. {"history": "Interactive.77", "point": 17, "testname": "TRAN_VDD_PULSE", "cornername": "CMOS_RES_CAP_TEMP_15"}
[2026-05-26 09:44:34.789 Z] [WARN] [cadence.virtuoso.ade.simulationMonitor] -     WARNING (SPECTRE-16462): SOAC_cvart_vspsub:Error in specification of subcircuit master. Assert is ignored. {"history": "Interactive.77", "point": 17, "testname": "TRAN_VDD_PULSE", "cornername": "CMOS_RES_CAP_TEMP_15"}
[2026-05-26 09:44:34.789 Z] [WARN] [cadence.virtuoso.ade.simulationMonitor] -     WARNING (SPECTRE-16460): SOAC_cvart_vbs:Specified subcircuit master `cvart' was not found.
        Further occurrences of this warning will be suppressed. {"history": "Interactive.77", "point": 17, "testname": "TRAN_VDD_PULSE", "cornername": "CMOS_RES_CAP_TEMP_15"}
[2026-05-26 09:44:34.789 Z] [WARN] [cadence.virtuoso.ade.simulationMonitor] -     WARNING (SPECTRE-16462): SOAC_cvart_vbs:Error in specification of subcircuit master. Assert is ignored.
        Further occurrences of this warning will be suppressed. {"history": "Interactive.77", "point": 17, "testname": "TRAN_VDD_PULSE", "cornername": "CMOS_RES_CAP_TEMP_15"}
[2026-05-26 09:44:34.790 Z] [WARN] [cadence.virtuoso.ade.simulationMonitor] -     WARNING (SPECTRE-17607): Assert `SOAC_cvar_vspsub' is ignored because it contains an expression which is invalid or not supported by native evaluator.  {"history": "Interactive.77", "point": 17, "testname": "TRAN_VDD_PULSE", "cornername": "CMOS_RES_CAP_TEMP_15"}
[2026-05-26 09:44:34.790 Z] [WARN] [cadence.virtuoso.ade.simulationMonitor] -     WARNING (SPECTRE-17607): Assert `SOAC_cvar_vbpsub' is ignored because it contains an expression which is invalid or not supported by native evaluator.  {"history": "Interactive.77", "point": 17, "testname": "TRAN_VDD_PULSE", "cornername": "CMOS_RES_CAP_TEMP_15"}
[2026-05-26 09:44:34.790 Z] [WARN] [cadence.virtuoso.ade.simulationMonitor] -     WARNING (SPECTRE-17607): Assert `SOAC_cvar_vgpsub' is ignored because it contains an expression which is invalid or not supported by native evaluator. 
        Further occurrences of this warning will be suppressed. {"history": "Interactive.77", "point": 17, "testname": "TRAN_VDD_PULSE", "cornername": "CMOS_RES_CAP_TEMP_15"}
[2026-05-26 09:44:35.290 Z] [INFO] [cadence.virtuoso.ade.simulationMonitor] - Notice from spectre during topology check.
    No DC path from node `net19' to ground, Gmin installed to provide path. {"history": "Interactive.77", "point": 17, "testname": "TRAN_VDD_PULSE", "cornername": "CMOS_RES_CAP_TEMP_15"}
[2026-05-26 09:44:35.290 Z] [INFO] [cadence.virtuoso.ade.simulationMonitor] - Notice from spectre during initial setup.
    Multithreading is disabled due to the size of the design being too small. {"history": "Interactive.77", "point": 17, "testname": "TRAN_VDD_PULSE", "cornername": "CMOS_RES_CAP_TEMP_15"}
[2026-05-26 09:44:35.290 Z] [INFO] [cadence.virtuoso.ade.simulationMonitor] -               nodes 784 {"history": "Interactive.77", "point": 17, "testname": "TRAN_VDD_PULSE", "cornername": "CMOS_RES_CAP_TEMP_15"}
[2026-05-26 09:44:35.290 Z] [INFO] [cadence.virtuoso.ade.simulationMonitor] - Notice from spectre during initial setup.
    4 vsources are shorted because their absolute value is less than or equal to 'vabsshort'.
    Spectre X preset=mx enabled.
    18 notices suppressed.
    154 warnings suppressed. {"history": "Interactive.77", "point": 17, "testname": "TRAN_VDD_PULSE", "cornername": "CMOS_RES_CAP_TEMP_15"}
[2026-05-26 09:44:35.290 Z] [INFO] [cadence.virtuoso.ade.simulationMonitor] - Peak resident memory used = 212 Mbytes. {"history": "Interactive.77", "point": 17, "testname": "TRAN_VDD_PULSE", "cornername": "CMOS_RES_CAP_TEMP_15"}
[2026-05-26 09:44:35.290 Z] [INFO] [cadence.virtuoso.ade.simulationMonitor] -    -   (Spectre X) Multi-threading. The recommended number of threads is 1, consider adding +mt=1 on command line. {"history": "Interactive.77", "point": 17, "testname": "TRAN_VDD_PULSE", "cornername": "CMOS_RES_CAP_TEMP_15"}
[2026-05-26 09:44:35.291 Z] [INFO] [cadence.virtuoso.ade.simulationMonitor] - Notice from spectre during DC analysis `dcOp'.
    No checklimit analysis defined for asserts. A default checklimit analysis 'SpectreChecklimitAnal' has been created with all asserts enabled. {"history": "Interactive.77", "point": 17, "testname": "TRAN_VDD_PULSE", "cornername": "CMOS_RES_CAP_TEMP_15"}
[2026-05-26 09:44:35.291 Z] [INFO] [cadence.virtuoso.ade.simulationMonitor] - Notice from spectre during DC analysis `dcOp'.
    GminDC = 1 pS is large enough to noticeably affect the DC solution.
        dV(I19.I2.C1.d1) = 1.47451 mV
        Use the `gmin_check' option to eliminate or expand this report.
    Bad pivoting is found during DC analysis. Option dc_pivot_check=yes is recommended for possible improvement of convergence. {"history": "Interactive.77", "point": 17, "testname": "TRAN_VDD_PULSE", "cornername": "CMOS_RES_CAP_TEMP_15"}
[2026-05-26 09:44:35.291 Z] [WARN] [cadence.virtuoso.ade.simulationMonitor] -     WARNING (CMI-2943): Parameter checks have been ignored because the valid value for parameter 'trise' could not be found in 'C0'. {"history": "Interactive.77", "point": 17, "testname": "TRAN_VDD_PULSE", "cornername": "CMOS_RES_CAP_TEMP_15"}
[2026-05-26 09:44:35.291 Z] [WARN] [cadence.virtuoso.ade.simulationMonitor] -     WARNING (CMI-2943): Parameter checks have been ignored because the valid value for parameter 'trise' could not be found in 'C3'. {"history": "Interactive.77", "point": 17, "testname": "TRAN_VDD_PULSE", "cornername": "CMOS_RES_CAP_TEMP_15"}
[2026-05-26 09:44:35.291 Z] [WARN] [cadence.virtuoso.ade.simulationMonitor] -     WARNING (CMI-2943): Parameter checks have been ignored because the valid value for parameter 'trise' could not be found in 'C4'. {"history": "Interactive.77", "point": 17, "testname": "TRAN_VDD_PULSE", "cornername": "CMOS_RES_CAP_TEMP_15"}
[2026-05-26 09:44:35.291 Z] [WARN] [cadence.virtuoso.ade.simulationMonitor] -     WARNING (CMI-2943): Parameter checks have been ignored because the valid value for parameter 'trise' could not be found in 'C5'. {"history": "Interactive.77", "point": 17, "testname": "TRAN_VDD_PULSE", "cornername": "CMOS_RES_CAP_TEMP_15"}
[2026-05-26 09:44:35.291 Z] [WARN] [cadence.virtuoso.ade.simulationMonitor] -     WARNING (CMI-2943): Parameter checks have been ignored because the valid value for parameter 'trise' could not be found in 'I19.I4.C9<0>_turbo_m6.C1'.
        Further occurrences of this warning will be suppressed. {"history": "Interactive.77", "point": 17, "testname": "TRAN_VDD_PULSE", "cornername": "CMOS_RES_CAP_TEMP_15"}
[2026-05-26 09:44:35.291 Z] [INFO] [cadence.virtuoso.ade.simulationMonitor] - Total time required for dc analysis `dcOp': CPU = 55.903 ms, elapsed = 73.405 ms, util. = 76.2%. {"history": "Interactive.77", "point": 17, "testname": "TRAN_VDD_PULSE", "cornername": "CMOS_RES_CAP_TEMP_15"}
[2026-05-26 09:44:35.291 Z] [INFO] [cadence.virtuoso.ade.simulationMonitor] - Peak resident memory used = 222 Mbytes. {"history": "Interactive.77", "point": 17, "testname": "TRAN_VDD_PULSE", "cornername": "CMOS_RES_CAP_TEMP_15"}
[2026-05-26 09:44:35.291 Z] [INFO] [cadence.virtuoso.ade.simulationMonitor] - Notice from spectre.
    246 warnings suppressed. {"history": "Interactive.77", "point": 17, "testname": "TRAN_VDD_PULSE", "cornername": "CMOS_RES_CAP_TEMP_15"}
[2026-05-26 09:44:35.291 Z] [INFO] [cadence.virtuoso.ade.simulationMonitor] - Notice from spectre during IC analysis, during transient analysis `tran'.
    GminDC = 1 pS is large enough to noticeably affect the DC solution.
        dV(I19.I2.C1.d1) = 1.47451 mV
        Use the `gmin_check' option to eliminate or expand this report. {"history": "Interactive.77", "point": 17, "testname": "TRAN_VDD_PULSE", "cornername": "CMOS_RES_CAP_TEMP_15"}
[2026-05-26 09:44:35.291 Z] [WARN] [cadence.virtuoso.ade.simulationMonitor] -     WARNING (CMI-2943): Parameter checks have been ignored because the valid value for parameter 'trise' could not be found in 'C0'. {"history": "Interactive.77", "point": 17, "testname": "TRAN_VDD_PULSE", "cornername": "CMOS_RES_CAP_TEMP_15"}
[2026-05-26 09:44:35.291 Z] [WARN] [cadence.virtuoso.ade.simulationMonitor] -     WARNING (CMI-2943): Parameter checks have been ignored because the valid value for parameter 'trise' could not be found in 'C3'. {"history": "Interactive.77", "point": 17, "testname": "TRAN_VDD_PULSE", "cornername": "CMOS_RES_CAP_TEMP_15"}
[2026-05-26 09:44:35.291 Z] [WARN] [cadence.virtuoso.ade.simulationMonitor] -     WARNING (CMI-2943): Parameter checks have been ignored because the valid value for parameter 'trise' could not be found in 'C4'. {"history": "Interactive.77", "point": 17, "testname": "TRAN_VDD_PULSE", "cornername": "CMOS_RES_CAP_TEMP_15"}
[2026-05-26 09:44:35.291 Z] [WARN] [cadence.virtuoso.ade.simulationMonitor] -     WARNING (CMI-2943): Parameter checks have been ignored because the valid value for parameter 'trise' could not be found in 'C5'. {"history": "Interactive.77", "point": 17, "testname": "TRAN_VDD_PULSE", "cornername": "CMOS_RES_CAP_TEMP_15"}
[2026-05-26 09:44:35.291 Z] [WARN] [cadence.virtuoso.ade.simulationMonitor] -     WARNING (CMI-2943): Parameter checks have been ignored because the valid value for parameter 'trise' could not be found in 'I19.I4.C9<0>_turbo_m6.C1'.
        Further occurrences of this warning will be suppressed. {"history": "Interactive.77", "point": 17, "testname": "TRAN_VDD_PULSE", "cornername": "CMOS_RES_CAP_TEMP_15"}
[2026-05-26 09:44:35.292 Z] [INFO] [cadence.virtuoso.ade.simulationMonitor] - Notice from spectre during transient analysis `tran'.
    Multithreading is disabled due to the size of the design being too small. {"history": "Interactive.77", "point": 17, "testname": "TRAN_VDD_PULSE", "cornername": "CMOS_RES_CAP_TEMP_15"}
[2026-05-26 09:46:01.815 Z] [INFO] [cadence.virtuoso.ade.simulationMonitor] - Total time required for tran analysis `tran': CPU = 86.1501 s (1m  26.2s), elapsed = 86.5224 s (1m  26.5s), util. = 99.6%. {"history": "Interactive.77", "point": 17, "testname": "TRAN_VDD_PULSE", "cornername": "CMOS_RES_CAP_TEMP_15"}
[2026-05-26 09:46:01.815 Z] [INFO] [cadence.virtuoso.ade.simulationMonitor] - Peak resident memory used = 229 Mbytes. {"history": "Interactive.77", "point": 17, "testname": "TRAN_VDD_PULSE", "cornername": "CMOS_RES_CAP_TEMP_15"}
[2026-05-26 09:46:01.815 Z] [INFO] [cadence.virtuoso.ade.simulationMonitor] - Notice from spectre.
    246 warnings suppressed. {"history": "Interactive.77", "point": 17, "testname": "TRAN_VDD_PULSE", "cornername": "CMOS_RES_CAP_TEMP_15"}
[2026-05-26 09:46:01.815 Z] [WARN] [cadence.virtuoso.ade.simulationMonitor] -     WARNING (CMI-2425): I19.I2.C1: `Acde' = 2.393 is unusually large. {"history": "Interactive.77", "point": 17, "testname": "TRAN_VDD_PULSE", "cornername": "CMOS_RES_CAP_TEMP_15"}
[2026-05-26 09:46:01.815 Z] [WARN] [cadence.virtuoso.ade.simulationMonitor] -     WARNING (CMI-2425): I19.I2.C1: `Noff' = 4.732 is unusually large. {"history": "Interactive.77", "point": 17, "testname": "TRAN_VDD_PULSE", "cornername": "CMOS_RES_CAP_TEMP_15"}
[2026-05-26 09:46:01.815 Z] [WARN] [cadence.virtuoso.ade.simulationMonitor] -     WARNING (CMI-2424): I19.I2.C1: `Voffcv' = -867.4e-03 is unusually small. {"history": "Interactive.77", "point": 17, "testname": "TRAN_VDD_PULSE", "cornername": "CMOS_RES_CAP_TEMP_15"}
[2026-05-26 09:46:01.815 Z] [WARN] [cadence.virtuoso.ade.simulationMonitor] -     WARNING (CMI-2425): I19.I8.C0: `Acde' = 2.393 is unusually large. {"history": "Interactive.77", "point": 17, "testname": "TRAN_VDD_PULSE", "cornername": "CMOS_RES_CAP_TEMP_15"}
[2026-05-26 09:46:01.815 Z] [WARN] [cadence.virtuoso.ade.simulationMonitor] -     WARNING (CMI-2425): I19.I8.C0: `Noff' = 4.732 is unusually large. {"history": "Interactive.77", "point": 17, "testname": "TRAN_VDD_PULSE", "cornername": "CMOS_RES_CAP_TEMP_15"}
[2026-05-26 09:46:01.815 Z] [WARN] [cadence.virtuoso.ade.simulationMonitor] -     WARNING (CMI-2424): I19.I8.C0: `Voffcv' = -867.4e-03 is unusually small. {"history": "Interactive.77", "point": 17, "testname": "TRAN_VDD_PULSE", "cornername": "CMOS_RES_CAP_TEMP_15"}
[2026-05-26 09:46:01.815 Z] [WARN] [cadence.virtuoso.ade.simulationMonitor] -     WARNING (CMI-2425): I19.I8.C1: `Acde' = 2.393 is unusually large.
        Further occurrences of this warning will be suppressed. {"history": "Interactive.77", "point": 17, "testname": "TRAN_VDD_PULSE", "cornername": "CMOS_RES_CAP_TEMP_15"}
[2026-05-26 09:46:01.815 Z] [WARN] [cadence.virtuoso.ade.simulationMonitor] -     WARNING (CMI-2424): I19.I8.C1: `Voffcv' = -867.4e-03 is unusually small. {"history": "Interactive.77", "point": 17, "testname": "TRAN_VDD_PULSE", "cornername": "CMOS_RES_CAP_TEMP_15"}
[2026-05-26 09:46:01.815 Z] [WARN] [cadence.virtuoso.ade.simulationMonitor] -     WARNING (CMI-2424): I19.I14.C1: `Voffcv' = -867.4e-03 is unusually small. {"history": "Interactive.77", "point": 17, "testname": "TRAN_VDD_PULSE", "cornername": "CMOS_RES_CAP_TEMP_15"}
[2026-05-26 09:46:01.815 Z] [WARN] [cadence.virtuoso.ade.simulationMonitor] -     WARNING (CMI-2424): I19.I14.C4: `Voffcv' = -867.4e-03 is unusually small.
        Further occurrences of this warning will be suppressed. {"history": "Interactive.77", "point": 17, "testname": "TRAN_VDD_PULSE", "cornername": "CMOS_RES_CAP_TEMP_15"}
[2026-05-26 09:46:01.815 Z] [INFO] [cadence.virtuoso.ade.simulationMonitor] - Notice from spectre.
    56 warnings suppressed. {"history": "Interactive.77", "point": 17, "testname": "TRAN_VDD_PULSE", "cornername": "CMOS_RES_CAP_TEMP_15"}
[2026-05-26 09:46:01.816 Z] [WARN] [cadence.virtuoso.ade.simulationMonitor] -     WARNING (CMI-2425): I19.I2.C1: `Acde' = 2.393 is unusually large. {"history": "Interactive.77", "point": 17, "testname": "TRAN_VDD_PULSE", "cornername": "CMOS_RES_CAP_TEMP_15"}
[2026-05-26 09:46:01.816 Z] [WARN] [cadence.virtuoso.ade.simulationMonitor] -     WARNING (CMI-2425): I19.I2.C1: `Noff' = 4.732 is unusually large. {"history": "Interactive.77", "point": 17, "testname": "TRAN_VDD_PULSE", "cornername": "CMOS_RES_CAP_TEMP_15"}
[2026-05-26 09:46:01.816 Z] [WARN] [cadence.virtuoso.ade.simulationMonitor] -     WARNING (CMI-2424): I19.I2.C1: `Voffcv' = -867.4e-03 is unusually small. {"history": "Interactive.77", "point": 17, "testname": "TRAN_VDD_PULSE", "cornername": "CMOS_RES_CAP_TEMP_15"}
[2026-05-26 09:46:01.816 Z] [WARN] [cadence.virtuoso.ade.simulationMonitor] -     WARNING (CMI-2425): I19.I8.C0: `Acde' = 2.393 is unusually large. {"history": "Interactive.77", "point": 17, "testname": "TRAN_VDD_PULSE", "cornername": "CMOS_RES_CAP_TEMP_15"}
[2026-05-26 09:46:01.816 Z] [WARN] [cadence.virtuoso.ade.simulationMonitor] -     WARNING (CMI-2425): I19.I8.C0: `Noff' = 4.732 is unusually large. {"history": "Interactive.77", "point": 17, "testname": "TRAN_VDD_PULSE", "cornername": "CMOS_RES_CAP_TEMP_15"}
[2026-05-26 09:46:01.816 Z] [WARN] [cadence.virtuoso.ade.simulationMonitor] -     WARNING (CMI-2424): I19.I8.C0: `Voffcv' = -867.4e-03 is unusually small. {"history": "Interactive.77", "point": 17, "testname": "TRAN_VDD_PULSE", "cornername": "CMOS_RES_CAP_TEMP_15"}
[2026-05-26 09:46:01.816 Z] [WARN] [cadence.virtuoso.ade.simulationMonitor] -     WARNING (CMI-2425): I19.I8.C1: `Acde' = 2.393 is unusually large.
        Further occurrences of this warning will be suppressed. {"history": "Interactive.77", "point": 17, "testname": "TRAN_VDD_PULSE", "cornername": "CMOS_RES_CAP_TEMP_15"}
[2026-05-26 09:46:01.816 Z] [WARN] [cadence.virtuoso.ade.simulationMonitor] -     WARNING (CMI-2424): I19.I8.C1: `Voffcv' = -867.4e-03 is unusually small. {"history": "Interactive.77", "point": 17, "testname": "TRAN_VDD_PULSE", "cornername": "CMOS_RES_CAP_TEMP_15"}
[2026-05-26 09:46:01.816 Z] [WARN] [cadence.virtuoso.ade.simulationMonitor] -     WARNING (CMI-2424): I19.I14.C1: `Voffcv' = -867.4e-03 is unusually small. {"history": "Interactive.77", "point": 17, "testname": "TRAN_VDD_PULSE", "cornername": "CMOS_RES_CAP_TEMP_15"}
[2026-05-26 09:46:01.816 Z] [WARN] [cadence.virtuoso.ade.simulationMonitor] -     WARNING (CMI-2424): I19.I14.C4: `Voffcv' = -867.4e-03 is unusually small.
        Further occurrences of this warning will be suppressed. {"history": "Interactive.77", "point": 17, "testname": "TRAN_VDD_PULSE", "cornername": "CMOS_RES_CAP_TEMP_15"}
[2026-05-26 09:46:01.816 Z] [INFO] [cadence.virtuoso.ade.simulationMonitor] - Notice from spectre.
    59 warnings suppressed. {"history": "Interactive.77", "point": 17, "testname": "TRAN_VDD_PULSE", "cornername": "CMOS_RES_CAP_TEMP_15"}
[2026-05-26 09:46:01.816 Z] [WARN] [cadence.virtuoso.ade.simulationMonitor] -     WARNING (CMI-2425): I19.I2.C1: `Acde' = 2.393 is unusually large. {"history": "Interactive.77", "point": 17, "testname": "TRAN_VDD_PULSE", "cornername": "CMOS_RES_CAP_TEMP_15"}
[2026-05-26 09:46:01.816 Z] [WARN] [cadence.virtuoso.ade.simulationMonitor] -     WARNING (CMI-2425): I19.I2.C1: `Noff' = 4.732 is unusually large. {"history": "Interactive.77", "point": 17, "testname": "TRAN_VDD_PULSE", "cornername": "CMOS_RES_CAP_TEMP_15"}
[2026-05-26 09:46:01.816 Z] [WARN] [cadence.virtuoso.ade.simulationMonitor] -     WARNING (CMI-2424): I19.I2.C1: `Voffcv' = -867.4e-03 is unusually small. {"history": "Interactive.77", "point": 17, "testname": "TRAN_VDD_PULSE", "cornername": "CMOS_RES_CAP_TEMP_15"}
[2026-05-26 09:46:01.816 Z] [WARN] [cadence.virtuoso.ade.simulationMonitor] -     WARNING (CMI-2425): I19.I8.C0: `Acde' = 2.393 is unusually large. {"history": "Interactive.77", "point": 17, "testname": "TRAN_VDD_PULSE", "cornername": "CMOS_RES_CAP_TEMP_15"}
[2026-05-26 09:46:01.816 Z] [WARN] [cadence.virtuoso.ade.simulationMonitor] -     WARNING (CMI-2425): I19.I8.C0: `Noff' = 4.732 is unusually large. {"history": "Interactive.77", "point": 17, "testname": "TRAN_VDD_PULSE", "cornername": "CMOS_RES_CAP_TEMP_15"}
[2026-05-26 09:46:01.816 Z] [WARN] [cadence.virtuoso.ade.simulationMonitor] -     WARNING (CMI-2424): I19.I8.C0: `Voffcv' = -867.4e-03 is unusually small. {"history": "Interactive.77", "point": 17, "testname": "TRAN_VDD_PULSE", "cornername": "CMOS_RES_CAP_TEMP_15"}
[2026-05-26 09:46:01.816 Z] [WARN] [cadence.virtuoso.ade.simulationMonitor] -     WARNING (CMI-2425): I19.I8.C1: `Acde' = 2.393 is unusually large.
        Further occurrences of this warning will be suppressed. {"history": "Interactive.77", "point": 17, "testname": "TRAN_VDD_PULSE", "cornername": "CMOS_RES_CAP_TEMP_15"}
[2026-05-26 09:46:01.816 Z] [WARN] [cadence.virtuoso.ade.simulationMonitor] -     WARNING (CMI-2424): I19.I8.C1: `Voffcv' = -867.4e-03 is unusually small. {"history": "Interactive.77", "point": 17, "testname": "TRAN_VDD_PULSE", "cornername": "CMOS_RES_CAP_TEMP_15"}
[2026-05-26 09:46:01.816 Z] [WARN] [cadence.virtuoso.ade.simulationMonitor] -     WARNING (CMI-2424): I19.I14.C1: `Voffcv' = -867.4e-03 is unusually small. {"history": "Interactive.77", "point": 17, "testname": "TRAN_VDD_PULSE", "cornername": "CMOS_RES_CAP_TEMP_15"}
[2026-05-26 09:46:01.817 Z] [WARN] [cadence.virtuoso.ade.simulationMonitor] -     WARNING (CMI-2424): I19.I14.C4: `Voffcv' = -867.4e-03 is unusually small.
        Further occurrences of this warning will be suppressed. {"history": "Interactive.77", "point": 17, "testname": "TRAN_VDD_PULSE", "cornername": "CMOS_RES_CAP_TEMP_15"}
[2026-05-26 09:46:01.817 Z] [INFO] [cadence.virtuoso.ade.simulationMonitor] - Notice from spectre.
    56 warnings suppressed. {"history": "Interactive.77", "point": 17, "testname": "TRAN_VDD_PULSE", "cornername": "CMOS_RES_CAP_TEMP_15"}
[2026-05-26 09:46:01.817 Z] [WARN] [cadence.virtuoso.ade.simulationMonitor] -     WARNING (CMI-2425): I19.I2.C1: `Acde' = 2.393 is unusually large. {"history": "Interactive.77", "point": 17, "testname": "TRAN_VDD_PULSE", "cornername": "CMOS_RES_CAP_TEMP_15"}
[2026-05-26 09:46:01.817 Z] [WARN] [cadence.virtuoso.ade.simulationMonitor] -     WARNING (CMI-2425): I19.I2.C1: `Noff' = 4.732 is unusually large. {"history": "Interactive.77", "point": 17, "testname": "TRAN_VDD_PULSE", "cornername": "CMOS_RES_CAP_TEMP_15"}
[2026-05-26 09:46:01.817 Z] [WARN] [cadence.virtuoso.ade.simulationMonitor] -     WARNING (CMI-2424): I19.I2.C1: `Voffcv' = -867.4e-03 is unusually small. {"history": "Interactive.77", "point": 17, "testname": "TRAN_VDD_PULSE", "cornername": "CMOS_RES_CAP_TEMP_15"}
[2026-05-26 09:46:01.817 Z] [WARN] [cadence.virtuoso.ade.simulationMonitor] -     WARNING (CMI-2425): I19.I8.C0: `Acde' = 2.393 is unusually large. {"history": "Interactive.77", "point": 17, "testname": "TRAN_VDD_PULSE", "cornername": "CMOS_RES_CAP_TEMP_15"}
[2026-05-26 09:46:01.817 Z] [WARN] [cadence.virtuoso.ade.simulationMonitor] -     WARNING (CMI-2425): I19.I8.C0: `Noff' = 4.732 is unusually large. {"history": "Interactive.77", "point": 17, "testname": "TRAN_VDD_PULSE", "cornername": "CMOS_RES_CAP_TEMP_15"}
[2026-05-26 09:46:01.817 Z] [WARN] [cadence.virtuoso.ade.simulationMonitor] -     WARNING (CMI-2424): I19.I8.C0: `Voffcv' = -867.4e-03 is unusually small. {"history": "Interactive.77", "point": 17, "testname": "TRAN_VDD_PULSE", "cornername": "CMOS_RES_CAP_TEMP_15"}
[2026-05-26 09:46:01.817 Z] [WARN] [cadence.virtuoso.ade.simulationMonitor] -     WARNING (CMI-2425): I19.I8.C1: `Acde' = 2.393 is unusually large.
        Further occurrences of this warning will be suppressed. {"history": "Interactive.77", "point": 17, "testname": "TRAN_VDD_PULSE", "cornername": "CMOS_RES_CAP_TEMP_15"}
[2026-05-26 09:46:01.817 Z] [WARN] [cadence.virtuoso.ade.simulationMonitor] -     WARNING (CMI-2424): I19.I8.C1: `Voffcv' = -867.4e-03 is unusually small. {"history": "Interactive.77", "point": 17, "testname": "TRAN_VDD_PULSE", "cornername": "CMOS_RES_CAP_TEMP_15"}
[2026-05-26 09:46:01.817 Z] [WARN] [cadence.virtuoso.ade.simulationMonitor] -     WARNING (CMI-2424): I19.I14.C1: `Voffcv' = -867.4e-03 is unusually small. {"history": "Interactive.77", "point": 17, "testname": "TRAN_VDD_PULSE", "cornername": "CMOS_RES_CAP_TEMP_15"}
[2026-05-26 09:46:01.817 Z] [WARN] [cadence.virtuoso.ade.simulationMonitor] -     WARNING (CMI-2424): I19.I14.C4: `Voffcv' = -867.4e-03 is unusually small.
        Further occurrences of this warning will be suppressed. {"history": "Interactive.77", "point": 17, "testname": "TRAN_VDD_PULSE", "cornername": "CMOS_RES_CAP_TEMP_15"}
[2026-05-26 09:46:01.817 Z] [INFO] [cadence.virtuoso.ade.simulationMonitor] - Notice from spectre.
    56 warnings suppressed. {"history": "Interactive.77", "point": 17, "testname": "TRAN_VDD_PULSE", "cornername": "CMOS_RES_CAP_TEMP_15"}
[2026-05-26 09:46:01.817 Z] [INFO] [cadence.virtuoso.ade.simulationMonitor] - Time used: CPU = 86.6 s (1m  26.6s), elapsed = 87.2 s (1m  27.2s), util. = 99.2%. {"history": "Interactive.77", "point": 17, "testname": "TRAN_VDD_PULSE", "cornername": "CMOS_RES_CAP_TEMP_15"}
[2026-05-26 09:46:01.817 Z] [INFO] [cadence.virtuoso.ade.simulationMonitor] - Time spent in licensing: elapsed = 38.9 ms. {"history": "Interactive.77", "point": 17, "testname": "TRAN_VDD_PULSE", "cornername": "CMOS_RES_CAP_TEMP_15"}
[2026-05-26 09:46:01.817 Z] [INFO] [cadence.virtuoso.ade.simulationMonitor] - Peak memory used = 230 Mbytes. {"history": "Interactive.77", "point": 17, "testname": "TRAN_VDD_PULSE", "cornername": "CMOS_RES_CAP_TEMP_15"}
[2026-05-26 09:46:01.817 Z] [PROCESS] [cadence.virtuoso.ade.simulationMonitor] - Simulation started at: 9:44:34 AM, Tue May 26, 2026, ended at: 9:46:01 AM, Tue May 26, 2026, with elapsed time (wall clock): 87.2 s (1m  27.2s). {"history": "Interactive.77", "point": 17, "testname": "TRAN_VDD_PULSE", "cornername": "CMOS_RES_CAP_TEMP_15"}
[2026-05-26 09:46:01.818 Z] [PROCESS] [cadence.virtuoso.ade.simulationMonitor] - spectre completes with 0 errors, 96 warnings, and 32 notices. {"history": "Interactive.77", "point": 17, "testname": "TRAN_VDD_PULSE", "cornername": "CMOS_RES_CAP_TEMP_15"}
[2026-05-26 09:46:01.818 Z] [PROCESS] [cadence.virtuoso.ade.simulationMonitor] - Finished simulating for one point {"hostname": "edatools", "processid": 247514, "history": "Interactive.77", "testname": "TRAN_VDD_PULSE", "cornername": "CMOS_RES_CAP_TEMP_15", "point": 17, "logfile": "/home/saul/projects/IL2244_VT26_SAUL/logs_saul/logs0/Job48.log", "simid": "3"}
[2026-05-26 09:46:01.818 Z] [PROCESS] [cadence.virtuoso.ade.simulationMonitor] - Simulator exited {"hostname": "edatools", "processid": 247514, "history": "Interactive.77", "testname": "TRAN_VDD_PULSE", "cornername": "CMOS_RES_CAP_TEMP_15", "point": 17, "logfile": "/home/saul/projects/IL2244_VT26_SAUL/logs_saul/logs0/Job48.log", "exitStatus": "0"}
[2026-05-26 09:46:01.818 Z] [PROCESS] [cadence.virtuoso.ade.simulationMonitor] - Finished Simulation {"hostname": "edatools", "processid": 247514, "history": "Interactive.77", "testname": "TRAN_VDD_PULSE", "cornername": "CMOS_RES_CAP_TEMP_15", "point": 17, "logfile": "/home/saul/projects/IL2244_VT26_SAUL/logs_saul/logs0/Job48.log", "simid": "3"}
[2026-05-26 09:46:03.323 Z] [PROCESS] [cadence.virtuoso.ade.simulationMonitor] - Point Finished {"hostname": "edatools", "processid": 247514, "history": "Interactive.77", "testname": "TRAN_VDD_PULSE", "cornername": "CMOS_RES_CAP_TEMP_15", "point": 17, "logfile": "/home/saul/projects/IL2244_VT26_SAUL/logs_saul/logs0/Job48.log"}
[2026-05-26 09:46:03.324 Z] [PROCESS] [cadence.virtuoso.ade.simulationMonitor] - HostInfo:
Host name (type):	edatools (x86_64)
Operating system:	Linux 6.17.0-29-generic #29~24.04.1-Ubuntu SMP PREEMPT_DYNAMIC Mon May 11 10:30:58 UTC 2 {"hostname": "edatools", "processid": 247514, "history": "Interactive.77", "testname": "TRAN_VDD_PULSE", "cornername": "CMOS_RES_CAP_TEMP_15", "point": 17, "logfile": "/home/saul/projects/IL2244_VT26_SAUL/logs_saul/logs0/Job48.log", "nodename": "edatools", "domainname": "(none)", "machine": "x86_64", "sysname": "Linux", "release": "6.17.0-29-generic", "version": "#29~24.04.1-Ubuntu SMP PREEMPT_DYNAMIC Mon May 11 10:30:58 UTC 2"}
[2026-05-26 09:46:03.324 Z] [PROCESS] [cadence.virtuoso.ade.simulationMonitor] - UsageInfo:
pid=247514
totalPhysicalMemory=62.544987GB,Used=44.188717GB,totalVirtualMemory=70.544983GB,Used=44.188717GB
Cpu: Cores=16, Load average:6.080000,3.770000,1.690000 {"hostname": "edatools", "processid": 247514, "history": "Interactive.77", "testname": "TRAN_VDD_PULSE", "cornername": "CMOS_RES_CAP_TEMP_15", "point": 17, "logfile": "/home/saul/projects/IL2244_VT26_SAUL/logs_saul/logs0/Job48.log", "pid": "247514", "totalPhysicalMemory": "62.544987", "physicalMemoryUsed": "44.188717", "totalVirtualMemory": "70.544983", "virtualMemoryUsed": "44.188717", "cpuCores": "16", "processes": "1657", "loadAverage1": "6.080000", "loadAverage5": "3.770000", "loadAverage15": "1.690000", "loadAverage1Percent": "0.380000"}
[2026-05-26 09:46:03.324 Z] [EVENT] [cadence.virtuoso.ade.simulationMonitor] - NewPoint {"history": "Interactive.77", "point": 20, "testname": "TRAN_VDD_PULSE", "cornername": "CMOS_RES_CAP_TEMP_18", "event": "NewPoint", "EventSource": "Simulation Monitor", "HistoryName": "Interactive.77", "logFile": "/home/saul/projects/IL2244_VT26_SAUL/logs_saul/logs0/Job48.log", "logFileSize": "128764"}
[2026-05-26 09:46:03.425 Z] [EVENT] [cadence.virtuoso.ade.simulationMonitor] - NewPoint {"history": "Interactive.77", "point": 20, "testname": "TRAN_VDD_PULSE", "cornername": "CMOS_RES_CAP_TEMP_18", "event": "NewPoint", "EventSource": "spectre", "HistoryName": "Interactive.77", "logFile": "/home/saul/projects/IL2244_VT26_SAUL/Sim/FECG/fecg_front_end_tran_tb/maestro/results/maestro/Interactive.77/20/TRAN_VDD_PULSE/psf/spectre.out", "logFileSize": "-1"}
[2026-05-26 09:46:03.428 Z] [PROCESS] [cadence.virtuoso.ade.simulationMonitor] - Simulator launched {"hostname": "edatools", "processid": 247514, "history": "Interactive.77", "testname": "TRAN_VDD_PULSE", "cornername": "CMOS_RES_CAP_TEMP_18", "point": 20, "logfile": "/home/saul/projects/IL2244_VT26_SAUL/logs_saul/logs0/Job48.log", "simid": "4"}
[2026-05-26 09:46:03.441 Z] [PROCESS] [cadence.virtuoso.ade.simulationMonitor] - Started Simulation {"hostname": "edatools", "processid": 247514, "history": "Interactive.77", "testname": "TRAN_VDD_PULSE", "cornername": "CMOS_RES_CAP_TEMP_18", "point": 20, "logfile": "/home/saul/projects/IL2244_VT26_SAUL/logs_saul/logs0/Job48.log", "event": "started", "task": "simulation"}
[2026-05-26 09:46:03.941 Z] [INFO] [cadence.virtuoso.ade.simulationMonitor] - Notice from spectre during circuit read-in.
    Pre_Configuration file used: /opt/tools/cadence/installs/SPECTRE241/tools.lnx86/spectre/etc/configs/preset.precfg
    Configuration file used: `/opt/tools/cadence/installs/SPECTRE241/tools.lnx86/spectre/etc/configs/preset.cfg'. {"history": "Interactive.77", "point": 20, "testname": "TRAN_VDD_PULSE", "cornername": "CMOS_RES_CAP_TEMP_18"}
[2026-05-26 09:46:03.941 Z] [WARN] [cadence.virtuoso.ade.simulationMonitor] -     WARNING (SPECTRE-8360): line 1511: `ac' is an undefined primitive device. {"history": "Interactive.77", "point": 20, "testname": "TRAN_VDD_PULSE", "cornername": "CMOS_RES_CAP_TEMP_18"}
[2026-05-26 09:46:03.941 Z] [WARN] [cadence.virtuoso.ade.simulationMonitor] -     WARNING (SPECTRE-8360): line 1512: `ac' is an undefined primitive device. {"history": "Interactive.77", "point": 20, "testname": "TRAN_VDD_PULSE", "cornername": "CMOS_RES_CAP_TEMP_18"}
[2026-05-26 09:46:03.941 Z] [WARN] [cadence.virtuoso.ade.simulationMonitor] -     WARNING (SPECTRE-8360): line 1513: `ac' is an undefined primitive device. {"history": "Interactive.77", "point": 20, "testname": "TRAN_VDD_PULSE", "cornername": "CMOS_RES_CAP_TEMP_18"}
[2026-05-26 09:46:03.941 Z] [WARN] [cadence.virtuoso.ade.simulationMonitor] -     WARNING (SPECTRE-8360): line 1514: `ac' is an undefined primitive device. {"history": "Interactive.77", "point": 20, "testname": "TRAN_VDD_PULSE", "cornername": "CMOS_RES_CAP_TEMP_18"}
[2026-05-26 09:46:03.941 Z] [WARN] [cadence.virtuoso.ade.simulationMonitor] -     WARNING (SPECTRE-8360): line 1515: `ac' is an undefined primitive device.
        Further occurrences of this warning will be suppressed. {"history": "Interactive.77", "point": 20, "testname": "TRAN_VDD_PULSE", "cornername": "CMOS_RES_CAP_TEMP_18"}
[2026-05-26 09:46:03.942 Z] [INFO] [cadence.virtuoso.ade.simulationMonitor] - Peak resident memory used = 173 Mbytes. {"history": "Interactive.77", "point": 20, "testname": "TRAN_VDD_PULSE", "cornername": "CMOS_RES_CAP_TEMP_18"}
[2026-05-26 09:46:03.942 Z] [WARN] [cadence.virtuoso.ade.simulationMonitor] -     WARNING (VACOMP-2435): The environment variable CDS_AHDLCMI_ENABLE is no longer supported. Therefore, the simulator will use the default compiled C code flow. {"history": "Interactive.77", "point": 20, "testname": "TRAN_VDD_PULSE", "cornername": "CMOS_RES_CAP_TEMP_18"}
[2026-05-26 09:46:03.942 Z] [WARN] [cadence.virtuoso.ade.simulationMonitor] -     WARNING (SFE-3014): The floating device I19.I0.I5.MN14<0>_turbo_m4 is removed. {"history": "Interactive.77", "point": 20, "testname": "TRAN_VDD_PULSE", "cornername": "CMOS_RES_CAP_TEMP_18"}
[2026-05-26 09:46:03.942 Z] [WARN] [cadence.virtuoso.ade.simulationMonitor] -     WARNING (SFE-3012): The dummy device I19.I4.MP16<0>_turbo_m41 is removed. {"history": "Interactive.77", "point": 20, "testname": "TRAN_VDD_PULSE", "cornername": "CMOS_RES_CAP_TEMP_18"}
[2026-05-26 09:46:03.942 Z] [WARN] [cadence.virtuoso.ade.simulationMonitor] -     WARNING (SFE-3014): The floating device I19.I8.MN57<0>_turbo_m28 is removed. {"history": "Interactive.77", "point": 20, "testname": "TRAN_VDD_PULSE", "cornername": "CMOS_RES_CAP_TEMP_18"}
[2026-05-26 09:46:03.942 Z] [WARN] [cadence.virtuoso.ade.simulationMonitor] -     WARNING (SFE-3012): The dummy device I19.I14.MP13<0>_turbo_m4 is removed. {"history": "Interactive.77", "point": 20, "testname": "TRAN_VDD_PULSE", "cornername": "CMOS_RES_CAP_TEMP_18"}
[2026-05-26 09:46:03.942 Z] [WARN] [cadence.virtuoso.ade.simulationMonitor] -     WARNING (SFE-3031): The floating capacitor I19.I12.C10<0>_turbo_m12.C1 is removed. {"history": "Interactive.77", "point": 20, "testname": "TRAN_VDD_PULSE", "cornername": "CMOS_RES_CAP_TEMP_18"}
[2026-05-26 09:46:03.942 Z] [WARN] [cadence.virtuoso.ade.simulationMonitor] -     WARNING (SFE-3014): The floating device I19.I2.MN37<0>_turbo_m4 is removed. {"history": "Interactive.77", "point": 20, "testname": "TRAN_VDD_PULSE", "cornername": "CMOS_RES_CAP_TEMP_18"}
[2026-05-26 09:46:03.942 Z] [WARN] [cadence.virtuoso.ade.simulationMonitor] -     WARNING (SFE-3012): The dummy device I19.I0.I5.MP12<0>_turbo_m2 is removed. {"history": "Interactive.77", "point": 20, "testname": "TRAN_VDD_PULSE", "cornername": "CMOS_RES_CAP_TEMP_18"}
[2026-05-26 09:46:03.942 Z] [WARN] [cadence.virtuoso.ade.simulationMonitor] -     WARNING (SFE-3014): The floating device I19.I0.MN13<0>_turbo_m4 is removed. {"history": "Interactive.77", "point": 20, "testname": "TRAN_VDD_PULSE", "cornername": "CMOS_RES_CAP_TEMP_18"}
[2026-05-26 09:46:03.942 Z] [WARN] [cadence.virtuoso.ade.simulationMonitor] -     WARNING (SFE-3012): The dummy device I19.I0.I3.MP13<0>_turbo_m4 is removed. {"history": "Interactive.77", "point": 20, "testname": "TRAN_VDD_PULSE", "cornername": "CMOS_RES_CAP_TEMP_18"}
[2026-05-26 09:46:03.942 Z] [WARN] [cadence.virtuoso.ade.simulationMonitor] -     WARNING (SFE-3031): The floating capacitor I19.I12.C6<0>_turbo_m3.C1 is removed. {"history": "Interactive.77", "point": 20, "testname": "TRAN_VDD_PULSE", "cornername": "CMOS_RES_CAP_TEMP_18"}
[2026-05-26 09:46:03.942 Z] [WARN] [cadence.virtuoso.ade.simulationMonitor] -     WARNING (SFE-3012): The dummy device I19.I0.MP11<0>_turbo_m4 is removed.
        Further occurrences of this warning will be suppressed. {"history": "Interactive.77", "point": 20, "testname": "TRAN_VDD_PULSE", "cornername": "CMOS_RES_CAP_TEMP_18"}
[2026-05-26 09:46:03.942 Z] [WARN] [cadence.virtuoso.ade.simulationMonitor] -     WARNING (SFE-3031): The floating capacitor I19.I11.C7<0>_turbo_m3.C1 is removed. {"history": "Interactive.77", "point": 20, "testname": "TRAN_VDD_PULSE", "cornername": "CMOS_RES_CAP_TEMP_18"}
[2026-05-26 09:46:03.942 Z] [WARN] [cadence.virtuoso.ade.simulationMonitor] -     WARNING (SFE-3014): The floating device I19.I12.MN57<0>_turbo_m28 is removed.
        Further occurrences of this warning will be suppressed. {"history": "Interactive.77", "point": 20, "testname": "TRAN_VDD_PULSE", "cornername": "CMOS_RES_CAP_TEMP_18"}
[2026-05-26 09:46:03.943 Z] [WARN] [cadence.virtuoso.ade.simulationMonitor] -     WARNING (SFE-3031): The floating capacitor I19.I11.C10<0>_turbo_m12.C1 is removed. {"history": "Interactive.77", "point": 20, "testname": "TRAN_VDD_PULSE", "cornername": "CMOS_RES_CAP_TEMP_18"}
[2026-05-26 09:46:03.943 Z] [WARN] [cadence.virtuoso.ade.simulationMonitor] -     WARNING (SFE-3031): The floating capacitor I19.I12.C7<0>_turbo_m3.C1 is removed.
        Further occurrences of this warning will be suppressed. {"history": "Interactive.77", "point": 20, "testname": "TRAN_VDD_PULSE", "cornername": "CMOS_RES_CAP_TEMP_18"}
[2026-05-26 09:46:03.943 Z] [INFO] [cadence.virtuoso.ade.simulationMonitor] - Peak resident memory used = 188 Mbytes. {"history": "Interactive.77", "point": 20, "testname": "TRAN_VDD_PULSE", "cornername": "CMOS_RES_CAP_TEMP_18"}
[2026-05-26 09:46:03.943 Z] [INFO] [cadence.virtuoso.ade.simulationMonitor] - Notice from spectre during hierarchy flattening.
    The value 'psf' specified for the 'checklimitdest' option will no longer be supported in future releases. Use 'spectre -h' to see other recommended values for the 'checklimitdest' option.
    I19.I0.R10.CS0 of rpolyhc: `c' has the unusually small value of 0 F.
    I19.I0.R10.CS1 of rpolyhc: `c' has the unusually small value of 0 F.
    I19.I0.R9.CS0 of rpolyhc: `c' has the unusually small value of 0 F.
    I19.I0.R9.CS1 of rpolyhc: `c' has the unusually ... {"history": "Interactive.77", "point": 20, "testname": "TRAN_VDD_PULSE", "cornername": "CMOS_RES_CAP_TEMP_18"}
[2026-05-26 09:46:03.943 Z] [INFO] [cadence.virtuoso.ade.simulationMonitor] - Notice from spectre during hierarchy flattening.
    V17: `period' has the unusually large value of 20 s.
    V17: `width' has the unusually large value of 19 s.
    V16: `period' has the unusually large value of 10 s.
    V16: `width' has the unusually large value of 9 s.
    V9: `period' has the unusually large value of 10 s.
        Further occurrences of this notice will be suppressed. {"history": "Interactive.77", "point": 20, "testname": "TRAN_VDD_PULSE", "cornername": "CMOS_RES_CAP_TEMP_18"}
[2026-05-26 09:46:03.943 Z] [INFO] [cadence.virtuoso.ade.simulationMonitor] - Peak resident memory used = 192 Mbytes. {"history": "Interactive.77", "point": 20, "testname": "TRAN_VDD_PULSE", "cornername": "CMOS_RES_CAP_TEMP_18"}
[2026-05-26 09:46:03.943 Z] [WARN] [cadence.virtuoso.ade.simulationMonitor] -     WARNING (CMI-2425): I19.I0.C2: `Acde' = 2.393 is unusually large. {"history": "Interactive.77", "point": 20, "testname": "TRAN_VDD_PULSE", "cornername": "CMOS_RES_CAP_TEMP_18"}
[2026-05-26 09:46:03.943 Z] [WARN] [cadence.virtuoso.ade.simulationMonitor] -     WARNING (CMI-2425): I19.I0.C2: `Noff' = 4.732 is unusually large. {"history": "Interactive.77", "point": 20, "testname": "TRAN_VDD_PULSE", "cornername": "CMOS_RES_CAP_TEMP_18"}
[2026-05-26 09:46:03.943 Z] [WARN] [cadence.virtuoso.ade.simulationMonitor] -     WARNING (CMI-2424): I19.I0.C2: `Voffcv' = -867.4e-03 is unusually small. {"history": "Interactive.77", "point": 20, "testname": "TRAN_VDD_PULSE", "cornername": "CMOS_RES_CAP_TEMP_18"}
[2026-05-26 09:46:03.943 Z] [WARN] [cadence.virtuoso.ade.simulationMonitor] -     WARNING (CMI-2425): I19.I0.C3: `Acde' = 2.393 is unusually large. {"history": "Interactive.77", "point": 20, "testname": "TRAN_VDD_PULSE", "cornername": "CMOS_RES_CAP_TEMP_18"}
[2026-05-26 09:46:03.943 Z] [WARN] [cadence.virtuoso.ade.simulationMonitor] -     WARNING (CMI-2425): I19.I0.C3: `Noff' = 4.732 is unusually large. {"history": "Interactive.77", "point": 20, "testname": "TRAN_VDD_PULSE", "cornername": "CMOS_RES_CAP_TEMP_18"}
[2026-05-26 09:46:03.943 Z] [WARN] [cadence.virtuoso.ade.simulationMonitor] -     WARNING (CMI-2424): I19.I0.C3: `Voffcv' = -867.4e-03 is unusually small. {"history": "Interactive.77", "point": 20, "testname": "TRAN_VDD_PULSE", "cornername": "CMOS_RES_CAP_TEMP_18"}
[2026-05-26 09:46:03.943 Z] [WARN] [cadence.virtuoso.ade.simulationMonitor] -     WARNING (CMI-2425): I19.I0.C0: `Acde' = 2.393 is unusually large.
        Further occurrences of this warning will be suppressed. {"history": "Interactive.77", "point": 20, "testname": "TRAN_VDD_PULSE", "cornername": "CMOS_RES_CAP_TEMP_18"}
[2026-05-26 09:46:03.943 Z] [WARN] [cadence.virtuoso.ade.simulationMonitor] -     WARNING (CMI-2424): I19.I0.C0: `Voffcv' = -867.4e-03 is unusually small. {"history": "Interactive.77", "point": 20, "testname": "TRAN_VDD_PULSE", "cornername": "CMOS_RES_CAP_TEMP_18"}
[2026-05-26 09:46:03.944 Z] [WARN] [cadence.virtuoso.ade.simulationMonitor] -     WARNING (CMI-2424): I19.I0.I3.C1: `Voffcv' = -867.4e-03 is unusually small. {"history": "Interactive.77", "point": 20, "testname": "TRAN_VDD_PULSE", "cornername": "CMOS_RES_CAP_TEMP_18"}
[2026-05-26 09:46:03.944 Z] [WARN] [cadence.virtuoso.ade.simulationMonitor] -     WARNING (CMI-2424): I19.I0.C1<0>_turbo_m5: `Voffcv' = -867.4e-03 is unusually small.
        Further occurrences of this warning will be suppressed. {"history": "Interactive.77", "point": 20, "testname": "TRAN_VDD_PULSE", "cornername": "CMOS_RES_CAP_TEMP_18"}
[2026-05-26 09:46:03.944 Z] [WARN] [cadence.virtuoso.ade.simulationMonitor] -     WARNING (SPECTRE-17607): Assert `SOAC_rpolyh_vminuspsub' is ignored because it contains an expression which is invalid or not supported by native evaluator.  {"history": "Interactive.77", "point": 20, "testname": "TRAN_VDD_PULSE", "cornername": "CMOS_RES_CAP_TEMP_18"}
[2026-05-26 09:46:03.944 Z] [WARN] [cadence.virtuoso.ade.simulationMonitor] -     WARNING (SPECTRE-17607): Assert `SOAC_rpolyh_vpluspsub' is ignored because it contains an expression which is invalid or not supported by native evaluator.  {"history": "Interactive.77", "point": 20, "testname": "TRAN_VDD_PULSE", "cornername": "CMOS_RES_CAP_TEMP_18"}
[2026-05-26 09:46:03.944 Z] [WARN] [cadence.virtuoso.ade.simulationMonitor] -     WARNING (SPECTRE-16460): SOAC_cvarm_vspsub:Specified subcircuit master `cvarm' was not found. {"history": "Interactive.77", "point": 20, "testname": "TRAN_VDD_PULSE", "cornername": "CMOS_RES_CAP_TEMP_18"}
[2026-05-26 09:46:03.944 Z] [WARN] [cadence.virtuoso.ade.simulationMonitor] -     WARNING (SPECTRE-16462): SOAC_cvarm_vspsub:Error in specification of subcircuit master. Assert is ignored. {"history": "Interactive.77", "point": 20, "testname": "TRAN_VDD_PULSE", "cornername": "CMOS_RES_CAP_TEMP_18"}
[2026-05-26 09:46:03.944 Z] [WARN] [cadence.virtuoso.ade.simulationMonitor] -     WARNING (SPECTRE-16460): SOAC_cvarm_vbs:Specified subcircuit master `cvarm' was not found. {"history": "Interactive.77", "point": 20, "testname": "TRAN_VDD_PULSE", "cornername": "CMOS_RES_CAP_TEMP_18"}
[2026-05-26 09:46:03.944 Z] [WARN] [cadence.virtuoso.ade.simulationMonitor] -     WARNING (SPECTRE-16462): SOAC_cvarm_vbs:Error in specification of subcircuit master. Assert is ignored. {"history": "Interactive.77", "point": 20, "testname": "TRAN_VDD_PULSE", "cornername": "CMOS_RES_CAP_TEMP_18"}
[2026-05-26 09:46:03.944 Z] [WARN] [cadence.virtuoso.ade.simulationMonitor] -     WARNING (SPECTRE-16460): SOAC_cvarm_vgb:Specified subcircuit master `cvarm' was not found. {"history": "Interactive.77", "point": 20, "testname": "TRAN_VDD_PULSE", "cornername": "CMOS_RES_CAP_TEMP_18"}
[2026-05-26 09:46:03.944 Z] [WARN] [cadence.virtuoso.ade.simulationMonitor] -     WARNING (SPECTRE-16462): SOAC_cvarm_vgb:Error in specification of subcircuit master. Assert is ignored. {"history": "Interactive.77", "point": 20, "testname": "TRAN_VDD_PULSE", "cornername": "CMOS_RES_CAP_TEMP_18"}
[2026-05-26 09:46:03.944 Z] [WARN] [cadence.virtuoso.ade.simulationMonitor] -     WARNING (SPECTRE-16460): SOAC_cvart_vspsub:Specified subcircuit master `cvart' was not found. {"history": "Interactive.77", "point": 20, "testname": "TRAN_VDD_PULSE", "cornername": "CMOS_RES_CAP_TEMP_18"}
[2026-05-26 09:46:03.944 Z] [WARN] [cadence.virtuoso.ade.simulationMonitor] -     WARNING (SPECTRE-16462): SOAC_cvart_vspsub:Error in specification of subcircuit master. Assert is ignored. {"history": "Interactive.77", "point": 20, "testname": "TRAN_VDD_PULSE", "cornername": "CMOS_RES_CAP_TEMP_18"}
[2026-05-26 09:46:03.944 Z] [WARN] [cadence.virtuoso.ade.simulationMonitor] -     WARNING (SPECTRE-16460): SOAC_cvart_vbs:Specified subcircuit master `cvart' was not found.
        Further occurrences of this warning will be suppressed. {"history": "Interactive.77", "point": 20, "testname": "TRAN_VDD_PULSE", "cornername": "CMOS_RES_CAP_TEMP_18"}
[2026-05-26 09:46:03.944 Z] [WARN] [cadence.virtuoso.ade.simulationMonitor] -     WARNING (SPECTRE-16462): SOAC_cvart_vbs:Error in specification of subcircuit master. Assert is ignored.
        Further occurrences of this warning will be suppressed. {"history": "Interactive.77", "point": 20, "testname": "TRAN_VDD_PULSE", "cornername": "CMOS_RES_CAP_TEMP_18"}
[2026-05-26 09:46:03.944 Z] [WARN] [cadence.virtuoso.ade.simulationMonitor] -     WARNING (SPECTRE-17607): Assert `SOAC_cvar_vspsub' is ignored because it contains an expression which is invalid or not supported by native evaluator.  {"history": "Interactive.77", "point": 20, "testname": "TRAN_VDD_PULSE", "cornername": "CMOS_RES_CAP_TEMP_18"}
[2026-05-26 09:46:03.945 Z] [WARN] [cadence.virtuoso.ade.simulationMonitor] -     WARNING (SPECTRE-17607): Assert `SOAC_cvar_vbpsub' is ignored because it contains an expression which is invalid or not supported by native evaluator.  {"history": "Interactive.77", "point": 20, "testname": "TRAN_VDD_PULSE", "cornername": "CMOS_RES_CAP_TEMP_18"}
[2026-05-26 09:46:03.945 Z] [WARN] [cadence.virtuoso.ade.simulationMonitor] -     WARNING (SPECTRE-17607): Assert `SOAC_cvar_vgpsub' is ignored because it contains an expression which is invalid or not supported by native evaluator. 
        Further occurrences of this warning will be suppressed. {"history": "Interactive.77", "point": 20, "testname": "TRAN_VDD_PULSE", "cornername": "CMOS_RES_CAP_TEMP_18"}
[2026-05-26 09:46:04.445 Z] [INFO] [cadence.virtuoso.ade.simulationMonitor] - Notice from spectre during topology check.
    No DC path from node `net19' to ground, Gmin installed to provide path. {"history": "Interactive.77", "point": 20, "testname": "TRAN_VDD_PULSE", "cornername": "CMOS_RES_CAP_TEMP_18"}
[2026-05-26 09:46:04.445 Z] [INFO] [cadence.virtuoso.ade.simulationMonitor] - Notice from spectre during initial setup.
    Multithreading is disabled due to the size of the design being too small. {"history": "Interactive.77", "point": 20, "testname": "TRAN_VDD_PULSE", "cornername": "CMOS_RES_CAP_TEMP_18"}
[2026-05-26 09:46:04.445 Z] [INFO] [cadence.virtuoso.ade.simulationMonitor] -               nodes 784 {"history": "Interactive.77", "point": 20, "testname": "TRAN_VDD_PULSE", "cornername": "CMOS_RES_CAP_TEMP_18"}
[2026-05-26 09:46:04.445 Z] [INFO] [cadence.virtuoso.ade.simulationMonitor] - Notice from spectre during initial setup.
    4 vsources are shorted because their absolute value is less than or equal to 'vabsshort'.
    Spectre X preset=mx enabled.
    18 notices suppressed.
    154 warnings suppressed. {"history": "Interactive.77", "point": 20, "testname": "TRAN_VDD_PULSE", "cornername": "CMOS_RES_CAP_TEMP_18"}
[2026-05-26 09:46:04.445 Z] [INFO] [cadence.virtuoso.ade.simulationMonitor] - Peak resident memory used = 212 Mbytes. {"history": "Interactive.77", "point": 20, "testname": "TRAN_VDD_PULSE", "cornername": "CMOS_RES_CAP_TEMP_18"}
[2026-05-26 09:46:04.446 Z] [INFO] [cadence.virtuoso.ade.simulationMonitor] -    -   (Spectre X) Multi-threading. The recommended number of threads is 1, consider adding +mt=1 on command line. {"history": "Interactive.77", "point": 20, "testname": "TRAN_VDD_PULSE", "cornername": "CMOS_RES_CAP_TEMP_18"}
[2026-05-26 09:46:04.446 Z] [INFO] [cadence.virtuoso.ade.simulationMonitor] - Notice from spectre during DC analysis `dcOp'.
    No checklimit analysis defined for asserts. A default checklimit analysis 'SpectreChecklimitAnal' has been created with all asserts enabled. {"history": "Interactive.77", "point": 20, "testname": "TRAN_VDD_PULSE", "cornername": "CMOS_RES_CAP_TEMP_18"}
[2026-05-26 09:46:04.446 Z] [INFO] [cadence.virtuoso.ade.simulationMonitor] - Notice from spectre during DC analysis `dcOp'.
    GminDC = 1 pS is large enough to noticeably affect the DC solution.
        dV(I19.I2.C1.d1) = 1.09731 mV
        Use the `gmin_check' option to eliminate or expand this report.
    Bad pivoting is found during DC analysis. Option dc_pivot_check=yes is recommended for possible improvement of convergence. {"history": "Interactive.77", "point": 20, "testname": "TRAN_VDD_PULSE", "cornername": "CMOS_RES_CAP_TEMP_18"}
[2026-05-26 09:46:04.446 Z] [WARN] [cadence.virtuoso.ade.simulationMonitor] -     WARNING (CMI-2943): Parameter checks have been ignored because the valid value for parameter 'trise' could not be found in 'C0'. {"history": "Interactive.77", "point": 20, "testname": "TRAN_VDD_PULSE", "cornername": "CMOS_RES_CAP_TEMP_18"}
[2026-05-26 09:46:04.446 Z] [WARN] [cadence.virtuoso.ade.simulationMonitor] -     WARNING (CMI-2943): Parameter checks have been ignored because the valid value for parameter 'trise' could not be found in 'C3'. {"history": "Interactive.77", "point": 20, "testname": "TRAN_VDD_PULSE", "cornername": "CMOS_RES_CAP_TEMP_18"}
[2026-05-26 09:46:04.446 Z] [WARN] [cadence.virtuoso.ade.simulationMonitor] -     WARNING (CMI-2943): Parameter checks have been ignored because the valid value for parameter 'trise' could not be found in 'C4'. {"history": "Interactive.77", "point": 20, "testname": "TRAN_VDD_PULSE", "cornername": "CMOS_RES_CAP_TEMP_18"}
[2026-05-26 09:46:04.446 Z] [WARN] [cadence.virtuoso.ade.simulationMonitor] -     WARNING (CMI-2943): Parameter checks have been ignored because the valid value for parameter 'trise' could not be found in 'C5'. {"history": "Interactive.77", "point": 20, "testname": "TRAN_VDD_PULSE", "cornername": "CMOS_RES_CAP_TEMP_18"}
[2026-05-26 09:46:04.446 Z] [WARN] [cadence.virtuoso.ade.simulationMonitor] -     WARNING (CMI-2943): Parameter checks have been ignored because the valid value for parameter 'trise' could not be found in 'I19.I4.C9<0>_turbo_m6.C1'.
        Further occurrences of this warning will be suppressed. {"history": "Interactive.77", "point": 20, "testname": "TRAN_VDD_PULSE", "cornername": "CMOS_RES_CAP_TEMP_18"}
[2026-05-26 09:46:04.446 Z] [INFO] [cadence.virtuoso.ade.simulationMonitor] - Total time required for dc analysis `dcOp': CPU = 54.159 ms, elapsed = 70.0638 ms, util. = 77.3%. {"history": "Interactive.77", "point": 20, "testname": "TRAN_VDD_PULSE", "cornername": "CMOS_RES_CAP_TEMP_18"}
[2026-05-26 09:46:04.446 Z] [INFO] [cadence.virtuoso.ade.simulationMonitor] - Peak resident memory used = 222 Mbytes. {"history": "Interactive.77", "point": 20, "testname": "TRAN_VDD_PULSE", "cornername": "CMOS_RES_CAP_TEMP_18"}
[2026-05-26 09:46:04.446 Z] [INFO] [cadence.virtuoso.ade.simulationMonitor] - Notice from spectre.
    246 warnings suppressed. {"history": "Interactive.77", "point": 20, "testname": "TRAN_VDD_PULSE", "cornername": "CMOS_RES_CAP_TEMP_18"}
[2026-05-26 09:46:04.446 Z] [INFO] [cadence.virtuoso.ade.simulationMonitor] - Notice from spectre during IC analysis, during transient analysis `tran'.
    GminDC = 1 pS is large enough to noticeably affect the DC solution.
        dV(I19.I2.C1.d1) = 1.09731 mV
        Use the `gmin_check' option to eliminate or expand this report.
    Bad pivoting is found during DC analysis. Option dc_pivot_check=yes is recommended for possible improvement of convergence. {"history": "Interactive.77", "point": 20, "testname": "TRAN_VDD_PULSE", "cornername": "CMOS_RES_CAP_TEMP_18"}
[2026-05-26 09:46:04.446 Z] [WARN] [cadence.virtuoso.ade.simulationMonitor] -     WARNING (CMI-2943): Parameter checks have been ignored because the valid value for parameter 'trise' could not be found in 'C0'. {"history": "Interactive.77", "point": 20, "testname": "TRAN_VDD_PULSE", "cornername": "CMOS_RES_CAP_TEMP_18"}
[2026-05-26 09:46:04.446 Z] [WARN] [cadence.virtuoso.ade.simulationMonitor] -     WARNING (CMI-2943): Parameter checks have been ignored because the valid value for parameter 'trise' could not be found in 'C3'. {"history": "Interactive.77", "point": 20, "testname": "TRAN_VDD_PULSE", "cornername": "CMOS_RES_CAP_TEMP_18"}
[2026-05-26 09:46:04.446 Z] [WARN] [cadence.virtuoso.ade.simulationMonitor] -     WARNING (CMI-2943): Parameter checks have been ignored because the valid value for parameter 'trise' could not be found in 'C4'. {"history": "Interactive.77", "point": 20, "testname": "TRAN_VDD_PULSE", "cornername": "CMOS_RES_CAP_TEMP_18"}
[2026-05-26 09:46:04.446 Z] [WARN] [cadence.virtuoso.ade.simulationMonitor] -     WARNING (CMI-2943): Parameter checks have been ignored because the valid value for parameter 'trise' could not be found in 'C5'. {"history": "Interactive.77", "point": 20, "testname": "TRAN_VDD_PULSE", "cornername": "CMOS_RES_CAP_TEMP_18"}
[2026-05-26 09:46:04.446 Z] [WARN] [cadence.virtuoso.ade.simulationMonitor] -     WARNING (CMI-2943): Parameter checks have been ignored because the valid value for parameter 'trise' could not be found in 'I19.I4.C9<0>_turbo_m6.C1'.
        Further occurrences of this warning will be suppressed. {"history": "Interactive.77", "point": 20, "testname": "TRAN_VDD_PULSE", "cornername": "CMOS_RES_CAP_TEMP_18"}
[2026-05-26 09:46:04.446 Z] [INFO] [cadence.virtuoso.ade.simulationMonitor] - Notice from spectre during transient analysis `tran'.
    Multithreading is disabled due to the size of the design being too small. {"history": "Interactive.77", "point": 20, "testname": "TRAN_VDD_PULSE", "cornername": "CMOS_RES_CAP_TEMP_18"}
[2026-05-26 09:47:31.970 Z] [INFO] [cadence.virtuoso.ade.simulationMonitor] - Total time required for tran analysis `tran': CPU = 87.2385 s (1m  27.2s), elapsed = 87.6153 s (1m  27.6s), util. = 99.6%. {"history": "Interactive.77", "point": 20, "testname": "TRAN_VDD_PULSE", "cornername": "CMOS_RES_CAP_TEMP_18"}
[2026-05-26 09:47:31.970 Z] [INFO] [cadence.virtuoso.ade.simulationMonitor] - Peak resident memory used = 230 Mbytes. {"history": "Interactive.77", "point": 20, "testname": "TRAN_VDD_PULSE", "cornername": "CMOS_RES_CAP_TEMP_18"}
[2026-05-26 09:47:31.970 Z] [INFO] [cadence.virtuoso.ade.simulationMonitor] - Notice from spectre.
    246 warnings suppressed. {"history": "Interactive.77", "point": 20, "testname": "TRAN_VDD_PULSE", "cornername": "CMOS_RES_CAP_TEMP_18"}
[2026-05-26 09:47:31.970 Z] [WARN] [cadence.virtuoso.ade.simulationMonitor] -     WARNING (CMI-2425): I19.I2.C1: `Acde' = 2.393 is unusually large. {"history": "Interactive.77", "point": 20, "testname": "TRAN_VDD_PULSE", "cornername": "CMOS_RES_CAP_TEMP_18"}
[2026-05-26 09:47:31.970 Z] [WARN] [cadence.virtuoso.ade.simulationMonitor] -     WARNING (CMI-2425): I19.I2.C1: `Noff' = 4.732 is unusually large. {"history": "Interactive.77", "point": 20, "testname": "TRAN_VDD_PULSE", "cornername": "CMOS_RES_CAP_TEMP_18"}
[2026-05-26 09:47:31.970 Z] [WARN] [cadence.virtuoso.ade.simulationMonitor] -     WARNING (CMI-2424): I19.I2.C1: `Voffcv' = -867.4e-03 is unusually small. {"history": "Interactive.77", "point": 20, "testname": "TRAN_VDD_PULSE", "cornername": "CMOS_RES_CAP_TEMP_18"}
[2026-05-26 09:47:31.970 Z] [WARN] [cadence.virtuoso.ade.simulationMonitor] -     WARNING (CMI-2425): I19.I8.C0: `Acde' = 2.393 is unusually large. {"history": "Interactive.77", "point": 20, "testname": "TRAN_VDD_PULSE", "cornername": "CMOS_RES_CAP_TEMP_18"}
[2026-05-26 09:47:31.970 Z] [WARN] [cadence.virtuoso.ade.simulationMonitor] -     WARNING (CMI-2425): I19.I8.C0: `Noff' = 4.732 is unusually large. {"history": "Interactive.77", "point": 20, "testname": "TRAN_VDD_PULSE", "cornername": "CMOS_RES_CAP_TEMP_18"}
[2026-05-26 09:47:31.970 Z] [WARN] [cadence.virtuoso.ade.simulationMonitor] -     WARNING (CMI-2424): I19.I8.C0: `Voffcv' = -867.4e-03 is unusually small. {"history": "Interactive.77", "point": 20, "testname": "TRAN_VDD_PULSE", "cornername": "CMOS_RES_CAP_TEMP_18"}
[2026-05-26 09:47:31.971 Z] [WARN] [cadence.virtuoso.ade.simulationMonitor] -     WARNING (CMI-2425): I19.I8.C1: `Acde' = 2.393 is unusually large.
        Further occurrences of this warning will be suppressed. {"history": "Interactive.77", "point": 20, "testname": "TRAN_VDD_PULSE", "cornername": "CMOS_RES_CAP_TEMP_18"}
[2026-05-26 09:47:31.971 Z] [WARN] [cadence.virtuoso.ade.simulationMonitor] -     WARNING (CMI-2424): I19.I8.C1: `Voffcv' = -867.4e-03 is unusually small. {"history": "Interactive.77", "point": 20, "testname": "TRAN_VDD_PULSE", "cornername": "CMOS_RES_CAP_TEMP_18"}
[2026-05-26 09:47:31.971 Z] [WARN] [cadence.virtuoso.ade.simulationMonitor] -     WARNING (CMI-2424): I19.I14.C1: `Voffcv' = -867.4e-03 is unusually small. {"history": "Interactive.77", "point": 20, "testname": "TRAN_VDD_PULSE", "cornername": "CMOS_RES_CAP_TEMP_18"}
[2026-05-26 09:47:31.971 Z] [WARN] [cadence.virtuoso.ade.simulationMonitor] -     WARNING (CMI-2424): I19.I14.C4: `Voffcv' = -867.4e-03 is unusually small.
        Further occurrences of this warning will be suppressed. {"history": "Interactive.77", "point": 20, "testname": "TRAN_VDD_PULSE", "cornername": "CMOS_RES_CAP_TEMP_18"}
[2026-05-26 09:47:31.971 Z] [INFO] [cadence.virtuoso.ade.simulationMonitor] - Notice from spectre.
    56 warnings suppressed. {"history": "Interactive.77", "point": 20, "testname": "TRAN_VDD_PULSE", "cornername": "CMOS_RES_CAP_TEMP_18"}
[2026-05-26 09:47:31.971 Z] [WARN] [cadence.virtuoso.ade.simulationMonitor] -     WARNING (CMI-2425): I19.I2.C1: `Acde' = 2.393 is unusually large. {"history": "Interactive.77", "point": 20, "testname": "TRAN_VDD_PULSE", "cornername": "CMOS_RES_CAP_TEMP_18"}
[2026-05-26 09:47:31.971 Z] [WARN] [cadence.virtuoso.ade.simulationMonitor] -     WARNING (CMI-2425): I19.I2.C1: `Noff' = 4.732 is unusually large. {"history": "Interactive.77", "point": 20, "testname": "TRAN_VDD_PULSE", "cornername": "CMOS_RES_CAP_TEMP_18"}
[2026-05-26 09:47:31.971 Z] [WARN] [cadence.virtuoso.ade.simulationMonitor] -     WARNING (CMI-2424): I19.I2.C1: `Voffcv' = -867.4e-03 is unusually small. {"history": "Interactive.77", "point": 20, "testname": "TRAN_VDD_PULSE", "cornername": "CMOS_RES_CAP_TEMP_18"}
[2026-05-26 09:47:31.971 Z] [WARN] [cadence.virtuoso.ade.simulationMonitor] -     WARNING (CMI-2425): I19.I8.C0: `Acde' = 2.393 is unusually large. {"history": "Interactive.77", "point": 20, "testname": "TRAN_VDD_PULSE", "cornername": "CMOS_RES_CAP_TEMP_18"}
[2026-05-26 09:47:31.971 Z] [WARN] [cadence.virtuoso.ade.simulationMonitor] -     WARNING (CMI-2425): I19.I8.C0: `Noff' = 4.732 is unusually large. {"history": "Interactive.77", "point": 20, "testname": "TRAN_VDD_PULSE", "cornername": "CMOS_RES_CAP_TEMP_18"}
[2026-05-26 09:47:31.971 Z] [WARN] [cadence.virtuoso.ade.simulationMonitor] -     WARNING (CMI-2424): I19.I8.C0: `Voffcv' = -867.4e-03 is unusually small. {"history": "Interactive.77", "point": 20, "testname": "TRAN_VDD_PULSE", "cornername": "CMOS_RES_CAP_TEMP_18"}
[2026-05-26 09:47:31.971 Z] [WARN] [cadence.virtuoso.ade.simulationMonitor] -     WARNING (CMI-2425): I19.I8.C1: `Acde' = 2.393 is unusually large.
        Further occurrences of this warning will be suppressed. {"history": "Interactive.77", "point": 20, "testname": "TRAN_VDD_PULSE", "cornername": "CMOS_RES_CAP_TEMP_18"}
[2026-05-26 09:47:31.971 Z] [WARN] [cadence.virtuoso.ade.simulationMonitor] -     WARNING (CMI-2424): I19.I8.C1: `Voffcv' = -867.4e-03 is unusually small. {"history": "Interactive.77", "point": 20, "testname": "TRAN_VDD_PULSE", "cornername": "CMOS_RES_CAP_TEMP_18"}
[2026-05-26 09:47:31.971 Z] [WARN] [cadence.virtuoso.ade.simulationMonitor] -     WARNING (CMI-2424): I19.I14.C1: `Voffcv' = -867.4e-03 is unusually small. {"history": "Interactive.77", "point": 20, "testname": "TRAN_VDD_PULSE", "cornername": "CMOS_RES_CAP_TEMP_18"}
[2026-05-26 09:47:31.971 Z] [WARN] [cadence.virtuoso.ade.simulationMonitor] -     WARNING (CMI-2424): I19.I14.C4: `Voffcv' = -867.4e-03 is unusually small.
        Further occurrences of this warning will be suppressed. {"history": "Interactive.77", "point": 20, "testname": "TRAN_VDD_PULSE", "cornername": "CMOS_RES_CAP_TEMP_18"}
[2026-05-26 09:47:31.971 Z] [INFO] [cadence.virtuoso.ade.simulationMonitor] - Notice from spectre.
    59 warnings suppressed. {"history": "Interactive.77", "point": 20, "testname": "TRAN_VDD_PULSE", "cornername": "CMOS_RES_CAP_TEMP_18"}
[2026-05-26 09:47:31.972 Z] [WARN] [cadence.virtuoso.ade.simulationMonitor] -     WARNING (CMI-2425): I19.I2.C1: `Acde' = 2.393 is unusually large. {"history": "Interactive.77", "point": 20, "testname": "TRAN_VDD_PULSE", "cornername": "CMOS_RES_CAP_TEMP_18"}
[2026-05-26 09:47:31.972 Z] [WARN] [cadence.virtuoso.ade.simulationMonitor] -     WARNING (CMI-2425): I19.I2.C1: `Noff' = 4.732 is unusually large. {"history": "Interactive.77", "point": 20, "testname": "TRAN_VDD_PULSE", "cornername": "CMOS_RES_CAP_TEMP_18"}
[2026-05-26 09:47:31.972 Z] [WARN] [cadence.virtuoso.ade.simulationMonitor] -     WARNING (CMI-2424): I19.I2.C1: `Voffcv' = -867.4e-03 is unusually small. {"history": "Interactive.77", "point": 20, "testname": "TRAN_VDD_PULSE", "cornername": "CMOS_RES_CAP_TEMP_18"}
[2026-05-26 09:47:31.972 Z] [WARN] [cadence.virtuoso.ade.simulationMonitor] -     WARNING (CMI-2425): I19.I8.C0: `Acde' = 2.393 is unusually large. {"history": "Interactive.77", "point": 20, "testname": "TRAN_VDD_PULSE", "cornername": "CMOS_RES_CAP_TEMP_18"}
[2026-05-26 09:47:31.972 Z] [WARN] [cadence.virtuoso.ade.simulationMonitor] -     WARNING (CMI-2425): I19.I8.C0: `Noff' = 4.732 is unusually large. {"history": "Interactive.77", "point": 20, "testname": "TRAN_VDD_PULSE", "cornername": "CMOS_RES_CAP_TEMP_18"}
[2026-05-26 09:47:31.972 Z] [WARN] [cadence.virtuoso.ade.simulationMonitor] -     WARNING (CMI-2424): I19.I8.C0: `Voffcv' = -867.4e-03 is unusually small. {"history": "Interactive.77", "point": 20, "testname": "TRAN_VDD_PULSE", "cornername": "CMOS_RES_CAP_TEMP_18"}
[2026-05-26 09:47:31.972 Z] [WARN] [cadence.virtuoso.ade.simulationMonitor] -     WARNING (CMI-2425): I19.I8.C1: `Acde' = 2.393 is unusually large.
        Further occurrences of this warning will be suppressed. {"history": "Interactive.77", "point": 20, "testname": "TRAN_VDD_PULSE", "cornername": "CMOS_RES_CAP_TEMP_18"}
[2026-05-26 09:47:31.972 Z] [WARN] [cadence.virtuoso.ade.simulationMonitor] -     WARNING (CMI-2424): I19.I8.C1: `Voffcv' = -867.4e-03 is unusually small. {"history": "Interactive.77", "point": 20, "testname": "TRAN_VDD_PULSE", "cornername": "CMOS_RES_CAP_TEMP_18"}
[2026-05-26 09:47:31.972 Z] [WARN] [cadence.virtuoso.ade.simulationMonitor] -     WARNING (CMI-2424): I19.I14.C1: `Voffcv' = -867.4e-03 is unusually small. {"history": "Interactive.77", "point": 20, "testname": "TRAN_VDD_PULSE", "cornername": "CMOS_RES_CAP_TEMP_18"}
[2026-05-26 09:47:31.972 Z] [WARN] [cadence.virtuoso.ade.simulationMonitor] -     WARNING (CMI-2424): I19.I14.C4: `Voffcv' = -867.4e-03 is unusually small.
        Further occurrences of this warning will be suppressed. {"history": "Interactive.77", "point": 20, "testname": "TRAN_VDD_PULSE", "cornername": "CMOS_RES_CAP_TEMP_18"}
[2026-05-26 09:47:31.972 Z] [INFO] [cadence.virtuoso.ade.simulationMonitor] - Notice from spectre.
    56 warnings suppressed. {"history": "Interactive.77", "point": 20, "testname": "TRAN_VDD_PULSE", "cornername": "CMOS_RES_CAP_TEMP_18"}
[2026-05-26 09:47:31.972 Z] [WARN] [cadence.virtuoso.ade.simulationMonitor] -     WARNING (CMI-2425): I19.I2.C1: `Acde' = 2.393 is unusually large. {"history": "Interactive.77", "point": 20, "testname": "TRAN_VDD_PULSE", "cornername": "CMOS_RES_CAP_TEMP_18"}
[2026-05-26 09:47:31.972 Z] [WARN] [cadence.virtuoso.ade.simulationMonitor] -     WARNING (CMI-2425): I19.I2.C1: `Noff' = 4.732 is unusually large. {"history": "Interactive.77", "point": 20, "testname": "TRAN_VDD_PULSE", "cornername": "CMOS_RES_CAP_TEMP_18"}
[2026-05-26 09:47:31.972 Z] [WARN] [cadence.virtuoso.ade.simulationMonitor] -     WARNING (CMI-2424): I19.I2.C1: `Voffcv' = -867.4e-03 is unusually small. {"history": "Interactive.77", "point": 20, "testname": "TRAN_VDD_PULSE", "cornername": "CMOS_RES_CAP_TEMP_18"}
[2026-05-26 09:47:31.972 Z] [WARN] [cadence.virtuoso.ade.simulationMonitor] -     WARNING (CMI-2425): I19.I8.C0: `Acde' = 2.393 is unusually large. {"history": "Interactive.77", "point": 20, "testname": "TRAN_VDD_PULSE", "cornername": "CMOS_RES_CAP_TEMP_18"}
[2026-05-26 09:47:31.972 Z] [WARN] [cadence.virtuoso.ade.simulationMonitor] -     WARNING (CMI-2425): I19.I8.C0: `Noff' = 4.732 is unusually large. {"history": "Interactive.77", "point": 20, "testname": "TRAN_VDD_PULSE", "cornername": "CMOS_RES_CAP_TEMP_18"}
[2026-05-26 09:47:31.972 Z] [WARN] [cadence.virtuoso.ade.simulationMonitor] -     WARNING (CMI-2424): I19.I8.C0: `Voffcv' = -867.4e-03 is unusually small. {"history": "Interactive.77", "point": 20, "testname": "TRAN_VDD_PULSE", "cornername": "CMOS_RES_CAP_TEMP_18"}
[2026-05-26 09:47:31.973 Z] [WARN] [cadence.virtuoso.ade.simulationMonitor] -     WARNING (CMI-2425): I19.I8.C1: `Acde' = 2.393 is unusually large.
        Further occurrences of this warning will be suppressed. {"history": "Interactive.77", "point": 20, "testname": "TRAN_VDD_PULSE", "cornername": "CMOS_RES_CAP_TEMP_18"}
[2026-05-26 09:47:31.973 Z] [WARN] [cadence.virtuoso.ade.simulationMonitor] -     WARNING (CMI-2424): I19.I8.C1: `Voffcv' = -867.4e-03 is unusually small. {"history": "Interactive.77", "point": 20, "testname": "TRAN_VDD_PULSE", "cornername": "CMOS_RES_CAP_TEMP_18"}
[2026-05-26 09:47:31.973 Z] [WARN] [cadence.virtuoso.ade.simulationMonitor] -     WARNING (CMI-2424): I19.I14.C1: `Voffcv' = -867.4e-03 is unusually small. {"history": "Interactive.77", "point": 20, "testname": "TRAN_VDD_PULSE", "cornername": "CMOS_RES_CAP_TEMP_18"}
[2026-05-26 09:47:31.973 Z] [WARN] [cadence.virtuoso.ade.simulationMonitor] -     WARNING (CMI-2424): I19.I14.C4: `Voffcv' = -867.4e-03 is unusually small.
        Further occurrences of this warning will be suppressed. {"history": "Interactive.77", "point": 20, "testname": "TRAN_VDD_PULSE", "cornername": "CMOS_RES_CAP_TEMP_18"}
[2026-05-26 09:47:31.973 Z] [INFO] [cadence.virtuoso.ade.simulationMonitor] - Notice from spectre.
    56 warnings suppressed. {"history": "Interactive.77", "point": 20, "testname": "TRAN_VDD_PULSE", "cornername": "CMOS_RES_CAP_TEMP_18"}
[2026-05-26 09:47:31.973 Z] [INFO] [cadence.virtuoso.ade.simulationMonitor] - Time used: CPU = 87.6 s (1m  27.6s), elapsed = 88.3 s (1m  28.3s), util. = 99.3%. {"history": "Interactive.77", "point": 20, "testname": "TRAN_VDD_PULSE", "cornername": "CMOS_RES_CAP_TEMP_18"}
[2026-05-26 09:47:31.973 Z] [INFO] [cadence.virtuoso.ade.simulationMonitor] - Time spent in licensing: elapsed = 36.9 ms. {"history": "Interactive.77", "point": 20, "testname": "TRAN_VDD_PULSE", "cornername": "CMOS_RES_CAP_TEMP_18"}
[2026-05-26 09:47:31.973 Z] [INFO] [cadence.virtuoso.ade.simulationMonitor] - Peak memory used = 230 Mbytes. {"history": "Interactive.77", "point": 20, "testname": "TRAN_VDD_PULSE", "cornername": "CMOS_RES_CAP_TEMP_18"}
[2026-05-26 09:47:31.973 Z] [PROCESS] [cadence.virtuoso.ade.simulationMonitor] - Simulation started at: 9:46:03 AM, Tue May 26, 2026, ended at: 9:47:31 AM, Tue May 26, 2026, with elapsed time (wall clock): 88.3 s (1m  28.3s). {"history": "Interactive.77", "point": 20, "testname": "TRAN_VDD_PULSE", "cornername": "CMOS_RES_CAP_TEMP_18"}
[2026-05-26 09:47:31.973 Z] [PROCESS] [cadence.virtuoso.ade.simulationMonitor] - spectre completes with 0 errors, 96 warnings, and 33 notices. {"history": "Interactive.77", "point": 20, "testname": "TRAN_VDD_PULSE", "cornername": "CMOS_RES_CAP_TEMP_18"}
[2026-05-26 09:47:31.973 Z] [PROCESS] [cadence.virtuoso.ade.simulationMonitor] - Finished simulating for one point {"hostname": "edatools", "processid": 247514, "history": "Interactive.77", "testname": "TRAN_VDD_PULSE", "cornername": "CMOS_RES_CAP_TEMP_18", "point": 20, "logfile": "/home/saul/projects/IL2244_VT26_SAUL/logs_saul/logs0/Job48.log", "simid": "4"}
[2026-05-26 09:47:31.973 Z] [PROCESS] [cadence.virtuoso.ade.simulationMonitor] - Simulator exited {"hostname": "edatools", "processid": 247514, "history": "Interactive.77", "testname": "TRAN_VDD_PULSE", "cornername": "CMOS_RES_CAP_TEMP_18", "point": 20, "logfile": "/home/saul/projects/IL2244_VT26_SAUL/logs_saul/logs0/Job48.log", "exitStatus": "0"}
[2026-05-26 09:47:31.973 Z] [PROCESS] [cadence.virtuoso.ade.simulationMonitor] - Finished Simulation {"hostname": "edatools", "processid": 247514, "history": "Interactive.77", "testname": "TRAN_VDD_PULSE", "cornername": "CMOS_RES_CAP_TEMP_18", "point": 20, "logfile": "/home/saul/projects/IL2244_VT26_SAUL/logs_saul/logs0/Job48.log", "simid": "4"}
[2026-05-26 09:47:33.479 Z] [PROCESS] [cadence.virtuoso.ade.simulationMonitor] - Point Finished {"hostname": "edatools", "processid": 247514, "history": "Interactive.77", "testname": "TRAN_VDD_PULSE", "cornername": "CMOS_RES_CAP_TEMP_18", "point": 20, "logfile": "/home/saul/projects/IL2244_VT26_SAUL/logs_saul/logs0/Job48.log"}
[2026-05-26 09:47:33.480 Z] [PROCESS] [cadence.virtuoso.ade.simulationMonitor] - HostInfo:
Host name (type):	edatools (x86_64)
Operating system:	Linux 6.17.0-29-generic #29~24.04.1-Ubuntu SMP PREEMPT_DYNAMIC Mon May 11 10:30:58 UTC 2 {"hostname": "edatools", "processid": 247514, "history": "Interactive.77", "testname": "TRAN_VDD_PULSE", "cornername": "CMOS_RES_CAP_TEMP_18", "point": 20, "logfile": "/home/saul/projects/IL2244_VT26_SAUL/logs_saul/logs0/Job48.log", "nodename": "edatools", "domainname": "(none)", "machine": "x86_64", "sysname": "Linux", "release": "6.17.0-29-generic", "version": "#29~24.04.1-Ubuntu SMP PREEMPT_DYNAMIC Mon May 11 10:30:58 UTC 2"}
[2026-05-26 09:47:33.480 Z] [PROCESS] [cadence.virtuoso.ade.simulationMonitor] - UsageInfo:
pid=247514
totalPhysicalMemory=62.544987GB,Used=44.199581GB,totalVirtualMemory=70.544983GB,Used=44.199581GB
Cpu: Cores=16, Load average:5.920000,4.330000,2.080000 {"hostname": "edatools", "processid": 247514, "history": "Interactive.77", "testname": "TRAN_VDD_PULSE", "cornername": "CMOS_RES_CAP_TEMP_18", "point": 20, "logfile": "/home/saul/projects/IL2244_VT26_SAUL/logs_saul/logs0/Job48.log", "pid": "247514", "totalPhysicalMemory": "62.544987", "physicalMemoryUsed": "44.199581", "totalVirtualMemory": "70.544983", "virtualMemoryUsed": "44.199581", "cpuCores": "16", "processes": "1646", "loadAverage1": "5.920000", "loadAverage5": "4.330000", "loadAverage15": "2.080000", "loadAverage1Percent": "0.370000"}
[2026-05-26 09:47:33.481 Z] [EVENT] [cadence.virtuoso.ade.simulationMonitor] - NewPoint {"history": "Interactive.77", "point": 27, "testname": "TRAN_VDD_PULSE", "cornername": "CMOS_RES_CAP_TEMP_25", "event": "NewPoint", "EventSource": "Simulation Monitor", "HistoryName": "Interactive.77", "logFile": "/home/saul/projects/IL2244_VT26_SAUL/logs_saul/logs0/Job48.log", "logFileSize": "171063"}
[2026-05-26 09:47:33.581 Z] [EVENT] [cadence.virtuoso.ade.simulationMonitor] - NewPoint {"history": "Interactive.77", "point": 27, "testname": "TRAN_VDD_PULSE", "cornername": "CMOS_RES_CAP_TEMP_25", "event": "NewPoint", "EventSource": "spectre", "HistoryName": "Interactive.77", "logFile": "/home/saul/projects/IL2244_VT26_SAUL/Sim/FECG/fecg_front_end_tran_tb/maestro/results/maestro/Interactive.77/27/TRAN_VDD_PULSE/psf/spectre.out", "logFileSize": "-1"}
[2026-05-26 09:47:33.585 Z] [PROCESS] [cadence.virtuoso.ade.simulationMonitor] - Simulator launched {"hostname": "edatools", "processid": 247514, "history": "Interactive.77", "testname": "TRAN_VDD_PULSE", "cornername": "CMOS_RES_CAP_TEMP_25", "point": 27, "logfile": "/home/saul/projects/IL2244_VT26_SAUL/logs_saul/logs0/Job48.log", "simid": "5"}
[2026-05-26 09:47:33.596 Z] [PROCESS] [cadence.virtuoso.ade.simulationMonitor] - Started Simulation {"hostname": "edatools", "processid": 247514, "history": "Interactive.77", "testname": "TRAN_VDD_PULSE", "cornername": "CMOS_RES_CAP_TEMP_25", "point": 27, "logfile": "/home/saul/projects/IL2244_VT26_SAUL/logs_saul/logs0/Job48.log", "event": "started", "task": "simulation"}
[2026-05-26 09:47:34.097 Z] [INFO] [cadence.virtuoso.ade.simulationMonitor] - Notice from spectre during circuit read-in.
    Pre_Configuration file used: /opt/tools/cadence/installs/SPECTRE241/tools.lnx86/spectre/etc/configs/preset.precfg
    Configuration file used: `/opt/tools/cadence/installs/SPECTRE241/tools.lnx86/spectre/etc/configs/preset.cfg'. {"history": "Interactive.77", "point": 27, "testname": "TRAN_VDD_PULSE", "cornername": "CMOS_RES_CAP_TEMP_25"}
[2026-05-26 09:47:34.097 Z] [WARN] [cadence.virtuoso.ade.simulationMonitor] -     WARNING (SPECTRE-8360): line 1511: `ac' is an undefined primitive device. {"history": "Interactive.77", "point": 27, "testname": "TRAN_VDD_PULSE", "cornername": "CMOS_RES_CAP_TEMP_25"}
[2026-05-26 09:47:34.097 Z] [WARN] [cadence.virtuoso.ade.simulationMonitor] -     WARNING (SPECTRE-8360): line 1512: `ac' is an undefined primitive device. {"history": "Interactive.77", "point": 27, "testname": "TRAN_VDD_PULSE", "cornername": "CMOS_RES_CAP_TEMP_25"}
[2026-05-26 09:47:34.097 Z] [WARN] [cadence.virtuoso.ade.simulationMonitor] -     WARNING (SPECTRE-8360): line 1513: `ac' is an undefined primitive device. {"history": "Interactive.77", "point": 27, "testname": "TRAN_VDD_PULSE", "cornername": "CMOS_RES_CAP_TEMP_25"}
[2026-05-26 09:47:34.097 Z] [WARN] [cadence.virtuoso.ade.simulationMonitor] -     WARNING (SPECTRE-8360): line 1514: `ac' is an undefined primitive device. {"history": "Interactive.77", "point": 27, "testname": "TRAN_VDD_PULSE", "cornername": "CMOS_RES_CAP_TEMP_25"}
[2026-05-26 09:47:34.097 Z] [WARN] [cadence.virtuoso.ade.simulationMonitor] -     WARNING (SPECTRE-8360): line 1515: `ac' is an undefined primitive device.
        Further occurrences of this warning will be suppressed. {"history": "Interactive.77", "point": 27, "testname": "TRAN_VDD_PULSE", "cornername": "CMOS_RES_CAP_TEMP_25"}
[2026-05-26 09:47:34.097 Z] [INFO] [cadence.virtuoso.ade.simulationMonitor] - Peak resident memory used = 173 Mbytes. {"history": "Interactive.77", "point": 27, "testname": "TRAN_VDD_PULSE", "cornername": "CMOS_RES_CAP_TEMP_25"}
[2026-05-26 09:47:34.097 Z] [WARN] [cadence.virtuoso.ade.simulationMonitor] -     WARNING (VACOMP-2435): The environment variable CDS_AHDLCMI_ENABLE is no longer supported. Therefore, the simulator will use the default compiled C code flow. {"history": "Interactive.77", "point": 27, "testname": "TRAN_VDD_PULSE", "cornername": "CMOS_RES_CAP_TEMP_25"}
[2026-05-26 09:47:34.097 Z] [WARN] [cadence.virtuoso.ade.simulationMonitor] -     WARNING (SFE-3014): The floating device I19.I0.I5.MN14<0>_turbo_m4 is removed. {"history": "Interactive.77", "point": 27, "testname": "TRAN_VDD_PULSE", "cornername": "CMOS_RES_CAP_TEMP_25"}
[2026-05-26 09:47:34.098 Z] [WARN] [cadence.virtuoso.ade.simulationMonitor] -     WARNING (SFE-3012): The dummy device I19.I4.MP16<0>_turbo_m41 is removed. {"history": "Interactive.77", "point": 27, "testname": "TRAN_VDD_PULSE", "cornername": "CMOS_RES_CAP_TEMP_25"}
[2026-05-26 09:47:34.098 Z] [WARN] [cadence.virtuoso.ade.simulationMonitor] -     WARNING (SFE-3014): The floating device I19.I8.MN57<0>_turbo_m28 is removed. {"history": "Interactive.77", "point": 27, "testname": "TRAN_VDD_PULSE", "cornername": "CMOS_RES_CAP_TEMP_25"}
[2026-05-26 09:47:34.098 Z] [WARN] [cadence.virtuoso.ade.simulationMonitor] -     WARNING (SFE-3012): The dummy device I19.I14.MP13<0>_turbo_m4 is removed. {"history": "Interactive.77", "point": 27, "testname": "TRAN_VDD_PULSE", "cornername": "CMOS_RES_CAP_TEMP_25"}
[2026-05-26 09:47:34.098 Z] [WARN] [cadence.virtuoso.ade.simulationMonitor] -     WARNING (SFE-3031): The floating capacitor I19.I12.C10<0>_turbo_m12.C1 is removed. {"history": "Interactive.77", "point": 27, "testname": "TRAN_VDD_PULSE", "cornername": "CMOS_RES_CAP_TEMP_25"}
[2026-05-26 09:47:34.098 Z] [WARN] [cadence.virtuoso.ade.simulationMonitor] -     WARNING (SFE-3014): The floating device I19.I2.MN37<0>_turbo_m4 is removed. {"history": "Interactive.77", "point": 27, "testname": "TRAN_VDD_PULSE", "cornername": "CMOS_RES_CAP_TEMP_25"}
[2026-05-26 09:47:34.098 Z] [WARN] [cadence.virtuoso.ade.simulationMonitor] -     WARNING (SFE-3012): The dummy device I19.I0.I5.MP12<0>_turbo_m2 is removed. {"history": "Interactive.77", "point": 27, "testname": "TRAN_VDD_PULSE", "cornername": "CMOS_RES_CAP_TEMP_25"}
[2026-05-26 09:47:34.098 Z] [WARN] [cadence.virtuoso.ade.simulationMonitor] -     WARNING (SFE-3014): The floating device I19.I0.MN13<0>_turbo_m4 is removed. {"history": "Interactive.77", "point": 27, "testname": "TRAN_VDD_PULSE", "cornername": "CMOS_RES_CAP_TEMP_25"}
[2026-05-26 09:47:34.098 Z] [WARN] [cadence.virtuoso.ade.simulationMonitor] -     WARNING (SFE-3012): The dummy device I19.I0.I3.MP13<0>_turbo_m4 is removed. {"history": "Interactive.77", "point": 27, "testname": "TRAN_VDD_PULSE", "cornername": "CMOS_RES_CAP_TEMP_25"}
[2026-05-26 09:47:34.098 Z] [WARN] [cadence.virtuoso.ade.simulationMonitor] -     WARNING (SFE-3031): The floating capacitor I19.I12.C6<0>_turbo_m3.C1 is removed. {"history": "Interactive.77", "point": 27, "testname": "TRAN_VDD_PULSE", "cornername": "CMOS_RES_CAP_TEMP_25"}
[2026-05-26 09:47:34.098 Z] [WARN] [cadence.virtuoso.ade.simulationMonitor] -     WARNING (SFE-3012): The dummy device I19.I0.MP11<0>_turbo_m4 is removed.
        Further occurrences of this warning will be suppressed. {"history": "Interactive.77", "point": 27, "testname": "TRAN_VDD_PULSE", "cornername": "CMOS_RES_CAP_TEMP_25"}
[2026-05-26 09:47:34.098 Z] [WARN] [cadence.virtuoso.ade.simulationMonitor] -     WARNING (SFE-3031): The floating capacitor I19.I11.C7<0>_turbo_m3.C1 is removed. {"history": "Interactive.77", "point": 27, "testname": "TRAN_VDD_PULSE", "cornername": "CMOS_RES_CAP_TEMP_25"}
[2026-05-26 09:47:34.098 Z] [WARN] [cadence.virtuoso.ade.simulationMonitor] -     WARNING (SFE-3014): The floating device I19.I12.MN57<0>_turbo_m28 is removed.
        Further occurrences of this warning will be suppressed. {"history": "Interactive.77", "point": 27, "testname": "TRAN_VDD_PULSE", "cornername": "CMOS_RES_CAP_TEMP_25"}
[2026-05-26 09:47:34.099 Z] [WARN] [cadence.virtuoso.ade.simulationMonitor] -     WARNING (SFE-3031): The floating capacitor I19.I11.C10<0>_turbo_m12.C1 is removed. {"history": "Interactive.77", "point": 27, "testname": "TRAN_VDD_PULSE", "cornername": "CMOS_RES_CAP_TEMP_25"}
[2026-05-26 09:47:34.099 Z] [WARN] [cadence.virtuoso.ade.simulationMonitor] -     WARNING (SFE-3031): The floating capacitor I19.I12.C7<0>_turbo_m3.C1 is removed.
        Further occurrences of this warning will be suppressed. {"history": "Interactive.77", "point": 27, "testname": "TRAN_VDD_PULSE", "cornername": "CMOS_RES_CAP_TEMP_25"}
[2026-05-26 09:47:34.099 Z] [INFO] [cadence.virtuoso.ade.simulationMonitor] - Peak resident memory used = 188 Mbytes. {"history": "Interactive.77", "point": 27, "testname": "TRAN_VDD_PULSE", "cornername": "CMOS_RES_CAP_TEMP_25"}
[2026-05-26 09:47:34.099 Z] [INFO] [cadence.virtuoso.ade.simulationMonitor] - Notice from spectre during hierarchy flattening.
    The value 'psf' specified for the 'checklimitdest' option will no longer be supported in future releases. Use 'spectre -h' to see other recommended values for the 'checklimitdest' option.
    I19.I0.R10.CS0 of rpolyhc: `c' has the unusually small value of 0 F.
    I19.I0.R10.CS1 of rpolyhc: `c' has the unusually small value of 0 F.
    I19.I0.R9.CS0 of rpolyhc: `c' has the unusually small value of 0 F.
    I19.I0.R9.CS1 of rpolyhc: `c' has the unusually ... {"history": "Interactive.77", "point": 27, "testname": "TRAN_VDD_PULSE", "cornername": "CMOS_RES_CAP_TEMP_25"}
[2026-05-26 09:47:34.099 Z] [INFO] [cadence.virtuoso.ade.simulationMonitor] - Notice from spectre during hierarchy flattening.
    V17: `period' has the unusually large value of 20 s.
    V17: `width' has the unusually large value of 19 s.
    V16: `period' has the unusually large value of 10 s.
    V16: `width' has the unusually large value of 9 s.
    V9: `period' has the unusually large value of 10 s.
        Further occurrences of this notice will be suppressed. {"history": "Interactive.77", "point": 27, "testname": "TRAN_VDD_PULSE", "cornername": "CMOS_RES_CAP_TEMP_25"}
[2026-05-26 09:47:34.099 Z] [INFO] [cadence.virtuoso.ade.simulationMonitor] - Peak resident memory used = 191 Mbytes. {"history": "Interactive.77", "point": 27, "testname": "TRAN_VDD_PULSE", "cornername": "CMOS_RES_CAP_TEMP_25"}
[2026-05-26 09:47:34.099 Z] [WARN] [cadence.virtuoso.ade.simulationMonitor] -     WARNING (CMI-2425): I19.I0.C2: `Acde' = 2.393 is unusually large. {"history": "Interactive.77", "point": 27, "testname": "TRAN_VDD_PULSE", "cornername": "CMOS_RES_CAP_TEMP_25"}
[2026-05-26 09:47:34.099 Z] [WARN] [cadence.virtuoso.ade.simulationMonitor] -     WARNING (CMI-2425): I19.I0.C2: `Noff' = 4.732 is unusually large. {"history": "Interactive.77", "point": 27, "testname": "TRAN_VDD_PULSE", "cornername": "CMOS_RES_CAP_TEMP_25"}
[2026-05-26 09:47:34.099 Z] [WARN] [cadence.virtuoso.ade.simulationMonitor] -     WARNING (CMI-2424): I19.I0.C2: `Voffcv' = -867.4e-03 is unusually small. {"history": "Interactive.77", "point": 27, "testname": "TRAN_VDD_PULSE", "cornername": "CMOS_RES_CAP_TEMP_25"}
[2026-05-26 09:47:34.099 Z] [WARN] [cadence.virtuoso.ade.simulationMonitor] -     WARNING (CMI-2425): I19.I0.C3: `Acde' = 2.393 is unusually large. {"history": "Interactive.77", "point": 27, "testname": "TRAN_VDD_PULSE", "cornername": "CMOS_RES_CAP_TEMP_25"}
[2026-05-26 09:47:34.099 Z] [WARN] [cadence.virtuoso.ade.simulationMonitor] -     WARNING (CMI-2425): I19.I0.C3: `Noff' = 4.732 is unusually large. {"history": "Interactive.77", "point": 27, "testname": "TRAN_VDD_PULSE", "cornername": "CMOS_RES_CAP_TEMP_25"}
[2026-05-26 09:47:34.099 Z] [WARN] [cadence.virtuoso.ade.simulationMonitor] -     WARNING (CMI-2424): I19.I0.C3: `Voffcv' = -867.4e-03 is unusually small. {"history": "Interactive.77", "point": 27, "testname": "TRAN_VDD_PULSE", "cornername": "CMOS_RES_CAP_TEMP_25"}
[2026-05-26 09:47:34.100 Z] [WARN] [cadence.virtuoso.ade.simulationMonitor] -     WARNING (CMI-2425): I19.I0.C0: `Acde' = 2.393 is unusually large.
        Further occurrences of this warning will be suppressed. {"history": "Interactive.77", "point": 27, "testname": "TRAN_VDD_PULSE", "cornername": "CMOS_RES_CAP_TEMP_25"}
[2026-05-26 09:47:34.100 Z] [WARN] [cadence.virtuoso.ade.simulationMonitor] -     WARNING (CMI-2424): I19.I0.C0: `Voffcv' = -867.4e-03 is unusually small. {"history": "Interactive.77", "point": 27, "testname": "TRAN_VDD_PULSE", "cornername": "CMOS_RES_CAP_TEMP_25"}
[2026-05-26 09:47:34.100 Z] [WARN] [cadence.virtuoso.ade.simulationMonitor] -     WARNING (CMI-2424): I19.I0.I3.C1: `Voffcv' = -867.4e-03 is unusually small. {"history": "Interactive.77", "point": 27, "testname": "TRAN_VDD_PULSE", "cornername": "CMOS_RES_CAP_TEMP_25"}
[2026-05-26 09:47:34.100 Z] [WARN] [cadence.virtuoso.ade.simulationMonitor] -     WARNING (CMI-2424): I19.I0.C1<0>_turbo_m5: `Voffcv' = -867.4e-03 is unusually small.
        Further occurrences of this warning will be suppressed. {"history": "Interactive.77", "point": 27, "testname": "TRAN_VDD_PULSE", "cornername": "CMOS_RES_CAP_TEMP_25"}
[2026-05-26 09:47:34.100 Z] [WARN] [cadence.virtuoso.ade.simulationMonitor] -     WARNING (SPECTRE-17607): Assert `SOAC_rpolyh_vminuspsub' is ignored because it contains an expression which is invalid or not supported by native evaluator.  {"history": "Interactive.77", "point": 27, "testname": "TRAN_VDD_PULSE", "cornername": "CMOS_RES_CAP_TEMP_25"}
[2026-05-26 09:47:34.100 Z] [WARN] [cadence.virtuoso.ade.simulationMonitor] -     WARNING (SPECTRE-17607): Assert `SOAC_rpolyh_vpluspsub' is ignored because it contains an expression which is invalid or not supported by native evaluator.  {"history": "Interactive.77", "point": 27, "testname": "TRAN_VDD_PULSE", "cornername": "CMOS_RES_CAP_TEMP_25"}
[2026-05-26 09:47:34.100 Z] [WARN] [cadence.virtuoso.ade.simulationMonitor] -     WARNING (SPECTRE-16460): SOAC_cvarm_vspsub:Specified subcircuit master `cvarm' was not found. {"history": "Interactive.77", "point": 27, "testname": "TRAN_VDD_PULSE", "cornername": "CMOS_RES_CAP_TEMP_25"}
[2026-05-26 09:47:34.100 Z] [WARN] [cadence.virtuoso.ade.simulationMonitor] -     WARNING (SPECTRE-16462): SOAC_cvarm_vspsub:Error in specification of subcircuit master. Assert is ignored. {"history": "Interactive.77", "point": 27, "testname": "TRAN_VDD_PULSE", "cornername": "CMOS_RES_CAP_TEMP_25"}
[2026-05-26 09:47:34.100 Z] [WARN] [cadence.virtuoso.ade.simulationMonitor] -     WARNING (SPECTRE-16460): SOAC_cvarm_vbs:Specified subcircuit master `cvarm' was not found. {"history": "Interactive.77", "point": 27, "testname": "TRAN_VDD_PULSE", "cornername": "CMOS_RES_CAP_TEMP_25"}
[2026-05-26 09:47:34.100 Z] [WARN] [cadence.virtuoso.ade.simulationMonitor] -     WARNING (SPECTRE-16462): SOAC_cvarm_vbs:Error in specification of subcircuit master. Assert is ignored. {"history": "Interactive.77", "point": 27, "testname": "TRAN_VDD_PULSE", "cornername": "CMOS_RES_CAP_TEMP_25"}
[2026-05-26 09:47:34.100 Z] [WARN] [cadence.virtuoso.ade.simulationMonitor] -     WARNING (SPECTRE-16460): SOAC_cvarm_vgb:Specified subcircuit master `cvarm' was not found. {"history": "Interactive.77", "point": 27, "testname": "TRAN_VDD_PULSE", "cornername": "CMOS_RES_CAP_TEMP_25"}
[2026-05-26 09:47:34.100 Z] [WARN] [cadence.virtuoso.ade.simulationMonitor] -     WARNING (SPECTRE-16462): SOAC_cvarm_vgb:Error in specification of subcircuit master. Assert is ignored. {"history": "Interactive.77", "point": 27, "testname": "TRAN_VDD_PULSE", "cornername": "CMOS_RES_CAP_TEMP_25"}
[2026-05-26 09:47:34.100 Z] [WARN] [cadence.virtuoso.ade.simulationMonitor] -     WARNING (SPECTRE-16460): SOAC_cvart_vspsub:Specified subcircuit master `cvart' was not found. {"history": "Interactive.77", "point": 27, "testname": "TRAN_VDD_PULSE", "cornername": "CMOS_RES_CAP_TEMP_25"}
[2026-05-26 09:47:34.101 Z] [WARN] [cadence.virtuoso.ade.simulationMonitor] -     WARNING (SPECTRE-16462): SOAC_cvart_vspsub:Error in specification of subcircuit master. Assert is ignored. {"history": "Interactive.77", "point": 27, "testname": "TRAN_VDD_PULSE", "cornername": "CMOS_RES_CAP_TEMP_25"}
[2026-05-26 09:47:34.101 Z] [WARN] [cadence.virtuoso.ade.simulationMonitor] -     WARNING (SPECTRE-16460): SOAC_cvart_vbs:Specified subcircuit master `cvart' was not found.
        Further occurrences of this warning will be suppressed. {"history": "Interactive.77", "point": 27, "testname": "TRAN_VDD_PULSE", "cornername": "CMOS_RES_CAP_TEMP_25"}
[2026-05-26 09:47:34.101 Z] [WARN] [cadence.virtuoso.ade.simulationMonitor] -     WARNING (SPECTRE-16462): SOAC_cvart_vbs:Error in specification of subcircuit master. Assert is ignored.
        Further occurrences of this warning will be suppressed. {"history": "Interactive.77", "point": 27, "testname": "TRAN_VDD_PULSE", "cornername": "CMOS_RES_CAP_TEMP_25"}
[2026-05-26 09:47:34.101 Z] [WARN] [cadence.virtuoso.ade.simulationMonitor] -     WARNING (SPECTRE-17607): Assert `SOAC_cvar_vspsub' is ignored because it contains an expression which is invalid or not supported by native evaluator.  {"history": "Interactive.77", "point": 27, "testname": "TRAN_VDD_PULSE", "cornername": "CMOS_RES_CAP_TEMP_25"}
[2026-05-26 09:47:34.101 Z] [WARN] [cadence.virtuoso.ade.simulationMonitor] -     WARNING (SPECTRE-17607): Assert `SOAC_cvar_vbpsub' is ignored because it contains an expression which is invalid or not supported by native evaluator.  {"history": "Interactive.77", "point": 27, "testname": "TRAN_VDD_PULSE", "cornername": "CMOS_RES_CAP_TEMP_25"}
[2026-05-26 09:47:34.101 Z] [WARN] [cadence.virtuoso.ade.simulationMonitor] -     WARNING (SPECTRE-17607): Assert `SOAC_cvar_vgpsub' is ignored because it contains an expression which is invalid or not supported by native evaluator. 
        Further occurrences of this warning will be suppressed. {"history": "Interactive.77", "point": 27, "testname": "TRAN_VDD_PULSE", "cornername": "CMOS_RES_CAP_TEMP_25"}
[2026-05-26 09:47:34.601 Z] [INFO] [cadence.virtuoso.ade.simulationMonitor] - Notice from spectre during topology check.
    No DC path from node `net19' to ground, Gmin installed to provide path. {"history": "Interactive.77", "point": 27, "testname": "TRAN_VDD_PULSE", "cornername": "CMOS_RES_CAP_TEMP_25"}
[2026-05-26 09:47:34.601 Z] [INFO] [cadence.virtuoso.ade.simulationMonitor] - Notice from spectre during initial setup.
    Multithreading is disabled due to the size of the design being too small. {"history": "Interactive.77", "point": 27, "testname": "TRAN_VDD_PULSE", "cornername": "CMOS_RES_CAP_TEMP_25"}
[2026-05-26 09:47:34.602 Z] [INFO] [cadence.virtuoso.ade.simulationMonitor] -               nodes 784 {"history": "Interactive.77", "point": 27, "testname": "TRAN_VDD_PULSE", "cornername": "CMOS_RES_CAP_TEMP_25"}
[2026-05-26 09:47:34.602 Z] [INFO] [cadence.virtuoso.ade.simulationMonitor] - Notice from spectre during initial setup.
    4 vsources are shorted because their absolute value is less than or equal to 'vabsshort'.
    Spectre X preset=mx enabled.
    18 notices suppressed.
    154 warnings suppressed. {"history": "Interactive.77", "point": 27, "testname": "TRAN_VDD_PULSE", "cornername": "CMOS_RES_CAP_TEMP_25"}
[2026-05-26 09:47:34.602 Z] [INFO] [cadence.virtuoso.ade.simulationMonitor] - Peak resident memory used = 212 Mbytes. {"history": "Interactive.77", "point": 27, "testname": "TRAN_VDD_PULSE", "cornername": "CMOS_RES_CAP_TEMP_25"}
[2026-05-26 09:47:34.602 Z] [INFO] [cadence.virtuoso.ade.simulationMonitor] -    -   (Spectre X) Multi-threading. The recommended number of threads is 1, consider adding +mt=1 on command line. {"history": "Interactive.77", "point": 27, "testname": "TRAN_VDD_PULSE", "cornername": "CMOS_RES_CAP_TEMP_25"}
[2026-05-26 09:47:34.602 Z] [INFO] [cadence.virtuoso.ade.simulationMonitor] - Notice from spectre during DC analysis `dcOp'.
    No checklimit analysis defined for asserts. A default checklimit analysis 'SpectreChecklimitAnal' has been created with all asserts enabled. {"history": "Interactive.77", "point": 27, "testname": "TRAN_VDD_PULSE", "cornername": "CMOS_RES_CAP_TEMP_25"}
[2026-05-26 09:47:34.602 Z] [INFO] [cadence.virtuoso.ade.simulationMonitor] - Notice from spectre during DC analysis `dcOp'.
    GminDC = 1 pS is large enough to noticeably affect the DC solution.
        dV(I19.I2.C1.d1) = 912.01 uV
        Use the `gmin_check' option to eliminate or expand this report. {"history": "Interactive.77", "point": 27, "testname": "TRAN_VDD_PULSE", "cornername": "CMOS_RES_CAP_TEMP_25"}
[2026-05-26 09:47:34.602 Z] [WARN] [cadence.virtuoso.ade.simulationMonitor] -     WARNING (CMI-2943): Parameter checks have been ignored because the valid value for parameter 'trise' could not be found in 'C0'. {"history": "Interactive.77", "point": 27, "testname": "TRAN_VDD_PULSE", "cornername": "CMOS_RES_CAP_TEMP_25"}
[2026-05-26 09:47:34.602 Z] [WARN] [cadence.virtuoso.ade.simulationMonitor] -     WARNING (CMI-2943): Parameter checks have been ignored because the valid value for parameter 'trise' could not be found in 'C3'. {"history": "Interactive.77", "point": 27, "testname": "TRAN_VDD_PULSE", "cornername": "CMOS_RES_CAP_TEMP_25"}
[2026-05-26 09:47:34.602 Z] [WARN] [cadence.virtuoso.ade.simulationMonitor] -     WARNING (CMI-2943): Parameter checks have been ignored because the valid value for parameter 'trise' could not be found in 'C4'. {"history": "Interactive.77", "point": 27, "testname": "TRAN_VDD_PULSE", "cornername": "CMOS_RES_CAP_TEMP_25"}
[2026-05-26 09:47:34.602 Z] [WARN] [cadence.virtuoso.ade.simulationMonitor] -     WARNING (CMI-2943): Parameter checks have been ignored because the valid value for parameter 'trise' could not be found in 'C5'. {"history": "Interactive.77", "point": 27, "testname": "TRAN_VDD_PULSE", "cornername": "CMOS_RES_CAP_TEMP_25"}
[2026-05-26 09:47:34.602 Z] [WARN] [cadence.virtuoso.ade.simulationMonitor] -     WARNING (CMI-2943): Parameter checks have been ignored because the valid value for parameter 'trise' could not be found in 'I19.I4.C9<0>_turbo_m6.C1'.
        Further occurrences of this warning will be suppressed. {"history": "Interactive.77", "point": 27, "testname": "TRAN_VDD_PULSE", "cornername": "CMOS_RES_CAP_TEMP_25"}
[2026-05-26 09:47:34.602 Z] [INFO] [cadence.virtuoso.ade.simulationMonitor] - Total time required for dc analysis `dcOp': CPU = 53.975 ms, elapsed = 83.894 ms, util. = 64.3%. {"history": "Interactive.77", "point": 27, "testname": "TRAN_VDD_PULSE", "cornername": "CMOS_RES_CAP_TEMP_25"}
[2026-05-26 09:47:34.603 Z] [INFO] [cadence.virtuoso.ade.simulationMonitor] - Peak resident memory used = 223 Mbytes. {"history": "Interactive.77", "point": 27, "testname": "TRAN_VDD_PULSE", "cornername": "CMOS_RES_CAP_TEMP_25"}
[2026-05-26 09:47:34.603 Z] [INFO] [cadence.virtuoso.ade.simulationMonitor] - Notice from spectre.
    246 warnings suppressed. {"history": "Interactive.77", "point": 27, "testname": "TRAN_VDD_PULSE", "cornername": "CMOS_RES_CAP_TEMP_25"}
[2026-05-26 09:47:34.603 Z] [INFO] [cadence.virtuoso.ade.simulationMonitor] - Notice from spectre during IC analysis, during transient analysis `tran'.
    GminDC = 1 pS is large enough to noticeably affect the DC solution.
        dV(I19.I2.C1.d1) = 912.01 uV
        Use the `gmin_check' option to eliminate or expand this report. {"history": "Interactive.77", "point": 27, "testname": "TRAN_VDD_PULSE", "cornername": "CMOS_RES_CAP_TEMP_25"}
[2026-05-26 09:47:34.603 Z] [WARN] [cadence.virtuoso.ade.simulationMonitor] -     WARNING (CMI-2943): Parameter checks have been ignored because the valid value for parameter 'trise' could not be found in 'C0'. {"history": "Interactive.77", "point": 27, "testname": "TRAN_VDD_PULSE", "cornername": "CMOS_RES_CAP_TEMP_25"}
[2026-05-26 09:47:34.603 Z] [WARN] [cadence.virtuoso.ade.simulationMonitor] -     WARNING (CMI-2943): Parameter checks have been ignored because the valid value for parameter 'trise' could not be found in 'C3'. {"history": "Interactive.77", "point": 27, "testname": "TRAN_VDD_PULSE", "cornername": "CMOS_RES_CAP_TEMP_25"}
[2026-05-26 09:47:34.603 Z] [WARN] [cadence.virtuoso.ade.simulationMonitor] -     WARNING (CMI-2943): Parameter checks have been ignored because the valid value for parameter 'trise' could not be found in 'C4'. {"history": "Interactive.77", "point": 27, "testname": "TRAN_VDD_PULSE", "cornername": "CMOS_RES_CAP_TEMP_25"}
[2026-05-26 09:47:34.603 Z] [WARN] [cadence.virtuoso.ade.simulationMonitor] -     WARNING (CMI-2943): Parameter checks have been ignored because the valid value for parameter 'trise' could not be found in 'C5'. {"history": "Interactive.77", "point": 27, "testname": "TRAN_VDD_PULSE", "cornername": "CMOS_RES_CAP_TEMP_25"}
[2026-05-26 09:47:34.603 Z] [WARN] [cadence.virtuoso.ade.simulationMonitor] -     WARNING (CMI-2943): Parameter checks have been ignored because the valid value for parameter 'trise' could not be found in 'I19.I4.C9<0>_turbo_m6.C1'.
        Further occurrences of this warning will be suppressed. {"history": "Interactive.77", "point": 27, "testname": "TRAN_VDD_PULSE", "cornername": "CMOS_RES_CAP_TEMP_25"}
[2026-05-26 09:47:34.603 Z] [INFO] [cadence.virtuoso.ade.simulationMonitor] - Notice from spectre during transient analysis `tran'.
    Multithreading is disabled due to the size of the design being too small. {"history": "Interactive.77", "point": 27, "testname": "TRAN_VDD_PULSE", "cornername": "CMOS_RES_CAP_TEMP_25"}
[2026-05-26 09:49:10.628 Z] [INFO] [cadence.virtuoso.ade.simulationMonitor] - Total time required for tran analysis `tran': CPU = 95.4883 s (1m  35.5s), elapsed = 95.7924 s (1m  35.8s), util. = 99.7%. {"history": "Interactive.77", "point": 27, "testname": "TRAN_VDD_PULSE", "cornername": "CMOS_RES_CAP_TEMP_25"}
[2026-05-26 09:49:10.628 Z] [INFO] [cadence.virtuoso.ade.simulationMonitor] - Peak resident memory used = 230 Mbytes. {"history": "Interactive.77", "point": 27, "testname": "TRAN_VDD_PULSE", "cornername": "CMOS_RES_CAP_TEMP_25"}
[2026-05-26 09:49:10.629 Z] [INFO] [cadence.virtuoso.ade.simulationMonitor] - Notice from spectre.
    246 warnings suppressed. {"history": "Interactive.77", "point": 27, "testname": "TRAN_VDD_PULSE", "cornername": "CMOS_RES_CAP_TEMP_25"}
[2026-05-26 09:49:10.629 Z] [WARN] [cadence.virtuoso.ade.simulationMonitor] -     WARNING (CMI-2425): I19.I2.C1: `Acde' = 2.393 is unusually large. {"history": "Interactive.77", "point": 27, "testname": "TRAN_VDD_PULSE", "cornername": "CMOS_RES_CAP_TEMP_25"}
[2026-05-26 09:49:10.629 Z] [WARN] [cadence.virtuoso.ade.simulationMonitor] -     WARNING (CMI-2425): I19.I2.C1: `Noff' = 4.732 is unusually large. {"history": "Interactive.77", "point": 27, "testname": "TRAN_VDD_PULSE", "cornername": "CMOS_RES_CAP_TEMP_25"}
[2026-05-26 09:49:10.629 Z] [WARN] [cadence.virtuoso.ade.simulationMonitor] -     WARNING (CMI-2424): I19.I2.C1: `Voffcv' = -867.4e-03 is unusually small. {"history": "Interactive.77", "point": 27, "testname": "TRAN_VDD_PULSE", "cornername": "CMOS_RES_CAP_TEMP_25"}
[2026-05-26 09:49:10.629 Z] [WARN] [cadence.virtuoso.ade.simulationMonitor] -     WARNING (CMI-2425): I19.I8.C0: `Acde' = 2.393 is unusually large. {"history": "Interactive.77", "point": 27, "testname": "TRAN_VDD_PULSE", "cornername": "CMOS_RES_CAP_TEMP_25"}
[2026-05-26 09:49:10.629 Z] [WARN] [cadence.virtuoso.ade.simulationMonitor] -     WARNING (CMI-2425): I19.I8.C0: `Noff' = 4.732 is unusually large. {"history": "Interactive.77", "point": 27, "testname": "TRAN_VDD_PULSE", "cornername": "CMOS_RES_CAP_TEMP_25"}
[2026-05-26 09:49:10.629 Z] [WARN] [cadence.virtuoso.ade.simulationMonitor] -     WARNING (CMI-2424): I19.I8.C0: `Voffcv' = -867.4e-03 is unusually small. {"history": "Interactive.77", "point": 27, "testname": "TRAN_VDD_PULSE", "cornername": "CMOS_RES_CAP_TEMP_25"}
[2026-05-26 09:49:10.629 Z] [WARN] [cadence.virtuoso.ade.simulationMonitor] -     WARNING (CMI-2425): I19.I8.C1: `Acde' = 2.393 is unusually large.
        Further occurrences of this warning will be suppressed. {"history": "Interactive.77", "point": 27, "testname": "TRAN_VDD_PULSE", "cornername": "CMOS_RES_CAP_TEMP_25"}
[2026-05-26 09:49:10.629 Z] [WARN] [cadence.virtuoso.ade.simulationMonitor] -     WARNING (CMI-2424): I19.I8.C1: `Voffcv' = -867.4e-03 is unusually small. {"history": "Interactive.77", "point": 27, "testname": "TRAN_VDD_PULSE", "cornername": "CMOS_RES_CAP_TEMP_25"}
[2026-05-26 09:49:10.629 Z] [WARN] [cadence.virtuoso.ade.simulationMonitor] -     WARNING (CMI-2424): I19.I14.C1: `Voffcv' = -867.4e-03 is unusually small. {"history": "Interactive.77", "point": 27, "testname": "TRAN_VDD_PULSE", "cornername": "CMOS_RES_CAP_TEMP_25"}
[2026-05-26 09:49:10.629 Z] [WARN] [cadence.virtuoso.ade.simulationMonitor] -     WARNING (CMI-2424): I19.I14.C4: `Voffcv' = -867.4e-03 is unusually small.
        Further occurrences of this warning will be suppressed. {"history": "Interactive.77", "point": 27, "testname": "TRAN_VDD_PULSE", "cornername": "CMOS_RES_CAP_TEMP_25"}
[2026-05-26 09:49:10.629 Z] [INFO] [cadence.virtuoso.ade.simulationMonitor] - Notice from spectre.
    56 warnings suppressed. {"history": "Interactive.77", "point": 27, "testname": "TRAN_VDD_PULSE", "cornername": "CMOS_RES_CAP_TEMP_25"}
[2026-05-26 09:49:10.629 Z] [WARN] [cadence.virtuoso.ade.simulationMonitor] -     WARNING (CMI-2425): I19.I2.C1: `Acde' = 2.393 is unusually large. {"history": "Interactive.77", "point": 27, "testname": "TRAN_VDD_PULSE", "cornername": "CMOS_RES_CAP_TEMP_25"}
[2026-05-26 09:49:10.629 Z] [WARN] [cadence.virtuoso.ade.simulationMonitor] -     WARNING (CMI-2425): I19.I2.C1: `Noff' = 4.732 is unusually large. {"history": "Interactive.77", "point": 27, "testname": "TRAN_VDD_PULSE", "cornername": "CMOS_RES_CAP_TEMP_25"}
[2026-05-26 09:49:10.629 Z] [WARN] [cadence.virtuoso.ade.simulationMonitor] -     WARNING (CMI-2424): I19.I2.C1: `Voffcv' = -867.4e-03 is unusually small. {"history": "Interactive.77", "point": 27, "testname": "TRAN_VDD_PULSE", "cornername": "CMOS_RES_CAP_TEMP_25"}
[2026-05-26 09:49:10.629 Z] [WARN] [cadence.virtuoso.ade.simulationMonitor] -     WARNING (CMI-2425): I19.I8.C0: `Acde' = 2.393 is unusually large. {"history": "Interactive.77", "point": 27, "testname": "TRAN_VDD_PULSE", "cornername": "CMOS_RES_CAP_TEMP_25"}
[2026-05-26 09:49:10.629 Z] [WARN] [cadence.virtuoso.ade.simulationMonitor] -     WARNING (CMI-2425): I19.I8.C0: `Noff' = 4.732 is unusually large. {"history": "Interactive.77", "point": 27, "testname": "TRAN_VDD_PULSE", "cornername": "CMOS_RES_CAP_TEMP_25"}
[2026-05-26 09:49:10.629 Z] [WARN] [cadence.virtuoso.ade.simulationMonitor] -     WARNING (CMI-2424): I19.I8.C0: `Voffcv' = -867.4e-03 is unusually small. {"history": "Interactive.77", "point": 27, "testname": "TRAN_VDD_PULSE", "cornername": "CMOS_RES_CAP_TEMP_25"}
[2026-05-26 09:49:10.630 Z] [WARN] [cadence.virtuoso.ade.simulationMonitor] -     WARNING (CMI-2425): I19.I8.C1: `Acde' = 2.393 is unusually large.
        Further occurrences of this warning will be suppressed. {"history": "Interactive.77", "point": 27, "testname": "TRAN_VDD_PULSE", "cornername": "CMOS_RES_CAP_TEMP_25"}
[2026-05-26 09:49:10.630 Z] [WARN] [cadence.virtuoso.ade.simulationMonitor] -     WARNING (CMI-2424): I19.I8.C1: `Voffcv' = -867.4e-03 is unusually small. {"history": "Interactive.77", "point": 27, "testname": "TRAN_VDD_PULSE", "cornername": "CMOS_RES_CAP_TEMP_25"}
[2026-05-26 09:49:10.630 Z] [WARN] [cadence.virtuoso.ade.simulationMonitor] -     WARNING (CMI-2424): I19.I14.C1: `Voffcv' = -867.4e-03 is unusually small. {"history": "Interactive.77", "point": 27, "testname": "TRAN_VDD_PULSE", "cornername": "CMOS_RES_CAP_TEMP_25"}
[2026-05-26 09:49:10.630 Z] [WARN] [cadence.virtuoso.ade.simulationMonitor] -     WARNING (CMI-2424): I19.I14.C4: `Voffcv' = -867.4e-03 is unusually small.
        Further occurrences of this warning will be suppressed. {"history": "Interactive.77", "point": 27, "testname": "TRAN_VDD_PULSE", "cornername": "CMOS_RES_CAP_TEMP_25"}
[2026-05-26 09:49:10.630 Z] [INFO] [cadence.virtuoso.ade.simulationMonitor] - Notice from spectre.
    59 warnings suppressed. {"history": "Interactive.77", "point": 27, "testname": "TRAN_VDD_PULSE", "cornername": "CMOS_RES_CAP_TEMP_25"}
[2026-05-26 09:49:10.630 Z] [WARN] [cadence.virtuoso.ade.simulationMonitor] -     WARNING (CMI-2425): I19.I2.C1: `Acde' = 2.393 is unusually large. {"history": "Interactive.77", "point": 27, "testname": "TRAN_VDD_PULSE", "cornername": "CMOS_RES_CAP_TEMP_25"}
[2026-05-26 09:49:10.630 Z] [WARN] [cadence.virtuoso.ade.simulationMonitor] -     WARNING (CMI-2425): I19.I2.C1: `Noff' = 4.732 is unusually large. {"history": "Interactive.77", "point": 27, "testname": "TRAN_VDD_PULSE", "cornername": "CMOS_RES_CAP_TEMP_25"}
[2026-05-26 09:49:10.630 Z] [WARN] [cadence.virtuoso.ade.simulationMonitor] -     WARNING (CMI-2424): I19.I2.C1: `Voffcv' = -867.4e-03 is unusually small. {"history": "Interactive.77", "point": 27, "testname": "TRAN_VDD_PULSE", "cornername": "CMOS_RES_CAP_TEMP_25"}
[2026-05-26 09:49:10.630 Z] [WARN] [cadence.virtuoso.ade.simulationMonitor] -     WARNING (CMI-2425): I19.I8.C0: `Acde' = 2.393 is unusually large. {"history": "Interactive.77", "point": 27, "testname": "TRAN_VDD_PULSE", "cornername": "CMOS_RES_CAP_TEMP_25"}
[2026-05-26 09:49:10.630 Z] [WARN] [cadence.virtuoso.ade.simulationMonitor] -     WARNING (CMI-2425): I19.I8.C0: `Noff' = 4.732 is unusually large. {"history": "Interactive.77", "point": 27, "testname": "TRAN_VDD_PULSE", "cornername": "CMOS_RES_CAP_TEMP_25"}
[2026-05-26 09:49:10.630 Z] [WARN] [cadence.virtuoso.ade.simulationMonitor] -     WARNING (CMI-2424): I19.I8.C0: `Voffcv' = -867.4e-03 is unusually small. {"history": "Interactive.77", "point": 27, "testname": "TRAN_VDD_PULSE", "cornername": "CMOS_RES_CAP_TEMP_25"}
[2026-05-26 09:49:10.630 Z] [WARN] [cadence.virtuoso.ade.simulationMonitor] -     WARNING (CMI-2425): I19.I8.C1: `Acde' = 2.393 is unusually large.
        Further occurrences of this warning will be suppressed. {"history": "Interactive.77", "point": 27, "testname": "TRAN_VDD_PULSE", "cornername": "CMOS_RES_CAP_TEMP_25"}
[2026-05-26 09:49:10.630 Z] [WARN] [cadence.virtuoso.ade.simulationMonitor] -     WARNING (CMI-2424): I19.I8.C1: `Voffcv' = -867.4e-03 is unusually small. {"history": "Interactive.77", "point": 27, "testname": "TRAN_VDD_PULSE", "cornername": "CMOS_RES_CAP_TEMP_25"}
[2026-05-26 09:49:10.630 Z] [WARN] [cadence.virtuoso.ade.simulationMonitor] -     WARNING (CMI-2424): I19.I14.C1: `Voffcv' = -867.4e-03 is unusually small. {"history": "Interactive.77", "point": 27, "testname": "TRAN_VDD_PULSE", "cornername": "CMOS_RES_CAP_TEMP_25"}
[2026-05-26 09:49:10.630 Z] [WARN] [cadence.virtuoso.ade.simulationMonitor] -     WARNING (CMI-2424): I19.I14.C4: `Voffcv' = -867.4e-03 is unusually small.
        Further occurrences of this warning will be suppressed. {"history": "Interactive.77", "point": 27, "testname": "TRAN_VDD_PULSE", "cornername": "CMOS_RES_CAP_TEMP_25"}
[2026-05-26 09:49:10.630 Z] [INFO] [cadence.virtuoso.ade.simulationMonitor] - Notice from spectre.
    56 warnings suppressed. {"history": "Interactive.77", "point": 27, "testname": "TRAN_VDD_PULSE", "cornername": "CMOS_RES_CAP_TEMP_25"}
[2026-05-26 09:49:10.630 Z] [WARN] [cadence.virtuoso.ade.simulationMonitor] -     WARNING (CMI-2425): I19.I2.C1: `Acde' = 2.393 is unusually large. {"history": "Interactive.77", "point": 27, "testname": "TRAN_VDD_PULSE", "cornername": "CMOS_RES_CAP_TEMP_25"}
[2026-05-26 09:49:10.630 Z] [WARN] [cadence.virtuoso.ade.simulationMonitor] -     WARNING (CMI-2425): I19.I2.C1: `Noff' = 4.732 is unusually large. {"history": "Interactive.77", "point": 27, "testname": "TRAN_VDD_PULSE", "cornername": "CMOS_RES_CAP_TEMP_25"}
[2026-05-26 09:49:10.630 Z] [WARN] [cadence.virtuoso.ade.simulationMonitor] -     WARNING (CMI-2424): I19.I2.C1: `Voffcv' = -867.4e-03 is unusually small. {"history": "Interactive.77", "point": 27, "testname": "TRAN_VDD_PULSE", "cornername": "CMOS_RES_CAP_TEMP_25"}
[2026-05-26 09:49:10.631 Z] [WARN] [cadence.virtuoso.ade.simulationMonitor] -     WARNING (CMI-2425): I19.I8.C0: `Acde' = 2.393 is unusually large. {"history": "Interactive.77", "point": 27, "testname": "TRAN_VDD_PULSE", "cornername": "CMOS_RES_CAP_TEMP_25"}
[2026-05-26 09:49:10.631 Z] [WARN] [cadence.virtuoso.ade.simulationMonitor] -     WARNING (CMI-2425): I19.I8.C0: `Noff' = 4.732 is unusually large. {"history": "Interactive.77", "point": 27, "testname": "TRAN_VDD_PULSE", "cornername": "CMOS_RES_CAP_TEMP_25"}
[2026-05-26 09:49:10.631 Z] [WARN] [cadence.virtuoso.ade.simulationMonitor] -     WARNING (CMI-2424): I19.I8.C0: `Voffcv' = -867.4e-03 is unusually small. {"history": "Interactive.77", "point": 27, "testname": "TRAN_VDD_PULSE", "cornername": "CMOS_RES_CAP_TEMP_25"}
[2026-05-26 09:49:10.631 Z] [WARN] [cadence.virtuoso.ade.simulationMonitor] -     WARNING (CMI-2425): I19.I8.C1: `Acde' = 2.393 is unusually large.
        Further occurrences of this warning will be suppressed. {"history": "Interactive.77", "point": 27, "testname": "TRAN_VDD_PULSE", "cornername": "CMOS_RES_CAP_TEMP_25"}
[2026-05-26 09:49:10.631 Z] [WARN] [cadence.virtuoso.ade.simulationMonitor] -     WARNING (CMI-2424): I19.I8.C1: `Voffcv' = -867.4e-03 is unusually small. {"history": "Interactive.77", "point": 27, "testname": "TRAN_VDD_PULSE", "cornername": "CMOS_RES_CAP_TEMP_25"}
[2026-05-26 09:49:10.631 Z] [WARN] [cadence.virtuoso.ade.simulationMonitor] -     WARNING (CMI-2424): I19.I14.C1: `Voffcv' = -867.4e-03 is unusually small. {"history": "Interactive.77", "point": 27, "testname": "TRAN_VDD_PULSE", "cornername": "CMOS_RES_CAP_TEMP_25"}
[2026-05-26 09:49:10.631 Z] [WARN] [cadence.virtuoso.ade.simulationMonitor] -     WARNING (CMI-2424): I19.I14.C4: `Voffcv' = -867.4e-03 is unusually small.
        Further occurrences of this warning will be suppressed. {"history": "Interactive.77", "point": 27, "testname": "TRAN_VDD_PULSE", "cornername": "CMOS_RES_CAP_TEMP_25"}
[2026-05-26 09:49:10.631 Z] [INFO] [cadence.virtuoso.ade.simulationMonitor] - Notice from spectre.
    56 warnings suppressed. {"history": "Interactive.77", "point": 27, "testname": "TRAN_VDD_PULSE", "cornername": "CMOS_RES_CAP_TEMP_25"}
[2026-05-26 09:49:10.631 Z] [INFO] [cadence.virtuoso.ade.simulationMonitor] - Time used: CPU = 95.9 s (1m  35.9s), elapsed = 96.5 s (1m  36.5s), util. = 99.4%. {"history": "Interactive.77", "point": 27, "testname": "TRAN_VDD_PULSE", "cornername": "CMOS_RES_CAP_TEMP_25"}
[2026-05-26 09:49:10.631 Z] [INFO] [cadence.virtuoso.ade.simulationMonitor] - Time spent in licensing: elapsed = 39.2 ms. {"history": "Interactive.77", "point": 27, "testname": "TRAN_VDD_PULSE", "cornername": "CMOS_RES_CAP_TEMP_25"}
[2026-05-26 09:49:10.631 Z] [INFO] [cadence.virtuoso.ade.simulationMonitor] - Peak memory used = 230 Mbytes. {"history": "Interactive.77", "point": 27, "testname": "TRAN_VDD_PULSE", "cornername": "CMOS_RES_CAP_TEMP_25"}
[2026-05-26 09:49:10.631 Z] [PROCESS] [cadence.virtuoso.ade.simulationMonitor] - Simulation started at: 9:47:33 AM, Tue May 26, 2026, ended at: 9:49:10 AM, Tue May 26, 2026, with elapsed time (wall clock): 96.5 s (1m  36.5s). {"history": "Interactive.77", "point": 27, "testname": "TRAN_VDD_PULSE", "cornername": "CMOS_RES_CAP_TEMP_25"}
[2026-05-26 09:49:10.631 Z] [PROCESS] [cadence.virtuoso.ade.simulationMonitor] - spectre completes with 0 errors, 96 warnings, and 31 notices. {"history": "Interactive.77", "point": 27, "testname": "TRAN_VDD_PULSE", "cornername": "CMOS_RES_CAP_TEMP_25"}
[2026-05-26 09:49:10.631 Z] [PROCESS] [cadence.virtuoso.ade.simulationMonitor] - Finished simulating for one point {"hostname": "edatools", "processid": 247514, "history": "Interactive.77", "testname": "TRAN_VDD_PULSE", "cornername": "CMOS_RES_CAP_TEMP_25", "point": 27, "logfile": "/home/saul/projects/IL2244_VT26_SAUL/logs_saul/logs0/Job48.log", "simid": "5"}
[2026-05-26 09:49:10.631 Z] [PROCESS] [cadence.virtuoso.ade.simulationMonitor] - Simulator exited {"hostname": "edatools", "processid": 247514, "history": "Interactive.77", "testname": "TRAN_VDD_PULSE", "cornername": "CMOS_RES_CAP_TEMP_25", "point": 27, "logfile": "/home/saul/projects/IL2244_VT26_SAUL/logs_saul/logs0/Job48.log", "exitStatus": "0"}
[2026-05-26 09:49:10.631 Z] [PROCESS] [cadence.virtuoso.ade.simulationMonitor] - Finished Simulation {"hostname": "edatools", "processid": 247514, "history": "Interactive.77", "testname": "TRAN_VDD_PULSE", "cornername": "CMOS_RES_CAP_TEMP_25", "point": 27, "logfile": "/home/saul/projects/IL2244_VT26_SAUL/logs_saul/logs0/Job48.log", "simid": "5"}
[2026-05-26 09:49:12.136 Z] [PROCESS] [cadence.virtuoso.ade.simulationMonitor] - Point Finished {"hostname": "edatools", "processid": 247514, "history": "Interactive.77", "testname": "TRAN_VDD_PULSE", "cornername": "CMOS_RES_CAP_TEMP_25", "point": 27, "logfile": "/home/saul/projects/IL2244_VT26_SAUL/logs_saul/logs0/Job48.log"}
[2026-05-26 09:49:13.140 Z] [PROCESS] [cadence.virtuoso.ade.simulationMonitor] - Stay with the runId '17', Linger time '300', currentRunSyn '34', currentTestSyn '35' {"hostname": "edatools", "processid": 247514, "history": "Interactive.77", "testname": "TRAN_VDD_PULSE", "cornername": "CMOS_RES_CAP_TEMP_25", "point": 27, "logfile": "/home/saul/projects/IL2244_VT26_SAUL/logs_saul/logs0/Job48.log"}
[2026-05-26 09:49:14.142 Z] [PROCESS] [cadence.virtuoso.ade.simulationMonitor] - Stay with the runId '17', Linger time '300', currentRunSyn '34', currentTestSyn '35' {"hostname": "edatools", "processid": 247514, "history": "Interactive.77", "testname": "TRAN_VDD_PULSE", "cornername": "CMOS_RES_CAP_TEMP_25", "point": 27, "logfile": "/home/saul/projects/IL2244_VT26_SAUL/logs_saul/logs0/Job48.log"}
[2026-05-26 09:49:15.142 Z] [PROCESS] [cadence.virtuoso.ade.simulationMonitor] - Stay with the runId '17', Linger time '300', currentRunSyn '34', currentTestSyn '35' {"hostname": "edatools", "processid": 247514, "history": "Interactive.77", "testname": "TRAN_VDD_PULSE", "cornername": "CMOS_RES_CAP_TEMP_25", "point": 27, "logfile": "/home/saul/projects/IL2244_VT26_SAUL/logs_saul/logs0/Job48.log"}
[2026-05-26 09:49:16.143 Z] [PROCESS] [cadence.virtuoso.ade.simulationMonitor] - Stay with the runId '17', Linger time '300', currentRunSyn '34', currentTestSyn '35' {"hostname": "edatools", "processid": 247514, "history": "Interactive.77", "testname": "TRAN_VDD_PULSE", "cornername": "CMOS_RES_CAP_TEMP_25", "point": 27, "logfile": "/home/saul/projects/IL2244_VT26_SAUL/logs_saul/logs0/Job48.log"}
[2026-05-26 09:49:17.144 Z] [PROCESS] [cadence.virtuoso.ade.simulationMonitor] - Stay with the runId '17', Linger time '300', currentRunSyn '34', currentTestSyn '35' {"hostname": "edatools", "processid": 247514, "history": "Interactive.77", "testname": "TRAN_VDD_PULSE", "cornername": "CMOS_RES_CAP_TEMP_25", "point": 27, "logfile": "/home/saul/projects/IL2244_VT26_SAUL/logs_saul/logs0/Job48.log"}
[2026-05-26 09:49:18.144 Z] [PROCESS] [cadence.virtuoso.ade.simulationMonitor] - Stay with the runId '17', Linger time '300', currentRunSyn '34', currentTestSyn '35' {"hostname": "edatools", "processid": 247514, "history": "Interactive.77", "testname": "TRAN_VDD_PULSE", "cornername": "CMOS_RES_CAP_TEMP_25", "point": 27, "logfile": "/home/saul/projects/IL2244_VT26_SAUL/logs_saul/logs0/Job48.log"}
[2026-05-26 09:49:19.145 Z] [PROCESS] [cadence.virtuoso.ade.simulationMonitor] - Stay with the runId '17', Linger time '300', currentRunSyn '34', currentTestSyn '35' {"hostname": "edatools", "processid": 247514, "history": "Interactive.77", "testname": "TRAN_VDD_PULSE", "cornername": "CMOS_RES_CAP_TEMP_25", "point": 27, "logfile": "/home/saul/projects/IL2244_VT26_SAUL/logs_saul/logs0/Job48.log"}
[2026-05-26 09:49:20.146 Z] [PROCESS] [cadence.virtuoso.ade.simulationMonitor] - Stay with the runId '17', Linger time '300', currentRunSyn '34', currentTestSyn '35' {"hostname": "edatools", "processid": 247514, "history": "Interactive.77", "testname": "TRAN_VDD_PULSE", "cornername": "CMOS_RES_CAP_TEMP_25", "point": 27, "logfile": "/home/saul/projects/IL2244_VT26_SAUL/logs_saul/logs0/Job48.log"}
[2026-05-26 09:49:21.146 Z] [PROCESS] [cadence.virtuoso.ade.simulationMonitor] - Stay with the runId '17', Linger time '300', currentRunSyn '34', currentTestSyn '35' {"hostname": "edatools", "processid": 247514, "history": "Interactive.77", "testname": "TRAN_VDD_PULSE", "cornername": "CMOS_RES_CAP_TEMP_25", "point": 27, "logfile": "/home/saul/projects/IL2244_VT26_SAUL/logs_saul/logs0/Job48.log"}
[2026-05-26 09:49:22.147 Z] [PROCESS] [cadence.virtuoso.ade.simulationMonitor] - Stay with the runId '17', Linger time '300', currentRunSyn '34', currentTestSyn '35' {"hostname": "edatools", "processid": 247514, "history": "Interactive.77", "testname": "TRAN_VDD_PULSE", "cornername": "CMOS_RES_CAP_TEMP_25", "point": 27, "logfile": "/home/saul/projects/IL2244_VT26_SAUL/logs_saul/logs0/Job48.log"}
[2026-05-26 09:49:23.148 Z] [PROCESS] [cadence.virtuoso.ade.simulationMonitor] - Stay with the runId '17', Linger time '300', currentRunSyn '34', currentTestSyn '35' {"hostname": "edatools", "processid": 247514, "history": "Interactive.77", "testname": "TRAN_VDD_PULSE", "cornername": "CMOS_RES_CAP_TEMP_25", "point": 27, "logfile": "/home/saul/projects/IL2244_VT26_SAUL/logs_saul/logs0/Job48.log"}
[2026-05-26 09:49:24.149 Z] [PROCESS] [cadence.virtuoso.ade.simulationMonitor] - Stay with the runId '17', Linger time '300', currentRunSyn '34', currentTestSyn '35' {"hostname": "edatools", "processid": 247514, "history": "Interactive.77", "testname": "TRAN_VDD_PULSE", "cornername": "CMOS_RES_CAP_TEMP_25", "point": 27, "logfile": "/home/saul/projects/IL2244_VT26_SAUL/logs_saul/logs0/Job48.log"}
[2026-05-26 09:49:25.150 Z] [PROCESS] [cadence.virtuoso.ade.simulationMonitor] - Stay with the runId '17', Linger time '300', currentRunSyn '34', currentTestSyn '35' {"hostname": "edatools", "processid": 247514, "history": "Interactive.77", "testname": "TRAN_VDD_PULSE", "cornername": "CMOS_RES_CAP_TEMP_25", "point": 27, "logfile": "/home/saul/projects/IL2244_VT26_SAUL/logs_saul/logs0/Job48.log"}
[2026-05-26 09:49:26.151 Z] [PROCESS] [cadence.virtuoso.ade.simulationMonitor] - Stay with the runId '17', Linger time '300', currentRunSyn '34', currentTestSyn '35' {"hostname": "edatools", "processid": 247514, "history": "Interactive.77", "testname": "TRAN_VDD_PULSE", "cornername": "CMOS_RES_CAP_TEMP_25", "point": 27, "logfile": "/home/saul/projects/IL2244_VT26_SAUL/logs_saul/logs0/Job48.log"}
[2026-05-26 09:49:27.152 Z] [PROCESS] [cadence.virtuoso.ade.simulationMonitor] - Stay with the runId '17', Linger time '300', currentRunSyn '34', currentTestSyn '35' {"hostname": "edatools", "processid": 247514, "history": "Interactive.77", "testname": "TRAN_VDD_PULSE", "cornername": "CMOS_RES_CAP_TEMP_25", "point": 27, "logfile": "/home/saul/projects/IL2244_VT26_SAUL/logs_saul/logs0/Job48.log"}
[2026-05-26 09:49:28.153 Z] [PROCESS] [cadence.virtuoso.ade.simulationMonitor] - Stay with the runId '17', Linger time '300', currentRunSyn '34', currentTestSyn '35' {"hostname": "edatools", "processid": 247514, "history": "Interactive.77", "testname": "TRAN_VDD_PULSE", "cornername": "CMOS_RES_CAP_TEMP_25", "point": 27, "logfile": "/home/saul/projects/IL2244_VT26_SAUL/logs_saul/logs0/Job48.log"}
[2026-05-26 09:49:29.153 Z] [PROCESS] [cadence.virtuoso.ade.simulationMonitor] - Stay with the runId '17', Linger time '300', currentRunSyn '34', currentTestSyn '35' {"hostname": "edatools", "processid": 247514, "history": "Interactive.77", "testname": "TRAN_VDD_PULSE", "cornername": "CMOS_RES_CAP_TEMP_25", "point": 27, "logfile": "/home/saul/projects/IL2244_VT26_SAUL/logs_saul/logs0/Job48.log"}
[2026-05-26 09:49:30.154 Z] [PROCESS] [cadence.virtuoso.ade.simulationMonitor] - Stay with the runId '17', Linger time '300', currentRunSyn '34', currentTestSyn '35' {"hostname": "edatools", "processid": 247514, "history": "Interactive.77", "testname": "TRAN_VDD_PULSE", "cornername": "CMOS_RES_CAP_TEMP_25", "point": 27, "logfile": "/home/saul/projects/IL2244_VT26_SAUL/logs_saul/logs0/Job48.log"}
[2026-05-26 09:49:31.155 Z] [PROCESS] [cadence.virtuoso.ade.simulationMonitor] - Stay with the runId '17', Linger time '300', currentRunSyn '34', currentTestSyn '35' {"hostname": "edatools", "processid": 247514, "history": "Interactive.77", "testname": "TRAN_VDD_PULSE", "cornername": "CMOS_RES_CAP_TEMP_25", "point": 27, "logfile": "/home/saul/projects/IL2244_VT26_SAUL/logs_saul/logs0/Job48.log"}
[2026-05-26 09:49:32.156 Z] [PROCESS] [cadence.virtuoso.ade.simulationMonitor] - Stay with the runId '17', Linger time '300', currentRunSyn '34', currentTestSyn '35' {"hostname": "edatools", "processid": 247514, "history": "Interactive.77", "testname": "TRAN_VDD_PULSE", "cornername": "CMOS_RES_CAP_TEMP_25", "point": 27, "logfile": "/home/saul/projects/IL2244_VT26_SAUL/logs_saul/logs0/Job48.log"}
[2026-05-26 09:49:33.157 Z] [PROCESS] [cadence.virtuoso.ade.simulationMonitor] - Stay with the runId '17', Linger time '300', currentRunSyn '34', currentTestSyn '35' {"hostname": "edatools", "processid": 247514, "history": "Interactive.77", "testname": "TRAN_VDD_PULSE", "cornername": "CMOS_RES_CAP_TEMP_25", "point": 27, "logfile": "/home/saul/projects/IL2244_VT26_SAUL/logs_saul/logs0/Job48.log"}
[2026-05-26 09:49:34.158 Z] [PROCESS] [cadence.virtuoso.ade.simulationMonitor] - Stay with the runId '17', Linger time '300', currentRunSyn '34', currentTestSyn '35' {"hostname": "edatools", "processid": 247514, "history": "Interactive.77", "testname": "TRAN_VDD_PULSE", "cornername": "CMOS_RES_CAP_TEMP_25", "point": 27, "logfile": "/home/saul/projects/IL2244_VT26_SAUL/logs_saul/logs0/Job48.log"}
[2026-05-26 09:49:35.159 Z] [PROCESS] [cadence.virtuoso.ade.simulationMonitor] - Stay with the runId '17', Linger time '300', currentRunSyn '34', currentTestSyn '35' {"hostname": "edatools", "processid": 247514, "history": "Interactive.77", "testname": "TRAN_VDD_PULSE", "cornername": "CMOS_RES_CAP_TEMP_25", "point": 27, "logfile": "/home/saul/projects/IL2244_VT26_SAUL/logs_saul/logs0/Job48.log"}
[2026-05-26 09:49:36.160 Z] [PROCESS] [cadence.virtuoso.ade.simulationMonitor] - Stay with the runId '17', Linger time '300', currentRunSyn '34', currentTestSyn '35' {"hostname": "edatools", "processid": 247514, "history": "Interactive.77", "testname": "TRAN_VDD_PULSE", "cornername": "CMOS_RES_CAP_TEMP_25", "point": 27, "logfile": "/home/saul/projects/IL2244_VT26_SAUL/logs_saul/logs0/Job48.log"}
[2026-05-26 09:49:37.160 Z] [PROCESS] [cadence.virtuoso.ade.simulationMonitor] - Stay with the runId '17', Linger time '300', currentRunSyn '34', currentTestSyn '35' {"hostname": "edatools", "processid": 247514, "history": "Interactive.77", "testname": "TRAN_VDD_PULSE", "cornername": "CMOS_RES_CAP_TEMP_25", "point": 27, "logfile": "/home/saul/projects/IL2244_VT26_SAUL/logs_saul/logs0/Job48.log"}
[2026-05-26 09:49:38.161 Z] [PROCESS] [cadence.virtuoso.ade.simulationMonitor] - Stay with the runId '17', Linger time '300', currentRunSyn '34', currentTestSyn '35' {"hostname": "edatools", "processid": 247514, "history": "Interactive.77", "testname": "TRAN_VDD_PULSE", "cornername": "CMOS_RES_CAP_TEMP_25", "point": 27, "logfile": "/home/saul/projects/IL2244_VT26_SAUL/logs_saul/logs0/Job48.log"}
[2026-05-26 09:49:39.162 Z] [PROCESS] [cadence.virtuoso.ade.simulationMonitor] - Stay with the runId '17', Linger time '300', currentRunSyn '34', currentTestSyn '35' {"hostname": "edatools", "processid": 247514, "history": "Interactive.77", "testname": "TRAN_VDD_PULSE", "cornername": "CMOS_RES_CAP_TEMP_25", "point": 27, "logfile": "/home/saul/projects/IL2244_VT26_SAUL/logs_saul/logs0/Job48.log"}
[2026-05-26 09:49:40.163 Z] [PROCESS] [cadence.virtuoso.ade.simulationMonitor] - Stay with the runId '17', Linger time '300', currentRunSyn '34', currentTestSyn '35' {"hostname": "edatools", "processid": 247514, "history": "Interactive.77", "testname": "TRAN_VDD_PULSE", "cornername": "CMOS_RES_CAP_TEMP_25", "point": 27, "logfile": "/home/saul/projects/IL2244_VT26_SAUL/logs_saul/logs0/Job48.log"}
[2026-05-26 09:49:41.163 Z] [PROCESS] [cadence.virtuoso.ade.simulationMonitor] - Stay with the runId '17', Linger time '300', currentRunSyn '34', currentTestSyn '35' {"hostname": "edatools", "processid": 247514, "history": "Interactive.77", "testname": "TRAN_VDD_PULSE", "cornername": "CMOS_RES_CAP_TEMP_25", "point": 27, "logfile": "/home/saul/projects/IL2244_VT26_SAUL/logs_saul/logs0/Job48.log"}
[2026-05-26 09:49:42.164 Z] [PROCESS] [cadence.virtuoso.ade.simulationMonitor] - Stay with the runId '17', Linger time '300', currentRunSyn '34', currentTestSyn '35' {"hostname": "edatools", "processid": 247514, "history": "Interactive.77", "testname": "TRAN_VDD_PULSE", "cornername": "CMOS_RES_CAP_TEMP_25", "point": 27, "logfile": "/home/saul/projects/IL2244_VT26_SAUL/logs_saul/logs0/Job48.log"}
[2026-05-26 09:49:43.165 Z] [PROCESS] [cadence.virtuoso.ade.simulationMonitor] - Stay with the runId '17', Linger time '300', currentRunSyn '34', currentTestSyn '35' {"hostname": "edatools", "processid": 247514, "history": "Interactive.77", "testname": "TRAN_VDD_PULSE", "cornername": "CMOS_RES_CAP_TEMP_25", "point": 27, "logfile": "/home/saul/projects/IL2244_VT26_SAUL/logs_saul/logs0/Job48.log"}
[2026-05-26 09:49:44.166 Z] [PROCESS] [cadence.virtuoso.ade.simulationMonitor] - Stay with the runId '17', Linger time '300', currentRunSyn '34', currentTestSyn '35' {"hostname": "edatools", "processid": 247514, "history": "Interactive.77", "testname": "TRAN_VDD_PULSE", "cornername": "CMOS_RES_CAP_TEMP_25", "point": 27, "logfile": "/home/saul/projects/IL2244_VT26_SAUL/logs_saul/logs0/Job48.log"}
[2026-05-26 09:49:45.167 Z] [PROCESS] [cadence.virtuoso.ade.simulationMonitor] - Stay with the runId '17', Linger time '300', currentRunSyn '34', currentTestSyn '35' {"hostname": "edatools", "processid": 247514, "history": "Interactive.77", "testname": "TRAN_VDD_PULSE", "cornername": "CMOS_RES_CAP_TEMP_25", "point": 27, "logfile": "/home/saul/projects/IL2244_VT26_SAUL/logs_saul/logs0/Job48.log"}
[2026-05-26 09:49:46.167 Z] [PROCESS] [cadence.virtuoso.ade.simulationMonitor] - Stay with the runId '17', Linger time '300', currentRunSyn '34', currentTestSyn '35' {"hostname": "edatools", "processid": 247514, "history": "Interactive.77", "testname": "TRAN_VDD_PULSE", "cornername": "CMOS_RES_CAP_TEMP_25", "point": 27, "logfile": "/home/saul/projects/IL2244_VT26_SAUL/logs_saul/logs0/Job48.log"}
[2026-05-26 09:49:47.168 Z] [PROCESS] [cadence.virtuoso.ade.simulationMonitor] - Stay with the runId '17', Linger time '300', currentRunSyn '34', currentTestSyn '35' {"hostname": "edatools", "processid": 247514, "history": "Interactive.77", "testname": "TRAN_VDD_PULSE", "cornername": "CMOS_RES_CAP_TEMP_25", "point": 27, "logfile": "/home/saul/projects/IL2244_VT26_SAUL/logs_saul/logs0/Job48.log"}
[2026-05-26 09:49:48.169 Z] [PROCESS] [cadence.virtuoso.ade.simulationMonitor] - Stay with the runId '17', Linger time '300', currentRunSyn '34', currentTestSyn '35' {"hostname": "edatools", "processid": 247514, "history": "Interactive.77", "testname": "TRAN_VDD_PULSE", "cornername": "CMOS_RES_CAP_TEMP_25", "point": 27, "logfile": "/home/saul/projects/IL2244_VT26_SAUL/logs_saul/logs0/Job48.log"}
[2026-05-26 09:49:49.170 Z] [PROCESS] [cadence.virtuoso.ade.simulationMonitor] - Stay with the runId '17', Linger time '300', currentRunSyn '34', currentTestSyn '35' {"hostname": "edatools", "processid": 247514, "history": "Interactive.77", "testname": "TRAN_VDD_PULSE", "cornername": "CMOS_RES_CAP_TEMP_25", "point": 27, "logfile": "/home/saul/projects/IL2244_VT26_SAUL/logs_saul/logs0/Job48.log"}
[2026-05-26 09:49:50.170 Z] [PROCESS] [cadence.virtuoso.ade.simulationMonitor] - Stay with the runId '17', Linger time '300', currentRunSyn '34', currentTestSyn '35' {"hostname": "edatools", "processid": 247514, "history": "Interactive.77", "testname": "TRAN_VDD_PULSE", "cornername": "CMOS_RES_CAP_TEMP_25", "point": 27, "logfile": "/home/saul/projects/IL2244_VT26_SAUL/logs_saul/logs0/Job48.log"}
[2026-05-26 09:49:51.171 Z] [PROCESS] [cadence.virtuoso.ade.simulationMonitor] - Stay with the runId '17', Linger time '300', currentRunSyn '34', currentTestSyn '35' {"hostname": "edatools", "processid": 247514, "history": "Interactive.77", "testname": "TRAN_VDD_PULSE", "cornername": "CMOS_RES_CAP_TEMP_25", "point": 27, "logfile": "/home/saul/projects/IL2244_VT26_SAUL/logs_saul/logs0/Job48.log"}
[2026-05-26 09:49:52.172 Z] [PROCESS] [cadence.virtuoso.ade.simulationMonitor] - Stay with the runId '17', Linger time '300', currentRunSyn '34', currentTestSyn '35' {"hostname": "edatools", "processid": 247514, "history": "Interactive.77", "testname": "TRAN_VDD_PULSE", "cornername": "CMOS_RES_CAP_TEMP_25", "point": 27, "logfile": "/home/saul/projects/IL2244_VT26_SAUL/logs_saul/logs0/Job48.log"}
[2026-05-26 09:49:53.173 Z] [PROCESS] [cadence.virtuoso.ade.simulationMonitor] - Stay with the runId '17', Linger time '300', currentRunSyn '34', currentTestSyn '35' {"hostname": "edatools", "processid": 247514, "history": "Interactive.77", "testname": "TRAN_VDD_PULSE", "cornername": "CMOS_RES_CAP_TEMP_25", "point": 27, "logfile": "/home/saul/projects/IL2244_VT26_SAUL/logs_saul/logs0/Job48.log"}
[2026-05-26 09:49:54.174 Z] [PROCESS] [cadence.virtuoso.ade.simulationMonitor] - Stay with the runId '17', Linger time '300', currentRunSyn '34', currentTestSyn '35' {"hostname": "edatools", "processid": 247514, "history": "Interactive.77", "testname": "TRAN_VDD_PULSE", "cornername": "CMOS_RES_CAP_TEMP_25", "point": 27, "logfile": "/home/saul/projects/IL2244_VT26_SAUL/logs_saul/logs0/Job48.log"}
[2026-05-26 09:49:55.175 Z] [PROCESS] [cadence.virtuoso.ade.simulationMonitor] - Stay with the runId '17', Linger time '300', currentRunSyn '34', currentTestSyn '35' {"hostname": "edatools", "processid": 247514, "history": "Interactive.77", "testname": "TRAN_VDD_PULSE", "cornername": "CMOS_RES_CAP_TEMP_25", "point": 27, "logfile": "/home/saul/projects/IL2244_VT26_SAUL/logs_saul/logs0/Job48.log"}
[2026-05-26 09:49:56.176 Z] [PROCESS] [cadence.virtuoso.ade.simulationMonitor] - Stay with the runId '17', Linger time '300', currentRunSyn '34', currentTestSyn '35' {"hostname": "edatools", "processid": 247514, "history": "Interactive.77", "testname": "TRAN_VDD_PULSE", "cornername": "CMOS_RES_CAP_TEMP_25", "point": 27, "logfile": "/home/saul/projects/IL2244_VT26_SAUL/logs_saul/logs0/Job48.log"}
[2026-05-26 09:49:57.177 Z] [PROCESS] [cadence.virtuoso.ade.simulationMonitor] - Stay with the runId '17', Linger time '300', currentRunSyn '34', currentTestSyn '35' {"hostname": "edatools", "processid": 247514, "history": "Interactive.77", "testname": "TRAN_VDD_PULSE", "cornername": "CMOS_RES_CAP_TEMP_25", "point": 27, "logfile": "/home/saul/projects/IL2244_VT26_SAUL/logs_saul/logs0/Job48.log"}
[2026-05-26 09:49:58.178 Z] [PROCESS] [cadence.virtuoso.ade.simulationMonitor] - Stay with the runId '17', Linger time '300', currentRunSyn '34', currentTestSyn '35' {"hostname": "edatools", "processid": 247514, "history": "Interactive.77", "testname": "TRAN_VDD_PULSE", "cornername": "CMOS_RES_CAP_TEMP_25", "point": 27, "logfile": "/home/saul/projects/IL2244_VT26_SAUL/logs_saul/logs0/Job48.log"}
[2026-05-26 09:49:59.179 Z] [PROCESS] [cadence.virtuoso.ade.simulationMonitor] - Stay with the runId '17', Linger time '300', currentRunSyn '34', currentTestSyn '35' {"hostname": "edatools", "processid": 247514, "history": "Interactive.77", "testname": "TRAN_VDD_PULSE", "cornername": "CMOS_RES_CAP_TEMP_25", "point": 27, "logfile": "/home/saul/projects/IL2244_VT26_SAUL/logs_saul/logs0/Job48.log"}
[2026-05-26 09:50:00.180 Z] [PROCESS] [cadence.virtuoso.ade.simulationMonitor] - Stay with the runId '17', Linger time '300', currentRunSyn '34', currentTestSyn '35' {"hostname": "edatools", "processid": 247514, "history": "Interactive.77", "testname": "TRAN_VDD_PULSE", "cornername": "CMOS_RES_CAP_TEMP_25", "point": 27, "logfile": "/home/saul/projects/IL2244_VT26_SAUL/logs_saul/logs0/Job48.log"}
[2026-05-26 09:50:01.180 Z] [PROCESS] [cadence.virtuoso.ade.simulationMonitor] - Stay with the runId '17', Linger time '300', currentRunSyn '34', currentTestSyn '35' {"hostname": "edatools", "processid": 247514, "history": "Interactive.77", "testname": "TRAN_VDD_PULSE", "cornername": "CMOS_RES_CAP_TEMP_25", "point": 27, "logfile": "/home/saul/projects/IL2244_VT26_SAUL/logs_saul/logs0/Job48.log"}
[2026-05-26 09:50:02.181 Z] [PROCESS] [cadence.virtuoso.ade.simulationMonitor] - Stay with the runId '17', Linger time '300', currentRunSyn '34', currentTestSyn '35' {"hostname": "edatools", "processid": 247514, "history": "Interactive.77", "testname": "TRAN_VDD_PULSE", "cornername": "CMOS_RES_CAP_TEMP_25", "point": 27, "logfile": "/home/saul/projects/IL2244_VT26_SAUL/logs_saul/logs0/Job48.log"}
[2026-05-26 09:50:03.182 Z] [PROCESS] [cadence.virtuoso.ade.simulationMonitor] - Stay with the runId '17', Linger time '300', currentRunSyn '34', currentTestSyn '35' {"hostname": "edatools", "processid": 247514, "history": "Interactive.77", "testname": "TRAN_VDD_PULSE", "cornername": "CMOS_RES_CAP_TEMP_25", "point": 27, "logfile": "/home/saul/projects/IL2244_VT26_SAUL/logs_saul/logs0/Job48.log"}
[2026-05-26 09:50:04.183 Z] [PROCESS] [cadence.virtuoso.ade.simulationMonitor] - Stay with the runId '17', Linger time '300', currentRunSyn '34', currentTestSyn '35' {"hostname": "edatools", "processid": 247514, "history": "Interactive.77", "testname": "TRAN_VDD_PULSE", "cornername": "CMOS_RES_CAP_TEMP_25", "point": 27, "logfile": "/home/saul/projects/IL2244_VT26_SAUL/logs_saul/logs0/Job48.log"}
[2026-05-26 09:50:05.184 Z] [PROCESS] [cadence.virtuoso.ade.simulationMonitor] - Stay with the runId '17', Linger time '300', currentRunSyn '34', currentTestSyn '35' {"hostname": "edatools", "processid": 247514, "history": "Interactive.77", "testname": "TRAN_VDD_PULSE", "cornername": "CMOS_RES_CAP_TEMP_25", "point": 27, "logfile": "/home/saul/projects/IL2244_VT26_SAUL/logs_saul/logs0/Job48.log"}
[2026-05-26 09:50:06.185 Z] [PROCESS] [cadence.virtuoso.ade.simulationMonitor] - Stay with the runId '17', Linger time '300', currentRunSyn '34', currentTestSyn '35' {"hostname": "edatools", "processid": 247514, "history": "Interactive.77", "testname": "TRAN_VDD_PULSE", "cornername": "CMOS_RES_CAP_TEMP_25", "point": 27, "logfile": "/home/saul/projects/IL2244_VT26_SAUL/logs_saul/logs0/Job48.log"}
[2026-05-26 09:50:07.186 Z] [PROCESS] [cadence.virtuoso.ade.simulationMonitor] - Stay with the runId '17', Linger time '300', currentRunSyn '34', currentTestSyn '35' {"hostname": "edatools", "processid": 247514, "history": "Interactive.77", "testname": "TRAN_VDD_PULSE", "cornername": "CMOS_RES_CAP_TEMP_25", "point": 27, "logfile": "/home/saul/projects/IL2244_VT26_SAUL/logs_saul/logs0/Job48.log"}
[2026-05-26 09:50:08.187 Z] [PROCESS] [cadence.virtuoso.ade.simulationMonitor] - Stay with the runId '17', Linger time '300', currentRunSyn '34', currentTestSyn '35' {"hostname": "edatools", "processid": 247514, "history": "Interactive.77", "testname": "TRAN_VDD_PULSE", "cornername": "CMOS_RES_CAP_TEMP_25", "point": 27, "logfile": "/home/saul/projects/IL2244_VT26_SAUL/logs_saul/logs0/Job48.log"}
[2026-05-26 09:50:09.188 Z] [PROCESS] [cadence.virtuoso.ade.simulationMonitor] - Stay with the runId '17', Linger time '300', currentRunSyn '34', currentTestSyn '35' {"hostname": "edatools", "processid": 247514, "history": "Interactive.77", "testname": "TRAN_VDD_PULSE", "cornername": "CMOS_RES_CAP_TEMP_25", "point": 27, "logfile": "/home/saul/projects/IL2244_VT26_SAUL/logs_saul/logs0/Job48.log"}
[2026-05-26 09:50:10.188 Z] [PROCESS] [cadence.virtuoso.ade.simulationMonitor] - Stay with the runId '17', Linger time '300', currentRunSyn '34', currentTestSyn '35' {"hostname": "edatools", "processid": 247514, "history": "Interactive.77", "testname": "TRAN_VDD_PULSE", "cornername": "CMOS_RES_CAP_TEMP_25", "point": 27, "logfile": "/home/saul/projects/IL2244_VT26_SAUL/logs_saul/logs0/Job48.log"}
[2026-05-26 09:50:11.189 Z] [PROCESS] [cadence.virtuoso.ade.simulationMonitor] - Stay with the runId '17', Linger time '300', currentRunSyn '34', currentTestSyn '35' {"hostname": "edatools", "processid": 247514, "history": "Interactive.77", "testname": "TRAN_VDD_PULSE", "cornername": "CMOS_RES_CAP_TEMP_25", "point": 27, "logfile": "/home/saul/projects/IL2244_VT26_SAUL/logs_saul/logs0/Job48.log"}
[2026-05-26 09:50:12.190 Z] [PROCESS] [cadence.virtuoso.ade.simulationMonitor] - Stay with the runId '17', Linger time '300', currentRunSyn '34', currentTestSyn '35' {"hostname": "edatools", "processid": 247514, "history": "Interactive.77", "testname": "TRAN_VDD_PULSE", "cornername": "CMOS_RES_CAP_TEMP_25", "point": 27, "logfile": "/home/saul/projects/IL2244_VT26_SAUL/logs_saul/logs0/Job48.log"}
[2026-05-26 09:50:13.191 Z] [PROCESS] [cadence.virtuoso.ade.simulationMonitor] - Stay with the runId '17', Linger time '300', currentRunSyn '34', currentTestSyn '35' {"hostname": "edatools", "processid": 247514, "history": "Interactive.77", "testname": "TRAN_VDD_PULSE", "cornername": "CMOS_RES_CAP_TEMP_25", "point": 27, "logfile": "/home/saul/projects/IL2244_VT26_SAUL/logs_saul/logs0/Job48.log"}
[2026-05-26 09:50:14.192 Z] [PROCESS] [cadence.virtuoso.ade.simulationMonitor] - Stay with the runId '17', Linger time '300', currentRunSyn '34', currentTestSyn '35' {"hostname": "edatools", "processid": 247514, "history": "Interactive.77", "testname": "TRAN_VDD_PULSE", "cornername": "CMOS_RES_CAP_TEMP_25", "point": 27, "logfile": "/home/saul/projects/IL2244_VT26_SAUL/logs_saul/logs0/Job48.log"}
[2026-05-26 09:50:15.193 Z] [PROCESS] [cadence.virtuoso.ade.simulationMonitor] - Stay with the runId '17', Linger time '300', currentRunSyn '34', currentTestSyn '35' {"hostname": "edatools", "processid": 247514, "history": "Interactive.77", "testname": "TRAN_VDD_PULSE", "cornername": "CMOS_RES_CAP_TEMP_25", "point": 27, "logfile": "/home/saul/projects/IL2244_VT26_SAUL/logs_saul/logs0/Job48.log"}
[2026-05-26 09:50:16.194 Z] [PROCESS] [cadence.virtuoso.ade.simulationMonitor] - Stay with the runId '17', Linger time '300', currentRunSyn '34', currentTestSyn '35' {"hostname": "edatools", "processid": 247514, "history": "Interactive.77", "testname": "TRAN_VDD_PULSE", "cornername": "CMOS_RES_CAP_TEMP_25", "point": 27, "logfile": "/home/saul/projects/IL2244_VT26_SAUL/logs_saul/logs0/Job48.log"}
[2026-05-26 09:50:17.195 Z] [PROCESS] [cadence.virtuoso.ade.simulationMonitor] - Stay with the runId '17', Linger time '300', currentRunSyn '34', currentTestSyn '35' {"hostname": "edatools", "processid": 247514, "history": "Interactive.77", "testname": "TRAN_VDD_PULSE", "cornername": "CMOS_RES_CAP_TEMP_25", "point": 27, "logfile": "/home/saul/projects/IL2244_VT26_SAUL/logs_saul/logs0/Job48.log"}
[2026-05-26 09:50:18.196 Z] [PROCESS] [cadence.virtuoso.ade.simulationMonitor] - Stay with the runId '17', Linger time '300', currentRunSyn '34', currentTestSyn '35' {"hostname": "edatools", "processid": 247514, "history": "Interactive.77", "testname": "TRAN_VDD_PULSE", "cornername": "CMOS_RES_CAP_TEMP_25", "point": 27, "logfile": "/home/saul/projects/IL2244_VT26_SAUL/logs_saul/logs0/Job48.log"}
[2026-05-26 09:50:19.197 Z] [PROCESS] [cadence.virtuoso.ade.simulationMonitor] - Stay with the runId '17', Linger time '300', currentRunSyn '34', currentTestSyn '35' {"hostname": "edatools", "processid": 247514, "history": "Interactive.77", "testname": "TRAN_VDD_PULSE", "cornername": "CMOS_RES_CAP_TEMP_25", "point": 27, "logfile": "/home/saul/projects/IL2244_VT26_SAUL/logs_saul/logs0/Job48.log"}
[2026-05-26 09:50:20.197 Z] [PROCESS] [cadence.virtuoso.ade.simulationMonitor] - Stay with the runId '17', Linger time '300', currentRunSyn '34', currentTestSyn '35' {"hostname": "edatools", "processid": 247514, "history": "Interactive.77", "testname": "TRAN_VDD_PULSE", "cornername": "CMOS_RES_CAP_TEMP_25", "point": 27, "logfile": "/home/saul/projects/IL2244_VT26_SAUL/logs_saul/logs0/Job48.log"}
[2026-05-26 09:50:21.198 Z] [PROCESS] [cadence.virtuoso.ade.simulationMonitor] - Stay with the runId '17', Linger time '300', currentRunSyn '34', currentTestSyn '35' {"hostname": "edatools", "processid": 247514, "history": "Interactive.77", "testname": "TRAN_VDD_PULSE", "cornername": "CMOS_RES_CAP_TEMP_25", "point": 27, "logfile": "/home/saul/projects/IL2244_VT26_SAUL/logs_saul/logs0/Job48.log"}
[2026-05-26 09:50:22.198 Z] [PROCESS] [cadence.virtuoso.ade.simulationMonitor] - Stay with the runId '17', Linger time '300', currentRunSyn '34', currentTestSyn '35' {"hostname": "edatools", "processid": 247514, "history": "Interactive.77", "testname": "TRAN_VDD_PULSE", "cornername": "CMOS_RES_CAP_TEMP_25", "point": 27, "logfile": "/home/saul/projects/IL2244_VT26_SAUL/logs_saul/logs0/Job48.log"}
[2026-05-26 09:50:23.199 Z] [PROCESS] [cadence.virtuoso.ade.simulationMonitor] - Stay with the runId '17', Linger time '300', currentRunSyn '34', currentTestSyn '35' {"hostname": "edatools", "processid": 247514, "history": "Interactive.77", "testname": "TRAN_VDD_PULSE", "cornername": "CMOS_RES_CAP_TEMP_25", "point": 27, "logfile": "/home/saul/projects/IL2244_VT26_SAUL/logs_saul/logs0/Job48.log"}
[2026-05-26 09:50:24.199 Z] [PROCESS] [cadence.virtuoso.ade.simulationMonitor] - Stay with the runId '17', Linger time '300', currentRunSyn '34', currentTestSyn '35' {"hostname": "edatools", "processid": 247514, "history": "Interactive.77", "testname": "TRAN_VDD_PULSE", "cornername": "CMOS_RES_CAP_TEMP_25", "point": 27, "logfile": "/home/saul/projects/IL2244_VT26_SAUL/logs_saul/logs0/Job48.log"}
[2026-05-26 09:50:25.200 Z] [PROCESS] [cadence.virtuoso.ade.simulationMonitor] - Stay with the runId '17', Linger time '300', currentRunSyn '34', currentTestSyn '35' {"hostname": "edatools", "processid": 247514, "history": "Interactive.77", "testname": "TRAN_VDD_PULSE", "cornername": "CMOS_RES_CAP_TEMP_25", "point": 27, "logfile": "/home/saul/projects/IL2244_VT26_SAUL/logs_saul/logs0/Job48.log"}
[2026-05-26 09:50:26.201 Z] [PROCESS] [cadence.virtuoso.ade.simulationMonitor] - Stay with the runId '17', Linger time '300', currentRunSyn '34', currentTestSyn '35' {"hostname": "edatools", "processid": 247514, "history": "Interactive.77", "testname": "TRAN_VDD_PULSE", "cornername": "CMOS_RES_CAP_TEMP_25", "point": 27, "logfile": "/home/saul/projects/IL2244_VT26_SAUL/logs_saul/logs0/Job48.log"}
[2026-05-26 09:50:27.202 Z] [PROCESS] [cadence.virtuoso.ade.simulationMonitor] - Stay with the runId '17', Linger time '300', currentRunSyn '34', currentTestSyn '35' {"hostname": "edatools", "processid": 247514, "history": "Interactive.77", "testname": "TRAN_VDD_PULSE", "cornername": "CMOS_RES_CAP_TEMP_25", "point": 27, "logfile": "/home/saul/projects/IL2244_VT26_SAUL/logs_saul/logs0/Job48.log"}
[2026-05-26 09:50:28.203 Z] [PROCESS] [cadence.virtuoso.ade.simulationMonitor] - Stay with the runId '17', Linger time '300', currentRunSyn '34', currentTestSyn '35' {"hostname": "edatools", "processid": 247514, "history": "Interactive.77", "testname": "TRAN_VDD_PULSE", "cornername": "CMOS_RES_CAP_TEMP_25", "point": 27, "logfile": "/home/saul/projects/IL2244_VT26_SAUL/logs_saul/logs0/Job48.log"}
[2026-05-26 09:50:29.204 Z] [PROCESS] [cadence.virtuoso.ade.simulationMonitor] - Stay with the runId '17', Linger time '300', currentRunSyn '34', currentTestSyn '35' {"hostname": "edatools", "processid": 247514, "history": "Interactive.77", "testname": "TRAN_VDD_PULSE", "cornername": "CMOS_RES_CAP_TEMP_25", "point": 27, "logfile": "/home/saul/projects/IL2244_VT26_SAUL/logs_saul/logs0/Job48.log"}
[2026-05-26 09:50:30.206 Z] [PROCESS] [cadence.virtuoso.ade.simulationMonitor] - Stay with the runId '17', Linger time '300', currentRunSyn '34', currentTestSyn '35' {"hostname": "edatools", "processid": 247514, "history": "Interactive.77", "testname": "TRAN_VDD_PULSE", "cornername": "CMOS_RES_CAP_TEMP_25", "point": 27, "logfile": "/home/saul/projects/IL2244_VT26_SAUL/logs_saul/logs0/Job48.log"}
[2026-05-26 09:54:12.615 Z] [PROCESS] [cadence.virtuoso.ade.simulationMonitor] - Current memory used: 52.5039 MBytes, peak memory used: 52.5039 MBytes {"hostname": "edatools", "processid": 247514, "history": "Interactive.77", "testname": "TRAN_VDD_PULSE", "cornername": "CMOS_RES_CAP_TEMP_25", "point": 27, "logfile": "/home/saul/projects/IL2244_VT26_SAUL/logs_saul/logs0/Job48.log"}
[2026-05-26 09:54:12.615 Z] [PROCESS] [cadence.virtuoso.ade.simulationMonitor] - Simulation Monitor process exit. {"hostname": "edatools", "processid": 247514, "history": "Interactive.77", "testname": "TRAN_VDD_PULSE", "cornername": "CMOS_RES_CAP_TEMP_25", "point": 27, "logfile": "/home/saul/projects/IL2244_VT26_SAUL/logs_saul/logs0/Job48.log"}
