[Simulation Monitor: 53]
[2026-05-26 10:23:06.638 Z] [PROCESS] [cadence.virtuoso.ade.simulationMonitor] - Simulation Monitor has successfully started up. Trying to set up communication channels to other components ... {"hostname": "edatools", "processid": 259513, "logfile": "/home/saul/projects/IL2244_VT26_SAUL/logs_saul/logs0/Job53.log"}
[2026-05-26 10:23:06.638 Z] [PROCESS] [cadence.virtuoso.ade.simulationMonitor] - Communication channels have been successfully set up. Start processing events ... {"hostname": "edatools", "processid": 259513, "logfile": "/home/saul/projects/IL2244_VT26_SAUL/logs_saul/logs0/Job53.log"}
[2026-05-26 10:23:06.638 Z] [PROCESS] [cadence.virtuoso.ade.simulationMonitor] - Considering to start history {"hostname": "edatools", "processid": 259513, "history": "Interactive.78", "logfile": "/home/saul/projects/IL2244_VT26_SAUL/logs_saul/logs0/Job53.log"}
[2026-05-26 10:23:06.640 Z] [PROCESS] [cadence.virtuoso.ade.simulationMonitor] - Padding test token found for runId '18', Linger time '300', currentRunSyn '36', currentTestSyn '37' {"hostname": "edatools", "processid": 259513, "history": "Interactive.78", "logfile": "/home/saul/projects/IL2244_VT26_SAUL/logs_saul/logs0/Job53.log"}
[2026-05-26 10:23:06.648 Z] [PROCESS] [cadence.virtuoso.ade.simulationMonitor] - Padding test token found for runId '18', Linger time '300', currentRunSyn '36', currentTestSyn '37' {"hostname": "edatools", "processid": 259513, "history": "Interactive.78", "logfile": "/home/saul/projects/IL2244_VT26_SAUL/logs_saul/logs0/Job53.log"}
[2026-05-26 10:23:06.687 Z] [PROCESS] [cadence.virtuoso.ade.simulationMonitor] - Padding test token found for runId '18', Linger time '300', currentRunSyn '36', currentTestSyn '37' {"hostname": "edatools", "processid": 259513, "history": "Interactive.78", "logfile": "/home/saul/projects/IL2244_VT26_SAUL/logs_saul/logs0/Job53.log"}
[2026-05-26 10:23:06.747 Z] [PROCESS] [cadence.virtuoso.ade.simulationMonitor] - HostInfo:
Host name (type):	edatools (x86_64)
Operating system:	Linux 6.17.0-29-generic #29~24.04.1-Ubuntu SMP PREEMPT_DYNAMIC Mon May 11 10:30:58 UTC 2 {"hostname": "edatools", "processid": 259513, "history": "Interactive.78", "logfile": "/home/saul/projects/IL2244_VT26_SAUL/logs_saul/logs0/Job53.log", "nodename": "edatools", "domainname": "(none)", "machine": "x86_64", "sysname": "Linux", "release": "6.17.0-29-generic", "version": "#29~24.04.1-Ubuntu SMP PREEMPT_DYNAMIC Mon May 11 10:30:58 UTC 2"}
[2026-05-26 10:23:06.747 Z] [PROCESS] [cadence.virtuoso.ade.simulationMonitor] - UsageInfo:
pid=259513
totalPhysicalMemory=62.544987GB,Used=44.038315GB,totalVirtualMemory=70.544983GB,Used=44.038315GB
Cpu: Cores=16, Load average:0.450000,0.250000,0.430000 {"hostname": "edatools", "processid": 259513, "history": "Interactive.78", "logfile": "/home/saul/projects/IL2244_VT26_SAUL/logs_saul/logs0/Job53.log", "pid": "259513", "totalPhysicalMemory": "62.544987", "physicalMemoryUsed": "44.038315", "totalVirtualMemory": "70.544983", "virtualMemoryUsed": "44.038315", "cpuCores": "16", "processes": "1679", "loadAverage1": "0.450000", "loadAverage5": "0.250000", "loadAverage15": "0.430000", "loadAverage1Percent": "0.028125"}
[2026-05-26 10:23:06.747 Z] [EVENT] [cadence.virtuoso.ade.simulationMonitor] - NewPoint {"history": "Interactive.78", "point": 1, "testname": "TRAN_VDD_PULSE", "cornername": "Nominal", "event": "NewPoint", "EventSource": "Simulation Monitor", "HistoryName": "Interactive.78", "logFile": "/home/saul/projects/IL2244_VT26_SAUL/logs_saul/logs0/Job53.log", "logFileSize": "3197"}
[2026-05-26 10:23:06.848 Z] [EVENT] [cadence.virtuoso.ade.simulationMonitor] - NewPoint {"history": "Interactive.78", "point": 1, "testname": "TRAN_VDD_PULSE", "cornername": "Nominal", "event": "NewPoint", "EventSource": "spectre", "HistoryName": "Interactive.78", "logFile": "/home/saul/projects/IL2244_VT26_SAUL/Sim/FECG/fecg_front_end_tran_tb/maestro/results/maestro/Interactive.78/1/TRAN_VDD_PULSE/psf/spectre.out", "logFileSize": "-1"}
[2026-05-26 10:23:06.872 Z] [PROCESS] [cadence.virtuoso.ade.simulationMonitor] - Simulator launched {"hostname": "edatools", "processid": 259513, "history": "Interactive.78", "testname": "TRAN_VDD_PULSE", "cornername": "Nominal", "point": 1, "logfile": "/home/saul/projects/IL2244_VT26_SAUL/logs_saul/logs0/Job53.log", "simid": "1"}
[2026-05-26 10:23:06.873 Z] [PROCESS] [cadence.virtuoso.ade.simulationMonitor] - Expression evaluator launched {"hostname": "edatools", "processid": 259513, "history": "Interactive.78", "testname": "TRAN_VDD_PULSE", "cornername": "Nominal", "point": 1, "logfile": "/home/saul/projects/IL2244_VT26_SAUL/logs_saul/logs0/Job53.log"}
[2026-05-26 10:23:06.886 Z] [PROCESS] [cadence.virtuoso.ade.simulationMonitor] - Started Simulation {"hostname": "edatools", "processid": 259513, "history": "Interactive.78", "testname": "TRAN_VDD_PULSE", "cornername": "Nominal", "point": 1, "logfile": "/home/saul/projects/IL2244_VT26_SAUL/logs_saul/logs0/Job53.log", "event": "started", "task": "simulation"}
[2026-05-26 10:23:07.387 Z] [INFO] [cadence.virtuoso.ade.simulationMonitor] - Notice from spectre during circuit read-in.
    Pre_Configuration file used: /opt/tools/cadence/installs/SPECTRE241/tools.lnx86/spectre/etc/configs/preset.precfg
    Configuration file used: `/opt/tools/cadence/installs/SPECTRE241/tools.lnx86/spectre/etc/configs/preset.cfg'. {"history": "Interactive.78", "point": 1, "testname": "TRAN_VDD_PULSE", "cornername": "Nominal"}
[2026-05-26 10:23:07.387 Z] [WARN] [cadence.virtuoso.ade.simulationMonitor] -     WARNING (SPECTRE-8360): line 1511: `ac' is an undefined primitive device. {"history": "Interactive.78", "point": 1, "testname": "TRAN_VDD_PULSE", "cornername": "Nominal"}
[2026-05-26 10:23:07.387 Z] [WARN] [cadence.virtuoso.ade.simulationMonitor] -     WARNING (SPECTRE-8360): line 1512: `ac' is an undefined primitive device. {"history": "Interactive.78", "point": 1, "testname": "TRAN_VDD_PULSE", "cornername": "Nominal"}
[2026-05-26 10:23:07.387 Z] [WARN] [cadence.virtuoso.ade.simulationMonitor] -     WARNING (SPECTRE-8360): line 1513: `ac' is an undefined primitive device. {"history": "Interactive.78", "point": 1, "testname": "TRAN_VDD_PULSE", "cornername": "Nominal"}
[2026-05-26 10:23:07.387 Z] [WARN] [cadence.virtuoso.ade.simulationMonitor] -     WARNING (SPECTRE-8360): line 1514: `ac' is an undefined primitive device. {"history": "Interactive.78", "point": 1, "testname": "TRAN_VDD_PULSE", "cornername": "Nominal"}
[2026-05-26 10:23:07.387 Z] [WARN] [cadence.virtuoso.ade.simulationMonitor] -     WARNING (SPECTRE-8360): line 1515: `ac' is an undefined primitive device.
        Further occurrences of this warning will be suppressed. {"history": "Interactive.78", "point": 1, "testname": "TRAN_VDD_PULSE", "cornername": "Nominal"}
[2026-05-26 10:23:07.387 Z] [INFO] [cadence.virtuoso.ade.simulationMonitor] - Peak resident memory used = 173 Mbytes. {"history": "Interactive.78", "point": 1, "testname": "TRAN_VDD_PULSE", "cornername": "Nominal"}
[2026-05-26 10:23:07.387 Z] [WARN] [cadence.virtuoso.ade.simulationMonitor] -     WARNING (VACOMP-2435): The environment variable CDS_AHDLCMI_ENABLE is no longer supported. Therefore, the simulator will use the default compiled C code flow. {"history": "Interactive.78", "point": 1, "testname": "TRAN_VDD_PULSE", "cornername": "Nominal"}
[2026-05-26 10:23:07.387 Z] [WARN] [cadence.virtuoso.ade.simulationMonitor] -     WARNING (SFE-3014): The floating device I19.I0.I5.MN14<0>_turbo_m4 is removed. {"history": "Interactive.78", "point": 1, "testname": "TRAN_VDD_PULSE", "cornername": "Nominal"}
[2026-05-26 10:23:07.387 Z] [WARN] [cadence.virtuoso.ade.simulationMonitor] -     WARNING (SFE-3012): The dummy device I19.I4.MP16<0>_turbo_m41 is removed. {"history": "Interactive.78", "point": 1, "testname": "TRAN_VDD_PULSE", "cornername": "Nominal"}
[2026-05-26 10:23:07.388 Z] [WARN] [cadence.virtuoso.ade.simulationMonitor] -     WARNING (SFE-3014): The floating device I19.I8.MN57<0>_turbo_m28 is removed. {"history": "Interactive.78", "point": 1, "testname": "TRAN_VDD_PULSE", "cornername": "Nominal"}
[2026-05-26 10:23:07.388 Z] [WARN] [cadence.virtuoso.ade.simulationMonitor] -     WARNING (SFE-3012): The dummy device I19.I14.MP13<0>_turbo_m4 is removed. {"history": "Interactive.78", "point": 1, "testname": "TRAN_VDD_PULSE", "cornername": "Nominal"}
[2026-05-26 10:23:07.388 Z] [WARN] [cadence.virtuoso.ade.simulationMonitor] -     WARNING (SFE-3031): The floating capacitor I19.I12.C10<0>_turbo_m12.C1 is removed. {"history": "Interactive.78", "point": 1, "testname": "TRAN_VDD_PULSE", "cornername": "Nominal"}
[2026-05-26 10:23:07.388 Z] [WARN] [cadence.virtuoso.ade.simulationMonitor] -     WARNING (SFE-3014): The floating device I19.I2.MN37<0>_turbo_m4 is removed. {"history": "Interactive.78", "point": 1, "testname": "TRAN_VDD_PULSE", "cornername": "Nominal"}
[2026-05-26 10:23:07.388 Z] [WARN] [cadence.virtuoso.ade.simulationMonitor] -     WARNING (SFE-3012): The dummy device I19.I0.I5.MP12<0>_turbo_m2 is removed. {"history": "Interactive.78", "point": 1, "testname": "TRAN_VDD_PULSE", "cornername": "Nominal"}
[2026-05-26 10:23:07.388 Z] [WARN] [cadence.virtuoso.ade.simulationMonitor] -     WARNING (SFE-3014): The floating device I19.I0.MN13<0>_turbo_m4 is removed. {"history": "Interactive.78", "point": 1, "testname": "TRAN_VDD_PULSE", "cornername": "Nominal"}
[2026-05-26 10:23:07.388 Z] [WARN] [cadence.virtuoso.ade.simulationMonitor] -     WARNING (SFE-3012): The dummy device I19.I0.I3.MP13<0>_turbo_m4 is removed. {"history": "Interactive.78", "point": 1, "testname": "TRAN_VDD_PULSE", "cornername": "Nominal"}
[2026-05-26 10:23:07.388 Z] [WARN] [cadence.virtuoso.ade.simulationMonitor] -     WARNING (SFE-3031): The floating capacitor I19.I12.C6<0>_turbo_m3.C1 is removed. {"history": "Interactive.78", "point": 1, "testname": "TRAN_VDD_PULSE", "cornername": "Nominal"}
[2026-05-26 10:23:07.388 Z] [WARN] [cadence.virtuoso.ade.simulationMonitor] -     WARNING (SFE-3012): The dummy device I19.I0.MP11<0>_turbo_m4 is removed.
        Further occurrences of this warning will be suppressed. {"history": "Interactive.78", "point": 1, "testname": "TRAN_VDD_PULSE", "cornername": "Nominal"}
[2026-05-26 10:23:07.388 Z] [WARN] [cadence.virtuoso.ade.simulationMonitor] -     WARNING (SFE-3031): The floating capacitor I19.I11.C7<0>_turbo_m3.C1 is removed. {"history": "Interactive.78", "point": 1, "testname": "TRAN_VDD_PULSE", "cornername": "Nominal"}
[2026-05-26 10:23:07.388 Z] [WARN] [cadence.virtuoso.ade.simulationMonitor] -     WARNING (SFE-3014): The floating device I19.I12.MN57<0>_turbo_m28 is removed.
        Further occurrences of this warning will be suppressed. {"history": "Interactive.78", "point": 1, "testname": "TRAN_VDD_PULSE", "cornername": "Nominal"}
[2026-05-26 10:23:07.388 Z] [WARN] [cadence.virtuoso.ade.simulationMonitor] -     WARNING (SFE-3031): The floating capacitor I19.I11.C10<0>_turbo_m12.C1 is removed. {"history": "Interactive.78", "point": 1, "testname": "TRAN_VDD_PULSE", "cornername": "Nominal"}
[2026-05-26 10:23:07.388 Z] [WARN] [cadence.virtuoso.ade.simulationMonitor] -     WARNING (SFE-3031): The floating capacitor I19.I12.C7<0>_turbo_m3.C1 is removed.
        Further occurrences of this warning will be suppressed. {"history": "Interactive.78", "point": 1, "testname": "TRAN_VDD_PULSE", "cornername": "Nominal"}
[2026-05-26 10:23:07.389 Z] [INFO] [cadence.virtuoso.ade.simulationMonitor] - Peak resident memory used = 188 Mbytes. {"history": "Interactive.78", "point": 1, "testname": "TRAN_VDD_PULSE", "cornername": "Nominal"}
[2026-05-26 10:23:07.389 Z] [INFO] [cadence.virtuoso.ade.simulationMonitor] - Notice from spectre during hierarchy flattening.
    The value 'psf' specified for the 'checklimitdest' option will no longer be supported in future releases. Use 'spectre -h' to see other recommended values for the 'checklimitdest' option.
    I19.I0.R10.CS0 of rpolyhc: `c' has the unusually small value of 0 F.
    I19.I0.R10.CS1 of rpolyhc: `c' has the unusually small value of 0 F.
    I19.I0.R9.CS0 of rpolyhc: `c' has the unusually small value of 0 F.
    I19.I0.R9.CS1 of rpolyhc: `c' has the unusually ... {"history": "Interactive.78", "point": 1, "testname": "TRAN_VDD_PULSE", "cornername": "Nominal"}
[2026-05-26 10:23:07.389 Z] [INFO] [cadence.virtuoso.ade.simulationMonitor] - Notice from spectre during hierarchy flattening.
    V17: `period' has the unusually large value of 20 s.
    V17: `width' has the unusually large value of 19 s.
    V16: `period' has the unusually large value of 10 s.
    V16: `width' has the unusually large value of 9 s.
    V9: `period' has the unusually large value of 10 s.
        Further occurrences of this notice will be suppressed. {"history": "Interactive.78", "point": 1, "testname": "TRAN_VDD_PULSE", "cornername": "Nominal"}
[2026-05-26 10:23:07.389 Z] [INFO] [cadence.virtuoso.ade.simulationMonitor] - Peak resident memory used = 192 Mbytes. {"history": "Interactive.78", "point": 1, "testname": "TRAN_VDD_PULSE", "cornername": "Nominal"}
[2026-05-26 10:23:07.389 Z] [WARN] [cadence.virtuoso.ade.simulationMonitor] -     WARNING (CMI-2425): I19.I0.C2: `Acde' = 2.393 is unusually large. {"history": "Interactive.78", "point": 1, "testname": "TRAN_VDD_PULSE", "cornername": "Nominal"}
[2026-05-26 10:23:07.389 Z] [WARN] [cadence.virtuoso.ade.simulationMonitor] -     WARNING (CMI-2425): I19.I0.C2: `Noff' = 4.732 is unusually large. {"history": "Interactive.78", "point": 1, "testname": "TRAN_VDD_PULSE", "cornername": "Nominal"}
[2026-05-26 10:23:07.389 Z] [WARN] [cadence.virtuoso.ade.simulationMonitor] -     WARNING (CMI-2424): I19.I0.C2: `Voffcv' = -867.4e-03 is unusually small. {"history": "Interactive.78", "point": 1, "testname": "TRAN_VDD_PULSE", "cornername": "Nominal"}
[2026-05-26 10:23:07.389 Z] [WARN] [cadence.virtuoso.ade.simulationMonitor] -     WARNING (CMI-2425): I19.I0.C3: `Acde' = 2.393 is unusually large. {"history": "Interactive.78", "point": 1, "testname": "TRAN_VDD_PULSE", "cornername": "Nominal"}
[2026-05-26 10:23:07.389 Z] [WARN] [cadence.virtuoso.ade.simulationMonitor] -     WARNING (CMI-2425): I19.I0.C3: `Noff' = 4.732 is unusually large. {"history": "Interactive.78", "point": 1, "testname": "TRAN_VDD_PULSE", "cornername": "Nominal"}
[2026-05-26 10:23:07.389 Z] [WARN] [cadence.virtuoso.ade.simulationMonitor] -     WARNING (CMI-2424): I19.I0.C3: `Voffcv' = -867.4e-03 is unusually small. {"history": "Interactive.78", "point": 1, "testname": "TRAN_VDD_PULSE", "cornername": "Nominal"}
[2026-05-26 10:23:07.389 Z] [WARN] [cadence.virtuoso.ade.simulationMonitor] -     WARNING (CMI-2425): I19.I0.C0: `Acde' = 2.393 is unusually large.
        Further occurrences of this warning will be suppressed. {"history": "Interactive.78", "point": 1, "testname": "TRAN_VDD_PULSE", "cornername": "Nominal"}
[2026-05-26 10:23:07.389 Z] [WARN] [cadence.virtuoso.ade.simulationMonitor] -     WARNING (CMI-2424): I19.I0.C0: `Voffcv' = -867.4e-03 is unusually small. {"history": "Interactive.78", "point": 1, "testname": "TRAN_VDD_PULSE", "cornername": "Nominal"}
[2026-05-26 10:23:07.390 Z] [WARN] [cadence.virtuoso.ade.simulationMonitor] -     WARNING (CMI-2424): I19.I0.I3.C1: `Voffcv' = -867.4e-03 is unusually small. {"history": "Interactive.78", "point": 1, "testname": "TRAN_VDD_PULSE", "cornername": "Nominal"}
[2026-05-26 10:23:07.390 Z] [WARN] [cadence.virtuoso.ade.simulationMonitor] -     WARNING (CMI-2424): I19.I0.C1<0>_turbo_m5: `Voffcv' = -867.4e-03 is unusually small.
        Further occurrences of this warning will be suppressed. {"history": "Interactive.78", "point": 1, "testname": "TRAN_VDD_PULSE", "cornername": "Nominal"}
[2026-05-26 10:23:07.890 Z] [WARN] [cadence.virtuoso.ade.simulationMonitor] -     WARNING (SPECTRE-17607): Assert `SOAC_rpolyh_vminuspsub' is ignored because it contains an expression which is invalid or not supported by native evaluator.  {"history": "Interactive.78", "point": 1, "testname": "TRAN_VDD_PULSE", "cornername": "Nominal"}
[2026-05-26 10:23:07.890 Z] [WARN] [cadence.virtuoso.ade.simulationMonitor] -     WARNING (SPECTRE-17607): Assert `SOAC_rpolyh_vpluspsub' is ignored because it contains an expression which is invalid or not supported by native evaluator.  {"history": "Interactive.78", "point": 1, "testname": "TRAN_VDD_PULSE", "cornername": "Nominal"}
[2026-05-26 10:23:07.890 Z] [WARN] [cadence.virtuoso.ade.simulationMonitor] -     WARNING (SPECTRE-16460): SOAC_cvarm_vspsub:Specified subcircuit master `cvarm' was not found. {"history": "Interactive.78", "point": 1, "testname": "TRAN_VDD_PULSE", "cornername": "Nominal"}
[2026-05-26 10:23:07.890 Z] [WARN] [cadence.virtuoso.ade.simulationMonitor] -     WARNING (SPECTRE-16462): SOAC_cvarm_vspsub:Error in specification of subcircuit master. Assert is ignored. {"history": "Interactive.78", "point": 1, "testname": "TRAN_VDD_PULSE", "cornername": "Nominal"}
[2026-05-26 10:23:07.890 Z] [WARN] [cadence.virtuoso.ade.simulationMonitor] -     WARNING (SPECTRE-16460): SOAC_cvarm_vbs:Specified subcircuit master `cvarm' was not found. {"history": "Interactive.78", "point": 1, "testname": "TRAN_VDD_PULSE", "cornername": "Nominal"}
[2026-05-26 10:23:07.890 Z] [WARN] [cadence.virtuoso.ade.simulationMonitor] -     WARNING (SPECTRE-16462): SOAC_cvarm_vbs:Error in specification of subcircuit master. Assert is ignored. {"history": "Interactive.78", "point": 1, "testname": "TRAN_VDD_PULSE", "cornername": "Nominal"}
[2026-05-26 10:23:07.890 Z] [WARN] [cadence.virtuoso.ade.simulationMonitor] -     WARNING (SPECTRE-16460): SOAC_cvarm_vgb:Specified subcircuit master `cvarm' was not found. {"history": "Interactive.78", "point": 1, "testname": "TRAN_VDD_PULSE", "cornername": "Nominal"}
[2026-05-26 10:23:07.890 Z] [WARN] [cadence.virtuoso.ade.simulationMonitor] -     WARNING (SPECTRE-16462): SOAC_cvarm_vgb:Error in specification of subcircuit master. Assert is ignored. {"history": "Interactive.78", "point": 1, "testname": "TRAN_VDD_PULSE", "cornername": "Nominal"}
[2026-05-26 10:23:07.890 Z] [WARN] [cadence.virtuoso.ade.simulationMonitor] -     WARNING (SPECTRE-16460): SOAC_cvart_vspsub:Specified subcircuit master `cvart' was not found. {"history": "Interactive.78", "point": 1, "testname": "TRAN_VDD_PULSE", "cornername": "Nominal"}
[2026-05-26 10:23:07.890 Z] [WARN] [cadence.virtuoso.ade.simulationMonitor] -     WARNING (SPECTRE-16462): SOAC_cvart_vspsub:Error in specification of subcircuit master. Assert is ignored. {"history": "Interactive.78", "point": 1, "testname": "TRAN_VDD_PULSE", "cornername": "Nominal"}
[2026-05-26 10:23:07.891 Z] [WARN] [cadence.virtuoso.ade.simulationMonitor] -     WARNING (SPECTRE-16460): SOAC_cvart_vbs:Specified subcircuit master `cvart' was not found.
        Further occurrences of this warning will be suppressed. {"history": "Interactive.78", "point": 1, "testname": "TRAN_VDD_PULSE", "cornername": "Nominal"}
[2026-05-26 10:23:07.891 Z] [WARN] [cadence.virtuoso.ade.simulationMonitor] -     WARNING (SPECTRE-16462): SOAC_cvart_vbs:Error in specification of subcircuit master. Assert is ignored.
        Further occurrences of this warning will be suppressed. {"history": "Interactive.78", "point": 1, "testname": "TRAN_VDD_PULSE", "cornername": "Nominal"}
[2026-05-26 10:23:07.891 Z] [WARN] [cadence.virtuoso.ade.simulationMonitor] -     WARNING (SPECTRE-17607): Assert `SOAC_cvar_vspsub' is ignored because it contains an expression which is invalid or not supported by native evaluator.  {"history": "Interactive.78", "point": 1, "testname": "TRAN_VDD_PULSE", "cornername": "Nominal"}
[2026-05-26 10:23:07.891 Z] [WARN] [cadence.virtuoso.ade.simulationMonitor] -     WARNING (SPECTRE-17607): Assert `SOAC_cvar_vbpsub' is ignored because it contains an expression which is invalid or not supported by native evaluator.  {"history": "Interactive.78", "point": 1, "testname": "TRAN_VDD_PULSE", "cornername": "Nominal"}
[2026-05-26 10:23:07.891 Z] [WARN] [cadence.virtuoso.ade.simulationMonitor] -     WARNING (SPECTRE-17607): Assert `SOAC_cvar_vgpsub' is ignored because it contains an expression which is invalid or not supported by native evaluator. 
        Further occurrences of this warning will be suppressed. {"history": "Interactive.78", "point": 1, "testname": "TRAN_VDD_PULSE", "cornername": "Nominal"}
[2026-05-26 10:23:07.891 Z] [INFO] [cadence.virtuoso.ade.simulationMonitor] - Notice from spectre during topology check.
    No DC path from node `net19' to ground, Gmin installed to provide path. {"history": "Interactive.78", "point": 1, "testname": "TRAN_VDD_PULSE", "cornername": "Nominal"}
[2026-05-26 10:23:07.891 Z] [INFO] [cadence.virtuoso.ade.simulationMonitor] - Notice from spectre during initial setup.
    Multithreading is disabled due to the size of the design being too small. {"history": "Interactive.78", "point": 1, "testname": "TRAN_VDD_PULSE", "cornername": "Nominal"}
[2026-05-26 10:23:07.891 Z] [INFO] [cadence.virtuoso.ade.simulationMonitor] -               nodes 784 {"history": "Interactive.78", "point": 1, "testname": "TRAN_VDD_PULSE", "cornername": "Nominal"}
[2026-05-26 10:23:07.891 Z] [INFO] [cadence.virtuoso.ade.simulationMonitor] - Notice from spectre during initial setup.
    4 vsources are shorted because their absolute value is less than or equal to 'vabsshort'.
    Spectre X preset=mx enabled.
    18 notices suppressed.
    154 warnings suppressed. {"history": "Interactive.78", "point": 1, "testname": "TRAN_VDD_PULSE", "cornername": "Nominal"}
[2026-05-26 10:23:07.891 Z] [INFO] [cadence.virtuoso.ade.simulationMonitor] - Peak resident memory used = 212 Mbytes. {"history": "Interactive.78", "point": 1, "testname": "TRAN_VDD_PULSE", "cornername": "Nominal"}
[2026-05-26 10:23:07.891 Z] [INFO] [cadence.virtuoso.ade.simulationMonitor] -    -   (Spectre X) Multi-threading. The recommended number of threads is 1, consider adding +mt=1 on command line. {"history": "Interactive.78", "point": 1, "testname": "TRAN_VDD_PULSE", "cornername": "Nominal"}
[2026-05-26 10:23:07.891 Z] [INFO] [cadence.virtuoso.ade.simulationMonitor] - Notice from spectre during DC analysis `dcOp'.
    No checklimit analysis defined for asserts. A default checklimit analysis 'SpectreChecklimitAnal' has been created with all asserts enabled. {"history": "Interactive.78", "point": 1, "testname": "TRAN_VDD_PULSE", "cornername": "Nominal"}
[2026-05-26 10:23:07.891 Z] [INFO] [cadence.virtuoso.ade.simulationMonitor] - Notice from spectre during DC analysis `dcOp'.
    GminDC = 1 pS is large enough to noticeably affect the DC solution.
        dV(I19.I2.C1.d1) = 1.3758 mV
        Use the `gmin_check' option to eliminate or expand this report.
    Bad pivoting is found during DC analysis. Option dc_pivot_check=yes is recommended for possible improvement of convergence. {"history": "Interactive.78", "point": 1, "testname": "TRAN_VDD_PULSE", "cornername": "Nominal"}
[2026-05-26 10:23:07.891 Z] [WARN] [cadence.virtuoso.ade.simulationMonitor] -     WARNING (CMI-2943): Parameter checks have been ignored because the valid value for parameter 'trise' could not be found in 'C0'. {"history": "Interactive.78", "point": 1, "testname": "TRAN_VDD_PULSE", "cornername": "Nominal"}
[2026-05-26 10:23:07.892 Z] [WARN] [cadence.virtuoso.ade.simulationMonitor] -     WARNING (CMI-2943): Parameter checks have been ignored because the valid value for parameter 'trise' could not be found in 'C3'. {"history": "Interactive.78", "point": 1, "testname": "TRAN_VDD_PULSE", "cornername": "Nominal"}
[2026-05-26 10:23:07.892 Z] [WARN] [cadence.virtuoso.ade.simulationMonitor] -     WARNING (CMI-2943): Parameter checks have been ignored because the valid value for parameter 'trise' could not be found in 'C4'. {"history": "Interactive.78", "point": 1, "testname": "TRAN_VDD_PULSE", "cornername": "Nominal"}
[2026-05-26 10:23:07.892 Z] [WARN] [cadence.virtuoso.ade.simulationMonitor] -     WARNING (CMI-2943): Parameter checks have been ignored because the valid value for parameter 'trise' could not be found in 'C5'. {"history": "Interactive.78", "point": 1, "testname": "TRAN_VDD_PULSE", "cornername": "Nominal"}
[2026-05-26 10:23:07.892 Z] [WARN] [cadence.virtuoso.ade.simulationMonitor] -     WARNING (CMI-2943): Parameter checks have been ignored because the valid value for parameter 'trise' could not be found in 'I19.I4.C9<0>_turbo_m6.C1'.
        Further occurrences of this warning will be suppressed. {"history": "Interactive.78", "point": 1, "testname": "TRAN_VDD_PULSE", "cornername": "Nominal"}
[2026-05-26 10:23:07.892 Z] [INFO] [cadence.virtuoso.ade.simulationMonitor] - Total time required for dc analysis `dcOp': CPU = 54.48 ms, elapsed = 82.2811 ms, util. = 66.2%. {"history": "Interactive.78", "point": 1, "testname": "TRAN_VDD_PULSE", "cornername": "Nominal"}
[2026-05-26 10:23:07.892 Z] [INFO] [cadence.virtuoso.ade.simulationMonitor] - Peak resident memory used = 223 Mbytes. {"history": "Interactive.78", "point": 1, "testname": "TRAN_VDD_PULSE", "cornername": "Nominal"}
[2026-05-26 10:23:07.892 Z] [INFO] [cadence.virtuoso.ade.simulationMonitor] - Notice from spectre.
    246 warnings suppressed. {"history": "Interactive.78", "point": 1, "testname": "TRAN_VDD_PULSE", "cornername": "Nominal"}
[2026-05-26 10:23:07.892 Z] [INFO] [cadence.virtuoso.ade.simulationMonitor] - Notice from spectre during IC analysis, during transient analysis `tran'.
    GminDC = 1 pS is large enough to noticeably affect the DC solution.
        dV(I19.I2.C1.d1) = 1.3758 mV
        Use the `gmin_check' option to eliminate or expand this report. {"history": "Interactive.78", "point": 1, "testname": "TRAN_VDD_PULSE", "cornername": "Nominal"}
[2026-05-26 10:23:07.892 Z] [WARN] [cadence.virtuoso.ade.simulationMonitor] -     WARNING (CMI-2943): Parameter checks have been ignored because the valid value for parameter 'trise' could not be found in 'C0'. {"history": "Interactive.78", "point": 1, "testname": "TRAN_VDD_PULSE", "cornername": "Nominal"}
[2026-05-26 10:23:07.892 Z] [WARN] [cadence.virtuoso.ade.simulationMonitor] -     WARNING (CMI-2943): Parameter checks have been ignored because the valid value for parameter 'trise' could not be found in 'C3'. {"history": "Interactive.78", "point": 1, "testname": "TRAN_VDD_PULSE", "cornername": "Nominal"}
[2026-05-26 10:23:07.892 Z] [WARN] [cadence.virtuoso.ade.simulationMonitor] -     WARNING (CMI-2943): Parameter checks have been ignored because the valid value for parameter 'trise' could not be found in 'C4'. {"history": "Interactive.78", "point": 1, "testname": "TRAN_VDD_PULSE", "cornername": "Nominal"}
[2026-05-26 10:23:07.892 Z] [WARN] [cadence.virtuoso.ade.simulationMonitor] -     WARNING (CMI-2943): Parameter checks have been ignored because the valid value for parameter 'trise' could not be found in 'C5'. {"history": "Interactive.78", "point": 1, "testname": "TRAN_VDD_PULSE", "cornername": "Nominal"}
[2026-05-26 10:23:07.892 Z] [WARN] [cadence.virtuoso.ade.simulationMonitor] -     WARNING (CMI-2943): Parameter checks have been ignored because the valid value for parameter 'trise' could not be found in 'I19.I4.C9<0>_turbo_m6.C1'.
        Further occurrences of this warning will be suppressed. {"history": "Interactive.78", "point": 1, "testname": "TRAN_VDD_PULSE", "cornername": "Nominal"}
[2026-05-26 10:23:07.892 Z] [INFO] [cadence.virtuoso.ade.simulationMonitor] - Notice from spectre during transient analysis `tran'.
    Multithreading is disabled due to the size of the design being too small. {"history": "Interactive.78", "point": 1, "testname": "TRAN_VDD_PULSE", "cornername": "Nominal"}
[2026-05-26 10:24:49.419 Z] [INFO] [cadence.virtuoso.ade.simulationMonitor] - Total time required for tran analysis `tran': CPU = 96.5638 s (1m  36.6s), elapsed = 101.45 s (1m  41.4s), util. = 95.2%. {"history": "Interactive.78", "point": 1, "testname": "TRAN_VDD_PULSE", "cornername": "Nominal"}
[2026-05-26 10:24:49.419 Z] [INFO] [cadence.virtuoso.ade.simulationMonitor] - Peak resident memory used = 230 Mbytes. {"history": "Interactive.78", "point": 1, "testname": "TRAN_VDD_PULSE", "cornername": "Nominal"}
[2026-05-26 10:24:49.419 Z] [INFO] [cadence.virtuoso.ade.simulationMonitor] - Notice from spectre.
    246 warnings suppressed. {"history": "Interactive.78", "point": 1, "testname": "TRAN_VDD_PULSE", "cornername": "Nominal"}
[2026-05-26 10:24:49.419 Z] [WARN] [cadence.virtuoso.ade.simulationMonitor] -     WARNING (CMI-2425): I19.I2.C1: `Acde' = 2.393 is unusually large. {"history": "Interactive.78", "point": 1, "testname": "TRAN_VDD_PULSE", "cornername": "Nominal"}
[2026-05-26 10:24:49.419 Z] [WARN] [cadence.virtuoso.ade.simulationMonitor] -     WARNING (CMI-2425): I19.I2.C1: `Noff' = 4.732 is unusually large. {"history": "Interactive.78", "point": 1, "testname": "TRAN_VDD_PULSE", "cornername": "Nominal"}
[2026-05-26 10:24:49.420 Z] [WARN] [cadence.virtuoso.ade.simulationMonitor] -     WARNING (CMI-2424): I19.I2.C1: `Voffcv' = -867.4e-03 is unusually small. {"history": "Interactive.78", "point": 1, "testname": "TRAN_VDD_PULSE", "cornername": "Nominal"}
[2026-05-26 10:24:49.420 Z] [WARN] [cadence.virtuoso.ade.simulationMonitor] -     WARNING (CMI-2425): I19.I8.C0: `Acde' = 2.393 is unusually large. {"history": "Interactive.78", "point": 1, "testname": "TRAN_VDD_PULSE", "cornername": "Nominal"}
[2026-05-26 10:24:49.420 Z] [WARN] [cadence.virtuoso.ade.simulationMonitor] -     WARNING (CMI-2425): I19.I8.C0: `Noff' = 4.732 is unusually large. {"history": "Interactive.78", "point": 1, "testname": "TRAN_VDD_PULSE", "cornername": "Nominal"}
[2026-05-26 10:24:49.420 Z] [WARN] [cadence.virtuoso.ade.simulationMonitor] -     WARNING (CMI-2424): I19.I8.C0: `Voffcv' = -867.4e-03 is unusually small. {"history": "Interactive.78", "point": 1, "testname": "TRAN_VDD_PULSE", "cornername": "Nominal"}
[2026-05-26 10:24:49.420 Z] [WARN] [cadence.virtuoso.ade.simulationMonitor] -     WARNING (CMI-2425): I19.I8.C1: `Acde' = 2.393 is unusually large.
        Further occurrences of this warning will be suppressed. {"history": "Interactive.78", "point": 1, "testname": "TRAN_VDD_PULSE", "cornername": "Nominal"}
[2026-05-26 10:24:49.420 Z] [WARN] [cadence.virtuoso.ade.simulationMonitor] -     WARNING (CMI-2424): I19.I8.C1: `Voffcv' = -867.4e-03 is unusually small. {"history": "Interactive.78", "point": 1, "testname": "TRAN_VDD_PULSE", "cornername": "Nominal"}
[2026-05-26 10:24:49.420 Z] [WARN] [cadence.virtuoso.ade.simulationMonitor] -     WARNING (CMI-2424): I19.I14.C1: `Voffcv' = -867.4e-03 is unusually small. {"history": "Interactive.78", "point": 1, "testname": "TRAN_VDD_PULSE", "cornername": "Nominal"}
[2026-05-26 10:24:49.420 Z] [WARN] [cadence.virtuoso.ade.simulationMonitor] -     WARNING (CMI-2424): I19.I14.C4: `Voffcv' = -867.4e-03 is unusually small.
        Further occurrences of this warning will be suppressed. {"history": "Interactive.78", "point": 1, "testname": "TRAN_VDD_PULSE", "cornername": "Nominal"}
[2026-05-26 10:24:49.420 Z] [INFO] [cadence.virtuoso.ade.simulationMonitor] - Notice from spectre.
    56 warnings suppressed. {"history": "Interactive.78", "point": 1, "testname": "TRAN_VDD_PULSE", "cornername": "Nominal"}
[2026-05-26 10:24:49.420 Z] [WARN] [cadence.virtuoso.ade.simulationMonitor] -     WARNING (CMI-2425): I19.I2.C1: `Acde' = 2.393 is unusually large. {"history": "Interactive.78", "point": 1, "testname": "TRAN_VDD_PULSE", "cornername": "Nominal"}
[2026-05-26 10:24:49.420 Z] [WARN] [cadence.virtuoso.ade.simulationMonitor] -     WARNING (CMI-2425): I19.I2.C1: `Noff' = 4.732 is unusually large. {"history": "Interactive.78", "point": 1, "testname": "TRAN_VDD_PULSE", "cornername": "Nominal"}
[2026-05-26 10:24:49.420 Z] [WARN] [cadence.virtuoso.ade.simulationMonitor] -     WARNING (CMI-2424): I19.I2.C1: `Voffcv' = -867.4e-03 is unusually small. {"history": "Interactive.78", "point": 1, "testname": "TRAN_VDD_PULSE", "cornername": "Nominal"}
[2026-05-26 10:24:49.421 Z] [WARN] [cadence.virtuoso.ade.simulationMonitor] -     WARNING (CMI-2425): I19.I8.C0: `Acde' = 2.393 is unusually large. {"history": "Interactive.78", "point": 1, "testname": "TRAN_VDD_PULSE", "cornername": "Nominal"}
[2026-05-26 10:24:49.421 Z] [WARN] [cadence.virtuoso.ade.simulationMonitor] -     WARNING (CMI-2425): I19.I8.C0: `Noff' = 4.732 is unusually large. {"history": "Interactive.78", "point": 1, "testname": "TRAN_VDD_PULSE", "cornername": "Nominal"}
[2026-05-26 10:24:49.421 Z] [WARN] [cadence.virtuoso.ade.simulationMonitor] -     WARNING (CMI-2424): I19.I8.C0: `Voffcv' = -867.4e-03 is unusually small. {"history": "Interactive.78", "point": 1, "testname": "TRAN_VDD_PULSE", "cornername": "Nominal"}
[2026-05-26 10:24:49.421 Z] [WARN] [cadence.virtuoso.ade.simulationMonitor] -     WARNING (CMI-2425): I19.I8.C1: `Acde' = 2.393 is unusually large.
        Further occurrences of this warning will be suppressed. {"history": "Interactive.78", "point": 1, "testname": "TRAN_VDD_PULSE", "cornername": "Nominal"}
[2026-05-26 10:24:49.421 Z] [WARN] [cadence.virtuoso.ade.simulationMonitor] -     WARNING (CMI-2424): I19.I8.C1: `Voffcv' = -867.4e-03 is unusually small. {"history": "Interactive.78", "point": 1, "testname": "TRAN_VDD_PULSE", "cornername": "Nominal"}
[2026-05-26 10:24:49.421 Z] [WARN] [cadence.virtuoso.ade.simulationMonitor] -     WARNING (CMI-2424): I19.I14.C1: `Voffcv' = -867.4e-03 is unusually small. {"history": "Interactive.78", "point": 1, "testname": "TRAN_VDD_PULSE", "cornername": "Nominal"}
[2026-05-26 10:24:49.421 Z] [WARN] [cadence.virtuoso.ade.simulationMonitor] -     WARNING (CMI-2424): I19.I14.C4: `Voffcv' = -867.4e-03 is unusually small.
        Further occurrences of this warning will be suppressed. {"history": "Interactive.78", "point": 1, "testname": "TRAN_VDD_PULSE", "cornername": "Nominal"}
[2026-05-26 10:24:49.421 Z] [INFO] [cadence.virtuoso.ade.simulationMonitor] - Notice from spectre.
    59 warnings suppressed. {"history": "Interactive.78", "point": 1, "testname": "TRAN_VDD_PULSE", "cornername": "Nominal"}
[2026-05-26 10:24:49.421 Z] [WARN] [cadence.virtuoso.ade.simulationMonitor] -     WARNING (CMI-2425): I19.I2.C1: `Acde' = 2.393 is unusually large. {"history": "Interactive.78", "point": 1, "testname": "TRAN_VDD_PULSE", "cornername": "Nominal"}
[2026-05-26 10:24:49.421 Z] [WARN] [cadence.virtuoso.ade.simulationMonitor] -     WARNING (CMI-2425): I19.I2.C1: `Noff' = 4.732 is unusually large. {"history": "Interactive.78", "point": 1, "testname": "TRAN_VDD_PULSE", "cornername": "Nominal"}
[2026-05-26 10:24:49.421 Z] [WARN] [cadence.virtuoso.ade.simulationMonitor] -     WARNING (CMI-2424): I19.I2.C1: `Voffcv' = -867.4e-03 is unusually small. {"history": "Interactive.78", "point": 1, "testname": "TRAN_VDD_PULSE", "cornername": "Nominal"}
[2026-05-26 10:24:49.421 Z] [WARN] [cadence.virtuoso.ade.simulationMonitor] -     WARNING (CMI-2425): I19.I8.C0: `Acde' = 2.393 is unusually large. {"history": "Interactive.78", "point": 1, "testname": "TRAN_VDD_PULSE", "cornername": "Nominal"}
[2026-05-26 10:24:49.422 Z] [WARN] [cadence.virtuoso.ade.simulationMonitor] -     WARNING (CMI-2425): I19.I8.C0: `Noff' = 4.732 is unusually large. {"history": "Interactive.78", "point": 1, "testname": "TRAN_VDD_PULSE", "cornername": "Nominal"}
[2026-05-26 10:24:49.422 Z] [WARN] [cadence.virtuoso.ade.simulationMonitor] -     WARNING (CMI-2424): I19.I8.C0: `Voffcv' = -867.4e-03 is unusually small. {"history": "Interactive.78", "point": 1, "testname": "TRAN_VDD_PULSE", "cornername": "Nominal"}
[2026-05-26 10:24:49.422 Z] [WARN] [cadence.virtuoso.ade.simulationMonitor] -     WARNING (CMI-2425): I19.I8.C1: `Acde' = 2.393 is unusually large.
        Further occurrences of this warning will be suppressed. {"history": "Interactive.78", "point": 1, "testname": "TRAN_VDD_PULSE", "cornername": "Nominal"}
[2026-05-26 10:24:49.422 Z] [WARN] [cadence.virtuoso.ade.simulationMonitor] -     WARNING (CMI-2424): I19.I8.C1: `Voffcv' = -867.4e-03 is unusually small. {"history": "Interactive.78", "point": 1, "testname": "TRAN_VDD_PULSE", "cornername": "Nominal"}
[2026-05-26 10:24:49.422 Z] [WARN] [cadence.virtuoso.ade.simulationMonitor] -     WARNING (CMI-2424): I19.I14.C1: `Voffcv' = -867.4e-03 is unusually small. {"history": "Interactive.78", "point": 1, "testname": "TRAN_VDD_PULSE", "cornername": "Nominal"}
[2026-05-26 10:24:49.422 Z] [WARN] [cadence.virtuoso.ade.simulationMonitor] -     WARNING (CMI-2424): I19.I14.C4: `Voffcv' = -867.4e-03 is unusually small.
        Further occurrences of this warning will be suppressed. {"history": "Interactive.78", "point": 1, "testname": "TRAN_VDD_PULSE", "cornername": "Nominal"}
[2026-05-26 10:24:49.422 Z] [INFO] [cadence.virtuoso.ade.simulationMonitor] - Notice from spectre.
    56 warnings suppressed. {"history": "Interactive.78", "point": 1, "testname": "TRAN_VDD_PULSE", "cornername": "Nominal"}
[2026-05-26 10:24:49.422 Z] [WARN] [cadence.virtuoso.ade.simulationMonitor] -     WARNING (CMI-2425): I19.I2.C1: `Acde' = 2.393 is unusually large. {"history": "Interactive.78", "point": 1, "testname": "TRAN_VDD_PULSE", "cornername": "Nominal"}
[2026-05-26 10:24:49.422 Z] [WARN] [cadence.virtuoso.ade.simulationMonitor] -     WARNING (CMI-2425): I19.I2.C1: `Noff' = 4.732 is unusually large. {"history": "Interactive.78", "point": 1, "testname": "TRAN_VDD_PULSE", "cornername": "Nominal"}
[2026-05-26 10:24:49.422 Z] [WARN] [cadence.virtuoso.ade.simulationMonitor] -     WARNING (CMI-2424): I19.I2.C1: `Voffcv' = -867.4e-03 is unusually small. {"history": "Interactive.78", "point": 1, "testname": "TRAN_VDD_PULSE", "cornername": "Nominal"}
[2026-05-26 10:24:49.422 Z] [WARN] [cadence.virtuoso.ade.simulationMonitor] -     WARNING (CMI-2425): I19.I8.C0: `Acde' = 2.393 is unusually large. {"history": "Interactive.78", "point": 1, "testname": "TRAN_VDD_PULSE", "cornername": "Nominal"}
[2026-05-26 10:24:49.422 Z] [WARN] [cadence.virtuoso.ade.simulationMonitor] -     WARNING (CMI-2425): I19.I8.C0: `Noff' = 4.732 is unusually large. {"history": "Interactive.78", "point": 1, "testname": "TRAN_VDD_PULSE", "cornername": "Nominal"}
[2026-05-26 10:24:49.422 Z] [WARN] [cadence.virtuoso.ade.simulationMonitor] -     WARNING (CMI-2424): I19.I8.C0: `Voffcv' = -867.4e-03 is unusually small. {"history": "Interactive.78", "point": 1, "testname": "TRAN_VDD_PULSE", "cornername": "Nominal"}
[2026-05-26 10:24:49.422 Z] [WARN] [cadence.virtuoso.ade.simulationMonitor] -     WARNING (CMI-2425): I19.I8.C1: `Acde' = 2.393 is unusually large.
        Further occurrences of this warning will be suppressed. {"history": "Interactive.78", "point": 1, "testname": "TRAN_VDD_PULSE", "cornername": "Nominal"}
[2026-05-26 10:24:49.423 Z] [WARN] [cadence.virtuoso.ade.simulationMonitor] -     WARNING (CMI-2424): I19.I8.C1: `Voffcv' = -867.4e-03 is unusually small. {"history": "Interactive.78", "point": 1, "testname": "TRAN_VDD_PULSE", "cornername": "Nominal"}
[2026-05-26 10:24:49.423 Z] [WARN] [cadence.virtuoso.ade.simulationMonitor] -     WARNING (CMI-2424): I19.I14.C1: `Voffcv' = -867.4e-03 is unusually small. {"history": "Interactive.78", "point": 1, "testname": "TRAN_VDD_PULSE", "cornername": "Nominal"}
[2026-05-26 10:24:49.423 Z] [WARN] [cadence.virtuoso.ade.simulationMonitor] -     WARNING (CMI-2424): I19.I14.C4: `Voffcv' = -867.4e-03 is unusually small.
        Further occurrences of this warning will be suppressed. {"history": "Interactive.78", "point": 1, "testname": "TRAN_VDD_PULSE", "cornername": "Nominal"}
[2026-05-26 10:24:49.423 Z] [INFO] [cadence.virtuoso.ade.simulationMonitor] - Notice from spectre.
    56 warnings suppressed. {"history": "Interactive.78", "point": 1, "testname": "TRAN_VDD_PULSE", "cornername": "Nominal"}
[2026-05-26 10:24:49.423 Z] [INFO] [cadence.virtuoso.ade.simulationMonitor] - Time used: CPU = 97 s (1m  37.0s), elapsed = 102 s (1m  42.3s), util. = 94.8%. {"history": "Interactive.78", "point": 1, "testname": "TRAN_VDD_PULSE", "cornername": "Nominal"}
[2026-05-26 10:24:49.423 Z] [INFO] [cadence.virtuoso.ade.simulationMonitor] - Time spent in licensing: elapsed = 257 ms. {"history": "Interactive.78", "point": 1, "testname": "TRAN_VDD_PULSE", "cornername": "Nominal"}
[2026-05-26 10:24:49.423 Z] [INFO] [cadence.virtuoso.ade.simulationMonitor] - Peak memory used = 231 Mbytes. {"history": "Interactive.78", "point": 1, "testname": "TRAN_VDD_PULSE", "cornername": "Nominal"}
[2026-05-26 10:24:49.423 Z] [PROCESS] [cadence.virtuoso.ade.simulationMonitor] - Simulation started at: 10:23:06 AM, Tue May 26, 2026, ended at: 10:24:49 AM, Tue May 26, 2026, with elapsed time (wall clock): 102 s (1m  42.3s). {"history": "Interactive.78", "point": 1, "testname": "TRAN_VDD_PULSE", "cornername": "Nominal"}
[2026-05-26 10:24:49.423 Z] [PROCESS] [cadence.virtuoso.ade.simulationMonitor] - spectre completes with 0 errors, 96 warnings, and 32 notices. {"history": "Interactive.78", "point": 1, "testname": "TRAN_VDD_PULSE", "cornername": "Nominal"}
[2026-05-26 10:24:49.423 Z] [PROCESS] [cadence.virtuoso.ade.simulationMonitor] - Finished simulating for one point {"hostname": "edatools", "processid": 259513, "history": "Interactive.78", "testname": "TRAN_VDD_PULSE", "cornername": "Nominal", "point": 1, "logfile": "/home/saul/projects/IL2244_VT26_SAUL/logs_saul/logs0/Job53.log", "simid": "1"}
[2026-05-26 10:24:49.423 Z] [PROCESS] [cadence.virtuoso.ade.simulationMonitor] - Simulator exited {"hostname": "edatools", "processid": 259513, "history": "Interactive.78", "testname": "TRAN_VDD_PULSE", "cornername": "Nominal", "point": 1, "logfile": "/home/saul/projects/IL2244_VT26_SAUL/logs_saul/logs0/Job53.log", "exitStatus": "0"}
[2026-05-26 10:24:49.423 Z] [PROCESS] [cadence.virtuoso.ade.simulationMonitor] - Finished Simulation {"hostname": "edatools", "processid": 259513, "history": "Interactive.78", "testname": "TRAN_VDD_PULSE", "cornername": "Nominal", "point": 1, "logfile": "/home/saul/projects/IL2244_VT26_SAUL/logs_saul/logs0/Job53.log", "simid": "1"}
[2026-05-26 10:24:50.929 Z] [PROCESS] [cadence.virtuoso.ade.simulationMonitor] - Point Finished {"hostname": "edatools", "processid": 259513, "history": "Interactive.78", "testname": "TRAN_VDD_PULSE", "cornername": "Nominal", "point": 1, "logfile": "/home/saul/projects/IL2244_VT26_SAUL/logs_saul/logs0/Job53.log"}
[2026-05-26 10:24:50.930 Z] [PROCESS] [cadence.virtuoso.ade.simulationMonitor] - HostInfo:
Host name (type):	edatools (x86_64)
Operating system:	Linux 6.17.0-29-generic #29~24.04.1-Ubuntu SMP PREEMPT_DYNAMIC Mon May 11 10:30:58 UTC 2 {"hostname": "edatools", "processid": 259513, "history": "Interactive.78", "testname": "TRAN_VDD_PULSE", "cornername": "Nominal", "point": 1, "logfile": "/home/saul/projects/IL2244_VT26_SAUL/logs_saul/logs0/Job53.log", "nodename": "edatools", "domainname": "(none)", "machine": "x86_64", "sysname": "Linux", "release": "6.17.0-29-generic", "version": "#29~24.04.1-Ubuntu SMP PREEMPT_DYNAMIC Mon May 11 10:30:58 UTC 2"}
[2026-05-26 10:24:50.930 Z] [PROCESS] [cadence.virtuoso.ade.simulationMonitor] - UsageInfo:
pid=259513
totalPhysicalMemory=62.544987GB,Used=45.669575GB,totalVirtualMemory=70.544983GB,Used=45.669575GB
Cpu: Cores=16, Load average:4.700000,1.710000,0.930000 {"hostname": "edatools", "processid": 259513, "history": "Interactive.78", "testname": "TRAN_VDD_PULSE", "cornername": "Nominal", "point": 1, "logfile": "/home/saul/projects/IL2244_VT26_SAUL/logs_saul/logs0/Job53.log", "pid": "259513", "totalPhysicalMemory": "62.544987", "physicalMemoryUsed": "45.669575", "totalVirtualMemory": "70.544983", "virtualMemoryUsed": "45.669575", "cpuCores": "16", "processes": "1821", "loadAverage1": "4.700000", "loadAverage5": "1.710000", "loadAverage15": "0.930000", "loadAverage1Percent": "0.293750"}
[2026-05-26 10:24:50.930 Z] [EVENT] [cadence.virtuoso.ade.simulationMonitor] - NewPoint {"history": "Interactive.78", "point": 9, "testname": "TRAN_VDD_PULSE", "cornername": "CMOS_RES_CAP_TEMP_7", "event": "NewPoint", "EventSource": "Simulation Monitor", "HistoryName": "Interactive.78", "logFile": "/home/saul/projects/IL2244_VT26_SAUL/logs_saul/logs0/Job53.log", "logFileSize": "43770"}
[2026-05-26 10:24:51.031 Z] [EVENT] [cadence.virtuoso.ade.simulationMonitor] - NewPoint {"history": "Interactive.78", "point": 9, "testname": "TRAN_VDD_PULSE", "cornername": "CMOS_RES_CAP_TEMP_7", "event": "NewPoint", "EventSource": "spectre", "HistoryName": "Interactive.78", "logFile": "/home/saul/projects/IL2244_VT26_SAUL/Sim/FECG/fecg_front_end_tran_tb/maestro/results/maestro/Interactive.78/9/TRAN_VDD_PULSE/psf/spectre.out", "logFileSize": "-1"}
[2026-05-26 10:24:51.034 Z] [PROCESS] [cadence.virtuoso.ade.simulationMonitor] - Simulator launched {"hostname": "edatools", "processid": 259513, "history": "Interactive.78", "testname": "TRAN_VDD_PULSE", "cornername": "CMOS_RES_CAP_TEMP_7", "point": 9, "logfile": "/home/saul/projects/IL2244_VT26_SAUL/logs_saul/logs0/Job53.log", "simid": "2"}
[2026-05-26 10:24:51.046 Z] [PROCESS] [cadence.virtuoso.ade.simulationMonitor] - Started Simulation {"hostname": "edatools", "processid": 259513, "history": "Interactive.78", "testname": "TRAN_VDD_PULSE", "cornername": "CMOS_RES_CAP_TEMP_7", "point": 9, "logfile": "/home/saul/projects/IL2244_VT26_SAUL/logs_saul/logs0/Job53.log", "event": "started", "task": "simulation"}
[2026-05-26 10:24:51.547 Z] [INFO] [cadence.virtuoso.ade.simulationMonitor] - Notice from spectre during circuit read-in.
    Pre_Configuration file used: /opt/tools/cadence/installs/SPECTRE241/tools.lnx86/spectre/etc/configs/preset.precfg
    Configuration file used: `/opt/tools/cadence/installs/SPECTRE241/tools.lnx86/spectre/etc/configs/preset.cfg'. {"history": "Interactive.78", "point": 9, "testname": "TRAN_VDD_PULSE", "cornername": "CMOS_RES_CAP_TEMP_7"}
[2026-05-26 10:24:51.547 Z] [WARN] [cadence.virtuoso.ade.simulationMonitor] -     WARNING (SPECTRE-8360): line 1511: `ac' is an undefined primitive device. {"history": "Interactive.78", "point": 9, "testname": "TRAN_VDD_PULSE", "cornername": "CMOS_RES_CAP_TEMP_7"}
[2026-05-26 10:24:51.547 Z] [WARN] [cadence.virtuoso.ade.simulationMonitor] -     WARNING (SPECTRE-8360): line 1512: `ac' is an undefined primitive device. {"history": "Interactive.78", "point": 9, "testname": "TRAN_VDD_PULSE", "cornername": "CMOS_RES_CAP_TEMP_7"}
[2026-05-26 10:24:51.547 Z] [WARN] [cadence.virtuoso.ade.simulationMonitor] -     WARNING (SPECTRE-8360): line 1513: `ac' is an undefined primitive device. {"history": "Interactive.78", "point": 9, "testname": "TRAN_VDD_PULSE", "cornername": "CMOS_RES_CAP_TEMP_7"}
[2026-05-26 10:24:51.547 Z] [WARN] [cadence.virtuoso.ade.simulationMonitor] -     WARNING (SPECTRE-8360): line 1514: `ac' is an undefined primitive device. {"history": "Interactive.78", "point": 9, "testname": "TRAN_VDD_PULSE", "cornername": "CMOS_RES_CAP_TEMP_7"}
[2026-05-26 10:24:51.547 Z] [WARN] [cadence.virtuoso.ade.simulationMonitor] -     WARNING (SPECTRE-8360): line 1515: `ac' is an undefined primitive device.
        Further occurrences of this warning will be suppressed. {"history": "Interactive.78", "point": 9, "testname": "TRAN_VDD_PULSE", "cornername": "CMOS_RES_CAP_TEMP_7"}
[2026-05-26 10:24:51.547 Z] [INFO] [cadence.virtuoso.ade.simulationMonitor] - Peak resident memory used = 173 Mbytes. {"history": "Interactive.78", "point": 9, "testname": "TRAN_VDD_PULSE", "cornername": "CMOS_RES_CAP_TEMP_7"}
[2026-05-26 10:24:51.548 Z] [WARN] [cadence.virtuoso.ade.simulationMonitor] -     WARNING (VACOMP-2435): The environment variable CDS_AHDLCMI_ENABLE is no longer supported. Therefore, the simulator will use the default compiled C code flow. {"history": "Interactive.78", "point": 9, "testname": "TRAN_VDD_PULSE", "cornername": "CMOS_RES_CAP_TEMP_7"}
[2026-05-26 10:24:51.548 Z] [WARN] [cadence.virtuoso.ade.simulationMonitor] -     WARNING (SFE-3014): The floating device I19.I0.I5.MN14<0>_turbo_m4 is removed. {"history": "Interactive.78", "point": 9, "testname": "TRAN_VDD_PULSE", "cornername": "CMOS_RES_CAP_TEMP_7"}
[2026-05-26 10:24:51.548 Z] [WARN] [cadence.virtuoso.ade.simulationMonitor] -     WARNING (SFE-3012): The dummy device I19.I4.MP16<0>_turbo_m41 is removed. {"history": "Interactive.78", "point": 9, "testname": "TRAN_VDD_PULSE", "cornername": "CMOS_RES_CAP_TEMP_7"}
[2026-05-26 10:24:51.548 Z] [WARN] [cadence.virtuoso.ade.simulationMonitor] -     WARNING (SFE-3014): The floating device I19.I8.MN57<0>_turbo_m28 is removed. {"history": "Interactive.78", "point": 9, "testname": "TRAN_VDD_PULSE", "cornername": "CMOS_RES_CAP_TEMP_7"}
[2026-05-26 10:24:51.548 Z] [WARN] [cadence.virtuoso.ade.simulationMonitor] -     WARNING (SFE-3012): The dummy device I19.I14.MP13<0>_turbo_m4 is removed. {"history": "Interactive.78", "point": 9, "testname": "TRAN_VDD_PULSE", "cornername": "CMOS_RES_CAP_TEMP_7"}
[2026-05-26 10:24:51.548 Z] [WARN] [cadence.virtuoso.ade.simulationMonitor] -     WARNING (SFE-3031): The floating capacitor I19.I12.C10<0>_turbo_m12.C1 is removed. {"history": "Interactive.78", "point": 9, "testname": "TRAN_VDD_PULSE", "cornername": "CMOS_RES_CAP_TEMP_7"}
[2026-05-26 10:24:51.548 Z] [WARN] [cadence.virtuoso.ade.simulationMonitor] -     WARNING (SFE-3014): The floating device I19.I2.MN37<0>_turbo_m4 is removed. {"history": "Interactive.78", "point": 9, "testname": "TRAN_VDD_PULSE", "cornername": "CMOS_RES_CAP_TEMP_7"}
[2026-05-26 10:24:51.548 Z] [WARN] [cadence.virtuoso.ade.simulationMonitor] -     WARNING (SFE-3012): The dummy device I19.I0.I5.MP12<0>_turbo_m2 is removed. {"history": "Interactive.78", "point": 9, "testname": "TRAN_VDD_PULSE", "cornername": "CMOS_RES_CAP_TEMP_7"}
[2026-05-26 10:24:51.548 Z] [WARN] [cadence.virtuoso.ade.simulationMonitor] -     WARNING (SFE-3014): The floating device I19.I0.MN13<0>_turbo_m4 is removed. {"history": "Interactive.78", "point": 9, "testname": "TRAN_VDD_PULSE", "cornername": "CMOS_RES_CAP_TEMP_7"}
[2026-05-26 10:24:51.548 Z] [WARN] [cadence.virtuoso.ade.simulationMonitor] -     WARNING (SFE-3012): The dummy device I19.I0.I3.MP13<0>_turbo_m4 is removed. {"history": "Interactive.78", "point": 9, "testname": "TRAN_VDD_PULSE", "cornername": "CMOS_RES_CAP_TEMP_7"}
[2026-05-26 10:24:51.548 Z] [WARN] [cadence.virtuoso.ade.simulationMonitor] -     WARNING (SFE-3031): The floating capacitor I19.I12.C6<0>_turbo_m3.C1 is removed. {"history": "Interactive.78", "point": 9, "testname": "TRAN_VDD_PULSE", "cornername": "CMOS_RES_CAP_TEMP_7"}
[2026-05-26 10:24:51.548 Z] [WARN] [cadence.virtuoso.ade.simulationMonitor] -     WARNING (SFE-3012): The dummy device I19.I0.MP11<0>_turbo_m4 is removed.
        Further occurrences of this warning will be suppressed. {"history": "Interactive.78", "point": 9, "testname": "TRAN_VDD_PULSE", "cornername": "CMOS_RES_CAP_TEMP_7"}
[2026-05-26 10:24:51.549 Z] [WARN] [cadence.virtuoso.ade.simulationMonitor] -     WARNING (SFE-3031): The floating capacitor I19.I11.C7<0>_turbo_m3.C1 is removed. {"history": "Interactive.78", "point": 9, "testname": "TRAN_VDD_PULSE", "cornername": "CMOS_RES_CAP_TEMP_7"}
[2026-05-26 10:24:51.549 Z] [WARN] [cadence.virtuoso.ade.simulationMonitor] -     WARNING (SFE-3014): The floating device I19.I12.MN57<0>_turbo_m28 is removed.
        Further occurrences of this warning will be suppressed. {"history": "Interactive.78", "point": 9, "testname": "TRAN_VDD_PULSE", "cornername": "CMOS_RES_CAP_TEMP_7"}
[2026-05-26 10:24:51.549 Z] [WARN] [cadence.virtuoso.ade.simulationMonitor] -     WARNING (SFE-3031): The floating capacitor I19.I11.C10<0>_turbo_m12.C1 is removed. {"history": "Interactive.78", "point": 9, "testname": "TRAN_VDD_PULSE", "cornername": "CMOS_RES_CAP_TEMP_7"}
[2026-05-26 10:24:51.549 Z] [WARN] [cadence.virtuoso.ade.simulationMonitor] -     WARNING (SFE-3031): The floating capacitor I19.I12.C7<0>_turbo_m3.C1 is removed.
        Further occurrences of this warning will be suppressed. {"history": "Interactive.78", "point": 9, "testname": "TRAN_VDD_PULSE", "cornername": "CMOS_RES_CAP_TEMP_7"}
[2026-05-26 10:24:51.549 Z] [INFO] [cadence.virtuoso.ade.simulationMonitor] - Peak resident memory used = 188 Mbytes. {"history": "Interactive.78", "point": 9, "testname": "TRAN_VDD_PULSE", "cornername": "CMOS_RES_CAP_TEMP_7"}
[2026-05-26 10:24:51.549 Z] [INFO] [cadence.virtuoso.ade.simulationMonitor] - Notice from spectre during hierarchy flattening.
    The value 'psf' specified for the 'checklimitdest' option will no longer be supported in future releases. Use 'spectre -h' to see other recommended values for the 'checklimitdest' option.
    I19.I0.R10.CS0 of rpolyhc: `c' has the unusually small value of 0 F.
    I19.I0.R10.CS1 of rpolyhc: `c' has the unusually small value of 0 F.
    I19.I0.R9.CS0 of rpolyhc: `c' has the unusually small value of 0 F.
    I19.I0.R9.CS1 of rpolyhc: `c' has the unusually ... {"history": "Interactive.78", "point": 9, "testname": "TRAN_VDD_PULSE", "cornername": "CMOS_RES_CAP_TEMP_7"}
[2026-05-26 10:24:51.549 Z] [INFO] [cadence.virtuoso.ade.simulationMonitor] - Notice from spectre during hierarchy flattening.
    V17: `period' has the unusually large value of 20 s.
    V17: `width' has the unusually large value of 19 s.
    V16: `period' has the unusually large value of 10 s.
    V16: `width' has the unusually large value of 9 s.
    V9: `period' has the unusually large value of 10 s.
        Further occurrences of this notice will be suppressed. {"history": "Interactive.78", "point": 9, "testname": "TRAN_VDD_PULSE", "cornername": "CMOS_RES_CAP_TEMP_7"}
[2026-05-26 10:24:51.549 Z] [INFO] [cadence.virtuoso.ade.simulationMonitor] - Peak resident memory used = 192 Mbytes. {"history": "Interactive.78", "point": 9, "testname": "TRAN_VDD_PULSE", "cornername": "CMOS_RES_CAP_TEMP_7"}
[2026-05-26 10:24:51.549 Z] [WARN] [cadence.virtuoso.ade.simulationMonitor] -     WARNING (CMI-2425): I19.I0.C2: `Acde' = 2.393 is unusually large. {"history": "Interactive.78", "point": 9, "testname": "TRAN_VDD_PULSE", "cornername": "CMOS_RES_CAP_TEMP_7"}
[2026-05-26 10:24:51.549 Z] [WARN] [cadence.virtuoso.ade.simulationMonitor] -     WARNING (CMI-2425): I19.I0.C2: `Noff' = 4.732 is unusually large. {"history": "Interactive.78", "point": 9, "testname": "TRAN_VDD_PULSE", "cornername": "CMOS_RES_CAP_TEMP_7"}
[2026-05-26 10:24:51.549 Z] [WARN] [cadence.virtuoso.ade.simulationMonitor] -     WARNING (CMI-2424): I19.I0.C2: `Voffcv' = -867.4e-03 is unusually small. {"history": "Interactive.78", "point": 9, "testname": "TRAN_VDD_PULSE", "cornername": "CMOS_RES_CAP_TEMP_7"}
[2026-05-26 10:24:51.549 Z] [WARN] [cadence.virtuoso.ade.simulationMonitor] -     WARNING (CMI-2425): I19.I0.C3: `Acde' = 2.393 is unusually large. {"history": "Interactive.78", "point": 9, "testname": "TRAN_VDD_PULSE", "cornername": "CMOS_RES_CAP_TEMP_7"}
[2026-05-26 10:24:51.550 Z] [WARN] [cadence.virtuoso.ade.simulationMonitor] -     WARNING (CMI-2425): I19.I0.C3: `Noff' = 4.732 is unusually large. {"history": "Interactive.78", "point": 9, "testname": "TRAN_VDD_PULSE", "cornername": "CMOS_RES_CAP_TEMP_7"}
[2026-05-26 10:24:51.550 Z] [WARN] [cadence.virtuoso.ade.simulationMonitor] -     WARNING (CMI-2424): I19.I0.C3: `Voffcv' = -867.4e-03 is unusually small. {"history": "Interactive.78", "point": 9, "testname": "TRAN_VDD_PULSE", "cornername": "CMOS_RES_CAP_TEMP_7"}
[2026-05-26 10:24:51.550 Z] [WARN] [cadence.virtuoso.ade.simulationMonitor] -     WARNING (CMI-2425): I19.I0.C0: `Acde' = 2.393 is unusually large.
        Further occurrences of this warning will be suppressed. {"history": "Interactive.78", "point": 9, "testname": "TRAN_VDD_PULSE", "cornername": "CMOS_RES_CAP_TEMP_7"}
[2026-05-26 10:24:51.550 Z] [WARN] [cadence.virtuoso.ade.simulationMonitor] -     WARNING (CMI-2424): I19.I0.C0: `Voffcv' = -867.4e-03 is unusually small. {"history": "Interactive.78", "point": 9, "testname": "TRAN_VDD_PULSE", "cornername": "CMOS_RES_CAP_TEMP_7"}
[2026-05-26 10:24:51.550 Z] [WARN] [cadence.virtuoso.ade.simulationMonitor] -     WARNING (CMI-2424): I19.I0.I3.C1: `Voffcv' = -867.4e-03 is unusually small. {"history": "Interactive.78", "point": 9, "testname": "TRAN_VDD_PULSE", "cornername": "CMOS_RES_CAP_TEMP_7"}
[2026-05-26 10:24:51.550 Z] [WARN] [cadence.virtuoso.ade.simulationMonitor] -     WARNING (CMI-2424): I19.I0.C1<0>_turbo_m5: `Voffcv' = -867.4e-03 is unusually small.
        Further occurrences of this warning will be suppressed. {"history": "Interactive.78", "point": 9, "testname": "TRAN_VDD_PULSE", "cornername": "CMOS_RES_CAP_TEMP_7"}
[2026-05-26 10:24:51.550 Z] [WARN] [cadence.virtuoso.ade.simulationMonitor] -     WARNING (SPECTRE-17607): Assert `SOAC_rpolyh_vminuspsub' is ignored because it contains an expression which is invalid or not supported by native evaluator.  {"history": "Interactive.78", "point": 9, "testname": "TRAN_VDD_PULSE", "cornername": "CMOS_RES_CAP_TEMP_7"}
[2026-05-26 10:24:51.550 Z] [WARN] [cadence.virtuoso.ade.simulationMonitor] -     WARNING (SPECTRE-17607): Assert `SOAC_rpolyh_vpluspsub' is ignored because it contains an expression which is invalid or not supported by native evaluator.  {"history": "Interactive.78", "point": 9, "testname": "TRAN_VDD_PULSE", "cornername": "CMOS_RES_CAP_TEMP_7"}
[2026-05-26 10:24:51.550 Z] [WARN] [cadence.virtuoso.ade.simulationMonitor] -     WARNING (SPECTRE-16460): SOAC_cvarm_vspsub:Specified subcircuit master `cvarm' was not found. {"history": "Interactive.78", "point": 9, "testname": "TRAN_VDD_PULSE", "cornername": "CMOS_RES_CAP_TEMP_7"}
[2026-05-26 10:24:51.550 Z] [WARN] [cadence.virtuoso.ade.simulationMonitor] -     WARNING (SPECTRE-16462): SOAC_cvarm_vspsub:Error in specification of subcircuit master. Assert is ignored. {"history": "Interactive.78", "point": 9, "testname": "TRAN_VDD_PULSE", "cornername": "CMOS_RES_CAP_TEMP_7"}
[2026-05-26 10:24:51.550 Z] [WARN] [cadence.virtuoso.ade.simulationMonitor] -     WARNING (SPECTRE-16460): SOAC_cvarm_vbs:Specified subcircuit master `cvarm' was not found. {"history": "Interactive.78", "point": 9, "testname": "TRAN_VDD_PULSE", "cornername": "CMOS_RES_CAP_TEMP_7"}
[2026-05-26 10:24:51.550 Z] [WARN] [cadence.virtuoso.ade.simulationMonitor] -     WARNING (SPECTRE-16462): SOAC_cvarm_vbs:Error in specification of subcircuit master. Assert is ignored. {"history": "Interactive.78", "point": 9, "testname": "TRAN_VDD_PULSE", "cornername": "CMOS_RES_CAP_TEMP_7"}
[2026-05-26 10:24:51.550 Z] [WARN] [cadence.virtuoso.ade.simulationMonitor] -     WARNING (SPECTRE-16460): SOAC_cvarm_vgb:Specified subcircuit master `cvarm' was not found. {"history": "Interactive.78", "point": 9, "testname": "TRAN_VDD_PULSE", "cornername": "CMOS_RES_CAP_TEMP_7"}
[2026-05-26 10:24:51.551 Z] [WARN] [cadence.virtuoso.ade.simulationMonitor] -     WARNING (SPECTRE-16462): SOAC_cvarm_vgb:Error in specification of subcircuit master. Assert is ignored. {"history": "Interactive.78", "point": 9, "testname": "TRAN_VDD_PULSE", "cornername": "CMOS_RES_CAP_TEMP_7"}
[2026-05-26 10:24:51.551 Z] [WARN] [cadence.virtuoso.ade.simulationMonitor] -     WARNING (SPECTRE-16460): SOAC_cvart_vspsub:Specified subcircuit master `cvart' was not found. {"history": "Interactive.78", "point": 9, "testname": "TRAN_VDD_PULSE", "cornername": "CMOS_RES_CAP_TEMP_7"}
[2026-05-26 10:24:51.551 Z] [WARN] [cadence.virtuoso.ade.simulationMonitor] -     WARNING (SPECTRE-16462): SOAC_cvart_vspsub:Error in specification of subcircuit master. Assert is ignored. {"history": "Interactive.78", "point": 9, "testname": "TRAN_VDD_PULSE", "cornername": "CMOS_RES_CAP_TEMP_7"}
[2026-05-26 10:24:51.551 Z] [WARN] [cadence.virtuoso.ade.simulationMonitor] -     WARNING (SPECTRE-16460): SOAC_cvart_vbs:Specified subcircuit master `cvart' was not found.
        Further occurrences of this warning will be suppressed. {"history": "Interactive.78", "point": 9, "testname": "TRAN_VDD_PULSE", "cornername": "CMOS_RES_CAP_TEMP_7"}
[2026-05-26 10:24:51.551 Z] [WARN] [cadence.virtuoso.ade.simulationMonitor] -     WARNING (SPECTRE-16462): SOAC_cvart_vbs:Error in specification of subcircuit master. Assert is ignored.
        Further occurrences of this warning will be suppressed. {"history": "Interactive.78", "point": 9, "testname": "TRAN_VDD_PULSE", "cornername": "CMOS_RES_CAP_TEMP_7"}
[2026-05-26 10:24:51.551 Z] [WARN] [cadence.virtuoso.ade.simulationMonitor] -     WARNING (SPECTRE-17607): Assert `SOAC_cvar_vspsub' is ignored because it contains an expression which is invalid or not supported by native evaluator.  {"history": "Interactive.78", "point": 9, "testname": "TRAN_VDD_PULSE", "cornername": "CMOS_RES_CAP_TEMP_7"}
[2026-05-26 10:24:51.551 Z] [WARN] [cadence.virtuoso.ade.simulationMonitor] -     WARNING (SPECTRE-17607): Assert `SOAC_cvar_vbpsub' is ignored because it contains an expression which is invalid or not supported by native evaluator.  {"history": "Interactive.78", "point": 9, "testname": "TRAN_VDD_PULSE", "cornername": "CMOS_RES_CAP_TEMP_7"}
[2026-05-26 10:24:51.551 Z] [WARN] [cadence.virtuoso.ade.simulationMonitor] -     WARNING (SPECTRE-17607): Assert `SOAC_cvar_vgpsub' is ignored because it contains an expression which is invalid or not supported by native evaluator. 
        Further occurrences of this warning will be suppressed. {"history": "Interactive.78", "point": 9, "testname": "TRAN_VDD_PULSE", "cornername": "CMOS_RES_CAP_TEMP_7"}
[2026-05-26 10:24:52.051 Z] [INFO] [cadence.virtuoso.ade.simulationMonitor] - Notice from spectre during topology check.
    No DC path from node `net19' to ground, Gmin installed to provide path. {"history": "Interactive.78", "point": 9, "testname": "TRAN_VDD_PULSE", "cornername": "CMOS_RES_CAP_TEMP_7"}
[2026-05-26 10:24:52.051 Z] [INFO] [cadence.virtuoso.ade.simulationMonitor] - Notice from spectre during initial setup.
    Multithreading is disabled due to the size of the design being too small. {"history": "Interactive.78", "point": 9, "testname": "TRAN_VDD_PULSE", "cornername": "CMOS_RES_CAP_TEMP_7"}
[2026-05-26 10:24:52.052 Z] [INFO] [cadence.virtuoso.ade.simulationMonitor] -               nodes 784 {"history": "Interactive.78", "point": 9, "testname": "TRAN_VDD_PULSE", "cornername": "CMOS_RES_CAP_TEMP_7"}
[2026-05-26 10:24:52.052 Z] [INFO] [cadence.virtuoso.ade.simulationMonitor] - Notice from spectre during initial setup.
    4 vsources are shorted because their absolute value is less than or equal to 'vabsshort'.
    Spectre X preset=mx enabled.
    18 notices suppressed.
    154 warnings suppressed. {"history": "Interactive.78", "point": 9, "testname": "TRAN_VDD_PULSE", "cornername": "CMOS_RES_CAP_TEMP_7"}
[2026-05-26 10:24:52.052 Z] [INFO] [cadence.virtuoso.ade.simulationMonitor] - Peak resident memory used = 212 Mbytes. {"history": "Interactive.78", "point": 9, "testname": "TRAN_VDD_PULSE", "cornername": "CMOS_RES_CAP_TEMP_7"}
[2026-05-26 10:24:52.052 Z] [INFO] [cadence.virtuoso.ade.simulationMonitor] -    -   (Spectre X) Multi-threading. The recommended number of threads is 1, consider adding +mt=1 on command line. {"history": "Interactive.78", "point": 9, "testname": "TRAN_VDD_PULSE", "cornername": "CMOS_RES_CAP_TEMP_7"}
[2026-05-26 10:24:52.052 Z] [INFO] [cadence.virtuoso.ade.simulationMonitor] - Notice from spectre during DC analysis `dcOp'.
    No checklimit analysis defined for asserts. A default checklimit analysis 'SpectreChecklimitAnal' has been created with all asserts enabled. {"history": "Interactive.78", "point": 9, "testname": "TRAN_VDD_PULSE", "cornername": "CMOS_RES_CAP_TEMP_7"}
[2026-05-26 10:24:52.052 Z] [INFO] [cadence.virtuoso.ade.simulationMonitor] - Notice from spectre during DC analysis `dcOp'.
    GminDC = 1 pS is large enough to noticeably affect the DC solution.
        dV(I19.I2.C1.d1) = 1.47451 mV
        Use the `gmin_check' option to eliminate or expand this report.
    Bad pivoting is found during DC analysis. Option dc_pivot_check=yes is recommended for possible improvement of convergence. {"history": "Interactive.78", "point": 9, "testname": "TRAN_VDD_PULSE", "cornername": "CMOS_RES_CAP_TEMP_7"}
[2026-05-26 10:24:52.052 Z] [WARN] [cadence.virtuoso.ade.simulationMonitor] -     WARNING (CMI-2943): Parameter checks have been ignored because the valid value for parameter 'trise' could not be found in 'C0'. {"history": "Interactive.78", "point": 9, "testname": "TRAN_VDD_PULSE", "cornername": "CMOS_RES_CAP_TEMP_7"}
[2026-05-26 10:24:52.052 Z] [WARN] [cadence.virtuoso.ade.simulationMonitor] -     WARNING (CMI-2943): Parameter checks have been ignored because the valid value for parameter 'trise' could not be found in 'C3'. {"history": "Interactive.78", "point": 9, "testname": "TRAN_VDD_PULSE", "cornername": "CMOS_RES_CAP_TEMP_7"}
[2026-05-26 10:24:52.052 Z] [WARN] [cadence.virtuoso.ade.simulationMonitor] -     WARNING (CMI-2943): Parameter checks have been ignored because the valid value for parameter 'trise' could not be found in 'C4'. {"history": "Interactive.78", "point": 9, "testname": "TRAN_VDD_PULSE", "cornername": "CMOS_RES_CAP_TEMP_7"}
[2026-05-26 10:24:52.052 Z] [WARN] [cadence.virtuoso.ade.simulationMonitor] -     WARNING (CMI-2943): Parameter checks have been ignored because the valid value for parameter 'trise' could not be found in 'C5'. {"history": "Interactive.78", "point": 9, "testname": "TRAN_VDD_PULSE", "cornername": "CMOS_RES_CAP_TEMP_7"}
[2026-05-26 10:24:52.052 Z] [WARN] [cadence.virtuoso.ade.simulationMonitor] -     WARNING (CMI-2943): Parameter checks have been ignored because the valid value for parameter 'trise' could not be found in 'I19.I4.C9<0>_turbo_m6.C1'.
        Further occurrences of this warning will be suppressed. {"history": "Interactive.78", "point": 9, "testname": "TRAN_VDD_PULSE", "cornername": "CMOS_RES_CAP_TEMP_7"}
[2026-05-26 10:24:52.052 Z] [INFO] [cadence.virtuoso.ade.simulationMonitor] - Total time required for dc analysis `dcOp': CPU = 55.698 ms, elapsed = 73.092 ms, util. = 76.2%. {"history": "Interactive.78", "point": 9, "testname": "TRAN_VDD_PULSE", "cornername": "CMOS_RES_CAP_TEMP_7"}
[2026-05-26 10:24:52.053 Z] [INFO] [cadence.virtuoso.ade.simulationMonitor] - Peak resident memory used = 222 Mbytes. {"history": "Interactive.78", "point": 9, "testname": "TRAN_VDD_PULSE", "cornername": "CMOS_RES_CAP_TEMP_7"}
[2026-05-26 10:24:52.053 Z] [INFO] [cadence.virtuoso.ade.simulationMonitor] - Notice from spectre.
    246 warnings suppressed. {"history": "Interactive.78", "point": 9, "testname": "TRAN_VDD_PULSE", "cornername": "CMOS_RES_CAP_TEMP_7"}
[2026-05-26 10:24:52.053 Z] [INFO] [cadence.virtuoso.ade.simulationMonitor] - Notice from spectre during IC analysis, during transient analysis `tran'.
    GminDC = 1 pS is large enough to noticeably affect the DC solution.
        dV(I19.I2.C1.d1) = 1.47451 mV
        Use the `gmin_check' option to eliminate or expand this report. {"history": "Interactive.78", "point": 9, "testname": "TRAN_VDD_PULSE", "cornername": "CMOS_RES_CAP_TEMP_7"}
[2026-05-26 10:24:52.053 Z] [WARN] [cadence.virtuoso.ade.simulationMonitor] -     WARNING (CMI-2943): Parameter checks have been ignored because the valid value for parameter 'trise' could not be found in 'C0'. {"history": "Interactive.78", "point": 9, "testname": "TRAN_VDD_PULSE", "cornername": "CMOS_RES_CAP_TEMP_7"}
[2026-05-26 10:24:52.053 Z] [WARN] [cadence.virtuoso.ade.simulationMonitor] -     WARNING (CMI-2943): Parameter checks have been ignored because the valid value for parameter 'trise' could not be found in 'C3'. {"history": "Interactive.78", "point": 9, "testname": "TRAN_VDD_PULSE", "cornername": "CMOS_RES_CAP_TEMP_7"}
[2026-05-26 10:24:52.053 Z] [WARN] [cadence.virtuoso.ade.simulationMonitor] -     WARNING (CMI-2943): Parameter checks have been ignored because the valid value for parameter 'trise' could not be found in 'C4'. {"history": "Interactive.78", "point": 9, "testname": "TRAN_VDD_PULSE", "cornername": "CMOS_RES_CAP_TEMP_7"}
[2026-05-26 10:24:52.053 Z] [WARN] [cadence.virtuoso.ade.simulationMonitor] -     WARNING (CMI-2943): Parameter checks have been ignored because the valid value for parameter 'trise' could not be found in 'C5'. {"history": "Interactive.78", "point": 9, "testname": "TRAN_VDD_PULSE", "cornername": "CMOS_RES_CAP_TEMP_7"}
[2026-05-26 10:24:52.053 Z] [WARN] [cadence.virtuoso.ade.simulationMonitor] -     WARNING (CMI-2943): Parameter checks have been ignored because the valid value for parameter 'trise' could not be found in 'I19.I4.C9<0>_turbo_m6.C1'.
        Further occurrences of this warning will be suppressed. {"history": "Interactive.78", "point": 9, "testname": "TRAN_VDD_PULSE", "cornername": "CMOS_RES_CAP_TEMP_7"}
[2026-05-26 10:24:52.053 Z] [INFO] [cadence.virtuoso.ade.simulationMonitor] - Notice from spectre during transient analysis `tran'.
    Multithreading is disabled due to the size of the design being too small. {"history": "Interactive.78", "point": 9, "testname": "TRAN_VDD_PULSE", "cornername": "CMOS_RES_CAP_TEMP_7"}
[2026-05-26 10:26:24.075 Z] [INFO] [cadence.virtuoso.ade.simulationMonitor] - Total time required for tran analysis `tran': CPU = 91.6706 s (1m  31.7s), elapsed = 92.058 s (1m  32.1s), util. = 99.6%. {"history": "Interactive.78", "point": 9, "testname": "TRAN_VDD_PULSE", "cornername": "CMOS_RES_CAP_TEMP_7"}
[2026-05-26 10:26:24.075 Z] [INFO] [cadence.virtuoso.ade.simulationMonitor] - Peak resident memory used = 230 Mbytes. {"history": "Interactive.78", "point": 9, "testname": "TRAN_VDD_PULSE", "cornername": "CMOS_RES_CAP_TEMP_7"}
[2026-05-26 10:26:24.075 Z] [INFO] [cadence.virtuoso.ade.simulationMonitor] - Notice from spectre.
    246 warnings suppressed. {"history": "Interactive.78", "point": 9, "testname": "TRAN_VDD_PULSE", "cornername": "CMOS_RES_CAP_TEMP_7"}
[2026-05-26 10:26:24.076 Z] [WARN] [cadence.virtuoso.ade.simulationMonitor] -     WARNING (CMI-2425): I19.I2.C1: `Acde' = 2.393 is unusually large. {"history": "Interactive.78", "point": 9, "testname": "TRAN_VDD_PULSE", "cornername": "CMOS_RES_CAP_TEMP_7"}
[2026-05-26 10:26:24.076 Z] [WARN] [cadence.virtuoso.ade.simulationMonitor] -     WARNING (CMI-2425): I19.I2.C1: `Noff' = 4.732 is unusually large. {"history": "Interactive.78", "point": 9, "testname": "TRAN_VDD_PULSE", "cornername": "CMOS_RES_CAP_TEMP_7"}
[2026-05-26 10:26:24.076 Z] [WARN] [cadence.virtuoso.ade.simulationMonitor] -     WARNING (CMI-2424): I19.I2.C1: `Voffcv' = -867.4e-03 is unusually small. {"history": "Interactive.78", "point": 9, "testname": "TRAN_VDD_PULSE", "cornername": "CMOS_RES_CAP_TEMP_7"}
[2026-05-26 10:26:24.076 Z] [WARN] [cadence.virtuoso.ade.simulationMonitor] -     WARNING (CMI-2425): I19.I8.C0: `Acde' = 2.393 is unusually large. {"history": "Interactive.78", "point": 9, "testname": "TRAN_VDD_PULSE", "cornername": "CMOS_RES_CAP_TEMP_7"}
[2026-05-26 10:26:24.076 Z] [WARN] [cadence.virtuoso.ade.simulationMonitor] -     WARNING (CMI-2425): I19.I8.C0: `Noff' = 4.732 is unusually large. {"history": "Interactive.78", "point": 9, "testname": "TRAN_VDD_PULSE", "cornername": "CMOS_RES_CAP_TEMP_7"}
[2026-05-26 10:26:24.076 Z] [WARN] [cadence.virtuoso.ade.simulationMonitor] -     WARNING (CMI-2424): I19.I8.C0: `Voffcv' = -867.4e-03 is unusually small. {"history": "Interactive.78", "point": 9, "testname": "TRAN_VDD_PULSE", "cornername": "CMOS_RES_CAP_TEMP_7"}
[2026-05-26 10:26:24.076 Z] [WARN] [cadence.virtuoso.ade.simulationMonitor] -     WARNING (CMI-2425): I19.I8.C1: `Acde' = 2.393 is unusually large.
        Further occurrences of this warning will be suppressed. {"history": "Interactive.78", "point": 9, "testname": "TRAN_VDD_PULSE", "cornername": "CMOS_RES_CAP_TEMP_7"}
[2026-05-26 10:26:24.076 Z] [WARN] [cadence.virtuoso.ade.simulationMonitor] -     WARNING (CMI-2424): I19.I8.C1: `Voffcv' = -867.4e-03 is unusually small. {"history": "Interactive.78", "point": 9, "testname": "TRAN_VDD_PULSE", "cornername": "CMOS_RES_CAP_TEMP_7"}
[2026-05-26 10:26:24.076 Z] [WARN] [cadence.virtuoso.ade.simulationMonitor] -     WARNING (CMI-2424): I19.I14.C1: `Voffcv' = -867.4e-03 is unusually small. {"history": "Interactive.78", "point": 9, "testname": "TRAN_VDD_PULSE", "cornername": "CMOS_RES_CAP_TEMP_7"}
[2026-05-26 10:26:24.076 Z] [WARN] [cadence.virtuoso.ade.simulationMonitor] -     WARNING (CMI-2424): I19.I14.C4: `Voffcv' = -867.4e-03 is unusually small.
        Further occurrences of this warning will be suppressed. {"history": "Interactive.78", "point": 9, "testname": "TRAN_VDD_PULSE", "cornername": "CMOS_RES_CAP_TEMP_7"}
[2026-05-26 10:26:24.076 Z] [INFO] [cadence.virtuoso.ade.simulationMonitor] - Notice from spectre.
    56 warnings suppressed. {"history": "Interactive.78", "point": 9, "testname": "TRAN_VDD_PULSE", "cornername": "CMOS_RES_CAP_TEMP_7"}
[2026-05-26 10:26:24.076 Z] [WARN] [cadence.virtuoso.ade.simulationMonitor] -     WARNING (CMI-2425): I19.I2.C1: `Acde' = 2.393 is unusually large. {"history": "Interactive.78", "point": 9, "testname": "TRAN_VDD_PULSE", "cornername": "CMOS_RES_CAP_TEMP_7"}
[2026-05-26 10:26:24.077 Z] [WARN] [cadence.virtuoso.ade.simulationMonitor] -     WARNING (CMI-2425): I19.I2.C1: `Noff' = 4.732 is unusually large. {"history": "Interactive.78", "point": 9, "testname": "TRAN_VDD_PULSE", "cornername": "CMOS_RES_CAP_TEMP_7"}
[2026-05-26 10:26:24.077 Z] [WARN] [cadence.virtuoso.ade.simulationMonitor] -     WARNING (CMI-2424): I19.I2.C1: `Voffcv' = -867.4e-03 is unusually small. {"history": "Interactive.78", "point": 9, "testname": "TRAN_VDD_PULSE", "cornername": "CMOS_RES_CAP_TEMP_7"}
[2026-05-26 10:26:24.077 Z] [WARN] [cadence.virtuoso.ade.simulationMonitor] -     WARNING (CMI-2425): I19.I8.C0: `Acde' = 2.393 is unusually large. {"history": "Interactive.78", "point": 9, "testname": "TRAN_VDD_PULSE", "cornername": "CMOS_RES_CAP_TEMP_7"}
[2026-05-26 10:26:24.077 Z] [WARN] [cadence.virtuoso.ade.simulationMonitor] -     WARNING (CMI-2425): I19.I8.C0: `Noff' = 4.732 is unusually large. {"history": "Interactive.78", "point": 9, "testname": "TRAN_VDD_PULSE", "cornername": "CMOS_RES_CAP_TEMP_7"}
[2026-05-26 10:26:24.077 Z] [WARN] [cadence.virtuoso.ade.simulationMonitor] -     WARNING (CMI-2424): I19.I8.C0: `Voffcv' = -867.4e-03 is unusually small. {"history": "Interactive.78", "point": 9, "testname": "TRAN_VDD_PULSE", "cornername": "CMOS_RES_CAP_TEMP_7"}
[2026-05-26 10:26:24.077 Z] [WARN] [cadence.virtuoso.ade.simulationMonitor] -     WARNING (CMI-2425): I19.I8.C1: `Acde' = 2.393 is unusually large.
        Further occurrences of this warning will be suppressed. {"history": "Interactive.78", "point": 9, "testname": "TRAN_VDD_PULSE", "cornername": "CMOS_RES_CAP_TEMP_7"}
[2026-05-26 10:26:24.077 Z] [WARN] [cadence.virtuoso.ade.simulationMonitor] -     WARNING (CMI-2424): I19.I8.C1: `Voffcv' = -867.4e-03 is unusually small. {"history": "Interactive.78", "point": 9, "testname": "TRAN_VDD_PULSE", "cornername": "CMOS_RES_CAP_TEMP_7"}
[2026-05-26 10:26:24.077 Z] [WARN] [cadence.virtuoso.ade.simulationMonitor] -     WARNING (CMI-2424): I19.I14.C1: `Voffcv' = -867.4e-03 is unusually small. {"history": "Interactive.78", "point": 9, "testname": "TRAN_VDD_PULSE", "cornername": "CMOS_RES_CAP_TEMP_7"}
[2026-05-26 10:26:24.077 Z] [WARN] [cadence.virtuoso.ade.simulationMonitor] -     WARNING (CMI-2424): I19.I14.C4: `Voffcv' = -867.4e-03 is unusually small.
        Further occurrences of this warning will be suppressed. {"history": "Interactive.78", "point": 9, "testname": "TRAN_VDD_PULSE", "cornername": "CMOS_RES_CAP_TEMP_7"}
[2026-05-26 10:26:24.578 Z] [INFO] [cadence.virtuoso.ade.simulationMonitor] - Notice from spectre.
    59 warnings suppressed. {"history": "Interactive.78", "point": 9, "testname": "TRAN_VDD_PULSE", "cornername": "CMOS_RES_CAP_TEMP_7"}
[2026-05-26 10:26:24.578 Z] [WARN] [cadence.virtuoso.ade.simulationMonitor] -     WARNING (CMI-2425): I19.I2.C1: `Acde' = 2.393 is unusually large. {"history": "Interactive.78", "point": 9, "testname": "TRAN_VDD_PULSE", "cornername": "CMOS_RES_CAP_TEMP_7"}
[2026-05-26 10:26:24.578 Z] [WARN] [cadence.virtuoso.ade.simulationMonitor] -     WARNING (CMI-2425): I19.I2.C1: `Noff' = 4.732 is unusually large. {"history": "Interactive.78", "point": 9, "testname": "TRAN_VDD_PULSE", "cornername": "CMOS_RES_CAP_TEMP_7"}
[2026-05-26 10:26:24.578 Z] [WARN] [cadence.virtuoso.ade.simulationMonitor] -     WARNING (CMI-2424): I19.I2.C1: `Voffcv' = -867.4e-03 is unusually small. {"history": "Interactive.78", "point": 9, "testname": "TRAN_VDD_PULSE", "cornername": "CMOS_RES_CAP_TEMP_7"}
[2026-05-26 10:26:24.578 Z] [WARN] [cadence.virtuoso.ade.simulationMonitor] -     WARNING (CMI-2425): I19.I8.C0: `Acde' = 2.393 is unusually large. {"history": "Interactive.78", "point": 9, "testname": "TRAN_VDD_PULSE", "cornername": "CMOS_RES_CAP_TEMP_7"}
[2026-05-26 10:26:24.578 Z] [WARN] [cadence.virtuoso.ade.simulationMonitor] -     WARNING (CMI-2425): I19.I8.C0: `Noff' = 4.732 is unusually large. {"history": "Interactive.78", "point": 9, "testname": "TRAN_VDD_PULSE", "cornername": "CMOS_RES_CAP_TEMP_7"}
[2026-05-26 10:26:24.578 Z] [WARN] [cadence.virtuoso.ade.simulationMonitor] -     WARNING (CMI-2424): I19.I8.C0: `Voffcv' = -867.4e-03 is unusually small. {"history": "Interactive.78", "point": 9, "testname": "TRAN_VDD_PULSE", "cornername": "CMOS_RES_CAP_TEMP_7"}
[2026-05-26 10:26:24.578 Z] [WARN] [cadence.virtuoso.ade.simulationMonitor] -     WARNING (CMI-2425): I19.I8.C1: `Acde' = 2.393 is unusually large.
        Further occurrences of this warning will be suppressed. {"history": "Interactive.78", "point": 9, "testname": "TRAN_VDD_PULSE", "cornername": "CMOS_RES_CAP_TEMP_7"}
[2026-05-26 10:26:24.578 Z] [WARN] [cadence.virtuoso.ade.simulationMonitor] -     WARNING (CMI-2424): I19.I8.C1: `Voffcv' = -867.4e-03 is unusually small. {"history": "Interactive.78", "point": 9, "testname": "TRAN_VDD_PULSE", "cornername": "CMOS_RES_CAP_TEMP_7"}
[2026-05-26 10:26:24.578 Z] [WARN] [cadence.virtuoso.ade.simulationMonitor] -     WARNING (CMI-2424): I19.I14.C1: `Voffcv' = -867.4e-03 is unusually small. {"history": "Interactive.78", "point": 9, "testname": "TRAN_VDD_PULSE", "cornername": "CMOS_RES_CAP_TEMP_7"}
[2026-05-26 10:26:24.578 Z] [WARN] [cadence.virtuoso.ade.simulationMonitor] -     WARNING (CMI-2424): I19.I14.C4: `Voffcv' = -867.4e-03 is unusually small.
        Further occurrences of this warning will be suppressed. {"history": "Interactive.78", "point": 9, "testname": "TRAN_VDD_PULSE", "cornername": "CMOS_RES_CAP_TEMP_7"}
[2026-05-26 10:26:24.579 Z] [INFO] [cadence.virtuoso.ade.simulationMonitor] - Notice from spectre.
    56 warnings suppressed. {"history": "Interactive.78", "point": 9, "testname": "TRAN_VDD_PULSE", "cornername": "CMOS_RES_CAP_TEMP_7"}
[2026-05-26 10:26:24.579 Z] [WARN] [cadence.virtuoso.ade.simulationMonitor] -     WARNING (CMI-2425): I19.I2.C1: `Acde' = 2.393 is unusually large. {"history": "Interactive.78", "point": 9, "testname": "TRAN_VDD_PULSE", "cornername": "CMOS_RES_CAP_TEMP_7"}
[2026-05-26 10:26:24.579 Z] [WARN] [cadence.virtuoso.ade.simulationMonitor] -     WARNING (CMI-2425): I19.I2.C1: `Noff' = 4.732 is unusually large. {"history": "Interactive.78", "point": 9, "testname": "TRAN_VDD_PULSE", "cornername": "CMOS_RES_CAP_TEMP_7"}
[2026-05-26 10:26:24.579 Z] [WARN] [cadence.virtuoso.ade.simulationMonitor] -     WARNING (CMI-2424): I19.I2.C1: `Voffcv' = -867.4e-03 is unusually small. {"history": "Interactive.78", "point": 9, "testname": "TRAN_VDD_PULSE", "cornername": "CMOS_RES_CAP_TEMP_7"}
[2026-05-26 10:26:24.579 Z] [WARN] [cadence.virtuoso.ade.simulationMonitor] -     WARNING (CMI-2425): I19.I8.C0: `Acde' = 2.393 is unusually large. {"history": "Interactive.78", "point": 9, "testname": "TRAN_VDD_PULSE", "cornername": "CMOS_RES_CAP_TEMP_7"}
[2026-05-26 10:26:24.579 Z] [WARN] [cadence.virtuoso.ade.simulationMonitor] -     WARNING (CMI-2425): I19.I8.C0: `Noff' = 4.732 is unusually large. {"history": "Interactive.78", "point": 9, "testname": "TRAN_VDD_PULSE", "cornername": "CMOS_RES_CAP_TEMP_7"}
[2026-05-26 10:26:24.579 Z] [WARN] [cadence.virtuoso.ade.simulationMonitor] -     WARNING (CMI-2424): I19.I8.C0: `Voffcv' = -867.4e-03 is unusually small. {"history": "Interactive.78", "point": 9, "testname": "TRAN_VDD_PULSE", "cornername": "CMOS_RES_CAP_TEMP_7"}
[2026-05-26 10:26:24.579 Z] [WARN] [cadence.virtuoso.ade.simulationMonitor] -     WARNING (CMI-2425): I19.I8.C1: `Acde' = 2.393 is unusually large.
        Further occurrences of this warning will be suppressed. {"history": "Interactive.78", "point": 9, "testname": "TRAN_VDD_PULSE", "cornername": "CMOS_RES_CAP_TEMP_7"}
[2026-05-26 10:26:24.579 Z] [WARN] [cadence.virtuoso.ade.simulationMonitor] -     WARNING (CMI-2424): I19.I8.C1: `Voffcv' = -867.4e-03 is unusually small. {"history": "Interactive.78", "point": 9, "testname": "TRAN_VDD_PULSE", "cornername": "CMOS_RES_CAP_TEMP_7"}
[2026-05-26 10:26:24.579 Z] [WARN] [cadence.virtuoso.ade.simulationMonitor] -     WARNING (CMI-2424): I19.I14.C1: `Voffcv' = -867.4e-03 is unusually small. {"history": "Interactive.78", "point": 9, "testname": "TRAN_VDD_PULSE", "cornername": "CMOS_RES_CAP_TEMP_7"}
[2026-05-26 10:26:24.579 Z] [WARN] [cadence.virtuoso.ade.simulationMonitor] -     WARNING (CMI-2424): I19.I14.C4: `Voffcv' = -867.4e-03 is unusually small.
        Further occurrences of this warning will be suppressed. {"history": "Interactive.78", "point": 9, "testname": "TRAN_VDD_PULSE", "cornername": "CMOS_RES_CAP_TEMP_7"}
[2026-05-26 10:26:24.579 Z] [INFO] [cadence.virtuoso.ade.simulationMonitor] - Notice from spectre.
    56 warnings suppressed. {"history": "Interactive.78", "point": 9, "testname": "TRAN_VDD_PULSE", "cornername": "CMOS_RES_CAP_TEMP_7"}
[2026-05-26 10:26:24.579 Z] [INFO] [cadence.virtuoso.ade.simulationMonitor] - Time used: CPU = 92.2 s (1m  32.2s), elapsed = 92.8 s (1m  32.8s), util. = 99.3%. {"history": "Interactive.78", "point": 9, "testname": "TRAN_VDD_PULSE", "cornername": "CMOS_RES_CAP_TEMP_7"}
[2026-05-26 10:26:24.580 Z] [INFO] [cadence.virtuoso.ade.simulationMonitor] - Time spent in licensing: elapsed = 39.5 ms. {"history": "Interactive.78", "point": 9, "testname": "TRAN_VDD_PULSE", "cornername": "CMOS_RES_CAP_TEMP_7"}
[2026-05-26 10:26:24.580 Z] [INFO] [cadence.virtuoso.ade.simulationMonitor] - Peak memory used = 230 Mbytes. {"history": "Interactive.78", "point": 9, "testname": "TRAN_VDD_PULSE", "cornername": "CMOS_RES_CAP_TEMP_7"}
[2026-05-26 10:26:24.580 Z] [PROCESS] [cadence.virtuoso.ade.simulationMonitor] - Simulation started at: 10:24:51 AM, Tue May 26, 2026, ended at: 10:26:23 AM, Tue May 26, 2026, with elapsed time (wall clock): 92.8 s (1m  32.8s). {"history": "Interactive.78", "point": 9, "testname": "TRAN_VDD_PULSE", "cornername": "CMOS_RES_CAP_TEMP_7"}
[2026-05-26 10:26:24.580 Z] [PROCESS] [cadence.virtuoso.ade.simulationMonitor] - spectre completes with 0 errors, 96 warnings, and 32 notices. {"history": "Interactive.78", "point": 9, "testname": "TRAN_VDD_PULSE", "cornername": "CMOS_RES_CAP_TEMP_7"}
[2026-05-26 10:26:24.580 Z] [PROCESS] [cadence.virtuoso.ade.simulationMonitor] - Finished simulating for one point {"hostname": "edatools", "processid": 259513, "history": "Interactive.78", "testname": "TRAN_VDD_PULSE", "cornername": "CMOS_RES_CAP_TEMP_7", "point": 9, "logfile": "/home/saul/projects/IL2244_VT26_SAUL/logs_saul/logs0/Job53.log", "simid": "2"}
[2026-05-26 10:26:24.580 Z] [PROCESS] [cadence.virtuoso.ade.simulationMonitor] - Simulator exited {"hostname": "edatools", "processid": 259513, "history": "Interactive.78", "testname": "TRAN_VDD_PULSE", "cornername": "CMOS_RES_CAP_TEMP_7", "point": 9, "logfile": "/home/saul/projects/IL2244_VT26_SAUL/logs_saul/logs0/Job53.log", "exitStatus": "0"}
[2026-05-26 10:26:24.580 Z] [PROCESS] [cadence.virtuoso.ade.simulationMonitor] - Finished Simulation {"hostname": "edatools", "processid": 259513, "history": "Interactive.78", "testname": "TRAN_VDD_PULSE", "cornername": "CMOS_RES_CAP_TEMP_7", "point": 9, "logfile": "/home/saul/projects/IL2244_VT26_SAUL/logs_saul/logs0/Job53.log", "simid": "2"}
[2026-05-26 10:26:26.587 Z] [PROCESS] [cadence.virtuoso.ade.simulationMonitor] - Point Finished {"hostname": "edatools", "processid": 259513, "history": "Interactive.78", "testname": "TRAN_VDD_PULSE", "cornername": "CMOS_RES_CAP_TEMP_7", "point": 9, "logfile": "/home/saul/projects/IL2244_VT26_SAUL/logs_saul/logs0/Job53.log"}
[2026-05-26 10:26:26.589 Z] [PROCESS] [cadence.virtuoso.ade.simulationMonitor] - HostInfo:
Host name (type):	edatools (x86_64)
Operating system:	Linux 6.17.0-29-generic #29~24.04.1-Ubuntu SMP PREEMPT_DYNAMIC Mon May 11 10:30:58 UTC 2 {"hostname": "edatools", "processid": 259513, "history": "Interactive.78", "testname": "TRAN_VDD_PULSE", "cornername": "CMOS_RES_CAP_TEMP_7", "point": 9, "logfile": "/home/saul/projects/IL2244_VT26_SAUL/logs_saul/logs0/Job53.log", "nodename": "edatools", "domainname": "(none)", "machine": "x86_64", "sysname": "Linux", "release": "6.17.0-29-generic", "version": "#29~24.04.1-Ubuntu SMP PREEMPT_DYNAMIC Mon May 11 10:30:58 UTC 2"}
[2026-05-26 10:26:26.589 Z] [PROCESS] [cadence.virtuoso.ade.simulationMonitor] - UsageInfo:
pid=259513
totalPhysicalMemory=62.544987GB,Used=45.643841GB,totalVirtualMemory=70.544983GB,Used=45.643841GB
Cpu: Cores=16, Load average:6.870000,3.150000,1.510000 {"hostname": "edatools", "processid": 259513, "history": "Interactive.78", "testname": "TRAN_VDD_PULSE", "cornername": "CMOS_RES_CAP_TEMP_7", "point": 9, "logfile": "/home/saul/projects/IL2244_VT26_SAUL/logs_saul/logs0/Job53.log", "pid": "259513", "totalPhysicalMemory": "62.544987", "physicalMemoryUsed": "45.643841", "totalVirtualMemory": "70.544983", "virtualMemoryUsed": "45.643841", "cpuCores": "16", "processes": "1930", "loadAverage1": "6.870000", "loadAverage5": "3.150000", "loadAverage15": "1.510000", "loadAverage1Percent": "0.429375"}
[2026-05-26 10:26:26.589 Z] [EVENT] [cadence.virtuoso.ade.simulationMonitor] - NewPoint {"history": "Interactive.78", "point": 13, "testname": "TRAN_VDD_PULSE", "cornername": "CMOS_RES_CAP_TEMP_11", "event": "NewPoint", "EventSource": "Simulation Monitor", "HistoryName": "Interactive.78", "logFile": "/home/saul/projects/IL2244_VT26_SAUL/logs_saul/logs0/Job53.log", "logFileSize": "85665"}
[2026-05-26 10:26:26.690 Z] [EVENT] [cadence.virtuoso.ade.simulationMonitor] - NewPoint {"history": "Interactive.78", "point": 13, "testname": "TRAN_VDD_PULSE", "cornername": "CMOS_RES_CAP_TEMP_11", "event": "NewPoint", "EventSource": "spectre", "HistoryName": "Interactive.78", "logFile": "/home/saul/projects/IL2244_VT26_SAUL/Sim/FECG/fecg_front_end_tran_tb/maestro/results/maestro/Interactive.78/13/TRAN_VDD_PULSE/psf/spectre.out", "logFileSize": "-1"}
[2026-05-26 10:26:26.696 Z] [PROCESS] [cadence.virtuoso.ade.simulationMonitor] - Simulator launched {"hostname": "edatools", "processid": 259513, "history": "Interactive.78", "testname": "TRAN_VDD_PULSE", "cornername": "CMOS_RES_CAP_TEMP_11", "point": 13, "logfile": "/home/saul/projects/IL2244_VT26_SAUL/logs_saul/logs0/Job53.log", "simid": "3"}
[2026-05-26 10:26:26.710 Z] [PROCESS] [cadence.virtuoso.ade.simulationMonitor] - Started Simulation {"hostname": "edatools", "processid": 259513, "history": "Interactive.78", "testname": "TRAN_VDD_PULSE", "cornername": "CMOS_RES_CAP_TEMP_11", "point": 13, "logfile": "/home/saul/projects/IL2244_VT26_SAUL/logs_saul/logs0/Job53.log", "event": "started", "task": "simulation"}
[2026-05-26 10:26:27.211 Z] [INFO] [cadence.virtuoso.ade.simulationMonitor] - Notice from spectre during circuit read-in.
    Pre_Configuration file used: /opt/tools/cadence/installs/SPECTRE241/tools.lnx86/spectre/etc/configs/preset.precfg
    Configuration file used: `/opt/tools/cadence/installs/SPECTRE241/tools.lnx86/spectre/etc/configs/preset.cfg'. {"history": "Interactive.78", "point": 13, "testname": "TRAN_VDD_PULSE", "cornername": "CMOS_RES_CAP_TEMP_11"}
[2026-05-26 10:26:27.211 Z] [WARN] [cadence.virtuoso.ade.simulationMonitor] -     WARNING (SPECTRE-8360): line 1511: `ac' is an undefined primitive device. {"history": "Interactive.78", "point": 13, "testname": "TRAN_VDD_PULSE", "cornername": "CMOS_RES_CAP_TEMP_11"}
[2026-05-26 10:26:27.211 Z] [WARN] [cadence.virtuoso.ade.simulationMonitor] -     WARNING (SPECTRE-8360): line 1512: `ac' is an undefined primitive device. {"history": "Interactive.78", "point": 13, "testname": "TRAN_VDD_PULSE", "cornername": "CMOS_RES_CAP_TEMP_11"}
[2026-05-26 10:26:27.211 Z] [WARN] [cadence.virtuoso.ade.simulationMonitor] -     WARNING (SPECTRE-8360): line 1513: `ac' is an undefined primitive device. {"history": "Interactive.78", "point": 13, "testname": "TRAN_VDD_PULSE", "cornername": "CMOS_RES_CAP_TEMP_11"}
[2026-05-26 10:26:27.211 Z] [WARN] [cadence.virtuoso.ade.simulationMonitor] -     WARNING (SPECTRE-8360): line 1514: `ac' is an undefined primitive device. {"history": "Interactive.78", "point": 13, "testname": "TRAN_VDD_PULSE", "cornername": "CMOS_RES_CAP_TEMP_11"}
[2026-05-26 10:26:27.211 Z] [WARN] [cadence.virtuoso.ade.simulationMonitor] -     WARNING (SPECTRE-8360): line 1515: `ac' is an undefined primitive device.
        Further occurrences of this warning will be suppressed. {"history": "Interactive.78", "point": 13, "testname": "TRAN_VDD_PULSE", "cornername": "CMOS_RES_CAP_TEMP_11"}
[2026-05-26 10:26:27.211 Z] [INFO] [cadence.virtuoso.ade.simulationMonitor] - Peak resident memory used = 173 Mbytes. {"history": "Interactive.78", "point": 13, "testname": "TRAN_VDD_PULSE", "cornername": "CMOS_RES_CAP_TEMP_11"}
[2026-05-26 10:26:27.211 Z] [WARN] [cadence.virtuoso.ade.simulationMonitor] -     WARNING (VACOMP-2435): The environment variable CDS_AHDLCMI_ENABLE is no longer supported. Therefore, the simulator will use the default compiled C code flow. {"history": "Interactive.78", "point": 13, "testname": "TRAN_VDD_PULSE", "cornername": "CMOS_RES_CAP_TEMP_11"}
[2026-05-26 10:26:27.211 Z] [WARN] [cadence.virtuoso.ade.simulationMonitor] -     WARNING (SFE-3014): The floating device I19.I0.I5.MN14<0>_turbo_m4 is removed. {"history": "Interactive.78", "point": 13, "testname": "TRAN_VDD_PULSE", "cornername": "CMOS_RES_CAP_TEMP_11"}
[2026-05-26 10:26:27.211 Z] [WARN] [cadence.virtuoso.ade.simulationMonitor] -     WARNING (SFE-3012): The dummy device I19.I4.MP16<0>_turbo_m41 is removed. {"history": "Interactive.78", "point": 13, "testname": "TRAN_VDD_PULSE", "cornername": "CMOS_RES_CAP_TEMP_11"}
[2026-05-26 10:26:27.211 Z] [WARN] [cadence.virtuoso.ade.simulationMonitor] -     WARNING (SFE-3014): The floating device I19.I8.MN57<0>_turbo_m28 is removed. {"history": "Interactive.78", "point": 13, "testname": "TRAN_VDD_PULSE", "cornername": "CMOS_RES_CAP_TEMP_11"}
[2026-05-26 10:26:27.211 Z] [WARN] [cadence.virtuoso.ade.simulationMonitor] -     WARNING (SFE-3012): The dummy device I19.I14.MP13<0>_turbo_m4 is removed. {"history": "Interactive.78", "point": 13, "testname": "TRAN_VDD_PULSE", "cornername": "CMOS_RES_CAP_TEMP_11"}
[2026-05-26 10:26:27.211 Z] [WARN] [cadence.virtuoso.ade.simulationMonitor] -     WARNING (SFE-3031): The floating capacitor I19.I12.C10<0>_turbo_m12.C1 is removed. {"history": "Interactive.78", "point": 13, "testname": "TRAN_VDD_PULSE", "cornername": "CMOS_RES_CAP_TEMP_11"}
[2026-05-26 10:26:27.211 Z] [WARN] [cadence.virtuoso.ade.simulationMonitor] -     WARNING (SFE-3014): The floating device I19.I2.MN37<0>_turbo_m4 is removed. {"history": "Interactive.78", "point": 13, "testname": "TRAN_VDD_PULSE", "cornername": "CMOS_RES_CAP_TEMP_11"}
[2026-05-26 10:26:27.212 Z] [WARN] [cadence.virtuoso.ade.simulationMonitor] -     WARNING (SFE-3012): The dummy device I19.I0.I5.MP12<0>_turbo_m2 is removed. {"history": "Interactive.78", "point": 13, "testname": "TRAN_VDD_PULSE", "cornername": "CMOS_RES_CAP_TEMP_11"}
[2026-05-26 10:26:27.212 Z] [WARN] [cadence.virtuoso.ade.simulationMonitor] -     WARNING (SFE-3014): The floating device I19.I0.MN13<0>_turbo_m4 is removed. {"history": "Interactive.78", "point": 13, "testname": "TRAN_VDD_PULSE", "cornername": "CMOS_RES_CAP_TEMP_11"}
[2026-05-26 10:26:27.212 Z] [WARN] [cadence.virtuoso.ade.simulationMonitor] -     WARNING (SFE-3012): The dummy device I19.I0.I3.MP13<0>_turbo_m4 is removed. {"history": "Interactive.78", "point": 13, "testname": "TRAN_VDD_PULSE", "cornername": "CMOS_RES_CAP_TEMP_11"}
[2026-05-26 10:26:27.212 Z] [WARN] [cadence.virtuoso.ade.simulationMonitor] -     WARNING (SFE-3031): The floating capacitor I19.I12.C6<0>_turbo_m3.C1 is removed. {"history": "Interactive.78", "point": 13, "testname": "TRAN_VDD_PULSE", "cornername": "CMOS_RES_CAP_TEMP_11"}
[2026-05-26 10:26:27.212 Z] [WARN] [cadence.virtuoso.ade.simulationMonitor] -     WARNING (SFE-3012): The dummy device I19.I0.MP11<0>_turbo_m4 is removed.
        Further occurrences of this warning will be suppressed. {"history": "Interactive.78", "point": 13, "testname": "TRAN_VDD_PULSE", "cornername": "CMOS_RES_CAP_TEMP_11"}
[2026-05-26 10:26:27.212 Z] [WARN] [cadence.virtuoso.ade.simulationMonitor] -     WARNING (SFE-3031): The floating capacitor I19.I11.C7<0>_turbo_m3.C1 is removed. {"history": "Interactive.78", "point": 13, "testname": "TRAN_VDD_PULSE", "cornername": "CMOS_RES_CAP_TEMP_11"}
[2026-05-26 10:26:27.212 Z] [WARN] [cadence.virtuoso.ade.simulationMonitor] -     WARNING (SFE-3014): The floating device I19.I12.MN57<0>_turbo_m28 is removed.
        Further occurrences of this warning will be suppressed. {"history": "Interactive.78", "point": 13, "testname": "TRAN_VDD_PULSE", "cornername": "CMOS_RES_CAP_TEMP_11"}
[2026-05-26 10:26:27.212 Z] [WARN] [cadence.virtuoso.ade.simulationMonitor] -     WARNING (SFE-3031): The floating capacitor I19.I11.C10<0>_turbo_m12.C1 is removed. {"history": "Interactive.78", "point": 13, "testname": "TRAN_VDD_PULSE", "cornername": "CMOS_RES_CAP_TEMP_11"}
[2026-05-26 10:26:27.212 Z] [WARN] [cadence.virtuoso.ade.simulationMonitor] -     WARNING (SFE-3031): The floating capacitor I19.I12.C7<0>_turbo_m3.C1 is removed.
        Further occurrences of this warning will be suppressed. {"history": "Interactive.78", "point": 13, "testname": "TRAN_VDD_PULSE", "cornername": "CMOS_RES_CAP_TEMP_11"}
[2026-05-26 10:26:27.212 Z] [INFO] [cadence.virtuoso.ade.simulationMonitor] - Peak resident memory used = 191 Mbytes. {"history": "Interactive.78", "point": 13, "testname": "TRAN_VDD_PULSE", "cornername": "CMOS_RES_CAP_TEMP_11"}
[2026-05-26 10:26:27.212 Z] [INFO] [cadence.virtuoso.ade.simulationMonitor] - Notice from spectre during hierarchy flattening.
    The value 'psf' specified for the 'checklimitdest' option will no longer be supported in future releases. Use 'spectre -h' to see other recommended values for the 'checklimitdest' option.
    I19.I0.R10.CS0 of rpolyhc: `c' has the unusually small value of 0 F.
    I19.I0.R10.CS1 of rpolyhc: `c' has the unusually small value of 0 F.
    I19.I0.R9.CS0 of rpolyhc: `c' has the unusually small value of 0 F.
    I19.I0.R9.CS1 of rpolyhc: `c' has the unusually ... {"history": "Interactive.78", "point": 13, "testname": "TRAN_VDD_PULSE", "cornername": "CMOS_RES_CAP_TEMP_11"}
[2026-05-26 10:26:27.212 Z] [INFO] [cadence.virtuoso.ade.simulationMonitor] - Notice from spectre during hierarchy flattening.
    V17: `period' has the unusually large value of 20 s.
    V17: `width' has the unusually large value of 19 s.
    V16: `period' has the unusually large value of 10 s.
    V16: `width' has the unusually large value of 9 s.
    V9: `period' has the unusually large value of 10 s.
        Further occurrences of this notice will be suppressed. {"history": "Interactive.78", "point": 13, "testname": "TRAN_VDD_PULSE", "cornername": "CMOS_RES_CAP_TEMP_11"}
[2026-05-26 10:26:27.212 Z] [INFO] [cadence.virtuoso.ade.simulationMonitor] - Peak resident memory used = 194 Mbytes. {"history": "Interactive.78", "point": 13, "testname": "TRAN_VDD_PULSE", "cornername": "CMOS_RES_CAP_TEMP_11"}
[2026-05-26 10:26:27.212 Z] [WARN] [cadence.virtuoso.ade.simulationMonitor] -     WARNING (CMI-2425): I19.I0.C2: `Acde' = 2.393 is unusually large. {"history": "Interactive.78", "point": 13, "testname": "TRAN_VDD_PULSE", "cornername": "CMOS_RES_CAP_TEMP_11"}
[2026-05-26 10:26:27.212 Z] [WARN] [cadence.virtuoso.ade.simulationMonitor] -     WARNING (CMI-2425): I19.I0.C2: `Noff' = 4.732 is unusually large. {"history": "Interactive.78", "point": 13, "testname": "TRAN_VDD_PULSE", "cornername": "CMOS_RES_CAP_TEMP_11"}
[2026-05-26 10:26:27.212 Z] [WARN] [cadence.virtuoso.ade.simulationMonitor] -     WARNING (CMI-2424): I19.I0.C2: `Voffcv' = -867.4e-03 is unusually small. {"history": "Interactive.78", "point": 13, "testname": "TRAN_VDD_PULSE", "cornername": "CMOS_RES_CAP_TEMP_11"}
[2026-05-26 10:26:27.212 Z] [WARN] [cadence.virtuoso.ade.simulationMonitor] -     WARNING (CMI-2425): I19.I0.C3: `Acde' = 2.393 is unusually large. {"history": "Interactive.78", "point": 13, "testname": "TRAN_VDD_PULSE", "cornername": "CMOS_RES_CAP_TEMP_11"}
[2026-05-26 10:26:27.213 Z] [WARN] [cadence.virtuoso.ade.simulationMonitor] -     WARNING (CMI-2425): I19.I0.C3: `Noff' = 4.732 is unusually large. {"history": "Interactive.78", "point": 13, "testname": "TRAN_VDD_PULSE", "cornername": "CMOS_RES_CAP_TEMP_11"}
[2026-05-26 10:26:27.213 Z] [WARN] [cadence.virtuoso.ade.simulationMonitor] -     WARNING (CMI-2424): I19.I0.C3: `Voffcv' = -867.4e-03 is unusually small. {"history": "Interactive.78", "point": 13, "testname": "TRAN_VDD_PULSE", "cornername": "CMOS_RES_CAP_TEMP_11"}
[2026-05-26 10:26:27.213 Z] [WARN] [cadence.virtuoso.ade.simulationMonitor] -     WARNING (CMI-2425): I19.I0.C0: `Acde' = 2.393 is unusually large.
        Further occurrences of this warning will be suppressed. {"history": "Interactive.78", "point": 13, "testname": "TRAN_VDD_PULSE", "cornername": "CMOS_RES_CAP_TEMP_11"}
[2026-05-26 10:26:27.213 Z] [WARN] [cadence.virtuoso.ade.simulationMonitor] -     WARNING (CMI-2424): I19.I0.C0: `Voffcv' = -867.4e-03 is unusually small. {"history": "Interactive.78", "point": 13, "testname": "TRAN_VDD_PULSE", "cornername": "CMOS_RES_CAP_TEMP_11"}
[2026-05-26 10:26:27.213 Z] [WARN] [cadence.virtuoso.ade.simulationMonitor] -     WARNING (CMI-2424): I19.I0.I3.C1: `Voffcv' = -867.4e-03 is unusually small. {"history": "Interactive.78", "point": 13, "testname": "TRAN_VDD_PULSE", "cornername": "CMOS_RES_CAP_TEMP_11"}
[2026-05-26 10:26:27.213 Z] [WARN] [cadence.virtuoso.ade.simulationMonitor] -     WARNING (CMI-2424): I19.I0.C1<0>_turbo_m5: `Voffcv' = -867.4e-03 is unusually small.
        Further occurrences of this warning will be suppressed. {"history": "Interactive.78", "point": 13, "testname": "TRAN_VDD_PULSE", "cornername": "CMOS_RES_CAP_TEMP_11"}
[2026-05-26 10:26:27.713 Z] [WARN] [cadence.virtuoso.ade.simulationMonitor] -     WARNING (SPECTRE-17607): Assert `SOAC_rpolyh_vminuspsub' is ignored because it contains an expression which is invalid or not supported by native evaluator.  {"history": "Interactive.78", "point": 13, "testname": "TRAN_VDD_PULSE", "cornername": "CMOS_RES_CAP_TEMP_11"}
[2026-05-26 10:26:27.714 Z] [WARN] [cadence.virtuoso.ade.simulationMonitor] -     WARNING (SPECTRE-17607): Assert `SOAC_rpolyh_vpluspsub' is ignored because it contains an expression which is invalid or not supported by native evaluator.  {"history": "Interactive.78", "point": 13, "testname": "TRAN_VDD_PULSE", "cornername": "CMOS_RES_CAP_TEMP_11"}
[2026-05-26 10:26:27.714 Z] [WARN] [cadence.virtuoso.ade.simulationMonitor] -     WARNING (SPECTRE-16460): SOAC_cvarm_vspsub:Specified subcircuit master `cvarm' was not found. {"history": "Interactive.78", "point": 13, "testname": "TRAN_VDD_PULSE", "cornername": "CMOS_RES_CAP_TEMP_11"}
[2026-05-26 10:26:27.715 Z] [WARN] [cadence.virtuoso.ade.simulationMonitor] -     WARNING (SPECTRE-16462): SOAC_cvarm_vspsub:Error in specification of subcircuit master. Assert is ignored. {"history": "Interactive.78", "point": 13, "testname": "TRAN_VDD_PULSE", "cornername": "CMOS_RES_CAP_TEMP_11"}
[2026-05-26 10:26:27.715 Z] [WARN] [cadence.virtuoso.ade.simulationMonitor] -     WARNING (SPECTRE-16460): SOAC_cvarm_vbs:Specified subcircuit master `cvarm' was not found. {"history": "Interactive.78", "point": 13, "testname": "TRAN_VDD_PULSE", "cornername": "CMOS_RES_CAP_TEMP_11"}
[2026-05-26 10:26:27.716 Z] [WARN] [cadence.virtuoso.ade.simulationMonitor] -     WARNING (SPECTRE-16462): SOAC_cvarm_vbs:Error in specification of subcircuit master. Assert is ignored. {"history": "Interactive.78", "point": 13, "testname": "TRAN_VDD_PULSE", "cornername": "CMOS_RES_CAP_TEMP_11"}
[2026-05-26 10:26:27.716 Z] [WARN] [cadence.virtuoso.ade.simulationMonitor] -     WARNING (SPECTRE-16460): SOAC_cvarm_vgb:Specified subcircuit master `cvarm' was not found. {"history": "Interactive.78", "point": 13, "testname": "TRAN_VDD_PULSE", "cornername": "CMOS_RES_CAP_TEMP_11"}
[2026-05-26 10:26:27.716 Z] [WARN] [cadence.virtuoso.ade.simulationMonitor] -     WARNING (SPECTRE-16462): SOAC_cvarm_vgb:Error in specification of subcircuit master. Assert is ignored. {"history": "Interactive.78", "point": 13, "testname": "TRAN_VDD_PULSE", "cornername": "CMOS_RES_CAP_TEMP_11"}
[2026-05-26 10:26:27.717 Z] [WARN] [cadence.virtuoso.ade.simulationMonitor] -     WARNING (SPECTRE-16460): SOAC_cvart_vspsub:Specified subcircuit master `cvart' was not found. {"history": "Interactive.78", "point": 13, "testname": "TRAN_VDD_PULSE", "cornername": "CMOS_RES_CAP_TEMP_11"}
[2026-05-26 10:26:27.717 Z] [WARN] [cadence.virtuoso.ade.simulationMonitor] -     WARNING (SPECTRE-16462): SOAC_cvart_vspsub:Error in specification of subcircuit master. Assert is ignored. {"history": "Interactive.78", "point": 13, "testname": "TRAN_VDD_PULSE", "cornername": "CMOS_RES_CAP_TEMP_11"}
[2026-05-26 10:26:27.717 Z] [WARN] [cadence.virtuoso.ade.simulationMonitor] -     WARNING (SPECTRE-16460): SOAC_cvart_vbs:Specified subcircuit master `cvart' was not found.
        Further occurrences of this warning will be suppressed. {"history": "Interactive.78", "point": 13, "testname": "TRAN_VDD_PULSE", "cornername": "CMOS_RES_CAP_TEMP_11"}
[2026-05-26 10:26:27.718 Z] [WARN] [cadence.virtuoso.ade.simulationMonitor] -     WARNING (SPECTRE-16462): SOAC_cvart_vbs:Error in specification of subcircuit master. Assert is ignored.
        Further occurrences of this warning will be suppressed. {"history": "Interactive.78", "point": 13, "testname": "TRAN_VDD_PULSE", "cornername": "CMOS_RES_CAP_TEMP_11"}
[2026-05-26 10:26:27.718 Z] [WARN] [cadence.virtuoso.ade.simulationMonitor] -     WARNING (SPECTRE-17607): Assert `SOAC_cvar_vspsub' is ignored because it contains an expression which is invalid or not supported by native evaluator.  {"history": "Interactive.78", "point": 13, "testname": "TRAN_VDD_PULSE", "cornername": "CMOS_RES_CAP_TEMP_11"}
[2026-05-26 10:26:27.718 Z] [WARN] [cadence.virtuoso.ade.simulationMonitor] -     WARNING (SPECTRE-17607): Assert `SOAC_cvar_vbpsub' is ignored because it contains an expression which is invalid or not supported by native evaluator.  {"history": "Interactive.78", "point": 13, "testname": "TRAN_VDD_PULSE", "cornername": "CMOS_RES_CAP_TEMP_11"}
[2026-05-26 10:26:27.719 Z] [WARN] [cadence.virtuoso.ade.simulationMonitor] -     WARNING (SPECTRE-17607): Assert `SOAC_cvar_vgpsub' is ignored because it contains an expression which is invalid or not supported by native evaluator. 
        Further occurrences of this warning will be suppressed. {"history": "Interactive.78", "point": 13, "testname": "TRAN_VDD_PULSE", "cornername": "CMOS_RES_CAP_TEMP_11"}
[2026-05-26 10:26:27.719 Z] [INFO] [cadence.virtuoso.ade.simulationMonitor] - Notice from spectre during topology check.
    No DC path from node `net19' to ground, Gmin installed to provide path. {"history": "Interactive.78", "point": 13, "testname": "TRAN_VDD_PULSE", "cornername": "CMOS_RES_CAP_TEMP_11"}
[2026-05-26 10:26:27.719 Z] [INFO] [cadence.virtuoso.ade.simulationMonitor] - Notice from spectre during initial setup.
    Multithreading is disabled due to the size of the design being too small. {"history": "Interactive.78", "point": 13, "testname": "TRAN_VDD_PULSE", "cornername": "CMOS_RES_CAP_TEMP_11"}
[2026-05-26 10:26:27.720 Z] [INFO] [cadence.virtuoso.ade.simulationMonitor] -               nodes 784 {"history": "Interactive.78", "point": 13, "testname": "TRAN_VDD_PULSE", "cornername": "CMOS_RES_CAP_TEMP_11"}
[2026-05-26 10:26:27.720 Z] [INFO] [cadence.virtuoso.ade.simulationMonitor] - Notice from spectre during initial setup.
    4 vsources are shorted because their absolute value is less than or equal to 'vabsshort'.
    Spectre X preset=mx enabled.
    18 notices suppressed.
    154 warnings suppressed. {"history": "Interactive.78", "point": 13, "testname": "TRAN_VDD_PULSE", "cornername": "CMOS_RES_CAP_TEMP_11"}
[2026-05-26 10:26:27.721 Z] [INFO] [cadence.virtuoso.ade.simulationMonitor] - Peak resident memory used = 214 Mbytes. {"history": "Interactive.78", "point": 13, "testname": "TRAN_VDD_PULSE", "cornername": "CMOS_RES_CAP_TEMP_11"}
[2026-05-26 10:26:27.721 Z] [INFO] [cadence.virtuoso.ade.simulationMonitor] -    -   (Spectre X) Multi-threading. The recommended number of threads is 1, consider adding +mt=1 on command line. {"history": "Interactive.78", "point": 13, "testname": "TRAN_VDD_PULSE", "cornername": "CMOS_RES_CAP_TEMP_11"}
[2026-05-26 10:26:27.721 Z] [INFO] [cadence.virtuoso.ade.simulationMonitor] - Notice from spectre during DC analysis `dcOp'.
    No checklimit analysis defined for asserts. A default checklimit analysis 'SpectreChecklimitAnal' has been created with all asserts enabled. {"history": "Interactive.78", "point": 13, "testname": "TRAN_VDD_PULSE", "cornername": "CMOS_RES_CAP_TEMP_11"}
[2026-05-26 10:26:27.722 Z] [INFO] [cadence.virtuoso.ade.simulationMonitor] - Notice from spectre during DC analysis `dcOp'.
    GminDC = 1 pS is large enough to noticeably affect the DC solution.
        dV(I19.I2.C1.d1) = 882.519 uV
        Use the `gmin_check' option to eliminate or expand this report. {"history": "Interactive.78", "point": 13, "testname": "TRAN_VDD_PULSE", "cornername": "CMOS_RES_CAP_TEMP_11"}
[2026-05-26 10:26:27.722 Z] [WARN] [cadence.virtuoso.ade.simulationMonitor] -     WARNING (CMI-2943): Parameter checks have been ignored because the valid value for parameter 'trise' could not be found in 'C0'. {"history": "Interactive.78", "point": 13, "testname": "TRAN_VDD_PULSE", "cornername": "CMOS_RES_CAP_TEMP_11"}
[2026-05-26 10:26:27.722 Z] [WARN] [cadence.virtuoso.ade.simulationMonitor] -     WARNING (CMI-2943): Parameter checks have been ignored because the valid value for parameter 'trise' could not be found in 'C3'. {"history": "Interactive.78", "point": 13, "testname": "TRAN_VDD_PULSE", "cornername": "CMOS_RES_CAP_TEMP_11"}
[2026-05-26 10:26:27.723 Z] [WARN] [cadence.virtuoso.ade.simulationMonitor] -     WARNING (CMI-2943): Parameter checks have been ignored because the valid value for parameter 'trise' could not be found in 'C4'. {"history": "Interactive.78", "point": 13, "testname": "TRAN_VDD_PULSE", "cornername": "CMOS_RES_CAP_TEMP_11"}
[2026-05-26 10:26:27.723 Z] [WARN] [cadence.virtuoso.ade.simulationMonitor] -     WARNING (CMI-2943): Parameter checks have been ignored because the valid value for parameter 'trise' could not be found in 'C5'. {"history": "Interactive.78", "point": 13, "testname": "TRAN_VDD_PULSE", "cornername": "CMOS_RES_CAP_TEMP_11"}
[2026-05-26 10:26:27.723 Z] [WARN] [cadence.virtuoso.ade.simulationMonitor] -     WARNING (CMI-2943): Parameter checks have been ignored because the valid value for parameter 'trise' could not be found in 'I19.I4.C9<0>_turbo_m6.C1'.
        Further occurrences of this warning will be suppressed. {"history": "Interactive.78", "point": 13, "testname": "TRAN_VDD_PULSE", "cornername": "CMOS_RES_CAP_TEMP_11"}
[2026-05-26 10:26:27.724 Z] [INFO] [cadence.virtuoso.ade.simulationMonitor] - Total time required for dc analysis `dcOp': CPU = 72.394 ms, elapsed = 88.491 ms, util. = 81.8%. {"history": "Interactive.78", "point": 13, "testname": "TRAN_VDD_PULSE", "cornername": "CMOS_RES_CAP_TEMP_11"}
[2026-05-26 10:26:27.724 Z] [INFO] [cadence.virtuoso.ade.simulationMonitor] - Peak resident memory used = 224 Mbytes. {"history": "Interactive.78", "point": 13, "testname": "TRAN_VDD_PULSE", "cornername": "CMOS_RES_CAP_TEMP_11"}
[2026-05-26 10:26:27.724 Z] [INFO] [cadence.virtuoso.ade.simulationMonitor] - Notice from spectre.
    246 warnings suppressed. {"history": "Interactive.78", "point": 13, "testname": "TRAN_VDD_PULSE", "cornername": "CMOS_RES_CAP_TEMP_11"}
[2026-05-26 10:26:27.724 Z] [INFO] [cadence.virtuoso.ade.simulationMonitor] - Notice from spectre during IC analysis, during transient analysis `tran'.
    GminDC = 1 pS is large enough to noticeably affect the DC solution.
        dV(I19.I2.C1.d1) = 882.519 uV
        Use the `gmin_check' option to eliminate or expand this report. {"history": "Interactive.78", "point": 13, "testname": "TRAN_VDD_PULSE", "cornername": "CMOS_RES_CAP_TEMP_11"}
[2026-05-26 10:26:27.725 Z] [WARN] [cadence.virtuoso.ade.simulationMonitor] -     WARNING (CMI-2943): Parameter checks have been ignored because the valid value for parameter 'trise' could not be found in 'C0'. {"history": "Interactive.78", "point": 13, "testname": "TRAN_VDD_PULSE", "cornername": "CMOS_RES_CAP_TEMP_11"}
[2026-05-26 10:26:27.725 Z] [WARN] [cadence.virtuoso.ade.simulationMonitor] -     WARNING (CMI-2943): Parameter checks have been ignored because the valid value for parameter 'trise' could not be found in 'C3'. {"history": "Interactive.78", "point": 13, "testname": "TRAN_VDD_PULSE", "cornername": "CMOS_RES_CAP_TEMP_11"}
[2026-05-26 10:26:27.725 Z] [WARN] [cadence.virtuoso.ade.simulationMonitor] -     WARNING (CMI-2943): Parameter checks have been ignored because the valid value for parameter 'trise' could not be found in 'C4'. {"history": "Interactive.78", "point": 13, "testname": "TRAN_VDD_PULSE", "cornername": "CMOS_RES_CAP_TEMP_11"}
[2026-05-26 10:26:27.726 Z] [WARN] [cadence.virtuoso.ade.simulationMonitor] -     WARNING (CMI-2943): Parameter checks have been ignored because the valid value for parameter 'trise' could not be found in 'C5'. {"history": "Interactive.78", "point": 13, "testname": "TRAN_VDD_PULSE", "cornername": "CMOS_RES_CAP_TEMP_11"}
[2026-05-26 10:26:27.726 Z] [WARN] [cadence.virtuoso.ade.simulationMonitor] -     WARNING (CMI-2943): Parameter checks have been ignored because the valid value for parameter 'trise' could not be found in 'I19.I4.C9<0>_turbo_m6.C1'.
        Further occurrences of this warning will be suppressed. {"history": "Interactive.78", "point": 13, "testname": "TRAN_VDD_PULSE", "cornername": "CMOS_RES_CAP_TEMP_11"}
[2026-05-26 10:26:27.726 Z] [INFO] [cadence.virtuoso.ade.simulationMonitor] - Notice from spectre during transient analysis `tran'.
    Multithreading is disabled due to the size of the design being too small. {"history": "Interactive.78", "point": 13, "testname": "TRAN_VDD_PULSE", "cornername": "CMOS_RES_CAP_TEMP_11"}
[2026-05-26 10:28:05.251 Z] [INFO] [cadence.virtuoso.ade.simulationMonitor] - Total time required for tran analysis `tran': CPU = 96.7731 s (1m  36.8s), elapsed = 97.1824 s (1m  37.2s), util. = 99.6%. {"history": "Interactive.78", "point": 13, "testname": "TRAN_VDD_PULSE", "cornername": "CMOS_RES_CAP_TEMP_11"}
[2026-05-26 10:28:05.251 Z] [INFO] [cadence.virtuoso.ade.simulationMonitor] - Peak resident memory used = 232 Mbytes. {"history": "Interactive.78", "point": 13, "testname": "TRAN_VDD_PULSE", "cornername": "CMOS_RES_CAP_TEMP_11"}
[2026-05-26 10:28:05.251 Z] [INFO] [cadence.virtuoso.ade.simulationMonitor] - Notice from spectre.
    246 warnings suppressed. {"history": "Interactive.78", "point": 13, "testname": "TRAN_VDD_PULSE", "cornername": "CMOS_RES_CAP_TEMP_11"}
[2026-05-26 10:28:05.252 Z] [WARN] [cadence.virtuoso.ade.simulationMonitor] -     WARNING (CMI-2425): I19.I2.C1: `Acde' = 2.393 is unusually large. {"history": "Interactive.78", "point": 13, "testname": "TRAN_VDD_PULSE", "cornername": "CMOS_RES_CAP_TEMP_11"}
[2026-05-26 10:28:05.252 Z] [WARN] [cadence.virtuoso.ade.simulationMonitor] -     WARNING (CMI-2425): I19.I2.C1: `Noff' = 4.732 is unusually large. {"history": "Interactive.78", "point": 13, "testname": "TRAN_VDD_PULSE", "cornername": "CMOS_RES_CAP_TEMP_11"}
[2026-05-26 10:28:05.252 Z] [WARN] [cadence.virtuoso.ade.simulationMonitor] -     WARNING (CMI-2424): I19.I2.C1: `Voffcv' = -867.4e-03 is unusually small. {"history": "Interactive.78", "point": 13, "testname": "TRAN_VDD_PULSE", "cornername": "CMOS_RES_CAP_TEMP_11"}
[2026-05-26 10:28:05.252 Z] [WARN] [cadence.virtuoso.ade.simulationMonitor] -     WARNING (CMI-2425): I19.I8.C0: `Acde' = 2.393 is unusually large. {"history": "Interactive.78", "point": 13, "testname": "TRAN_VDD_PULSE", "cornername": "CMOS_RES_CAP_TEMP_11"}
[2026-05-26 10:28:05.252 Z] [WARN] [cadence.virtuoso.ade.simulationMonitor] -     WARNING (CMI-2425): I19.I8.C0: `Noff' = 4.732 is unusually large. {"history": "Interactive.78", "point": 13, "testname": "TRAN_VDD_PULSE", "cornername": "CMOS_RES_CAP_TEMP_11"}
[2026-05-26 10:28:05.252 Z] [WARN] [cadence.virtuoso.ade.simulationMonitor] -     WARNING (CMI-2424): I19.I8.C0: `Voffcv' = -867.4e-03 is unusually small. {"history": "Interactive.78", "point": 13, "testname": "TRAN_VDD_PULSE", "cornername": "CMOS_RES_CAP_TEMP_11"}
[2026-05-26 10:28:05.252 Z] [WARN] [cadence.virtuoso.ade.simulationMonitor] -     WARNING (CMI-2425): I19.I8.C1: `Acde' = 2.393 is unusually large.
        Further occurrences of this warning will be suppressed. {"history": "Interactive.78", "point": 13, "testname": "TRAN_VDD_PULSE", "cornername": "CMOS_RES_CAP_TEMP_11"}
[2026-05-26 10:28:05.252 Z] [WARN] [cadence.virtuoso.ade.simulationMonitor] -     WARNING (CMI-2424): I19.I8.C1: `Voffcv' = -867.4e-03 is unusually small. {"history": "Interactive.78", "point": 13, "testname": "TRAN_VDD_PULSE", "cornername": "CMOS_RES_CAP_TEMP_11"}
[2026-05-26 10:28:05.252 Z] [WARN] [cadence.virtuoso.ade.simulationMonitor] -     WARNING (CMI-2424): I19.I14.C1: `Voffcv' = -867.4e-03 is unusually small. {"history": "Interactive.78", "point": 13, "testname": "TRAN_VDD_PULSE", "cornername": "CMOS_RES_CAP_TEMP_11"}
[2026-05-26 10:28:05.252 Z] [WARN] [cadence.virtuoso.ade.simulationMonitor] -     WARNING (CMI-2424): I19.I14.C4: `Voffcv' = -867.4e-03 is unusually small.
        Further occurrences of this warning will be suppressed. {"history": "Interactive.78", "point": 13, "testname": "TRAN_VDD_PULSE", "cornername": "CMOS_RES_CAP_TEMP_11"}
[2026-05-26 10:28:05.252 Z] [INFO] [cadence.virtuoso.ade.simulationMonitor] - Notice from spectre.
    56 warnings suppressed. {"history": "Interactive.78", "point": 13, "testname": "TRAN_VDD_PULSE", "cornername": "CMOS_RES_CAP_TEMP_11"}
[2026-05-26 10:28:05.252 Z] [WARN] [cadence.virtuoso.ade.simulationMonitor] -     WARNING (CMI-2425): I19.I2.C1: `Acde' = 2.393 is unusually large. {"history": "Interactive.78", "point": 13, "testname": "TRAN_VDD_PULSE", "cornername": "CMOS_RES_CAP_TEMP_11"}
[2026-05-26 10:28:05.252 Z] [WARN] [cadence.virtuoso.ade.simulationMonitor] -     WARNING (CMI-2425): I19.I2.C1: `Noff' = 4.732 is unusually large. {"history": "Interactive.78", "point": 13, "testname": "TRAN_VDD_PULSE", "cornername": "CMOS_RES_CAP_TEMP_11"}
[2026-05-26 10:28:05.252 Z] [WARN] [cadence.virtuoso.ade.simulationMonitor] -     WARNING (CMI-2424): I19.I2.C1: `Voffcv' = -867.4e-03 is unusually small. {"history": "Interactive.78", "point": 13, "testname": "TRAN_VDD_PULSE", "cornername": "CMOS_RES_CAP_TEMP_11"}
[2026-05-26 10:28:05.252 Z] [WARN] [cadence.virtuoso.ade.simulationMonitor] -     WARNING (CMI-2425): I19.I8.C0: `Acde' = 2.393 is unusually large. {"history": "Interactive.78", "point": 13, "testname": "TRAN_VDD_PULSE", "cornername": "CMOS_RES_CAP_TEMP_11"}
[2026-05-26 10:28:05.252 Z] [WARN] [cadence.virtuoso.ade.simulationMonitor] -     WARNING (CMI-2425): I19.I8.C0: `Noff' = 4.732 is unusually large. {"history": "Interactive.78", "point": 13, "testname": "TRAN_VDD_PULSE", "cornername": "CMOS_RES_CAP_TEMP_11"}
[2026-05-26 10:28:05.252 Z] [WARN] [cadence.virtuoso.ade.simulationMonitor] -     WARNING (CMI-2424): I19.I8.C0: `Voffcv' = -867.4e-03 is unusually small. {"history": "Interactive.78", "point": 13, "testname": "TRAN_VDD_PULSE", "cornername": "CMOS_RES_CAP_TEMP_11"}
[2026-05-26 10:28:05.252 Z] [WARN] [cadence.virtuoso.ade.simulationMonitor] -     WARNING (CMI-2425): I19.I8.C1: `Acde' = 2.393 is unusually large.
        Further occurrences of this warning will be suppressed. {"history": "Interactive.78", "point": 13, "testname": "TRAN_VDD_PULSE", "cornername": "CMOS_RES_CAP_TEMP_11"}
[2026-05-26 10:28:05.253 Z] [WARN] [cadence.virtuoso.ade.simulationMonitor] -     WARNING (CMI-2424): I19.I8.C1: `Voffcv' = -867.4e-03 is unusually small. {"history": "Interactive.78", "point": 13, "testname": "TRAN_VDD_PULSE", "cornername": "CMOS_RES_CAP_TEMP_11"}
[2026-05-26 10:28:05.253 Z] [WARN] [cadence.virtuoso.ade.simulationMonitor] -     WARNING (CMI-2424): I19.I14.C1: `Voffcv' = -867.4e-03 is unusually small. {"history": "Interactive.78", "point": 13, "testname": "TRAN_VDD_PULSE", "cornername": "CMOS_RES_CAP_TEMP_11"}
[2026-05-26 10:28:05.253 Z] [WARN] [cadence.virtuoso.ade.simulationMonitor] -     WARNING (CMI-2424): I19.I14.C4: `Voffcv' = -867.4e-03 is unusually small.
        Further occurrences of this warning will be suppressed. {"history": "Interactive.78", "point": 13, "testname": "TRAN_VDD_PULSE", "cornername": "CMOS_RES_CAP_TEMP_11"}
[2026-05-26 10:28:05.253 Z] [INFO] [cadence.virtuoso.ade.simulationMonitor] - Notice from spectre.
    59 warnings suppressed. {"history": "Interactive.78", "point": 13, "testname": "TRAN_VDD_PULSE", "cornername": "CMOS_RES_CAP_TEMP_11"}
[2026-05-26 10:28:05.253 Z] [WARN] [cadence.virtuoso.ade.simulationMonitor] -     WARNING (CMI-2425): I19.I2.C1: `Acde' = 2.393 is unusually large. {"history": "Interactive.78", "point": 13, "testname": "TRAN_VDD_PULSE", "cornername": "CMOS_RES_CAP_TEMP_11"}
[2026-05-26 10:28:05.253 Z] [WARN] [cadence.virtuoso.ade.simulationMonitor] -     WARNING (CMI-2425): I19.I2.C1: `Noff' = 4.732 is unusually large. {"history": "Interactive.78", "point": 13, "testname": "TRAN_VDD_PULSE", "cornername": "CMOS_RES_CAP_TEMP_11"}
[2026-05-26 10:28:05.253 Z] [WARN] [cadence.virtuoso.ade.simulationMonitor] -     WARNING (CMI-2424): I19.I2.C1: `Voffcv' = -867.4e-03 is unusually small. {"history": "Interactive.78", "point": 13, "testname": "TRAN_VDD_PULSE", "cornername": "CMOS_RES_CAP_TEMP_11"}
[2026-05-26 10:28:05.253 Z] [WARN] [cadence.virtuoso.ade.simulationMonitor] -     WARNING (CMI-2425): I19.I8.C0: `Acde' = 2.393 is unusually large. {"history": "Interactive.78", "point": 13, "testname": "TRAN_VDD_PULSE", "cornername": "CMOS_RES_CAP_TEMP_11"}
[2026-05-26 10:28:05.253 Z] [WARN] [cadence.virtuoso.ade.simulationMonitor] -     WARNING (CMI-2425): I19.I8.C0: `Noff' = 4.732 is unusually large. {"history": "Interactive.78", "point": 13, "testname": "TRAN_VDD_PULSE", "cornername": "CMOS_RES_CAP_TEMP_11"}
[2026-05-26 10:28:05.253 Z] [WARN] [cadence.virtuoso.ade.simulationMonitor] -     WARNING (CMI-2424): I19.I8.C0: `Voffcv' = -867.4e-03 is unusually small. {"history": "Interactive.78", "point": 13, "testname": "TRAN_VDD_PULSE", "cornername": "CMOS_RES_CAP_TEMP_11"}
[2026-05-26 10:28:05.253 Z] [WARN] [cadence.virtuoso.ade.simulationMonitor] -     WARNING (CMI-2425): I19.I8.C1: `Acde' = 2.393 is unusually large.
        Further occurrences of this warning will be suppressed. {"history": "Interactive.78", "point": 13, "testname": "TRAN_VDD_PULSE", "cornername": "CMOS_RES_CAP_TEMP_11"}
[2026-05-26 10:28:05.253 Z] [WARN] [cadence.virtuoso.ade.simulationMonitor] -     WARNING (CMI-2424): I19.I8.C1: `Voffcv' = -867.4e-03 is unusually small. {"history": "Interactive.78", "point": 13, "testname": "TRAN_VDD_PULSE", "cornername": "CMOS_RES_CAP_TEMP_11"}
[2026-05-26 10:28:05.253 Z] [WARN] [cadence.virtuoso.ade.simulationMonitor] -     WARNING (CMI-2424): I19.I14.C1: `Voffcv' = -867.4e-03 is unusually small. {"history": "Interactive.78", "point": 13, "testname": "TRAN_VDD_PULSE", "cornername": "CMOS_RES_CAP_TEMP_11"}
[2026-05-26 10:28:05.253 Z] [WARN] [cadence.virtuoso.ade.simulationMonitor] -     WARNING (CMI-2424): I19.I14.C4: `Voffcv' = -867.4e-03 is unusually small.
        Further occurrences of this warning will be suppressed. {"history": "Interactive.78", "point": 13, "testname": "TRAN_VDD_PULSE", "cornername": "CMOS_RES_CAP_TEMP_11"}
[2026-05-26 10:28:05.253 Z] [INFO] [cadence.virtuoso.ade.simulationMonitor] - Notice from spectre.
    56 warnings suppressed. {"history": "Interactive.78", "point": 13, "testname": "TRAN_VDD_PULSE", "cornername": "CMOS_RES_CAP_TEMP_11"}
[2026-05-26 10:28:05.253 Z] [WARN] [cadence.virtuoso.ade.simulationMonitor] -     WARNING (CMI-2425): I19.I2.C1: `Acde' = 2.393 is unusually large. {"history": "Interactive.78", "point": 13, "testname": "TRAN_VDD_PULSE", "cornername": "CMOS_RES_CAP_TEMP_11"}
[2026-05-26 10:28:05.253 Z] [WARN] [cadence.virtuoso.ade.simulationMonitor] -     WARNING (CMI-2425): I19.I2.C1: `Noff' = 4.732 is unusually large. {"history": "Interactive.78", "point": 13, "testname": "TRAN_VDD_PULSE", "cornername": "CMOS_RES_CAP_TEMP_11"}
[2026-05-26 10:28:05.253 Z] [WARN] [cadence.virtuoso.ade.simulationMonitor] -     WARNING (CMI-2424): I19.I2.C1: `Voffcv' = -867.4e-03 is unusually small. {"history": "Interactive.78", "point": 13, "testname": "TRAN_VDD_PULSE", "cornername": "CMOS_RES_CAP_TEMP_11"}
[2026-05-26 10:28:05.253 Z] [WARN] [cadence.virtuoso.ade.simulationMonitor] -     WARNING (CMI-2425): I19.I8.C0: `Acde' = 2.393 is unusually large. {"history": "Interactive.78", "point": 13, "testname": "TRAN_VDD_PULSE", "cornername": "CMOS_RES_CAP_TEMP_11"}
[2026-05-26 10:28:05.253 Z] [WARN] [cadence.virtuoso.ade.simulationMonitor] -     WARNING (CMI-2425): I19.I8.C0: `Noff' = 4.732 is unusually large. {"history": "Interactive.78", "point": 13, "testname": "TRAN_VDD_PULSE", "cornername": "CMOS_RES_CAP_TEMP_11"}
[2026-05-26 10:28:05.254 Z] [WARN] [cadence.virtuoso.ade.simulationMonitor] -     WARNING (CMI-2424): I19.I8.C0: `Voffcv' = -867.4e-03 is unusually small. {"history": "Interactive.78", "point": 13, "testname": "TRAN_VDD_PULSE", "cornername": "CMOS_RES_CAP_TEMP_11"}
[2026-05-26 10:28:05.254 Z] [WARN] [cadence.virtuoso.ade.simulationMonitor] -     WARNING (CMI-2425): I19.I8.C1: `Acde' = 2.393 is unusually large.
        Further occurrences of this warning will be suppressed. {"history": "Interactive.78", "point": 13, "testname": "TRAN_VDD_PULSE", "cornername": "CMOS_RES_CAP_TEMP_11"}
[2026-05-26 10:28:05.254 Z] [WARN] [cadence.virtuoso.ade.simulationMonitor] -     WARNING (CMI-2424): I19.I8.C1: `Voffcv' = -867.4e-03 is unusually small. {"history": "Interactive.78", "point": 13, "testname": "TRAN_VDD_PULSE", "cornername": "CMOS_RES_CAP_TEMP_11"}
[2026-05-26 10:28:05.254 Z] [WARN] [cadence.virtuoso.ade.simulationMonitor] -     WARNING (CMI-2424): I19.I14.C1: `Voffcv' = -867.4e-03 is unusually small. {"history": "Interactive.78", "point": 13, "testname": "TRAN_VDD_PULSE", "cornername": "CMOS_RES_CAP_TEMP_11"}
[2026-05-26 10:28:05.254 Z] [WARN] [cadence.virtuoso.ade.simulationMonitor] -     WARNING (CMI-2424): I19.I14.C4: `Voffcv' = -867.4e-03 is unusually small.
        Further occurrences of this warning will be suppressed. {"history": "Interactive.78", "point": 13, "testname": "TRAN_VDD_PULSE", "cornername": "CMOS_RES_CAP_TEMP_11"}
[2026-05-26 10:28:05.254 Z] [INFO] [cadence.virtuoso.ade.simulationMonitor] - Notice from spectre.
    56 warnings suppressed. {"history": "Interactive.78", "point": 13, "testname": "TRAN_VDD_PULSE", "cornername": "CMOS_RES_CAP_TEMP_11"}
[2026-05-26 10:28:05.254 Z] [INFO] [cadence.virtuoso.ade.simulationMonitor] - Time used: CPU = 97.3 s (1m  37.3s), elapsed = 98.1 s (1m  38.1s), util. = 99.2%. {"history": "Interactive.78", "point": 13, "testname": "TRAN_VDD_PULSE", "cornername": "CMOS_RES_CAP_TEMP_11"}
[2026-05-26 10:28:05.254 Z] [INFO] [cadence.virtuoso.ade.simulationMonitor] - Time spent in licensing: elapsed = 44.2 ms. {"history": "Interactive.78", "point": 13, "testname": "TRAN_VDD_PULSE", "cornername": "CMOS_RES_CAP_TEMP_11"}
[2026-05-26 10:28:05.254 Z] [INFO] [cadence.virtuoso.ade.simulationMonitor] - Peak memory used = 232 Mbytes. {"history": "Interactive.78", "point": 13, "testname": "TRAN_VDD_PULSE", "cornername": "CMOS_RES_CAP_TEMP_11"}
[2026-05-26 10:28:05.254 Z] [PROCESS] [cadence.virtuoso.ade.simulationMonitor] - Simulation started at: 10:26:26 AM, Tue May 26, 2026, ended at: 10:28:04 AM, Tue May 26, 2026, with elapsed time (wall clock): 98.1 s (1m  38.1s). {"history": "Interactive.78", "point": 13, "testname": "TRAN_VDD_PULSE", "cornername": "CMOS_RES_CAP_TEMP_11"}
[2026-05-26 10:28:05.254 Z] [PROCESS] [cadence.virtuoso.ade.simulationMonitor] - spectre completes with 0 errors, 96 warnings, and 31 notices. {"history": "Interactive.78", "point": 13, "testname": "TRAN_VDD_PULSE", "cornername": "CMOS_RES_CAP_TEMP_11"}
[2026-05-26 10:28:05.254 Z] [PROCESS] [cadence.virtuoso.ade.simulationMonitor] - Finished simulating for one point {"hostname": "edatools", "processid": 259513, "history": "Interactive.78", "testname": "TRAN_VDD_PULSE", "cornername": "CMOS_RES_CAP_TEMP_11", "point": 13, "logfile": "/home/saul/projects/IL2244_VT26_SAUL/logs_saul/logs0/Job53.log", "simid": "3"}
[2026-05-26 10:28:05.254 Z] [PROCESS] [cadence.virtuoso.ade.simulationMonitor] - Simulator exited {"hostname": "edatools", "processid": 259513, "history": "Interactive.78", "testname": "TRAN_VDD_PULSE", "cornername": "CMOS_RES_CAP_TEMP_11", "point": 13, "logfile": "/home/saul/projects/IL2244_VT26_SAUL/logs_saul/logs0/Job53.log", "exitStatus": "0"}
[2026-05-26 10:28:05.254 Z] [PROCESS] [cadence.virtuoso.ade.simulationMonitor] - Finished Simulation {"hostname": "edatools", "processid": 259513, "history": "Interactive.78", "testname": "TRAN_VDD_PULSE", "cornername": "CMOS_RES_CAP_TEMP_11", "point": 13, "logfile": "/home/saul/projects/IL2244_VT26_SAUL/logs_saul/logs0/Job53.log", "simid": "3"}
[2026-05-26 10:28:06.759 Z] [PROCESS] [cadence.virtuoso.ade.simulationMonitor] - Point Finished {"hostname": "edatools", "processid": 259513, "history": "Interactive.78", "testname": "TRAN_VDD_PULSE", "cornername": "CMOS_RES_CAP_TEMP_11", "point": 13, "logfile": "/home/saul/projects/IL2244_VT26_SAUL/logs_saul/logs0/Job53.log"}
[2026-05-26 10:28:06.761 Z] [PROCESS] [cadence.virtuoso.ade.simulationMonitor] - HostInfo:
Host name (type):	edatools (x86_64)
Operating system:	Linux 6.17.0-29-generic #29~24.04.1-Ubuntu SMP PREEMPT_DYNAMIC Mon May 11 10:30:58 UTC 2 {"hostname": "edatools", "processid": 259513, "history": "Interactive.78", "testname": "TRAN_VDD_PULSE", "cornername": "CMOS_RES_CAP_TEMP_11", "point": 13, "logfile": "/home/saul/projects/IL2244_VT26_SAUL/logs_saul/logs0/Job53.log", "nodename": "edatools", "domainname": "(none)", "machine": "x86_64", "sysname": "Linux", "release": "6.17.0-29-generic", "version": "#29~24.04.1-Ubuntu SMP PREEMPT_DYNAMIC Mon May 11 10:30:58 UTC 2"}
[2026-05-26 10:28:06.761 Z] [PROCESS] [cadence.virtuoso.ade.simulationMonitor] - UsageInfo:
pid=259513
totalPhysicalMemory=62.544987GB,Used=44.979588GB,totalVirtualMemory=70.544983GB,Used=44.979588GB
Cpu: Cores=16, Load average:6.420000,4.140000,2.040000 {"hostname": "edatools", "processid": 259513, "history": "Interactive.78", "testname": "TRAN_VDD_PULSE", "cornername": "CMOS_RES_CAP_TEMP_11", "point": 13, "logfile": "/home/saul/projects/IL2244_VT26_SAUL/logs_saul/logs0/Job53.log", "pid": "259513", "totalPhysicalMemory": "62.544987", "physicalMemoryUsed": "44.979588", "totalVirtualMemory": "70.544983", "virtualMemoryUsed": "44.979588", "cpuCores": "16", "processes": "1870", "loadAverage1": "6.420000", "loadAverage5": "4.140000", "loadAverage15": "2.040000", "loadAverage1Percent": "0.401250"}
[2026-05-26 10:28:06.761 Z] [EVENT] [cadence.virtuoso.ade.simulationMonitor] - NewPoint {"history": "Interactive.78", "point": 19, "testname": "TRAN_VDD_PULSE", "cornername": "CMOS_RES_CAP_TEMP_17", "event": "NewPoint", "EventSource": "Simulation Monitor", "HistoryName": "Interactive.78", "logFile": "/home/saul/projects/IL2244_VT26_SAUL/logs_saul/logs0/Job53.log", "logFileSize": "127708"}
[2026-05-26 10:28:06.862 Z] [EVENT] [cadence.virtuoso.ade.simulationMonitor] - NewPoint {"history": "Interactive.78", "point": 19, "testname": "TRAN_VDD_PULSE", "cornername": "CMOS_RES_CAP_TEMP_17", "event": "NewPoint", "EventSource": "spectre", "HistoryName": "Interactive.78", "logFile": "/home/saul/projects/IL2244_VT26_SAUL/Sim/FECG/fecg_front_end_tran_tb/maestro/results/maestro/Interactive.78/19/TRAN_VDD_PULSE/psf/spectre.out", "logFileSize": "-1"}
[2026-05-26 10:28:06.865 Z] [PROCESS] [cadence.virtuoso.ade.simulationMonitor] - Simulator launched {"hostname": "edatools", "processid": 259513, "history": "Interactive.78", "testname": "TRAN_VDD_PULSE", "cornername": "CMOS_RES_CAP_TEMP_17", "point": 19, "logfile": "/home/saul/projects/IL2244_VT26_SAUL/logs_saul/logs0/Job53.log", "simid": "4"}
[2026-05-26 10:28:06.878 Z] [PROCESS] [cadence.virtuoso.ade.simulationMonitor] - Started Simulation {"hostname": "edatools", "processid": 259513, "history": "Interactive.78", "testname": "TRAN_VDD_PULSE", "cornername": "CMOS_RES_CAP_TEMP_17", "point": 19, "logfile": "/home/saul/projects/IL2244_VT26_SAUL/logs_saul/logs0/Job53.log", "event": "started", "task": "simulation"}
[2026-05-26 10:28:07.378 Z] [INFO] [cadence.virtuoso.ade.simulationMonitor] - Notice from spectre during circuit read-in.
    Pre_Configuration file used: /opt/tools/cadence/installs/SPECTRE241/tools.lnx86/spectre/etc/configs/preset.precfg
    Configuration file used: `/opt/tools/cadence/installs/SPECTRE241/tools.lnx86/spectre/etc/configs/preset.cfg'. {"history": "Interactive.78", "point": 19, "testname": "TRAN_VDD_PULSE", "cornername": "CMOS_RES_CAP_TEMP_17"}
[2026-05-26 10:28:07.379 Z] [WARN] [cadence.virtuoso.ade.simulationMonitor] -     WARNING (SPECTRE-8360): line 1511: `ac' is an undefined primitive device. {"history": "Interactive.78", "point": 19, "testname": "TRAN_VDD_PULSE", "cornername": "CMOS_RES_CAP_TEMP_17"}
[2026-05-26 10:28:07.379 Z] [WARN] [cadence.virtuoso.ade.simulationMonitor] -     WARNING (SPECTRE-8360): line 1512: `ac' is an undefined primitive device. {"history": "Interactive.78", "point": 19, "testname": "TRAN_VDD_PULSE", "cornername": "CMOS_RES_CAP_TEMP_17"}
[2026-05-26 10:28:07.379 Z] [WARN] [cadence.virtuoso.ade.simulationMonitor] -     WARNING (SPECTRE-8360): line 1513: `ac' is an undefined primitive device. {"history": "Interactive.78", "point": 19, "testname": "TRAN_VDD_PULSE", "cornername": "CMOS_RES_CAP_TEMP_17"}
[2026-05-26 10:28:07.379 Z] [WARN] [cadence.virtuoso.ade.simulationMonitor] -     WARNING (SPECTRE-8360): line 1514: `ac' is an undefined primitive device. {"history": "Interactive.78", "point": 19, "testname": "TRAN_VDD_PULSE", "cornername": "CMOS_RES_CAP_TEMP_17"}
[2026-05-26 10:28:07.379 Z] [WARN] [cadence.virtuoso.ade.simulationMonitor] -     WARNING (SPECTRE-8360): line 1515: `ac' is an undefined primitive device.
        Further occurrences of this warning will be suppressed. {"history": "Interactive.78", "point": 19, "testname": "TRAN_VDD_PULSE", "cornername": "CMOS_RES_CAP_TEMP_17"}
[2026-05-26 10:28:07.379 Z] [INFO] [cadence.virtuoso.ade.simulationMonitor] - Peak resident memory used = 173 Mbytes. {"history": "Interactive.78", "point": 19, "testname": "TRAN_VDD_PULSE", "cornername": "CMOS_RES_CAP_TEMP_17"}
[2026-05-26 10:28:07.379 Z] [WARN] [cadence.virtuoso.ade.simulationMonitor] -     WARNING (VACOMP-2435): The environment variable CDS_AHDLCMI_ENABLE is no longer supported. Therefore, the simulator will use the default compiled C code flow. {"history": "Interactive.78", "point": 19, "testname": "TRAN_VDD_PULSE", "cornername": "CMOS_RES_CAP_TEMP_17"}
[2026-05-26 10:28:07.379 Z] [WARN] [cadence.virtuoso.ade.simulationMonitor] -     WARNING (SFE-3014): The floating device I19.I0.I5.MN14<0>_turbo_m4 is removed. {"history": "Interactive.78", "point": 19, "testname": "TRAN_VDD_PULSE", "cornername": "CMOS_RES_CAP_TEMP_17"}
[2026-05-26 10:28:07.379 Z] [WARN] [cadence.virtuoso.ade.simulationMonitor] -     WARNING (SFE-3012): The dummy device I19.I4.MP16<0>_turbo_m41 is removed. {"history": "Interactive.78", "point": 19, "testname": "TRAN_VDD_PULSE", "cornername": "CMOS_RES_CAP_TEMP_17"}
[2026-05-26 10:28:07.379 Z] [WARN] [cadence.virtuoso.ade.simulationMonitor] -     WARNING (SFE-3014): The floating device I19.I8.MN57<0>_turbo_m28 is removed. {"history": "Interactive.78", "point": 19, "testname": "TRAN_VDD_PULSE", "cornername": "CMOS_RES_CAP_TEMP_17"}
[2026-05-26 10:28:07.379 Z] [WARN] [cadence.virtuoso.ade.simulationMonitor] -     WARNING (SFE-3012): The dummy device I19.I14.MP13<0>_turbo_m4 is removed. {"history": "Interactive.78", "point": 19, "testname": "TRAN_VDD_PULSE", "cornername": "CMOS_RES_CAP_TEMP_17"}
[2026-05-26 10:28:07.379 Z] [WARN] [cadence.virtuoso.ade.simulationMonitor] -     WARNING (SFE-3031): The floating capacitor I19.I12.C10<0>_turbo_m12.C1 is removed. {"history": "Interactive.78", "point": 19, "testname": "TRAN_VDD_PULSE", "cornername": "CMOS_RES_CAP_TEMP_17"}
[2026-05-26 10:28:07.379 Z] [WARN] [cadence.virtuoso.ade.simulationMonitor] -     WARNING (SFE-3014): The floating device I19.I2.MN37<0>_turbo_m4 is removed. {"history": "Interactive.78", "point": 19, "testname": "TRAN_VDD_PULSE", "cornername": "CMOS_RES_CAP_TEMP_17"}
[2026-05-26 10:28:07.379 Z] [WARN] [cadence.virtuoso.ade.simulationMonitor] -     WARNING (SFE-3012): The dummy device I19.I0.I5.MP12<0>_turbo_m2 is removed. {"history": "Interactive.78", "point": 19, "testname": "TRAN_VDD_PULSE", "cornername": "CMOS_RES_CAP_TEMP_17"}
[2026-05-26 10:28:07.379 Z] [WARN] [cadence.virtuoso.ade.simulationMonitor] -     WARNING (SFE-3014): The floating device I19.I0.MN13<0>_turbo_m4 is removed. {"history": "Interactive.78", "point": 19, "testname": "TRAN_VDD_PULSE", "cornername": "CMOS_RES_CAP_TEMP_17"}
[2026-05-26 10:28:07.379 Z] [WARN] [cadence.virtuoso.ade.simulationMonitor] -     WARNING (SFE-3012): The dummy device I19.I0.I3.MP13<0>_turbo_m4 is removed. {"history": "Interactive.78", "point": 19, "testname": "TRAN_VDD_PULSE", "cornername": "CMOS_RES_CAP_TEMP_17"}
[2026-05-26 10:28:07.380 Z] [WARN] [cadence.virtuoso.ade.simulationMonitor] -     WARNING (SFE-3031): The floating capacitor I19.I12.C6<0>_turbo_m3.C1 is removed. {"history": "Interactive.78", "point": 19, "testname": "TRAN_VDD_PULSE", "cornername": "CMOS_RES_CAP_TEMP_17"}
[2026-05-26 10:28:07.380 Z] [WARN] [cadence.virtuoso.ade.simulationMonitor] -     WARNING (SFE-3012): The dummy device I19.I0.MP11<0>_turbo_m4 is removed.
        Further occurrences of this warning will be suppressed. {"history": "Interactive.78", "point": 19, "testname": "TRAN_VDD_PULSE", "cornername": "CMOS_RES_CAP_TEMP_17"}
[2026-05-26 10:28:07.380 Z] [WARN] [cadence.virtuoso.ade.simulationMonitor] -     WARNING (SFE-3031): The floating capacitor I19.I11.C7<0>_turbo_m3.C1 is removed. {"history": "Interactive.78", "point": 19, "testname": "TRAN_VDD_PULSE", "cornername": "CMOS_RES_CAP_TEMP_17"}
[2026-05-26 10:28:07.380 Z] [WARN] [cadence.virtuoso.ade.simulationMonitor] -     WARNING (SFE-3014): The floating device I19.I12.MN57<0>_turbo_m28 is removed.
        Further occurrences of this warning will be suppressed. {"history": "Interactive.78", "point": 19, "testname": "TRAN_VDD_PULSE", "cornername": "CMOS_RES_CAP_TEMP_17"}
[2026-05-26 10:28:07.380 Z] [WARN] [cadence.virtuoso.ade.simulationMonitor] -     WARNING (SFE-3031): The floating capacitor I19.I11.C10<0>_turbo_m12.C1 is removed. {"history": "Interactive.78", "point": 19, "testname": "TRAN_VDD_PULSE", "cornername": "CMOS_RES_CAP_TEMP_17"}
[2026-05-26 10:28:07.380 Z] [WARN] [cadence.virtuoso.ade.simulationMonitor] -     WARNING (SFE-3031): The floating capacitor I19.I12.C7<0>_turbo_m3.C1 is removed.
        Further occurrences of this warning will be suppressed. {"history": "Interactive.78", "point": 19, "testname": "TRAN_VDD_PULSE", "cornername": "CMOS_RES_CAP_TEMP_17"}
[2026-05-26 10:28:07.380 Z] [INFO] [cadence.virtuoso.ade.simulationMonitor] - Peak resident memory used = 188 Mbytes. {"history": "Interactive.78", "point": 19, "testname": "TRAN_VDD_PULSE", "cornername": "CMOS_RES_CAP_TEMP_17"}
[2026-05-26 10:28:07.380 Z] [INFO] [cadence.virtuoso.ade.simulationMonitor] - Notice from spectre during hierarchy flattening.
    The value 'psf' specified for the 'checklimitdest' option will no longer be supported in future releases. Use 'spectre -h' to see other recommended values for the 'checklimitdest' option.
    I19.I0.R10.CS0 of rpolyhc: `c' has the unusually small value of 0 F.
    I19.I0.R10.CS1 of rpolyhc: `c' has the unusually small value of 0 F.
    I19.I0.R9.CS0 of rpolyhc: `c' has the unusually small value of 0 F.
    I19.I0.R9.CS1 of rpolyhc: `c' has the unusually ... {"history": "Interactive.78", "point": 19, "testname": "TRAN_VDD_PULSE", "cornername": "CMOS_RES_CAP_TEMP_17"}
[2026-05-26 10:28:07.880 Z] [INFO] [cadence.virtuoso.ade.simulationMonitor] - Notice from spectre during hierarchy flattening.
    V17: `period' has the unusually large value of 20 s.
    V17: `width' has the unusually large value of 19 s.
    V16: `period' has the unusually large value of 10 s.
    V16: `width' has the unusually large value of 9 s.
    V9: `period' has the unusually large value of 10 s.
        Further occurrences of this notice will be suppressed. {"history": "Interactive.78", "point": 19, "testname": "TRAN_VDD_PULSE", "cornername": "CMOS_RES_CAP_TEMP_17"}
[2026-05-26 10:28:07.880 Z] [INFO] [cadence.virtuoso.ade.simulationMonitor] - Peak resident memory used = 192 Mbytes. {"history": "Interactive.78", "point": 19, "testname": "TRAN_VDD_PULSE", "cornername": "CMOS_RES_CAP_TEMP_17"}
[2026-05-26 10:28:07.881 Z] [WARN] [cadence.virtuoso.ade.simulationMonitor] -     WARNING (CMI-2425): I19.I0.C2: `Acde' = 2.393 is unusually large. {"history": "Interactive.78", "point": 19, "testname": "TRAN_VDD_PULSE", "cornername": "CMOS_RES_CAP_TEMP_17"}
[2026-05-26 10:28:07.881 Z] [WARN] [cadence.virtuoso.ade.simulationMonitor] -     WARNING (CMI-2425): I19.I0.C2: `Noff' = 4.732 is unusually large. {"history": "Interactive.78", "point": 19, "testname": "TRAN_VDD_PULSE", "cornername": "CMOS_RES_CAP_TEMP_17"}
[2026-05-26 10:28:07.881 Z] [WARN] [cadence.virtuoso.ade.simulationMonitor] -     WARNING (CMI-2424): I19.I0.C2: `Voffcv' = -867.4e-03 is unusually small. {"history": "Interactive.78", "point": 19, "testname": "TRAN_VDD_PULSE", "cornername": "CMOS_RES_CAP_TEMP_17"}
[2026-05-26 10:28:07.881 Z] [WARN] [cadence.virtuoso.ade.simulationMonitor] -     WARNING (CMI-2425): I19.I0.C3: `Acde' = 2.393 is unusually large. {"history": "Interactive.78", "point": 19, "testname": "TRAN_VDD_PULSE", "cornername": "CMOS_RES_CAP_TEMP_17"}
[2026-05-26 10:28:07.881 Z] [WARN] [cadence.virtuoso.ade.simulationMonitor] -     WARNING (CMI-2425): I19.I0.C3: `Noff' = 4.732 is unusually large. {"history": "Interactive.78", "point": 19, "testname": "TRAN_VDD_PULSE", "cornername": "CMOS_RES_CAP_TEMP_17"}
[2026-05-26 10:28:07.881 Z] [WARN] [cadence.virtuoso.ade.simulationMonitor] -     WARNING (CMI-2424): I19.I0.C3: `Voffcv' = -867.4e-03 is unusually small. {"history": "Interactive.78", "point": 19, "testname": "TRAN_VDD_PULSE", "cornername": "CMOS_RES_CAP_TEMP_17"}
[2026-05-26 10:28:07.881 Z] [WARN] [cadence.virtuoso.ade.simulationMonitor] -     WARNING (CMI-2425): I19.I0.C0: `Acde' = 2.393 is unusually large.
        Further occurrences of this warning will be suppressed. {"history": "Interactive.78", "point": 19, "testname": "TRAN_VDD_PULSE", "cornername": "CMOS_RES_CAP_TEMP_17"}
[2026-05-26 10:28:07.881 Z] [WARN] [cadence.virtuoso.ade.simulationMonitor] -     WARNING (CMI-2424): I19.I0.C0: `Voffcv' = -867.4e-03 is unusually small. {"history": "Interactive.78", "point": 19, "testname": "TRAN_VDD_PULSE", "cornername": "CMOS_RES_CAP_TEMP_17"}
[2026-05-26 10:28:07.881 Z] [WARN] [cadence.virtuoso.ade.simulationMonitor] -     WARNING (CMI-2424): I19.I0.I3.C1: `Voffcv' = -867.4e-03 is unusually small. {"history": "Interactive.78", "point": 19, "testname": "TRAN_VDD_PULSE", "cornername": "CMOS_RES_CAP_TEMP_17"}
[2026-05-26 10:28:07.881 Z] [WARN] [cadence.virtuoso.ade.simulationMonitor] -     WARNING (CMI-2424): I19.I0.C1<0>_turbo_m5: `Voffcv' = -867.4e-03 is unusually small.
        Further occurrences of this warning will be suppressed. {"history": "Interactive.78", "point": 19, "testname": "TRAN_VDD_PULSE", "cornername": "CMOS_RES_CAP_TEMP_17"}
[2026-05-26 10:28:07.881 Z] [WARN] [cadence.virtuoso.ade.simulationMonitor] -     WARNING (SPECTRE-17607): Assert `SOAC_rpolyh_vminuspsub' is ignored because it contains an expression which is invalid or not supported by native evaluator.  {"history": "Interactive.78", "point": 19, "testname": "TRAN_VDD_PULSE", "cornername": "CMOS_RES_CAP_TEMP_17"}
[2026-05-26 10:28:07.881 Z] [WARN] [cadence.virtuoso.ade.simulationMonitor] -     WARNING (SPECTRE-17607): Assert `SOAC_rpolyh_vpluspsub' is ignored because it contains an expression which is invalid or not supported by native evaluator.  {"history": "Interactive.78", "point": 19, "testname": "TRAN_VDD_PULSE", "cornername": "CMOS_RES_CAP_TEMP_17"}
[2026-05-26 10:28:07.882 Z] [WARN] [cadence.virtuoso.ade.simulationMonitor] -     WARNING (SPECTRE-16460): SOAC_cvarm_vspsub:Specified subcircuit master `cvarm' was not found. {"history": "Interactive.78", "point": 19, "testname": "TRAN_VDD_PULSE", "cornername": "CMOS_RES_CAP_TEMP_17"}
[2026-05-26 10:28:07.882 Z] [WARN] [cadence.virtuoso.ade.simulationMonitor] -     WARNING (SPECTRE-16462): SOAC_cvarm_vspsub:Error in specification of subcircuit master. Assert is ignored. {"history": "Interactive.78", "point": 19, "testname": "TRAN_VDD_PULSE", "cornername": "CMOS_RES_CAP_TEMP_17"}
[2026-05-26 10:28:07.882 Z] [WARN] [cadence.virtuoso.ade.simulationMonitor] -     WARNING (SPECTRE-16460): SOAC_cvarm_vbs:Specified subcircuit master `cvarm' was not found. {"history": "Interactive.78", "point": 19, "testname": "TRAN_VDD_PULSE", "cornername": "CMOS_RES_CAP_TEMP_17"}
[2026-05-26 10:28:07.882 Z] [WARN] [cadence.virtuoso.ade.simulationMonitor] -     WARNING (SPECTRE-16462): SOAC_cvarm_vbs:Error in specification of subcircuit master. Assert is ignored. {"history": "Interactive.78", "point": 19, "testname": "TRAN_VDD_PULSE", "cornername": "CMOS_RES_CAP_TEMP_17"}
[2026-05-26 10:28:07.882 Z] [WARN] [cadence.virtuoso.ade.simulationMonitor] -     WARNING (SPECTRE-16460): SOAC_cvarm_vgb:Specified subcircuit master `cvarm' was not found. {"history": "Interactive.78", "point": 19, "testname": "TRAN_VDD_PULSE", "cornername": "CMOS_RES_CAP_TEMP_17"}
[2026-05-26 10:28:07.882 Z] [WARN] [cadence.virtuoso.ade.simulationMonitor] -     WARNING (SPECTRE-16462): SOAC_cvarm_vgb:Error in specification of subcircuit master. Assert is ignored. {"history": "Interactive.78", "point": 19, "testname": "TRAN_VDD_PULSE", "cornername": "CMOS_RES_CAP_TEMP_17"}
[2026-05-26 10:28:07.882 Z] [WARN] [cadence.virtuoso.ade.simulationMonitor] -     WARNING (SPECTRE-16460): SOAC_cvart_vspsub:Specified subcircuit master `cvart' was not found. {"history": "Interactive.78", "point": 19, "testname": "TRAN_VDD_PULSE", "cornername": "CMOS_RES_CAP_TEMP_17"}
[2026-05-26 10:28:07.882 Z] [WARN] [cadence.virtuoso.ade.simulationMonitor] -     WARNING (SPECTRE-16462): SOAC_cvart_vspsub:Error in specification of subcircuit master. Assert is ignored. {"history": "Interactive.78", "point": 19, "testname": "TRAN_VDD_PULSE", "cornername": "CMOS_RES_CAP_TEMP_17"}
[2026-05-26 10:28:07.882 Z] [WARN] [cadence.virtuoso.ade.simulationMonitor] -     WARNING (SPECTRE-16460): SOAC_cvart_vbs:Specified subcircuit master `cvart' was not found.
        Further occurrences of this warning will be suppressed. {"history": "Interactive.78", "point": 19, "testname": "TRAN_VDD_PULSE", "cornername": "CMOS_RES_CAP_TEMP_17"}
[2026-05-26 10:28:07.882 Z] [WARN] [cadence.virtuoso.ade.simulationMonitor] -     WARNING (SPECTRE-16462): SOAC_cvart_vbs:Error in specification of subcircuit master. Assert is ignored.
        Further occurrences of this warning will be suppressed. {"history": "Interactive.78", "point": 19, "testname": "TRAN_VDD_PULSE", "cornername": "CMOS_RES_CAP_TEMP_17"}
[2026-05-26 10:28:07.882 Z] [WARN] [cadence.virtuoso.ade.simulationMonitor] -     WARNING (SPECTRE-17607): Assert `SOAC_cvar_vspsub' is ignored because it contains an expression which is invalid or not supported by native evaluator.  {"history": "Interactive.78", "point": 19, "testname": "TRAN_VDD_PULSE", "cornername": "CMOS_RES_CAP_TEMP_17"}
[2026-05-26 10:28:07.882 Z] [WARN] [cadence.virtuoso.ade.simulationMonitor] -     WARNING (SPECTRE-17607): Assert `SOAC_cvar_vbpsub' is ignored because it contains an expression which is invalid or not supported by native evaluator.  {"history": "Interactive.78", "point": 19, "testname": "TRAN_VDD_PULSE", "cornername": "CMOS_RES_CAP_TEMP_17"}
[2026-05-26 10:28:07.883 Z] [WARN] [cadence.virtuoso.ade.simulationMonitor] -     WARNING (SPECTRE-17607): Assert `SOAC_cvar_vgpsub' is ignored because it contains an expression which is invalid or not supported by native evaluator. 
        Further occurrences of this warning will be suppressed. {"history": "Interactive.78", "point": 19, "testname": "TRAN_VDD_PULSE", "cornername": "CMOS_RES_CAP_TEMP_17"}
[2026-05-26 10:28:07.883 Z] [INFO] [cadence.virtuoso.ade.simulationMonitor] - Notice from spectre during topology check.
    No DC path from node `net19' to ground, Gmin installed to provide path. {"history": "Interactive.78", "point": 19, "testname": "TRAN_VDD_PULSE", "cornername": "CMOS_RES_CAP_TEMP_17"}
[2026-05-26 10:28:07.883 Z] [INFO] [cadence.virtuoso.ade.simulationMonitor] - Notice from spectre during initial setup.
    Multithreading is disabled due to the size of the design being too small. {"history": "Interactive.78", "point": 19, "testname": "TRAN_VDD_PULSE", "cornername": "CMOS_RES_CAP_TEMP_17"}
[2026-05-26 10:28:07.883 Z] [INFO] [cadence.virtuoso.ade.simulationMonitor] -               nodes 784 {"history": "Interactive.78", "point": 19, "testname": "TRAN_VDD_PULSE", "cornername": "CMOS_RES_CAP_TEMP_17"}
[2026-05-26 10:28:07.883 Z] [INFO] [cadence.virtuoso.ade.simulationMonitor] - Notice from spectre during initial setup.
    4 vsources are shorted because their absolute value is less than or equal to 'vabsshort'.
    Spectre X preset=mx enabled.
    18 notices suppressed.
    154 warnings suppressed. {"history": "Interactive.78", "point": 19, "testname": "TRAN_VDD_PULSE", "cornername": "CMOS_RES_CAP_TEMP_17"}
[2026-05-26 10:28:07.883 Z] [INFO] [cadence.virtuoso.ade.simulationMonitor] - Peak resident memory used = 213 Mbytes. {"history": "Interactive.78", "point": 19, "testname": "TRAN_VDD_PULSE", "cornername": "CMOS_RES_CAP_TEMP_17"}
[2026-05-26 10:28:07.883 Z] [INFO] [cadence.virtuoso.ade.simulationMonitor] -    -   (Spectre X) Multi-threading. The recommended number of threads is 1, consider adding +mt=1 on command line. {"history": "Interactive.78", "point": 19, "testname": "TRAN_VDD_PULSE", "cornername": "CMOS_RES_CAP_TEMP_17"}
[2026-05-26 10:28:07.883 Z] [INFO] [cadence.virtuoso.ade.simulationMonitor] - Notice from spectre during DC analysis `dcOp'.
    No checklimit analysis defined for asserts. A default checklimit analysis 'SpectreChecklimitAnal' has been created with all asserts enabled. {"history": "Interactive.78", "point": 19, "testname": "TRAN_VDD_PULSE", "cornername": "CMOS_RES_CAP_TEMP_17"}
[2026-05-26 10:28:07.883 Z] [INFO] [cadence.virtuoso.ade.simulationMonitor] - Notice from spectre during DC analysis `dcOp'.
    GminDC = 1 pS is large enough to noticeably affect the DC solution.
        dV(I19.I2.C1.d1) = 912.01 uV
        Use the `gmin_check' option to eliminate or expand this report. {"history": "Interactive.78", "point": 19, "testname": "TRAN_VDD_PULSE", "cornername": "CMOS_RES_CAP_TEMP_17"}
[2026-05-26 10:28:07.883 Z] [WARN] [cadence.virtuoso.ade.simulationMonitor] -     WARNING (CMI-2943): Parameter checks have been ignored because the valid value for parameter 'trise' could not be found in 'C0'. {"history": "Interactive.78", "point": 19, "testname": "TRAN_VDD_PULSE", "cornername": "CMOS_RES_CAP_TEMP_17"}
[2026-05-26 10:28:07.883 Z] [WARN] [cadence.virtuoso.ade.simulationMonitor] -     WARNING (CMI-2943): Parameter checks have been ignored because the valid value for parameter 'trise' could not be found in 'C3'. {"history": "Interactive.78", "point": 19, "testname": "TRAN_VDD_PULSE", "cornername": "CMOS_RES_CAP_TEMP_17"}
[2026-05-26 10:28:07.883 Z] [WARN] [cadence.virtuoso.ade.simulationMonitor] -     WARNING (CMI-2943): Parameter checks have been ignored because the valid value for parameter 'trise' could not be found in 'C4'. {"history": "Interactive.78", "point": 19, "testname": "TRAN_VDD_PULSE", "cornername": "CMOS_RES_CAP_TEMP_17"}
[2026-05-26 10:28:07.884 Z] [WARN] [cadence.virtuoso.ade.simulationMonitor] -     WARNING (CMI-2943): Parameter checks have been ignored because the valid value for parameter 'trise' could not be found in 'C5'. {"history": "Interactive.78", "point": 19, "testname": "TRAN_VDD_PULSE", "cornername": "CMOS_RES_CAP_TEMP_17"}
[2026-05-26 10:28:07.884 Z] [WARN] [cadence.virtuoso.ade.simulationMonitor] -     WARNING (CMI-2943): Parameter checks have been ignored because the valid value for parameter 'trise' could not be found in 'I19.I4.C9<0>_turbo_m6.C1'.
        Further occurrences of this warning will be suppressed. {"history": "Interactive.78", "point": 19, "testname": "TRAN_VDD_PULSE", "cornername": "CMOS_RES_CAP_TEMP_17"}
[2026-05-26 10:28:07.884 Z] [INFO] [cadence.virtuoso.ade.simulationMonitor] - Total time required for dc analysis `dcOp': CPU = 64.38 ms, elapsed = 80.9669 ms, util. = 79.5%. {"history": "Interactive.78", "point": 19, "testname": "TRAN_VDD_PULSE", "cornername": "CMOS_RES_CAP_TEMP_17"}
[2026-05-26 10:28:07.884 Z] [INFO] [cadence.virtuoso.ade.simulationMonitor] - Peak resident memory used = 223 Mbytes. {"history": "Interactive.78", "point": 19, "testname": "TRAN_VDD_PULSE", "cornername": "CMOS_RES_CAP_TEMP_17"}
[2026-05-26 10:28:07.884 Z] [INFO] [cadence.virtuoso.ade.simulationMonitor] - Notice from spectre.
    246 warnings suppressed. {"history": "Interactive.78", "point": 19, "testname": "TRAN_VDD_PULSE", "cornername": "CMOS_RES_CAP_TEMP_17"}
[2026-05-26 10:28:07.884 Z] [INFO] [cadence.virtuoso.ade.simulationMonitor] - Notice from spectre during IC analysis, during transient analysis `tran'.
    GminDC = 1 pS is large enough to noticeably affect the DC solution.
        dV(I19.I2.C1.d1) = 912.01 uV
        Use the `gmin_check' option to eliminate or expand this report. {"history": "Interactive.78", "point": 19, "testname": "TRAN_VDD_PULSE", "cornername": "CMOS_RES_CAP_TEMP_17"}
[2026-05-26 10:28:07.884 Z] [WARN] [cadence.virtuoso.ade.simulationMonitor] -     WARNING (CMI-2943): Parameter checks have been ignored because the valid value for parameter 'trise' could not be found in 'C0'. {"history": "Interactive.78", "point": 19, "testname": "TRAN_VDD_PULSE", "cornername": "CMOS_RES_CAP_TEMP_17"}
[2026-05-26 10:28:07.884 Z] [WARN] [cadence.virtuoso.ade.simulationMonitor] -     WARNING (CMI-2943): Parameter checks have been ignored because the valid value for parameter 'trise' could not be found in 'C3'. {"history": "Interactive.78", "point": 19, "testname": "TRAN_VDD_PULSE", "cornername": "CMOS_RES_CAP_TEMP_17"}
[2026-05-26 10:28:07.884 Z] [WARN] [cadence.virtuoso.ade.simulationMonitor] -     WARNING (CMI-2943): Parameter checks have been ignored because the valid value for parameter 'trise' could not be found in 'C4'. {"history": "Interactive.78", "point": 19, "testname": "TRAN_VDD_PULSE", "cornername": "CMOS_RES_CAP_TEMP_17"}
[2026-05-26 10:28:07.884 Z] [WARN] [cadence.virtuoso.ade.simulationMonitor] -     WARNING (CMI-2943): Parameter checks have been ignored because the valid value for parameter 'trise' could not be found in 'C5'. {"history": "Interactive.78", "point": 19, "testname": "TRAN_VDD_PULSE", "cornername": "CMOS_RES_CAP_TEMP_17"}
[2026-05-26 10:28:07.884 Z] [WARN] [cadence.virtuoso.ade.simulationMonitor] -     WARNING (CMI-2943): Parameter checks have been ignored because the valid value for parameter 'trise' could not be found in 'I19.I4.C9<0>_turbo_m6.C1'.
        Further occurrences of this warning will be suppressed. {"history": "Interactive.78", "point": 19, "testname": "TRAN_VDD_PULSE", "cornername": "CMOS_RES_CAP_TEMP_17"}
[2026-05-26 10:28:07.884 Z] [INFO] [cadence.virtuoso.ade.simulationMonitor] - Notice from spectre during transient analysis `tran'.
    Multithreading is disabled due to the size of the design being too small. {"history": "Interactive.78", "point": 19, "testname": "TRAN_VDD_PULSE", "cornername": "CMOS_RES_CAP_TEMP_17"}
[2026-05-26 10:29:43.907 Z] [INFO] [cadence.virtuoso.ade.simulationMonitor] - Total time required for tran analysis `tran': CPU = 95.4609 s (1m  35.5s), elapsed = 95.8183 s (1m  35.8s), util. = 99.6%. {"history": "Interactive.78", "point": 19, "testname": "TRAN_VDD_PULSE", "cornername": "CMOS_RES_CAP_TEMP_17"}
[2026-05-26 10:29:43.907 Z] [INFO] [cadence.virtuoso.ade.simulationMonitor] - Peak resident memory used = 230 Mbytes. {"history": "Interactive.78", "point": 19, "testname": "TRAN_VDD_PULSE", "cornername": "CMOS_RES_CAP_TEMP_17"}
[2026-05-26 10:29:43.907 Z] [INFO] [cadence.virtuoso.ade.simulationMonitor] - Notice from spectre.
    246 warnings suppressed. {"history": "Interactive.78", "point": 19, "testname": "TRAN_VDD_PULSE", "cornername": "CMOS_RES_CAP_TEMP_17"}
[2026-05-26 10:29:43.907 Z] [WARN] [cadence.virtuoso.ade.simulationMonitor] -     WARNING (CMI-2425): I19.I2.C1: `Acde' = 2.393 is unusually large. {"history": "Interactive.78", "point": 19, "testname": "TRAN_VDD_PULSE", "cornername": "CMOS_RES_CAP_TEMP_17"}
[2026-05-26 10:29:43.907 Z] [WARN] [cadence.virtuoso.ade.simulationMonitor] -     WARNING (CMI-2425): I19.I2.C1: `Noff' = 4.732 is unusually large. {"history": "Interactive.78", "point": 19, "testname": "TRAN_VDD_PULSE", "cornername": "CMOS_RES_CAP_TEMP_17"}
[2026-05-26 10:29:43.907 Z] [WARN] [cadence.virtuoso.ade.simulationMonitor] -     WARNING (CMI-2424): I19.I2.C1: `Voffcv' = -867.4e-03 is unusually small. {"history": "Interactive.78", "point": 19, "testname": "TRAN_VDD_PULSE", "cornername": "CMOS_RES_CAP_TEMP_17"}
[2026-05-26 10:29:43.907 Z] [WARN] [cadence.virtuoso.ade.simulationMonitor] -     WARNING (CMI-2425): I19.I8.C0: `Acde' = 2.393 is unusually large. {"history": "Interactive.78", "point": 19, "testname": "TRAN_VDD_PULSE", "cornername": "CMOS_RES_CAP_TEMP_17"}
[2026-05-26 10:29:43.907 Z] [WARN] [cadence.virtuoso.ade.simulationMonitor] -     WARNING (CMI-2425): I19.I8.C0: `Noff' = 4.732 is unusually large. {"history": "Interactive.78", "point": 19, "testname": "TRAN_VDD_PULSE", "cornername": "CMOS_RES_CAP_TEMP_17"}
[2026-05-26 10:29:43.907 Z] [WARN] [cadence.virtuoso.ade.simulationMonitor] -     WARNING (CMI-2424): I19.I8.C0: `Voffcv' = -867.4e-03 is unusually small. {"history": "Interactive.78", "point": 19, "testname": "TRAN_VDD_PULSE", "cornername": "CMOS_RES_CAP_TEMP_17"}
[2026-05-26 10:29:43.907 Z] [WARN] [cadence.virtuoso.ade.simulationMonitor] -     WARNING (CMI-2425): I19.I8.C1: `Acde' = 2.393 is unusually large.
        Further occurrences of this warning will be suppressed. {"history": "Interactive.78", "point": 19, "testname": "TRAN_VDD_PULSE", "cornername": "CMOS_RES_CAP_TEMP_17"}
[2026-05-26 10:29:43.907 Z] [WARN] [cadence.virtuoso.ade.simulationMonitor] -     WARNING (CMI-2424): I19.I8.C1: `Voffcv' = -867.4e-03 is unusually small. {"history": "Interactive.78", "point": 19, "testname": "TRAN_VDD_PULSE", "cornername": "CMOS_RES_CAP_TEMP_17"}
[2026-05-26 10:29:43.907 Z] [WARN] [cadence.virtuoso.ade.simulationMonitor] -     WARNING (CMI-2424): I19.I14.C1: `Voffcv' = -867.4e-03 is unusually small. {"history": "Interactive.78", "point": 19, "testname": "TRAN_VDD_PULSE", "cornername": "CMOS_RES_CAP_TEMP_17"}
[2026-05-26 10:29:43.907 Z] [WARN] [cadence.virtuoso.ade.simulationMonitor] -     WARNING (CMI-2424): I19.I14.C4: `Voffcv' = -867.4e-03 is unusually small.
        Further occurrences of this warning will be suppressed. {"history": "Interactive.78", "point": 19, "testname": "TRAN_VDD_PULSE", "cornername": "CMOS_RES_CAP_TEMP_17"}
[2026-05-26 10:29:43.908 Z] [INFO] [cadence.virtuoso.ade.simulationMonitor] - Notice from spectre.
    56 warnings suppressed. {"history": "Interactive.78", "point": 19, "testname": "TRAN_VDD_PULSE", "cornername": "CMOS_RES_CAP_TEMP_17"}
[2026-05-26 10:29:43.908 Z] [WARN] [cadence.virtuoso.ade.simulationMonitor] -     WARNING (CMI-2425): I19.I2.C1: `Acde' = 2.393 is unusually large. {"history": "Interactive.78", "point": 19, "testname": "TRAN_VDD_PULSE", "cornername": "CMOS_RES_CAP_TEMP_17"}
[2026-05-26 10:29:43.908 Z] [WARN] [cadence.virtuoso.ade.simulationMonitor] -     WARNING (CMI-2425): I19.I2.C1: `Noff' = 4.732 is unusually large. {"history": "Interactive.78", "point": 19, "testname": "TRAN_VDD_PULSE", "cornername": "CMOS_RES_CAP_TEMP_17"}
[2026-05-26 10:29:43.908 Z] [WARN] [cadence.virtuoso.ade.simulationMonitor] -     WARNING (CMI-2424): I19.I2.C1: `Voffcv' = -867.4e-03 is unusually small. {"history": "Interactive.78", "point": 19, "testname": "TRAN_VDD_PULSE", "cornername": "CMOS_RES_CAP_TEMP_17"}
[2026-05-26 10:29:43.908 Z] [WARN] [cadence.virtuoso.ade.simulationMonitor] -     WARNING (CMI-2425): I19.I8.C0: `Acde' = 2.393 is unusually large. {"history": "Interactive.78", "point": 19, "testname": "TRAN_VDD_PULSE", "cornername": "CMOS_RES_CAP_TEMP_17"}
[2026-05-26 10:29:43.908 Z] [WARN] [cadence.virtuoso.ade.simulationMonitor] -     WARNING (CMI-2425): I19.I8.C0: `Noff' = 4.732 is unusually large. {"history": "Interactive.78", "point": 19, "testname": "TRAN_VDD_PULSE", "cornername": "CMOS_RES_CAP_TEMP_17"}
[2026-05-26 10:29:43.908 Z] [WARN] [cadence.virtuoso.ade.simulationMonitor] -     WARNING (CMI-2424): I19.I8.C0: `Voffcv' = -867.4e-03 is unusually small. {"history": "Interactive.78", "point": 19, "testname": "TRAN_VDD_PULSE", "cornername": "CMOS_RES_CAP_TEMP_17"}
[2026-05-26 10:29:43.908 Z] [WARN] [cadence.virtuoso.ade.simulationMonitor] -     WARNING (CMI-2425): I19.I8.C1: `Acde' = 2.393 is unusually large.
        Further occurrences of this warning will be suppressed. {"history": "Interactive.78", "point": 19, "testname": "TRAN_VDD_PULSE", "cornername": "CMOS_RES_CAP_TEMP_17"}
[2026-05-26 10:29:43.908 Z] [WARN] [cadence.virtuoso.ade.simulationMonitor] -     WARNING (CMI-2424): I19.I8.C1: `Voffcv' = -867.4e-03 is unusually small. {"history": "Interactive.78", "point": 19, "testname": "TRAN_VDD_PULSE", "cornername": "CMOS_RES_CAP_TEMP_17"}
[2026-05-26 10:29:43.908 Z] [WARN] [cadence.virtuoso.ade.simulationMonitor] -     WARNING (CMI-2424): I19.I14.C1: `Voffcv' = -867.4e-03 is unusually small. {"history": "Interactive.78", "point": 19, "testname": "TRAN_VDD_PULSE", "cornername": "CMOS_RES_CAP_TEMP_17"}
[2026-05-26 10:29:43.908 Z] [WARN] [cadence.virtuoso.ade.simulationMonitor] -     WARNING (CMI-2424): I19.I14.C4: `Voffcv' = -867.4e-03 is unusually small.
        Further occurrences of this warning will be suppressed. {"history": "Interactive.78", "point": 19, "testname": "TRAN_VDD_PULSE", "cornername": "CMOS_RES_CAP_TEMP_17"}
[2026-05-26 10:29:43.908 Z] [INFO] [cadence.virtuoso.ade.simulationMonitor] - Notice from spectre.
    59 warnings suppressed. {"history": "Interactive.78", "point": 19, "testname": "TRAN_VDD_PULSE", "cornername": "CMOS_RES_CAP_TEMP_17"}
[2026-05-26 10:29:43.908 Z] [WARN] [cadence.virtuoso.ade.simulationMonitor] -     WARNING (CMI-2425): I19.I2.C1: `Acde' = 2.393 is unusually large. {"history": "Interactive.78", "point": 19, "testname": "TRAN_VDD_PULSE", "cornername": "CMOS_RES_CAP_TEMP_17"}
[2026-05-26 10:29:43.908 Z] [WARN] [cadence.virtuoso.ade.simulationMonitor] -     WARNING (CMI-2425): I19.I2.C1: `Noff' = 4.732 is unusually large. {"history": "Interactive.78", "point": 19, "testname": "TRAN_VDD_PULSE", "cornername": "CMOS_RES_CAP_TEMP_17"}
[2026-05-26 10:29:43.908 Z] [WARN] [cadence.virtuoso.ade.simulationMonitor] -     WARNING (CMI-2424): I19.I2.C1: `Voffcv' = -867.4e-03 is unusually small. {"history": "Interactive.78", "point": 19, "testname": "TRAN_VDD_PULSE", "cornername": "CMOS_RES_CAP_TEMP_17"}
[2026-05-26 10:29:43.908 Z] [WARN] [cadence.virtuoso.ade.simulationMonitor] -     WARNING (CMI-2425): I19.I8.C0: `Acde' = 2.393 is unusually large. {"history": "Interactive.78", "point": 19, "testname": "TRAN_VDD_PULSE", "cornername": "CMOS_RES_CAP_TEMP_17"}
[2026-05-26 10:29:43.908 Z] [WARN] [cadence.virtuoso.ade.simulationMonitor] -     WARNING (CMI-2425): I19.I8.C0: `Noff' = 4.732 is unusually large. {"history": "Interactive.78", "point": 19, "testname": "TRAN_VDD_PULSE", "cornername": "CMOS_RES_CAP_TEMP_17"}
[2026-05-26 10:29:43.908 Z] [WARN] [cadence.virtuoso.ade.simulationMonitor] -     WARNING (CMI-2424): I19.I8.C0: `Voffcv' = -867.4e-03 is unusually small. {"history": "Interactive.78", "point": 19, "testname": "TRAN_VDD_PULSE", "cornername": "CMOS_RES_CAP_TEMP_17"}
[2026-05-26 10:29:43.909 Z] [WARN] [cadence.virtuoso.ade.simulationMonitor] -     WARNING (CMI-2425): I19.I8.C1: `Acde' = 2.393 is unusually large.
        Further occurrences of this warning will be suppressed. {"history": "Interactive.78", "point": 19, "testname": "TRAN_VDD_PULSE", "cornername": "CMOS_RES_CAP_TEMP_17"}
[2026-05-26 10:29:43.909 Z] [WARN] [cadence.virtuoso.ade.simulationMonitor] -     WARNING (CMI-2424): I19.I8.C1: `Voffcv' = -867.4e-03 is unusually small. {"history": "Interactive.78", "point": 19, "testname": "TRAN_VDD_PULSE", "cornername": "CMOS_RES_CAP_TEMP_17"}
[2026-05-26 10:29:43.909 Z] [WARN] [cadence.virtuoso.ade.simulationMonitor] -     WARNING (CMI-2424): I19.I14.C1: `Voffcv' = -867.4e-03 is unusually small. {"history": "Interactive.78", "point": 19, "testname": "TRAN_VDD_PULSE", "cornername": "CMOS_RES_CAP_TEMP_17"}
[2026-05-26 10:29:43.909 Z] [WARN] [cadence.virtuoso.ade.simulationMonitor] -     WARNING (CMI-2424): I19.I14.C4: `Voffcv' = -867.4e-03 is unusually small.
        Further occurrences of this warning will be suppressed. {"history": "Interactive.78", "point": 19, "testname": "TRAN_VDD_PULSE", "cornername": "CMOS_RES_CAP_TEMP_17"}
[2026-05-26 10:29:43.909 Z] [INFO] [cadence.virtuoso.ade.simulationMonitor] - Notice from spectre.
    56 warnings suppressed. {"history": "Interactive.78", "point": 19, "testname": "TRAN_VDD_PULSE", "cornername": "CMOS_RES_CAP_TEMP_17"}
[2026-05-26 10:29:43.909 Z] [WARN] [cadence.virtuoso.ade.simulationMonitor] -     WARNING (CMI-2425): I19.I2.C1: `Acde' = 2.393 is unusually large. {"history": "Interactive.78", "point": 19, "testname": "TRAN_VDD_PULSE", "cornername": "CMOS_RES_CAP_TEMP_17"}
[2026-05-26 10:29:43.909 Z] [WARN] [cadence.virtuoso.ade.simulationMonitor] -     WARNING (CMI-2425): I19.I2.C1: `Noff' = 4.732 is unusually large. {"history": "Interactive.78", "point": 19, "testname": "TRAN_VDD_PULSE", "cornername": "CMOS_RES_CAP_TEMP_17"}
[2026-05-26 10:29:43.909 Z] [WARN] [cadence.virtuoso.ade.simulationMonitor] -     WARNING (CMI-2424): I19.I2.C1: `Voffcv' = -867.4e-03 is unusually small. {"history": "Interactive.78", "point": 19, "testname": "TRAN_VDD_PULSE", "cornername": "CMOS_RES_CAP_TEMP_17"}
[2026-05-26 10:29:43.909 Z] [WARN] [cadence.virtuoso.ade.simulationMonitor] -     WARNING (CMI-2425): I19.I8.C0: `Acde' = 2.393 is unusually large. {"history": "Interactive.78", "point": 19, "testname": "TRAN_VDD_PULSE", "cornername": "CMOS_RES_CAP_TEMP_17"}
[2026-05-26 10:29:43.909 Z] [WARN] [cadence.virtuoso.ade.simulationMonitor] -     WARNING (CMI-2425): I19.I8.C0: `Noff' = 4.732 is unusually large. {"history": "Interactive.78", "point": 19, "testname": "TRAN_VDD_PULSE", "cornername": "CMOS_RES_CAP_TEMP_17"}
[2026-05-26 10:29:43.909 Z] [WARN] [cadence.virtuoso.ade.simulationMonitor] -     WARNING (CMI-2424): I19.I8.C0: `Voffcv' = -867.4e-03 is unusually small. {"history": "Interactive.78", "point": 19, "testname": "TRAN_VDD_PULSE", "cornername": "CMOS_RES_CAP_TEMP_17"}
[2026-05-26 10:29:43.909 Z] [WARN] [cadence.virtuoso.ade.simulationMonitor] -     WARNING (CMI-2425): I19.I8.C1: `Acde' = 2.393 is unusually large.
        Further occurrences of this warning will be suppressed. {"history": "Interactive.78", "point": 19, "testname": "TRAN_VDD_PULSE", "cornername": "CMOS_RES_CAP_TEMP_17"}
[2026-05-26 10:29:43.909 Z] [WARN] [cadence.virtuoso.ade.simulationMonitor] -     WARNING (CMI-2424): I19.I8.C1: `Voffcv' = -867.4e-03 is unusually small. {"history": "Interactive.78", "point": 19, "testname": "TRAN_VDD_PULSE", "cornername": "CMOS_RES_CAP_TEMP_17"}
[2026-05-26 10:29:43.909 Z] [WARN] [cadence.virtuoso.ade.simulationMonitor] -     WARNING (CMI-2424): I19.I14.C1: `Voffcv' = -867.4e-03 is unusually small. {"history": "Interactive.78", "point": 19, "testname": "TRAN_VDD_PULSE", "cornername": "CMOS_RES_CAP_TEMP_17"}
[2026-05-26 10:29:43.909 Z] [WARN] [cadence.virtuoso.ade.simulationMonitor] -     WARNING (CMI-2424): I19.I14.C4: `Voffcv' = -867.4e-03 is unusually small.
        Further occurrences of this warning will be suppressed. {"history": "Interactive.78", "point": 19, "testname": "TRAN_VDD_PULSE", "cornername": "CMOS_RES_CAP_TEMP_17"}
[2026-05-26 10:29:43.909 Z] [INFO] [cadence.virtuoso.ade.simulationMonitor] - Notice from spectre.
    56 warnings suppressed. {"history": "Interactive.78", "point": 19, "testname": "TRAN_VDD_PULSE", "cornername": "CMOS_RES_CAP_TEMP_17"}
[2026-05-26 10:29:43.909 Z] [INFO] [cadence.virtuoso.ade.simulationMonitor] - Time used: CPU = 95.9 s (1m  35.9s), elapsed = 96.7 s (1m  36.7s), util. = 99.2%. {"history": "Interactive.78", "point": 19, "testname": "TRAN_VDD_PULSE", "cornername": "CMOS_RES_CAP_TEMP_17"}
[2026-05-26 10:29:43.909 Z] [INFO] [cadence.virtuoso.ade.simulationMonitor] - Time spent in licensing: elapsed = 280 ms. {"history": "Interactive.78", "point": 19, "testname": "TRAN_VDD_PULSE", "cornername": "CMOS_RES_CAP_TEMP_17"}
[2026-05-26 10:29:43.910 Z] [INFO] [cadence.virtuoso.ade.simulationMonitor] - Peak memory used = 231 Mbytes. {"history": "Interactive.78", "point": 19, "testname": "TRAN_VDD_PULSE", "cornername": "CMOS_RES_CAP_TEMP_17"}
[2026-05-26 10:29:43.910 Z] [PROCESS] [cadence.virtuoso.ade.simulationMonitor] - Simulation started at: 10:28:06 AM, Tue May 26, 2026, ended at: 10:29:43 AM, Tue May 26, 2026, with elapsed time (wall clock): 96.7 s (1m  36.7s). {"history": "Interactive.78", "point": 19, "testname": "TRAN_VDD_PULSE", "cornername": "CMOS_RES_CAP_TEMP_17"}
[2026-05-26 10:29:43.910 Z] [PROCESS] [cadence.virtuoso.ade.simulationMonitor] - spectre completes with 0 errors, 96 warnings, and 31 notices. {"history": "Interactive.78", "point": 19, "testname": "TRAN_VDD_PULSE", "cornername": "CMOS_RES_CAP_TEMP_17"}
[2026-05-26 10:29:43.910 Z] [PROCESS] [cadence.virtuoso.ade.simulationMonitor] - Finished simulating for one point {"hostname": "edatools", "processid": 259513, "history": "Interactive.78", "testname": "TRAN_VDD_PULSE", "cornername": "CMOS_RES_CAP_TEMP_17", "point": 19, "logfile": "/home/saul/projects/IL2244_VT26_SAUL/logs_saul/logs0/Job53.log", "simid": "4"}
[2026-05-26 10:29:43.910 Z] [PROCESS] [cadence.virtuoso.ade.simulationMonitor] - Simulator exited {"hostname": "edatools", "processid": 259513, "history": "Interactive.78", "testname": "TRAN_VDD_PULSE", "cornername": "CMOS_RES_CAP_TEMP_17", "point": 19, "logfile": "/home/saul/projects/IL2244_VT26_SAUL/logs_saul/logs0/Job53.log", "exitStatus": "0"}
[2026-05-26 10:29:43.910 Z] [PROCESS] [cadence.virtuoso.ade.simulationMonitor] - Finished Simulation {"hostname": "edatools", "processid": 259513, "history": "Interactive.78", "testname": "TRAN_VDD_PULSE", "cornername": "CMOS_RES_CAP_TEMP_17", "point": 19, "logfile": "/home/saul/projects/IL2244_VT26_SAUL/logs_saul/logs0/Job53.log", "simid": "4"}
[2026-05-26 10:29:45.415 Z] [PROCESS] [cadence.virtuoso.ade.simulationMonitor] - Point Finished {"hostname": "edatools", "processid": 259513, "history": "Interactive.78", "testname": "TRAN_VDD_PULSE", "cornername": "CMOS_RES_CAP_TEMP_17", "point": 19, "logfile": "/home/saul/projects/IL2244_VT26_SAUL/logs_saul/logs0/Job53.log"}
[2026-05-26 10:29:45.417 Z] [PROCESS] [cadence.virtuoso.ade.simulationMonitor] - HostInfo:
Host name (type):	edatools (x86_64)
Operating system:	Linux 6.17.0-29-generic #29~24.04.1-Ubuntu SMP PREEMPT_DYNAMIC Mon May 11 10:30:58 UTC 2 {"hostname": "edatools", "processid": 259513, "history": "Interactive.78", "testname": "TRAN_VDD_PULSE", "cornername": "CMOS_RES_CAP_TEMP_17", "point": 19, "logfile": "/home/saul/projects/IL2244_VT26_SAUL/logs_saul/logs0/Job53.log", "nodename": "edatools", "domainname": "(none)", "machine": "x86_64", "sysname": "Linux", "release": "6.17.0-29-generic", "version": "#29~24.04.1-Ubuntu SMP PREEMPT_DYNAMIC Mon May 11 10:30:58 UTC 2"}
[2026-05-26 10:29:45.417 Z] [PROCESS] [cadence.virtuoso.ade.simulationMonitor] - UsageInfo:
pid=259513
totalPhysicalMemory=62.544987GB,Used=45.131973GB,totalVirtualMemory=70.544983GB,Used=45.131973GB
Cpu: Cores=16, Load average:6.230000,4.750000,2.480000 {"hostname": "edatools", "processid": 259513, "history": "Interactive.78", "testname": "TRAN_VDD_PULSE", "cornername": "CMOS_RES_CAP_TEMP_17", "point": 19, "logfile": "/home/saul/projects/IL2244_VT26_SAUL/logs_saul/logs0/Job53.log", "pid": "259513", "totalPhysicalMemory": "62.544987", "physicalMemoryUsed": "45.131973", "totalVirtualMemory": "70.544983", "virtualMemoryUsed": "45.131973", "cpuCores": "16", "processes": "1878", "loadAverage1": "6.230000", "loadAverage5": "4.750000", "loadAverage15": "2.480000", "loadAverage1Percent": "0.389375"}
[2026-05-26 10:29:45.418 Z] [EVENT] [cadence.virtuoso.ade.simulationMonitor] - NewPoint {"history": "Interactive.78", "point": 25, "testname": "TRAN_VDD_PULSE", "cornername": "CMOS_RES_CAP_TEMP_23", "event": "NewPoint", "EventSource": "Simulation Monitor", "HistoryName": "Interactive.78", "logFile": "/home/saul/projects/IL2244_VT26_SAUL/logs_saul/logs0/Job53.log", "logFileSize": "169749"}
[2026-05-26 10:29:45.518 Z] [EVENT] [cadence.virtuoso.ade.simulationMonitor] - NewPoint {"history": "Interactive.78", "point": 25, "testname": "TRAN_VDD_PULSE", "cornername": "CMOS_RES_CAP_TEMP_23", "event": "NewPoint", "EventSource": "spectre", "HistoryName": "Interactive.78", "logFile": "/home/saul/projects/IL2244_VT26_SAUL/Sim/FECG/fecg_front_end_tran_tb/maestro/results/maestro/Interactive.78/25/TRAN_VDD_PULSE/psf/spectre.out", "logFileSize": "-1"}
[2026-05-26 10:29:45.523 Z] [PROCESS] [cadence.virtuoso.ade.simulationMonitor] - Simulator launched {"hostname": "edatools", "processid": 259513, "history": "Interactive.78", "testname": "TRAN_VDD_PULSE", "cornername": "CMOS_RES_CAP_TEMP_23", "point": 25, "logfile": "/home/saul/projects/IL2244_VT26_SAUL/logs_saul/logs0/Job53.log", "simid": "5"}
[2026-05-26 10:29:45.535 Z] [PROCESS] [cadence.virtuoso.ade.simulationMonitor] - Started Simulation {"hostname": "edatools", "processid": 259513, "history": "Interactive.78", "testname": "TRAN_VDD_PULSE", "cornername": "CMOS_RES_CAP_TEMP_23", "point": 25, "logfile": "/home/saul/projects/IL2244_VT26_SAUL/logs_saul/logs0/Job53.log", "event": "started", "task": "simulation"}
[2026-05-26 10:29:46.035 Z] [INFO] [cadence.virtuoso.ade.simulationMonitor] - Notice from spectre during circuit read-in.
    Pre_Configuration file used: /opt/tools/cadence/installs/SPECTRE241/tools.lnx86/spectre/etc/configs/preset.precfg
    Configuration file used: `/opt/tools/cadence/installs/SPECTRE241/tools.lnx86/spectre/etc/configs/preset.cfg'. {"history": "Interactive.78", "point": 25, "testname": "TRAN_VDD_PULSE", "cornername": "CMOS_RES_CAP_TEMP_23"}
[2026-05-26 10:29:46.036 Z] [WARN] [cadence.virtuoso.ade.simulationMonitor] -     WARNING (SPECTRE-8360): line 1511: `ac' is an undefined primitive device. {"history": "Interactive.78", "point": 25, "testname": "TRAN_VDD_PULSE", "cornername": "CMOS_RES_CAP_TEMP_23"}
[2026-05-26 10:29:46.036 Z] [WARN] [cadence.virtuoso.ade.simulationMonitor] -     WARNING (SPECTRE-8360): line 1512: `ac' is an undefined primitive device. {"history": "Interactive.78", "point": 25, "testname": "TRAN_VDD_PULSE", "cornername": "CMOS_RES_CAP_TEMP_23"}
[2026-05-26 10:29:46.036 Z] [WARN] [cadence.virtuoso.ade.simulationMonitor] -     WARNING (SPECTRE-8360): line 1513: `ac' is an undefined primitive device. {"history": "Interactive.78", "point": 25, "testname": "TRAN_VDD_PULSE", "cornername": "CMOS_RES_CAP_TEMP_23"}
[2026-05-26 10:29:46.036 Z] [WARN] [cadence.virtuoso.ade.simulationMonitor] -     WARNING (SPECTRE-8360): line 1514: `ac' is an undefined primitive device. {"history": "Interactive.78", "point": 25, "testname": "TRAN_VDD_PULSE", "cornername": "CMOS_RES_CAP_TEMP_23"}
[2026-05-26 10:29:46.036 Z] [WARN] [cadence.virtuoso.ade.simulationMonitor] -     WARNING (SPECTRE-8360): line 1515: `ac' is an undefined primitive device.
        Further occurrences of this warning will be suppressed. {"history": "Interactive.78", "point": 25, "testname": "TRAN_VDD_PULSE", "cornername": "CMOS_RES_CAP_TEMP_23"}
[2026-05-26 10:29:46.036 Z] [INFO] [cadence.virtuoso.ade.simulationMonitor] - Peak resident memory used = 173 Mbytes. {"history": "Interactive.78", "point": 25, "testname": "TRAN_VDD_PULSE", "cornername": "CMOS_RES_CAP_TEMP_23"}
[2026-05-26 10:29:46.036 Z] [WARN] [cadence.virtuoso.ade.simulationMonitor] -     WARNING (VACOMP-2435): The environment variable CDS_AHDLCMI_ENABLE is no longer supported. Therefore, the simulator will use the default compiled C code flow. {"history": "Interactive.78", "point": 25, "testname": "TRAN_VDD_PULSE", "cornername": "CMOS_RES_CAP_TEMP_23"}
[2026-05-26 10:29:46.036 Z] [WARN] [cadence.virtuoso.ade.simulationMonitor] -     WARNING (SFE-3014): The floating device I19.I0.I5.MN14<0>_turbo_m4 is removed. {"history": "Interactive.78", "point": 25, "testname": "TRAN_VDD_PULSE", "cornername": "CMOS_RES_CAP_TEMP_23"}
[2026-05-26 10:29:46.036 Z] [WARN] [cadence.virtuoso.ade.simulationMonitor] -     WARNING (SFE-3012): The dummy device I19.I4.MP16<0>_turbo_m41 is removed. {"history": "Interactive.78", "point": 25, "testname": "TRAN_VDD_PULSE", "cornername": "CMOS_RES_CAP_TEMP_23"}
[2026-05-26 10:29:46.036 Z] [WARN] [cadence.virtuoso.ade.simulationMonitor] -     WARNING (SFE-3014): The floating device I19.I8.MN57<0>_turbo_m28 is removed. {"history": "Interactive.78", "point": 25, "testname": "TRAN_VDD_PULSE", "cornername": "CMOS_RES_CAP_TEMP_23"}
[2026-05-26 10:29:46.036 Z] [WARN] [cadence.virtuoso.ade.simulationMonitor] -     WARNING (SFE-3012): The dummy device I19.I14.MP13<0>_turbo_m4 is removed. {"history": "Interactive.78", "point": 25, "testname": "TRAN_VDD_PULSE", "cornername": "CMOS_RES_CAP_TEMP_23"}
[2026-05-26 10:29:46.036 Z] [WARN] [cadence.virtuoso.ade.simulationMonitor] -     WARNING (SFE-3031): The floating capacitor I19.I12.C10<0>_turbo_m12.C1 is removed. {"history": "Interactive.78", "point": 25, "testname": "TRAN_VDD_PULSE", "cornername": "CMOS_RES_CAP_TEMP_23"}
[2026-05-26 10:29:46.036 Z] [WARN] [cadence.virtuoso.ade.simulationMonitor] -     WARNING (SFE-3014): The floating device I19.I2.MN37<0>_turbo_m4 is removed. {"history": "Interactive.78", "point": 25, "testname": "TRAN_VDD_PULSE", "cornername": "CMOS_RES_CAP_TEMP_23"}
[2026-05-26 10:29:46.037 Z] [WARN] [cadence.virtuoso.ade.simulationMonitor] -     WARNING (SFE-3012): The dummy device I19.I0.I5.MP12<0>_turbo_m2 is removed. {"history": "Interactive.78", "point": 25, "testname": "TRAN_VDD_PULSE", "cornername": "CMOS_RES_CAP_TEMP_23"}
[2026-05-26 10:29:46.037 Z] [WARN] [cadence.virtuoso.ade.simulationMonitor] -     WARNING (SFE-3014): The floating device I19.I0.MN13<0>_turbo_m4 is removed. {"history": "Interactive.78", "point": 25, "testname": "TRAN_VDD_PULSE", "cornername": "CMOS_RES_CAP_TEMP_23"}
[2026-05-26 10:29:46.037 Z] [WARN] [cadence.virtuoso.ade.simulationMonitor] -     WARNING (SFE-3012): The dummy device I19.I0.I3.MP13<0>_turbo_m4 is removed. {"history": "Interactive.78", "point": 25, "testname": "TRAN_VDD_PULSE", "cornername": "CMOS_RES_CAP_TEMP_23"}
[2026-05-26 10:29:46.037 Z] [WARN] [cadence.virtuoso.ade.simulationMonitor] -     WARNING (SFE-3031): The floating capacitor I19.I12.C6<0>_turbo_m3.C1 is removed. {"history": "Interactive.78", "point": 25, "testname": "TRAN_VDD_PULSE", "cornername": "CMOS_RES_CAP_TEMP_23"}
[2026-05-26 10:29:46.037 Z] [WARN] [cadence.virtuoso.ade.simulationMonitor] -     WARNING (SFE-3012): The dummy device I19.I0.MP11<0>_turbo_m4 is removed.
        Further occurrences of this warning will be suppressed. {"history": "Interactive.78", "point": 25, "testname": "TRAN_VDD_PULSE", "cornername": "CMOS_RES_CAP_TEMP_23"}
[2026-05-26 10:29:46.037 Z] [WARN] [cadence.virtuoso.ade.simulationMonitor] -     WARNING (SFE-3031): The floating capacitor I19.I11.C7<0>_turbo_m3.C1 is removed. {"history": "Interactive.78", "point": 25, "testname": "TRAN_VDD_PULSE", "cornername": "CMOS_RES_CAP_TEMP_23"}
[2026-05-26 10:29:46.037 Z] [WARN] [cadence.virtuoso.ade.simulationMonitor] -     WARNING (SFE-3014): The floating device I19.I12.MN57<0>_turbo_m28 is removed.
        Further occurrences of this warning will be suppressed. {"history": "Interactive.78", "point": 25, "testname": "TRAN_VDD_PULSE", "cornername": "CMOS_RES_CAP_TEMP_23"}
[2026-05-26 10:29:46.037 Z] [WARN] [cadence.virtuoso.ade.simulationMonitor] -     WARNING (SFE-3031): The floating capacitor I19.I11.C10<0>_turbo_m12.C1 is removed. {"history": "Interactive.78", "point": 25, "testname": "TRAN_VDD_PULSE", "cornername": "CMOS_RES_CAP_TEMP_23"}
[2026-05-26 10:29:46.037 Z] [WARN] [cadence.virtuoso.ade.simulationMonitor] -     WARNING (SFE-3031): The floating capacitor I19.I12.C7<0>_turbo_m3.C1 is removed.
        Further occurrences of this warning will be suppressed. {"history": "Interactive.78", "point": 25, "testname": "TRAN_VDD_PULSE", "cornername": "CMOS_RES_CAP_TEMP_23"}
[2026-05-26 10:29:46.037 Z] [INFO] [cadence.virtuoso.ade.simulationMonitor] - Peak resident memory used = 188 Mbytes. {"history": "Interactive.78", "point": 25, "testname": "TRAN_VDD_PULSE", "cornername": "CMOS_RES_CAP_TEMP_23"}
[2026-05-26 10:29:46.037 Z] [INFO] [cadence.virtuoso.ade.simulationMonitor] - Notice from spectre during hierarchy flattening.
    The value 'psf' specified for the 'checklimitdest' option will no longer be supported in future releases. Use 'spectre -h' to see other recommended values for the 'checklimitdest' option.
    I19.I0.R10.CS0 of rpolyhc: `c' has the unusually small value of 0 F.
    I19.I0.R10.CS1 of rpolyhc: `c' has the unusually small value of 0 F.
    I19.I0.R9.CS0 of rpolyhc: `c' has the unusually small value of 0 F.
    I19.I0.R9.CS1 of rpolyhc: `c' has the unusually ... {"history": "Interactive.78", "point": 25, "testname": "TRAN_VDD_PULSE", "cornername": "CMOS_RES_CAP_TEMP_23"}
[2026-05-26 10:29:46.038 Z] [INFO] [cadence.virtuoso.ade.simulationMonitor] - Notice from spectre during hierarchy flattening.
    V17: `period' has the unusually large value of 20 s.
    V17: `width' has the unusually large value of 19 s.
    V16: `period' has the unusually large value of 10 s.
    V16: `width' has the unusually large value of 9 s.
    V9: `period' has the unusually large value of 10 s.
        Further occurrences of this notice will be suppressed. {"history": "Interactive.78", "point": 25, "testname": "TRAN_VDD_PULSE", "cornername": "CMOS_RES_CAP_TEMP_23"}
[2026-05-26 10:29:46.038 Z] [INFO] [cadence.virtuoso.ade.simulationMonitor] - Peak resident memory used = 192 Mbytes. {"history": "Interactive.78", "point": 25, "testname": "TRAN_VDD_PULSE", "cornername": "CMOS_RES_CAP_TEMP_23"}
[2026-05-26 10:29:46.038 Z] [WARN] [cadence.virtuoso.ade.simulationMonitor] -     WARNING (CMI-2425): I19.I0.C2: `Acde' = 2.393 is unusually large. {"history": "Interactive.78", "point": 25, "testname": "TRAN_VDD_PULSE", "cornername": "CMOS_RES_CAP_TEMP_23"}
[2026-05-26 10:29:46.038 Z] [WARN] [cadence.virtuoso.ade.simulationMonitor] -     WARNING (CMI-2425): I19.I0.C2: `Noff' = 4.732 is unusually large. {"history": "Interactive.78", "point": 25, "testname": "TRAN_VDD_PULSE", "cornername": "CMOS_RES_CAP_TEMP_23"}
[2026-05-26 10:29:46.038 Z] [WARN] [cadence.virtuoso.ade.simulationMonitor] -     WARNING (CMI-2424): I19.I0.C2: `Voffcv' = -867.4e-03 is unusually small. {"history": "Interactive.78", "point": 25, "testname": "TRAN_VDD_PULSE", "cornername": "CMOS_RES_CAP_TEMP_23"}
[2026-05-26 10:29:46.038 Z] [WARN] [cadence.virtuoso.ade.simulationMonitor] -     WARNING (CMI-2425): I19.I0.C3: `Acde' = 2.393 is unusually large. {"history": "Interactive.78", "point": 25, "testname": "TRAN_VDD_PULSE", "cornername": "CMOS_RES_CAP_TEMP_23"}
[2026-05-26 10:29:46.038 Z] [WARN] [cadence.virtuoso.ade.simulationMonitor] -     WARNING (CMI-2425): I19.I0.C3: `Noff' = 4.732 is unusually large. {"history": "Interactive.78", "point": 25, "testname": "TRAN_VDD_PULSE", "cornername": "CMOS_RES_CAP_TEMP_23"}
[2026-05-26 10:29:46.038 Z] [WARN] [cadence.virtuoso.ade.simulationMonitor] -     WARNING (CMI-2424): I19.I0.C3: `Voffcv' = -867.4e-03 is unusually small. {"history": "Interactive.78", "point": 25, "testname": "TRAN_VDD_PULSE", "cornername": "CMOS_RES_CAP_TEMP_23"}
[2026-05-26 10:29:46.038 Z] [WARN] [cadence.virtuoso.ade.simulationMonitor] -     WARNING (CMI-2425): I19.I0.C0: `Acde' = 2.393 is unusually large.
        Further occurrences of this warning will be suppressed. {"history": "Interactive.78", "point": 25, "testname": "TRAN_VDD_PULSE", "cornername": "CMOS_RES_CAP_TEMP_23"}
[2026-05-26 10:29:46.038 Z] [WARN] [cadence.virtuoso.ade.simulationMonitor] -     WARNING (CMI-2424): I19.I0.C0: `Voffcv' = -867.4e-03 is unusually small. {"history": "Interactive.78", "point": 25, "testname": "TRAN_VDD_PULSE", "cornername": "CMOS_RES_CAP_TEMP_23"}
[2026-05-26 10:29:46.038 Z] [WARN] [cadence.virtuoso.ade.simulationMonitor] -     WARNING (CMI-2424): I19.I0.I3.C1: `Voffcv' = -867.4e-03 is unusually small. {"history": "Interactive.78", "point": 25, "testname": "TRAN_VDD_PULSE", "cornername": "CMOS_RES_CAP_TEMP_23"}
[2026-05-26 10:29:46.038 Z] [WARN] [cadence.virtuoso.ade.simulationMonitor] -     WARNING (CMI-2424): I19.I0.C1<0>_turbo_m5: `Voffcv' = -867.4e-03 is unusually small.
        Further occurrences of this warning will be suppressed. {"history": "Interactive.78", "point": 25, "testname": "TRAN_VDD_PULSE", "cornername": "CMOS_RES_CAP_TEMP_23"}
[2026-05-26 10:29:46.038 Z] [WARN] [cadence.virtuoso.ade.simulationMonitor] -     WARNING (SPECTRE-17607): Assert `SOAC_rpolyh_vminuspsub' is ignored because it contains an expression which is invalid or not supported by native evaluator.  {"history": "Interactive.78", "point": 25, "testname": "TRAN_VDD_PULSE", "cornername": "CMOS_RES_CAP_TEMP_23"}
[2026-05-26 10:29:46.039 Z] [WARN] [cadence.virtuoso.ade.simulationMonitor] -     WARNING (SPECTRE-17607): Assert `SOAC_rpolyh_vpluspsub' is ignored because it contains an expression which is invalid or not supported by native evaluator.  {"history": "Interactive.78", "point": 25, "testname": "TRAN_VDD_PULSE", "cornername": "CMOS_RES_CAP_TEMP_23"}
[2026-05-26 10:29:46.039 Z] [WARN] [cadence.virtuoso.ade.simulationMonitor] -     WARNING (SPECTRE-16460): SOAC_cvarm_vspsub:Specified subcircuit master `cvarm' was not found. {"history": "Interactive.78", "point": 25, "testname": "TRAN_VDD_PULSE", "cornername": "CMOS_RES_CAP_TEMP_23"}
[2026-05-26 10:29:46.039 Z] [WARN] [cadence.virtuoso.ade.simulationMonitor] -     WARNING (SPECTRE-16462): SOAC_cvarm_vspsub:Error in specification of subcircuit master. Assert is ignored. {"history": "Interactive.78", "point": 25, "testname": "TRAN_VDD_PULSE", "cornername": "CMOS_RES_CAP_TEMP_23"}
[2026-05-26 10:29:46.039 Z] [WARN] [cadence.virtuoso.ade.simulationMonitor] -     WARNING (SPECTRE-16460): SOAC_cvarm_vbs:Specified subcircuit master `cvarm' was not found. {"history": "Interactive.78", "point": 25, "testname": "TRAN_VDD_PULSE", "cornername": "CMOS_RES_CAP_TEMP_23"}
[2026-05-26 10:29:46.039 Z] [WARN] [cadence.virtuoso.ade.simulationMonitor] -     WARNING (SPECTRE-16462): SOAC_cvarm_vbs:Error in specification of subcircuit master. Assert is ignored. {"history": "Interactive.78", "point": 25, "testname": "TRAN_VDD_PULSE", "cornername": "CMOS_RES_CAP_TEMP_23"}
[2026-05-26 10:29:46.039 Z] [WARN] [cadence.virtuoso.ade.simulationMonitor] -     WARNING (SPECTRE-16460): SOAC_cvarm_vgb:Specified subcircuit master `cvarm' was not found. {"history": "Interactive.78", "point": 25, "testname": "TRAN_VDD_PULSE", "cornername": "CMOS_RES_CAP_TEMP_23"}
[2026-05-26 10:29:46.039 Z] [WARN] [cadence.virtuoso.ade.simulationMonitor] -     WARNING (SPECTRE-16462): SOAC_cvarm_vgb:Error in specification of subcircuit master. Assert is ignored. {"history": "Interactive.78", "point": 25, "testname": "TRAN_VDD_PULSE", "cornername": "CMOS_RES_CAP_TEMP_23"}
[2026-05-26 10:29:46.039 Z] [WARN] [cadence.virtuoso.ade.simulationMonitor] -     WARNING (SPECTRE-16460): SOAC_cvart_vspsub:Specified subcircuit master `cvart' was not found. {"history": "Interactive.78", "point": 25, "testname": "TRAN_VDD_PULSE", "cornername": "CMOS_RES_CAP_TEMP_23"}
[2026-05-26 10:29:46.039 Z] [WARN] [cadence.virtuoso.ade.simulationMonitor] -     WARNING (SPECTRE-16462): SOAC_cvart_vspsub:Error in specification of subcircuit master. Assert is ignored. {"history": "Interactive.78", "point": 25, "testname": "TRAN_VDD_PULSE", "cornername": "CMOS_RES_CAP_TEMP_23"}
[2026-05-26 10:29:46.039 Z] [WARN] [cadence.virtuoso.ade.simulationMonitor] -     WARNING (SPECTRE-16460): SOAC_cvart_vbs:Specified subcircuit master `cvart' was not found.
        Further occurrences of this warning will be suppressed. {"history": "Interactive.78", "point": 25, "testname": "TRAN_VDD_PULSE", "cornername": "CMOS_RES_CAP_TEMP_23"}
[2026-05-26 10:29:46.039 Z] [WARN] [cadence.virtuoso.ade.simulationMonitor] -     WARNING (SPECTRE-16462): SOAC_cvart_vbs:Error in specification of subcircuit master. Assert is ignored.
        Further occurrences of this warning will be suppressed. {"history": "Interactive.78", "point": 25, "testname": "TRAN_VDD_PULSE", "cornername": "CMOS_RES_CAP_TEMP_23"}
[2026-05-26 10:29:46.040 Z] [WARN] [cadence.virtuoso.ade.simulationMonitor] -     WARNING (SPECTRE-17607): Assert `SOAC_cvar_vspsub' is ignored because it contains an expression which is invalid or not supported by native evaluator.  {"history": "Interactive.78", "point": 25, "testname": "TRAN_VDD_PULSE", "cornername": "CMOS_RES_CAP_TEMP_23"}
[2026-05-26 10:29:46.040 Z] [WARN] [cadence.virtuoso.ade.simulationMonitor] -     WARNING (SPECTRE-17607): Assert `SOAC_cvar_vbpsub' is ignored because it contains an expression which is invalid or not supported by native evaluator.  {"history": "Interactive.78", "point": 25, "testname": "TRAN_VDD_PULSE", "cornername": "CMOS_RES_CAP_TEMP_23"}
[2026-05-26 10:29:46.040 Z] [WARN] [cadence.virtuoso.ade.simulationMonitor] -     WARNING (SPECTRE-17607): Assert `SOAC_cvar_vgpsub' is ignored because it contains an expression which is invalid or not supported by native evaluator. 
        Further occurrences of this warning will be suppressed. {"history": "Interactive.78", "point": 25, "testname": "TRAN_VDD_PULSE", "cornername": "CMOS_RES_CAP_TEMP_23"}
[2026-05-26 10:29:46.540 Z] [INFO] [cadence.virtuoso.ade.simulationMonitor] - Notice from spectre during topology check.
    No DC path from node `net19' to ground, Gmin installed to provide path. {"history": "Interactive.78", "point": 25, "testname": "TRAN_VDD_PULSE", "cornername": "CMOS_RES_CAP_TEMP_23"}
[2026-05-26 10:29:46.540 Z] [INFO] [cadence.virtuoso.ade.simulationMonitor] - Notice from spectre during initial setup.
    Multithreading is disabled due to the size of the design being too small. {"history": "Interactive.78", "point": 25, "testname": "TRAN_VDD_PULSE", "cornername": "CMOS_RES_CAP_TEMP_23"}
[2026-05-26 10:29:46.540 Z] [INFO] [cadence.virtuoso.ade.simulationMonitor] -               nodes 784 {"history": "Interactive.78", "point": 25, "testname": "TRAN_VDD_PULSE", "cornername": "CMOS_RES_CAP_TEMP_23"}
[2026-05-26 10:29:46.541 Z] [INFO] [cadence.virtuoso.ade.simulationMonitor] - Notice from spectre during initial setup.
    4 vsources are shorted because their absolute value is less than or equal to 'vabsshort'.
    Spectre X preset=mx enabled.
    18 notices suppressed.
    154 warnings suppressed. {"history": "Interactive.78", "point": 25, "testname": "TRAN_VDD_PULSE", "cornername": "CMOS_RES_CAP_TEMP_23"}
[2026-05-26 10:29:46.541 Z] [INFO] [cadence.virtuoso.ade.simulationMonitor] - Peak resident memory used = 212 Mbytes. {"history": "Interactive.78", "point": 25, "testname": "TRAN_VDD_PULSE", "cornername": "CMOS_RES_CAP_TEMP_23"}
[2026-05-26 10:29:46.541 Z] [INFO] [cadence.virtuoso.ade.simulationMonitor] -    -   (Spectre X) Multi-threading. The recommended number of threads is 1, consider adding +mt=1 on command line. {"history": "Interactive.78", "point": 25, "testname": "TRAN_VDD_PULSE", "cornername": "CMOS_RES_CAP_TEMP_23"}
[2026-05-26 10:29:46.541 Z] [INFO] [cadence.virtuoso.ade.simulationMonitor] - Notice from spectre during DC analysis `dcOp'.
    No checklimit analysis defined for asserts. A default checklimit analysis 'SpectreChecklimitAnal' has been created with all asserts enabled. {"history": "Interactive.78", "point": 25, "testname": "TRAN_VDD_PULSE", "cornername": "CMOS_RES_CAP_TEMP_23"}
[2026-05-26 10:29:46.541 Z] [INFO] [cadence.virtuoso.ade.simulationMonitor] - Notice from spectre during DC analysis `dcOp'.
    GminDC = 1 pS is large enough to noticeably affect the DC solution.
        dV(I19.I2.C1.s1) = 1.47451 mV
        Use the `gmin_check' option to eliminate or expand this report.
    Bad pivoting is found during DC analysis. Option dc_pivot_check=yes is recommended for possible improvement of convergence. {"history": "Interactive.78", "point": 25, "testname": "TRAN_VDD_PULSE", "cornername": "CMOS_RES_CAP_TEMP_23"}
[2026-05-26 10:29:46.541 Z] [WARN] [cadence.virtuoso.ade.simulationMonitor] -     WARNING (CMI-2943): Parameter checks have been ignored because the valid value for parameter 'trise' could not be found in 'C0'. {"history": "Interactive.78", "point": 25, "testname": "TRAN_VDD_PULSE", "cornername": "CMOS_RES_CAP_TEMP_23"}
[2026-05-26 10:29:46.541 Z] [WARN] [cadence.virtuoso.ade.simulationMonitor] -     WARNING (CMI-2943): Parameter checks have been ignored because the valid value for parameter 'trise' could not be found in 'C3'. {"history": "Interactive.78", "point": 25, "testname": "TRAN_VDD_PULSE", "cornername": "CMOS_RES_CAP_TEMP_23"}
[2026-05-26 10:29:46.541 Z] [WARN] [cadence.virtuoso.ade.simulationMonitor] -     WARNING (CMI-2943): Parameter checks have been ignored because the valid value for parameter 'trise' could not be found in 'C4'. {"history": "Interactive.78", "point": 25, "testname": "TRAN_VDD_PULSE", "cornername": "CMOS_RES_CAP_TEMP_23"}
[2026-05-26 10:29:46.541 Z] [WARN] [cadence.virtuoso.ade.simulationMonitor] -     WARNING (CMI-2943): Parameter checks have been ignored because the valid value for parameter 'trise' could not be found in 'C5'. {"history": "Interactive.78", "point": 25, "testname": "TRAN_VDD_PULSE", "cornername": "CMOS_RES_CAP_TEMP_23"}
[2026-05-26 10:29:46.541 Z] [WARN] [cadence.virtuoso.ade.simulationMonitor] -     WARNING (CMI-2943): Parameter checks have been ignored because the valid value for parameter 'trise' could not be found in 'I19.I4.C9<0>_turbo_m6.C1'.
        Further occurrences of this warning will be suppressed. {"history": "Interactive.78", "point": 25, "testname": "TRAN_VDD_PULSE", "cornername": "CMOS_RES_CAP_TEMP_23"}
[2026-05-26 10:29:46.541 Z] [INFO] [cadence.virtuoso.ade.simulationMonitor] - Total time required for dc analysis `dcOp': CPU = 59.686 ms, elapsed = 88.9301 ms, util. = 67.1%. {"history": "Interactive.78", "point": 25, "testname": "TRAN_VDD_PULSE", "cornername": "CMOS_RES_CAP_TEMP_23"}
[2026-05-26 10:29:46.541 Z] [INFO] [cadence.virtuoso.ade.simulationMonitor] - Peak resident memory used = 223 Mbytes. {"history": "Interactive.78", "point": 25, "testname": "TRAN_VDD_PULSE", "cornername": "CMOS_RES_CAP_TEMP_23"}
[2026-05-26 10:29:46.541 Z] [INFO] [cadence.virtuoso.ade.simulationMonitor] - Notice from spectre.
    246 warnings suppressed. {"history": "Interactive.78", "point": 25, "testname": "TRAN_VDD_PULSE", "cornername": "CMOS_RES_CAP_TEMP_23"}
[2026-05-26 10:29:46.541 Z] [INFO] [cadence.virtuoso.ade.simulationMonitor] - Notice from spectre during IC analysis, during transient analysis `tran'.
    GminDC = 1 pS is large enough to noticeably affect the DC solution.
        dV(I19.I2.C1.s1) = 1.47451 mV
        Use the `gmin_check' option to eliminate or expand this report. {"history": "Interactive.78", "point": 25, "testname": "TRAN_VDD_PULSE", "cornername": "CMOS_RES_CAP_TEMP_23"}
[2026-05-26 10:29:46.541 Z] [WARN] [cadence.virtuoso.ade.simulationMonitor] -     WARNING (CMI-2943): Parameter checks have been ignored because the valid value for parameter 'trise' could not be found in 'C0'. {"history": "Interactive.78", "point": 25, "testname": "TRAN_VDD_PULSE", "cornername": "CMOS_RES_CAP_TEMP_23"}
[2026-05-26 10:29:46.541 Z] [WARN] [cadence.virtuoso.ade.simulationMonitor] -     WARNING (CMI-2943): Parameter checks have been ignored because the valid value for parameter 'trise' could not be found in 'C3'. {"history": "Interactive.78", "point": 25, "testname": "TRAN_VDD_PULSE", "cornername": "CMOS_RES_CAP_TEMP_23"}
[2026-05-26 10:29:46.541 Z] [WARN] [cadence.virtuoso.ade.simulationMonitor] -     WARNING (CMI-2943): Parameter checks have been ignored because the valid value for parameter 'trise' could not be found in 'C4'. {"history": "Interactive.78", "point": 25, "testname": "TRAN_VDD_PULSE", "cornername": "CMOS_RES_CAP_TEMP_23"}
[2026-05-26 10:29:46.542 Z] [WARN] [cadence.virtuoso.ade.simulationMonitor] -     WARNING (CMI-2943): Parameter checks have been ignored because the valid value for parameter 'trise' could not be found in 'C5'. {"history": "Interactive.78", "point": 25, "testname": "TRAN_VDD_PULSE", "cornername": "CMOS_RES_CAP_TEMP_23"}
[2026-05-26 10:29:46.542 Z] [WARN] [cadence.virtuoso.ade.simulationMonitor] -     WARNING (CMI-2943): Parameter checks have been ignored because the valid value for parameter 'trise' could not be found in 'I19.I4.C9<0>_turbo_m6.C1'.
        Further occurrences of this warning will be suppressed. {"history": "Interactive.78", "point": 25, "testname": "TRAN_VDD_PULSE", "cornername": "CMOS_RES_CAP_TEMP_23"}
[2026-05-26 10:29:46.542 Z] [INFO] [cadence.virtuoso.ade.simulationMonitor] - Notice from spectre during transient analysis `tran'.
    Multithreading is disabled due to the size of the design being too small. {"history": "Interactive.78", "point": 25, "testname": "TRAN_VDD_PULSE", "cornername": "CMOS_RES_CAP_TEMP_23"}
[2026-05-26 10:31:17.063 Z] [INFO] [cadence.virtuoso.ade.simulationMonitor] - Total time required for tran analysis `tran': CPU = 90.371 s (1m  30.4s), elapsed = 90.7077 s (1m  30.7s), util. = 99.6%. {"history": "Interactive.78", "point": 25, "testname": "TRAN_VDD_PULSE", "cornername": "CMOS_RES_CAP_TEMP_23"}
[2026-05-26 10:31:17.063 Z] [INFO] [cadence.virtuoso.ade.simulationMonitor] - Peak resident memory used = 230 Mbytes. {"history": "Interactive.78", "point": 25, "testname": "TRAN_VDD_PULSE", "cornername": "CMOS_RES_CAP_TEMP_23"}
[2026-05-26 10:31:17.063 Z] [INFO] [cadence.virtuoso.ade.simulationMonitor] - Notice from spectre.
    246 warnings suppressed. {"history": "Interactive.78", "point": 25, "testname": "TRAN_VDD_PULSE", "cornername": "CMOS_RES_CAP_TEMP_23"}
[2026-05-26 10:31:17.563 Z] [WARN] [cadence.virtuoso.ade.simulationMonitor] -     WARNING (CMI-2425): I19.I2.C1: `Acde' = 2.393 is unusually large. {"history": "Interactive.78", "point": 25, "testname": "TRAN_VDD_PULSE", "cornername": "CMOS_RES_CAP_TEMP_23"}
[2026-05-26 10:31:17.564 Z] [WARN] [cadence.virtuoso.ade.simulationMonitor] -     WARNING (CMI-2425): I19.I2.C1: `Noff' = 4.732 is unusually large. {"history": "Interactive.78", "point": 25, "testname": "TRAN_VDD_PULSE", "cornername": "CMOS_RES_CAP_TEMP_23"}
[2026-05-26 10:31:17.564 Z] [WARN] [cadence.virtuoso.ade.simulationMonitor] -     WARNING (CMI-2424): I19.I2.C1: `Voffcv' = -867.4e-03 is unusually small. {"history": "Interactive.78", "point": 25, "testname": "TRAN_VDD_PULSE", "cornername": "CMOS_RES_CAP_TEMP_23"}
[2026-05-26 10:31:17.564 Z] [WARN] [cadence.virtuoso.ade.simulationMonitor] -     WARNING (CMI-2425): I19.I8.C0: `Acde' = 2.393 is unusually large. {"history": "Interactive.78", "point": 25, "testname": "TRAN_VDD_PULSE", "cornername": "CMOS_RES_CAP_TEMP_23"}
[2026-05-26 10:31:17.564 Z] [WARN] [cadence.virtuoso.ade.simulationMonitor] -     WARNING (CMI-2425): I19.I8.C0: `Noff' = 4.732 is unusually large. {"history": "Interactive.78", "point": 25, "testname": "TRAN_VDD_PULSE", "cornername": "CMOS_RES_CAP_TEMP_23"}
[2026-05-26 10:31:17.564 Z] [WARN] [cadence.virtuoso.ade.simulationMonitor] -     WARNING (CMI-2424): I19.I8.C0: `Voffcv' = -867.4e-03 is unusually small. {"history": "Interactive.78", "point": 25, "testname": "TRAN_VDD_PULSE", "cornername": "CMOS_RES_CAP_TEMP_23"}
[2026-05-26 10:31:17.564 Z] [WARN] [cadence.virtuoso.ade.simulationMonitor] -     WARNING (CMI-2425): I19.I8.C1: `Acde' = 2.393 is unusually large.
        Further occurrences of this warning will be suppressed. {"history": "Interactive.78", "point": 25, "testname": "TRAN_VDD_PULSE", "cornername": "CMOS_RES_CAP_TEMP_23"}
[2026-05-26 10:31:17.564 Z] [WARN] [cadence.virtuoso.ade.simulationMonitor] -     WARNING (CMI-2424): I19.I8.C1: `Voffcv' = -867.4e-03 is unusually small. {"history": "Interactive.78", "point": 25, "testname": "TRAN_VDD_PULSE", "cornername": "CMOS_RES_CAP_TEMP_23"}
[2026-05-26 10:31:17.564 Z] [WARN] [cadence.virtuoso.ade.simulationMonitor] -     WARNING (CMI-2424): I19.I14.C1: `Voffcv' = -867.4e-03 is unusually small. {"history": "Interactive.78", "point": 25, "testname": "TRAN_VDD_PULSE", "cornername": "CMOS_RES_CAP_TEMP_23"}
[2026-05-26 10:31:17.564 Z] [WARN] [cadence.virtuoso.ade.simulationMonitor] -     WARNING (CMI-2424): I19.I14.C4: `Voffcv' = -867.4e-03 is unusually small.
        Further occurrences of this warning will be suppressed. {"history": "Interactive.78", "point": 25, "testname": "TRAN_VDD_PULSE", "cornername": "CMOS_RES_CAP_TEMP_23"}
[2026-05-26 10:31:17.564 Z] [INFO] [cadence.virtuoso.ade.simulationMonitor] - Notice from spectre.
    56 warnings suppressed. {"history": "Interactive.78", "point": 25, "testname": "TRAN_VDD_PULSE", "cornername": "CMOS_RES_CAP_TEMP_23"}
[2026-05-26 10:31:17.565 Z] [WARN] [cadence.virtuoso.ade.simulationMonitor] -     WARNING (CMI-2425): I19.I2.C1: `Acde' = 2.393 is unusually large. {"history": "Interactive.78", "point": 25, "testname": "TRAN_VDD_PULSE", "cornername": "CMOS_RES_CAP_TEMP_23"}
[2026-05-26 10:31:17.565 Z] [WARN] [cadence.virtuoso.ade.simulationMonitor] -     WARNING (CMI-2425): I19.I2.C1: `Noff' = 4.732 is unusually large. {"history": "Interactive.78", "point": 25, "testname": "TRAN_VDD_PULSE", "cornername": "CMOS_RES_CAP_TEMP_23"}
[2026-05-26 10:31:17.565 Z] [WARN] [cadence.virtuoso.ade.simulationMonitor] -     WARNING (CMI-2424): I19.I2.C1: `Voffcv' = -867.4e-03 is unusually small. {"history": "Interactive.78", "point": 25, "testname": "TRAN_VDD_PULSE", "cornername": "CMOS_RES_CAP_TEMP_23"}
[2026-05-26 10:31:17.565 Z] [WARN] [cadence.virtuoso.ade.simulationMonitor] -     WARNING (CMI-2425): I19.I8.C0: `Acde' = 2.393 is unusually large. {"history": "Interactive.78", "point": 25, "testname": "TRAN_VDD_PULSE", "cornername": "CMOS_RES_CAP_TEMP_23"}
[2026-05-26 10:31:17.565 Z] [WARN] [cadence.virtuoso.ade.simulationMonitor] -     WARNING (CMI-2425): I19.I8.C0: `Noff' = 4.732 is unusually large. {"history": "Interactive.78", "point": 25, "testname": "TRAN_VDD_PULSE", "cornername": "CMOS_RES_CAP_TEMP_23"}
[2026-05-26 10:31:17.565 Z] [WARN] [cadence.virtuoso.ade.simulationMonitor] -     WARNING (CMI-2424): I19.I8.C0: `Voffcv' = -867.4e-03 is unusually small. {"history": "Interactive.78", "point": 25, "testname": "TRAN_VDD_PULSE", "cornername": "CMOS_RES_CAP_TEMP_23"}
[2026-05-26 10:31:17.565 Z] [WARN] [cadence.virtuoso.ade.simulationMonitor] -     WARNING (CMI-2425): I19.I8.C1: `Acde' = 2.393 is unusually large.
        Further occurrences of this warning will be suppressed. {"history": "Interactive.78", "point": 25, "testname": "TRAN_VDD_PULSE", "cornername": "CMOS_RES_CAP_TEMP_23"}
[2026-05-26 10:31:17.565 Z] [WARN] [cadence.virtuoso.ade.simulationMonitor] -     WARNING (CMI-2424): I19.I8.C1: `Voffcv' = -867.4e-03 is unusually small. {"history": "Interactive.78", "point": 25, "testname": "TRAN_VDD_PULSE", "cornername": "CMOS_RES_CAP_TEMP_23"}
[2026-05-26 10:31:17.565 Z] [WARN] [cadence.virtuoso.ade.simulationMonitor] -     WARNING (CMI-2424): I19.I14.C1: `Voffcv' = -867.4e-03 is unusually small. {"history": "Interactive.78", "point": 25, "testname": "TRAN_VDD_PULSE", "cornername": "CMOS_RES_CAP_TEMP_23"}
[2026-05-26 10:31:17.565 Z] [WARN] [cadence.virtuoso.ade.simulationMonitor] -     WARNING (CMI-2424): I19.I14.C4: `Voffcv' = -867.4e-03 is unusually small.
        Further occurrences of this warning will be suppressed. {"history": "Interactive.78", "point": 25, "testname": "TRAN_VDD_PULSE", "cornername": "CMOS_RES_CAP_TEMP_23"}
[2026-05-26 10:31:17.565 Z] [INFO] [cadence.virtuoso.ade.simulationMonitor] - Notice from spectre.
    59 warnings suppressed. {"history": "Interactive.78", "point": 25, "testname": "TRAN_VDD_PULSE", "cornername": "CMOS_RES_CAP_TEMP_23"}
[2026-05-26 10:31:17.565 Z] [WARN] [cadence.virtuoso.ade.simulationMonitor] -     WARNING (CMI-2425): I19.I2.C1: `Acde' = 2.393 is unusually large. {"history": "Interactive.78", "point": 25, "testname": "TRAN_VDD_PULSE", "cornername": "CMOS_RES_CAP_TEMP_23"}
[2026-05-26 10:31:17.566 Z] [WARN] [cadence.virtuoso.ade.simulationMonitor] -     WARNING (CMI-2425): I19.I2.C1: `Noff' = 4.732 is unusually large. {"history": "Interactive.78", "point": 25, "testname": "TRAN_VDD_PULSE", "cornername": "CMOS_RES_CAP_TEMP_23"}
[2026-05-26 10:31:17.566 Z] [WARN] [cadence.virtuoso.ade.simulationMonitor] -     WARNING (CMI-2424): I19.I2.C1: `Voffcv' = -867.4e-03 is unusually small. {"history": "Interactive.78", "point": 25, "testname": "TRAN_VDD_PULSE", "cornername": "CMOS_RES_CAP_TEMP_23"}
[2026-05-26 10:31:17.566 Z] [WARN] [cadence.virtuoso.ade.simulationMonitor] -     WARNING (CMI-2425): I19.I8.C0: `Acde' = 2.393 is unusually large. {"history": "Interactive.78", "point": 25, "testname": "TRAN_VDD_PULSE", "cornername": "CMOS_RES_CAP_TEMP_23"}
[2026-05-26 10:31:17.566 Z] [WARN] [cadence.virtuoso.ade.simulationMonitor] -     WARNING (CMI-2425): I19.I8.C0: `Noff' = 4.732 is unusually large. {"history": "Interactive.78", "point": 25, "testname": "TRAN_VDD_PULSE", "cornername": "CMOS_RES_CAP_TEMP_23"}
[2026-05-26 10:31:17.566 Z] [WARN] [cadence.virtuoso.ade.simulationMonitor] -     WARNING (CMI-2424): I19.I8.C0: `Voffcv' = -867.4e-03 is unusually small. {"history": "Interactive.78", "point": 25, "testname": "TRAN_VDD_PULSE", "cornername": "CMOS_RES_CAP_TEMP_23"}
[2026-05-26 10:31:17.566 Z] [WARN] [cadence.virtuoso.ade.simulationMonitor] -     WARNING (CMI-2425): I19.I8.C1: `Acde' = 2.393 is unusually large.
        Further occurrences of this warning will be suppressed. {"history": "Interactive.78", "point": 25, "testname": "TRAN_VDD_PULSE", "cornername": "CMOS_RES_CAP_TEMP_23"}
[2026-05-26 10:31:17.566 Z] [WARN] [cadence.virtuoso.ade.simulationMonitor] -     WARNING (CMI-2424): I19.I8.C1: `Voffcv' = -867.4e-03 is unusually small. {"history": "Interactive.78", "point": 25, "testname": "TRAN_VDD_PULSE", "cornername": "CMOS_RES_CAP_TEMP_23"}
[2026-05-26 10:31:17.566 Z] [WARN] [cadence.virtuoso.ade.simulationMonitor] -     WARNING (CMI-2424): I19.I14.C1: `Voffcv' = -867.4e-03 is unusually small. {"history": "Interactive.78", "point": 25, "testname": "TRAN_VDD_PULSE", "cornername": "CMOS_RES_CAP_TEMP_23"}
[2026-05-26 10:31:17.566 Z] [WARN] [cadence.virtuoso.ade.simulationMonitor] -     WARNING (CMI-2424): I19.I14.C4: `Voffcv' = -867.4e-03 is unusually small.
        Further occurrences of this warning will be suppressed. {"history": "Interactive.78", "point": 25, "testname": "TRAN_VDD_PULSE", "cornername": "CMOS_RES_CAP_TEMP_23"}
[2026-05-26 10:31:17.566 Z] [INFO] [cadence.virtuoso.ade.simulationMonitor] - Notice from spectre.
    56 warnings suppressed. {"history": "Interactive.78", "point": 25, "testname": "TRAN_VDD_PULSE", "cornername": "CMOS_RES_CAP_TEMP_23"}
[2026-05-26 10:31:17.566 Z] [WARN] [cadence.virtuoso.ade.simulationMonitor] -     WARNING (CMI-2425): I19.I2.C1: `Acde' = 2.393 is unusually large. {"history": "Interactive.78", "point": 25, "testname": "TRAN_VDD_PULSE", "cornername": "CMOS_RES_CAP_TEMP_23"}
[2026-05-26 10:31:17.566 Z] [WARN] [cadence.virtuoso.ade.simulationMonitor] -     WARNING (CMI-2425): I19.I2.C1: `Noff' = 4.732 is unusually large. {"history": "Interactive.78", "point": 25, "testname": "TRAN_VDD_PULSE", "cornername": "CMOS_RES_CAP_TEMP_23"}
[2026-05-26 10:31:17.566 Z] [WARN] [cadence.virtuoso.ade.simulationMonitor] -     WARNING (CMI-2424): I19.I2.C1: `Voffcv' = -867.4e-03 is unusually small. {"history": "Interactive.78", "point": 25, "testname": "TRAN_VDD_PULSE", "cornername": "CMOS_RES_CAP_TEMP_23"}
[2026-05-26 10:31:17.567 Z] [WARN] [cadence.virtuoso.ade.simulationMonitor] -     WARNING (CMI-2425): I19.I8.C0: `Acde' = 2.393 is unusually large. {"history": "Interactive.78", "point": 25, "testname": "TRAN_VDD_PULSE", "cornername": "CMOS_RES_CAP_TEMP_23"}
[2026-05-26 10:31:17.567 Z] [WARN] [cadence.virtuoso.ade.simulationMonitor] -     WARNING (CMI-2425): I19.I8.C0: `Noff' = 4.732 is unusually large. {"history": "Interactive.78", "point": 25, "testname": "TRAN_VDD_PULSE", "cornername": "CMOS_RES_CAP_TEMP_23"}
[2026-05-26 10:31:17.567 Z] [WARN] [cadence.virtuoso.ade.simulationMonitor] -     WARNING (CMI-2424): I19.I8.C0: `Voffcv' = -867.4e-03 is unusually small. {"history": "Interactive.78", "point": 25, "testname": "TRAN_VDD_PULSE", "cornername": "CMOS_RES_CAP_TEMP_23"}
[2026-05-26 10:31:17.567 Z] [WARN] [cadence.virtuoso.ade.simulationMonitor] -     WARNING (CMI-2425): I19.I8.C1: `Acde' = 2.393 is unusually large.
        Further occurrences of this warning will be suppressed. {"history": "Interactive.78", "point": 25, "testname": "TRAN_VDD_PULSE", "cornername": "CMOS_RES_CAP_TEMP_23"}
[2026-05-26 10:31:17.567 Z] [WARN] [cadence.virtuoso.ade.simulationMonitor] -     WARNING (CMI-2424): I19.I8.C1: `Voffcv' = -867.4e-03 is unusually small. {"history": "Interactive.78", "point": 25, "testname": "TRAN_VDD_PULSE", "cornername": "CMOS_RES_CAP_TEMP_23"}
[2026-05-26 10:31:17.567 Z] [WARN] [cadence.virtuoso.ade.simulationMonitor] -     WARNING (CMI-2424): I19.I14.C1: `Voffcv' = -867.4e-03 is unusually small. {"history": "Interactive.78", "point": 25, "testname": "TRAN_VDD_PULSE", "cornername": "CMOS_RES_CAP_TEMP_23"}
[2026-05-26 10:31:17.567 Z] [WARN] [cadence.virtuoso.ade.simulationMonitor] -     WARNING (CMI-2424): I19.I14.C4: `Voffcv' = -867.4e-03 is unusually small.
        Further occurrences of this warning will be suppressed. {"history": "Interactive.78", "point": 25, "testname": "TRAN_VDD_PULSE", "cornername": "CMOS_RES_CAP_TEMP_23"}
[2026-05-26 10:31:17.567 Z] [INFO] [cadence.virtuoso.ade.simulationMonitor] - Notice from spectre.
    56 warnings suppressed. {"history": "Interactive.78", "point": 25, "testname": "TRAN_VDD_PULSE", "cornername": "CMOS_RES_CAP_TEMP_23"}
[2026-05-26 10:31:17.567 Z] [INFO] [cadence.virtuoso.ade.simulationMonitor] - Time used: CPU = 90.8 s (1m  30.8s), elapsed = 91.4 s (1m  31.4s), util. = 99.3%. {"history": "Interactive.78", "point": 25, "testname": "TRAN_VDD_PULSE", "cornername": "CMOS_RES_CAP_TEMP_23"}
[2026-05-26 10:31:17.567 Z] [INFO] [cadence.virtuoso.ade.simulationMonitor] - Time spent in licensing: elapsed = 39.6 ms. {"history": "Interactive.78", "point": 25, "testname": "TRAN_VDD_PULSE", "cornername": "CMOS_RES_CAP_TEMP_23"}
[2026-05-26 10:31:17.567 Z] [INFO] [cadence.virtuoso.ade.simulationMonitor] - Peak memory used = 231 Mbytes. {"history": "Interactive.78", "point": 25, "testname": "TRAN_VDD_PULSE", "cornername": "CMOS_RES_CAP_TEMP_23"}
[2026-05-26 10:31:17.567 Z] [PROCESS] [cadence.virtuoso.ade.simulationMonitor] - Simulation started at: 10:29:45 AM, Tue May 26, 2026, ended at: 10:31:17 AM, Tue May 26, 2026, with elapsed time (wall clock): 91.4 s (1m  31.4s). {"history": "Interactive.78", "point": 25, "testname": "TRAN_VDD_PULSE", "cornername": "CMOS_RES_CAP_TEMP_23"}
[2026-05-26 10:31:17.568 Z] [PROCESS] [cadence.virtuoso.ade.simulationMonitor] - spectre completes with 0 errors, 96 warnings, and 32 notices. {"history": "Interactive.78", "point": 25, "testname": "TRAN_VDD_PULSE", "cornername": "CMOS_RES_CAP_TEMP_23"}
[2026-05-26 10:31:17.568 Z] [PROCESS] [cadence.virtuoso.ade.simulationMonitor] - Finished simulating for one point {"hostname": "edatools", "processid": 259513, "history": "Interactive.78", "testname": "TRAN_VDD_PULSE", "cornername": "CMOS_RES_CAP_TEMP_23", "point": 25, "logfile": "/home/saul/projects/IL2244_VT26_SAUL/logs_saul/logs0/Job53.log", "simid": "5"}
[2026-05-26 10:31:17.568 Z] [PROCESS] [cadence.virtuoso.ade.simulationMonitor] - Simulator exited {"hostname": "edatools", "processid": 259513, "history": "Interactive.78", "testname": "TRAN_VDD_PULSE", "cornername": "CMOS_RES_CAP_TEMP_23", "point": 25, "logfile": "/home/saul/projects/IL2244_VT26_SAUL/logs_saul/logs0/Job53.log", "exitStatus": "0"}
[2026-05-26 10:31:17.568 Z] [PROCESS] [cadence.virtuoso.ade.simulationMonitor] - Finished Simulation {"hostname": "edatools", "processid": 259513, "history": "Interactive.78", "testname": "TRAN_VDD_PULSE", "cornername": "CMOS_RES_CAP_TEMP_23", "point": 25, "logfile": "/home/saul/projects/IL2244_VT26_SAUL/logs_saul/logs0/Job53.log", "simid": "5"}
[2026-05-26 10:31:19.073 Z] [PROCESS] [cadence.virtuoso.ade.simulationMonitor] - Point Finished {"hostname": "edatools", "processid": 259513, "history": "Interactive.78", "testname": "TRAN_VDD_PULSE", "cornername": "CMOS_RES_CAP_TEMP_23", "point": 25, "logfile": "/home/saul/projects/IL2244_VT26_SAUL/logs_saul/logs0/Job53.log"}
[2026-05-26 10:31:19.076 Z] [PROCESS] [cadence.virtuoso.ade.simulationMonitor] - HostInfo:
Host name (type):	edatools (x86_64)
Operating system:	Linux 6.17.0-29-generic #29~24.04.1-Ubuntu SMP PREEMPT_DYNAMIC Mon May 11 10:30:58 UTC 2 {"hostname": "edatools", "processid": 259513, "history": "Interactive.78", "testname": "TRAN_VDD_PULSE", "cornername": "CMOS_RES_CAP_TEMP_23", "point": 25, "logfile": "/home/saul/projects/IL2244_VT26_SAUL/logs_saul/logs0/Job53.log", "nodename": "edatools", "domainname": "(none)", "machine": "x86_64", "sysname": "Linux", "release": "6.17.0-29-generic", "version": "#29~24.04.1-Ubuntu SMP PREEMPT_DYNAMIC Mon May 11 10:30:58 UTC 2"}
[2026-05-26 10:31:19.076 Z] [PROCESS] [cadence.virtuoso.ade.simulationMonitor] - UsageInfo:
pid=259513
totalPhysicalMemory=62.544987GB,Used=45.297756GB,totalVirtualMemory=70.544983GB,Used=45.297756GB
Cpu: Cores=16, Load average:6.070000,5.090000,2.810000 {"hostname": "edatools", "processid": 259513, "history": "Interactive.78", "testname": "TRAN_VDD_PULSE", "cornername": "CMOS_RES_CAP_TEMP_23", "point": 25, "logfile": "/home/saul/projects/IL2244_VT26_SAUL/logs_saul/logs0/Job53.log", "pid": "259513", "totalPhysicalMemory": "62.544987", "physicalMemoryUsed": "45.297756", "totalVirtualMemory": "70.544983", "virtualMemoryUsed": "45.297756", "cpuCores": "16", "processes": "1879", "loadAverage1": "6.070000", "loadAverage5": "5.090000", "loadAverage15": "2.810000", "loadAverage1Percent": "0.379375"}
[2026-05-26 10:31:19.076 Z] [EVENT] [cadence.virtuoso.ade.simulationMonitor] - NewPoint {"history": "Interactive.78", "point": 31, "testname": "TRAN_VDD_PULSE", "cornername": "CMOS_RES_CAP_TEMP_29", "event": "NewPoint", "EventSource": "Simulation Monitor", "HistoryName": "Interactive.78", "logFile": "/home/saul/projects/IL2244_VT26_SAUL/logs_saul/logs0/Job53.log", "logFileSize": "211921"}
[2026-05-26 10:31:19.177 Z] [EVENT] [cadence.virtuoso.ade.simulationMonitor] - NewPoint {"history": "Interactive.78", "point": 31, "testname": "TRAN_VDD_PULSE", "cornername": "CMOS_RES_CAP_TEMP_29", "event": "NewPoint", "EventSource": "spectre", "HistoryName": "Interactive.78", "logFile": "/home/saul/projects/IL2244_VT26_SAUL/Sim/FECG/fecg_front_end_tran_tb/maestro/results/maestro/Interactive.78/31/TRAN_VDD_PULSE/psf/spectre.out", "logFileSize": "-1"}
[2026-05-26 10:31:19.181 Z] [PROCESS] [cadence.virtuoso.ade.simulationMonitor] - Simulator launched {"hostname": "edatools", "processid": 259513, "history": "Interactive.78", "testname": "TRAN_VDD_PULSE", "cornername": "CMOS_RES_CAP_TEMP_29", "point": 31, "logfile": "/home/saul/projects/IL2244_VT26_SAUL/logs_saul/logs0/Job53.log", "simid": "6"}
[2026-05-26 10:31:19.194 Z] [PROCESS] [cadence.virtuoso.ade.simulationMonitor] - Started Simulation {"hostname": "edatools", "processid": 259513, "history": "Interactive.78", "testname": "TRAN_VDD_PULSE", "cornername": "CMOS_RES_CAP_TEMP_29", "point": 31, "logfile": "/home/saul/projects/IL2244_VT26_SAUL/logs_saul/logs0/Job53.log", "event": "started", "task": "simulation"}
[2026-05-26 10:31:19.694 Z] [INFO] [cadence.virtuoso.ade.simulationMonitor] - Notice from spectre during circuit read-in.
    Pre_Configuration file used: /opt/tools/cadence/installs/SPECTRE241/tools.lnx86/spectre/etc/configs/preset.precfg
    Configuration file used: `/opt/tools/cadence/installs/SPECTRE241/tools.lnx86/spectre/etc/configs/preset.cfg'. {"history": "Interactive.78", "point": 31, "testname": "TRAN_VDD_PULSE", "cornername": "CMOS_RES_CAP_TEMP_29"}
[2026-05-26 10:31:19.694 Z] [WARN] [cadence.virtuoso.ade.simulationMonitor] -     WARNING (SPECTRE-8360): line 1511: `ac' is an undefined primitive device. {"history": "Interactive.78", "point": 31, "testname": "TRAN_VDD_PULSE", "cornername": "CMOS_RES_CAP_TEMP_29"}
[2026-05-26 10:31:19.694 Z] [WARN] [cadence.virtuoso.ade.simulationMonitor] -     WARNING (SPECTRE-8360): line 1512: `ac' is an undefined primitive device. {"history": "Interactive.78", "point": 31, "testname": "TRAN_VDD_PULSE", "cornername": "CMOS_RES_CAP_TEMP_29"}
[2026-05-26 10:31:19.694 Z] [WARN] [cadence.virtuoso.ade.simulationMonitor] -     WARNING (SPECTRE-8360): line 1513: `ac' is an undefined primitive device. {"history": "Interactive.78", "point": 31, "testname": "TRAN_VDD_PULSE", "cornername": "CMOS_RES_CAP_TEMP_29"}
[2026-05-26 10:31:19.694 Z] [WARN] [cadence.virtuoso.ade.simulationMonitor] -     WARNING (SPECTRE-8360): line 1514: `ac' is an undefined primitive device. {"history": "Interactive.78", "point": 31, "testname": "TRAN_VDD_PULSE", "cornername": "CMOS_RES_CAP_TEMP_29"}
[2026-05-26 10:31:19.695 Z] [WARN] [cadence.virtuoso.ade.simulationMonitor] -     WARNING (SPECTRE-8360): line 1515: `ac' is an undefined primitive device.
        Further occurrences of this warning will be suppressed. {"history": "Interactive.78", "point": 31, "testname": "TRAN_VDD_PULSE", "cornername": "CMOS_RES_CAP_TEMP_29"}
[2026-05-26 10:31:19.695 Z] [INFO] [cadence.virtuoso.ade.simulationMonitor] - Peak resident memory used = 173 Mbytes. {"history": "Interactive.78", "point": 31, "testname": "TRAN_VDD_PULSE", "cornername": "CMOS_RES_CAP_TEMP_29"}
[2026-05-26 10:31:19.695 Z] [WARN] [cadence.virtuoso.ade.simulationMonitor] -     WARNING (VACOMP-2435): The environment variable CDS_AHDLCMI_ENABLE is no longer supported. Therefore, the simulator will use the default compiled C code flow. {"history": "Interactive.78", "point": 31, "testname": "TRAN_VDD_PULSE", "cornername": "CMOS_RES_CAP_TEMP_29"}
[2026-05-26 10:31:19.695 Z] [WARN] [cadence.virtuoso.ade.simulationMonitor] -     WARNING (SFE-3014): The floating device I19.I0.I5.MN14<0>_turbo_m4 is removed. {"history": "Interactive.78", "point": 31, "testname": "TRAN_VDD_PULSE", "cornername": "CMOS_RES_CAP_TEMP_29"}
[2026-05-26 10:31:19.695 Z] [WARN] [cadence.virtuoso.ade.simulationMonitor] -     WARNING (SFE-3012): The dummy device I19.I4.MP16<0>_turbo_m41 is removed. {"history": "Interactive.78", "point": 31, "testname": "TRAN_VDD_PULSE", "cornername": "CMOS_RES_CAP_TEMP_29"}
[2026-05-26 10:31:19.695 Z] [WARN] [cadence.virtuoso.ade.simulationMonitor] -     WARNING (SFE-3014): The floating device I19.I8.MN57<0>_turbo_m28 is removed. {"history": "Interactive.78", "point": 31, "testname": "TRAN_VDD_PULSE", "cornername": "CMOS_RES_CAP_TEMP_29"}
[2026-05-26 10:31:19.695 Z] [WARN] [cadence.virtuoso.ade.simulationMonitor] -     WARNING (SFE-3012): The dummy device I19.I14.MP13<0>_turbo_m4 is removed. {"history": "Interactive.78", "point": 31, "testname": "TRAN_VDD_PULSE", "cornername": "CMOS_RES_CAP_TEMP_29"}
[2026-05-26 10:31:19.695 Z] [WARN] [cadence.virtuoso.ade.simulationMonitor] -     WARNING (SFE-3031): The floating capacitor I19.I12.C10<0>_turbo_m12.C1 is removed. {"history": "Interactive.78", "point": 31, "testname": "TRAN_VDD_PULSE", "cornername": "CMOS_RES_CAP_TEMP_29"}
[2026-05-26 10:31:19.695 Z] [WARN] [cadence.virtuoso.ade.simulationMonitor] -     WARNING (SFE-3014): The floating device I19.I2.MN37<0>_turbo_m4 is removed. {"history": "Interactive.78", "point": 31, "testname": "TRAN_VDD_PULSE", "cornername": "CMOS_RES_CAP_TEMP_29"}
[2026-05-26 10:31:19.695 Z] [WARN] [cadence.virtuoso.ade.simulationMonitor] -     WARNING (SFE-3012): The dummy device I19.I0.I5.MP12<0>_turbo_m2 is removed. {"history": "Interactive.78", "point": 31, "testname": "TRAN_VDD_PULSE", "cornername": "CMOS_RES_CAP_TEMP_29"}
[2026-05-26 10:31:19.695 Z] [WARN] [cadence.virtuoso.ade.simulationMonitor] -     WARNING (SFE-3014): The floating device I19.I0.MN13<0>_turbo_m4 is removed. {"history": "Interactive.78", "point": 31, "testname": "TRAN_VDD_PULSE", "cornername": "CMOS_RES_CAP_TEMP_29"}
[2026-05-26 10:31:19.695 Z] [WARN] [cadence.virtuoso.ade.simulationMonitor] -     WARNING (SFE-3012): The dummy device I19.I0.I3.MP13<0>_turbo_m4 is removed. {"history": "Interactive.78", "point": 31, "testname": "TRAN_VDD_PULSE", "cornername": "CMOS_RES_CAP_TEMP_29"}
[2026-05-26 10:31:19.695 Z] [WARN] [cadence.virtuoso.ade.simulationMonitor] -     WARNING (SFE-3031): The floating capacitor I19.I12.C6<0>_turbo_m3.C1 is removed. {"history": "Interactive.78", "point": 31, "testname": "TRAN_VDD_PULSE", "cornername": "CMOS_RES_CAP_TEMP_29"}
[2026-05-26 10:31:19.696 Z] [WARN] [cadence.virtuoso.ade.simulationMonitor] -     WARNING (SFE-3012): The dummy device I19.I0.MP11<0>_turbo_m4 is removed.
        Further occurrences of this warning will be suppressed. {"history": "Interactive.78", "point": 31, "testname": "TRAN_VDD_PULSE", "cornername": "CMOS_RES_CAP_TEMP_29"}
[2026-05-26 10:31:19.696 Z] [WARN] [cadence.virtuoso.ade.simulationMonitor] -     WARNING (SFE-3031): The floating capacitor I19.I11.C7<0>_turbo_m3.C1 is removed. {"history": "Interactive.78", "point": 31, "testname": "TRAN_VDD_PULSE", "cornername": "CMOS_RES_CAP_TEMP_29"}
[2026-05-26 10:31:19.696 Z] [WARN] [cadence.virtuoso.ade.simulationMonitor] -     WARNING (SFE-3014): The floating device I19.I12.MN57<0>_turbo_m28 is removed.
        Further occurrences of this warning will be suppressed. {"history": "Interactive.78", "point": 31, "testname": "TRAN_VDD_PULSE", "cornername": "CMOS_RES_CAP_TEMP_29"}
[2026-05-26 10:31:19.696 Z] [WARN] [cadence.virtuoso.ade.simulationMonitor] -     WARNING (SFE-3031): The floating capacitor I19.I11.C10<0>_turbo_m12.C1 is removed. {"history": "Interactive.78", "point": 31, "testname": "TRAN_VDD_PULSE", "cornername": "CMOS_RES_CAP_TEMP_29"}
[2026-05-26 10:31:19.696 Z] [WARN] [cadence.virtuoso.ade.simulationMonitor] -     WARNING (SFE-3031): The floating capacitor I19.I12.C7<0>_turbo_m3.C1 is removed.
        Further occurrences of this warning will be suppressed. {"history": "Interactive.78", "point": 31, "testname": "TRAN_VDD_PULSE", "cornername": "CMOS_RES_CAP_TEMP_29"}
[2026-05-26 10:31:19.696 Z] [INFO] [cadence.virtuoso.ade.simulationMonitor] - Peak resident memory used = 188 Mbytes. {"history": "Interactive.78", "point": 31, "testname": "TRAN_VDD_PULSE", "cornername": "CMOS_RES_CAP_TEMP_29"}
[2026-05-26 10:31:19.696 Z] [INFO] [cadence.virtuoso.ade.simulationMonitor] - Notice from spectre during hierarchy flattening.
    The value 'psf' specified for the 'checklimitdest' option will no longer be supported in future releases. Use 'spectre -h' to see other recommended values for the 'checklimitdest' option.
    I19.I0.R10.CS0 of rpolyhc: `c' has the unusually small value of 0 F.
    I19.I0.R10.CS1 of rpolyhc: `c' has the unusually small value of 0 F.
    I19.I0.R9.CS0 of rpolyhc: `c' has the unusually small value of 0 F.
    I19.I0.R9.CS1 of rpolyhc: `c' has the unusually ... {"history": "Interactive.78", "point": 31, "testname": "TRAN_VDD_PULSE", "cornername": "CMOS_RES_CAP_TEMP_29"}
[2026-05-26 10:31:19.696 Z] [INFO] [cadence.virtuoso.ade.simulationMonitor] - Notice from spectre during hierarchy flattening.
    V17: `period' has the unusually large value of 20 s.
    V17: `width' has the unusually large value of 19 s.
    V16: `period' has the unusually large value of 10 s.
    V16: `width' has the unusually large value of 9 s.
    V9: `period' has the unusually large value of 10 s.
        Further occurrences of this notice will be suppressed. {"history": "Interactive.78", "point": 31, "testname": "TRAN_VDD_PULSE", "cornername": "CMOS_RES_CAP_TEMP_29"}
[2026-05-26 10:31:19.696 Z] [INFO] [cadence.virtuoso.ade.simulationMonitor] - Peak resident memory used = 192 Mbytes. {"history": "Interactive.78", "point": 31, "testname": "TRAN_VDD_PULSE", "cornername": "CMOS_RES_CAP_TEMP_29"}
[2026-05-26 10:31:19.696 Z] [WARN] [cadence.virtuoso.ade.simulationMonitor] -     WARNING (CMI-2425): I19.I0.C2: `Acde' = 2.393 is unusually large. {"history": "Interactive.78", "point": 31, "testname": "TRAN_VDD_PULSE", "cornername": "CMOS_RES_CAP_TEMP_29"}
[2026-05-26 10:31:19.696 Z] [WARN] [cadence.virtuoso.ade.simulationMonitor] -     WARNING (CMI-2425): I19.I0.C2: `Noff' = 4.732 is unusually large. {"history": "Interactive.78", "point": 31, "testname": "TRAN_VDD_PULSE", "cornername": "CMOS_RES_CAP_TEMP_29"}
[2026-05-26 10:31:19.696 Z] [WARN] [cadence.virtuoso.ade.simulationMonitor] -     WARNING (CMI-2424): I19.I0.C2: `Voffcv' = -867.4e-03 is unusually small. {"history": "Interactive.78", "point": 31, "testname": "TRAN_VDD_PULSE", "cornername": "CMOS_RES_CAP_TEMP_29"}
[2026-05-26 10:31:19.696 Z] [WARN] [cadence.virtuoso.ade.simulationMonitor] -     WARNING (CMI-2425): I19.I0.C3: `Acde' = 2.393 is unusually large. {"history": "Interactive.78", "point": 31, "testname": "TRAN_VDD_PULSE", "cornername": "CMOS_RES_CAP_TEMP_29"}
[2026-05-26 10:31:19.697 Z] [WARN] [cadence.virtuoso.ade.simulationMonitor] -     WARNING (CMI-2425): I19.I0.C3: `Noff' = 4.732 is unusually large. {"history": "Interactive.78", "point": 31, "testname": "TRAN_VDD_PULSE", "cornername": "CMOS_RES_CAP_TEMP_29"}
[2026-05-26 10:31:19.697 Z] [WARN] [cadence.virtuoso.ade.simulationMonitor] -     WARNING (CMI-2424): I19.I0.C3: `Voffcv' = -867.4e-03 is unusually small. {"history": "Interactive.78", "point": 31, "testname": "TRAN_VDD_PULSE", "cornername": "CMOS_RES_CAP_TEMP_29"}
[2026-05-26 10:31:19.697 Z] [WARN] [cadence.virtuoso.ade.simulationMonitor] -     WARNING (CMI-2425): I19.I0.C0: `Acde' = 2.393 is unusually large.
        Further occurrences of this warning will be suppressed. {"history": "Interactive.78", "point": 31, "testname": "TRAN_VDD_PULSE", "cornername": "CMOS_RES_CAP_TEMP_29"}
[2026-05-26 10:31:19.697 Z] [WARN] [cadence.virtuoso.ade.simulationMonitor] -     WARNING (CMI-2424): I19.I0.C0: `Voffcv' = -867.4e-03 is unusually small. {"history": "Interactive.78", "point": 31, "testname": "TRAN_VDD_PULSE", "cornername": "CMOS_RES_CAP_TEMP_29"}
[2026-05-26 10:31:19.697 Z] [WARN] [cadence.virtuoso.ade.simulationMonitor] -     WARNING (CMI-2424): I19.I0.I3.C1: `Voffcv' = -867.4e-03 is unusually small. {"history": "Interactive.78", "point": 31, "testname": "TRAN_VDD_PULSE", "cornername": "CMOS_RES_CAP_TEMP_29"}
[2026-05-26 10:31:19.697 Z] [WARN] [cadence.virtuoso.ade.simulationMonitor] -     WARNING (CMI-2424): I19.I0.C1<0>_turbo_m5: `Voffcv' = -867.4e-03 is unusually small.
        Further occurrences of this warning will be suppressed. {"history": "Interactive.78", "point": 31, "testname": "TRAN_VDD_PULSE", "cornername": "CMOS_RES_CAP_TEMP_29"}
[2026-05-26 10:31:19.697 Z] [WARN] [cadence.virtuoso.ade.simulationMonitor] -     WARNING (SPECTRE-17607): Assert `SOAC_rpolyh_vminuspsub' is ignored because it contains an expression which is invalid or not supported by native evaluator.  {"history": "Interactive.78", "point": 31, "testname": "TRAN_VDD_PULSE", "cornername": "CMOS_RES_CAP_TEMP_29"}
[2026-05-26 10:31:19.697 Z] [WARN] [cadence.virtuoso.ade.simulationMonitor] -     WARNING (SPECTRE-17607): Assert `SOAC_rpolyh_vpluspsub' is ignored because it contains an expression which is invalid or not supported by native evaluator.  {"history": "Interactive.78", "point": 31, "testname": "TRAN_VDD_PULSE", "cornername": "CMOS_RES_CAP_TEMP_29"}
[2026-05-26 10:31:19.697 Z] [WARN] [cadence.virtuoso.ade.simulationMonitor] -     WARNING (SPECTRE-16460): SOAC_cvarm_vspsub:Specified subcircuit master `cvarm' was not found. {"history": "Interactive.78", "point": 31, "testname": "TRAN_VDD_PULSE", "cornername": "CMOS_RES_CAP_TEMP_29"}
[2026-05-26 10:31:19.697 Z] [WARN] [cadence.virtuoso.ade.simulationMonitor] -     WARNING (SPECTRE-16462): SOAC_cvarm_vspsub:Error in specification of subcircuit master. Assert is ignored. {"history": "Interactive.78", "point": 31, "testname": "TRAN_VDD_PULSE", "cornername": "CMOS_RES_CAP_TEMP_29"}
[2026-05-26 10:31:19.697 Z] [WARN] [cadence.virtuoso.ade.simulationMonitor] -     WARNING (SPECTRE-16460): SOAC_cvarm_vbs:Specified subcircuit master `cvarm' was not found. {"history": "Interactive.78", "point": 31, "testname": "TRAN_VDD_PULSE", "cornername": "CMOS_RES_CAP_TEMP_29"}
[2026-05-26 10:31:19.698 Z] [WARN] [cadence.virtuoso.ade.simulationMonitor] -     WARNING (SPECTRE-16462): SOAC_cvarm_vbs:Error in specification of subcircuit master. Assert is ignored. {"history": "Interactive.78", "point": 31, "testname": "TRAN_VDD_PULSE", "cornername": "CMOS_RES_CAP_TEMP_29"}
[2026-05-26 10:31:19.698 Z] [WARN] [cadence.virtuoso.ade.simulationMonitor] -     WARNING (SPECTRE-16460): SOAC_cvarm_vgb:Specified subcircuit master `cvarm' was not found. {"history": "Interactive.78", "point": 31, "testname": "TRAN_VDD_PULSE", "cornername": "CMOS_RES_CAP_TEMP_29"}
[2026-05-26 10:31:19.698 Z] [WARN] [cadence.virtuoso.ade.simulationMonitor] -     WARNING (SPECTRE-16462): SOAC_cvarm_vgb:Error in specification of subcircuit master. Assert is ignored. {"history": "Interactive.78", "point": 31, "testname": "TRAN_VDD_PULSE", "cornername": "CMOS_RES_CAP_TEMP_29"}
[2026-05-26 10:31:19.698 Z] [WARN] [cadence.virtuoso.ade.simulationMonitor] -     WARNING (SPECTRE-16460): SOAC_cvart_vspsub:Specified subcircuit master `cvart' was not found. {"history": "Interactive.78", "point": 31, "testname": "TRAN_VDD_PULSE", "cornername": "CMOS_RES_CAP_TEMP_29"}
[2026-05-26 10:31:19.698 Z] [WARN] [cadence.virtuoso.ade.simulationMonitor] -     WARNING (SPECTRE-16462): SOAC_cvart_vspsub:Error in specification of subcircuit master. Assert is ignored. {"history": "Interactive.78", "point": 31, "testname": "TRAN_VDD_PULSE", "cornername": "CMOS_RES_CAP_TEMP_29"}
[2026-05-26 10:31:19.698 Z] [WARN] [cadence.virtuoso.ade.simulationMonitor] -     WARNING (SPECTRE-16460): SOAC_cvart_vbs:Specified subcircuit master `cvart' was not found.
        Further occurrences of this warning will be suppressed. {"history": "Interactive.78", "point": 31, "testname": "TRAN_VDD_PULSE", "cornername": "CMOS_RES_CAP_TEMP_29"}
[2026-05-26 10:31:19.698 Z] [WARN] [cadence.virtuoso.ade.simulationMonitor] -     WARNING (SPECTRE-16462): SOAC_cvart_vbs:Error in specification of subcircuit master. Assert is ignored.
        Further occurrences of this warning will be suppressed. {"history": "Interactive.78", "point": 31, "testname": "TRAN_VDD_PULSE", "cornername": "CMOS_RES_CAP_TEMP_29"}
[2026-05-26 10:31:19.698 Z] [WARN] [cadence.virtuoso.ade.simulationMonitor] -     WARNING (SPECTRE-17607): Assert `SOAC_cvar_vspsub' is ignored because it contains an expression which is invalid or not supported by native evaluator.  {"history": "Interactive.78", "point": 31, "testname": "TRAN_VDD_PULSE", "cornername": "CMOS_RES_CAP_TEMP_29"}
[2026-05-26 10:31:19.698 Z] [WARN] [cadence.virtuoso.ade.simulationMonitor] -     WARNING (SPECTRE-17607): Assert `SOAC_cvar_vbpsub' is ignored because it contains an expression which is invalid or not supported by native evaluator.  {"history": "Interactive.78", "point": 31, "testname": "TRAN_VDD_PULSE", "cornername": "CMOS_RES_CAP_TEMP_29"}
[2026-05-26 10:31:19.698 Z] [WARN] [cadence.virtuoso.ade.simulationMonitor] -     WARNING (SPECTRE-17607): Assert `SOAC_cvar_vgpsub' is ignored because it contains an expression which is invalid or not supported by native evaluator. 
        Further occurrences of this warning will be suppressed. {"history": "Interactive.78", "point": 31, "testname": "TRAN_VDD_PULSE", "cornername": "CMOS_RES_CAP_TEMP_29"}
[2026-05-26 10:31:20.198 Z] [INFO] [cadence.virtuoso.ade.simulationMonitor] - Notice from spectre during topology check.
    No DC path from node `net19' to ground, Gmin installed to provide path. {"history": "Interactive.78", "point": 31, "testname": "TRAN_VDD_PULSE", "cornername": "CMOS_RES_CAP_TEMP_29"}
[2026-05-26 10:31:20.199 Z] [INFO] [cadence.virtuoso.ade.simulationMonitor] - Notice from spectre during initial setup.
    Multithreading is disabled due to the size of the design being too small. {"history": "Interactive.78", "point": 31, "testname": "TRAN_VDD_PULSE", "cornername": "CMOS_RES_CAP_TEMP_29"}
[2026-05-26 10:31:20.199 Z] [INFO] [cadence.virtuoso.ade.simulationMonitor] -               nodes 784 {"history": "Interactive.78", "point": 31, "testname": "TRAN_VDD_PULSE", "cornername": "CMOS_RES_CAP_TEMP_29"}
[2026-05-26 10:31:20.199 Z] [INFO] [cadence.virtuoso.ade.simulationMonitor] - Notice from spectre during initial setup.
    4 vsources are shorted because their absolute value is less than or equal to 'vabsshort'.
    Spectre X preset=mx enabled.
    18 notices suppressed.
    154 warnings suppressed. {"history": "Interactive.78", "point": 31, "testname": "TRAN_VDD_PULSE", "cornername": "CMOS_RES_CAP_TEMP_29"}
[2026-05-26 10:31:20.199 Z] [INFO] [cadence.virtuoso.ade.simulationMonitor] - Peak resident memory used = 212 Mbytes. {"history": "Interactive.78", "point": 31, "testname": "TRAN_VDD_PULSE", "cornername": "CMOS_RES_CAP_TEMP_29"}
[2026-05-26 10:31:20.199 Z] [INFO] [cadence.virtuoso.ade.simulationMonitor] -    -   (Spectre X) Multi-threading. The recommended number of threads is 1, consider adding +mt=1 on command line. {"history": "Interactive.78", "point": 31, "testname": "TRAN_VDD_PULSE", "cornername": "CMOS_RES_CAP_TEMP_29"}
[2026-05-26 10:31:20.199 Z] [INFO] [cadence.virtuoso.ade.simulationMonitor] - Notice from spectre during DC analysis `dcOp'.
    No checklimit analysis defined for asserts. A default checklimit analysis 'SpectreChecklimitAnal' has been created with all asserts enabled. {"history": "Interactive.78", "point": 31, "testname": "TRAN_VDD_PULSE", "cornername": "CMOS_RES_CAP_TEMP_29"}
[2026-05-26 10:31:20.199 Z] [INFO] [cadence.virtuoso.ade.simulationMonitor] - Notice from spectre during DC analysis `dcOp'.
    GminDC = 1 pS is large enough to noticeably affect the DC solution.
        dV(I19.I2.C1.d1) = 1.51853 mV
        Use the `gmin_check' option to eliminate or expand this report.
    Bad pivoting is found during DC analysis. Option dc_pivot_check=yes is recommended for possible improvement of convergence. {"history": "Interactive.78", "point": 31, "testname": "TRAN_VDD_PULSE", "cornername": "CMOS_RES_CAP_TEMP_29"}
[2026-05-26 10:31:20.200 Z] [WARN] [cadence.virtuoso.ade.simulationMonitor] -     WARNING (CMI-2943): Parameter checks have been ignored because the valid value for parameter 'trise' could not be found in 'C0'. {"history": "Interactive.78", "point": 31, "testname": "TRAN_VDD_PULSE", "cornername": "CMOS_RES_CAP_TEMP_29"}
[2026-05-26 10:31:20.200 Z] [WARN] [cadence.virtuoso.ade.simulationMonitor] -     WARNING (CMI-2943): Parameter checks have been ignored because the valid value for parameter 'trise' could not be found in 'C3'. {"history": "Interactive.78", "point": 31, "testname": "TRAN_VDD_PULSE", "cornername": "CMOS_RES_CAP_TEMP_29"}
[2026-05-26 10:31:20.200 Z] [WARN] [cadence.virtuoso.ade.simulationMonitor] -     WARNING (CMI-2943): Parameter checks have been ignored because the valid value for parameter 'trise' could not be found in 'C4'. {"history": "Interactive.78", "point": 31, "testname": "TRAN_VDD_PULSE", "cornername": "CMOS_RES_CAP_TEMP_29"}
[2026-05-26 10:31:20.200 Z] [WARN] [cadence.virtuoso.ade.simulationMonitor] -     WARNING (CMI-2943): Parameter checks have been ignored because the valid value for parameter 'trise' could not be found in 'C5'. {"history": "Interactive.78", "point": 31, "testname": "TRAN_VDD_PULSE", "cornername": "CMOS_RES_CAP_TEMP_29"}
[2026-05-26 10:31:20.200 Z] [WARN] [cadence.virtuoso.ade.simulationMonitor] -     WARNING (CMI-2943): Parameter checks have been ignored because the valid value for parameter 'trise' could not be found in 'I19.I4.C9<0>_turbo_m6.C1'.
        Further occurrences of this warning will be suppressed. {"history": "Interactive.78", "point": 31, "testname": "TRAN_VDD_PULSE", "cornername": "CMOS_RES_CAP_TEMP_29"}
[2026-05-26 10:31:20.200 Z] [INFO] [cadence.virtuoso.ade.simulationMonitor] - Total time required for dc analysis `dcOp': CPU = 56.43 ms, elapsed = 73.5579 ms, util. = 76.7%. {"history": "Interactive.78", "point": 31, "testname": "TRAN_VDD_PULSE", "cornername": "CMOS_RES_CAP_TEMP_29"}
[2026-05-26 10:31:20.200 Z] [INFO] [cadence.virtuoso.ade.simulationMonitor] - Peak resident memory used = 223 Mbytes. {"history": "Interactive.78", "point": 31, "testname": "TRAN_VDD_PULSE", "cornername": "CMOS_RES_CAP_TEMP_29"}
[2026-05-26 10:31:20.200 Z] [INFO] [cadence.virtuoso.ade.simulationMonitor] - Notice from spectre.
    246 warnings suppressed. {"history": "Interactive.78", "point": 31, "testname": "TRAN_VDD_PULSE", "cornername": "CMOS_RES_CAP_TEMP_29"}
[2026-05-26 10:31:20.200 Z] [INFO] [cadence.virtuoso.ade.simulationMonitor] - Notice from spectre during IC analysis, during transient analysis `tran'.
    GminDC = 1 pS is large enough to noticeably affect the DC solution.
        dV(I19.I2.C1.d1) = 1.51853 mV
        Use the `gmin_check' option to eliminate or expand this report. {"history": "Interactive.78", "point": 31, "testname": "TRAN_VDD_PULSE", "cornername": "CMOS_RES_CAP_TEMP_29"}
[2026-05-26 10:31:20.201 Z] [WARN] [cadence.virtuoso.ade.simulationMonitor] -     WARNING (CMI-2943): Parameter checks have been ignored because the valid value for parameter 'trise' could not be found in 'C0'. {"history": "Interactive.78", "point": 31, "testname": "TRAN_VDD_PULSE", "cornername": "CMOS_RES_CAP_TEMP_29"}
[2026-05-26 10:31:20.201 Z] [WARN] [cadence.virtuoso.ade.simulationMonitor] -     WARNING (CMI-2943): Parameter checks have been ignored because the valid value for parameter 'trise' could not be found in 'C3'. {"history": "Interactive.78", "point": 31, "testname": "TRAN_VDD_PULSE", "cornername": "CMOS_RES_CAP_TEMP_29"}
[2026-05-26 10:31:20.201 Z] [WARN] [cadence.virtuoso.ade.simulationMonitor] -     WARNING (CMI-2943): Parameter checks have been ignored because the valid value for parameter 'trise' could not be found in 'C4'. {"history": "Interactive.78", "point": 31, "testname": "TRAN_VDD_PULSE", "cornername": "CMOS_RES_CAP_TEMP_29"}
[2026-05-26 10:31:20.201 Z] [WARN] [cadence.virtuoso.ade.simulationMonitor] -     WARNING (CMI-2943): Parameter checks have been ignored because the valid value for parameter 'trise' could not be found in 'C5'. {"history": "Interactive.78", "point": 31, "testname": "TRAN_VDD_PULSE", "cornername": "CMOS_RES_CAP_TEMP_29"}
[2026-05-26 10:31:20.201 Z] [WARN] [cadence.virtuoso.ade.simulationMonitor] -     WARNING (CMI-2943): Parameter checks have been ignored because the valid value for parameter 'trise' could not be found in 'I19.I4.C9<0>_turbo_m6.C1'.
        Further occurrences of this warning will be suppressed. {"history": "Interactive.78", "point": 31, "testname": "TRAN_VDD_PULSE", "cornername": "CMOS_RES_CAP_TEMP_29"}
[2026-05-26 10:31:20.201 Z] [INFO] [cadence.virtuoso.ade.simulationMonitor] - Notice from spectre during transient analysis `tran'.
    Multithreading is disabled due to the size of the design being too small. {"history": "Interactive.78", "point": 31, "testname": "TRAN_VDD_PULSE", "cornername": "CMOS_RES_CAP_TEMP_29"}
[2026-05-26 10:32:46.222 Z] [INFO] [cadence.virtuoso.ade.simulationMonitor] - Total time required for tran analysis `tran': CPU = 85.8873 s (1m  25.9s), elapsed = 85.9541 s (1m  26.0s), util. = 99.9%. {"history": "Interactive.78", "point": 31, "testname": "TRAN_VDD_PULSE", "cornername": "CMOS_RES_CAP_TEMP_29"}
[2026-05-26 10:32:46.222 Z] [INFO] [cadence.virtuoso.ade.simulationMonitor] - Peak resident memory used = 230 Mbytes. {"history": "Interactive.78", "point": 31, "testname": "TRAN_VDD_PULSE", "cornername": "CMOS_RES_CAP_TEMP_29"}
[2026-05-26 10:32:46.222 Z] [INFO] [cadence.virtuoso.ade.simulationMonitor] - Notice from spectre.
    246 warnings suppressed. {"history": "Interactive.78", "point": 31, "testname": "TRAN_VDD_PULSE", "cornername": "CMOS_RES_CAP_TEMP_29"}
[2026-05-26 10:32:46.222 Z] [WARN] [cadence.virtuoso.ade.simulationMonitor] -     WARNING (CMI-2425): I19.I2.C1: `Acde' = 2.393 is unusually large. {"history": "Interactive.78", "point": 31, "testname": "TRAN_VDD_PULSE", "cornername": "CMOS_RES_CAP_TEMP_29"}
[2026-05-26 10:32:46.222 Z] [WARN] [cadence.virtuoso.ade.simulationMonitor] -     WARNING (CMI-2425): I19.I2.C1: `Noff' = 4.732 is unusually large. {"history": "Interactive.78", "point": 31, "testname": "TRAN_VDD_PULSE", "cornername": "CMOS_RES_CAP_TEMP_29"}
[2026-05-26 10:32:46.222 Z] [WARN] [cadence.virtuoso.ade.simulationMonitor] -     WARNING (CMI-2424): I19.I2.C1: `Voffcv' = -867.4e-03 is unusually small. {"history": "Interactive.78", "point": 31, "testname": "TRAN_VDD_PULSE", "cornername": "CMOS_RES_CAP_TEMP_29"}
[2026-05-26 10:32:46.222 Z] [WARN] [cadence.virtuoso.ade.simulationMonitor] -     WARNING (CMI-2425): I19.I8.C0: `Acde' = 2.393 is unusually large. {"history": "Interactive.78", "point": 31, "testname": "TRAN_VDD_PULSE", "cornername": "CMOS_RES_CAP_TEMP_29"}
[2026-05-26 10:32:46.222 Z] [WARN] [cadence.virtuoso.ade.simulationMonitor] -     WARNING (CMI-2425): I19.I8.C0: `Noff' = 4.732 is unusually large. {"history": "Interactive.78", "point": 31, "testname": "TRAN_VDD_PULSE", "cornername": "CMOS_RES_CAP_TEMP_29"}
[2026-05-26 10:32:46.223 Z] [WARN] [cadence.virtuoso.ade.simulationMonitor] -     WARNING (CMI-2424): I19.I8.C0: `Voffcv' = -867.4e-03 is unusually small. {"history": "Interactive.78", "point": 31, "testname": "TRAN_VDD_PULSE", "cornername": "CMOS_RES_CAP_TEMP_29"}
[2026-05-26 10:32:46.223 Z] [WARN] [cadence.virtuoso.ade.simulationMonitor] -     WARNING (CMI-2425): I19.I8.C1: `Acde' = 2.393 is unusually large.
        Further occurrences of this warning will be suppressed. {"history": "Interactive.78", "point": 31, "testname": "TRAN_VDD_PULSE", "cornername": "CMOS_RES_CAP_TEMP_29"}
[2026-05-26 10:32:46.223 Z] [WARN] [cadence.virtuoso.ade.simulationMonitor] -     WARNING (CMI-2424): I19.I8.C1: `Voffcv' = -867.4e-03 is unusually small. {"history": "Interactive.78", "point": 31, "testname": "TRAN_VDD_PULSE", "cornername": "CMOS_RES_CAP_TEMP_29"}
[2026-05-26 10:32:46.223 Z] [WARN] [cadence.virtuoso.ade.simulationMonitor] -     WARNING (CMI-2424): I19.I14.C1: `Voffcv' = -867.4e-03 is unusually small. {"history": "Interactive.78", "point": 31, "testname": "TRAN_VDD_PULSE", "cornername": "CMOS_RES_CAP_TEMP_29"}
[2026-05-26 10:32:46.223 Z] [WARN] [cadence.virtuoso.ade.simulationMonitor] -     WARNING (CMI-2424): I19.I14.C4: `Voffcv' = -867.4e-03 is unusually small.
        Further occurrences of this warning will be suppressed. {"history": "Interactive.78", "point": 31, "testname": "TRAN_VDD_PULSE", "cornername": "CMOS_RES_CAP_TEMP_29"}
[2026-05-26 10:32:46.223 Z] [INFO] [cadence.virtuoso.ade.simulationMonitor] - Notice from spectre.
    56 warnings suppressed. {"history": "Interactive.78", "point": 31, "testname": "TRAN_VDD_PULSE", "cornername": "CMOS_RES_CAP_TEMP_29"}
[2026-05-26 10:32:46.223 Z] [WARN] [cadence.virtuoso.ade.simulationMonitor] -     WARNING (CMI-2425): I19.I2.C1: `Acde' = 2.393 is unusually large. {"history": "Interactive.78", "point": 31, "testname": "TRAN_VDD_PULSE", "cornername": "CMOS_RES_CAP_TEMP_29"}
[2026-05-26 10:32:46.223 Z] [WARN] [cadence.virtuoso.ade.simulationMonitor] -     WARNING (CMI-2425): I19.I2.C1: `Noff' = 4.732 is unusually large. {"history": "Interactive.78", "point": 31, "testname": "TRAN_VDD_PULSE", "cornername": "CMOS_RES_CAP_TEMP_29"}
[2026-05-26 10:32:46.223 Z] [WARN] [cadence.virtuoso.ade.simulationMonitor] -     WARNING (CMI-2424): I19.I2.C1: `Voffcv' = -867.4e-03 is unusually small. {"history": "Interactive.78", "point": 31, "testname": "TRAN_VDD_PULSE", "cornername": "CMOS_RES_CAP_TEMP_29"}
[2026-05-26 10:32:46.223 Z] [WARN] [cadence.virtuoso.ade.simulationMonitor] -     WARNING (CMI-2425): I19.I8.C0: `Acde' = 2.393 is unusually large. {"history": "Interactive.78", "point": 31, "testname": "TRAN_VDD_PULSE", "cornername": "CMOS_RES_CAP_TEMP_29"}
[2026-05-26 10:32:46.223 Z] [WARN] [cadence.virtuoso.ade.simulationMonitor] -     WARNING (CMI-2425): I19.I8.C0: `Noff' = 4.732 is unusually large. {"history": "Interactive.78", "point": 31, "testname": "TRAN_VDD_PULSE", "cornername": "CMOS_RES_CAP_TEMP_29"}
[2026-05-26 10:32:46.223 Z] [WARN] [cadence.virtuoso.ade.simulationMonitor] -     WARNING (CMI-2424): I19.I8.C0: `Voffcv' = -867.4e-03 is unusually small. {"history": "Interactive.78", "point": 31, "testname": "TRAN_VDD_PULSE", "cornername": "CMOS_RES_CAP_TEMP_29"}
[2026-05-26 10:32:46.223 Z] [WARN] [cadence.virtuoso.ade.simulationMonitor] -     WARNING (CMI-2425): I19.I8.C1: `Acde' = 2.393 is unusually large.
        Further occurrences of this warning will be suppressed. {"history": "Interactive.78", "point": 31, "testname": "TRAN_VDD_PULSE", "cornername": "CMOS_RES_CAP_TEMP_29"}
[2026-05-26 10:32:46.223 Z] [WARN] [cadence.virtuoso.ade.simulationMonitor] -     WARNING (CMI-2424): I19.I8.C1: `Voffcv' = -867.4e-03 is unusually small. {"history": "Interactive.78", "point": 31, "testname": "TRAN_VDD_PULSE", "cornername": "CMOS_RES_CAP_TEMP_29"}
[2026-05-26 10:32:46.223 Z] [WARN] [cadence.virtuoso.ade.simulationMonitor] -     WARNING (CMI-2424): I19.I14.C1: `Voffcv' = -867.4e-03 is unusually small. {"history": "Interactive.78", "point": 31, "testname": "TRAN_VDD_PULSE", "cornername": "CMOS_RES_CAP_TEMP_29"}
[2026-05-26 10:32:46.223 Z] [WARN] [cadence.virtuoso.ade.simulationMonitor] -     WARNING (CMI-2424): I19.I14.C4: `Voffcv' = -867.4e-03 is unusually small.
        Further occurrences of this warning will be suppressed. {"history": "Interactive.78", "point": 31, "testname": "TRAN_VDD_PULSE", "cornername": "CMOS_RES_CAP_TEMP_29"}
[2026-05-26 10:32:46.223 Z] [INFO] [cadence.virtuoso.ade.simulationMonitor] - Notice from spectre.
    59 warnings suppressed. {"history": "Interactive.78", "point": 31, "testname": "TRAN_VDD_PULSE", "cornername": "CMOS_RES_CAP_TEMP_29"}
[2026-05-26 10:32:46.223 Z] [WARN] [cadence.virtuoso.ade.simulationMonitor] -     WARNING (CMI-2425): I19.I2.C1: `Acde' = 2.393 is unusually large. {"history": "Interactive.78", "point": 31, "testname": "TRAN_VDD_PULSE", "cornername": "CMOS_RES_CAP_TEMP_29"}
[2026-05-26 10:32:46.223 Z] [WARN] [cadence.virtuoso.ade.simulationMonitor] -     WARNING (CMI-2425): I19.I2.C1: `Noff' = 4.732 is unusually large. {"history": "Interactive.78", "point": 31, "testname": "TRAN_VDD_PULSE", "cornername": "CMOS_RES_CAP_TEMP_29"}
[2026-05-26 10:32:46.223 Z] [WARN] [cadence.virtuoso.ade.simulationMonitor] -     WARNING (CMI-2424): I19.I2.C1: `Voffcv' = -867.4e-03 is unusually small. {"history": "Interactive.78", "point": 31, "testname": "TRAN_VDD_PULSE", "cornername": "CMOS_RES_CAP_TEMP_29"}
[2026-05-26 10:32:46.223 Z] [WARN] [cadence.virtuoso.ade.simulationMonitor] -     WARNING (CMI-2425): I19.I8.C0: `Acde' = 2.393 is unusually large. {"history": "Interactive.78", "point": 31, "testname": "TRAN_VDD_PULSE", "cornername": "CMOS_RES_CAP_TEMP_29"}
[2026-05-26 10:32:46.223 Z] [WARN] [cadence.virtuoso.ade.simulationMonitor] -     WARNING (CMI-2425): I19.I8.C0: `Noff' = 4.732 is unusually large. {"history": "Interactive.78", "point": 31, "testname": "TRAN_VDD_PULSE", "cornername": "CMOS_RES_CAP_TEMP_29"}
[2026-05-26 10:32:46.224 Z] [WARN] [cadence.virtuoso.ade.simulationMonitor] -     WARNING (CMI-2424): I19.I8.C0: `Voffcv' = -867.4e-03 is unusually small. {"history": "Interactive.78", "point": 31, "testname": "TRAN_VDD_PULSE", "cornername": "CMOS_RES_CAP_TEMP_29"}
[2026-05-26 10:32:46.224 Z] [WARN] [cadence.virtuoso.ade.simulationMonitor] -     WARNING (CMI-2425): I19.I8.C1: `Acde' = 2.393 is unusually large.
        Further occurrences of this warning will be suppressed. {"history": "Interactive.78", "point": 31, "testname": "TRAN_VDD_PULSE", "cornername": "CMOS_RES_CAP_TEMP_29"}
[2026-05-26 10:32:46.224 Z] [WARN] [cadence.virtuoso.ade.simulationMonitor] -     WARNING (CMI-2424): I19.I8.C1: `Voffcv' = -867.4e-03 is unusually small. {"history": "Interactive.78", "point": 31, "testname": "TRAN_VDD_PULSE", "cornername": "CMOS_RES_CAP_TEMP_29"}
[2026-05-26 10:32:46.224 Z] [WARN] [cadence.virtuoso.ade.simulationMonitor] -     WARNING (CMI-2424): I19.I14.C1: `Voffcv' = -867.4e-03 is unusually small. {"history": "Interactive.78", "point": 31, "testname": "TRAN_VDD_PULSE", "cornername": "CMOS_RES_CAP_TEMP_29"}
[2026-05-26 10:32:46.224 Z] [WARN] [cadence.virtuoso.ade.simulationMonitor] -     WARNING (CMI-2424): I19.I14.C4: `Voffcv' = -867.4e-03 is unusually small.
        Further occurrences of this warning will be suppressed. {"history": "Interactive.78", "point": 31, "testname": "TRAN_VDD_PULSE", "cornername": "CMOS_RES_CAP_TEMP_29"}
[2026-05-26 10:32:46.224 Z] [INFO] [cadence.virtuoso.ade.simulationMonitor] - Notice from spectre.
    56 warnings suppressed. {"history": "Interactive.78", "point": 31, "testname": "TRAN_VDD_PULSE", "cornername": "CMOS_RES_CAP_TEMP_29"}
[2026-05-26 10:32:46.224 Z] [WARN] [cadence.virtuoso.ade.simulationMonitor] -     WARNING (CMI-2425): I19.I2.C1: `Acde' = 2.393 is unusually large. {"history": "Interactive.78", "point": 31, "testname": "TRAN_VDD_PULSE", "cornername": "CMOS_RES_CAP_TEMP_29"}
[2026-05-26 10:32:46.224 Z] [WARN] [cadence.virtuoso.ade.simulationMonitor] -     WARNING (CMI-2425): I19.I2.C1: `Noff' = 4.732 is unusually large. {"history": "Interactive.78", "point": 31, "testname": "TRAN_VDD_PULSE", "cornername": "CMOS_RES_CAP_TEMP_29"}
[2026-05-26 10:32:46.224 Z] [WARN] [cadence.virtuoso.ade.simulationMonitor] -     WARNING (CMI-2424): I19.I2.C1: `Voffcv' = -867.4e-03 is unusually small. {"history": "Interactive.78", "point": 31, "testname": "TRAN_VDD_PULSE", "cornername": "CMOS_RES_CAP_TEMP_29"}
[2026-05-26 10:32:46.224 Z] [WARN] [cadence.virtuoso.ade.simulationMonitor] -     WARNING (CMI-2425): I19.I8.C0: `Acde' = 2.393 is unusually large. {"history": "Interactive.78", "point": 31, "testname": "TRAN_VDD_PULSE", "cornername": "CMOS_RES_CAP_TEMP_29"}
[2026-05-26 10:32:46.224 Z] [WARN] [cadence.virtuoso.ade.simulationMonitor] -     WARNING (CMI-2425): I19.I8.C0: `Noff' = 4.732 is unusually large. {"history": "Interactive.78", "point": 31, "testname": "TRAN_VDD_PULSE", "cornername": "CMOS_RES_CAP_TEMP_29"}
[2026-05-26 10:32:46.224 Z] [WARN] [cadence.virtuoso.ade.simulationMonitor] -     WARNING (CMI-2424): I19.I8.C0: `Voffcv' = -867.4e-03 is unusually small. {"history": "Interactive.78", "point": 31, "testname": "TRAN_VDD_PULSE", "cornername": "CMOS_RES_CAP_TEMP_29"}
[2026-05-26 10:32:46.224 Z] [WARN] [cadence.virtuoso.ade.simulationMonitor] -     WARNING (CMI-2425): I19.I8.C1: `Acde' = 2.393 is unusually large.
        Further occurrences of this warning will be suppressed. {"history": "Interactive.78", "point": 31, "testname": "TRAN_VDD_PULSE", "cornername": "CMOS_RES_CAP_TEMP_29"}
[2026-05-26 10:32:46.224 Z] [WARN] [cadence.virtuoso.ade.simulationMonitor] -     WARNING (CMI-2424): I19.I8.C1: `Voffcv' = -867.4e-03 is unusually small. {"history": "Interactive.78", "point": 31, "testname": "TRAN_VDD_PULSE", "cornername": "CMOS_RES_CAP_TEMP_29"}
[2026-05-26 10:32:46.224 Z] [WARN] [cadence.virtuoso.ade.simulationMonitor] -     WARNING (CMI-2424): I19.I14.C1: `Voffcv' = -867.4e-03 is unusually small. {"history": "Interactive.78", "point": 31, "testname": "TRAN_VDD_PULSE", "cornername": "CMOS_RES_CAP_TEMP_29"}
[2026-05-26 10:32:46.224 Z] [WARN] [cadence.virtuoso.ade.simulationMonitor] -     WARNING (CMI-2424): I19.I14.C4: `Voffcv' = -867.4e-03 is unusually small.
        Further occurrences of this warning will be suppressed. {"history": "Interactive.78", "point": 31, "testname": "TRAN_VDD_PULSE", "cornername": "CMOS_RES_CAP_TEMP_29"}
[2026-05-26 10:32:46.224 Z] [INFO] [cadence.virtuoso.ade.simulationMonitor] - Notice from spectre.
    56 warnings suppressed. {"history": "Interactive.78", "point": 31, "testname": "TRAN_VDD_PULSE", "cornername": "CMOS_RES_CAP_TEMP_29"}
[2026-05-26 10:32:46.224 Z] [INFO] [cadence.virtuoso.ade.simulationMonitor] - Time used: CPU = 86.3 s (1m  26.3s), elapsed = 86.7 s (1m  26.7s), util. = 99.6%. {"history": "Interactive.78", "point": 31, "testname": "TRAN_VDD_PULSE", "cornername": "CMOS_RES_CAP_TEMP_29"}
[2026-05-26 10:32:46.224 Z] [INFO] [cadence.virtuoso.ade.simulationMonitor] - Time spent in licensing: elapsed = 41.1 ms. {"history": "Interactive.78", "point": 31, "testname": "TRAN_VDD_PULSE", "cornername": "CMOS_RES_CAP_TEMP_29"}
[2026-05-26 10:32:46.224 Z] [INFO] [cadence.virtuoso.ade.simulationMonitor] - Peak memory used = 230 Mbytes. {"history": "Interactive.78", "point": 31, "testname": "TRAN_VDD_PULSE", "cornername": "CMOS_RES_CAP_TEMP_29"}
[2026-05-26 10:32:46.224 Z] [PROCESS] [cadence.virtuoso.ade.simulationMonitor] - Simulation started at: 10:31:19 AM, Tue May 26, 2026, ended at: 10:32:45 AM, Tue May 26, 2026, with elapsed time (wall clock): 86.7 s (1m  26.7s). {"history": "Interactive.78", "point": 31, "testname": "TRAN_VDD_PULSE", "cornername": "CMOS_RES_CAP_TEMP_29"}
[2026-05-26 10:32:46.224 Z] [PROCESS] [cadence.virtuoso.ade.simulationMonitor] - spectre completes with 0 errors, 96 warnings, and 32 notices. {"history": "Interactive.78", "point": 31, "testname": "TRAN_VDD_PULSE", "cornername": "CMOS_RES_CAP_TEMP_29"}
[2026-05-26 10:32:46.225 Z] [PROCESS] [cadence.virtuoso.ade.simulationMonitor] - Finished simulating for one point {"hostname": "edatools", "processid": 259513, "history": "Interactive.78", "testname": "TRAN_VDD_PULSE", "cornername": "CMOS_RES_CAP_TEMP_29", "point": 31, "logfile": "/home/saul/projects/IL2244_VT26_SAUL/logs_saul/logs0/Job53.log", "simid": "6"}
[2026-05-26 10:32:46.225 Z] [PROCESS] [cadence.virtuoso.ade.simulationMonitor] - Simulator exited {"hostname": "edatools", "processid": 259513, "history": "Interactive.78", "testname": "TRAN_VDD_PULSE", "cornername": "CMOS_RES_CAP_TEMP_29", "point": 31, "logfile": "/home/saul/projects/IL2244_VT26_SAUL/logs_saul/logs0/Job53.log", "exitStatus": "0"}
[2026-05-26 10:32:46.225 Z] [PROCESS] [cadence.virtuoso.ade.simulationMonitor] - Finished Simulation {"hostname": "edatools", "processid": 259513, "history": "Interactive.78", "testname": "TRAN_VDD_PULSE", "cornername": "CMOS_RES_CAP_TEMP_29", "point": 31, "logfile": "/home/saul/projects/IL2244_VT26_SAUL/logs_saul/logs0/Job53.log", "simid": "6"}
[2026-05-26 10:32:47.729 Z] [PROCESS] [cadence.virtuoso.ade.simulationMonitor] - Point Finished {"hostname": "edatools", "processid": 259513, "history": "Interactive.78", "testname": "TRAN_VDD_PULSE", "cornername": "CMOS_RES_CAP_TEMP_29", "point": 31, "logfile": "/home/saul/projects/IL2244_VT26_SAUL/logs_saul/logs0/Job53.log"}
[2026-05-26 10:32:48.731 Z] [PROCESS] [cadence.virtuoso.ade.simulationMonitor] - Stay with the runId '18', Linger time '300', currentRunSyn '36', currentTestSyn '37' {"hostname": "edatools", "processid": 259513, "history": "Interactive.78", "testname": "TRAN_VDD_PULSE", "cornername": "CMOS_RES_CAP_TEMP_29", "point": 31, "logfile": "/home/saul/projects/IL2244_VT26_SAUL/logs_saul/logs0/Job53.log"}
[2026-05-26 10:32:49.732 Z] [PROCESS] [cadence.virtuoso.ade.simulationMonitor] - Stay with the runId '18', Linger time '300', currentRunSyn '36', currentTestSyn '37' {"hostname": "edatools", "processid": 259513, "history": "Interactive.78", "testname": "TRAN_VDD_PULSE", "cornername": "CMOS_RES_CAP_TEMP_29", "point": 31, "logfile": "/home/saul/projects/IL2244_VT26_SAUL/logs_saul/logs0/Job53.log"}
[2026-05-26 10:32:50.733 Z] [PROCESS] [cadence.virtuoso.ade.simulationMonitor] - Stay with the runId '18', Linger time '300', currentRunSyn '36', currentTestSyn '37' {"hostname": "edatools", "processid": 259513, "history": "Interactive.78", "testname": "TRAN_VDD_PULSE", "cornername": "CMOS_RES_CAP_TEMP_29", "point": 31, "logfile": "/home/saul/projects/IL2244_VT26_SAUL/logs_saul/logs0/Job53.log"}
[2026-05-26 10:32:51.734 Z] [PROCESS] [cadence.virtuoso.ade.simulationMonitor] - Stay with the runId '18', Linger time '300', currentRunSyn '36', currentTestSyn '37' {"hostname": "edatools", "processid": 259513, "history": "Interactive.78", "testname": "TRAN_VDD_PULSE", "cornername": "CMOS_RES_CAP_TEMP_29", "point": 31, "logfile": "/home/saul/projects/IL2244_VT26_SAUL/logs_saul/logs0/Job53.log"}
[2026-05-26 10:32:52.735 Z] [PROCESS] [cadence.virtuoso.ade.simulationMonitor] - Stay with the runId '18', Linger time '300', currentRunSyn '36', currentTestSyn '37' {"hostname": "edatools", "processid": 259513, "history": "Interactive.78", "testname": "TRAN_VDD_PULSE", "cornername": "CMOS_RES_CAP_TEMP_29", "point": 31, "logfile": "/home/saul/projects/IL2244_VT26_SAUL/logs_saul/logs0/Job53.log"}
[2026-05-26 10:32:53.736 Z] [PROCESS] [cadence.virtuoso.ade.simulationMonitor] - Stay with the runId '18', Linger time '300', currentRunSyn '36', currentTestSyn '37' {"hostname": "edatools", "processid": 259513, "history": "Interactive.78", "testname": "TRAN_VDD_PULSE", "cornername": "CMOS_RES_CAP_TEMP_29", "point": 31, "logfile": "/home/saul/projects/IL2244_VT26_SAUL/logs_saul/logs0/Job53.log"}
[2026-05-26 10:32:54.737 Z] [PROCESS] [cadence.virtuoso.ade.simulationMonitor] - Stay with the runId '18', Linger time '300', currentRunSyn '36', currentTestSyn '37' {"hostname": "edatools", "processid": 259513, "history": "Interactive.78", "testname": "TRAN_VDD_PULSE", "cornername": "CMOS_RES_CAP_TEMP_29", "point": 31, "logfile": "/home/saul/projects/IL2244_VT26_SAUL/logs_saul/logs0/Job53.log"}
[2026-05-26 10:32:55.738 Z] [PROCESS] [cadence.virtuoso.ade.simulationMonitor] - Stay with the runId '18', Linger time '300', currentRunSyn '36', currentTestSyn '37' {"hostname": "edatools", "processid": 259513, "history": "Interactive.78", "testname": "TRAN_VDD_PULSE", "cornername": "CMOS_RES_CAP_TEMP_29", "point": 31, "logfile": "/home/saul/projects/IL2244_VT26_SAUL/logs_saul/logs0/Job53.log"}
[2026-05-26 10:32:56.739 Z] [PROCESS] [cadence.virtuoso.ade.simulationMonitor] - Stay with the runId '18', Linger time '300', currentRunSyn '36', currentTestSyn '37' {"hostname": "edatools", "processid": 259513, "history": "Interactive.78", "testname": "TRAN_VDD_PULSE", "cornername": "CMOS_RES_CAP_TEMP_29", "point": 31, "logfile": "/home/saul/projects/IL2244_VT26_SAUL/logs_saul/logs0/Job53.log"}
[2026-05-26 10:32:57.743 Z] [PROCESS] [cadence.virtuoso.ade.simulationMonitor] - Stay with the runId '18', Linger time '300', currentRunSyn '36', currentTestSyn '37' {"hostname": "edatools", "processid": 259513, "history": "Interactive.78", "testname": "TRAN_VDD_PULSE", "cornername": "CMOS_RES_CAP_TEMP_29", "point": 31, "logfile": "/home/saul/projects/IL2244_VT26_SAUL/logs_saul/logs0/Job53.log"}
[2026-05-26 10:32:58.740 Z] [PROCESS] [cadence.virtuoso.ade.simulationMonitor] - Stay with the runId '18', Linger time '300', currentRunSyn '36', currentTestSyn '37' {"hostname": "edatools", "processid": 259513, "history": "Interactive.78", "testname": "TRAN_VDD_PULSE", "cornername": "CMOS_RES_CAP_TEMP_29", "point": 31, "logfile": "/home/saul/projects/IL2244_VT26_SAUL/logs_saul/logs0/Job53.log"}
[2026-05-26 10:32:59.745 Z] [PROCESS] [cadence.virtuoso.ade.simulationMonitor] - Stay with the runId '18', Linger time '300', currentRunSyn '36', currentTestSyn '37' {"hostname": "edatools", "processid": 259513, "history": "Interactive.78", "testname": "TRAN_VDD_PULSE", "cornername": "CMOS_RES_CAP_TEMP_29", "point": 31, "logfile": "/home/saul/projects/IL2244_VT26_SAUL/logs_saul/logs0/Job53.log"}
[2026-05-26 10:37:41.855 Z] [PROCESS] [cadence.virtuoso.ade.simulationMonitor] - Started History {"hostname": "edatools", "processid": 259513, "history": "MonteCarlo.0", "testname": "TRAN_VDD_PULSE_MC", "cornername": "Nominal", "point": 1, "logfile": "/home/saul/projects/IL2244_VT26_SAUL/logs_saul/logs0/Job53.log"}
[2026-05-26 10:37:41.856 Z] [PROCESS] [cadence.virtuoso.ade.simulationMonitor] - HostInfo:
Host name (type):	edatools (x86_64)
Operating system:	Linux 6.17.0-29-generic #29~24.04.1-Ubuntu SMP PREEMPT_DYNAMIC Mon May 11 10:30:58 UTC 2 {"hostname": "edatools", "processid": 259513, "history": "MonteCarlo.0", "testname": "TRAN_VDD_PULSE_MC", "cornername": "Nominal", "point": 1, "logfile": "/home/saul/projects/IL2244_VT26_SAUL/logs_saul/logs0/Job53.log", "nodename": "edatools", "domainname": "(none)", "machine": "x86_64", "sysname": "Linux", "release": "6.17.0-29-generic", "version": "#29~24.04.1-Ubuntu SMP PREEMPT_DYNAMIC Mon May 11 10:30:58 UTC 2"}
[2026-05-26 10:37:41.856 Z] [PROCESS] [cadence.virtuoso.ade.simulationMonitor] - UsageInfo:
pid=259513
totalPhysicalMemory=62.544987GB,Used=44.086227GB,totalVirtualMemory=70.544983GB,Used=44.086227GB
Cpu: Cores=16, Load average:0.620000,2.050000,2.240000 {"hostname": "edatools", "processid": 259513, "history": "MonteCarlo.0", "testname": "TRAN_VDD_PULSE_MC", "cornername": "Nominal", "point": 1, "logfile": "/home/saul/projects/IL2244_VT26_SAUL/logs_saul/logs0/Job53.log", "pid": "259513", "totalPhysicalMemory": "62.544987", "physicalMemoryUsed": "44.086227", "totalVirtualMemory": "70.544983", "virtualMemoryUsed": "44.086227", "cpuCores": "16", "processes": "1854", "loadAverage1": "0.620000", "loadAverage5": "2.050000", "loadAverage15": "2.240000", "loadAverage1Percent": "0.038750"}
[2026-05-26 10:37:41.857 Z] [EVENT] [cadence.virtuoso.ade.simulationMonitor] - GroupPoints {"history": "MonteCarlo.0", "point": 1, "testname": "TRAN_VDD_PULSE_MC", "cornername": "Nominal", "event": "GroupPoints", "EventSource": "Simulation Monitor", "Points": "1:1:25", "HistoryName": "MonteCarlo.0", "logFile": "/home/saul/projects/IL2244_VT26_SAUL/logs_saul/logs0/Job53.log", "logFileSize": "259172"}
[2026-05-26 10:37:41.958 Z] [EVENT] [cadence.virtuoso.ade.simulationMonitor] - GroupPoints {"history": "MonteCarlo.0", "point": 1, "testname": "TRAN_VDD_PULSE_MC", "cornername": "Nominal", "event": "GroupPoints", "EventSource": "spectre", "Points": "1:1:25", "HistoryName": "MonteCarlo.0", "logFile": "/home/saul/projects/IL2244_VT26_SAUL/Sim/FECG/fecg_front_end_tran_tb/maestro/results/maestro/MonteCarlo.0/1/TRAN_VDD_PULSE_MC/groupRunDataDir/psf/spectre.out", "logFileSize": "-1"}
[2026-05-26 10:37:41.966 Z] [PROCESS] [cadence.virtuoso.ade.simulationMonitor] - Simulator launched {"hostname": "edatools", "processid": 259513, "history": "MonteCarlo.0", "testname": "TRAN_VDD_PULSE_MC", "cornername": "Nominal", "point": 1, "logfile": "/home/saul/projects/IL2244_VT26_SAUL/logs_saul/logs0/Job53.log", "simid": "7"}
[2026-05-26 10:37:41.967 Z] [PROCESS] [cadence.virtuoso.ade.simulationMonitor] - Expression evaluator launched {"hostname": "edatools", "processid": 259513, "history": "MonteCarlo.0", "testname": "TRAN_VDD_PULSE_MC", "cornername": "Nominal", "point": 1, "logfile": "/home/saul/projects/IL2244_VT26_SAUL/logs_saul/logs0/Job53.log"}
[2026-05-26 10:37:41.982 Z] [PROCESS] [cadence.virtuoso.ade.simulationMonitor] - Started Simulation {"hostname": "edatools", "processid": 259513, "history": "MonteCarlo.0", "testname": "TRAN_VDD_PULSE_MC", "cornername": "Nominal", "point": 1, "logfile": "/home/saul/projects/IL2244_VT26_SAUL/logs_saul/logs0/Job53.log", "event": "started", "task": "simulation"}
[2026-05-26 10:37:42.482 Z] [INFO] [cadence.virtuoso.ade.simulationMonitor] - Notice from spectre during circuit read-in.
    Pre_Configuration file used: /opt/tools/cadence/installs/SPECTRE241/tools.lnx86/spectre/etc/configs/preset.precfg
    Configuration file used: `/opt/tools/cadence/installs/SPECTRE241/tools.lnx86/spectre/etc/configs/preset.cfg'. {"history": "MonteCarlo.0", "point": 1, "testname": "TRAN_VDD_PULSE_MC", "cornername": "Nominal"}
[2026-05-26 10:37:42.483 Z] [WARN] [cadence.virtuoso.ade.simulationMonitor] -     WARNING (SPECTRE-8360): line 1511: `ac' is an undefined primitive device. {"history": "MonteCarlo.0", "point": 1, "testname": "TRAN_VDD_PULSE_MC", "cornername": "Nominal"}
[2026-05-26 10:37:42.483 Z] [WARN] [cadence.virtuoso.ade.simulationMonitor] -     WARNING (SPECTRE-8360): line 1512: `ac' is an undefined primitive device. {"history": "MonteCarlo.0", "point": 1, "testname": "TRAN_VDD_PULSE_MC", "cornername": "Nominal"}
[2026-05-26 10:37:42.483 Z] [WARN] [cadence.virtuoso.ade.simulationMonitor] -     WARNING (SPECTRE-8360): line 1513: `ac' is an undefined primitive device. {"history": "MonteCarlo.0", "point": 1, "testname": "TRAN_VDD_PULSE_MC", "cornername": "Nominal"}
[2026-05-26 10:37:42.483 Z] [WARN] [cadence.virtuoso.ade.simulationMonitor] -     WARNING (SPECTRE-8360): line 1514: `ac' is an undefined primitive device. {"history": "MonteCarlo.0", "point": 1, "testname": "TRAN_VDD_PULSE_MC", "cornername": "Nominal"}
[2026-05-26 10:37:42.483 Z] [WARN] [cadence.virtuoso.ade.simulationMonitor] -     WARNING (SPECTRE-8360): line 1515: `ac' is an undefined primitive device.
        Further occurrences of this warning will be suppressed. {"history": "MonteCarlo.0", "point": 1, "testname": "TRAN_VDD_PULSE_MC", "cornername": "Nominal"}
[2026-05-26 10:37:42.483 Z] [INFO] [cadence.virtuoso.ade.simulationMonitor] - Peak resident memory used = 174 Mbytes. {"history": "MonteCarlo.0", "point": 1, "testname": "TRAN_VDD_PULSE_MC", "cornername": "Nominal"}
[2026-05-26 10:37:42.483 Z] [WARN] [cadence.virtuoso.ade.simulationMonitor] -     WARNING (VACOMP-2435): The environment variable CDS_AHDLCMI_ENABLE is no longer supported. Therefore, the simulator will use the default compiled C code flow. {"history": "MonteCarlo.0", "point": 1, "testname": "TRAN_VDD_PULSE_MC", "cornername": "Nominal"}
[2026-05-26 10:37:42.483 Z] [WARN] [cadence.virtuoso.ade.simulationMonitor] -     WARNING (SFE-3014): The floating device I19.I0.I5.MN14<0>_turbo_m4 is removed. {"history": "MonteCarlo.0", "point": 1, "testname": "TRAN_VDD_PULSE_MC", "cornername": "Nominal"}
[2026-05-26 10:37:42.483 Z] [WARN] [cadence.virtuoso.ade.simulationMonitor] -     WARNING (SFE-3012): The dummy device I19.I4.MP16<0>_turbo_m41 is removed. {"history": "MonteCarlo.0", "point": 1, "testname": "TRAN_VDD_PULSE_MC", "cornername": "Nominal"}
[2026-05-26 10:37:42.483 Z] [WARN] [cadence.virtuoso.ade.simulationMonitor] -     WARNING (SFE-3014): The floating device I19.I8.MN57<0>_turbo_m28 is removed. {"history": "MonteCarlo.0", "point": 1, "testname": "TRAN_VDD_PULSE_MC", "cornername": "Nominal"}
[2026-05-26 10:37:42.483 Z] [WARN] [cadence.virtuoso.ade.simulationMonitor] -     WARNING (SFE-3012): The dummy device I19.I14.MP13<0>_turbo_m4 is removed. {"history": "MonteCarlo.0", "point": 1, "testname": "TRAN_VDD_PULSE_MC", "cornername": "Nominal"}
[2026-05-26 10:37:42.483 Z] [WARN] [cadence.virtuoso.ade.simulationMonitor] -     WARNING (SFE-3031): The floating capacitor I19.I12.C10<0>_turbo_m12.C1 is removed. {"history": "MonteCarlo.0", "point": 1, "testname": "TRAN_VDD_PULSE_MC", "cornername": "Nominal"}
[2026-05-26 10:37:42.483 Z] [WARN] [cadence.virtuoso.ade.simulationMonitor] -     WARNING (SFE-3014): The floating device I19.I2.MN37<0>_turbo_m4 is removed. {"history": "MonteCarlo.0", "point": 1, "testname": "TRAN_VDD_PULSE_MC", "cornername": "Nominal"}
[2026-05-26 10:37:42.483 Z] [WARN] [cadence.virtuoso.ade.simulationMonitor] -     WARNING (SFE-3012): The dummy device I19.I0.I5.MP12<0>_turbo_m2 is removed. {"history": "MonteCarlo.0", "point": 1, "testname": "TRAN_VDD_PULSE_MC", "cornername": "Nominal"}
[2026-05-26 10:37:42.483 Z] [WARN] [cadence.virtuoso.ade.simulationMonitor] -     WARNING (SFE-3014): The floating device I19.I0.MN13<0>_turbo_m4 is removed. {"history": "MonteCarlo.0", "point": 1, "testname": "TRAN_VDD_PULSE_MC", "cornername": "Nominal"}
[2026-05-26 10:37:42.484 Z] [WARN] [cadence.virtuoso.ade.simulationMonitor] -     WARNING (SFE-3012): The dummy device I19.I0.I3.MP13<0>_turbo_m4 is removed. {"history": "MonteCarlo.0", "point": 1, "testname": "TRAN_VDD_PULSE_MC", "cornername": "Nominal"}
[2026-05-26 10:37:42.484 Z] [WARN] [cadence.virtuoso.ade.simulationMonitor] -     WARNING (SFE-3031): The floating capacitor I19.I12.C6<0>_turbo_m3.C1 is removed. {"history": "MonteCarlo.0", "point": 1, "testname": "TRAN_VDD_PULSE_MC", "cornername": "Nominal"}
[2026-05-26 10:37:42.484 Z] [WARN] [cadence.virtuoso.ade.simulationMonitor] -     WARNING (SFE-3012): The dummy device I19.I0.MP11<0>_turbo_m4 is removed.
        Further occurrences of this warning will be suppressed. {"history": "MonteCarlo.0", "point": 1, "testname": "TRAN_VDD_PULSE_MC", "cornername": "Nominal"}
[2026-05-26 10:37:42.484 Z] [WARN] [cadence.virtuoso.ade.simulationMonitor] -     WARNING (SFE-3031): The floating capacitor I19.I11.C7<0>_turbo_m3.C1 is removed. {"history": "MonteCarlo.0", "point": 1, "testname": "TRAN_VDD_PULSE_MC", "cornername": "Nominal"}
[2026-05-26 10:37:42.484 Z] [WARN] [cadence.virtuoso.ade.simulationMonitor] -     WARNING (SFE-3014): The floating device I19.I12.MN57<0>_turbo_m28 is removed.
        Further occurrences of this warning will be suppressed. {"history": "MonteCarlo.0", "point": 1, "testname": "TRAN_VDD_PULSE_MC", "cornername": "Nominal"}
[2026-05-26 10:37:42.484 Z] [WARN] [cadence.virtuoso.ade.simulationMonitor] -     WARNING (SFE-3031): The floating capacitor I19.I11.C10<0>_turbo_m12.C1 is removed. {"history": "MonteCarlo.0", "point": 1, "testname": "TRAN_VDD_PULSE_MC", "cornername": "Nominal"}
[2026-05-26 10:37:42.484 Z] [WARN] [cadence.virtuoso.ade.simulationMonitor] -     WARNING (SFE-3031): The floating capacitor I19.I12.C7<0>_turbo_m3.C1 is removed.
        Further occurrences of this warning will be suppressed. {"history": "MonteCarlo.0", "point": 1, "testname": "TRAN_VDD_PULSE_MC", "cornername": "Nominal"}
[2026-05-26 10:37:42.484 Z] [INFO] [cadence.virtuoso.ade.simulationMonitor] - Peak resident memory used = 192 Mbytes. {"history": "MonteCarlo.0", "point": 1, "testname": "TRAN_VDD_PULSE_MC", "cornername": "Nominal"}
[2026-05-26 10:37:42.484 Z] [INFO] [cadence.virtuoso.ade.simulationMonitor] - Notice from spectre during hierarchy flattening.
    The value 'psf' specified for the 'checklimitdest' option will no longer be supported in future releases. Use 'spectre -h' to see other recommended values for the 'checklimitdest' option.
    I19.I0.R10.CS0 of rpolyhc: `c' has the unusually small value of 0 F.
    I19.I0.R10.CS1 of rpolyhc: `c' has the unusually small value of 0 F.
    I19.I0.R9.CS0 of rpolyhc: `c' has the unusually small value of 0 F.
    I19.I0.R9.CS1 of rpolyhc: `c' has the unusually ... {"history": "MonteCarlo.0", "point": 1, "testname": "TRAN_VDD_PULSE_MC", "cornername": "Nominal"}
[2026-05-26 10:37:42.484 Z] [INFO] [cadence.virtuoso.ade.simulationMonitor] - Notice from spectre during hierarchy flattening.
    V17: `period' has the unusually large value of 20 s.
    V17: `width' has the unusually large value of 19 s.
    V16: `period' has the unusually large value of 10 s.
    V16: `width' has the unusually large value of 9 s.
    V9: `period' has the unusually large value of 10 s.
        Further occurrences of this notice will be suppressed. {"history": "MonteCarlo.0", "point": 1, "testname": "TRAN_VDD_PULSE_MC", "cornername": "Nominal"}
[2026-05-26 10:37:42.484 Z] [INFO] [cadence.virtuoso.ade.simulationMonitor] - Peak resident memory used = 196 Mbytes. {"history": "MonteCarlo.0", "point": 1, "testname": "TRAN_VDD_PULSE_MC", "cornername": "Nominal"}
[2026-05-26 10:37:42.484 Z] [WARN] [cadence.virtuoso.ade.simulationMonitor] -     WARNING (CMI-2425): I19.I2.C1: `Acde' = 2.393 is unusually large. {"history": "MonteCarlo.0", "point": 1, "testname": "TRAN_VDD_PULSE_MC", "cornername": "Nominal"}
[2026-05-26 10:37:42.484 Z] [WARN] [cadence.virtuoso.ade.simulationMonitor] -     WARNING (CMI-2425): I19.I2.C1: `Noff' = 4.732 is unusually large. {"history": "MonteCarlo.0", "point": 1, "testname": "TRAN_VDD_PULSE_MC", "cornername": "Nominal"}
[2026-05-26 10:37:42.484 Z] [WARN] [cadence.virtuoso.ade.simulationMonitor] -     WARNING (CMI-2424): I19.I2.C1: `Voffcv' = -867.4e-03 is unusually small. {"history": "MonteCarlo.0", "point": 1, "testname": "TRAN_VDD_PULSE_MC", "cornername": "Nominal"}
[2026-05-26 10:37:42.484 Z] [WARN] [cadence.virtuoso.ade.simulationMonitor] -     WARNING (CMI-2425): I19.I11.C0: `Acde' = 2.393 is unusually large. {"history": "MonteCarlo.0", "point": 1, "testname": "TRAN_VDD_PULSE_MC", "cornername": "Nominal"}
[2026-05-26 10:37:42.484 Z] [WARN] [cadence.virtuoso.ade.simulationMonitor] -     WARNING (CMI-2425): I19.I11.C0: `Noff' = 4.732 is unusually large. {"history": "MonteCarlo.0", "point": 1, "testname": "TRAN_VDD_PULSE_MC", "cornername": "Nominal"}
[2026-05-26 10:37:42.484 Z] [WARN] [cadence.virtuoso.ade.simulationMonitor] -     WARNING (CMI-2424): I19.I11.C0: `Voffcv' = -867.4e-03 is unusually small. {"history": "MonteCarlo.0", "point": 1, "testname": "TRAN_VDD_PULSE_MC", "cornername": "Nominal"}
[2026-05-26 10:37:42.484 Z] [WARN] [cadence.virtuoso.ade.simulationMonitor] -     WARNING (CMI-2425): I19.I12.C0: `Acde' = 2.393 is unusually large.
        Further occurrences of this warning will be suppressed. {"history": "MonteCarlo.0", "point": 1, "testname": "TRAN_VDD_PULSE_MC", "cornername": "Nominal"}
[2026-05-26 10:37:42.484 Z] [WARN] [cadence.virtuoso.ade.simulationMonitor] -     WARNING (CMI-2424): I19.I12.C0: `Voffcv' = -867.4e-03 is unusually small. {"history": "MonteCarlo.0", "point": 1, "testname": "TRAN_VDD_PULSE_MC", "cornername": "Nominal"}
[2026-05-26 10:37:42.484 Z] [WARN] [cadence.virtuoso.ade.simulationMonitor] -     WARNING (CMI-2424): I19.I8.C0: `Voffcv' = -867.4e-03 is unusually small. {"history": "MonteCarlo.0", "point": 1, "testname": "TRAN_VDD_PULSE_MC", "cornername": "Nominal"}
[2026-05-26 10:37:42.484 Z] [WARN] [cadence.virtuoso.ade.simulationMonitor] -     WARNING (CMI-2424): I19.I11.C1: `Voffcv' = -867.4e-03 is unusually small.
        Further occurrences of this warning will be suppressed. {"history": "MonteCarlo.0", "point": 1, "testname": "TRAN_VDD_PULSE_MC", "cornername": "Nominal"}
[2026-05-26 10:37:42.484 Z] [WARN] [cadence.virtuoso.ade.simulationMonitor] -     WARNING (SPECTRE-17607): Assert `SOAC_rpolyh_vminuspsub' is ignored because it contains an expression which is invalid or not supported by native evaluator.  {"history": "MonteCarlo.0", "point": 1, "testname": "TRAN_VDD_PULSE_MC", "cornername": "Nominal"}
[2026-05-26 10:37:42.484 Z] [WARN] [cadence.virtuoso.ade.simulationMonitor] -     WARNING (SPECTRE-17607): Assert `SOAC_rpolyh_vpluspsub' is ignored because it contains an expression which is invalid or not supported by native evaluator.  {"history": "MonteCarlo.0", "point": 1, "testname": "TRAN_VDD_PULSE_MC", "cornername": "Nominal"}
[2026-05-26 10:37:42.484 Z] [WARN] [cadence.virtuoso.ade.simulationMonitor] -     WARNING (SPECTRE-16460): SOAC_cvarm_vspsub:Specified subcircuit master `cvarm' was not found. {"history": "MonteCarlo.0", "point": 1, "testname": "TRAN_VDD_PULSE_MC", "cornername": "Nominal"}
[2026-05-26 10:37:42.485 Z] [WARN] [cadence.virtuoso.ade.simulationMonitor] -     WARNING (SPECTRE-16462): SOAC_cvarm_vspsub:Error in specification of subcircuit master. Assert is ignored. {"history": "MonteCarlo.0", "point": 1, "testname": "TRAN_VDD_PULSE_MC", "cornername": "Nominal"}
[2026-05-26 10:37:42.485 Z] [WARN] [cadence.virtuoso.ade.simulationMonitor] -     WARNING (SPECTRE-16460): SOAC_cvarm_vbs:Specified subcircuit master `cvarm' was not found. {"history": "MonteCarlo.0", "point": 1, "testname": "TRAN_VDD_PULSE_MC", "cornername": "Nominal"}
[2026-05-26 10:37:42.485 Z] [WARN] [cadence.virtuoso.ade.simulationMonitor] -     WARNING (SPECTRE-16462): SOAC_cvarm_vbs:Error in specification of subcircuit master. Assert is ignored. {"history": "MonteCarlo.0", "point": 1, "testname": "TRAN_VDD_PULSE_MC", "cornername": "Nominal"}
[2026-05-26 10:37:42.485 Z] [WARN] [cadence.virtuoso.ade.simulationMonitor] -     WARNING (SPECTRE-16460): SOAC_cvarm_vgb:Specified subcircuit master `cvarm' was not found. {"history": "MonteCarlo.0", "point": 1, "testname": "TRAN_VDD_PULSE_MC", "cornername": "Nominal"}
[2026-05-26 10:37:42.485 Z] [WARN] [cadence.virtuoso.ade.simulationMonitor] -     WARNING (SPECTRE-16462): SOAC_cvarm_vgb:Error in specification of subcircuit master. Assert is ignored. {"history": "MonteCarlo.0", "point": 1, "testname": "TRAN_VDD_PULSE_MC", "cornername": "Nominal"}
[2026-05-26 10:37:42.485 Z] [WARN] [cadence.virtuoso.ade.simulationMonitor] -     WARNING (SPECTRE-16460): SOAC_cvart_vspsub:Specified subcircuit master `cvart' was not found. {"history": "MonteCarlo.0", "point": 1, "testname": "TRAN_VDD_PULSE_MC", "cornername": "Nominal"}
[2026-05-26 10:37:42.485 Z] [WARN] [cadence.virtuoso.ade.simulationMonitor] -     WARNING (SPECTRE-16462): SOAC_cvart_vspsub:Error in specification of subcircuit master. Assert is ignored. {"history": "MonteCarlo.0", "point": 1, "testname": "TRAN_VDD_PULSE_MC", "cornername": "Nominal"}
[2026-05-26 10:37:42.485 Z] [WARN] [cadence.virtuoso.ade.simulationMonitor] -     WARNING (SPECTRE-16460): SOAC_cvart_vbs:Specified subcircuit master `cvart' was not found.
        Further occurrences of this warning will be suppressed. {"history": "MonteCarlo.0", "point": 1, "testname": "TRAN_VDD_PULSE_MC", "cornername": "Nominal"}
[2026-05-26 10:37:42.485 Z] [WARN] [cadence.virtuoso.ade.simulationMonitor] -     WARNING (SPECTRE-16462): SOAC_cvart_vbs:Error in specification of subcircuit master. Assert is ignored.
        Further occurrences of this warning will be suppressed. {"history": "MonteCarlo.0", "point": 1, "testname": "TRAN_VDD_PULSE_MC", "cornername": "Nominal"}
[2026-05-26 10:37:42.485 Z] [WARN] [cadence.virtuoso.ade.simulationMonitor] -     WARNING (SPECTRE-17607): Assert `SOAC_cvar_vspsub' is ignored because it contains an expression which is invalid or not supported by native evaluator.  {"history": "MonteCarlo.0", "point": 1, "testname": "TRAN_VDD_PULSE_MC", "cornername": "Nominal"}
[2026-05-26 10:37:42.485 Z] [WARN] [cadence.virtuoso.ade.simulationMonitor] -     WARNING (SPECTRE-17607): Assert `SOAC_cvar_vbpsub' is ignored because it contains an expression which is invalid or not supported by native evaluator.  {"history": "MonteCarlo.0", "point": 1, "testname": "TRAN_VDD_PULSE_MC", "cornername": "Nominal"}
[2026-05-26 10:37:42.485 Z] [WARN] [cadence.virtuoso.ade.simulationMonitor] -     WARNING (SPECTRE-17607): Assert `SOAC_cvar_vgpsub' is ignored because it contains an expression which is invalid or not supported by native evaluator. 
        Further occurrences of this warning will be suppressed. {"history": "MonteCarlo.0", "point": 1, "testname": "TRAN_VDD_PULSE_MC", "cornername": "Nominal"}
[2026-05-26 10:37:42.985 Z] [INFO] [cadence.virtuoso.ade.simulationMonitor] - Notice from spectre during topology check.
    No DC path from node `net19' to ground, Gmin installed to provide path. {"history": "MonteCarlo.0", "point": 1, "testname": "TRAN_VDD_PULSE_MC", "cornername": "Nominal"}
[2026-05-26 10:37:42.985 Z] [INFO] [cadence.virtuoso.ade.simulationMonitor] - Notice from spectre during initial setup.
    Multithreading is disabled due to the size of the design being too small. {"history": "MonteCarlo.0", "point": 1, "testname": "TRAN_VDD_PULSE_MC", "cornername": "Nominal"}
[2026-05-26 10:37:42.986 Z] [INFO] [cadence.virtuoso.ade.simulationMonitor] -               nodes 784 {"history": "MonteCarlo.0", "point": 1, "testname": "TRAN_VDD_PULSE_MC", "cornername": "Nominal"}
[2026-05-26 10:37:42.986 Z] [INFO] [cadence.virtuoso.ade.simulationMonitor] - Notice from spectre during initial setup.
    Spectre X preset=mx enabled.
    18 notices suppressed.
    184 warnings suppressed. {"history": "MonteCarlo.0", "point": 1, "testname": "TRAN_VDD_PULSE_MC", "cornername": "Nominal"}
[2026-05-26 10:37:42.986 Z] [INFO] [cadence.virtuoso.ade.simulationMonitor] - Peak resident memory used = 206 Mbytes. {"history": "MonteCarlo.0", "point": 1, "testname": "TRAN_VDD_PULSE_MC", "cornername": "Nominal"}
[2026-05-26 10:37:42.986 Z] [INFO] [cadence.virtuoso.ade.simulationMonitor] -    -   (Spectre X) Multi-threading. The recommended number of threads is 1, consider adding +mt=1 on command line. {"history": "MonteCarlo.0", "point": 1, "testname": "TRAN_VDD_PULSE_MC", "cornername": "Nominal"}
[2026-05-26 10:37:42.986 Z] [INFO] [cadence.virtuoso.ade.simulationMonitor] - Notice from spectre at iteration = 1 during Monte Carlo analysis `mc1'.
    V17: `period' has the unusually large value of 20 s.
    V17: `width' has the unusually large value of 19 s.
    V16: `period' has the unusually large value of 10 s.
    V16: `width' has the unusually large value of 9 s.
    V9: `period' has the unusually large value of 10 s.
        Further occurrences of this notice will be suppressed. {"history": "MonteCarlo.0", "point": 1, "testname": "TRAN_VDD_PULSE_MC", "cornername": "Nominal"}
[2026-05-26 10:37:42.986 Z] [INFO] [cadence.virtuoso.ade.simulationMonitor] - Notice from spectre at iteration = 1 in `rpolyhc':`I19.I0.R10', in `fecg_cmfb2_f':`I19.I0', in `fecg_front_end_f_3':`I19', during Monte Carlo analysis `mc1'.
    I19.I0.R10.CS0 of rpolyhc: `c' has the unusually small value of 0 F.
    I19.I0.R10.CS1 of rpolyhc: `c' has the unusually small value of 0 F. {"history": "MonteCarlo.0", "point": 1, "testname": "TRAN_VDD_PULSE_MC", "cornername": "Nominal"}
[2026-05-26 10:37:42.986 Z] [INFO] [cadence.virtuoso.ade.simulationMonitor] - Notice from spectre at iteration = 1 in `rpolyhc':`I19.I0.R9', in `fecg_cmfb2_f':`I19.I0', in `fecg_front_end_f_3':`I19', during Monte Carlo analysis `mc1'.
    I19.I0.R9.CS0 of rpolyhc: `c' has the unusually small value of 0 F.
    I19.I0.R9.CS1 of rpolyhc: `c' has the unusually small value of 0 F. {"history": "MonteCarlo.0", "point": 1, "testname": "TRAN_VDD_PULSE_MC", "cornername": "Nominal"}
[2026-05-26 10:37:42.986 Z] [INFO] [cadence.virtuoso.ade.simulationMonitor] - Notice from spectre at iteration = 1 in `rpolyhc':`I19.I0.R7', in `fecg_cmfb2_f':`I19.I0', in `fecg_front_end_f_3':`I19', during Monte Carlo analysis `mc1'.
    I19.I0.R7.CS0 of rpolyhc: `c' has the unusually small value of 0 F.
        Further occurrences of this notice will be suppressed. {"history": "MonteCarlo.0", "point": 1, "testname": "TRAN_VDD_PULSE_MC", "cornername": "Nominal"}
[2026-05-26 10:37:42.986 Z] [WARN] [cadence.virtuoso.ade.simulationMonitor] -     WARNING (CMI-2425): I19.I11.C0: `Acde' = 2.393 is unusually large. {"history": "MonteCarlo.0", "point": 1, "testname": "TRAN_VDD_PULSE_MC", "cornername": "Nominal"}
[2026-05-26 10:37:42.986 Z] [WARN] [cadence.virtuoso.ade.simulationMonitor] -     WARNING (CMI-2425): I19.I11.C0: `Noff' = 4.732 is unusually large. {"history": "MonteCarlo.0", "point": 1, "testname": "TRAN_VDD_PULSE_MC", "cornername": "Nominal"}
[2026-05-26 10:37:42.986 Z] [WARN] [cadence.virtuoso.ade.simulationMonitor] -     WARNING (CMI-2424): I19.I11.C0: `Voffcv' = -867.4e-03 is unusually small. {"history": "MonteCarlo.0", "point": 1, "testname": "TRAN_VDD_PULSE_MC", "cornername": "Nominal"}
[2026-05-26 10:37:42.986 Z] [WARN] [cadence.virtuoso.ade.simulationMonitor] -     WARNING (CMI-2425): I19.I11.C1: `Acde' = 2.393 is unusually large. {"history": "MonteCarlo.0", "point": 1, "testname": "TRAN_VDD_PULSE_MC", "cornername": "Nominal"}
[2026-05-26 10:37:42.986 Z] [WARN] [cadence.virtuoso.ade.simulationMonitor] -     WARNING (CMI-2425): I19.I11.C1: `Noff' = 4.732 is unusually large. {"history": "MonteCarlo.0", "point": 1, "testname": "TRAN_VDD_PULSE_MC", "cornername": "Nominal"}
[2026-05-26 10:37:42.986 Z] [WARN] [cadence.virtuoso.ade.simulationMonitor] -     WARNING (CMI-2424): I19.I11.C1: `Voffcv' = -867.4e-03 is unusually small. {"history": "MonteCarlo.0", "point": 1, "testname": "TRAN_VDD_PULSE_MC", "cornername": "Nominal"}
[2026-05-26 10:37:42.987 Z] [WARN] [cadence.virtuoso.ade.simulationMonitor] -     WARNING (CMI-2425): I19.I12.C0: `Acde' = 2.393 is unusually large.
        Further occurrences of this warning will be suppressed. {"history": "MonteCarlo.0", "point": 1, "testname": "TRAN_VDD_PULSE_MC", "cornername": "Nominal"}
[2026-05-26 10:37:42.987 Z] [WARN] [cadence.virtuoso.ade.simulationMonitor] -     WARNING (CMI-2424): I19.I12.C0: `Voffcv' = -867.4e-03 is unusually small. {"history": "MonteCarlo.0", "point": 1, "testname": "TRAN_VDD_PULSE_MC", "cornername": "Nominal"}
[2026-05-26 10:37:42.987 Z] [WARN] [cadence.virtuoso.ade.simulationMonitor] -     WARNING (CMI-2424): I19.I12.C1: `Voffcv' = -867.4e-03 is unusually small. {"history": "MonteCarlo.0", "point": 1, "testname": "TRAN_VDD_PULSE_MC", "cornername": "Nominal"}
[2026-05-26 10:37:42.987 Z] [WARN] [cadence.virtuoso.ade.simulationMonitor] -     WARNING (CMI-2424): I19.I0.I5.C1: `Voffcv' = -867.4e-03 is unusually small.
        Further occurrences of this warning will be suppressed. {"history": "MonteCarlo.0", "point": 1, "testname": "TRAN_VDD_PULSE_MC", "cornername": "Nominal"}
[2026-05-26 10:37:42.987 Z] [INFO] [cadence.virtuoso.ade.simulationMonitor] - Notice from spectre at iteration = 1 during DC analysis `dcOp', during Monte Carlo analysis `mc1'.
    No checklimit analysis defined for asserts. A default checklimit analysis 'SpectreChecklimitAnal' has been created with all asserts enabled. {"history": "MonteCarlo.0", "point": 1, "testname": "TRAN_VDD_PULSE_MC", "cornername": "Nominal"}
[2026-05-26 10:37:42.987 Z] [INFO] [cadence.virtuoso.ade.simulationMonitor] - Notice from spectre at iteration = 1 during DC analysis `dcOp', during Monte Carlo analysis `mc1'.
    GminDC = 1 pS is large enough to noticeably affect the DC solution.
        dV(I19.I2.C1.d1) = 1.56054 mV
        Use the `gmin_check' option to eliminate or expand this report.
    Bad pivoting is found during DC analysis. Option dc_pivot_check=yes is recommended for possible improvement of convergence. {"history": "MonteCarlo.0", "point": 1, "testname": "TRAN_VDD_PULSE_MC", "cornername": "Nominal"}
[2026-05-26 10:37:42.987 Z] [WARN] [cadence.virtuoso.ade.simulationMonitor] -     WARNING (CMI-2139): I19.I2.I8.MP5: The bulk-drain junction current exceeds `imelt'.  The results computed by Spectre may be inaccurate because the junction current model has been linearized. {"history": "MonteCarlo.0", "point": 1, "testname": "TRAN_VDD_PULSE_MC", "cornername": "Nominal"}
[2026-05-26 10:37:42.987 Z] [WARN] [cadence.virtuoso.ade.simulationMonitor] -     WARNING (CMI-2144): I19.I2.I8.MP5: The bulk-drain junction current exceeds `imax'. {"history": "MonteCarlo.0", "point": 1, "testname": "TRAN_VDD_PULSE_MC", "cornername": "Nominal"}
[2026-05-26 10:37:42.987 Z] [WARN] [cadence.virtuoso.ade.simulationMonitor] -     WARNING (CMI-2139): I19.I2.I8.MP6: The bulk-drain junction current exceeds `imelt'.  The results computed by Spectre may be inaccurate because the junction current model has been linearized. {"history": "MonteCarlo.0", "point": 1, "testname": "TRAN_VDD_PULSE_MC", "cornername": "Nominal"}
[2026-05-26 10:37:42.987 Z] [WARN] [cadence.virtuoso.ade.simulationMonitor] -     WARNING (CMI-2144): I19.I2.I8.MP6: The bulk-drain junction current exceeds `imax'. {"history": "MonteCarlo.0", "point": 1, "testname": "TRAN_VDD_PULSE_MC", "cornername": "Nominal"}
[2026-05-26 10:37:42.987 Z] [WARN] [cadence.virtuoso.ade.simulationMonitor] -     WARNING (CMI-2139): I19.I2.I8.MP7: The bulk-drain junction current exceeds `imelt'.  The results computed by Spectre may be inaccurate because the junction current model has been linearized. {"history": "MonteCarlo.0", "point": 1, "testname": "TRAN_VDD_PULSE_MC", "cornername": "Nominal"}
[2026-05-26 10:37:42.987 Z] [WARN] [cadence.virtuoso.ade.simulationMonitor] -     WARNING (CMI-2144): I19.I2.I8.MP7: The bulk-drain junction current exceeds `imax'. {"history": "MonteCarlo.0", "point": 1, "testname": "TRAN_VDD_PULSE_MC", "cornername": "Nominal"}
[2026-05-26 10:37:42.987 Z] [WARN] [cadence.virtuoso.ade.simulationMonitor] -     WARNING (CMI-2139): I19.I2.I8.MP8: The bulk-drain junction current exceeds `imelt'.  The results computed by Spectre may be inaccurate because the junction current model has been linearized. {"history": "MonteCarlo.0", "point": 1, "testname": "TRAN_VDD_PULSE_MC", "cornername": "Nominal"}
[2026-05-26 10:37:42.987 Z] [WARN] [cadence.virtuoso.ade.simulationMonitor] -     WARNING (CMI-2144): I19.I2.I8.MP8: The bulk-drain junction current exceeds `imax'. {"history": "MonteCarlo.0", "point": 1, "testname": "TRAN_VDD_PULSE_MC", "cornername": "Nominal"}
[2026-05-26 10:37:42.987 Z] [WARN] [cadence.virtuoso.ade.simulationMonitor] -     WARNING (CMI-2139): I19.I0.MP10: The bulk-drain junction current exceeds `imelt'.  The results computed by Spectre may be inaccurate because the junction current model has been linearized.
        Further occurrences of this warning will be suppressed. {"history": "MonteCarlo.0", "point": 1, "testname": "TRAN_VDD_PULSE_MC", "cornername": "Nominal"}
[2026-05-26 10:37:42.988 Z] [WARN] [cadence.virtuoso.ade.simulationMonitor] -     WARNING (CMI-2144): I19.I0.MP10: The bulk-drain junction current exceeds `imax'.
        Further occurrences of this warning will be suppressed. {"history": "MonteCarlo.0", "point": 1, "testname": "TRAN_VDD_PULSE_MC", "cornername": "Nominal"}
[2026-05-26 10:37:42.988 Z] [WARN] [cadence.virtuoso.ade.simulationMonitor] -     WARNING (CMI-2943): Parameter checks have been ignored because the valid value for parameter 'trise' could not be found in 'C0'. {"history": "MonteCarlo.0", "point": 1, "testname": "TRAN_VDD_PULSE_MC", "cornername": "Nominal"}
[2026-05-26 10:37:42.988 Z] [WARN] [cadence.virtuoso.ade.simulationMonitor] -     WARNING (CMI-2943): Parameter checks have been ignored because the valid value for parameter 'trise' could not be found in 'C3'. {"history": "MonteCarlo.0", "point": 1, "testname": "TRAN_VDD_PULSE_MC", "cornername": "Nominal"}
[2026-05-26 10:37:42.988 Z] [WARN] [cadence.virtuoso.ade.simulationMonitor] -     WARNING (CMI-2943): Parameter checks have been ignored because the valid value for parameter 'trise' could not be found in 'C4'. {"history": "MonteCarlo.0", "point": 1, "testname": "TRAN_VDD_PULSE_MC", "cornername": "Nominal"}
[2026-05-26 10:37:42.988 Z] [WARN] [cadence.virtuoso.ade.simulationMonitor] -     WARNING (CMI-2943): Parameter checks have been ignored because the valid value for parameter 'trise' could not be found in 'C5'. {"history": "MonteCarlo.0", "point": 1, "testname": "TRAN_VDD_PULSE_MC", "cornername": "Nominal"}
[2026-05-26 10:37:42.988 Z] [WARN] [cadence.virtuoso.ade.simulationMonitor] -     WARNING (CMI-2943): Parameter checks have been ignored because the valid value for parameter 'trise' could not be found in 'I19.I4.C9<0>_turbo_m6.C1'.
        Further occurrences of this warning will be suppressed. {"history": "MonteCarlo.0", "point": 1, "testname": "TRAN_VDD_PULSE_MC", "cornername": "Nominal"}
[2026-05-26 10:37:42.988 Z] [INFO] [cadence.virtuoso.ade.simulationMonitor] - Total time required for dc analysis `dcOp': CPU = 43.879 ms, elapsed = 68.3379 ms, util. = 64.2%. {"history": "MonteCarlo.0", "point": 1, "testname": "TRAN_VDD_PULSE_MC", "cornername": "Nominal"}
[2026-05-26 10:37:42.988 Z] [INFO] [cadence.virtuoso.ade.simulationMonitor] - Peak resident memory used = 220 Mbytes. {"history": "MonteCarlo.0", "point": 1, "testname": "TRAN_VDD_PULSE_MC", "cornername": "Nominal"}
[2026-05-26 10:37:42.988 Z] [INFO] [cadence.virtuoso.ade.simulationMonitor] - Notice from spectre at iteration = 1 during Monte Carlo analysis `mc1'.
    8 notices suppressed.
    286 warnings suppressed. {"history": "MonteCarlo.0", "point": 1, "testname": "TRAN_VDD_PULSE_MC", "cornername": "Nominal"}
[2026-05-26 10:37:42.988 Z] [WARN] [cadence.virtuoso.ade.simulationMonitor] -     WARNING (CMI-2425): I19.I0.C1<0>_dummy: `Acde' = 2.393 is unusually large. {"history": "MonteCarlo.0", "point": 1, "testname": "TRAN_VDD_PULSE_MC", "cornername": "Nominal"}
[2026-05-26 10:37:42.988 Z] [WARN] [cadence.virtuoso.ade.simulationMonitor] -     WARNING (CMI-2425): I19.I0.C1<0>_dummy: `Noff' = 4.732 is unusually large. {"history": "MonteCarlo.0", "point": 1, "testname": "TRAN_VDD_PULSE_MC", "cornername": "Nominal"}
[2026-05-26 10:37:42.988 Z] [WARN] [cadence.virtuoso.ade.simulationMonitor] -     WARNING (CMI-2424): I19.I0.C1<0>_dummy: `Voffcv' = -867.4e-03 is unusually small. {"history": "MonteCarlo.0", "point": 1, "testname": "TRAN_VDD_PULSE_MC", "cornername": "Nominal"}
[2026-05-26 10:37:42.988 Z] [INFO] [cadence.virtuoso.ade.simulationMonitor] - Notice from spectre at iteration = 1 during IC analysis, during transient analysis `tran', during Monte Carlo analysis `mc1'.
    GminDC = 1 pS is large enough to noticeably affect the DC solution.
        dV(I19.I2.C1.d1) = 1.56054 mV
        Use the `gmin_check' option to eliminate or expand this report.
    Bad pivoting is found during DC analysis. Option dc_pivot_check=yes is recommended for possible improvement of convergence. {"history": "MonteCarlo.0", "point": 1, "testname": "TRAN_VDD_PULSE_MC", "cornername": "Nominal"}
[2026-05-26 10:37:42.988 Z] [WARN] [cadence.virtuoso.ade.simulationMonitor] -     WARNING (CMI-2139): I19.I2.I8.MP5: The bulk-drain junction current exceeds `imelt'.  The results computed by Spectre may be inaccurate because the junction current model has been linearized. {"history": "MonteCarlo.0", "point": 1, "testname": "TRAN_VDD_PULSE_MC", "cornername": "Nominal"}
[2026-05-26 10:37:42.988 Z] [WARN] [cadence.virtuoso.ade.simulationMonitor] -     WARNING (CMI-2144): I19.I2.I8.MP5: The bulk-drain junction current exceeds `imax'. {"history": "MonteCarlo.0", "point": 1, "testname": "TRAN_VDD_PULSE_MC", "cornername": "Nominal"}
[2026-05-26 10:37:42.988 Z] [WARN] [cadence.virtuoso.ade.simulationMonitor] -     WARNING (CMI-2139): I19.I2.I8.MP6: The bulk-drain junction current exceeds `imelt'.  The results computed by Spectre may be inaccurate because the junction current model has been linearized. {"history": "MonteCarlo.0", "point": 1, "testname": "TRAN_VDD_PULSE_MC", "cornername": "Nominal"}
[2026-05-26 10:37:42.989 Z] [WARN] [cadence.virtuoso.ade.simulationMonitor] -     WARNING (CMI-2144): I19.I2.I8.MP6: The bulk-drain junction current exceeds `imax'. {"history": "MonteCarlo.0", "point": 1, "testname": "TRAN_VDD_PULSE_MC", "cornername": "Nominal"}
[2026-05-26 10:37:42.989 Z] [WARN] [cadence.virtuoso.ade.simulationMonitor] -     WARNING (CMI-2139): I19.I2.I8.MP7: The bulk-drain junction current exceeds `imelt'.  The results computed by Spectre may be inaccurate because the junction current model has been linearized. {"history": "MonteCarlo.0", "point": 1, "testname": "TRAN_VDD_PULSE_MC", "cornername": "Nominal"}
[2026-05-26 10:37:42.989 Z] [WARN] [cadence.virtuoso.ade.simulationMonitor] -     WARNING (CMI-2144): I19.I2.I8.MP7: The bulk-drain junction current exceeds `imax'. {"history": "MonteCarlo.0", "point": 1, "testname": "TRAN_VDD_PULSE_MC", "cornername": "Nominal"}
[2026-05-26 10:37:42.989 Z] [WARN] [cadence.virtuoso.ade.simulationMonitor] -     WARNING (CMI-2139): I19.I2.I8.MP8: The bulk-drain junction current exceeds `imelt'.  The results computed by Spectre may be inaccurate because the junction current model has been linearized. {"history": "MonteCarlo.0", "point": 1, "testname": "TRAN_VDD_PULSE_MC", "cornername": "Nominal"}
[2026-05-26 10:37:42.989 Z] [WARN] [cadence.virtuoso.ade.simulationMonitor] -     WARNING (CMI-2144): I19.I2.I8.MP8: The bulk-drain junction current exceeds `imax'. {"history": "MonteCarlo.0", "point": 1, "testname": "TRAN_VDD_PULSE_MC", "cornername": "Nominal"}
[2026-05-26 10:37:42.989 Z] [WARN] [cadence.virtuoso.ade.simulationMonitor] -     WARNING (CMI-2139): I19.I0.MP10: The bulk-drain junction current exceeds `imelt'.  The results computed by Spectre may be inaccurate because the junction current model has been linearized.
        Further occurrences of this warning will be suppressed. {"history": "MonteCarlo.0", "point": 1, "testname": "TRAN_VDD_PULSE_MC", "cornername": "Nominal"}
[2026-05-26 10:37:42.989 Z] [WARN] [cadence.virtuoso.ade.simulationMonitor] -     WARNING (CMI-2144): I19.I0.MP10: The bulk-drain junction current exceeds `imax'.
        Further occurrences of this warning will be suppressed. {"history": "MonteCarlo.0", "point": 1, "testname": "TRAN_VDD_PULSE_MC", "cornername": "Nominal"}
[2026-05-26 10:37:42.989 Z] [WARN] [cadence.virtuoso.ade.simulationMonitor] -     WARNING (CMI-2943): Parameter checks have been ignored because the valid value for parameter 'trise' could not be found in 'C0'. {"history": "MonteCarlo.0", "point": 1, "testname": "TRAN_VDD_PULSE_MC", "cornername": "Nominal"}
[2026-05-26 10:37:42.989 Z] [WARN] [cadence.virtuoso.ade.simulationMonitor] -     WARNING (CMI-2943): Parameter checks have been ignored because the valid value for parameter 'trise' could not be found in 'C3'. {"history": "MonteCarlo.0", "point": 1, "testname": "TRAN_VDD_PULSE_MC", "cornername": "Nominal"}
[2026-05-26 10:37:42.989 Z] [WARN] [cadence.virtuoso.ade.simulationMonitor] -     WARNING (CMI-2943): Parameter checks have been ignored because the valid value for parameter 'trise' could not be found in 'C4'. {"history": "MonteCarlo.0", "point": 1, "testname": "TRAN_VDD_PULSE_MC", "cornername": "Nominal"}
[2026-05-26 10:37:42.989 Z] [WARN] [cadence.virtuoso.ade.simulationMonitor] -     WARNING (CMI-2943): Parameter checks have been ignored because the valid value for parameter 'trise' could not be found in 'C5'. {"history": "MonteCarlo.0", "point": 1, "testname": "TRAN_VDD_PULSE_MC", "cornername": "Nominal"}
[2026-05-26 10:37:42.989 Z] [WARN] [cadence.virtuoso.ade.simulationMonitor] -     WARNING (CMI-2943): Parameter checks have been ignored because the valid value for parameter 'trise' could not be found in 'I19.I4.C9<0>_turbo_m6.C1'.
        Further occurrences of this warning will be suppressed. {"history": "MonteCarlo.0", "point": 1, "testname": "TRAN_VDD_PULSE_MC", "cornername": "Nominal"}
[2026-05-26 10:37:42.989 Z] [INFO] [cadence.virtuoso.ade.simulationMonitor] - Notice from spectre at iteration = 1 during transient analysis `tran', during Monte Carlo analysis `mc1'.
    Multithreading is disabled due to the size of the design being too small. {"history": "MonteCarlo.0", "point": 1, "testname": "TRAN_VDD_PULSE_MC", "cornername": "Nominal"}
[2026-05-26 10:37:42.989 Z] [INFO] [cadence.virtuoso.ade.simulationMonitor] - Notice from spectre at time = 202.311 us during transient analysis `tran', during Monte Carlo analysis `mc1'.
    I19.I2.I8.MP5: The bulk-drain junction leaves the linearized region.
    I19.I2.I8.MP5: The bulk-drain junction current no longer exceeds `imax'.
    I19.I2.I8.MP6: The bulk-drain junction leaves the linearized region.
    I19.I2.I8.MP6: The bulk-drain junction current no longer exceeds `imax'.
    I19.I2.I8.MP7: The bulk-drain junction leaves the linearized region.
    I19.I2.I8.MP7: The bulk-... {"history": "MonteCarlo.0", "point": 1, "testname": "TRAN_VDD_PULSE_MC", "cornername": "Nominal"}
[2026-05-26 10:39:27.530 Z] [INFO] [cadence.virtuoso.ade.simulationMonitor] - Total time required for tran analysis `tran': CPU = 104.346 s (1m  44.3s), elapsed = 104.383 s (1m  44.4s), util. = 100%. {"history": "MonteCarlo.0", "point": 1, "testname": "TRAN_VDD_PULSE_MC", "cornername": "Nominal"}
[2026-05-26 10:39:27.530 Z] [INFO] [cadence.virtuoso.ade.simulationMonitor] - Peak resident memory used = 226 Mbytes. {"history": "MonteCarlo.0", "point": 1, "testname": "TRAN_VDD_PULSE_MC", "cornername": "Nominal"}
[2026-05-26 10:39:27.530 Z] [INFO] [cadence.virtuoso.ade.simulationMonitor] - Notice from spectre during transient analysis `tran', during Monte Carlo analysis `mc1'.
    2 notices suppressed.
    260 warnings suppressed. {"history": "MonteCarlo.0", "point": 1, "testname": "TRAN_VDD_PULSE_MC", "cornername": "Nominal"}
[2026-05-26 10:39:27.531 Z] [WARN] [cadence.virtuoso.ade.simulationMonitor] -     WARNING (CMI-2425): I19.I0.C1<0>_dummy: `Acde' = 2.393 is unusually large. {"history": "MonteCarlo.0", "point": 1, "testname": "TRAN_VDD_PULSE_MC", "cornername": "Nominal"}
[2026-05-26 10:39:27.531 Z] [WARN] [cadence.virtuoso.ade.simulationMonitor] -     WARNING (CMI-2425): I19.I0.C1<0>_dummy: `Noff' = 4.732 is unusually large. {"history": "MonteCarlo.0", "point": 1, "testname": "TRAN_VDD_PULSE_MC", "cornername": "Nominal"}
[2026-05-26 10:39:27.531 Z] [WARN] [cadence.virtuoso.ade.simulationMonitor] -     WARNING (CMI-2424): I19.I0.C1<0>_dummy: `Voffcv' = -867.4e-03 is unusually small. {"history": "MonteCarlo.0", "point": 1, "testname": "TRAN_VDD_PULSE_MC", "cornername": "Nominal"}
[2026-05-26 10:39:27.531 Z] [WARN] [cadence.virtuoso.ade.simulationMonitor] -     WARNING (CMI-2425): I19.I0.C1<0>_dummy: `Acde' = 2.393 is unusually large. {"history": "MonteCarlo.0", "point": 1, "testname": "TRAN_VDD_PULSE_MC", "cornername": "Nominal"}
[2026-05-26 10:39:27.531 Z] [WARN] [cadence.virtuoso.ade.simulationMonitor] -     WARNING (CMI-2425): I19.I0.C1<0>_dummy: `Noff' = 4.732 is unusually large. {"history": "MonteCarlo.0", "point": 1, "testname": "TRAN_VDD_PULSE_MC", "cornername": "Nominal"}
[2026-05-26 10:39:27.531 Z] [WARN] [cadence.virtuoso.ade.simulationMonitor] -     WARNING (CMI-2424): I19.I0.C1<0>_dummy: `Voffcv' = -867.4e-03 is unusually small. {"history": "MonteCarlo.0", "point": 1, "testname": "TRAN_VDD_PULSE_MC", "cornername": "Nominal"}
[2026-05-26 10:39:27.531 Z] [INFO] [cadence.virtuoso.ade.simulationMonitor] - Notice from spectre during Monte Carlo analysis `mc1'.
    V17: `period' has the unusually large value of 20 s.
    V17: `width' has the unusually large value of 19 s.
    V16: `period' has the unusually large value of 10 s.
    V16: `width' has the unusually large value of 9 s.
    V9: `period' has the unusually large value of 10 s.
        Further occurrences of this notice will be suppressed. {"history": "MonteCarlo.0", "point": 1, "testname": "TRAN_VDD_PULSE_MC", "cornername": "Nominal"}
[2026-05-26 10:39:27.531 Z] [INFO] [cadence.virtuoso.ade.simulationMonitor] - Notice from spectre in `rpolyhc':`I19.I0.R10', in `fecg_cmfb2_f':`I19.I0', in `fecg_front_end_f_3':`I19', during Monte Carlo analysis `mc1'.
    I19.I0.R10.CS0 of rpolyhc: `c' has the unusually small value of 0 F.
    I19.I0.R10.CS1 of rpolyhc: `c' has the unusually small value of 0 F. {"history": "MonteCarlo.0", "point": 1, "testname": "TRAN_VDD_PULSE_MC", "cornername": "Nominal"}
[2026-05-26 10:39:27.531 Z] [INFO] [cadence.virtuoso.ade.simulationMonitor] - Notice from spectre in `rpolyhc':`I19.I0.R9', in `fecg_cmfb2_f':`I19.I0', in `fecg_front_end_f_3':`I19', during Monte Carlo analysis `mc1'.
    I19.I0.R9.CS0 of rpolyhc: `c' has the unusually small value of 0 F.
    I19.I0.R9.CS1 of rpolyhc: `c' has the unusually small value of 0 F. {"history": "MonteCarlo.0", "point": 1, "testname": "TRAN_VDD_PULSE_MC", "cornername": "Nominal"}
[2026-05-26 10:39:27.531 Z] [INFO] [cadence.virtuoso.ade.simulationMonitor] - Notice from spectre in `rpolyhc':`I19.I0.R7', in `fecg_cmfb2_f':`I19.I0', in `fecg_front_end_f_3':`I19', during Monte Carlo analysis `mc1'.
    I19.I0.R7.CS0 of rpolyhc: `c' has the unusually small value of 0 F.
        Further occurrences of this notice will be suppressed. {"history": "MonteCarlo.0", "point": 1, "testname": "TRAN_VDD_PULSE_MC", "cornername": "Nominal"}
[2026-05-26 10:39:27.531 Z] [WARN] [cadence.virtuoso.ade.simulationMonitor] -     WARNING (CMI-2425): I19.I2.C1: `Acde' = 2.393 is unusually large. {"history": "MonteCarlo.0", "point": 1, "testname": "TRAN_VDD_PULSE_MC", "cornername": "Nominal"}
[2026-05-26 10:39:27.531 Z] [WARN] [cadence.virtuoso.ade.simulationMonitor] -     WARNING (CMI-2425): I19.I2.C1: `Noff' = 4.732 is unusually large. {"history": "MonteCarlo.0", "point": 1, "testname": "TRAN_VDD_PULSE_MC", "cornername": "Nominal"}
[2026-05-26 10:39:27.531 Z] [WARN] [cadence.virtuoso.ade.simulationMonitor] -     WARNING (CMI-2424): I19.I2.C1: `Voffcv' = -867.4e-03 is unusually small. {"history": "MonteCarlo.0", "point": 1, "testname": "TRAN_VDD_PULSE_MC", "cornername": "Nominal"}
[2026-05-26 10:39:27.531 Z] [WARN] [cadence.virtuoso.ade.simulationMonitor] -     WARNING (CMI-2425): I19.I11.C0: `Acde' = 2.393 is unusually large. {"history": "MonteCarlo.0", "point": 1, "testname": "TRAN_VDD_PULSE_MC", "cornername": "Nominal"}
[2026-05-26 10:39:27.531 Z] [WARN] [cadence.virtuoso.ade.simulationMonitor] -     WARNING (CMI-2425): I19.I11.C0: `Noff' = 4.732 is unusually large. {"history": "MonteCarlo.0", "point": 1, "testname": "TRAN_VDD_PULSE_MC", "cornername": "Nominal"}
[2026-05-26 10:39:27.532 Z] [WARN] [cadence.virtuoso.ade.simulationMonitor] -     WARNING (CMI-2424): I19.I11.C0: `Voffcv' = -867.4e-03 is unusually small. {"history": "MonteCarlo.0", "point": 1, "testname": "TRAN_VDD_PULSE_MC", "cornername": "Nominal"}
[2026-05-26 10:39:27.532 Z] [WARN] [cadence.virtuoso.ade.simulationMonitor] -     WARNING (CMI-2425): I19.I11.C1: `Acde' = 2.393 is unusually large.
        Further occurrences of this warning will be suppressed. {"history": "MonteCarlo.0", "point": 1, "testname": "TRAN_VDD_PULSE_MC", "cornername": "Nominal"}
[2026-05-26 10:39:27.532 Z] [WARN] [cadence.virtuoso.ade.simulationMonitor] -     WARNING (CMI-2424): I19.I11.C1: `Voffcv' = -867.4e-03 is unusually small. {"history": "MonteCarlo.0", "point": 1, "testname": "TRAN_VDD_PULSE_MC", "cornername": "Nominal"}
[2026-05-26 10:39:27.532 Z] [WARN] [cadence.virtuoso.ade.simulationMonitor] -     WARNING (CMI-2424): I19.I12.C0: `Voffcv' = -867.4e-03 is unusually small. {"history": "MonteCarlo.0", "point": 1, "testname": "TRAN_VDD_PULSE_MC", "cornername": "Nominal"}
[2026-05-26 10:39:27.532 Z] [WARN] [cadence.virtuoso.ade.simulationMonitor] -     WARNING (CMI-2424): I19.I12.C1: `Voffcv' = -867.4e-03 is unusually small.
        Further occurrences of this warning will be suppressed. {"history": "MonteCarlo.0", "point": 1, "testname": "TRAN_VDD_PULSE_MC", "cornername": "Nominal"}
[2026-05-26 10:39:27.532 Z] [INFO] [cadence.virtuoso.ade.simulationMonitor] - Notice from spectre during DC analysis `dcOp', during Monte Carlo analysis `mc1'.
    GminDC = 1 pS is large enough to noticeably affect the DC solution.
        dV(I19.I2.C1.d1) = 1.44275 mV
        Use the `gmin_check' option to eliminate or expand this report.
    Bad pivoting is found during DC analysis. Option dc_pivot_check=yes is recommended for possible improvement of convergence. {"history": "MonteCarlo.0", "point": 1, "testname": "TRAN_VDD_PULSE_MC", "cornername": "Nominal"}
[2026-05-26 10:39:27.532 Z] [WARN] [cadence.virtuoso.ade.simulationMonitor] -     WARNING (CMI-2139): I19.I2.I8.MP5: The bulk-drain junction current exceeds `imelt'.  The results computed by Spectre may be inaccurate because the junction current model has been linearized. {"history": "MonteCarlo.0", "point": 1, "testname": "TRAN_VDD_PULSE_MC", "cornername": "Nominal"}
[2026-05-26 10:39:27.532 Z] [WARN] [cadence.virtuoso.ade.simulationMonitor] -     WARNING (CMI-2144): I19.I2.I8.MP5: The bulk-drain junction current exceeds `imax'. {"history": "MonteCarlo.0", "point": 1, "testname": "TRAN_VDD_PULSE_MC", "cornername": "Nominal"}
[2026-05-26 10:39:27.532 Z] [WARN] [cadence.virtuoso.ade.simulationMonitor] -     WARNING (CMI-2139): I19.I2.I8.MP6: The bulk-drain junction current exceeds `imelt'.  The results computed by Spectre may be inaccurate because the junction current model has been linearized. {"history": "MonteCarlo.0", "point": 1, "testname": "TRAN_VDD_PULSE_MC", "cornername": "Nominal"}
[2026-05-26 10:39:27.532 Z] [WARN] [cadence.virtuoso.ade.simulationMonitor] -     WARNING (CMI-2144): I19.I2.I8.MP6: The bulk-drain junction current exceeds `imax'. {"history": "MonteCarlo.0", "point": 1, "testname": "TRAN_VDD_PULSE_MC", "cornername": "Nominal"}
[2026-05-26 10:39:27.532 Z] [WARN] [cadence.virtuoso.ade.simulationMonitor] -     WARNING (CMI-2139): I19.I2.I8.MP7: The bulk-drain junction current exceeds `imelt'.  The results computed by Spectre may be inaccurate because the junction current model has been linearized. {"history": "MonteCarlo.0", "point": 1, "testname": "TRAN_VDD_PULSE_MC", "cornername": "Nominal"}
[2026-05-26 10:39:27.532 Z] [WARN] [cadence.virtuoso.ade.simulationMonitor] -     WARNING (CMI-2144): I19.I2.I8.MP7: The bulk-drain junction current exceeds `imax'. {"history": "MonteCarlo.0", "point": 1, "testname": "TRAN_VDD_PULSE_MC", "cornername": "Nominal"}
[2026-05-26 10:39:27.532 Z] [WARN] [cadence.virtuoso.ade.simulationMonitor] -     WARNING (CMI-2139): I19.I2.I8.MP8: The bulk-drain junction current exceeds `imelt'.  The results computed by Spectre may be inaccurate because the junction current model has been linearized. {"history": "MonteCarlo.0", "point": 1, "testname": "TRAN_VDD_PULSE_MC", "cornername": "Nominal"}
[2026-05-26 10:39:27.532 Z] [WARN] [cadence.virtuoso.ade.simulationMonitor] -     WARNING (CMI-2144): I19.I2.I8.MP8: The bulk-drain junction current exceeds `imax'. {"history": "MonteCarlo.0", "point": 1, "testname": "TRAN_VDD_PULSE_MC", "cornername": "Nominal"}
[2026-05-26 10:39:27.532 Z] [WARN] [cadence.virtuoso.ade.simulationMonitor] -     WARNING (CMI-2139): I19.I0.MP10: The bulk-drain junction current exceeds `imelt'.  The results computed by Spectre may be inaccurate because the junction current model has been linearized.
        Further occurrences of this warning will be suppressed. {"history": "MonteCarlo.0", "point": 1, "testname": "TRAN_VDD_PULSE_MC", "cornername": "Nominal"}
[2026-05-26 10:39:27.532 Z] [WARN] [cadence.virtuoso.ade.simulationMonitor] -     WARNING (CMI-2144): I19.I0.MP10: The bulk-drain junction current exceeds `imax'.
        Further occurrences of this warning will be suppressed. {"history": "MonteCarlo.0", "point": 1, "testname": "TRAN_VDD_PULSE_MC", "cornername": "Nominal"}
[2026-05-26 10:39:27.533 Z] [WARN] [cadence.virtuoso.ade.simulationMonitor] -     WARNING (CMI-2943): Parameter checks have been ignored because the valid value for parameter 'trise' could not be found in 'C0'. {"history": "MonteCarlo.0", "point": 1, "testname": "TRAN_VDD_PULSE_MC", "cornername": "Nominal"}
[2026-05-26 10:39:27.533 Z] [WARN] [cadence.virtuoso.ade.simulationMonitor] -     WARNING (CMI-2943): Parameter checks have been ignored because the valid value for parameter 'trise' could not be found in 'C3'. {"history": "MonteCarlo.0", "point": 1, "testname": "TRAN_VDD_PULSE_MC", "cornername": "Nominal"}
[2026-05-26 10:39:27.533 Z] [WARN] [cadence.virtuoso.ade.simulationMonitor] -     WARNING (CMI-2943): Parameter checks have been ignored because the valid value for parameter 'trise' could not be found in 'C4'. {"history": "MonteCarlo.0", "point": 1, "testname": "TRAN_VDD_PULSE_MC", "cornername": "Nominal"}
[2026-05-26 10:39:27.533 Z] [WARN] [cadence.virtuoso.ade.simulationMonitor] -     WARNING (CMI-2943): Parameter checks have been ignored because the valid value for parameter 'trise' could not be found in 'C5'. {"history": "MonteCarlo.0", "point": 1, "testname": "TRAN_VDD_PULSE_MC", "cornername": "Nominal"}
[2026-05-26 10:39:27.533 Z] [WARN] [cadence.virtuoso.ade.simulationMonitor] -     WARNING (CMI-2943): Parameter checks have been ignored because the valid value for parameter 'trise' could not be found in 'I19.I4.C9<0>_turbo_m6.C1'.
        Further occurrences of this warning will be suppressed. {"history": "MonteCarlo.0", "point": 1, "testname": "TRAN_VDD_PULSE_MC", "cornername": "Nominal"}
[2026-05-26 10:39:27.533 Z] [INFO] [cadence.virtuoso.ade.simulationMonitor] - Total time required for dc analysis `dcOp': CPU = 14.431 ms, elapsed = 33.2952 ms, util. = 43.3%. {"history": "MonteCarlo.0", "point": 1, "testname": "TRAN_VDD_PULSE_MC", "cornername": "Nominal"}
[2026-05-26 10:39:27.533 Z] [INFO] [cadence.virtuoso.ade.simulationMonitor] - Peak resident memory used = 226 Mbytes. {"history": "MonteCarlo.0", "point": 1, "testname": "TRAN_VDD_PULSE_MC", "cornername": "Nominal"}
[2026-05-26 10:39:27.533 Z] [INFO] [cadence.virtuoso.ade.simulationMonitor] - Notice from spectre during Monte Carlo analysis `mc1'.
    8 notices suppressed.
    286 warnings suppressed. {"history": "MonteCarlo.0", "point": 1, "testname": "TRAN_VDD_PULSE_MC", "cornername": "Nominal"}
[2026-05-26 10:39:27.533 Z] [WARN] [cadence.virtuoso.ade.simulationMonitor] -     WARNING (CMI-2425): I19.I0.C1<0>_dummy: `Acde' = 2.393 is unusually large. {"history": "MonteCarlo.0", "point": 1, "testname": "TRAN_VDD_PULSE_MC", "cornername": "Nominal"}
[2026-05-26 10:39:27.533 Z] [WARN] [cadence.virtuoso.ade.simulationMonitor] -     WARNING (CMI-2425): I19.I0.C1<0>_dummy: `Noff' = 4.732 is unusually large. {"history": "MonteCarlo.0", "point": 1, "testname": "TRAN_VDD_PULSE_MC", "cornername": "Nominal"}
[2026-05-26 10:39:27.533 Z] [WARN] [cadence.virtuoso.ade.simulationMonitor] -     WARNING (CMI-2424): I19.I0.C1<0>_dummy: `Voffcv' = -867.4e-03 is unusually small. {"history": "MonteCarlo.0", "point": 1, "testname": "TRAN_VDD_PULSE_MC", "cornername": "Nominal"}
[2026-05-26 10:39:27.533 Z] [INFO] [cadence.virtuoso.ade.simulationMonitor] - Notice from spectre during IC analysis, during transient analysis `tran', during Monte Carlo analysis `mc1'.
    GminDC = 1 pS is large enough to noticeably affect the DC solution.
        dV(I19.I2.C1.d1) = 1.44275 mV
        Use the `gmin_check' option to eliminate or expand this report.
    Bad pivoting is found during DC analysis. Option dc_pivot_check=yes is recommended for possible improvement of convergence. {"history": "MonteCarlo.0", "point": 1, "testname": "TRAN_VDD_PULSE_MC", "cornername": "Nominal"}
[2026-05-26 10:39:27.533 Z] [WARN] [cadence.virtuoso.ade.simulationMonitor] -     WARNING (CMI-2139): I19.I2.I8.MP5: The bulk-drain junction current exceeds `imelt'.  The results computed by Spectre may be inaccurate because the junction current model has been linearized. {"history": "MonteCarlo.0", "point": 1, "testname": "TRAN_VDD_PULSE_MC", "cornername": "Nominal"}
[2026-05-26 10:39:27.533 Z] [WARN] [cadence.virtuoso.ade.simulationMonitor] -     WARNING (CMI-2144): I19.I2.I8.MP5: The bulk-drain junction current exceeds `imax'. {"history": "MonteCarlo.0", "point": 1, "testname": "TRAN_VDD_PULSE_MC", "cornername": "Nominal"}
[2026-05-26 10:39:27.533 Z] [WARN] [cadence.virtuoso.ade.simulationMonitor] -     WARNING (CMI-2139): I19.I2.I8.MP6: The bulk-drain junction current exceeds `imelt'.  The results computed by Spectre may be inaccurate because the junction current model has been linearized. {"history": "MonteCarlo.0", "point": 1, "testname": "TRAN_VDD_PULSE_MC", "cornername": "Nominal"}
[2026-05-26 10:39:27.533 Z] [WARN] [cadence.virtuoso.ade.simulationMonitor] -     WARNING (CMI-2144): I19.I2.I8.MP6: The bulk-drain junction current exceeds `imax'. {"history": "MonteCarlo.0", "point": 1, "testname": "TRAN_VDD_PULSE_MC", "cornername": "Nominal"}
[2026-05-26 10:39:27.534 Z] [WARN] [cadence.virtuoso.ade.simulationMonitor] -     WARNING (CMI-2139): I19.I2.I8.MP7: The bulk-drain junction current exceeds `imelt'.  The results computed by Spectre may be inaccurate because the junction current model has been linearized. {"history": "MonteCarlo.0", "point": 1, "testname": "TRAN_VDD_PULSE_MC", "cornername": "Nominal"}
[2026-05-26 10:39:27.534 Z] [WARN] [cadence.virtuoso.ade.simulationMonitor] -     WARNING (CMI-2144): I19.I2.I8.MP7: The bulk-drain junction current exceeds `imax'. {"history": "MonteCarlo.0", "point": 1, "testname": "TRAN_VDD_PULSE_MC", "cornername": "Nominal"}
[2026-05-26 10:39:27.534 Z] [WARN] [cadence.virtuoso.ade.simulationMonitor] -     WARNING (CMI-2139): I19.I2.I8.MP8: The bulk-drain junction current exceeds `imelt'.  The results computed by Spectre may be inaccurate because the junction current model has been linearized. {"history": "MonteCarlo.0", "point": 1, "testname": "TRAN_VDD_PULSE_MC", "cornername": "Nominal"}
[2026-05-26 10:39:27.534 Z] [WARN] [cadence.virtuoso.ade.simulationMonitor] -     WARNING (CMI-2144): I19.I2.I8.MP8: The bulk-drain junction current exceeds `imax'. {"history": "MonteCarlo.0", "point": 1, "testname": "TRAN_VDD_PULSE_MC", "cornername": "Nominal"}
[2026-05-26 10:39:27.534 Z] [WARN] [cadence.virtuoso.ade.simulationMonitor] -     WARNING (CMI-2139): I19.I0.MP10: The bulk-drain junction current exceeds `imelt'.  The results computed by Spectre may be inaccurate because the junction current model has been linearized.
        Further occurrences of this warning will be suppressed. {"history": "MonteCarlo.0", "point": 1, "testname": "TRAN_VDD_PULSE_MC", "cornername": "Nominal"}
[2026-05-26 10:39:27.534 Z] [WARN] [cadence.virtuoso.ade.simulationMonitor] -     WARNING (CMI-2144): I19.I0.MP10: The bulk-drain junction current exceeds `imax'.
        Further occurrences of this warning will be suppressed. {"history": "MonteCarlo.0", "point": 1, "testname": "TRAN_VDD_PULSE_MC", "cornername": "Nominal"}
[2026-05-26 10:39:27.534 Z] [WARN] [cadence.virtuoso.ade.simulationMonitor] -     WARNING (CMI-2943): Parameter checks have been ignored because the valid value for parameter 'trise' could not be found in 'C0'. {"history": "MonteCarlo.0", "point": 1, "testname": "TRAN_VDD_PULSE_MC", "cornername": "Nominal"}
[2026-05-26 10:39:27.534 Z] [WARN] [cadence.virtuoso.ade.simulationMonitor] -     WARNING (CMI-2943): Parameter checks have been ignored because the valid value for parameter 'trise' could not be found in 'C3'. {"history": "MonteCarlo.0", "point": 1, "testname": "TRAN_VDD_PULSE_MC", "cornername": "Nominal"}
[2026-05-26 10:39:27.534 Z] [WARN] [cadence.virtuoso.ade.simulationMonitor] -     WARNING (CMI-2943): Parameter checks have been ignored because the valid value for parameter 'trise' could not be found in 'C4'. {"history": "MonteCarlo.0", "point": 1, "testname": "TRAN_VDD_PULSE_MC", "cornername": "Nominal"}
[2026-05-26 10:39:27.534 Z] [WARN] [cadence.virtuoso.ade.simulationMonitor] -     WARNING (CMI-2943): Parameter checks have been ignored because the valid value for parameter 'trise' could not be found in 'C5'. {"history": "MonteCarlo.0", "point": 1, "testname": "TRAN_VDD_PULSE_MC", "cornername": "Nominal"}
[2026-05-26 10:39:27.534 Z] [WARN] [cadence.virtuoso.ade.simulationMonitor] -     WARNING (CMI-2943): Parameter checks have been ignored because the valid value for parameter 'trise' could not be found in 'I19.I4.C9<0>_turbo_m6.C1'.
        Further occurrences of this warning will be suppressed. {"history": "MonteCarlo.0", "point": 1, "testname": "TRAN_VDD_PULSE_MC", "cornername": "Nominal"}
[2026-05-26 10:39:27.534 Z] [INFO] [cadence.virtuoso.ade.simulationMonitor] - Notice from spectre during transient analysis `tran', during Monte Carlo analysis `mc1'.
    Multithreading is disabled due to the size of the design being too small. {"history": "MonteCarlo.0", "point": 1, "testname": "TRAN_VDD_PULSE_MC", "cornername": "Nominal"}
[2026-05-26 10:39:27.534 Z] [INFO] [cadence.virtuoso.ade.simulationMonitor] - Notice from spectre at time = 202.5 us during transient analysis `tran', during Monte Carlo analysis `mc1'.
    I19.I2.I8.MP5: The bulk-drain junction leaves the linearized region.
    I19.I2.I8.MP5: The bulk-drain junction current no longer exceeds `imax'.
    I19.I2.I8.MP6: The bulk-drain junction leaves the linearized region.
    I19.I2.I8.MP6: The bulk-drain junction current no longer exceeds `imax'.
    I19.I2.I8.MP7: The bulk-drain junction leaves the linearized region.
    I19.I2.I8.MP7: The bulk-dr... {"history": "MonteCarlo.0", "point": 1, "testname": "TRAN_VDD_PULSE_MC", "cornername": "Nominal"}
[2026-05-26 10:39:27.534 Z] [PROCESS] [cadence.virtuoso.ade.simulationMonitor] - Finished simulating for one iteration {"hostname": "edatools", "processid": 259513, "history": "MonteCarlo.0", "testname": "TRAN_VDD_PULSE_MC", "cornername": "Nominal", "point": 1, "logfile": "/home/saul/projects/IL2244_VT26_SAUL/logs_saul/logs0/Job53.log", "simid": "7"}
[2026-05-26 10:39:27.534 Z] [PROCESS] [cadence.virtuoso.ade.simulationMonitor] - Started Simulation {"hostname": "edatools", "processid": 259513, "history": "MonteCarlo.0", "testname": "TRAN_VDD_PULSE_MC", "cornername": "Nominal", "point": 2, "logfile": "/home/saul/projects/IL2244_VT26_SAUL/logs_saul/logs0/Job53.log", "event": "started", "task": "simulation"}
[2026-05-26 10:41:18.577 Z] [INFO] [cadence.virtuoso.ade.simulationMonitor] - Total time required for tran analysis `tran': CPU = 110.852 s (1m  50.9s), elapsed = 110.881 s (1m  50.9s), util. = 100%. {"history": "MonteCarlo.0", "point": 2, "testname": "TRAN_VDD_PULSE_MC", "cornername": "Nominal"}
[2026-05-26 10:41:18.578 Z] [INFO] [cadence.virtuoso.ade.simulationMonitor] - Peak resident memory used = 226 Mbytes. {"history": "MonteCarlo.0", "point": 2, "testname": "TRAN_VDD_PULSE_MC", "cornername": "Nominal"}
[2026-05-26 10:41:18.578 Z] [INFO] [cadence.virtuoso.ade.simulationMonitor] - Notice from spectre during transient analysis `tran', during Monte Carlo analysis `mc1'.
    2 notices suppressed.
    260 warnings suppressed. {"history": "MonteCarlo.0", "point": 2, "testname": "TRAN_VDD_PULSE_MC", "cornername": "Nominal"}
[2026-05-26 10:41:18.578 Z] [WARN] [cadence.virtuoso.ade.simulationMonitor] -     WARNING (CMI-2425): I19.I0.C1<0>_dummy: `Acde' = 2.393 is unusually large. {"history": "MonteCarlo.0", "point": 2, "testname": "TRAN_VDD_PULSE_MC", "cornername": "Nominal"}
[2026-05-26 10:41:18.578 Z] [WARN] [cadence.virtuoso.ade.simulationMonitor] -     WARNING (CMI-2425): I19.I0.C1<0>_dummy: `Noff' = 4.732 is unusually large. {"history": "MonteCarlo.0", "point": 2, "testname": "TRAN_VDD_PULSE_MC", "cornername": "Nominal"}
[2026-05-26 10:41:18.578 Z] [WARN] [cadence.virtuoso.ade.simulationMonitor] -     WARNING (CMI-2424): I19.I0.C1<0>_dummy: `Voffcv' = -867.4e-03 is unusually small. {"history": "MonteCarlo.0", "point": 2, "testname": "TRAN_VDD_PULSE_MC", "cornername": "Nominal"}
[2026-05-26 10:41:18.578 Z] [WARN] [cadence.virtuoso.ade.simulationMonitor] -     WARNING (CMI-2425): I19.I0.C1<0>_dummy: `Acde' = 2.393 is unusually large. {"history": "MonteCarlo.0", "point": 2, "testname": "TRAN_VDD_PULSE_MC", "cornername": "Nominal"}
[2026-05-26 10:41:18.578 Z] [WARN] [cadence.virtuoso.ade.simulationMonitor] -     WARNING (CMI-2425): I19.I0.C1<0>_dummy: `Noff' = 4.732 is unusually large. {"history": "MonteCarlo.0", "point": 2, "testname": "TRAN_VDD_PULSE_MC", "cornername": "Nominal"}
[2026-05-26 10:41:18.578 Z] [WARN] [cadence.virtuoso.ade.simulationMonitor] -     WARNING (CMI-2424): I19.I0.C1<0>_dummy: `Voffcv' = -867.4e-03 is unusually small. {"history": "MonteCarlo.0", "point": 2, "testname": "TRAN_VDD_PULSE_MC", "cornername": "Nominal"}
[2026-05-26 10:41:18.578 Z] [INFO] [cadence.virtuoso.ade.simulationMonitor] - Notice from spectre during Monte Carlo analysis `mc1'.
    V17: `period' has the unusually large value of 20 s.
    V17: `width' has the unusually large value of 19 s.
    V16: `period' has the unusually large value of 10 s.
    V16: `width' has the unusually large value of 9 s.
    V9: `period' has the unusually large value of 10 s.
        Further occurrences of this notice will be suppressed. {"history": "MonteCarlo.0", "point": 2, "testname": "TRAN_VDD_PULSE_MC", "cornername": "Nominal"}
[2026-05-26 10:41:18.578 Z] [INFO] [cadence.virtuoso.ade.simulationMonitor] - Notice from spectre in `rpolyhc':`I19.I0.R10', in `fecg_cmfb2_f':`I19.I0', in `fecg_front_end_f_3':`I19', during Monte Carlo analysis `mc1'.
    I19.I0.R10.CS0 of rpolyhc: `c' has the unusually small value of 0 F.
    I19.I0.R10.CS1 of rpolyhc: `c' has the unusually small value of 0 F. {"history": "MonteCarlo.0", "point": 2, "testname": "TRAN_VDD_PULSE_MC", "cornername": "Nominal"}
[2026-05-26 10:41:18.579 Z] [INFO] [cadence.virtuoso.ade.simulationMonitor] - Notice from spectre in `rpolyhc':`I19.I0.R9', in `fecg_cmfb2_f':`I19.I0', in `fecg_front_end_f_3':`I19', during Monte Carlo analysis `mc1'.
    I19.I0.R9.CS0 of rpolyhc: `c' has the unusually small value of 0 F.
    I19.I0.R9.CS1 of rpolyhc: `c' has the unusually small value of 0 F. {"history": "MonteCarlo.0", "point": 2, "testname": "TRAN_VDD_PULSE_MC", "cornername": "Nominal"}
[2026-05-26 10:41:18.579 Z] [INFO] [cadence.virtuoso.ade.simulationMonitor] - Notice from spectre in `rpolyhc':`I19.I0.R7', in `fecg_cmfb2_f':`I19.I0', in `fecg_front_end_f_3':`I19', during Monte Carlo analysis `mc1'.
    I19.I0.R7.CS0 of rpolyhc: `c' has the unusually small value of 0 F.
        Further occurrences of this notice will be suppressed. {"history": "MonteCarlo.0", "point": 2, "testname": "TRAN_VDD_PULSE_MC", "cornername": "Nominal"}
[2026-05-26 10:41:18.579 Z] [WARN] [cadence.virtuoso.ade.simulationMonitor] -     WARNING (CMI-2425): I19.I2.C1: `Acde' = 2.393 is unusually large. {"history": "MonteCarlo.0", "point": 2, "testname": "TRAN_VDD_PULSE_MC", "cornername": "Nominal"}
[2026-05-26 10:41:18.579 Z] [WARN] [cadence.virtuoso.ade.simulationMonitor] -     WARNING (CMI-2425): I19.I2.C1: `Noff' = 4.732 is unusually large. {"history": "MonteCarlo.0", "point": 2, "testname": "TRAN_VDD_PULSE_MC", "cornername": "Nominal"}
[2026-05-26 10:41:18.579 Z] [WARN] [cadence.virtuoso.ade.simulationMonitor] -     WARNING (CMI-2424): I19.I2.C1: `Voffcv' = -867.4e-03 is unusually small. {"history": "MonteCarlo.0", "point": 2, "testname": "TRAN_VDD_PULSE_MC", "cornername": "Nominal"}
[2026-05-26 10:41:18.579 Z] [WARN] [cadence.virtuoso.ade.simulationMonitor] -     WARNING (CMI-2425): I19.I11.C0: `Acde' = 2.393 is unusually large. {"history": "MonteCarlo.0", "point": 2, "testname": "TRAN_VDD_PULSE_MC", "cornername": "Nominal"}
[2026-05-26 10:41:18.579 Z] [WARN] [cadence.virtuoso.ade.simulationMonitor] -     WARNING (CMI-2425): I19.I11.C0: `Noff' = 4.732 is unusually large. {"history": "MonteCarlo.0", "point": 2, "testname": "TRAN_VDD_PULSE_MC", "cornername": "Nominal"}
[2026-05-26 10:41:18.579 Z] [WARN] [cadence.virtuoso.ade.simulationMonitor] -     WARNING (CMI-2424): I19.I11.C0: `Voffcv' = -867.4e-03 is unusually small. {"history": "MonteCarlo.0", "point": 2, "testname": "TRAN_VDD_PULSE_MC", "cornername": "Nominal"}
[2026-05-26 10:41:18.579 Z] [WARN] [cadence.virtuoso.ade.simulationMonitor] -     WARNING (CMI-2425): I19.I11.C1: `Acde' = 2.393 is unusually large.
        Further occurrences of this warning will be suppressed. {"history": "MonteCarlo.0", "point": 2, "testname": "TRAN_VDD_PULSE_MC", "cornername": "Nominal"}
[2026-05-26 10:41:18.579 Z] [WARN] [cadence.virtuoso.ade.simulationMonitor] -     WARNING (CMI-2424): I19.I11.C1: `Voffcv' = -867.4e-03 is unusually small. {"history": "MonteCarlo.0", "point": 2, "testname": "TRAN_VDD_PULSE_MC", "cornername": "Nominal"}
[2026-05-26 10:41:18.579 Z] [WARN] [cadence.virtuoso.ade.simulationMonitor] -     WARNING (CMI-2424): I19.I12.C0: `Voffcv' = -867.4e-03 is unusually small. {"history": "MonteCarlo.0", "point": 2, "testname": "TRAN_VDD_PULSE_MC", "cornername": "Nominal"}
[2026-05-26 10:41:18.579 Z] [WARN] [cadence.virtuoso.ade.simulationMonitor] -     WARNING (CMI-2424): I19.I12.C1: `Voffcv' = -867.4e-03 is unusually small.
        Further occurrences of this warning will be suppressed. {"history": "MonteCarlo.0", "point": 2, "testname": "TRAN_VDD_PULSE_MC", "cornername": "Nominal"}
[2026-05-26 10:41:18.579 Z] [INFO] [cadence.virtuoso.ade.simulationMonitor] - Notice from spectre during DC analysis `dcOp', during Monte Carlo analysis `mc1'.
    GminDC = 1 pS is large enough to noticeably affect the DC solution.
        dV(I19.I2.C1.d1) = 1.18017 mV
        Use the `gmin_check' option to eliminate or expand this report.
    Bad pivoting is found during DC analysis. Option dc_pivot_check=yes is recommended for possible improvement of convergence. {"history": "MonteCarlo.0", "point": 2, "testname": "TRAN_VDD_PULSE_MC", "cornername": "Nominal"}
[2026-05-26 10:41:18.579 Z] [WARN] [cadence.virtuoso.ade.simulationMonitor] -     WARNING (CMI-2139): I19.I2.I8.MP5: The bulk-drain junction current exceeds `imelt'.  The results computed by Spectre may be inaccurate because the junction current model has been linearized. {"history": "MonteCarlo.0", "point": 2, "testname": "TRAN_VDD_PULSE_MC", "cornername": "Nominal"}
[2026-05-26 10:41:18.579 Z] [WARN] [cadence.virtuoso.ade.simulationMonitor] -     WARNING (CMI-2144): I19.I2.I8.MP5: The bulk-drain junction current exceeds `imax'. {"history": "MonteCarlo.0", "point": 2, "testname": "TRAN_VDD_PULSE_MC", "cornername": "Nominal"}
[2026-05-26 10:41:18.579 Z] [WARN] [cadence.virtuoso.ade.simulationMonitor] -     WARNING (CMI-2139): I19.I2.I8.MP6: The bulk-drain junction current exceeds `imelt'.  The results computed by Spectre may be inaccurate because the junction current model has been linearized. {"history": "MonteCarlo.0", "point": 2, "testname": "TRAN_VDD_PULSE_MC", "cornername": "Nominal"}
[2026-05-26 10:41:18.579 Z] [WARN] [cadence.virtuoso.ade.simulationMonitor] -     WARNING (CMI-2144): I19.I2.I8.MP6: The bulk-drain junction current exceeds `imax'. {"history": "MonteCarlo.0", "point": 2, "testname": "TRAN_VDD_PULSE_MC", "cornername": "Nominal"}
[2026-05-26 10:41:18.579 Z] [WARN] [cadence.virtuoso.ade.simulationMonitor] -     WARNING (CMI-2139): I19.I2.I8.MP7: The bulk-drain junction current exceeds `imelt'.  The results computed by Spectre may be inaccurate because the junction current model has been linearized. {"history": "MonteCarlo.0", "point": 2, "testname": "TRAN_VDD_PULSE_MC", "cornername": "Nominal"}
[2026-05-26 10:41:18.579 Z] [WARN] [cadence.virtuoso.ade.simulationMonitor] -     WARNING (CMI-2144): I19.I2.I8.MP7: The bulk-drain junction current exceeds `imax'. {"history": "MonteCarlo.0", "point": 2, "testname": "TRAN_VDD_PULSE_MC", "cornername": "Nominal"}
[2026-05-26 10:41:18.580 Z] [WARN] [cadence.virtuoso.ade.simulationMonitor] -     WARNING (CMI-2139): I19.I2.I8.MP8: The bulk-drain junction current exceeds `imelt'.  The results computed by Spectre may be inaccurate because the junction current model has been linearized. {"history": "MonteCarlo.0", "point": 2, "testname": "TRAN_VDD_PULSE_MC", "cornername": "Nominal"}
[2026-05-26 10:41:18.580 Z] [WARN] [cadence.virtuoso.ade.simulationMonitor] -     WARNING (CMI-2144): I19.I2.I8.MP8: The bulk-drain junction current exceeds `imax'. {"history": "MonteCarlo.0", "point": 2, "testname": "TRAN_VDD_PULSE_MC", "cornername": "Nominal"}
[2026-05-26 10:41:18.580 Z] [WARN] [cadence.virtuoso.ade.simulationMonitor] -     WARNING (CMI-2139): I19.I0.MP10: The bulk-drain junction current exceeds `imelt'.  The results computed by Spectre may be inaccurate because the junction current model has been linearized.
        Further occurrences of this warning will be suppressed. {"history": "MonteCarlo.0", "point": 2, "testname": "TRAN_VDD_PULSE_MC", "cornername": "Nominal"}
[2026-05-26 10:41:18.580 Z] [WARN] [cadence.virtuoso.ade.simulationMonitor] -     WARNING (CMI-2144): I19.I0.MP10: The bulk-drain junction current exceeds `imax'.
        Further occurrences of this warning will be suppressed. {"history": "MonteCarlo.0", "point": 2, "testname": "TRAN_VDD_PULSE_MC", "cornername": "Nominal"}
[2026-05-26 10:41:18.580 Z] [WARN] [cadence.virtuoso.ade.simulationMonitor] -     WARNING (CMI-2943): Parameter checks have been ignored because the valid value for parameter 'trise' could not be found in 'C0'. {"history": "MonteCarlo.0", "point": 2, "testname": "TRAN_VDD_PULSE_MC", "cornername": "Nominal"}
[2026-05-26 10:41:18.580 Z] [WARN] [cadence.virtuoso.ade.simulationMonitor] -     WARNING (CMI-2943): Parameter checks have been ignored because the valid value for parameter 'trise' could not be found in 'C3'. {"history": "MonteCarlo.0", "point": 2, "testname": "TRAN_VDD_PULSE_MC", "cornername": "Nominal"}
[2026-05-26 10:41:18.580 Z] [WARN] [cadence.virtuoso.ade.simulationMonitor] -     WARNING (CMI-2943): Parameter checks have been ignored because the valid value for parameter 'trise' could not be found in 'C4'. {"history": "MonteCarlo.0", "point": 2, "testname": "TRAN_VDD_PULSE_MC", "cornername": "Nominal"}
[2026-05-26 10:41:18.580 Z] [WARN] [cadence.virtuoso.ade.simulationMonitor] -     WARNING (CMI-2943): Parameter checks have been ignored because the valid value for parameter 'trise' could not be found in 'C5'. {"history": "MonteCarlo.0", "point": 2, "testname": "TRAN_VDD_PULSE_MC", "cornername": "Nominal"}
[2026-05-26 10:41:18.580 Z] [WARN] [cadence.virtuoso.ade.simulationMonitor] -     WARNING (CMI-2943): Parameter checks have been ignored because the valid value for parameter 'trise' could not be found in 'I19.I4.C9<0>_turbo_m6.C1'.
        Further occurrences of this warning will be suppressed. {"history": "MonteCarlo.0", "point": 2, "testname": "TRAN_VDD_PULSE_MC", "cornername": "Nominal"}
[2026-05-26 10:41:18.580 Z] [INFO] [cadence.virtuoso.ade.simulationMonitor] - Total time required for dc analysis `dcOp': CPU = 13.842 ms, elapsed = 32.5041 ms, util. = 42.6%. {"history": "MonteCarlo.0", "point": 2, "testname": "TRAN_VDD_PULSE_MC", "cornername": "Nominal"}
[2026-05-26 10:41:18.580 Z] [INFO] [cadence.virtuoso.ade.simulationMonitor] - Peak resident memory used = 226 Mbytes. {"history": "MonteCarlo.0", "point": 2, "testname": "TRAN_VDD_PULSE_MC", "cornername": "Nominal"}
[2026-05-26 10:41:18.580 Z] [INFO] [cadence.virtuoso.ade.simulationMonitor] - Notice from spectre during Monte Carlo analysis `mc1'.
    8 notices suppressed.
    286 warnings suppressed. {"history": "MonteCarlo.0", "point": 2, "testname": "TRAN_VDD_PULSE_MC", "cornername": "Nominal"}
[2026-05-26 10:41:18.580 Z] [WARN] [cadence.virtuoso.ade.simulationMonitor] -     WARNING (CMI-2425): I19.I0.C1<0>_dummy: `Acde' = 2.393 is unusually large. {"history": "MonteCarlo.0", "point": 2, "testname": "TRAN_VDD_PULSE_MC", "cornername": "Nominal"}
[2026-05-26 10:41:18.580 Z] [WARN] [cadence.virtuoso.ade.simulationMonitor] -     WARNING (CMI-2425): I19.I0.C1<0>_dummy: `Noff' = 4.732 is unusually large. {"history": "MonteCarlo.0", "point": 2, "testname": "TRAN_VDD_PULSE_MC", "cornername": "Nominal"}
[2026-05-26 10:41:18.580 Z] [WARN] [cadence.virtuoso.ade.simulationMonitor] -     WARNING (CMI-2424): I19.I0.C1<0>_dummy: `Voffcv' = -867.4e-03 is unusually small. {"history": "MonteCarlo.0", "point": 2, "testname": "TRAN_VDD_PULSE_MC", "cornername": "Nominal"}
[2026-05-26 10:41:18.580 Z] [INFO] [cadence.virtuoso.ade.simulationMonitor] - Notice from spectre during IC analysis, during transient analysis `tran', during Monte Carlo analysis `mc1'.
    GminDC = 1 pS is large enough to noticeably affect the DC solution.
        dV(I19.I2.C1.d1) = 1.18017 mV
        Use the `gmin_check' option to eliminate or expand this report.
    Bad pivoting is found during DC analysis. Option dc_pivot_check=yes is recommended for possible improvement of convergence. {"history": "MonteCarlo.0", "point": 2, "testname": "TRAN_VDD_PULSE_MC", "cornername": "Nominal"}
[2026-05-26 10:41:18.580 Z] [WARN] [cadence.virtuoso.ade.simulationMonitor] -     WARNING (CMI-2139): I19.I2.I8.MP5: The bulk-drain junction current exceeds `imelt'.  The results computed by Spectre may be inaccurate because the junction current model has been linearized. {"history": "MonteCarlo.0", "point": 2, "testname": "TRAN_VDD_PULSE_MC", "cornername": "Nominal"}
[2026-05-26 10:41:18.580 Z] [WARN] [cadence.virtuoso.ade.simulationMonitor] -     WARNING (CMI-2144): I19.I2.I8.MP5: The bulk-drain junction current exceeds `imax'. {"history": "MonteCarlo.0", "point": 2, "testname": "TRAN_VDD_PULSE_MC", "cornername": "Nominal"}
[2026-05-26 10:41:18.580 Z] [WARN] [cadence.virtuoso.ade.simulationMonitor] -     WARNING (CMI-2139): I19.I2.I8.MP6: The bulk-drain junction current exceeds `imelt'.  The results computed by Spectre may be inaccurate because the junction current model has been linearized. {"history": "MonteCarlo.0", "point": 2, "testname": "TRAN_VDD_PULSE_MC", "cornername": "Nominal"}
[2026-05-26 10:41:18.580 Z] [WARN] [cadence.virtuoso.ade.simulationMonitor] -     WARNING (CMI-2144): I19.I2.I8.MP6: The bulk-drain junction current exceeds `imax'. {"history": "MonteCarlo.0", "point": 2, "testname": "TRAN_VDD_PULSE_MC", "cornername": "Nominal"}
[2026-05-26 10:41:18.580 Z] [WARN] [cadence.virtuoso.ade.simulationMonitor] -     WARNING (CMI-2139): I19.I2.I8.MP7: The bulk-drain junction current exceeds `imelt'.  The results computed by Spectre may be inaccurate because the junction current model has been linearized. {"history": "MonteCarlo.0", "point": 2, "testname": "TRAN_VDD_PULSE_MC", "cornername": "Nominal"}
[2026-05-26 10:41:18.580 Z] [WARN] [cadence.virtuoso.ade.simulationMonitor] -     WARNING (CMI-2144): I19.I2.I8.MP7: The bulk-drain junction current exceeds `imax'. {"history": "MonteCarlo.0", "point": 2, "testname": "TRAN_VDD_PULSE_MC", "cornername": "Nominal"}
[2026-05-26 10:41:18.580 Z] [WARN] [cadence.virtuoso.ade.simulationMonitor] -     WARNING (CMI-2139): I19.I2.I8.MP8: The bulk-drain junction current exceeds `imelt'.  The results computed by Spectre may be inaccurate because the junction current model has been linearized. {"history": "MonteCarlo.0", "point": 2, "testname": "TRAN_VDD_PULSE_MC", "cornername": "Nominal"}
[2026-05-26 10:41:18.580 Z] [WARN] [cadence.virtuoso.ade.simulationMonitor] -     WARNING (CMI-2144): I19.I2.I8.MP8: The bulk-drain junction current exceeds `imax'. {"history": "MonteCarlo.0", "point": 2, "testname": "TRAN_VDD_PULSE_MC", "cornername": "Nominal"}
[2026-05-26 10:41:18.581 Z] [WARN] [cadence.virtuoso.ade.simulationMonitor] -     WARNING (CMI-2139): I19.I0.MP10: The bulk-drain junction current exceeds `imelt'.  The results computed by Spectre may be inaccurate because the junction current model has been linearized.
        Further occurrences of this warning will be suppressed. {"history": "MonteCarlo.0", "point": 2, "testname": "TRAN_VDD_PULSE_MC", "cornername": "Nominal"}
[2026-05-26 10:41:18.581 Z] [WARN] [cadence.virtuoso.ade.simulationMonitor] -     WARNING (CMI-2144): I19.I0.MP10: The bulk-drain junction current exceeds `imax'.
        Further occurrences of this warning will be suppressed. {"history": "MonteCarlo.0", "point": 2, "testname": "TRAN_VDD_PULSE_MC", "cornername": "Nominal"}
[2026-05-26 10:41:18.581 Z] [WARN] [cadence.virtuoso.ade.simulationMonitor] -     WARNING (CMI-2943): Parameter checks have been ignored because the valid value for parameter 'trise' could not be found in 'C0'. {"history": "MonteCarlo.0", "point": 2, "testname": "TRAN_VDD_PULSE_MC", "cornername": "Nominal"}
[2026-05-26 10:41:18.581 Z] [WARN] [cadence.virtuoso.ade.simulationMonitor] -     WARNING (CMI-2943): Parameter checks have been ignored because the valid value for parameter 'trise' could not be found in 'C3'. {"history": "MonteCarlo.0", "point": 2, "testname": "TRAN_VDD_PULSE_MC", "cornername": "Nominal"}
[2026-05-26 10:41:18.581 Z] [WARN] [cadence.virtuoso.ade.simulationMonitor] -     WARNING (CMI-2943): Parameter checks have been ignored because the valid value for parameter 'trise' could not be found in 'C4'. {"history": "MonteCarlo.0", "point": 2, "testname": "TRAN_VDD_PULSE_MC", "cornername": "Nominal"}
[2026-05-26 10:41:18.581 Z] [WARN] [cadence.virtuoso.ade.simulationMonitor] -     WARNING (CMI-2943): Parameter checks have been ignored because the valid value for parameter 'trise' could not be found in 'C5'. {"history": "MonteCarlo.0", "point": 2, "testname": "TRAN_VDD_PULSE_MC", "cornername": "Nominal"}
[2026-05-26 10:41:18.581 Z] [WARN] [cadence.virtuoso.ade.simulationMonitor] -     WARNING (CMI-2943): Parameter checks have been ignored because the valid value for parameter 'trise' could not be found in 'I19.I4.C9<0>_turbo_m6.C1'.
        Further occurrences of this warning will be suppressed. {"history": "MonteCarlo.0", "point": 2, "testname": "TRAN_VDD_PULSE_MC", "cornername": "Nominal"}
[2026-05-26 10:41:18.581 Z] [INFO] [cadence.virtuoso.ade.simulationMonitor] - Notice from spectre during transient analysis `tran', during Monte Carlo analysis `mc1'.
    Multithreading is disabled due to the size of the design being too small. {"history": "MonteCarlo.0", "point": 2, "testname": "TRAN_VDD_PULSE_MC", "cornername": "Nominal"}
[2026-05-26 10:41:18.581 Z] [PROCESS] [cadence.virtuoso.ade.simulationMonitor] - Finished simulating for one iteration {"hostname": "edatools", "processid": 259513, "history": "MonteCarlo.0", "testname": "TRAN_VDD_PULSE_MC", "cornername": "Nominal", "point": 2, "logfile": "/home/saul/projects/IL2244_VT26_SAUL/logs_saul/logs0/Job53.log", "simid": "7"}
[2026-05-26 10:41:18.581 Z] [PROCESS] [cadence.virtuoso.ade.simulationMonitor] - Started Simulation {"hostname": "edatools", "processid": 259513, "history": "MonteCarlo.0", "testname": "TRAN_VDD_PULSE_MC", "cornername": "Nominal", "point": 3, "logfile": "/home/saul/projects/IL2244_VT26_SAUL/logs_saul/logs0/Job53.log", "event": "started", "task": "simulation"}
[2026-05-26 10:41:19.081 Z] [INFO] [cadence.virtuoso.ade.simulationMonitor] - Notice from spectre at time = 202.636 us during transient analysis `tran', during Monte Carlo analysis `mc1'.
    I19.I2.I8.MP5: The bulk-drain junction leaves the linearized region.
    I19.I2.I8.MP5: The bulk-drain junction current no longer exceeds `imax'.
    I19.I2.I8.MP6: The bulk-drain junction leaves the linearized region.
    I19.I2.I8.MP6: The bulk-drain junction current no longer exceeds `imax'.
    I19.I2.I8.MP7: The bulk-drain junction leaves the linearized region.
    I19.I2.I8.MP7: The bulk-... {"history": "MonteCarlo.0", "point": 3, "testname": "TRAN_VDD_PULSE_MC", "cornername": "Nominal"}
[2026-05-26 10:43:02.623 Z] [INFO] [cadence.virtuoso.ade.simulationMonitor] - Total time required for tran analysis `tran': CPU = 103.499 s (1m  43.5s), elapsed = 103.542 s (1m  43.5s), util. = 100%. {"history": "MonteCarlo.0", "point": 3, "testname": "TRAN_VDD_PULSE_MC", "cornername": "Nominal"}
[2026-05-26 10:43:02.623 Z] [INFO] [cadence.virtuoso.ade.simulationMonitor] - Peak resident memory used = 227 Mbytes. {"history": "MonteCarlo.0", "point": 3, "testname": "TRAN_VDD_PULSE_MC", "cornername": "Nominal"}
[2026-05-26 10:43:02.623 Z] [INFO] [cadence.virtuoso.ade.simulationMonitor] - Notice from spectre during transient analysis `tran', during Monte Carlo analysis `mc1'.
    2 notices suppressed.
    260 warnings suppressed. {"history": "MonteCarlo.0", "point": 3, "testname": "TRAN_VDD_PULSE_MC", "cornername": "Nominal"}
[2026-05-26 10:43:02.623 Z] [WARN] [cadence.virtuoso.ade.simulationMonitor] -     WARNING (CMI-2425): I19.I0.C1<0>_dummy: `Acde' = 2.393 is unusually large. {"history": "MonteCarlo.0", "point": 3, "testname": "TRAN_VDD_PULSE_MC", "cornername": "Nominal"}
[2026-05-26 10:43:02.623 Z] [WARN] [cadence.virtuoso.ade.simulationMonitor] -     WARNING (CMI-2425): I19.I0.C1<0>_dummy: `Noff' = 4.732 is unusually large. {"history": "MonteCarlo.0", "point": 3, "testname": "TRAN_VDD_PULSE_MC", "cornername": "Nominal"}
[2026-05-26 10:43:02.623 Z] [WARN] [cadence.virtuoso.ade.simulationMonitor] -     WARNING (CMI-2424): I19.I0.C1<0>_dummy: `Voffcv' = -867.4e-03 is unusually small. {"history": "MonteCarlo.0", "point": 3, "testname": "TRAN_VDD_PULSE_MC", "cornername": "Nominal"}
[2026-05-26 10:43:02.624 Z] [WARN] [cadence.virtuoso.ade.simulationMonitor] -     WARNING (CMI-2425): I19.I0.C1<0>_dummy: `Acde' = 2.393 is unusually large. {"history": "MonteCarlo.0", "point": 3, "testname": "TRAN_VDD_PULSE_MC", "cornername": "Nominal"}
[2026-05-26 10:43:02.624 Z] [WARN] [cadence.virtuoso.ade.simulationMonitor] -     WARNING (CMI-2425): I19.I0.C1<0>_dummy: `Noff' = 4.732 is unusually large. {"history": "MonteCarlo.0", "point": 3, "testname": "TRAN_VDD_PULSE_MC", "cornername": "Nominal"}
[2026-05-26 10:43:02.624 Z] [WARN] [cadence.virtuoso.ade.simulationMonitor] -     WARNING (CMI-2424): I19.I0.C1<0>_dummy: `Voffcv' = -867.4e-03 is unusually small. {"history": "MonteCarlo.0", "point": 3, "testname": "TRAN_VDD_PULSE_MC", "cornername": "Nominal"}
[2026-05-26 10:43:02.624 Z] [INFO] [cadence.virtuoso.ade.simulationMonitor] - Notice from spectre during Monte Carlo analysis `mc1'.
    V17: `period' has the unusually large value of 20 s.
    V17: `width' has the unusually large value of 19 s.
    V16: `period' has the unusually large value of 10 s.
    V16: `width' has the unusually large value of 9 s.
    V9: `period' has the unusually large value of 10 s.
        Further occurrences of this notice will be suppressed. {"history": "MonteCarlo.0", "point": 3, "testname": "TRAN_VDD_PULSE_MC", "cornername": "Nominal"}
[2026-05-26 10:43:02.624 Z] [INFO] [cadence.virtuoso.ade.simulationMonitor] - Notice from spectre in `rpolyhc':`I19.I0.R10', in `fecg_cmfb2_f':`I19.I0', in `fecg_front_end_f_3':`I19', during Monte Carlo analysis `mc1'.
    I19.I0.R10.CS0 of rpolyhc: `c' has the unusually small value of 0 F.
    I19.I0.R10.CS1 of rpolyhc: `c' has the unusually small value of 0 F. {"history": "MonteCarlo.0", "point": 3, "testname": "TRAN_VDD_PULSE_MC", "cornername": "Nominal"}
[2026-05-26 10:43:02.624 Z] [INFO] [cadence.virtuoso.ade.simulationMonitor] - Notice from spectre in `rpolyhc':`I19.I0.R9', in `fecg_cmfb2_f':`I19.I0', in `fecg_front_end_f_3':`I19', during Monte Carlo analysis `mc1'.
    I19.I0.R9.CS0 of rpolyhc: `c' has the unusually small value of 0 F.
    I19.I0.R9.CS1 of rpolyhc: `c' has the unusually small value of 0 F. {"history": "MonteCarlo.0", "point": 3, "testname": "TRAN_VDD_PULSE_MC", "cornername": "Nominal"}
[2026-05-26 10:43:02.624 Z] [INFO] [cadence.virtuoso.ade.simulationMonitor] - Notice from spectre in `rpolyhc':`I19.I0.R7', in `fecg_cmfb2_f':`I19.I0', in `fecg_front_end_f_3':`I19', during Monte Carlo analysis `mc1'.
    I19.I0.R7.CS0 of rpolyhc: `c' has the unusually small value of 0 F.
        Further occurrences of this notice will be suppressed. {"history": "MonteCarlo.0", "point": 3, "testname": "TRAN_VDD_PULSE_MC", "cornername": "Nominal"}
[2026-05-26 10:43:02.624 Z] [WARN] [cadence.virtuoso.ade.simulationMonitor] -     WARNING (CMI-2425): I19.I2.C1: `Acde' = 2.393 is unusually large. {"history": "MonteCarlo.0", "point": 3, "testname": "TRAN_VDD_PULSE_MC", "cornername": "Nominal"}
[2026-05-26 10:43:02.624 Z] [WARN] [cadence.virtuoso.ade.simulationMonitor] -     WARNING (CMI-2425): I19.I2.C1: `Noff' = 4.732 is unusually large. {"history": "MonteCarlo.0", "point": 3, "testname": "TRAN_VDD_PULSE_MC", "cornername": "Nominal"}
[2026-05-26 10:43:02.624 Z] [WARN] [cadence.virtuoso.ade.simulationMonitor] -     WARNING (CMI-2424): I19.I2.C1: `Voffcv' = -867.4e-03 is unusually small. {"history": "MonteCarlo.0", "point": 3, "testname": "TRAN_VDD_PULSE_MC", "cornername": "Nominal"}
[2026-05-26 10:43:02.624 Z] [WARN] [cadence.virtuoso.ade.simulationMonitor] -     WARNING (CMI-2425): I19.I11.C0: `Acde' = 2.393 is unusually large. {"history": "MonteCarlo.0", "point": 3, "testname": "TRAN_VDD_PULSE_MC", "cornername": "Nominal"}
[2026-05-26 10:43:02.624 Z] [WARN] [cadence.virtuoso.ade.simulationMonitor] -     WARNING (CMI-2425): I19.I11.C0: `Noff' = 4.732 is unusually large. {"history": "MonteCarlo.0", "point": 3, "testname": "TRAN_VDD_PULSE_MC", "cornername": "Nominal"}
[2026-05-26 10:43:02.625 Z] [WARN] [cadence.virtuoso.ade.simulationMonitor] -     WARNING (CMI-2424): I19.I11.C0: `Voffcv' = -867.4e-03 is unusually small. {"history": "MonteCarlo.0", "point": 3, "testname": "TRAN_VDD_PULSE_MC", "cornername": "Nominal"}
[2026-05-26 10:43:02.625 Z] [WARN] [cadence.virtuoso.ade.simulationMonitor] -     WARNING (CMI-2425): I19.I11.C1: `Acde' = 2.393 is unusually large.
        Further occurrences of this warning will be suppressed. {"history": "MonteCarlo.0", "point": 3, "testname": "TRAN_VDD_PULSE_MC", "cornername": "Nominal"}
[2026-05-26 10:43:02.625 Z] [WARN] [cadence.virtuoso.ade.simulationMonitor] -     WARNING (CMI-2424): I19.I11.C1: `Voffcv' = -867.4e-03 is unusually small. {"history": "MonteCarlo.0", "point": 3, "testname": "TRAN_VDD_PULSE_MC", "cornername": "Nominal"}
[2026-05-26 10:43:02.625 Z] [WARN] [cadence.virtuoso.ade.simulationMonitor] -     WARNING (CMI-2424): I19.I12.C0: `Voffcv' = -867.4e-03 is unusually small. {"history": "MonteCarlo.0", "point": 3, "testname": "TRAN_VDD_PULSE_MC", "cornername": "Nominal"}
[2026-05-26 10:43:02.625 Z] [WARN] [cadence.virtuoso.ade.simulationMonitor] -     WARNING (CMI-2424): I19.I12.C1: `Voffcv' = -867.4e-03 is unusually small.
        Further occurrences of this warning will be suppressed. {"history": "MonteCarlo.0", "point": 3, "testname": "TRAN_VDD_PULSE_MC", "cornername": "Nominal"}
[2026-05-26 10:43:02.625 Z] [INFO] [cadence.virtuoso.ade.simulationMonitor] - Notice from spectre during DC analysis `dcOp', during Monte Carlo analysis `mc1'.
    GminDC = 1 pS is large enough to noticeably affect the DC solution.
        dV(I19.I2.C1.d1) = 1.25577 mV
        Use the `gmin_check' option to eliminate or expand this report.
    Bad pivoting is found during DC analysis. Option dc_pivot_check=yes is recommended for possible improvement of convergence. {"history": "MonteCarlo.0", "point": 3, "testname": "TRAN_VDD_PULSE_MC", "cornername": "Nominal"}
[2026-05-26 10:43:02.625 Z] [WARN] [cadence.virtuoso.ade.simulationMonitor] -     WARNING (CMI-2139): I19.I2.I8.MP5: The bulk-drain junction current exceeds `imelt'.  The results computed by Spectre may be inaccurate because the junction current model has been linearized. {"history": "MonteCarlo.0", "point": 3, "testname": "TRAN_VDD_PULSE_MC", "cornername": "Nominal"}
[2026-05-26 10:43:02.625 Z] [WARN] [cadence.virtuoso.ade.simulationMonitor] -     WARNING (CMI-2144): I19.I2.I8.MP5: The bulk-drain junction current exceeds `imax'. {"history": "MonteCarlo.0", "point": 3, "testname": "TRAN_VDD_PULSE_MC", "cornername": "Nominal"}
[2026-05-26 10:43:02.625 Z] [WARN] [cadence.virtuoso.ade.simulationMonitor] -     WARNING (CMI-2139): I19.I2.I8.MP6: The bulk-drain junction current exceeds `imelt'.  The results computed by Spectre may be inaccurate because the junction current model has been linearized. {"history": "MonteCarlo.0", "point": 3, "testname": "TRAN_VDD_PULSE_MC", "cornername": "Nominal"}
[2026-05-26 10:43:02.625 Z] [WARN] [cadence.virtuoso.ade.simulationMonitor] -     WARNING (CMI-2144): I19.I2.I8.MP6: The bulk-drain junction current exceeds `imax'. {"history": "MonteCarlo.0", "point": 3, "testname": "TRAN_VDD_PULSE_MC", "cornername": "Nominal"}
[2026-05-26 10:43:02.625 Z] [WARN] [cadence.virtuoso.ade.simulationMonitor] -     WARNING (CMI-2139): I19.I2.I8.MP7: The bulk-drain junction current exceeds `imelt'.  The results computed by Spectre may be inaccurate because the junction current model has been linearized. {"history": "MonteCarlo.0", "point": 3, "testname": "TRAN_VDD_PULSE_MC", "cornername": "Nominal"}
[2026-05-26 10:43:02.625 Z] [WARN] [cadence.virtuoso.ade.simulationMonitor] -     WARNING (CMI-2144): I19.I2.I8.MP7: The bulk-drain junction current exceeds `imax'. {"history": "MonteCarlo.0", "point": 3, "testname": "TRAN_VDD_PULSE_MC", "cornername": "Nominal"}
[2026-05-26 10:43:02.625 Z] [WARN] [cadence.virtuoso.ade.simulationMonitor] -     WARNING (CMI-2139): I19.I2.I8.MP8: The bulk-drain junction current exceeds `imelt'.  The results computed by Spectre may be inaccurate because the junction current model has been linearized. {"history": "MonteCarlo.0", "point": 3, "testname": "TRAN_VDD_PULSE_MC", "cornername": "Nominal"}
[2026-05-26 10:43:02.625 Z] [WARN] [cadence.virtuoso.ade.simulationMonitor] -     WARNING (CMI-2144): I19.I2.I8.MP8: The bulk-drain junction current exceeds `imax'. {"history": "MonteCarlo.0", "point": 3, "testname": "TRAN_VDD_PULSE_MC", "cornername": "Nominal"}
[2026-05-26 10:43:02.625 Z] [WARN] [cadence.virtuoso.ade.simulationMonitor] -     WARNING (CMI-2139): I19.I0.MP10: The bulk-drain junction current exceeds `imelt'.  The results computed by Spectre may be inaccurate because the junction current model has been linearized.
        Further occurrences of this warning will be suppressed. {"history": "MonteCarlo.0", "point": 3, "testname": "TRAN_VDD_PULSE_MC", "cornername": "Nominal"}
[2026-05-26 10:43:02.625 Z] [WARN] [cadence.virtuoso.ade.simulationMonitor] -     WARNING (CMI-2144): I19.I0.MP10: The bulk-drain junction current exceeds `imax'.
        Further occurrences of this warning will be suppressed. {"history": "MonteCarlo.0", "point": 3, "testname": "TRAN_VDD_PULSE_MC", "cornername": "Nominal"}
[2026-05-26 10:43:02.625 Z] [WARN] [cadence.virtuoso.ade.simulationMonitor] -     WARNING (CMI-2943): Parameter checks have been ignored because the valid value for parameter 'trise' could not be found in 'C0'. {"history": "MonteCarlo.0", "point": 3, "testname": "TRAN_VDD_PULSE_MC", "cornername": "Nominal"}
[2026-05-26 10:43:02.625 Z] [WARN] [cadence.virtuoso.ade.simulationMonitor] -     WARNING (CMI-2943): Parameter checks have been ignored because the valid value for parameter 'trise' could not be found in 'C3'. {"history": "MonteCarlo.0", "point": 3, "testname": "TRAN_VDD_PULSE_MC", "cornername": "Nominal"}
[2026-05-26 10:43:02.625 Z] [WARN] [cadence.virtuoso.ade.simulationMonitor] -     WARNING (CMI-2943): Parameter checks have been ignored because the valid value for parameter 'trise' could not be found in 'C4'. {"history": "MonteCarlo.0", "point": 3, "testname": "TRAN_VDD_PULSE_MC", "cornername": "Nominal"}
[2026-05-26 10:43:02.625 Z] [WARN] [cadence.virtuoso.ade.simulationMonitor] -     WARNING (CMI-2943): Parameter checks have been ignored because the valid value for parameter 'trise' could not be found in 'C5'. {"history": "MonteCarlo.0", "point": 3, "testname": "TRAN_VDD_PULSE_MC", "cornername": "Nominal"}
[2026-05-26 10:43:02.625 Z] [WARN] [cadence.virtuoso.ade.simulationMonitor] -     WARNING (CMI-2943): Parameter checks have been ignored because the valid value for parameter 'trise' could not be found in 'I19.I4.C9<0>_turbo_m6.C1'.
        Further occurrences of this warning will be suppressed. {"history": "MonteCarlo.0", "point": 3, "testname": "TRAN_VDD_PULSE_MC", "cornername": "Nominal"}
[2026-05-26 10:43:02.626 Z] [INFO] [cadence.virtuoso.ade.simulationMonitor] - Total time required for dc analysis `dcOp': CPU = 13.908 ms, elapsed = 32.994 ms, util. = 42.2%. {"history": "MonteCarlo.0", "point": 3, "testname": "TRAN_VDD_PULSE_MC", "cornername": "Nominal"}
[2026-05-26 10:43:02.626 Z] [INFO] [cadence.virtuoso.ade.simulationMonitor] - Peak resident memory used = 227 Mbytes. {"history": "MonteCarlo.0", "point": 3, "testname": "TRAN_VDD_PULSE_MC", "cornername": "Nominal"}
[2026-05-26 10:43:02.626 Z] [INFO] [cadence.virtuoso.ade.simulationMonitor] - Notice from spectre during Monte Carlo analysis `mc1'.
    8 notices suppressed.
    286 warnings suppressed. {"history": "MonteCarlo.0", "point": 3, "testname": "TRAN_VDD_PULSE_MC", "cornername": "Nominal"}
[2026-05-26 10:43:02.626 Z] [WARN] [cadence.virtuoso.ade.simulationMonitor] -     WARNING (CMI-2425): I19.I0.C1<0>_dummy: `Acde' = 2.393 is unusually large. {"history": "MonteCarlo.0", "point": 3, "testname": "TRAN_VDD_PULSE_MC", "cornername": "Nominal"}
[2026-05-26 10:43:02.626 Z] [WARN] [cadence.virtuoso.ade.simulationMonitor] -     WARNING (CMI-2425): I19.I0.C1<0>_dummy: `Noff' = 4.732 is unusually large. {"history": "MonteCarlo.0", "point": 3, "testname": "TRAN_VDD_PULSE_MC", "cornername": "Nominal"}
[2026-05-26 10:43:02.626 Z] [WARN] [cadence.virtuoso.ade.simulationMonitor] -     WARNING (CMI-2424): I19.I0.C1<0>_dummy: `Voffcv' = -867.4e-03 is unusually small. {"history": "MonteCarlo.0", "point": 3, "testname": "TRAN_VDD_PULSE_MC", "cornername": "Nominal"}
[2026-05-26 10:43:02.626 Z] [INFO] [cadence.virtuoso.ade.simulationMonitor] - Notice from spectre during IC analysis, during transient analysis `tran', during Monte Carlo analysis `mc1'.
    GminDC = 1 pS is large enough to noticeably affect the DC solution.
        dV(I19.I2.C1.d1) = 1.25577 mV
        Use the `gmin_check' option to eliminate or expand this report.
    Bad pivoting is found during DC analysis. Option dc_pivot_check=yes is recommended for possible improvement of convergence. {"history": "MonteCarlo.0", "point": 3, "testname": "TRAN_VDD_PULSE_MC", "cornername": "Nominal"}
[2026-05-26 10:43:02.626 Z] [WARN] [cadence.virtuoso.ade.simulationMonitor] -     WARNING (CMI-2139): I19.I2.I8.MP5: The bulk-drain junction current exceeds `imelt'.  The results computed by Spectre may be inaccurate because the junction current model has been linearized. {"history": "MonteCarlo.0", "point": 3, "testname": "TRAN_VDD_PULSE_MC", "cornername": "Nominal"}
[2026-05-26 10:43:02.626 Z] [WARN] [cadence.virtuoso.ade.simulationMonitor] -     WARNING (CMI-2144): I19.I2.I8.MP5: The bulk-drain junction current exceeds `imax'. {"history": "MonteCarlo.0", "point": 3, "testname": "TRAN_VDD_PULSE_MC", "cornername": "Nominal"}
[2026-05-26 10:43:02.626 Z] [WARN] [cadence.virtuoso.ade.simulationMonitor] -     WARNING (CMI-2139): I19.I2.I8.MP6: The bulk-drain junction current exceeds `imelt'.  The results computed by Spectre may be inaccurate because the junction current model has been linearized. {"history": "MonteCarlo.0", "point": 3, "testname": "TRAN_VDD_PULSE_MC", "cornername": "Nominal"}
[2026-05-26 10:43:02.626 Z] [WARN] [cadence.virtuoso.ade.simulationMonitor] -     WARNING (CMI-2144): I19.I2.I8.MP6: The bulk-drain junction current exceeds `imax'. {"history": "MonteCarlo.0", "point": 3, "testname": "TRAN_VDD_PULSE_MC", "cornername": "Nominal"}
[2026-05-26 10:43:02.626 Z] [WARN] [cadence.virtuoso.ade.simulationMonitor] -     WARNING (CMI-2139): I19.I2.I8.MP7: The bulk-drain junction current exceeds `imelt'.  The results computed by Spectre may be inaccurate because the junction current model has been linearized. {"history": "MonteCarlo.0", "point": 3, "testname": "TRAN_VDD_PULSE_MC", "cornername": "Nominal"}
[2026-05-26 10:43:02.626 Z] [WARN] [cadence.virtuoso.ade.simulationMonitor] -     WARNING (CMI-2144): I19.I2.I8.MP7: The bulk-drain junction current exceeds `imax'. {"history": "MonteCarlo.0", "point": 3, "testname": "TRAN_VDD_PULSE_MC", "cornername": "Nominal"}
[2026-05-26 10:43:02.626 Z] [WARN] [cadence.virtuoso.ade.simulationMonitor] -     WARNING (CMI-2139): I19.I2.I8.MP8: The bulk-drain junction current exceeds `imelt'.  The results computed by Spectre may be inaccurate because the junction current model has been linearized. {"history": "MonteCarlo.0", "point": 3, "testname": "TRAN_VDD_PULSE_MC", "cornername": "Nominal"}
[2026-05-26 10:43:02.626 Z] [WARN] [cadence.virtuoso.ade.simulationMonitor] -     WARNING (CMI-2144): I19.I2.I8.MP8: The bulk-drain junction current exceeds `imax'. {"history": "MonteCarlo.0", "point": 3, "testname": "TRAN_VDD_PULSE_MC", "cornername": "Nominal"}
[2026-05-26 10:43:02.626 Z] [WARN] [cadence.virtuoso.ade.simulationMonitor] -     WARNING (CMI-2139): I19.I0.MP10: The bulk-drain junction current exceeds `imelt'.  The results computed by Spectre may be inaccurate because the junction current model has been linearized.
        Further occurrences of this warning will be suppressed. {"history": "MonteCarlo.0", "point": 3, "testname": "TRAN_VDD_PULSE_MC", "cornername": "Nominal"}
[2026-05-26 10:43:02.626 Z] [WARN] [cadence.virtuoso.ade.simulationMonitor] -     WARNING (CMI-2144): I19.I0.MP10: The bulk-drain junction current exceeds `imax'.
        Further occurrences of this warning will be suppressed. {"history": "MonteCarlo.0", "point": 3, "testname": "TRAN_VDD_PULSE_MC", "cornername": "Nominal"}
[2026-05-26 10:43:02.626 Z] [WARN] [cadence.virtuoso.ade.simulationMonitor] -     WARNING (CMI-2943): Parameter checks have been ignored because the valid value for parameter 'trise' could not be found in 'C0'. {"history": "MonteCarlo.0", "point": 3, "testname": "TRAN_VDD_PULSE_MC", "cornername": "Nominal"}
[2026-05-26 10:43:02.626 Z] [WARN] [cadence.virtuoso.ade.simulationMonitor] -     WARNING (CMI-2943): Parameter checks have been ignored because the valid value for parameter 'trise' could not be found in 'C3'. {"history": "MonteCarlo.0", "point": 3, "testname": "TRAN_VDD_PULSE_MC", "cornername": "Nominal"}
[2026-05-26 10:43:02.626 Z] [WARN] [cadence.virtuoso.ade.simulationMonitor] -     WARNING (CMI-2943): Parameter checks have been ignored because the valid value for parameter 'trise' could not be found in 'C4'. {"history": "MonteCarlo.0", "point": 3, "testname": "TRAN_VDD_PULSE_MC", "cornername": "Nominal"}
[2026-05-26 10:43:02.626 Z] [WARN] [cadence.virtuoso.ade.simulationMonitor] -     WARNING (CMI-2943): Parameter checks have been ignored because the valid value for parameter 'trise' could not be found in 'C5'. {"history": "MonteCarlo.0", "point": 3, "testname": "TRAN_VDD_PULSE_MC", "cornername": "Nominal"}
[2026-05-26 10:43:02.626 Z] [WARN] [cadence.virtuoso.ade.simulationMonitor] -     WARNING (CMI-2943): Parameter checks have been ignored because the valid value for parameter 'trise' could not be found in 'I19.I4.C9<0>_turbo_m6.C1'.
        Further occurrences of this warning will be suppressed. {"history": "MonteCarlo.0", "point": 3, "testname": "TRAN_VDD_PULSE_MC", "cornername": "Nominal"}
[2026-05-26 10:43:02.626 Z] [INFO] [cadence.virtuoso.ade.simulationMonitor] - Notice from spectre during transient analysis `tran', during Monte Carlo analysis `mc1'.
    Multithreading is disabled due to the size of the design being too small. {"history": "MonteCarlo.0", "point": 3, "testname": "TRAN_VDD_PULSE_MC", "cornername": "Nominal"}
[2026-05-26 10:43:02.626 Z] [INFO] [cadence.virtuoso.ade.simulationMonitor] - Notice from spectre at time = 202.763 us during transient analysis `tran', during Monte Carlo analysis `mc1'.
    I19.I2.I8.MP5: The bulk-drain junction leaves the linearized region.
    I19.I2.I8.MP5: The bulk-drain junction current no longer exceeds `imax'.
    I19.I2.I8.MP6: The bulk-drain junction leaves the linearized region.
    I19.I2.I8.MP6: The bulk-drain junction current no longer exceeds `imax'.
    I19.I2.I8.MP7: The bulk-drain junction leaves the linearized region.
    I19.I2.I8.MP7: The bulk-... {"history": "MonteCarlo.0", "point": 3, "testname": "TRAN_VDD_PULSE_MC", "cornername": "Nominal"}
[2026-05-26 10:43:02.627 Z] [PROCESS] [cadence.virtuoso.ade.simulationMonitor] - Finished simulating for one iteration {"hostname": "edatools", "processid": 259513, "history": "MonteCarlo.0", "testname": "TRAN_VDD_PULSE_MC", "cornername": "Nominal", "point": 3, "logfile": "/home/saul/projects/IL2244_VT26_SAUL/logs_saul/logs0/Job53.log", "simid": "7"}
[2026-05-26 10:43:02.627 Z] [PROCESS] [cadence.virtuoso.ade.simulationMonitor] - Started Simulation {"hostname": "edatools", "processid": 259513, "history": "MonteCarlo.0", "testname": "TRAN_VDD_PULSE_MC", "cornername": "Nominal", "point": 4, "logfile": "/home/saul/projects/IL2244_VT26_SAUL/logs_saul/logs0/Job53.log", "event": "started", "task": "simulation"}
[2026-05-26 10:44:54.173 Z] [INFO] [cadence.virtuoso.ade.simulationMonitor] - Total time required for tran analysis `tran': CPU = 111.536 s (1m  51.5s), elapsed = 111.566 s (1m  51.6s), util. = 100%. {"history": "MonteCarlo.0", "point": 4, "testname": "TRAN_VDD_PULSE_MC", "cornername": "Nominal"}
[2026-05-26 10:44:54.173 Z] [INFO] [cadence.virtuoso.ade.simulationMonitor] - Peak resident memory used = 228 Mbytes. {"history": "MonteCarlo.0", "point": 4, "testname": "TRAN_VDD_PULSE_MC", "cornername": "Nominal"}
[2026-05-26 10:44:54.173 Z] [INFO] [cadence.virtuoso.ade.simulationMonitor] - Notice from spectre during transient analysis `tran', during Monte Carlo analysis `mc1'.
    2 notices suppressed.
    260 warnings suppressed. {"history": "MonteCarlo.0", "point": 4, "testname": "TRAN_VDD_PULSE_MC", "cornername": "Nominal"}
[2026-05-26 10:44:54.173 Z] [WARN] [cadence.virtuoso.ade.simulationMonitor] -     WARNING (CMI-2425): I19.I0.C1<0>_dummy: `Acde' = 2.393 is unusually large. {"history": "MonteCarlo.0", "point": 4, "testname": "TRAN_VDD_PULSE_MC", "cornername": "Nominal"}
[2026-05-26 10:44:54.173 Z] [WARN] [cadence.virtuoso.ade.simulationMonitor] -     WARNING (CMI-2425): I19.I0.C1<0>_dummy: `Noff' = 4.732 is unusually large. {"history": "MonteCarlo.0", "point": 4, "testname": "TRAN_VDD_PULSE_MC", "cornername": "Nominal"}
[2026-05-26 10:44:54.174 Z] [WARN] [cadence.virtuoso.ade.simulationMonitor] -     WARNING (CMI-2424): I19.I0.C1<0>_dummy: `Voffcv' = -867.4e-03 is unusually small. {"history": "MonteCarlo.0", "point": 4, "testname": "TRAN_VDD_PULSE_MC", "cornername": "Nominal"}
[2026-05-26 10:44:54.174 Z] [WARN] [cadence.virtuoso.ade.simulationMonitor] -     WARNING (CMI-2425): I19.I0.C1<0>_dummy: `Acde' = 2.393 is unusually large. {"history": "MonteCarlo.0", "point": 4, "testname": "TRAN_VDD_PULSE_MC", "cornername": "Nominal"}
[2026-05-26 10:44:54.174 Z] [WARN] [cadence.virtuoso.ade.simulationMonitor] -     WARNING (CMI-2425): I19.I0.C1<0>_dummy: `Noff' = 4.732 is unusually large. {"history": "MonteCarlo.0", "point": 4, "testname": "TRAN_VDD_PULSE_MC", "cornername": "Nominal"}
[2026-05-26 10:44:54.174 Z] [WARN] [cadence.virtuoso.ade.simulationMonitor] -     WARNING (CMI-2424): I19.I0.C1<0>_dummy: `Voffcv' = -867.4e-03 is unusually small. {"history": "MonteCarlo.0", "point": 4, "testname": "TRAN_VDD_PULSE_MC", "cornername": "Nominal"}
[2026-05-26 10:44:54.174 Z] [INFO] [cadence.virtuoso.ade.simulationMonitor] - Notice from spectre during Monte Carlo analysis `mc1'.
    V17: `period' has the unusually large value of 20 s.
    V17: `width' has the unusually large value of 19 s.
    V16: `period' has the unusually large value of 10 s.
    V16: `width' has the unusually large value of 9 s.
    V9: `period' has the unusually large value of 10 s.
        Further occurrences of this notice will be suppressed. {"history": "MonteCarlo.0", "point": 4, "testname": "TRAN_VDD_PULSE_MC", "cornername": "Nominal"}
[2026-05-26 10:44:54.174 Z] [INFO] [cadence.virtuoso.ade.simulationMonitor] - Notice from spectre in `rpolyhc':`I19.I0.R10', in `fecg_cmfb2_f':`I19.I0', in `fecg_front_end_f_3':`I19', during Monte Carlo analysis `mc1'.
    I19.I0.R10.CS0 of rpolyhc: `c' has the unusually small value of 0 F.
    I19.I0.R10.CS1 of rpolyhc: `c' has the unusually small value of 0 F. {"history": "MonteCarlo.0", "point": 4, "testname": "TRAN_VDD_PULSE_MC", "cornername": "Nominal"}
[2026-05-26 10:44:54.174 Z] [INFO] [cadence.virtuoso.ade.simulationMonitor] - Notice from spectre in `rpolyhc':`I19.I0.R9', in `fecg_cmfb2_f':`I19.I0', in `fecg_front_end_f_3':`I19', during Monte Carlo analysis `mc1'.
    I19.I0.R9.CS0 of rpolyhc: `c' has the unusually small value of 0 F.
    I19.I0.R9.CS1 of rpolyhc: `c' has the unusually small value of 0 F. {"history": "MonteCarlo.0", "point": 4, "testname": "TRAN_VDD_PULSE_MC", "cornername": "Nominal"}
[2026-05-26 10:44:54.174 Z] [INFO] [cadence.virtuoso.ade.simulationMonitor] - Notice from spectre in `rpolyhc':`I19.I0.R7', in `fecg_cmfb2_f':`I19.I0', in `fecg_front_end_f_3':`I19', during Monte Carlo analysis `mc1'.
    I19.I0.R7.CS0 of rpolyhc: `c' has the unusually small value of 0 F.
        Further occurrences of this notice will be suppressed. {"history": "MonteCarlo.0", "point": 4, "testname": "TRAN_VDD_PULSE_MC", "cornername": "Nominal"}
[2026-05-26 10:44:54.174 Z] [WARN] [cadence.virtuoso.ade.simulationMonitor] -     WARNING (CMI-2425): I19.I2.C1: `Acde' = 2.393 is unusually large. {"history": "MonteCarlo.0", "point": 4, "testname": "TRAN_VDD_PULSE_MC", "cornername": "Nominal"}
[2026-05-26 10:44:54.174 Z] [WARN] [cadence.virtuoso.ade.simulationMonitor] -     WARNING (CMI-2425): I19.I2.C1: `Noff' = 4.732 is unusually large. {"history": "MonteCarlo.0", "point": 4, "testname": "TRAN_VDD_PULSE_MC", "cornername": "Nominal"}
[2026-05-26 10:44:54.174 Z] [WARN] [cadence.virtuoso.ade.simulationMonitor] -     WARNING (CMI-2424): I19.I2.C1: `Voffcv' = -867.4e-03 is unusually small. {"history": "MonteCarlo.0", "point": 4, "testname": "TRAN_VDD_PULSE_MC", "cornername": "Nominal"}
[2026-05-26 10:44:54.174 Z] [WARN] [cadence.virtuoso.ade.simulationMonitor] -     WARNING (CMI-2425): I19.I11.C0: `Acde' = 2.393 is unusually large. {"history": "MonteCarlo.0", "point": 4, "testname": "TRAN_VDD_PULSE_MC", "cornername": "Nominal"}
[2026-05-26 10:44:54.174 Z] [WARN] [cadence.virtuoso.ade.simulationMonitor] -     WARNING (CMI-2425): I19.I11.C0: `Noff' = 4.732 is unusually large. {"history": "MonteCarlo.0", "point": 4, "testname": "TRAN_VDD_PULSE_MC", "cornername": "Nominal"}
[2026-05-26 10:44:54.174 Z] [WARN] [cadence.virtuoso.ade.simulationMonitor] -     WARNING (CMI-2424): I19.I11.C0: `Voffcv' = -867.4e-03 is unusually small. {"history": "MonteCarlo.0", "point": 4, "testname": "TRAN_VDD_PULSE_MC", "cornername": "Nominal"}
[2026-05-26 10:44:54.174 Z] [WARN] [cadence.virtuoso.ade.simulationMonitor] -     WARNING (CMI-2425): I19.I11.C1: `Acde' = 2.393 is unusually large.
        Further occurrences of this warning will be suppressed. {"history": "MonteCarlo.0", "point": 4, "testname": "TRAN_VDD_PULSE_MC", "cornername": "Nominal"}
[2026-05-26 10:44:54.174 Z] [WARN] [cadence.virtuoso.ade.simulationMonitor] -     WARNING (CMI-2424): I19.I11.C1: `Voffcv' = -867.4e-03 is unusually small. {"history": "MonteCarlo.0", "point": 4, "testname": "TRAN_VDD_PULSE_MC", "cornername": "Nominal"}
[2026-05-26 10:44:54.175 Z] [WARN] [cadence.virtuoso.ade.simulationMonitor] -     WARNING (CMI-2424): I19.I12.C0: `Voffcv' = -867.4e-03 is unusually small. {"history": "MonteCarlo.0", "point": 4, "testname": "TRAN_VDD_PULSE_MC", "cornername": "Nominal"}
[2026-05-26 10:44:54.175 Z] [WARN] [cadence.virtuoso.ade.simulationMonitor] -     WARNING (CMI-2424): I19.I12.C1: `Voffcv' = -867.4e-03 is unusually small.
        Further occurrences of this warning will be suppressed. {"history": "MonteCarlo.0", "point": 4, "testname": "TRAN_VDD_PULSE_MC", "cornername": "Nominal"}
[2026-05-26 10:44:54.175 Z] [INFO] [cadence.virtuoso.ade.simulationMonitor] - Notice from spectre during DC analysis `dcOp', during Monte Carlo analysis `mc1'.
    GminDC = 1 pS is large enough to noticeably affect the DC solution.
        dV(I19.I2.C1.d1) = 1.50428 mV
        Use the `gmin_check' option to eliminate or expand this report.
    Bad pivoting is found during DC analysis. Option dc_pivot_check=yes is recommended for possible improvement of convergence. {"history": "MonteCarlo.0", "point": 4, "testname": "TRAN_VDD_PULSE_MC", "cornername": "Nominal"}
[2026-05-26 10:44:54.175 Z] [WARN] [cadence.virtuoso.ade.simulationMonitor] -     WARNING (CMI-2139): I19.I2.I8.MP5: The bulk-drain junction current exceeds `imelt'.  The results computed by Spectre may be inaccurate because the junction current model has been linearized. {"history": "MonteCarlo.0", "point": 4, "testname": "TRAN_VDD_PULSE_MC", "cornername": "Nominal"}
[2026-05-26 10:44:54.175 Z] [WARN] [cadence.virtuoso.ade.simulationMonitor] -     WARNING (CMI-2144): I19.I2.I8.MP5: The bulk-drain junction current exceeds `imax'. {"history": "MonteCarlo.0", "point": 4, "testname": "TRAN_VDD_PULSE_MC", "cornername": "Nominal"}
[2026-05-26 10:44:54.175 Z] [WARN] [cadence.virtuoso.ade.simulationMonitor] -     WARNING (CMI-2139): I19.I2.I8.MP6: The bulk-drain junction current exceeds `imelt'.  The results computed by Spectre may be inaccurate because the junction current model has been linearized. {"history": "MonteCarlo.0", "point": 4, "testname": "TRAN_VDD_PULSE_MC", "cornername": "Nominal"}
[2026-05-26 10:44:54.175 Z] [WARN] [cadence.virtuoso.ade.simulationMonitor] -     WARNING (CMI-2144): I19.I2.I8.MP6: The bulk-drain junction current exceeds `imax'. {"history": "MonteCarlo.0", "point": 4, "testname": "TRAN_VDD_PULSE_MC", "cornername": "Nominal"}
[2026-05-26 10:44:54.175 Z] [WARN] [cadence.virtuoso.ade.simulationMonitor] -     WARNING (CMI-2139): I19.I2.I8.MP7: The bulk-drain junction current exceeds `imelt'.  The results computed by Spectre may be inaccurate because the junction current model has been linearized. {"history": "MonteCarlo.0", "point": 4, "testname": "TRAN_VDD_PULSE_MC", "cornername": "Nominal"}
[2026-05-26 10:44:54.175 Z] [WARN] [cadence.virtuoso.ade.simulationMonitor] -     WARNING (CMI-2144): I19.I2.I8.MP7: The bulk-drain junction current exceeds `imax'. {"history": "MonteCarlo.0", "point": 4, "testname": "TRAN_VDD_PULSE_MC", "cornername": "Nominal"}
[2026-05-26 10:44:54.175 Z] [WARN] [cadence.virtuoso.ade.simulationMonitor] -     WARNING (CMI-2139): I19.I2.I8.MP8: The bulk-drain junction current exceeds `imelt'.  The results computed by Spectre may be inaccurate because the junction current model has been linearized. {"history": "MonteCarlo.0", "point": 4, "testname": "TRAN_VDD_PULSE_MC", "cornername": "Nominal"}
[2026-05-26 10:44:54.175 Z] [WARN] [cadence.virtuoso.ade.simulationMonitor] -     WARNING (CMI-2144): I19.I2.I8.MP8: The bulk-drain junction current exceeds `imax'. {"history": "MonteCarlo.0", "point": 4, "testname": "TRAN_VDD_PULSE_MC", "cornername": "Nominal"}
[2026-05-26 10:44:54.175 Z] [WARN] [cadence.virtuoso.ade.simulationMonitor] -     WARNING (CMI-2139): I19.I0.MP10: The bulk-drain junction current exceeds `imelt'.  The results computed by Spectre may be inaccurate because the junction current model has been linearized.
        Further occurrences of this warning will be suppressed. {"history": "MonteCarlo.0", "point": 4, "testname": "TRAN_VDD_PULSE_MC", "cornername": "Nominal"}
[2026-05-26 10:44:54.175 Z] [WARN] [cadence.virtuoso.ade.simulationMonitor] -     WARNING (CMI-2144): I19.I0.MP10: The bulk-drain junction current exceeds `imax'.
        Further occurrences of this warning will be suppressed. {"history": "MonteCarlo.0", "point": 4, "testname": "TRAN_VDD_PULSE_MC", "cornername": "Nominal"}
[2026-05-26 10:44:54.175 Z] [WARN] [cadence.virtuoso.ade.simulationMonitor] -     WARNING (CMI-2943): Parameter checks have been ignored because the valid value for parameter 'trise' could not be found in 'C0'. {"history": "MonteCarlo.0", "point": 4, "testname": "TRAN_VDD_PULSE_MC", "cornername": "Nominal"}
[2026-05-26 10:44:54.175 Z] [WARN] [cadence.virtuoso.ade.simulationMonitor] -     WARNING (CMI-2943): Parameter checks have been ignored because the valid value for parameter 'trise' could not be found in 'C3'. {"history": "MonteCarlo.0", "point": 4, "testname": "TRAN_VDD_PULSE_MC", "cornername": "Nominal"}
[2026-05-26 10:44:54.175 Z] [WARN] [cadence.virtuoso.ade.simulationMonitor] -     WARNING (CMI-2943): Parameter checks have been ignored because the valid value for parameter 'trise' could not be found in 'C4'. {"history": "MonteCarlo.0", "point": 4, "testname": "TRAN_VDD_PULSE_MC", "cornername": "Nominal"}
[2026-05-26 10:44:54.175 Z] [WARN] [cadence.virtuoso.ade.simulationMonitor] -     WARNING (CMI-2943): Parameter checks have been ignored because the valid value for parameter 'trise' could not be found in 'C5'. {"history": "MonteCarlo.0", "point": 4, "testname": "TRAN_VDD_PULSE_MC", "cornername": "Nominal"}
[2026-05-26 10:44:54.175 Z] [WARN] [cadence.virtuoso.ade.simulationMonitor] -     WARNING (CMI-2943): Parameter checks have been ignored because the valid value for parameter 'trise' could not be found in 'I19.I4.C9<0>_turbo_m6.C1'.
        Further occurrences of this warning will be suppressed. {"history": "MonteCarlo.0", "point": 4, "testname": "TRAN_VDD_PULSE_MC", "cornername": "Nominal"}
[2026-05-26 10:44:54.175 Z] [INFO] [cadence.virtuoso.ade.simulationMonitor] - Total time required for dc analysis `dcOp': CPU = 14.376 ms, elapsed = 33.0489 ms, util. = 43.5%. {"history": "MonteCarlo.0", "point": 4, "testname": "TRAN_VDD_PULSE_MC", "cornername": "Nominal"}
[2026-05-26 10:44:54.175 Z] [INFO] [cadence.virtuoso.ade.simulationMonitor] - Peak resident memory used = 228 Mbytes. {"history": "MonteCarlo.0", "point": 4, "testname": "TRAN_VDD_PULSE_MC", "cornername": "Nominal"}
[2026-05-26 10:44:54.175 Z] [INFO] [cadence.virtuoso.ade.simulationMonitor] - Notice from spectre during Monte Carlo analysis `mc1'.
    8 notices suppressed.
    286 warnings suppressed. {"history": "MonteCarlo.0", "point": 4, "testname": "TRAN_VDD_PULSE_MC", "cornername": "Nominal"}
[2026-05-26 10:44:54.175 Z] [WARN] [cadence.virtuoso.ade.simulationMonitor] -     WARNING (CMI-2425): I19.I0.C1<0>_dummy: `Acde' = 2.393 is unusually large. {"history": "MonteCarlo.0", "point": 4, "testname": "TRAN_VDD_PULSE_MC", "cornername": "Nominal"}
[2026-05-26 10:44:54.176 Z] [WARN] [cadence.virtuoso.ade.simulationMonitor] -     WARNING (CMI-2425): I19.I0.C1<0>_dummy: `Noff' = 4.732 is unusually large. {"history": "MonteCarlo.0", "point": 4, "testname": "TRAN_VDD_PULSE_MC", "cornername": "Nominal"}
[2026-05-26 10:44:54.176 Z] [WARN] [cadence.virtuoso.ade.simulationMonitor] -     WARNING (CMI-2424): I19.I0.C1<0>_dummy: `Voffcv' = -867.4e-03 is unusually small. {"history": "MonteCarlo.0", "point": 4, "testname": "TRAN_VDD_PULSE_MC", "cornername": "Nominal"}
[2026-05-26 10:44:54.176 Z] [INFO] [cadence.virtuoso.ade.simulationMonitor] - Notice from spectre during IC analysis, during transient analysis `tran', during Monte Carlo analysis `mc1'.
    GminDC = 1 pS is large enough to noticeably affect the DC solution.
        dV(I19.I2.C1.d1) = 1.50428 mV
        Use the `gmin_check' option to eliminate or expand this report.
    Bad pivoting is found during DC analysis. Option dc_pivot_check=yes is recommended for possible improvement of convergence. {"history": "MonteCarlo.0", "point": 4, "testname": "TRAN_VDD_PULSE_MC", "cornername": "Nominal"}
[2026-05-26 10:44:54.176 Z] [WARN] [cadence.virtuoso.ade.simulationMonitor] -     WARNING (CMI-2139): I19.I2.I8.MP5: The bulk-drain junction current exceeds `imelt'.  The results computed by Spectre may be inaccurate because the junction current model has been linearized. {"history": "MonteCarlo.0", "point": 4, "testname": "TRAN_VDD_PULSE_MC", "cornername": "Nominal"}
[2026-05-26 10:44:54.176 Z] [WARN] [cadence.virtuoso.ade.simulationMonitor] -     WARNING (CMI-2144): I19.I2.I8.MP5: The bulk-drain junction current exceeds `imax'. {"history": "MonteCarlo.0", "point": 4, "testname": "TRAN_VDD_PULSE_MC", "cornername": "Nominal"}
[2026-05-26 10:44:54.176 Z] [WARN] [cadence.virtuoso.ade.simulationMonitor] -     WARNING (CMI-2139): I19.I2.I8.MP6: The bulk-drain junction current exceeds `imelt'.  The results computed by Spectre may be inaccurate because the junction current model has been linearized. {"history": "MonteCarlo.0", "point": 4, "testname": "TRAN_VDD_PULSE_MC", "cornername": "Nominal"}
[2026-05-26 10:44:54.176 Z] [WARN] [cadence.virtuoso.ade.simulationMonitor] -     WARNING (CMI-2144): I19.I2.I8.MP6: The bulk-drain junction current exceeds `imax'. {"history": "MonteCarlo.0", "point": 4, "testname": "TRAN_VDD_PULSE_MC", "cornername": "Nominal"}
[2026-05-26 10:44:54.176 Z] [WARN] [cadence.virtuoso.ade.simulationMonitor] -     WARNING (CMI-2139): I19.I2.I8.MP7: The bulk-drain junction current exceeds `imelt'.  The results computed by Spectre may be inaccurate because the junction current model has been linearized. {"history": "MonteCarlo.0", "point": 4, "testname": "TRAN_VDD_PULSE_MC", "cornername": "Nominal"}
[2026-05-26 10:44:54.176 Z] [WARN] [cadence.virtuoso.ade.simulationMonitor] -     WARNING (CMI-2144): I19.I2.I8.MP7: The bulk-drain junction current exceeds `imax'. {"history": "MonteCarlo.0", "point": 4, "testname": "TRAN_VDD_PULSE_MC", "cornername": "Nominal"}
[2026-05-26 10:44:54.176 Z] [WARN] [cadence.virtuoso.ade.simulationMonitor] -     WARNING (CMI-2139): I19.I2.I8.MP8: The bulk-drain junction current exceeds `imelt'.  The results computed by Spectre may be inaccurate because the junction current model has been linearized. {"history": "MonteCarlo.0", "point": 4, "testname": "TRAN_VDD_PULSE_MC", "cornername": "Nominal"}
[2026-05-26 10:44:54.176 Z] [WARN] [cadence.virtuoso.ade.simulationMonitor] -     WARNING (CMI-2144): I19.I2.I8.MP8: The bulk-drain junction current exceeds `imax'. {"history": "MonteCarlo.0", "point": 4, "testname": "TRAN_VDD_PULSE_MC", "cornername": "Nominal"}
[2026-05-26 10:44:54.176 Z] [WARN] [cadence.virtuoso.ade.simulationMonitor] -     WARNING (CMI-2139): I19.I0.MP10: The bulk-drain junction current exceeds `imelt'.  The results computed by Spectre may be inaccurate because the junction current model has been linearized.
        Further occurrences of this warning will be suppressed. {"history": "MonteCarlo.0", "point": 4, "testname": "TRAN_VDD_PULSE_MC", "cornername": "Nominal"}
[2026-05-26 10:44:54.176 Z] [WARN] [cadence.virtuoso.ade.simulationMonitor] -     WARNING (CMI-2144): I19.I0.MP10: The bulk-drain junction current exceeds `imax'.
        Further occurrences of this warning will be suppressed. {"history": "MonteCarlo.0", "point": 4, "testname": "TRAN_VDD_PULSE_MC", "cornername": "Nominal"}
[2026-05-26 10:44:54.176 Z] [WARN] [cadence.virtuoso.ade.simulationMonitor] -     WARNING (CMI-2943): Parameter checks have been ignored because the valid value for parameter 'trise' could not be found in 'C0'. {"history": "MonteCarlo.0", "point": 4, "testname": "TRAN_VDD_PULSE_MC", "cornername": "Nominal"}
[2026-05-26 10:44:54.176 Z] [WARN] [cadence.virtuoso.ade.simulationMonitor] -     WARNING (CMI-2943): Parameter checks have been ignored because the valid value for parameter 'trise' could not be found in 'C3'. {"history": "MonteCarlo.0", "point": 4, "testname": "TRAN_VDD_PULSE_MC", "cornername": "Nominal"}
[2026-05-26 10:44:54.176 Z] [WARN] [cadence.virtuoso.ade.simulationMonitor] -     WARNING (CMI-2943): Parameter checks have been ignored because the valid value for parameter 'trise' could not be found in 'C4'. {"history": "MonteCarlo.0", "point": 4, "testname": "TRAN_VDD_PULSE_MC", "cornername": "Nominal"}
[2026-05-26 10:44:54.176 Z] [WARN] [cadence.virtuoso.ade.simulationMonitor] -     WARNING (CMI-2943): Parameter checks have been ignored because the valid value for parameter 'trise' could not be found in 'C5'. {"history": "MonteCarlo.0", "point": 4, "testname": "TRAN_VDD_PULSE_MC", "cornername": "Nominal"}
[2026-05-26 10:44:54.176 Z] [WARN] [cadence.virtuoso.ade.simulationMonitor] -     WARNING (CMI-2943): Parameter checks have been ignored because the valid value for parameter 'trise' could not be found in 'I19.I4.C9<0>_turbo_m6.C1'.
        Further occurrences of this warning will be suppressed. {"history": "MonteCarlo.0", "point": 4, "testname": "TRAN_VDD_PULSE_MC", "cornername": "Nominal"}
[2026-05-26 10:44:54.176 Z] [INFO] [cadence.virtuoso.ade.simulationMonitor] - Notice from spectre during transient analysis `tran', during Monte Carlo analysis `mc1'.
    Multithreading is disabled due to the size of the design being too small. {"history": "MonteCarlo.0", "point": 4, "testname": "TRAN_VDD_PULSE_MC", "cornername": "Nominal"}
[2026-05-26 10:44:54.176 Z] [PROCESS] [cadence.virtuoso.ade.simulationMonitor] - Finished simulating for one iteration {"hostname": "edatools", "processid": 259513, "history": "MonteCarlo.0", "testname": "TRAN_VDD_PULSE_MC", "cornername": "Nominal", "point": 4, "logfile": "/home/saul/projects/IL2244_VT26_SAUL/logs_saul/logs0/Job53.log", "simid": "7"}
[2026-05-26 10:44:54.176 Z] [PROCESS] [cadence.virtuoso.ade.simulationMonitor] - Started Simulation {"hostname": "edatools", "processid": 259513, "history": "MonteCarlo.0", "testname": "TRAN_VDD_PULSE_MC", "cornername": "Nominal", "point": 5, "logfile": "/home/saul/projects/IL2244_VT26_SAUL/logs_saul/logs0/Job53.log", "event": "started", "task": "simulation"}
[2026-05-26 10:44:54.677 Z] [INFO] [cadence.virtuoso.ade.simulationMonitor] - Notice from spectre at time = 202.276 us during transient analysis `tran', during Monte Carlo analysis `mc1'.
    I19.I2.I8.MP5: The bulk-drain junction leaves the linearized region.
    I19.I2.I8.MP5: The bulk-drain junction current no longer exceeds `imax'.
    I19.I2.I8.MP6: The bulk-drain junction leaves the linearized region.
    I19.I2.I8.MP6: The bulk-drain junction current no longer exceeds `imax'.
    I19.I2.I8.MP7: The bulk-drain junction leaves the linearized region.
    I19.I2.I8.MP7: The bulk-... {"history": "MonteCarlo.0", "point": 5, "testname": "TRAN_VDD_PULSE_MC", "cornername": "Nominal"}
[2026-05-26 10:46:38.218 Z] [INFO] [cadence.virtuoso.ade.simulationMonitor] - Total time required for tran analysis `tran': CPU = 103.91 s (1m  43.9s), elapsed = 103.949 s (1m  43.9s), util. = 100%. {"history": "MonteCarlo.0", "point": 5, "testname": "TRAN_VDD_PULSE_MC", "cornername": "Nominal"}
[2026-05-26 10:46:38.219 Z] [INFO] [cadence.virtuoso.ade.simulationMonitor] - Peak resident memory used = 228 Mbytes. {"history": "MonteCarlo.0", "point": 5, "testname": "TRAN_VDD_PULSE_MC", "cornername": "Nominal"}
[2026-05-26 10:46:38.219 Z] [INFO] [cadence.virtuoso.ade.simulationMonitor] - Notice from spectre during transient analysis `tran', during Monte Carlo analysis `mc1'.
    2 notices suppressed.
    260 warnings suppressed. {"history": "MonteCarlo.0", "point": 5, "testname": "TRAN_VDD_PULSE_MC", "cornername": "Nominal"}
[2026-05-26 10:46:38.219 Z] [WARN] [cadence.virtuoso.ade.simulationMonitor] -     WARNING (CMI-2425): I19.I0.C1<0>_dummy: `Acde' = 2.393 is unusually large. {"history": "MonteCarlo.0", "point": 5, "testname": "TRAN_VDD_PULSE_MC", "cornername": "Nominal"}
[2026-05-26 10:46:38.219 Z] [WARN] [cadence.virtuoso.ade.simulationMonitor] -     WARNING (CMI-2425): I19.I0.C1<0>_dummy: `Noff' = 4.732 is unusually large. {"history": "MonteCarlo.0", "point": 5, "testname": "TRAN_VDD_PULSE_MC", "cornername": "Nominal"}
[2026-05-26 10:46:38.219 Z] [WARN] [cadence.virtuoso.ade.simulationMonitor] -     WARNING (CMI-2424): I19.I0.C1<0>_dummy: `Voffcv' = -867.4e-03 is unusually small. {"history": "MonteCarlo.0", "point": 5, "testname": "TRAN_VDD_PULSE_MC", "cornername": "Nominal"}
[2026-05-26 10:46:38.219 Z] [WARN] [cadence.virtuoso.ade.simulationMonitor] -     WARNING (CMI-2425): I19.I0.C1<0>_dummy: `Acde' = 2.393 is unusually large. {"history": "MonteCarlo.0", "point": 5, "testname": "TRAN_VDD_PULSE_MC", "cornername": "Nominal"}
[2026-05-26 10:46:38.219 Z] [WARN] [cadence.virtuoso.ade.simulationMonitor] -     WARNING (CMI-2425): I19.I0.C1<0>_dummy: `Noff' = 4.732 is unusually large. {"history": "MonteCarlo.0", "point": 5, "testname": "TRAN_VDD_PULSE_MC", "cornername": "Nominal"}
[2026-05-26 10:46:38.219 Z] [WARN] [cadence.virtuoso.ade.simulationMonitor] -     WARNING (CMI-2424): I19.I0.C1<0>_dummy: `Voffcv' = -867.4e-03 is unusually small. {"history": "MonteCarlo.0", "point": 5, "testname": "TRAN_VDD_PULSE_MC", "cornername": "Nominal"}
[2026-05-26 10:46:38.219 Z] [PROCESS] [cadence.virtuoso.ade.simulationMonitor] - Finished simulating for one iteration {"hostname": "edatools", "processid": 259513, "history": "MonteCarlo.0", "testname": "TRAN_VDD_PULSE_MC", "cornername": "Nominal", "point": 5, "logfile": "/home/saul/projects/IL2244_VT26_SAUL/logs_saul/logs0/Job53.log", "simid": "7"}
[2026-05-26 10:46:38.220 Z] [PROCESS] [cadence.virtuoso.ade.simulationMonitor] - Started Simulation {"hostname": "edatools", "processid": 259513, "history": "MonteCarlo.0", "testname": "TRAN_VDD_PULSE_MC", "cornername": "Nominal", "point": 6, "logfile": "/home/saul/projects/IL2244_VT26_SAUL/logs_saul/logs0/Job53.log", "event": "started", "task": "simulation"}
[2026-05-26 10:46:38.720 Z] [INFO] [cadence.virtuoso.ade.simulationMonitor] - Notice from spectre during Monte Carlo analysis `mc1'.
    V17: `period' has the unusually large value of 20 s.
    V17: `width' has the unusually large value of 19 s.
    V16: `period' has the unusually large value of 10 s.
    V16: `width' has the unusually large value of 9 s.
    V9: `period' has the unusually large value of 10 s.
        Further occurrences of this notice will be suppressed. {"history": "MonteCarlo.0", "point": 6, "testname": "TRAN_VDD_PULSE_MC", "cornername": "Nominal"}
[2026-05-26 10:46:38.720 Z] [INFO] [cadence.virtuoso.ade.simulationMonitor] - Notice from spectre in `rpolyhc':`I19.I0.R10', in `fecg_cmfb2_f':`I19.I0', in `fecg_front_end_f_3':`I19', during Monte Carlo analysis `mc1'.
    I19.I0.R10.CS0 of rpolyhc: `c' has the unusually small value of 0 F.
    I19.I0.R10.CS1 of rpolyhc: `c' has the unusually small value of 0 F. {"history": "MonteCarlo.0", "point": 6, "testname": "TRAN_VDD_PULSE_MC", "cornername": "Nominal"}
[2026-05-26 10:46:38.720 Z] [INFO] [cadence.virtuoso.ade.simulationMonitor] - Notice from spectre in `rpolyhc':`I19.I0.R9', in `fecg_cmfb2_f':`I19.I0', in `fecg_front_end_f_3':`I19', during Monte Carlo analysis `mc1'.
    I19.I0.R9.CS0 of rpolyhc: `c' has the unusually small value of 0 F.
    I19.I0.R9.CS1 of rpolyhc: `c' has the unusually small value of 0 F. {"history": "MonteCarlo.0", "point": 6, "testname": "TRAN_VDD_PULSE_MC", "cornername": "Nominal"}
[2026-05-26 10:46:38.720 Z] [INFO] [cadence.virtuoso.ade.simulationMonitor] - Notice from spectre in `rpolyhc':`I19.I0.R7', in `fecg_cmfb2_f':`I19.I0', in `fecg_front_end_f_3':`I19', during Monte Carlo analysis `mc1'.
    I19.I0.R7.CS0 of rpolyhc: `c' has the unusually small value of 0 F.
        Further occurrences of this notice will be suppressed. {"history": "MonteCarlo.0", "point": 6, "testname": "TRAN_VDD_PULSE_MC", "cornername": "Nominal"}
[2026-05-26 10:46:38.720 Z] [WARN] [cadence.virtuoso.ade.simulationMonitor] -     WARNING (CMI-2425): I19.I2.C1: `Acde' = 2.393 is unusually large. {"history": "MonteCarlo.0", "point": 6, "testname": "TRAN_VDD_PULSE_MC", "cornername": "Nominal"}
[2026-05-26 10:46:38.720 Z] [WARN] [cadence.virtuoso.ade.simulationMonitor] -     WARNING (CMI-2425): I19.I2.C1: `Noff' = 4.732 is unusually large. {"history": "MonteCarlo.0", "point": 6, "testname": "TRAN_VDD_PULSE_MC", "cornername": "Nominal"}
[2026-05-26 10:46:38.720 Z] [WARN] [cadence.virtuoso.ade.simulationMonitor] -     WARNING (CMI-2424): I19.I2.C1: `Voffcv' = -867.4e-03 is unusually small. {"history": "MonteCarlo.0", "point": 6, "testname": "TRAN_VDD_PULSE_MC", "cornername": "Nominal"}
[2026-05-26 10:46:38.721 Z] [WARN] [cadence.virtuoso.ade.simulationMonitor] -     WARNING (CMI-2425): I19.I11.C0: `Acde' = 2.393 is unusually large. {"history": "MonteCarlo.0", "point": 6, "testname": "TRAN_VDD_PULSE_MC", "cornername": "Nominal"}
[2026-05-26 10:46:38.721 Z] [WARN] [cadence.virtuoso.ade.simulationMonitor] -     WARNING (CMI-2425): I19.I11.C0: `Noff' = 4.732 is unusually large. {"history": "MonteCarlo.0", "point": 6, "testname": "TRAN_VDD_PULSE_MC", "cornername": "Nominal"}
[2026-05-26 10:46:38.721 Z] [WARN] [cadence.virtuoso.ade.simulationMonitor] -     WARNING (CMI-2424): I19.I11.C0: `Voffcv' = -867.4e-03 is unusually small. {"history": "MonteCarlo.0", "point": 6, "testname": "TRAN_VDD_PULSE_MC", "cornername": "Nominal"}
[2026-05-26 10:46:38.721 Z] [WARN] [cadence.virtuoso.ade.simulationMonitor] -     WARNING (CMI-2425): I19.I11.C1: `Acde' = 2.393 is unusually large.
        Further occurrences of this warning will be suppressed. {"history": "MonteCarlo.0", "point": 6, "testname": "TRAN_VDD_PULSE_MC", "cornername": "Nominal"}
[2026-05-26 10:46:38.721 Z] [WARN] [cadence.virtuoso.ade.simulationMonitor] -     WARNING (CMI-2424): I19.I11.C1: `Voffcv' = -867.4e-03 is unusually small. {"history": "MonteCarlo.0", "point": 6, "testname": "TRAN_VDD_PULSE_MC", "cornername": "Nominal"}
[2026-05-26 10:46:38.721 Z] [WARN] [cadence.virtuoso.ade.simulationMonitor] -     WARNING (CMI-2424): I19.I12.C0: `Voffcv' = -867.4e-03 is unusually small. {"history": "MonteCarlo.0", "point": 6, "testname": "TRAN_VDD_PULSE_MC", "cornername": "Nominal"}
[2026-05-26 10:46:38.721 Z] [WARN] [cadence.virtuoso.ade.simulationMonitor] -     WARNING (CMI-2424): I19.I12.C1: `Voffcv' = -867.4e-03 is unusually small.
        Further occurrences of this warning will be suppressed. {"history": "MonteCarlo.0", "point": 6, "testname": "TRAN_VDD_PULSE_MC", "cornername": "Nominal"}
[2026-05-26 10:46:38.721 Z] [INFO] [cadence.virtuoso.ade.simulationMonitor] - Notice from spectre during DC analysis `dcOp', during Monte Carlo analysis `mc1'.
    GminDC = 1 pS is large enough to noticeably affect the DC solution.
        dV(I19.I2.C1.d1) = 1.61759 mV
        Use the `gmin_check' option to eliminate or expand this report.
    Bad pivoting is found during DC analysis. Option dc_pivot_check=yes is recommended for possible improvement of convergence. {"history": "MonteCarlo.0", "point": 6, "testname": "TRAN_VDD_PULSE_MC", "cornername": "Nominal"}
[2026-05-26 10:46:38.721 Z] [WARN] [cadence.virtuoso.ade.simulationMonitor] -     WARNING (CMI-2139): I19.I2.I8.MP5: The bulk-drain junction current exceeds `imelt'.  The results computed by Spectre may be inaccurate because the junction current model has been linearized. {"history": "MonteCarlo.0", "point": 6, "testname": "TRAN_VDD_PULSE_MC", "cornername": "Nominal"}
[2026-05-26 10:46:38.721 Z] [WARN] [cadence.virtuoso.ade.simulationMonitor] -     WARNING (CMI-2144): I19.I2.I8.MP5: The bulk-drain junction current exceeds `imax'. {"history": "MonteCarlo.0", "point": 6, "testname": "TRAN_VDD_PULSE_MC", "cornername": "Nominal"}
[2026-05-26 10:46:38.721 Z] [WARN] [cadence.virtuoso.ade.simulationMonitor] -     WARNING (CMI-2139): I19.I2.I8.MP6: The bulk-drain junction current exceeds `imelt'.  The results computed by Spectre may be inaccurate because the junction current model has been linearized. {"history": "MonteCarlo.0", "point": 6, "testname": "TRAN_VDD_PULSE_MC", "cornername": "Nominal"}
[2026-05-26 10:46:38.721 Z] [WARN] [cadence.virtuoso.ade.simulationMonitor] -     WARNING (CMI-2144): I19.I2.I8.MP6: The bulk-drain junction current exceeds `imax'. {"history": "MonteCarlo.0", "point": 6, "testname": "TRAN_VDD_PULSE_MC", "cornername": "Nominal"}
[2026-05-26 10:46:38.721 Z] [WARN] [cadence.virtuoso.ade.simulationMonitor] -     WARNING (CMI-2139): I19.I2.I8.MP7: The bulk-drain junction current exceeds `imelt'.  The results computed by Spectre may be inaccurate because the junction current model has been linearized. {"history": "MonteCarlo.0", "point": 6, "testname": "TRAN_VDD_PULSE_MC", "cornername": "Nominal"}
[2026-05-26 10:46:38.722 Z] [WARN] [cadence.virtuoso.ade.simulationMonitor] -     WARNING (CMI-2144): I19.I2.I8.MP7: The bulk-drain junction current exceeds `imax'. {"history": "MonteCarlo.0", "point": 6, "testname": "TRAN_VDD_PULSE_MC", "cornername": "Nominal"}
[2026-05-26 10:46:38.722 Z] [WARN] [cadence.virtuoso.ade.simulationMonitor] -     WARNING (CMI-2139): I19.I2.I8.MP8: The bulk-drain junction current exceeds `imelt'.  The results computed by Spectre may be inaccurate because the junction current model has been linearized. {"history": "MonteCarlo.0", "point": 6, "testname": "TRAN_VDD_PULSE_MC", "cornername": "Nominal"}
[2026-05-26 10:46:38.722 Z] [WARN] [cadence.virtuoso.ade.simulationMonitor] -     WARNING (CMI-2144): I19.I2.I8.MP8: The bulk-drain junction current exceeds `imax'. {"history": "MonteCarlo.0", "point": 6, "testname": "TRAN_VDD_PULSE_MC", "cornername": "Nominal"}
[2026-05-26 10:46:38.722 Z] [WARN] [cadence.virtuoso.ade.simulationMonitor] -     WARNING (CMI-2139): I19.I0.MP10: The bulk-drain junction current exceeds `imelt'.  The results computed by Spectre may be inaccurate because the junction current model has been linearized.
        Further occurrences of this warning will be suppressed. {"history": "MonteCarlo.0", "point": 6, "testname": "TRAN_VDD_PULSE_MC", "cornername": "Nominal"}
[2026-05-26 10:46:38.722 Z] [WARN] [cadence.virtuoso.ade.simulationMonitor] -     WARNING (CMI-2144): I19.I0.MP10: The bulk-drain junction current exceeds `imax'.
        Further occurrences of this warning will be suppressed. {"history": "MonteCarlo.0", "point": 6, "testname": "TRAN_VDD_PULSE_MC", "cornername": "Nominal"}
[2026-05-26 10:46:38.722 Z] [WARN] [cadence.virtuoso.ade.simulationMonitor] -     WARNING (CMI-2943): Parameter checks have been ignored because the valid value for parameter 'trise' could not be found in 'C0'. {"history": "MonteCarlo.0", "point": 6, "testname": "TRAN_VDD_PULSE_MC", "cornername": "Nominal"}
[2026-05-26 10:46:38.722 Z] [WARN] [cadence.virtuoso.ade.simulationMonitor] -     WARNING (CMI-2943): Parameter checks have been ignored because the valid value for parameter 'trise' could not be found in 'C3'. {"history": "MonteCarlo.0", "point": 6, "testname": "TRAN_VDD_PULSE_MC", "cornername": "Nominal"}
[2026-05-26 10:46:38.722 Z] [WARN] [cadence.virtuoso.ade.simulationMonitor] -     WARNING (CMI-2943): Parameter checks have been ignored because the valid value for parameter 'trise' could not be found in 'C4'. {"history": "MonteCarlo.0", "point": 6, "testname": "TRAN_VDD_PULSE_MC", "cornername": "Nominal"}
[2026-05-26 10:46:38.722 Z] [WARN] [cadence.virtuoso.ade.simulationMonitor] -     WARNING (CMI-2943): Parameter checks have been ignored because the valid value for parameter 'trise' could not be found in 'C5'. {"history": "MonteCarlo.0", "point": 6, "testname": "TRAN_VDD_PULSE_MC", "cornername": "Nominal"}
[2026-05-26 10:46:38.722 Z] [WARN] [cadence.virtuoso.ade.simulationMonitor] -     WARNING (CMI-2943): Parameter checks have been ignored because the valid value for parameter 'trise' could not be found in 'I19.I4.C9<0>_turbo_m6.C1'.
        Further occurrences of this warning will be suppressed. {"history": "MonteCarlo.0", "point": 6, "testname": "TRAN_VDD_PULSE_MC", "cornername": "Nominal"}
[2026-05-26 10:46:38.722 Z] [INFO] [cadence.virtuoso.ade.simulationMonitor] - Total time required for dc analysis `dcOp': CPU = 13.916 ms, elapsed = 33.0009 ms, util. = 42.2%. {"history": "MonteCarlo.0", "point": 6, "testname": "TRAN_VDD_PULSE_MC", "cornername": "Nominal"}
[2026-05-26 10:46:38.722 Z] [INFO] [cadence.virtuoso.ade.simulationMonitor] - Peak resident memory used = 228 Mbytes. {"history": "MonteCarlo.0", "point": 6, "testname": "TRAN_VDD_PULSE_MC", "cornername": "Nominal"}
[2026-05-26 10:46:38.722 Z] [INFO] [cadence.virtuoso.ade.simulationMonitor] - Notice from spectre during Monte Carlo analysis `mc1'.
    8 notices suppressed.
    286 warnings suppressed. {"history": "MonteCarlo.0", "point": 6, "testname": "TRAN_VDD_PULSE_MC", "cornername": "Nominal"}
[2026-05-26 10:46:38.722 Z] [WARN] [cadence.virtuoso.ade.simulationMonitor] -     WARNING (CMI-2425): I19.I0.C1<0>_dummy: `Acde' = 2.393 is unusually large. {"history": "MonteCarlo.0", "point": 6, "testname": "TRAN_VDD_PULSE_MC", "cornername": "Nominal"}
[2026-05-26 10:46:38.723 Z] [WARN] [cadence.virtuoso.ade.simulationMonitor] -     WARNING (CMI-2425): I19.I0.C1<0>_dummy: `Noff' = 4.732 is unusually large. {"history": "MonteCarlo.0", "point": 6, "testname": "TRAN_VDD_PULSE_MC", "cornername": "Nominal"}
[2026-05-26 10:46:38.723 Z] [WARN] [cadence.virtuoso.ade.simulationMonitor] -     WARNING (CMI-2424): I19.I0.C1<0>_dummy: `Voffcv' = -867.4e-03 is unusually small. {"history": "MonteCarlo.0", "point": 6, "testname": "TRAN_VDD_PULSE_MC", "cornername": "Nominal"}
[2026-05-26 10:46:38.723 Z] [INFO] [cadence.virtuoso.ade.simulationMonitor] - Notice from spectre during IC analysis, during transient analysis `tran', during Monte Carlo analysis `mc1'.
    GminDC = 1 pS is large enough to noticeably affect the DC solution.
        dV(I19.I2.C1.d1) = 1.61759 mV
        Use the `gmin_check' option to eliminate or expand this report.
    Bad pivoting is found during DC analysis. Option dc_pivot_check=yes is recommended for possible improvement of convergence. {"history": "MonteCarlo.0", "point": 6, "testname": "TRAN_VDD_PULSE_MC", "cornername": "Nominal"}
[2026-05-26 10:46:38.723 Z] [WARN] [cadence.virtuoso.ade.simulationMonitor] -     WARNING (CMI-2139): I19.I2.I8.MP5: The bulk-drain junction current exceeds `imelt'.  The results computed by Spectre may be inaccurate because the junction current model has been linearized. {"history": "MonteCarlo.0", "point": 6, "testname": "TRAN_VDD_PULSE_MC", "cornername": "Nominal"}
[2026-05-26 10:46:38.723 Z] [WARN] [cadence.virtuoso.ade.simulationMonitor] -     WARNING (CMI-2144): I19.I2.I8.MP5: The bulk-drain junction current exceeds `imax'. {"history": "MonteCarlo.0", "point": 6, "testname": "TRAN_VDD_PULSE_MC", "cornername": "Nominal"}
[2026-05-26 10:46:38.723 Z] [WARN] [cadence.virtuoso.ade.simulationMonitor] -     WARNING (CMI-2139): I19.I2.I8.MP6: The bulk-drain junction current exceeds `imelt'.  The results computed by Spectre may be inaccurate because the junction current model has been linearized. {"history": "MonteCarlo.0", "point": 6, "testname": "TRAN_VDD_PULSE_MC", "cornername": "Nominal"}
[2026-05-26 10:46:38.723 Z] [WARN] [cadence.virtuoso.ade.simulationMonitor] -     WARNING (CMI-2144): I19.I2.I8.MP6: The bulk-drain junction current exceeds `imax'. {"history": "MonteCarlo.0", "point": 6, "testname": "TRAN_VDD_PULSE_MC", "cornername": "Nominal"}
[2026-05-26 10:46:38.723 Z] [WARN] [cadence.virtuoso.ade.simulationMonitor] -     WARNING (CMI-2139): I19.I2.I8.MP7: The bulk-drain junction current exceeds `imelt'.  The results computed by Spectre may be inaccurate because the junction current model has been linearized. {"history": "MonteCarlo.0", "point": 6, "testname": "TRAN_VDD_PULSE_MC", "cornername": "Nominal"}
[2026-05-26 10:46:38.723 Z] [WARN] [cadence.virtuoso.ade.simulationMonitor] -     WARNING (CMI-2144): I19.I2.I8.MP7: The bulk-drain junction current exceeds `imax'. {"history": "MonteCarlo.0", "point": 6, "testname": "TRAN_VDD_PULSE_MC", "cornername": "Nominal"}
[2026-05-26 10:46:38.723 Z] [WARN] [cadence.virtuoso.ade.simulationMonitor] -     WARNING (CMI-2139): I19.I2.I8.MP8: The bulk-drain junction current exceeds `imelt'.  The results computed by Spectre may be inaccurate because the junction current model has been linearized. {"history": "MonteCarlo.0", "point": 6, "testname": "TRAN_VDD_PULSE_MC", "cornername": "Nominal"}
[2026-05-26 10:46:38.723 Z] [WARN] [cadence.virtuoso.ade.simulationMonitor] -     WARNING (CMI-2144): I19.I2.I8.MP8: The bulk-drain junction current exceeds `imax'. {"history": "MonteCarlo.0", "point": 6, "testname": "TRAN_VDD_PULSE_MC", "cornername": "Nominal"}
[2026-05-26 10:46:38.723 Z] [WARN] [cadence.virtuoso.ade.simulationMonitor] -     WARNING (CMI-2139): I19.I0.MP10: The bulk-drain junction current exceeds `imelt'.  The results computed by Spectre may be inaccurate because the junction current model has been linearized.
        Further occurrences of this warning will be suppressed. {"history": "MonteCarlo.0", "point": 6, "testname": "TRAN_VDD_PULSE_MC", "cornername": "Nominal"}
[2026-05-26 10:46:38.723 Z] [WARN] [cadence.virtuoso.ade.simulationMonitor] -     WARNING (CMI-2144): I19.I0.MP10: The bulk-drain junction current exceeds `imax'.
        Further occurrences of this warning will be suppressed. {"history": "MonteCarlo.0", "point": 6, "testname": "TRAN_VDD_PULSE_MC", "cornername": "Nominal"}
[2026-05-26 10:46:38.723 Z] [WARN] [cadence.virtuoso.ade.simulationMonitor] -     WARNING (CMI-2943): Parameter checks have been ignored because the valid value for parameter 'trise' could not be found in 'C0'. {"history": "MonteCarlo.0", "point": 6, "testname": "TRAN_VDD_PULSE_MC", "cornername": "Nominal"}
[2026-05-26 10:46:38.724 Z] [WARN] [cadence.virtuoso.ade.simulationMonitor] -     WARNING (CMI-2943): Parameter checks have been ignored because the valid value for parameter 'trise' could not be found in 'C3'. {"history": "MonteCarlo.0", "point": 6, "testname": "TRAN_VDD_PULSE_MC", "cornername": "Nominal"}
[2026-05-26 10:46:38.724 Z] [WARN] [cadence.virtuoso.ade.simulationMonitor] -     WARNING (CMI-2943): Parameter checks have been ignored because the valid value for parameter 'trise' could not be found in 'C4'. {"history": "MonteCarlo.0", "point": 6, "testname": "TRAN_VDD_PULSE_MC", "cornername": "Nominal"}
[2026-05-26 10:46:38.724 Z] [WARN] [cadence.virtuoso.ade.simulationMonitor] -     WARNING (CMI-2943): Parameter checks have been ignored because the valid value for parameter 'trise' could not be found in 'C5'. {"history": "MonteCarlo.0", "point": 6, "testname": "TRAN_VDD_PULSE_MC", "cornername": "Nominal"}
[2026-05-26 10:46:38.724 Z] [WARN] [cadence.virtuoso.ade.simulationMonitor] -     WARNING (CMI-2943): Parameter checks have been ignored because the valid value for parameter 'trise' could not be found in 'I19.I4.C9<0>_turbo_m6.C1'.
        Further occurrences of this warning will be suppressed. {"history": "MonteCarlo.0", "point": 6, "testname": "TRAN_VDD_PULSE_MC", "cornername": "Nominal"}
[2026-05-26 10:46:38.724 Z] [INFO] [cadence.virtuoso.ade.simulationMonitor] - Notice from spectre during transient analysis `tran', during Monte Carlo analysis `mc1'.
    Multithreading is disabled due to the size of the design being too small. {"history": "MonteCarlo.0", "point": 6, "testname": "TRAN_VDD_PULSE_MC", "cornername": "Nominal"}
[2026-05-26 10:46:38.724 Z] [INFO] [cadence.virtuoso.ade.simulationMonitor] - Notice from spectre at time = 209.519 us during transient analysis `tran', during Monte Carlo analysis `mc1'.
    I19.I2.I8.MP5: The bulk-drain junction leaves the linearized region.
    I19.I2.I8.MP5: The bulk-drain junction current no longer exceeds `imax'.
    I19.I2.I8.MP6: The bulk-drain junction leaves the linearized region.
    I19.I2.I8.MP6: The bulk-drain junction current no longer exceeds `imax'.
    I19.I2.I8.MP7: The bulk-drain junction leaves the linearized region.
    I19.I2.I8.MP7: The bulk-... {"history": "MonteCarlo.0", "point": 6, "testname": "TRAN_VDD_PULSE_MC", "cornername": "Nominal"}
[2026-05-26 10:48:33.269 Z] [INFO] [cadence.virtuoso.ade.simulationMonitor] - Total time required for tran analysis `tran': CPU = 114.783 s (1m  54.8s), elapsed = 114.814 s (1m  54.8s), util. = 100%. {"history": "MonteCarlo.0", "point": 6, "testname": "TRAN_VDD_PULSE_MC", "cornername": "Nominal"}
[2026-05-26 10:48:33.269 Z] [INFO] [cadence.virtuoso.ade.simulationMonitor] - Peak resident memory used = 229 Mbytes. {"history": "MonteCarlo.0", "point": 6, "testname": "TRAN_VDD_PULSE_MC", "cornername": "Nominal"}
[2026-05-26 10:48:33.270 Z] [INFO] [cadence.virtuoso.ade.simulationMonitor] - Notice from spectre during transient analysis `tran', during Monte Carlo analysis `mc1'.
    2 notices suppressed.
    260 warnings suppressed. {"history": "MonteCarlo.0", "point": 6, "testname": "TRAN_VDD_PULSE_MC", "cornername": "Nominal"}
[2026-05-26 10:48:33.270 Z] [WARN] [cadence.virtuoso.ade.simulationMonitor] -     WARNING (CMI-2425): I19.I0.C1<0>_dummy: `Acde' = 2.393 is unusually large. {"history": "MonteCarlo.0", "point": 6, "testname": "TRAN_VDD_PULSE_MC", "cornername": "Nominal"}
[2026-05-26 10:48:33.270 Z] [WARN] [cadence.virtuoso.ade.simulationMonitor] -     WARNING (CMI-2425): I19.I0.C1<0>_dummy: `Noff' = 4.732 is unusually large. {"history": "MonteCarlo.0", "point": 6, "testname": "TRAN_VDD_PULSE_MC", "cornername": "Nominal"}
[2026-05-26 10:48:33.270 Z] [WARN] [cadence.virtuoso.ade.simulationMonitor] -     WARNING (CMI-2424): I19.I0.C1<0>_dummy: `Voffcv' = -867.4e-03 is unusually small. {"history": "MonteCarlo.0", "point": 6, "testname": "TRAN_VDD_PULSE_MC", "cornername": "Nominal"}
[2026-05-26 10:48:33.270 Z] [WARN] [cadence.virtuoso.ade.simulationMonitor] -     WARNING (CMI-2425): I19.I0.C1<0>_dummy: `Acde' = 2.393 is unusually large. {"history": "MonteCarlo.0", "point": 6, "testname": "TRAN_VDD_PULSE_MC", "cornername": "Nominal"}
[2026-05-26 10:48:33.270 Z] [WARN] [cadence.virtuoso.ade.simulationMonitor] -     WARNING (CMI-2425): I19.I0.C1<0>_dummy: `Noff' = 4.732 is unusually large. {"history": "MonteCarlo.0", "point": 6, "testname": "TRAN_VDD_PULSE_MC", "cornername": "Nominal"}
[2026-05-26 10:48:33.270 Z] [WARN] [cadence.virtuoso.ade.simulationMonitor] -     WARNING (CMI-2424): I19.I0.C1<0>_dummy: `Voffcv' = -867.4e-03 is unusually small. {"history": "MonteCarlo.0", "point": 6, "testname": "TRAN_VDD_PULSE_MC", "cornername": "Nominal"}
[2026-05-26 10:48:33.270 Z] [INFO] [cadence.virtuoso.ade.simulationMonitor] - Notice from spectre during Monte Carlo analysis `mc1'.
    V17: `period' has the unusually large value of 20 s.
    V17: `width' has the unusually large value of 19 s.
    V16: `period' has the unusually large value of 10 s.
    V16: `width' has the unusually large value of 9 s.
    V9: `period' has the unusually large value of 10 s.
        Further occurrences of this notice will be suppressed. {"history": "MonteCarlo.0", "point": 6, "testname": "TRAN_VDD_PULSE_MC", "cornername": "Nominal"}
[2026-05-26 10:48:33.270 Z] [INFO] [cadence.virtuoso.ade.simulationMonitor] - Notice from spectre in `rpolyhc':`I19.I0.R10', in `fecg_cmfb2_f':`I19.I0', in `fecg_front_end_f_3':`I19', during Monte Carlo analysis `mc1'.
    I19.I0.R10.CS0 of rpolyhc: `c' has the unusually small value of 0 F.
    I19.I0.R10.CS1 of rpolyhc: `c' has the unusually small value of 0 F. {"history": "MonteCarlo.0", "point": 6, "testname": "TRAN_VDD_PULSE_MC", "cornername": "Nominal"}
[2026-05-26 10:48:33.270 Z] [INFO] [cadence.virtuoso.ade.simulationMonitor] - Notice from spectre in `rpolyhc':`I19.I0.R9', in `fecg_cmfb2_f':`I19.I0', in `fecg_front_end_f_3':`I19', during Monte Carlo analysis `mc1'.
    I19.I0.R9.CS0 of rpolyhc: `c' has the unusually small value of 0 F.
    I19.I0.R9.CS1 of rpolyhc: `c' has the unusually small value of 0 F. {"history": "MonteCarlo.0", "point": 6, "testname": "TRAN_VDD_PULSE_MC", "cornername": "Nominal"}
[2026-05-26 10:48:33.270 Z] [INFO] [cadence.virtuoso.ade.simulationMonitor] - Notice from spectre in `rpolyhc':`I19.I0.R7', in `fecg_cmfb2_f':`I19.I0', in `fecg_front_end_f_3':`I19', during Monte Carlo analysis `mc1'.
    I19.I0.R7.CS0 of rpolyhc: `c' has the unusually small value of 0 F.
        Further occurrences of this notice will be suppressed. {"history": "MonteCarlo.0", "point": 6, "testname": "TRAN_VDD_PULSE_MC", "cornername": "Nominal"}
[2026-05-26 10:48:33.270 Z] [PROCESS] [cadence.virtuoso.ade.simulationMonitor] - Finished simulating for one iteration {"hostname": "edatools", "processid": 259513, "history": "MonteCarlo.0", "testname": "TRAN_VDD_PULSE_MC", "cornername": "Nominal", "point": 6, "logfile": "/home/saul/projects/IL2244_VT26_SAUL/logs_saul/logs0/Job53.log", "simid": "7"}
[2026-05-26 10:48:33.270 Z] [PROCESS] [cadence.virtuoso.ade.simulationMonitor] - Started Simulation {"hostname": "edatools", "processid": 259513, "history": "MonteCarlo.0", "testname": "TRAN_VDD_PULSE_MC", "cornername": "Nominal", "point": 7, "logfile": "/home/saul/projects/IL2244_VT26_SAUL/logs_saul/logs0/Job53.log", "event": "started", "task": "simulation"}
[2026-05-26 10:48:33.771 Z] [WARN] [cadence.virtuoso.ade.simulationMonitor] -     WARNING (CMI-2425): I19.I2.C1: `Acde' = 2.393 is unusually large. {"history": "MonteCarlo.0", "point": 7, "testname": "TRAN_VDD_PULSE_MC", "cornername": "Nominal"}
[2026-05-26 10:48:33.771 Z] [WARN] [cadence.virtuoso.ade.simulationMonitor] -     WARNING (CMI-2425): I19.I2.C1: `Noff' = 4.732 is unusually large. {"history": "MonteCarlo.0", "point": 7, "testname": "TRAN_VDD_PULSE_MC", "cornername": "Nominal"}
[2026-05-26 10:48:33.771 Z] [WARN] [cadence.virtuoso.ade.simulationMonitor] -     WARNING (CMI-2424): I19.I2.C1: `Voffcv' = -867.4e-03 is unusually small. {"history": "MonteCarlo.0", "point": 7, "testname": "TRAN_VDD_PULSE_MC", "cornername": "Nominal"}
[2026-05-26 10:48:33.771 Z] [WARN] [cadence.virtuoso.ade.simulationMonitor] -     WARNING (CMI-2425): I19.I11.C0: `Acde' = 2.393 is unusually large. {"history": "MonteCarlo.0", "point": 7, "testname": "TRAN_VDD_PULSE_MC", "cornername": "Nominal"}
[2026-05-26 10:48:33.771 Z] [WARN] [cadence.virtuoso.ade.simulationMonitor] -     WARNING (CMI-2425): I19.I11.C0: `Noff' = 4.732 is unusually large. {"history": "MonteCarlo.0", "point": 7, "testname": "TRAN_VDD_PULSE_MC", "cornername": "Nominal"}
[2026-05-26 10:48:33.771 Z] [WARN] [cadence.virtuoso.ade.simulationMonitor] -     WARNING (CMI-2424): I19.I11.C0: `Voffcv' = -867.4e-03 is unusually small. {"history": "MonteCarlo.0", "point": 7, "testname": "TRAN_VDD_PULSE_MC", "cornername": "Nominal"}
[2026-05-26 10:48:33.772 Z] [WARN] [cadence.virtuoso.ade.simulationMonitor] -     WARNING (CMI-2425): I19.I11.C1: `Acde' = 2.393 is unusually large.
        Further occurrences of this warning will be suppressed. {"history": "MonteCarlo.0", "point": 7, "testname": "TRAN_VDD_PULSE_MC", "cornername": "Nominal"}
[2026-05-26 10:48:33.772 Z] [WARN] [cadence.virtuoso.ade.simulationMonitor] -     WARNING (CMI-2424): I19.I11.C1: `Voffcv' = -867.4e-03 is unusually small. {"history": "MonteCarlo.0", "point": 7, "testname": "TRAN_VDD_PULSE_MC", "cornername": "Nominal"}
[2026-05-26 10:48:33.772 Z] [WARN] [cadence.virtuoso.ade.simulationMonitor] -     WARNING (CMI-2424): I19.I12.C0: `Voffcv' = -867.4e-03 is unusually small. {"history": "MonteCarlo.0", "point": 7, "testname": "TRAN_VDD_PULSE_MC", "cornername": "Nominal"}
[2026-05-26 10:48:33.772 Z] [WARN] [cadence.virtuoso.ade.simulationMonitor] -     WARNING (CMI-2424): I19.I12.C1: `Voffcv' = -867.4e-03 is unusually small.
        Further occurrences of this warning will be suppressed. {"history": "MonteCarlo.0", "point": 7, "testname": "TRAN_VDD_PULSE_MC", "cornername": "Nominal"}
[2026-05-26 10:48:33.772 Z] [INFO] [cadence.virtuoso.ade.simulationMonitor] - Notice from spectre during DC analysis `dcOp', during Monte Carlo analysis `mc1'.
    GminDC = 1 pS is large enough to noticeably affect the DC solution.
        dV(I19.I2.C1.s1) = 1.35222 mV
        Use the `gmin_check' option to eliminate or expand this report.
    Bad pivoting is found during DC analysis. Option dc_pivot_check=yes is recommended for possible improvement of convergence. {"history": "MonteCarlo.0", "point": 7, "testname": "TRAN_VDD_PULSE_MC", "cornername": "Nominal"}
[2026-05-26 10:48:33.772 Z] [WARN] [cadence.virtuoso.ade.simulationMonitor] -     WARNING (CMI-2139): I19.I2.I8.MP5: The bulk-drain junction current exceeds `imelt'.  The results computed by Spectre may be inaccurate because the junction current model has been linearized. {"history": "MonteCarlo.0", "point": 7, "testname": "TRAN_VDD_PULSE_MC", "cornername": "Nominal"}
[2026-05-26 10:48:33.772 Z] [WARN] [cadence.virtuoso.ade.simulationMonitor] -     WARNING (CMI-2144): I19.I2.I8.MP5: The bulk-drain junction current exceeds `imax'. {"history": "MonteCarlo.0", "point": 7, "testname": "TRAN_VDD_PULSE_MC", "cornername": "Nominal"}
[2026-05-26 10:48:33.772 Z] [WARN] [cadence.virtuoso.ade.simulationMonitor] -     WARNING (CMI-2139): I19.I2.I8.MP6: The bulk-drain junction current exceeds `imelt'.  The results computed by Spectre may be inaccurate because the junction current model has been linearized. {"history": "MonteCarlo.0", "point": 7, "testname": "TRAN_VDD_PULSE_MC", "cornername": "Nominal"}
[2026-05-26 10:48:33.772 Z] [WARN] [cadence.virtuoso.ade.simulationMonitor] -     WARNING (CMI-2144): I19.I2.I8.MP6: The bulk-drain junction current exceeds `imax'. {"history": "MonteCarlo.0", "point": 7, "testname": "TRAN_VDD_PULSE_MC", "cornername": "Nominal"}
[2026-05-26 10:48:33.772 Z] [WARN] [cadence.virtuoso.ade.simulationMonitor] -     WARNING (CMI-2139): I19.I2.I8.MP7: The bulk-drain junction current exceeds `imelt'.  The results computed by Spectre may be inaccurate because the junction current model has been linearized. {"history": "MonteCarlo.0", "point": 7, "testname": "TRAN_VDD_PULSE_MC", "cornername": "Nominal"}
[2026-05-26 10:48:33.772 Z] [WARN] [cadence.virtuoso.ade.simulationMonitor] -     WARNING (CMI-2144): I19.I2.I8.MP7: The bulk-drain junction current exceeds `imax'. {"history": "MonteCarlo.0", "point": 7, "testname": "TRAN_VDD_PULSE_MC", "cornername": "Nominal"}
[2026-05-26 10:48:33.772 Z] [WARN] [cadence.virtuoso.ade.simulationMonitor] -     WARNING (CMI-2139): I19.I2.I8.MP8: The bulk-drain junction current exceeds `imelt'.  The results computed by Spectre may be inaccurate because the junction current model has been linearized. {"history": "MonteCarlo.0", "point": 7, "testname": "TRAN_VDD_PULSE_MC", "cornername": "Nominal"}
[2026-05-26 10:48:33.772 Z] [WARN] [cadence.virtuoso.ade.simulationMonitor] -     WARNING (CMI-2144): I19.I2.I8.MP8: The bulk-drain junction current exceeds `imax'. {"history": "MonteCarlo.0", "point": 7, "testname": "TRAN_VDD_PULSE_MC", "cornername": "Nominal"}
[2026-05-26 10:48:33.772 Z] [WARN] [cadence.virtuoso.ade.simulationMonitor] -     WARNING (CMI-2139): I19.I0.MP10: The bulk-drain junction current exceeds `imelt'.  The results computed by Spectre may be inaccurate because the junction current model has been linearized.
        Further occurrences of this warning will be suppressed. {"history": "MonteCarlo.0", "point": 7, "testname": "TRAN_VDD_PULSE_MC", "cornername": "Nominal"}
[2026-05-26 10:48:33.772 Z] [WARN] [cadence.virtuoso.ade.simulationMonitor] -     WARNING (CMI-2144): I19.I0.MP10: The bulk-drain junction current exceeds `imax'.
        Further occurrences of this warning will be suppressed. {"history": "MonteCarlo.0", "point": 7, "testname": "TRAN_VDD_PULSE_MC", "cornername": "Nominal"}
[2026-05-26 10:48:33.773 Z] [WARN] [cadence.virtuoso.ade.simulationMonitor] -     WARNING (CMI-2943): Parameter checks have been ignored because the valid value for parameter 'trise' could not be found in 'C0'. {"history": "MonteCarlo.0", "point": 7, "testname": "TRAN_VDD_PULSE_MC", "cornername": "Nominal"}
[2026-05-26 10:48:33.773 Z] [WARN] [cadence.virtuoso.ade.simulationMonitor] -     WARNING (CMI-2943): Parameter checks have been ignored because the valid value for parameter 'trise' could not be found in 'C3'. {"history": "MonteCarlo.0", "point": 7, "testname": "TRAN_VDD_PULSE_MC", "cornername": "Nominal"}
[2026-05-26 10:48:33.773 Z] [WARN] [cadence.virtuoso.ade.simulationMonitor] -     WARNING (CMI-2943): Parameter checks have been ignored because the valid value for parameter 'trise' could not be found in 'C4'. {"history": "MonteCarlo.0", "point": 7, "testname": "TRAN_VDD_PULSE_MC", "cornername": "Nominal"}
[2026-05-26 10:48:33.773 Z] [WARN] [cadence.virtuoso.ade.simulationMonitor] -     WARNING (CMI-2943): Parameter checks have been ignored because the valid value for parameter 'trise' could not be found in 'C5'. {"history": "MonteCarlo.0", "point": 7, "testname": "TRAN_VDD_PULSE_MC", "cornername": "Nominal"}
[2026-05-26 10:48:33.773 Z] [WARN] [cadence.virtuoso.ade.simulationMonitor] -     WARNING (CMI-2943): Parameter checks have been ignored because the valid value for parameter 'trise' could not be found in 'I19.I4.C9<0>_turbo_m6.C1'.
        Further occurrences of this warning will be suppressed. {"history": "MonteCarlo.0", "point": 7, "testname": "TRAN_VDD_PULSE_MC", "cornername": "Nominal"}
[2026-05-26 10:48:33.773 Z] [INFO] [cadence.virtuoso.ade.simulationMonitor] - Total time required for dc analysis `dcOp': CPU = 14.469 ms, elapsed = 32.8929 ms, util. = 44%. {"history": "MonteCarlo.0", "point": 7, "testname": "TRAN_VDD_PULSE_MC", "cornername": "Nominal"}
[2026-05-26 10:48:33.773 Z] [INFO] [cadence.virtuoso.ade.simulationMonitor] - Peak resident memory used = 229 Mbytes. {"history": "MonteCarlo.0", "point": 7, "testname": "TRAN_VDD_PULSE_MC", "cornername": "Nominal"}
[2026-05-26 10:48:33.773 Z] [INFO] [cadence.virtuoso.ade.simulationMonitor] - Notice from spectre during Monte Carlo analysis `mc1'.
    8 notices suppressed.
    286 warnings suppressed. {"history": "MonteCarlo.0", "point": 7, "testname": "TRAN_VDD_PULSE_MC", "cornername": "Nominal"}
[2026-05-26 10:48:33.773 Z] [WARN] [cadence.virtuoso.ade.simulationMonitor] -     WARNING (CMI-2425): I19.I0.C1<0>_dummy: `Acde' = 2.393 is unusually large. {"history": "MonteCarlo.0", "point": 7, "testname": "TRAN_VDD_PULSE_MC", "cornername": "Nominal"}
[2026-05-26 10:48:33.773 Z] [WARN] [cadence.virtuoso.ade.simulationMonitor] -     WARNING (CMI-2425): I19.I0.C1<0>_dummy: `Noff' = 4.732 is unusually large. {"history": "MonteCarlo.0", "point": 7, "testname": "TRAN_VDD_PULSE_MC", "cornername": "Nominal"}
[2026-05-26 10:48:33.773 Z] [WARN] [cadence.virtuoso.ade.simulationMonitor] -     WARNING (CMI-2424): I19.I0.C1<0>_dummy: `Voffcv' = -867.4e-03 is unusually small. {"history": "MonteCarlo.0", "point": 7, "testname": "TRAN_VDD_PULSE_MC", "cornername": "Nominal"}
[2026-05-26 10:48:33.773 Z] [INFO] [cadence.virtuoso.ade.simulationMonitor] - Notice from spectre during IC analysis, during transient analysis `tran', during Monte Carlo analysis `mc1'.
    GminDC = 1 pS is large enough to noticeably affect the DC solution.
        dV(I19.I2.C1.d1) = 1.35222 mV
        Use the `gmin_check' option to eliminate or expand this report.
    Bad pivoting is found during DC analysis. Option dc_pivot_check=yes is recommended for possible improvement of convergence. {"history": "MonteCarlo.0", "point": 7, "testname": "TRAN_VDD_PULSE_MC", "cornername": "Nominal"}
[2026-05-26 10:48:33.773 Z] [WARN] [cadence.virtuoso.ade.simulationMonitor] -     WARNING (CMI-2139): I19.I2.I8.MP5: The bulk-drain junction current exceeds `imelt'.  The results computed by Spectre may be inaccurate because the junction current model has been linearized. {"history": "MonteCarlo.0", "point": 7, "testname": "TRAN_VDD_PULSE_MC", "cornername": "Nominal"}
[2026-05-26 10:48:33.773 Z] [WARN] [cadence.virtuoso.ade.simulationMonitor] -     WARNING (CMI-2144): I19.I2.I8.MP5: The bulk-drain junction current exceeds `imax'. {"history": "MonteCarlo.0", "point": 7, "testname": "TRAN_VDD_PULSE_MC", "cornername": "Nominal"}
[2026-05-26 10:48:33.773 Z] [WARN] [cadence.virtuoso.ade.simulationMonitor] -     WARNING (CMI-2139): I19.I2.I8.MP6: The bulk-drain junction current exceeds `imelt'.  The results computed by Spectre may be inaccurate because the junction current model has been linearized. {"history": "MonteCarlo.0", "point": 7, "testname": "TRAN_VDD_PULSE_MC", "cornername": "Nominal"}
[2026-05-26 10:48:33.773 Z] [WARN] [cadence.virtuoso.ade.simulationMonitor] -     WARNING (CMI-2144): I19.I2.I8.MP6: The bulk-drain junction current exceeds `imax'. {"history": "MonteCarlo.0", "point": 7, "testname": "TRAN_VDD_PULSE_MC", "cornername": "Nominal"}
[2026-05-26 10:48:33.773 Z] [WARN] [cadence.virtuoso.ade.simulationMonitor] -     WARNING (CMI-2139): I19.I2.I8.MP7: The bulk-drain junction current exceeds `imelt'.  The results computed by Spectre may be inaccurate because the junction current model has been linearized. {"history": "MonteCarlo.0", "point": 7, "testname": "TRAN_VDD_PULSE_MC", "cornername": "Nominal"}
[2026-05-26 10:48:33.773 Z] [WARN] [cadence.virtuoso.ade.simulationMonitor] -     WARNING (CMI-2144): I19.I2.I8.MP7: The bulk-drain junction current exceeds `imax'. {"history": "MonteCarlo.0", "point": 7, "testname": "TRAN_VDD_PULSE_MC", "cornername": "Nominal"}
[2026-05-26 10:48:33.773 Z] [WARN] [cadence.virtuoso.ade.simulationMonitor] -     WARNING (CMI-2139): I19.I2.I8.MP8: The bulk-drain junction current exceeds `imelt'.  The results computed by Spectre may be inaccurate because the junction current model has been linearized. {"history": "MonteCarlo.0", "point": 7, "testname": "TRAN_VDD_PULSE_MC", "cornername": "Nominal"}
[2026-05-26 10:48:33.774 Z] [WARN] [cadence.virtuoso.ade.simulationMonitor] -     WARNING (CMI-2144): I19.I2.I8.MP8: The bulk-drain junction current exceeds `imax'. {"history": "MonteCarlo.0", "point": 7, "testname": "TRAN_VDD_PULSE_MC", "cornername": "Nominal"}
[2026-05-26 10:48:33.774 Z] [WARN] [cadence.virtuoso.ade.simulationMonitor] -     WARNING (CMI-2139): I19.I0.MP10: The bulk-drain junction current exceeds `imelt'.  The results computed by Spectre may be inaccurate because the junction current model has been linearized.
        Further occurrences of this warning will be suppressed. {"history": "MonteCarlo.0", "point": 7, "testname": "TRAN_VDD_PULSE_MC", "cornername": "Nominal"}
[2026-05-26 10:48:33.774 Z] [WARN] [cadence.virtuoso.ade.simulationMonitor] -     WARNING (CMI-2144): I19.I0.MP10: The bulk-drain junction current exceeds `imax'.
        Further occurrences of this warning will be suppressed. {"history": "MonteCarlo.0", "point": 7, "testname": "TRAN_VDD_PULSE_MC", "cornername": "Nominal"}
[2026-05-26 10:48:33.774 Z] [WARN] [cadence.virtuoso.ade.simulationMonitor] -     WARNING (CMI-2943): Parameter checks have been ignored because the valid value for parameter 'trise' could not be found in 'C0'. {"history": "MonteCarlo.0", "point": 7, "testname": "TRAN_VDD_PULSE_MC", "cornername": "Nominal"}
[2026-05-26 10:48:33.774 Z] [WARN] [cadence.virtuoso.ade.simulationMonitor] -     WARNING (CMI-2943): Parameter checks have been ignored because the valid value for parameter 'trise' could not be found in 'C3'. {"history": "MonteCarlo.0", "point": 7, "testname": "TRAN_VDD_PULSE_MC", "cornername": "Nominal"}
[2026-05-26 10:48:33.774 Z] [WARN] [cadence.virtuoso.ade.simulationMonitor] -     WARNING (CMI-2943): Parameter checks have been ignored because the valid value for parameter 'trise' could not be found in 'C4'. {"history": "MonteCarlo.0", "point": 7, "testname": "TRAN_VDD_PULSE_MC", "cornername": "Nominal"}
[2026-05-26 10:48:33.774 Z] [WARN] [cadence.virtuoso.ade.simulationMonitor] -     WARNING (CMI-2943): Parameter checks have been ignored because the valid value for parameter 'trise' could not be found in 'C5'. {"history": "MonteCarlo.0", "point": 7, "testname": "TRAN_VDD_PULSE_MC", "cornername": "Nominal"}
[2026-05-26 10:48:33.774 Z] [WARN] [cadence.virtuoso.ade.simulationMonitor] -     WARNING (CMI-2943): Parameter checks have been ignored because the valid value for parameter 'trise' could not be found in 'I19.I4.C9<0>_turbo_m6.C1'.
        Further occurrences of this warning will be suppressed. {"history": "MonteCarlo.0", "point": 7, "testname": "TRAN_VDD_PULSE_MC", "cornername": "Nominal"}
[2026-05-26 10:48:33.774 Z] [INFO] [cadence.virtuoso.ade.simulationMonitor] - Notice from spectre during transient analysis `tran', during Monte Carlo analysis `mc1'.
    Multithreading is disabled due to the size of the design being too small. {"history": "MonteCarlo.0", "point": 7, "testname": "TRAN_VDD_PULSE_MC", "cornername": "Nominal"}
[2026-05-26 10:48:33.774 Z] [INFO] [cadence.virtuoso.ade.simulationMonitor] - Notice from spectre at time = 204.705 us during transient analysis `tran', during Monte Carlo analysis `mc1'.
    I19.I2.I8.MP5: The bulk-drain junction leaves the linearized region.
    I19.I2.I8.MP5: The bulk-drain junction current no longer exceeds `imax'.
    I19.I2.I8.MP6: The bulk-drain junction leaves the linearized region.
    I19.I2.I8.MP6: The bulk-drain junction current no longer exceeds `imax'.
    I19.I2.I8.MP7: The bulk-drain junction leaves the linearized region.
    I19.I2.I8.MP7: The bulk-... {"history": "MonteCarlo.0", "point": 7, "testname": "TRAN_VDD_PULSE_MC", "cornername": "Nominal"}
[2026-05-26 10:50:23.818 Z] [INFO] [cadence.virtuoso.ade.simulationMonitor] - Total time required for tran analysis `tran': CPU = 110.012 s (1m  50.0s), elapsed = 110.045 s (1m  50.0s), util. = 100%. {"history": "MonteCarlo.0", "point": 7, "testname": "TRAN_VDD_PULSE_MC", "cornername": "Nominal"}
[2026-05-26 10:50:23.818 Z] [INFO] [cadence.virtuoso.ade.simulationMonitor] - Peak resident memory used = 229 Mbytes. {"history": "MonteCarlo.0", "point": 7, "testname": "TRAN_VDD_PULSE_MC", "cornername": "Nominal"}
[2026-05-26 10:50:23.818 Z] [INFO] [cadence.virtuoso.ade.simulationMonitor] - Notice from spectre during transient analysis `tran', during Monte Carlo analysis `mc1'.
    2 notices suppressed.
    260 warnings suppressed. {"history": "MonteCarlo.0", "point": 7, "testname": "TRAN_VDD_PULSE_MC", "cornername": "Nominal"}
[2026-05-26 10:50:23.818 Z] [WARN] [cadence.virtuoso.ade.simulationMonitor] -     WARNING (CMI-2425): I19.I0.C1<0>_dummy: `Acde' = 2.393 is unusually large. {"history": "MonteCarlo.0", "point": 7, "testname": "TRAN_VDD_PULSE_MC", "cornername": "Nominal"}
[2026-05-26 10:50:23.819 Z] [WARN] [cadence.virtuoso.ade.simulationMonitor] -     WARNING (CMI-2425): I19.I0.C1<0>_dummy: `Noff' = 4.732 is unusually large. {"history": "MonteCarlo.0", "point": 7, "testname": "TRAN_VDD_PULSE_MC", "cornername": "Nominal"}
[2026-05-26 10:50:23.819 Z] [WARN] [cadence.virtuoso.ade.simulationMonitor] -     WARNING (CMI-2424): I19.I0.C1<0>_dummy: `Voffcv' = -867.4e-03 is unusually small. {"history": "MonteCarlo.0", "point": 7, "testname": "TRAN_VDD_PULSE_MC", "cornername": "Nominal"}
[2026-05-26 10:50:23.819 Z] [WARN] [cadence.virtuoso.ade.simulationMonitor] -     WARNING (CMI-2425): I19.I0.C1<0>_dummy: `Acde' = 2.393 is unusually large. {"history": "MonteCarlo.0", "point": 7, "testname": "TRAN_VDD_PULSE_MC", "cornername": "Nominal"}
[2026-05-26 10:50:23.819 Z] [WARN] [cadence.virtuoso.ade.simulationMonitor] -     WARNING (CMI-2425): I19.I0.C1<0>_dummy: `Noff' = 4.732 is unusually large. {"history": "MonteCarlo.0", "point": 7, "testname": "TRAN_VDD_PULSE_MC", "cornername": "Nominal"}
[2026-05-26 10:50:23.819 Z] [WARN] [cadence.virtuoso.ade.simulationMonitor] -     WARNING (CMI-2424): I19.I0.C1<0>_dummy: `Voffcv' = -867.4e-03 is unusually small. {"history": "MonteCarlo.0", "point": 7, "testname": "TRAN_VDD_PULSE_MC", "cornername": "Nominal"}
[2026-05-26 10:50:23.819 Z] [INFO] [cadence.virtuoso.ade.simulationMonitor] - Notice from spectre during Monte Carlo analysis `mc1'.
    V17: `period' has the unusually large value of 20 s.
    V17: `width' has the unusually large value of 19 s.
    V16: `period' has the unusually large value of 10 s.
    V16: `width' has the unusually large value of 9 s.
    V9: `period' has the unusually large value of 10 s.
        Further occurrences of this notice will be suppressed. {"history": "MonteCarlo.0", "point": 7, "testname": "TRAN_VDD_PULSE_MC", "cornername": "Nominal"}
[2026-05-26 10:50:23.819 Z] [INFO] [cadence.virtuoso.ade.simulationMonitor] - Notice from spectre in `rpolyhc':`I19.I0.R10', in `fecg_cmfb2_f':`I19.I0', in `fecg_front_end_f_3':`I19', during Monte Carlo analysis `mc1'.
    I19.I0.R10.CS0 of rpolyhc: `c' has the unusually small value of 0 F.
    I19.I0.R10.CS1 of rpolyhc: `c' has the unusually small value of 0 F. {"history": "MonteCarlo.0", "point": 7, "testname": "TRAN_VDD_PULSE_MC", "cornername": "Nominal"}
[2026-05-26 10:50:23.819 Z] [INFO] [cadence.virtuoso.ade.simulationMonitor] - Notice from spectre in `rpolyhc':`I19.I0.R9', in `fecg_cmfb2_f':`I19.I0', in `fecg_front_end_f_3':`I19', during Monte Carlo analysis `mc1'.
    I19.I0.R9.CS0 of rpolyhc: `c' has the unusually small value of 0 F.
    I19.I0.R9.CS1 of rpolyhc: `c' has the unusually small value of 0 F. {"history": "MonteCarlo.0", "point": 7, "testname": "TRAN_VDD_PULSE_MC", "cornername": "Nominal"}
[2026-05-26 10:50:23.819 Z] [INFO] [cadence.virtuoso.ade.simulationMonitor] - Notice from spectre in `rpolyhc':`I19.I0.R7', in `fecg_cmfb2_f':`I19.I0', in `fecg_front_end_f_3':`I19', during Monte Carlo analysis `mc1'.
    I19.I0.R7.CS0 of rpolyhc: `c' has the unusually small value of 0 F.
        Further occurrences of this notice will be suppressed. {"history": "MonteCarlo.0", "point": 7, "testname": "TRAN_VDD_PULSE_MC", "cornername": "Nominal"}
[2026-05-26 10:50:23.819 Z] [WARN] [cadence.virtuoso.ade.simulationMonitor] -     WARNING (CMI-2425): I19.I2.C1: `Acde' = 2.393 is unusually large. {"history": "MonteCarlo.0", "point": 7, "testname": "TRAN_VDD_PULSE_MC", "cornername": "Nominal"}
[2026-05-26 10:50:23.819 Z] [WARN] [cadence.virtuoso.ade.simulationMonitor] -     WARNING (CMI-2425): I19.I2.C1: `Noff' = 4.732 is unusually large. {"history": "MonteCarlo.0", "point": 7, "testname": "TRAN_VDD_PULSE_MC", "cornername": "Nominal"}
[2026-05-26 10:50:23.819 Z] [WARN] [cadence.virtuoso.ade.simulationMonitor] -     WARNING (CMI-2424): I19.I2.C1: `Voffcv' = -867.4e-03 is unusually small. {"history": "MonteCarlo.0", "point": 7, "testname": "TRAN_VDD_PULSE_MC", "cornername": "Nominal"}
[2026-05-26 10:50:23.819 Z] [WARN] [cadence.virtuoso.ade.simulationMonitor] -     WARNING (CMI-2425): I19.I11.C0: `Acde' = 2.393 is unusually large. {"history": "MonteCarlo.0", "point": 7, "testname": "TRAN_VDD_PULSE_MC", "cornername": "Nominal"}
[2026-05-26 10:50:23.819 Z] [WARN] [cadence.virtuoso.ade.simulationMonitor] -     WARNING (CMI-2425): I19.I11.C0: `Noff' = 4.732 is unusually large. {"history": "MonteCarlo.0", "point": 7, "testname": "TRAN_VDD_PULSE_MC", "cornername": "Nominal"}
[2026-05-26 10:50:23.819 Z] [WARN] [cadence.virtuoso.ade.simulationMonitor] -     WARNING (CMI-2424): I19.I11.C0: `Voffcv' = -867.4e-03 is unusually small. {"history": "MonteCarlo.0", "point": 7, "testname": "TRAN_VDD_PULSE_MC", "cornername": "Nominal"}
[2026-05-26 10:50:23.819 Z] [WARN] [cadence.virtuoso.ade.simulationMonitor] -     WARNING (CMI-2425): I19.I11.C1: `Acde' = 2.393 is unusually large.
        Further occurrences of this warning will be suppressed. {"history": "MonteCarlo.0", "point": 7, "testname": "TRAN_VDD_PULSE_MC", "cornername": "Nominal"}
[2026-05-26 10:50:23.819 Z] [WARN] [cadence.virtuoso.ade.simulationMonitor] -     WARNING (CMI-2424): I19.I11.C1: `Voffcv' = -867.4e-03 is unusually small. {"history": "MonteCarlo.0", "point": 7, "testname": "TRAN_VDD_PULSE_MC", "cornername": "Nominal"}
[2026-05-26 10:50:23.819 Z] [WARN] [cadence.virtuoso.ade.simulationMonitor] -     WARNING (CMI-2424): I19.I12.C0: `Voffcv' = -867.4e-03 is unusually small. {"history": "MonteCarlo.0", "point": 7, "testname": "TRAN_VDD_PULSE_MC", "cornername": "Nominal"}
[2026-05-26 10:50:23.820 Z] [WARN] [cadence.virtuoso.ade.simulationMonitor] -     WARNING (CMI-2424): I19.I12.C1: `Voffcv' = -867.4e-03 is unusually small.
        Further occurrences of this warning will be suppressed. {"history": "MonteCarlo.0", "point": 7, "testname": "TRAN_VDD_PULSE_MC", "cornername": "Nominal"}
[2026-05-26 10:50:23.820 Z] [INFO] [cadence.virtuoso.ade.simulationMonitor] - Notice from spectre during DC analysis `dcOp', during Monte Carlo analysis `mc1'.
    GminDC = 1 pS is large enough to noticeably affect the DC solution.
        dV(I19.I2.C1.d1) = 1.59164 mV
        Use the `gmin_check' option to eliminate or expand this report.
    Bad pivoting is found during DC analysis. Option dc_pivot_check=yes is recommended for possible improvement of convergence. {"history": "MonteCarlo.0", "point": 7, "testname": "TRAN_VDD_PULSE_MC", "cornername": "Nominal"}
[2026-05-26 10:50:23.820 Z] [WARN] [cadence.virtuoso.ade.simulationMonitor] -     WARNING (CMI-2139): I19.I2.I8.MP5: The bulk-drain junction current exceeds `imelt'.  The results computed by Spectre may be inaccurate because the junction current model has been linearized. {"history": "MonteCarlo.0", "point": 7, "testname": "TRAN_VDD_PULSE_MC", "cornername": "Nominal"}
[2026-05-26 10:50:23.820 Z] [WARN] [cadence.virtuoso.ade.simulationMonitor] -     WARNING (CMI-2144): I19.I2.I8.MP5: The bulk-drain junction current exceeds `imax'. {"history": "MonteCarlo.0", "point": 7, "testname": "TRAN_VDD_PULSE_MC", "cornername": "Nominal"}
[2026-05-26 10:50:23.820 Z] [WARN] [cadence.virtuoso.ade.simulationMonitor] -     WARNING (CMI-2139): I19.I2.I8.MP6: The bulk-drain junction current exceeds `imelt'.  The results computed by Spectre may be inaccurate because the junction current model has been linearized. {"history": "MonteCarlo.0", "point": 7, "testname": "TRAN_VDD_PULSE_MC", "cornername": "Nominal"}
[2026-05-26 10:50:23.820 Z] [WARN] [cadence.virtuoso.ade.simulationMonitor] -     WARNING (CMI-2144): I19.I2.I8.MP6: The bulk-drain junction current exceeds `imax'. {"history": "MonteCarlo.0", "point": 7, "testname": "TRAN_VDD_PULSE_MC", "cornername": "Nominal"}
[2026-05-26 10:50:23.820 Z] [WARN] [cadence.virtuoso.ade.simulationMonitor] -     WARNING (CMI-2139): I19.I2.I8.MP7: The bulk-drain junction current exceeds `imelt'.  The results computed by Spectre may be inaccurate because the junction current model has been linearized. {"history": "MonteCarlo.0", "point": 7, "testname": "TRAN_VDD_PULSE_MC", "cornername": "Nominal"}
[2026-05-26 10:50:23.820 Z] [WARN] [cadence.virtuoso.ade.simulationMonitor] -     WARNING (CMI-2144): I19.I2.I8.MP7: The bulk-drain junction current exceeds `imax'. {"history": "MonteCarlo.0", "point": 7, "testname": "TRAN_VDD_PULSE_MC", "cornername": "Nominal"}
[2026-05-26 10:50:23.820 Z] [WARN] [cadence.virtuoso.ade.simulationMonitor] -     WARNING (CMI-2139): I19.I2.I8.MP8: The bulk-drain junction current exceeds `imelt'.  The results computed by Spectre may be inaccurate because the junction current model has been linearized. {"history": "MonteCarlo.0", "point": 7, "testname": "TRAN_VDD_PULSE_MC", "cornername": "Nominal"}
[2026-05-26 10:50:23.820 Z] [WARN] [cadence.virtuoso.ade.simulationMonitor] -     WARNING (CMI-2144): I19.I2.I8.MP8: The bulk-drain junction current exceeds `imax'. {"history": "MonteCarlo.0", "point": 7, "testname": "TRAN_VDD_PULSE_MC", "cornername": "Nominal"}
[2026-05-26 10:50:23.820 Z] [WARN] [cadence.virtuoso.ade.simulationMonitor] -     WARNING (CMI-2139): I19.I0.MP10: The bulk-drain junction current exceeds `imelt'.  The results computed by Spectre may be inaccurate because the junction current model has been linearized.
        Further occurrences of this warning will be suppressed. {"history": "MonteCarlo.0", "point": 7, "testname": "TRAN_VDD_PULSE_MC", "cornername": "Nominal"}
[2026-05-26 10:50:23.820 Z] [WARN] [cadence.virtuoso.ade.simulationMonitor] -     WARNING (CMI-2144): I19.I0.MP10: The bulk-drain junction current exceeds `imax'.
        Further occurrences of this warning will be suppressed. {"history": "MonteCarlo.0", "point": 7, "testname": "TRAN_VDD_PULSE_MC", "cornername": "Nominal"}
[2026-05-26 10:50:23.820 Z] [WARN] [cadence.virtuoso.ade.simulationMonitor] -     WARNING (CMI-2943): Parameter checks have been ignored because the valid value for parameter 'trise' could not be found in 'C0'. {"history": "MonteCarlo.0", "point": 7, "testname": "TRAN_VDD_PULSE_MC", "cornername": "Nominal"}
[2026-05-26 10:50:23.820 Z] [WARN] [cadence.virtuoso.ade.simulationMonitor] -     WARNING (CMI-2943): Parameter checks have been ignored because the valid value for parameter 'trise' could not be found in 'C3'. {"history": "MonteCarlo.0", "point": 7, "testname": "TRAN_VDD_PULSE_MC", "cornername": "Nominal"}
[2026-05-26 10:50:23.820 Z] [WARN] [cadence.virtuoso.ade.simulationMonitor] -     WARNING (CMI-2943): Parameter checks have been ignored because the valid value for parameter 'trise' could not be found in 'C4'. {"history": "MonteCarlo.0", "point": 7, "testname": "TRAN_VDD_PULSE_MC", "cornername": "Nominal"}
[2026-05-26 10:50:23.820 Z] [WARN] [cadence.virtuoso.ade.simulationMonitor] -     WARNING (CMI-2943): Parameter checks have been ignored because the valid value for parameter 'trise' could not be found in 'C5'. {"history": "MonteCarlo.0", "point": 7, "testname": "TRAN_VDD_PULSE_MC", "cornername": "Nominal"}
[2026-05-26 10:50:23.820 Z] [WARN] [cadence.virtuoso.ade.simulationMonitor] -     WARNING (CMI-2943): Parameter checks have been ignored because the valid value for parameter 'trise' could not be found in 'I19.I4.C9<0>_turbo_m6.C1'.
        Further occurrences of this warning will be suppressed. {"history": "MonteCarlo.0", "point": 7, "testname": "TRAN_VDD_PULSE_MC", "cornername": "Nominal"}
[2026-05-26 10:50:23.820 Z] [INFO] [cadence.virtuoso.ade.simulationMonitor] - Total time required for dc analysis `dcOp': CPU = 14.371 ms, elapsed = 33.7029 ms, util. = 42.6%. {"history": "MonteCarlo.0", "point": 7, "testname": "TRAN_VDD_PULSE_MC", "cornername": "Nominal"}
[2026-05-26 10:50:23.820 Z] [INFO] [cadence.virtuoso.ade.simulationMonitor] - Peak resident memory used = 229 Mbytes. {"history": "MonteCarlo.0", "point": 7, "testname": "TRAN_VDD_PULSE_MC", "cornername": "Nominal"}
[2026-05-26 10:50:23.821 Z] [INFO] [cadence.virtuoso.ade.simulationMonitor] - Notice from spectre during Monte Carlo analysis `mc1'.
    8 notices suppressed.
    286 warnings suppressed. {"history": "MonteCarlo.0", "point": 7, "testname": "TRAN_VDD_PULSE_MC", "cornername": "Nominal"}
[2026-05-26 10:50:23.821 Z] [WARN] [cadence.virtuoso.ade.simulationMonitor] -     WARNING (CMI-2425): I19.I0.C1<0>_dummy: `Acde' = 2.393 is unusually large. {"history": "MonteCarlo.0", "point": 7, "testname": "TRAN_VDD_PULSE_MC", "cornername": "Nominal"}
[2026-05-26 10:50:23.821 Z] [WARN] [cadence.virtuoso.ade.simulationMonitor] -     WARNING (CMI-2425): I19.I0.C1<0>_dummy: `Noff' = 4.732 is unusually large. {"history": "MonteCarlo.0", "point": 7, "testname": "TRAN_VDD_PULSE_MC", "cornername": "Nominal"}
[2026-05-26 10:50:23.821 Z] [WARN] [cadence.virtuoso.ade.simulationMonitor] -     WARNING (CMI-2424): I19.I0.C1<0>_dummy: `Voffcv' = -867.4e-03 is unusually small. {"history": "MonteCarlo.0", "point": 7, "testname": "TRAN_VDD_PULSE_MC", "cornername": "Nominal"}
[2026-05-26 10:50:23.821 Z] [INFO] [cadence.virtuoso.ade.simulationMonitor] - Notice from spectre during IC analysis, during transient analysis `tran', during Monte Carlo analysis `mc1'.
    GminDC = 1 pS is large enough to noticeably affect the DC solution.
        dV(I19.I2.C1.d1) = 1.59164 mV
        Use the `gmin_check' option to eliminate or expand this report.
    Bad pivoting is found during DC analysis. Option dc_pivot_check=yes is recommended for possible improvement of convergence. {"history": "MonteCarlo.0", "point": 7, "testname": "TRAN_VDD_PULSE_MC", "cornername": "Nominal"}
[2026-05-26 10:50:23.821 Z] [WARN] [cadence.virtuoso.ade.simulationMonitor] -     WARNING (CMI-2139): I19.I2.I8.MP5: The bulk-drain junction current exceeds `imelt'.  The results computed by Spectre may be inaccurate because the junction current model has been linearized. {"history": "MonteCarlo.0", "point": 7, "testname": "TRAN_VDD_PULSE_MC", "cornername": "Nominal"}
[2026-05-26 10:50:23.821 Z] [WARN] [cadence.virtuoso.ade.simulationMonitor] -     WARNING (CMI-2144): I19.I2.I8.MP5: The bulk-drain junction current exceeds `imax'. {"history": "MonteCarlo.0", "point": 7, "testname": "TRAN_VDD_PULSE_MC", "cornername": "Nominal"}
[2026-05-26 10:50:23.821 Z] [WARN] [cadence.virtuoso.ade.simulationMonitor] -     WARNING (CMI-2139): I19.I2.I8.MP6: The bulk-drain junction current exceeds `imelt'.  The results computed by Spectre may be inaccurate because the junction current model has been linearized. {"history": "MonteCarlo.0", "point": 7, "testname": "TRAN_VDD_PULSE_MC", "cornername": "Nominal"}
[2026-05-26 10:50:23.821 Z] [WARN] [cadence.virtuoso.ade.simulationMonitor] -     WARNING (CMI-2144): I19.I2.I8.MP6: The bulk-drain junction current exceeds `imax'. {"history": "MonteCarlo.0", "point": 7, "testname": "TRAN_VDD_PULSE_MC", "cornername": "Nominal"}
[2026-05-26 10:50:23.821 Z] [WARN] [cadence.virtuoso.ade.simulationMonitor] -     WARNING (CMI-2139): I19.I2.I8.MP7: The bulk-drain junction current exceeds `imelt'.  The results computed by Spectre may be inaccurate because the junction current model has been linearized. {"history": "MonteCarlo.0", "point": 7, "testname": "TRAN_VDD_PULSE_MC", "cornername": "Nominal"}
[2026-05-26 10:50:23.821 Z] [WARN] [cadence.virtuoso.ade.simulationMonitor] -     WARNING (CMI-2144): I19.I2.I8.MP7: The bulk-drain junction current exceeds `imax'. {"history": "MonteCarlo.0", "point": 7, "testname": "TRAN_VDD_PULSE_MC", "cornername": "Nominal"}
[2026-05-26 10:50:23.821 Z] [WARN] [cadence.virtuoso.ade.simulationMonitor] -     WARNING (CMI-2139): I19.I2.I8.MP8: The bulk-drain junction current exceeds `imelt'.  The results computed by Spectre may be inaccurate because the junction current model has been linearized. {"history": "MonteCarlo.0", "point": 7, "testname": "TRAN_VDD_PULSE_MC", "cornername": "Nominal"}
[2026-05-26 10:50:23.821 Z] [WARN] [cadence.virtuoso.ade.simulationMonitor] -     WARNING (CMI-2144): I19.I2.I8.MP8: The bulk-drain junction current exceeds `imax'. {"history": "MonteCarlo.0", "point": 7, "testname": "TRAN_VDD_PULSE_MC", "cornername": "Nominal"}
[2026-05-26 10:50:23.821 Z] [WARN] [cadence.virtuoso.ade.simulationMonitor] -     WARNING (CMI-2139): I19.I0.MP10: The bulk-drain junction current exceeds `imelt'.  The results computed by Spectre may be inaccurate because the junction current model has been linearized.
        Further occurrences of this warning will be suppressed. {"history": "MonteCarlo.0", "point": 7, "testname": "TRAN_VDD_PULSE_MC", "cornername": "Nominal"}
[2026-05-26 10:50:23.821 Z] [WARN] [cadence.virtuoso.ade.simulationMonitor] -     WARNING (CMI-2144): I19.I0.MP10: The bulk-drain junction current exceeds `imax'.
        Further occurrences of this warning will be suppressed. {"history": "MonteCarlo.0", "point": 7, "testname": "TRAN_VDD_PULSE_MC", "cornername": "Nominal"}
[2026-05-26 10:50:23.821 Z] [WARN] [cadence.virtuoso.ade.simulationMonitor] -     WARNING (CMI-2943): Parameter checks have been ignored because the valid value for parameter 'trise' could not be found in 'C0'. {"history": "MonteCarlo.0", "point": 7, "testname": "TRAN_VDD_PULSE_MC", "cornername": "Nominal"}
[2026-05-26 10:50:23.821 Z] [WARN] [cadence.virtuoso.ade.simulationMonitor] -     WARNING (CMI-2943): Parameter checks have been ignored because the valid value for parameter 'trise' could not be found in 'C3'. {"history": "MonteCarlo.0", "point": 7, "testname": "TRAN_VDD_PULSE_MC", "cornername": "Nominal"}
[2026-05-26 10:50:23.821 Z] [WARN] [cadence.virtuoso.ade.simulationMonitor] -     WARNING (CMI-2943): Parameter checks have been ignored because the valid value for parameter 'trise' could not be found in 'C4'. {"history": "MonteCarlo.0", "point": 7, "testname": "TRAN_VDD_PULSE_MC", "cornername": "Nominal"}
[2026-05-26 10:50:23.821 Z] [WARN] [cadence.virtuoso.ade.simulationMonitor] -     WARNING (CMI-2943): Parameter checks have been ignored because the valid value for parameter 'trise' could not be found in 'C5'. {"history": "MonteCarlo.0", "point": 7, "testname": "TRAN_VDD_PULSE_MC", "cornername": "Nominal"}
[2026-05-26 10:50:23.822 Z] [WARN] [cadence.virtuoso.ade.simulationMonitor] -     WARNING (CMI-2943): Parameter checks have been ignored because the valid value for parameter 'trise' could not be found in 'I19.I4.C9<0>_turbo_m6.C1'.
        Further occurrences of this warning will be suppressed. {"history": "MonteCarlo.0", "point": 7, "testname": "TRAN_VDD_PULSE_MC", "cornername": "Nominal"}
[2026-05-26 10:50:23.822 Z] [INFO] [cadence.virtuoso.ade.simulationMonitor] - Notice from spectre during transient analysis `tran', during Monte Carlo analysis `mc1'.
    Multithreading is disabled due to the size of the design being too small. {"history": "MonteCarlo.0", "point": 7, "testname": "TRAN_VDD_PULSE_MC", "cornername": "Nominal"}
[2026-05-26 10:50:23.822 Z] [INFO] [cadence.virtuoso.ade.simulationMonitor] - Notice from spectre at time = 202.365 us during transient analysis `tran', during Monte Carlo analysis `mc1'.
    I19.I2.I8.MP5: The bulk-drain junction leaves the linearized region.
    I19.I2.I8.MP5: The bulk-drain junction current no longer exceeds `imax'.
    I19.I2.I8.MP6: The bulk-drain junction leaves the linearized region.
    I19.I2.I8.MP6: The bulk-drain junction current no longer exceeds `imax'.
    I19.I2.I8.MP7: The bulk-drain junction leaves the linearized region.
    I19.I2.I8.MP7: The bulk-... {"history": "MonteCarlo.0", "point": 7, "testname": "TRAN_VDD_PULSE_MC", "cornername": "Nominal"}
[2026-05-26 10:50:23.822 Z] [PROCESS] [cadence.virtuoso.ade.simulationMonitor] - Finished simulating for one iteration {"hostname": "edatools", "processid": 259513, "history": "MonteCarlo.0", "testname": "TRAN_VDD_PULSE_MC", "cornername": "Nominal", "point": 7, "logfile": "/home/saul/projects/IL2244_VT26_SAUL/logs_saul/logs0/Job53.log", "simid": "7"}
[2026-05-26 10:50:23.822 Z] [PROCESS] [cadence.virtuoso.ade.simulationMonitor] - Started Simulation {"hostname": "edatools", "processid": 259513, "history": "MonteCarlo.0", "testname": "TRAN_VDD_PULSE_MC", "cornername": "Nominal", "point": 8, "logfile": "/home/saul/projects/IL2244_VT26_SAUL/logs_saul/logs0/Job53.log", "event": "started", "task": "simulation"}
[2026-05-26 10:52:15.367 Z] [INFO] [cadence.virtuoso.ade.simulationMonitor] - Total time required for tran analysis `tran': CPU = 111.243 s (1m  51.2s), elapsed = 111.273 s (1m  51.3s), util. = 100%. {"history": "MonteCarlo.0", "point": 8, "testname": "TRAN_VDD_PULSE_MC", "cornername": "Nominal"}
[2026-05-26 10:52:15.367 Z] [INFO] [cadence.virtuoso.ade.simulationMonitor] - Peak resident memory used = 230 Mbytes. {"history": "MonteCarlo.0", "point": 8, "testname": "TRAN_VDD_PULSE_MC", "cornername": "Nominal"}
[2026-05-26 10:52:15.368 Z] [INFO] [cadence.virtuoso.ade.simulationMonitor] - Notice from spectre during transient analysis `tran', during Monte Carlo analysis `mc1'.
    2 notices suppressed.
    260 warnings suppressed. {"history": "MonteCarlo.0", "point": 8, "testname": "TRAN_VDD_PULSE_MC", "cornername": "Nominal"}
[2026-05-26 10:52:15.368 Z] [WARN] [cadence.virtuoso.ade.simulationMonitor] -     WARNING (CMI-2425): I19.I0.C1<0>_dummy: `Acde' = 2.393 is unusually large. {"history": "MonteCarlo.0", "point": 8, "testname": "TRAN_VDD_PULSE_MC", "cornername": "Nominal"}
[2026-05-26 10:52:15.368 Z] [WARN] [cadence.virtuoso.ade.simulationMonitor] -     WARNING (CMI-2425): I19.I0.C1<0>_dummy: `Noff' = 4.732 is unusually large. {"history": "MonteCarlo.0", "point": 8, "testname": "TRAN_VDD_PULSE_MC", "cornername": "Nominal"}
[2026-05-26 10:52:15.368 Z] [WARN] [cadence.virtuoso.ade.simulationMonitor] -     WARNING (CMI-2424): I19.I0.C1<0>_dummy: `Voffcv' = -867.4e-03 is unusually small. {"history": "MonteCarlo.0", "point": 8, "testname": "TRAN_VDD_PULSE_MC", "cornername": "Nominal"}
[2026-05-26 10:52:15.368 Z] [WARN] [cadence.virtuoso.ade.simulationMonitor] -     WARNING (CMI-2425): I19.I0.C1<0>_dummy: `Acde' = 2.393 is unusually large. {"history": "MonteCarlo.0", "point": 8, "testname": "TRAN_VDD_PULSE_MC", "cornername": "Nominal"}
[2026-05-26 10:52:15.368 Z] [WARN] [cadence.virtuoso.ade.simulationMonitor] -     WARNING (CMI-2425): I19.I0.C1<0>_dummy: `Noff' = 4.732 is unusually large. {"history": "MonteCarlo.0", "point": 8, "testname": "TRAN_VDD_PULSE_MC", "cornername": "Nominal"}
[2026-05-26 10:52:15.368 Z] [WARN] [cadence.virtuoso.ade.simulationMonitor] -     WARNING (CMI-2424): I19.I0.C1<0>_dummy: `Voffcv' = -867.4e-03 is unusually small. {"history": "MonteCarlo.0", "point": 8, "testname": "TRAN_VDD_PULSE_MC", "cornername": "Nominal"}
[2026-05-26 10:52:15.368 Z] [INFO] [cadence.virtuoso.ade.simulationMonitor] - Notice from spectre during Monte Carlo analysis `mc1'.
    V17: `period' has the unusually large value of 20 s.
    V17: `width' has the unusually large value of 19 s.
    V16: `period' has the unusually large value of 10 s.
    V16: `width' has the unusually large value of 9 s.
    V9: `period' has the unusually large value of 10 s.
        Further occurrences of this notice will be suppressed. {"history": "MonteCarlo.0", "point": 8, "testname": "TRAN_VDD_PULSE_MC", "cornername": "Nominal"}
[2026-05-26 10:52:15.368 Z] [INFO] [cadence.virtuoso.ade.simulationMonitor] - Notice from spectre in `rpolyhc':`I19.I0.R10', in `fecg_cmfb2_f':`I19.I0', in `fecg_front_end_f_3':`I19', during Monte Carlo analysis `mc1'.
    I19.I0.R10.CS0 of rpolyhc: `c' has the unusually small value of 0 F.
    I19.I0.R10.CS1 of rpolyhc: `c' has the unusually small value of 0 F. {"history": "MonteCarlo.0", "point": 8, "testname": "TRAN_VDD_PULSE_MC", "cornername": "Nominal"}
[2026-05-26 10:52:15.368 Z] [INFO] [cadence.virtuoso.ade.simulationMonitor] - Notice from spectre in `rpolyhc':`I19.I0.R9', in `fecg_cmfb2_f':`I19.I0', in `fecg_front_end_f_3':`I19', during Monte Carlo analysis `mc1'.
    I19.I0.R9.CS0 of rpolyhc: `c' has the unusually small value of 0 F.
    I19.I0.R9.CS1 of rpolyhc: `c' has the unusually small value of 0 F. {"history": "MonteCarlo.0", "point": 8, "testname": "TRAN_VDD_PULSE_MC", "cornername": "Nominal"}
[2026-05-26 10:52:15.368 Z] [INFO] [cadence.virtuoso.ade.simulationMonitor] - Notice from spectre in `rpolyhc':`I19.I0.R7', in `fecg_cmfb2_f':`I19.I0', in `fecg_front_end_f_3':`I19', during Monte Carlo analysis `mc1'.
    I19.I0.R7.CS0 of rpolyhc: `c' has the unusually small value of 0 F.
        Further occurrences of this notice will be suppressed. {"history": "MonteCarlo.0", "point": 8, "testname": "TRAN_VDD_PULSE_MC", "cornername": "Nominal"}
[2026-05-26 10:52:15.368 Z] [WARN] [cadence.virtuoso.ade.simulationMonitor] -     WARNING (CMI-2425): I19.I2.C1: `Acde' = 2.393 is unusually large. {"history": "MonteCarlo.0", "point": 8, "testname": "TRAN_VDD_PULSE_MC", "cornername": "Nominal"}
[2026-05-26 10:52:15.368 Z] [WARN] [cadence.virtuoso.ade.simulationMonitor] -     WARNING (CMI-2425): I19.I2.C1: `Noff' = 4.732 is unusually large. {"history": "MonteCarlo.0", "point": 8, "testname": "TRAN_VDD_PULSE_MC", "cornername": "Nominal"}
[2026-05-26 10:52:15.368 Z] [WARN] [cadence.virtuoso.ade.simulationMonitor] -     WARNING (CMI-2424): I19.I2.C1: `Voffcv' = -867.4e-03 is unusually small. {"history": "MonteCarlo.0", "point": 8, "testname": "TRAN_VDD_PULSE_MC", "cornername": "Nominal"}
[2026-05-26 10:52:15.369 Z] [WARN] [cadence.virtuoso.ade.simulationMonitor] -     WARNING (CMI-2425): I19.I11.C0: `Acde' = 2.393 is unusually large. {"history": "MonteCarlo.0", "point": 8, "testname": "TRAN_VDD_PULSE_MC", "cornername": "Nominal"}
[2026-05-26 10:52:15.369 Z] [WARN] [cadence.virtuoso.ade.simulationMonitor] -     WARNING (CMI-2425): I19.I11.C0: `Noff' = 4.732 is unusually large. {"history": "MonteCarlo.0", "point": 8, "testname": "TRAN_VDD_PULSE_MC", "cornername": "Nominal"}
[2026-05-26 10:52:15.369 Z] [WARN] [cadence.virtuoso.ade.simulationMonitor] -     WARNING (CMI-2424): I19.I11.C0: `Voffcv' = -867.4e-03 is unusually small. {"history": "MonteCarlo.0", "point": 8, "testname": "TRAN_VDD_PULSE_MC", "cornername": "Nominal"}
[2026-05-26 10:52:15.369 Z] [WARN] [cadence.virtuoso.ade.simulationMonitor] -     WARNING (CMI-2425): I19.I11.C1: `Acde' = 2.393 is unusually large.
        Further occurrences of this warning will be suppressed. {"history": "MonteCarlo.0", "point": 8, "testname": "TRAN_VDD_PULSE_MC", "cornername": "Nominal"}
[2026-05-26 10:52:15.369 Z] [WARN] [cadence.virtuoso.ade.simulationMonitor] -     WARNING (CMI-2424): I19.I11.C1: `Voffcv' = -867.4e-03 is unusually small. {"history": "MonteCarlo.0", "point": 8, "testname": "TRAN_VDD_PULSE_MC", "cornername": "Nominal"}
[2026-05-26 10:52:15.369 Z] [WARN] [cadence.virtuoso.ade.simulationMonitor] -     WARNING (CMI-2424): I19.I12.C0: `Voffcv' = -867.4e-03 is unusually small. {"history": "MonteCarlo.0", "point": 8, "testname": "TRAN_VDD_PULSE_MC", "cornername": "Nominal"}
[2026-05-26 10:52:15.369 Z] [WARN] [cadence.virtuoso.ade.simulationMonitor] -     WARNING (CMI-2424): I19.I12.C1: `Voffcv' = -867.4e-03 is unusually small.
        Further occurrences of this warning will be suppressed. {"history": "MonteCarlo.0", "point": 8, "testname": "TRAN_VDD_PULSE_MC", "cornername": "Nominal"}
[2026-05-26 10:52:15.369 Z] [INFO] [cadence.virtuoso.ade.simulationMonitor] - Notice from spectre during DC analysis `dcOp', during Monte Carlo analysis `mc1'.
    GminDC = 1 pS is large enough to noticeably affect the DC solution.
        dV(I19.I2.C1.d1) = 1.34279 mV
        Use the `gmin_check' option to eliminate or expand this report.
    Bad pivoting is found during DC analysis. Option dc_pivot_check=yes is recommended for possible improvement of convergence. {"history": "MonteCarlo.0", "point": 8, "testname": "TRAN_VDD_PULSE_MC", "cornername": "Nominal"}
[2026-05-26 10:52:15.369 Z] [WARN] [cadence.virtuoso.ade.simulationMonitor] -     WARNING (CMI-2139): I19.I2.I8.MP5: The bulk-drain junction current exceeds `imelt'.  The results computed by Spectre may be inaccurate because the junction current model has been linearized. {"history": "MonteCarlo.0", "point": 8, "testname": "TRAN_VDD_PULSE_MC", "cornername": "Nominal"}
[2026-05-26 10:52:15.369 Z] [WARN] [cadence.virtuoso.ade.simulationMonitor] -     WARNING (CMI-2144): I19.I2.I8.MP5: The bulk-drain junction current exceeds `imax'. {"history": "MonteCarlo.0", "point": 8, "testname": "TRAN_VDD_PULSE_MC", "cornername": "Nominal"}
[2026-05-26 10:52:15.369 Z] [WARN] [cadence.virtuoso.ade.simulationMonitor] -     WARNING (CMI-2139): I19.I2.I8.MP6: The bulk-drain junction current exceeds `imelt'.  The results computed by Spectre may be inaccurate because the junction current model has been linearized. {"history": "MonteCarlo.0", "point": 8, "testname": "TRAN_VDD_PULSE_MC", "cornername": "Nominal"}
[2026-05-26 10:52:15.369 Z] [WARN] [cadence.virtuoso.ade.simulationMonitor] -     WARNING (CMI-2144): I19.I2.I8.MP6: The bulk-drain junction current exceeds `imax'. {"history": "MonteCarlo.0", "point": 8, "testname": "TRAN_VDD_PULSE_MC", "cornername": "Nominal"}
[2026-05-26 10:52:15.369 Z] [WARN] [cadence.virtuoso.ade.simulationMonitor] -     WARNING (CMI-2139): I19.I2.I8.MP7: The bulk-drain junction current exceeds `imelt'.  The results computed by Spectre may be inaccurate because the junction current model has been linearized. {"history": "MonteCarlo.0", "point": 8, "testname": "TRAN_VDD_PULSE_MC", "cornername": "Nominal"}
[2026-05-26 10:52:15.369 Z] [WARN] [cadence.virtuoso.ade.simulationMonitor] -     WARNING (CMI-2144): I19.I2.I8.MP7: The bulk-drain junction current exceeds `imax'. {"history": "MonteCarlo.0", "point": 8, "testname": "TRAN_VDD_PULSE_MC", "cornername": "Nominal"}
[2026-05-26 10:52:15.369 Z] [WARN] [cadence.virtuoso.ade.simulationMonitor] -     WARNING (CMI-2139): I19.I2.I8.MP8: The bulk-drain junction current exceeds `imelt'.  The results computed by Spectre may be inaccurate because the junction current model has been linearized. {"history": "MonteCarlo.0", "point": 8, "testname": "TRAN_VDD_PULSE_MC", "cornername": "Nominal"}
[2026-05-26 10:52:15.369 Z] [WARN] [cadence.virtuoso.ade.simulationMonitor] -     WARNING (CMI-2144): I19.I2.I8.MP8: The bulk-drain junction current exceeds `imax'. {"history": "MonteCarlo.0", "point": 8, "testname": "TRAN_VDD_PULSE_MC", "cornername": "Nominal"}
[2026-05-26 10:52:15.369 Z] [WARN] [cadence.virtuoso.ade.simulationMonitor] -     WARNING (CMI-2139): I19.I0.MP10: The bulk-drain junction current exceeds `imelt'.  The results computed by Spectre may be inaccurate because the junction current model has been linearized.
        Further occurrences of this warning will be suppressed. {"history": "MonteCarlo.0", "point": 8, "testname": "TRAN_VDD_PULSE_MC", "cornername": "Nominal"}
[2026-05-26 10:52:15.369 Z] [WARN] [cadence.virtuoso.ade.simulationMonitor] -     WARNING (CMI-2144): I19.I0.MP10: The bulk-drain junction current exceeds `imax'.
        Further occurrences of this warning will be suppressed. {"history": "MonteCarlo.0", "point": 8, "testname": "TRAN_VDD_PULSE_MC", "cornername": "Nominal"}
[2026-05-26 10:52:15.369 Z] [WARN] [cadence.virtuoso.ade.simulationMonitor] -     WARNING (CMI-2943): Parameter checks have been ignored because the valid value for parameter 'trise' could not be found in 'C0'. {"history": "MonteCarlo.0", "point": 8, "testname": "TRAN_VDD_PULSE_MC", "cornername": "Nominal"}
[2026-05-26 10:52:15.369 Z] [WARN] [cadence.virtuoso.ade.simulationMonitor] -     WARNING (CMI-2943): Parameter checks have been ignored because the valid value for parameter 'trise' could not be found in 'C3'. {"history": "MonteCarlo.0", "point": 8, "testname": "TRAN_VDD_PULSE_MC", "cornername": "Nominal"}
[2026-05-26 10:52:15.369 Z] [WARN] [cadence.virtuoso.ade.simulationMonitor] -     WARNING (CMI-2943): Parameter checks have been ignored because the valid value for parameter 'trise' could not be found in 'C4'. {"history": "MonteCarlo.0", "point": 8, "testname": "TRAN_VDD_PULSE_MC", "cornername": "Nominal"}
[2026-05-26 10:52:15.370 Z] [WARN] [cadence.virtuoso.ade.simulationMonitor] -     WARNING (CMI-2943): Parameter checks have been ignored because the valid value for parameter 'trise' could not be found in 'C5'. {"history": "MonteCarlo.0", "point": 8, "testname": "TRAN_VDD_PULSE_MC", "cornername": "Nominal"}
[2026-05-26 10:52:15.370 Z] [WARN] [cadence.virtuoso.ade.simulationMonitor] -     WARNING (CMI-2943): Parameter checks have been ignored because the valid value for parameter 'trise' could not be found in 'I19.I4.C9<0>_turbo_m6.C1'.
        Further occurrences of this warning will be suppressed. {"history": "MonteCarlo.0", "point": 8, "testname": "TRAN_VDD_PULSE_MC", "cornername": "Nominal"}
[2026-05-26 10:52:15.370 Z] [INFO] [cadence.virtuoso.ade.simulationMonitor] - Total time required for dc analysis `dcOp': CPU = 13.679 ms, elapsed = 32.0461 ms, util. = 42.7%. {"history": "MonteCarlo.0", "point": 8, "testname": "TRAN_VDD_PULSE_MC", "cornername": "Nominal"}
[2026-05-26 10:52:15.370 Z] [INFO] [cadence.virtuoso.ade.simulationMonitor] - Peak resident memory used = 230 Mbytes. {"history": "MonteCarlo.0", "point": 8, "testname": "TRAN_VDD_PULSE_MC", "cornername": "Nominal"}
[2026-05-26 10:52:15.370 Z] [INFO] [cadence.virtuoso.ade.simulationMonitor] - Notice from spectre during Monte Carlo analysis `mc1'.
    8 notices suppressed.
    286 warnings suppressed. {"history": "MonteCarlo.0", "point": 8, "testname": "TRAN_VDD_PULSE_MC", "cornername": "Nominal"}
[2026-05-26 10:52:15.370 Z] [WARN] [cadence.virtuoso.ade.simulationMonitor] -     WARNING (CMI-2425): I19.I0.C1<0>_dummy: `Acde' = 2.393 is unusually large. {"history": "MonteCarlo.0", "point": 8, "testname": "TRAN_VDD_PULSE_MC", "cornername": "Nominal"}
[2026-05-26 10:52:15.370 Z] [WARN] [cadence.virtuoso.ade.simulationMonitor] -     WARNING (CMI-2425): I19.I0.C1<0>_dummy: `Noff' = 4.732 is unusually large. {"history": "MonteCarlo.0", "point": 8, "testname": "TRAN_VDD_PULSE_MC", "cornername": "Nominal"}
[2026-05-26 10:52:15.370 Z] [WARN] [cadence.virtuoso.ade.simulationMonitor] -     WARNING (CMI-2424): I19.I0.C1<0>_dummy: `Voffcv' = -867.4e-03 is unusually small. {"history": "MonteCarlo.0", "point": 8, "testname": "TRAN_VDD_PULSE_MC", "cornername": "Nominal"}
[2026-05-26 10:52:15.370 Z] [INFO] [cadence.virtuoso.ade.simulationMonitor] - Notice from spectre during IC analysis, during transient analysis `tran', during Monte Carlo analysis `mc1'.
    GminDC = 1 pS is large enough to noticeably affect the DC solution.
        dV(I19.I2.C1.d1) = 1.34279 mV
        Use the `gmin_check' option to eliminate or expand this report.
    Bad pivoting is found during DC analysis. Option dc_pivot_check=yes is recommended for possible improvement of convergence. {"history": "MonteCarlo.0", "point": 8, "testname": "TRAN_VDD_PULSE_MC", "cornername": "Nominal"}
[2026-05-26 10:52:15.370 Z] [WARN] [cadence.virtuoso.ade.simulationMonitor] -     WARNING (CMI-2139): I19.I2.I8.MP5: The bulk-drain junction current exceeds `imelt'.  The results computed by Spectre may be inaccurate because the junction current model has been linearized. {"history": "MonteCarlo.0", "point": 8, "testname": "TRAN_VDD_PULSE_MC", "cornername": "Nominal"}
[2026-05-26 10:52:15.370 Z] [WARN] [cadence.virtuoso.ade.simulationMonitor] -     WARNING (CMI-2144): I19.I2.I8.MP5: The bulk-drain junction current exceeds `imax'. {"history": "MonteCarlo.0", "point": 8, "testname": "TRAN_VDD_PULSE_MC", "cornername": "Nominal"}
[2026-05-26 10:52:15.370 Z] [WARN] [cadence.virtuoso.ade.simulationMonitor] -     WARNING (CMI-2139): I19.I2.I8.MP6: The bulk-drain junction current exceeds `imelt'.  The results computed by Spectre may be inaccurate because the junction current model has been linearized. {"history": "MonteCarlo.0", "point": 8, "testname": "TRAN_VDD_PULSE_MC", "cornername": "Nominal"}
[2026-05-26 10:52:15.370 Z] [WARN] [cadence.virtuoso.ade.simulationMonitor] -     WARNING (CMI-2144): I19.I2.I8.MP6: The bulk-drain junction current exceeds `imax'. {"history": "MonteCarlo.0", "point": 8, "testname": "TRAN_VDD_PULSE_MC", "cornername": "Nominal"}
[2026-05-26 10:52:15.370 Z] [WARN] [cadence.virtuoso.ade.simulationMonitor] -     WARNING (CMI-2139): I19.I2.I8.MP7: The bulk-drain junction current exceeds `imelt'.  The results computed by Spectre may be inaccurate because the junction current model has been linearized. {"history": "MonteCarlo.0", "point": 8, "testname": "TRAN_VDD_PULSE_MC", "cornername": "Nominal"}
[2026-05-26 10:52:15.370 Z] [WARN] [cadence.virtuoso.ade.simulationMonitor] -     WARNING (CMI-2144): I19.I2.I8.MP7: The bulk-drain junction current exceeds `imax'. {"history": "MonteCarlo.0", "point": 8, "testname": "TRAN_VDD_PULSE_MC", "cornername": "Nominal"}
[2026-05-26 10:52:15.370 Z] [WARN] [cadence.virtuoso.ade.simulationMonitor] -     WARNING (CMI-2139): I19.I2.I8.MP8: The bulk-drain junction current exceeds `imelt'.  The results computed by Spectre may be inaccurate because the junction current model has been linearized. {"history": "MonteCarlo.0", "point": 8, "testname": "TRAN_VDD_PULSE_MC", "cornername": "Nominal"}
[2026-05-26 10:52:15.370 Z] [WARN] [cadence.virtuoso.ade.simulationMonitor] -     WARNING (CMI-2144): I19.I2.I8.MP8: The bulk-drain junction current exceeds `imax'. {"history": "MonteCarlo.0", "point": 8, "testname": "TRAN_VDD_PULSE_MC", "cornername": "Nominal"}
[2026-05-26 10:52:15.370 Z] [WARN] [cadence.virtuoso.ade.simulationMonitor] -     WARNING (CMI-2139): I19.I0.MP10: The bulk-drain junction current exceeds `imelt'.  The results computed by Spectre may be inaccurate because the junction current model has been linearized.
        Further occurrences of this warning will be suppressed. {"history": "MonteCarlo.0", "point": 8, "testname": "TRAN_VDD_PULSE_MC", "cornername": "Nominal"}
[2026-05-26 10:52:15.370 Z] [WARN] [cadence.virtuoso.ade.simulationMonitor] -     WARNING (CMI-2144): I19.I0.MP10: The bulk-drain junction current exceeds `imax'.
        Further occurrences of this warning will be suppressed. {"history": "MonteCarlo.0", "point": 8, "testname": "TRAN_VDD_PULSE_MC", "cornername": "Nominal"}
[2026-05-26 10:52:15.370 Z] [WARN] [cadence.virtuoso.ade.simulationMonitor] -     WARNING (CMI-2943): Parameter checks have been ignored because the valid value for parameter 'trise' could not be found in 'C0'. {"history": "MonteCarlo.0", "point": 8, "testname": "TRAN_VDD_PULSE_MC", "cornername": "Nominal"}
[2026-05-26 10:52:15.370 Z] [WARN] [cadence.virtuoso.ade.simulationMonitor] -     WARNING (CMI-2943): Parameter checks have been ignored because the valid value for parameter 'trise' could not be found in 'C3'. {"history": "MonteCarlo.0", "point": 8, "testname": "TRAN_VDD_PULSE_MC", "cornername": "Nominal"}
[2026-05-26 10:52:15.371 Z] [WARN] [cadence.virtuoso.ade.simulationMonitor] -     WARNING (CMI-2943): Parameter checks have been ignored because the valid value for parameter 'trise' could not be found in 'C4'. {"history": "MonteCarlo.0", "point": 8, "testname": "TRAN_VDD_PULSE_MC", "cornername": "Nominal"}
[2026-05-26 10:52:15.371 Z] [WARN] [cadence.virtuoso.ade.simulationMonitor] -     WARNING (CMI-2943): Parameter checks have been ignored because the valid value for parameter 'trise' could not be found in 'C5'. {"history": "MonteCarlo.0", "point": 8, "testname": "TRAN_VDD_PULSE_MC", "cornername": "Nominal"}
[2026-05-26 10:52:15.371 Z] [WARN] [cadence.virtuoso.ade.simulationMonitor] -     WARNING (CMI-2943): Parameter checks have been ignored because the valid value for parameter 'trise' could not be found in 'I19.I4.C9<0>_turbo_m6.C1'.
        Further occurrences of this warning will be suppressed. {"history": "MonteCarlo.0", "point": 8, "testname": "TRAN_VDD_PULSE_MC", "cornername": "Nominal"}
[2026-05-26 10:52:15.371 Z] [INFO] [cadence.virtuoso.ade.simulationMonitor] - Notice from spectre during transient analysis `tran', during Monte Carlo analysis `mc1'.
    Multithreading is disabled due to the size of the design being too small. {"history": "MonteCarlo.0", "point": 8, "testname": "TRAN_VDD_PULSE_MC", "cornername": "Nominal"}
[2026-05-26 10:52:15.371 Z] [INFO] [cadence.virtuoso.ade.simulationMonitor] - Notice from spectre at time = 203.353 us during transient analysis `tran', during Monte Carlo analysis `mc1'.
    I19.I2.I8.MP5: The bulk-drain junction leaves the linearized region.
    I19.I2.I8.MP5: The bulk-drain junction current no longer exceeds `imax'.
    I19.I2.I8.MP6: The bulk-drain junction leaves the linearized region.
    I19.I2.I8.MP6: The bulk-drain junction current no longer exceeds `imax'.
    I19.I2.I8.MP7: The bulk-drain junction leaves the linearized region.
    I19.I2.I8.MP7: The bulk-... {"history": "MonteCarlo.0", "point": 8, "testname": "TRAN_VDD_PULSE_MC", "cornername": "Nominal"}
[2026-05-26 10:52:15.371 Z] [PROCESS] [cadence.virtuoso.ade.simulationMonitor] - Finished simulating for one iteration {"hostname": "edatools", "processid": 259513, "history": "MonteCarlo.0", "testname": "TRAN_VDD_PULSE_MC", "cornername": "Nominal", "point": 8, "logfile": "/home/saul/projects/IL2244_VT26_SAUL/logs_saul/logs0/Job53.log", "simid": "7"}
[2026-05-26 10:52:15.371 Z] [PROCESS] [cadence.virtuoso.ade.simulationMonitor] - Started Simulation {"hostname": "edatools", "processid": 259513, "history": "MonteCarlo.0", "testname": "TRAN_VDD_PULSE_MC", "cornername": "Nominal", "point": 9, "logfile": "/home/saul/projects/IL2244_VT26_SAUL/logs_saul/logs0/Job53.log", "event": "started", "task": "simulation"}
[2026-05-26 10:53:58.415 Z] [INFO] [cadence.virtuoso.ade.simulationMonitor] - Total time required for tran analysis `tran': CPU = 102.887 s (1m  42.9s), elapsed = 102.982 s (1m  43.0s), util. = 99.9%. {"history": "MonteCarlo.0", "point": 9, "testname": "TRAN_VDD_PULSE_MC", "cornername": "Nominal"}
[2026-05-26 10:53:58.415 Z] [INFO] [cadence.virtuoso.ade.simulationMonitor] - Peak resident memory used = 230 Mbytes. {"history": "MonteCarlo.0", "point": 9, "testname": "TRAN_VDD_PULSE_MC", "cornername": "Nominal"}
[2026-05-26 10:53:58.415 Z] [INFO] [cadence.virtuoso.ade.simulationMonitor] - Notice from spectre during transient analysis `tran', during Monte Carlo analysis `mc1'.
    2 notices suppressed.
    260 warnings suppressed. {"history": "MonteCarlo.0", "point": 9, "testname": "TRAN_VDD_PULSE_MC", "cornername": "Nominal"}
[2026-05-26 10:53:58.415 Z] [WARN] [cadence.virtuoso.ade.simulationMonitor] -     WARNING (CMI-2425): I19.I0.C1<0>_dummy: `Acde' = 2.393 is unusually large. {"history": "MonteCarlo.0", "point": 9, "testname": "TRAN_VDD_PULSE_MC", "cornername": "Nominal"}
[2026-05-26 10:53:58.416 Z] [WARN] [cadence.virtuoso.ade.simulationMonitor] -     WARNING (CMI-2425): I19.I0.C1<0>_dummy: `Noff' = 4.732 is unusually large. {"history": "MonteCarlo.0", "point": 9, "testname": "TRAN_VDD_PULSE_MC", "cornername": "Nominal"}
[2026-05-26 10:53:58.416 Z] [WARN] [cadence.virtuoso.ade.simulationMonitor] -     WARNING (CMI-2424): I19.I0.C1<0>_dummy: `Voffcv' = -867.4e-03 is unusually small. {"history": "MonteCarlo.0", "point": 9, "testname": "TRAN_VDD_PULSE_MC", "cornername": "Nominal"}
[2026-05-26 10:53:58.416 Z] [WARN] [cadence.virtuoso.ade.simulationMonitor] -     WARNING (CMI-2425): I19.I0.C1<0>_dummy: `Acde' = 2.393 is unusually large. {"history": "MonteCarlo.0", "point": 9, "testname": "TRAN_VDD_PULSE_MC", "cornername": "Nominal"}
[2026-05-26 10:53:58.416 Z] [WARN] [cadence.virtuoso.ade.simulationMonitor] -     WARNING (CMI-2425): I19.I0.C1<0>_dummy: `Noff' = 4.732 is unusually large. {"history": "MonteCarlo.0", "point": 9, "testname": "TRAN_VDD_PULSE_MC", "cornername": "Nominal"}
[2026-05-26 10:53:58.416 Z] [WARN] [cadence.virtuoso.ade.simulationMonitor] -     WARNING (CMI-2424): I19.I0.C1<0>_dummy: `Voffcv' = -867.4e-03 is unusually small. {"history": "MonteCarlo.0", "point": 9, "testname": "TRAN_VDD_PULSE_MC", "cornername": "Nominal"}
[2026-05-26 10:53:58.416 Z] [INFO] [cadence.virtuoso.ade.simulationMonitor] - Notice from spectre during Monte Carlo analysis `mc1'.
    V17: `period' has the unusually large value of 20 s.
    V17: `width' has the unusually large value of 19 s.
    V16: `period' has the unusually large value of 10 s.
    V16: `width' has the unusually large value of 9 s.
    V9: `period' has the unusually large value of 10 s.
        Further occurrences of this notice will be suppressed. {"history": "MonteCarlo.0", "point": 9, "testname": "TRAN_VDD_PULSE_MC", "cornername": "Nominal"}
[2026-05-26 10:53:58.416 Z] [INFO] [cadence.virtuoso.ade.simulationMonitor] - Notice from spectre in `rpolyhc':`I19.I0.R10', in `fecg_cmfb2_f':`I19.I0', in `fecg_front_end_f_3':`I19', during Monte Carlo analysis `mc1'.
    I19.I0.R10.CS0 of rpolyhc: `c' has the unusually small value of 0 F.
    I19.I0.R10.CS1 of rpolyhc: `c' has the unusually small value of 0 F. {"history": "MonteCarlo.0", "point": 9, "testname": "TRAN_VDD_PULSE_MC", "cornername": "Nominal"}
[2026-05-26 10:53:58.416 Z] [INFO] [cadence.virtuoso.ade.simulationMonitor] - Notice from spectre in `rpolyhc':`I19.I0.R9', in `fecg_cmfb2_f':`I19.I0', in `fecg_front_end_f_3':`I19', during Monte Carlo analysis `mc1'.
    I19.I0.R9.CS0 of rpolyhc: `c' has the unusually small value of 0 F.
    I19.I0.R9.CS1 of rpolyhc: `c' has the unusually small value of 0 F. {"history": "MonteCarlo.0", "point": 9, "testname": "TRAN_VDD_PULSE_MC", "cornername": "Nominal"}
[2026-05-26 10:53:58.416 Z] [INFO] [cadence.virtuoso.ade.simulationMonitor] - Notice from spectre in `rpolyhc':`I19.I0.R7', in `fecg_cmfb2_f':`I19.I0', in `fecg_front_end_f_3':`I19', during Monte Carlo analysis `mc1'.
    I19.I0.R7.CS0 of rpolyhc: `c' has the unusually small value of 0 F.
        Further occurrences of this notice will be suppressed. {"history": "MonteCarlo.0", "point": 9, "testname": "TRAN_VDD_PULSE_MC", "cornername": "Nominal"}
[2026-05-26 10:53:58.416 Z] [WARN] [cadence.virtuoso.ade.simulationMonitor] -     WARNING (CMI-2425): I19.I2.C1: `Acde' = 2.393 is unusually large. {"history": "MonteCarlo.0", "point": 9, "testname": "TRAN_VDD_PULSE_MC", "cornername": "Nominal"}
[2026-05-26 10:53:58.416 Z] [WARN] [cadence.virtuoso.ade.simulationMonitor] -     WARNING (CMI-2425): I19.I2.C1: `Noff' = 4.732 is unusually large. {"history": "MonteCarlo.0", "point": 9, "testname": "TRAN_VDD_PULSE_MC", "cornername": "Nominal"}
[2026-05-26 10:53:58.416 Z] [WARN] [cadence.virtuoso.ade.simulationMonitor] -     WARNING (CMI-2424): I19.I2.C1: `Voffcv' = -867.4e-03 is unusually small. {"history": "MonteCarlo.0", "point": 9, "testname": "TRAN_VDD_PULSE_MC", "cornername": "Nominal"}
[2026-05-26 10:53:58.416 Z] [WARN] [cadence.virtuoso.ade.simulationMonitor] -     WARNING (CMI-2425): I19.I11.C0: `Acde' = 2.393 is unusually large. {"history": "MonteCarlo.0", "point": 9, "testname": "TRAN_VDD_PULSE_MC", "cornername": "Nominal"}
[2026-05-26 10:53:58.417 Z] [WARN] [cadence.virtuoso.ade.simulationMonitor] -     WARNING (CMI-2425): I19.I11.C0: `Noff' = 4.732 is unusually large. {"history": "MonteCarlo.0", "point": 9, "testname": "TRAN_VDD_PULSE_MC", "cornername": "Nominal"}
[2026-05-26 10:53:58.417 Z] [WARN] [cadence.virtuoso.ade.simulationMonitor] -     WARNING (CMI-2424): I19.I11.C0: `Voffcv' = -867.4e-03 is unusually small. {"history": "MonteCarlo.0", "point": 9, "testname": "TRAN_VDD_PULSE_MC", "cornername": "Nominal"}
[2026-05-26 10:53:58.417 Z] [WARN] [cadence.virtuoso.ade.simulationMonitor] -     WARNING (CMI-2425): I19.I11.C1: `Acde' = 2.393 is unusually large.
        Further occurrences of this warning will be suppressed. {"history": "MonteCarlo.0", "point": 9, "testname": "TRAN_VDD_PULSE_MC", "cornername": "Nominal"}
[2026-05-26 10:53:58.417 Z] [WARN] [cadence.virtuoso.ade.simulationMonitor] -     WARNING (CMI-2424): I19.I11.C1: `Voffcv' = -867.4e-03 is unusually small. {"history": "MonteCarlo.0", "point": 9, "testname": "TRAN_VDD_PULSE_MC", "cornername": "Nominal"}
[2026-05-26 10:53:58.417 Z] [WARN] [cadence.virtuoso.ade.simulationMonitor] -     WARNING (CMI-2424): I19.I12.C0: `Voffcv' = -867.4e-03 is unusually small. {"history": "MonteCarlo.0", "point": 9, "testname": "TRAN_VDD_PULSE_MC", "cornername": "Nominal"}
[2026-05-26 10:53:58.417 Z] [WARN] [cadence.virtuoso.ade.simulationMonitor] -     WARNING (CMI-2424): I19.I12.C1: `Voffcv' = -867.4e-03 is unusually small.
        Further occurrences of this warning will be suppressed. {"history": "MonteCarlo.0", "point": 9, "testname": "TRAN_VDD_PULSE_MC", "cornername": "Nominal"}
[2026-05-26 10:53:58.417 Z] [PROCESS] [cadence.virtuoso.ade.simulationMonitor] - Finished simulating for one iteration {"hostname": "edatools", "processid": 259513, "history": "MonteCarlo.0", "testname": "TRAN_VDD_PULSE_MC", "cornername": "Nominal", "point": 9, "logfile": "/home/saul/projects/IL2244_VT26_SAUL/logs_saul/logs0/Job53.log", "simid": "7"}
[2026-05-26 10:53:58.417 Z] [PROCESS] [cadence.virtuoso.ade.simulationMonitor] - Started Simulation {"hostname": "edatools", "processid": 259513, "history": "MonteCarlo.0", "testname": "TRAN_VDD_PULSE_MC", "cornername": "Nominal", "point": 10, "logfile": "/home/saul/projects/IL2244_VT26_SAUL/logs_saul/logs0/Job53.log", "event": "started", "task": "simulation"}
[2026-05-26 10:53:58.917 Z] [INFO] [cadence.virtuoso.ade.simulationMonitor] - Notice from spectre during DC analysis `dcOp', during Monte Carlo analysis `mc1'.
    GminDC = 1 pS is large enough to noticeably affect the DC solution.
        dV(I19.I2.C1.s1) = 1.22405 mV
        Use the `gmin_check' option to eliminate or expand this report.
    Bad pivoting is found during DC analysis. Option dc_pivot_check=yes is recommended for possible improvement of convergence. {"history": "MonteCarlo.0", "point": 10, "testname": "TRAN_VDD_PULSE_MC", "cornername": "Nominal"}
[2026-05-26 10:53:58.918 Z] [WARN] [cadence.virtuoso.ade.simulationMonitor] -     WARNING (CMI-2139): I19.I2.I8.MP5: The bulk-drain junction current exceeds `imelt'.  The results computed by Spectre may be inaccurate because the junction current model has been linearized. {"history": "MonteCarlo.0", "point": 10, "testname": "TRAN_VDD_PULSE_MC", "cornername": "Nominal"}
[2026-05-26 10:53:58.918 Z] [WARN] [cadence.virtuoso.ade.simulationMonitor] -     WARNING (CMI-2144): I19.I2.I8.MP5: The bulk-drain junction current exceeds `imax'. {"history": "MonteCarlo.0", "point": 10, "testname": "TRAN_VDD_PULSE_MC", "cornername": "Nominal"}
[2026-05-26 10:53:58.918 Z] [WARN] [cadence.virtuoso.ade.simulationMonitor] -     WARNING (CMI-2139): I19.I2.I8.MP6: The bulk-drain junction current exceeds `imelt'.  The results computed by Spectre may be inaccurate because the junction current model has been linearized. {"history": "MonteCarlo.0", "point": 10, "testname": "TRAN_VDD_PULSE_MC", "cornername": "Nominal"}
[2026-05-26 10:53:58.918 Z] [WARN] [cadence.virtuoso.ade.simulationMonitor] -     WARNING (CMI-2144): I19.I2.I8.MP6: The bulk-drain junction current exceeds `imax'. {"history": "MonteCarlo.0", "point": 10, "testname": "TRAN_VDD_PULSE_MC", "cornername": "Nominal"}
[2026-05-26 10:53:58.918 Z] [WARN] [cadence.virtuoso.ade.simulationMonitor] -     WARNING (CMI-2139): I19.I2.I8.MP7: The bulk-drain junction current exceeds `imelt'.  The results computed by Spectre may be inaccurate because the junction current model has been linearized. {"history": "MonteCarlo.0", "point": 10, "testname": "TRAN_VDD_PULSE_MC", "cornername": "Nominal"}
[2026-05-26 10:53:58.918 Z] [WARN] [cadence.virtuoso.ade.simulationMonitor] -     WARNING (CMI-2144): I19.I2.I8.MP7: The bulk-drain junction current exceeds `imax'. {"history": "MonteCarlo.0", "point": 10, "testname": "TRAN_VDD_PULSE_MC", "cornername": "Nominal"}
[2026-05-26 10:53:58.918 Z] [WARN] [cadence.virtuoso.ade.simulationMonitor] -     WARNING (CMI-2139): I19.I2.I8.MP8: The bulk-drain junction current exceeds `imelt'.  The results computed by Spectre may be inaccurate because the junction current model has been linearized. {"history": "MonteCarlo.0", "point": 10, "testname": "TRAN_VDD_PULSE_MC", "cornername": "Nominal"}
[2026-05-26 10:53:58.918 Z] [WARN] [cadence.virtuoso.ade.simulationMonitor] -     WARNING (CMI-2144): I19.I2.I8.MP8: The bulk-drain junction current exceeds `imax'. {"history": "MonteCarlo.0", "point": 10, "testname": "TRAN_VDD_PULSE_MC", "cornername": "Nominal"}
[2026-05-26 10:53:58.918 Z] [WARN] [cadence.virtuoso.ade.simulationMonitor] -     WARNING (CMI-2139): I19.I0.MP10: The bulk-drain junction current exceeds `imelt'.  The results computed by Spectre may be inaccurate because the junction current model has been linearized.
        Further occurrences of this warning will be suppressed. {"history": "MonteCarlo.0", "point": 10, "testname": "TRAN_VDD_PULSE_MC", "cornername": "Nominal"}
[2026-05-26 10:53:58.918 Z] [WARN] [cadence.virtuoso.ade.simulationMonitor] -     WARNING (CMI-2144): I19.I0.MP10: The bulk-drain junction current exceeds `imax'.
        Further occurrences of this warning will be suppressed. {"history": "MonteCarlo.0", "point": 10, "testname": "TRAN_VDD_PULSE_MC", "cornername": "Nominal"}
[2026-05-26 10:53:58.918 Z] [WARN] [cadence.virtuoso.ade.simulationMonitor] -     WARNING (CMI-2943): Parameter checks have been ignored because the valid value for parameter 'trise' could not be found in 'C0'. {"history": "MonteCarlo.0", "point": 10, "testname": "TRAN_VDD_PULSE_MC", "cornername": "Nominal"}
[2026-05-26 10:53:58.918 Z] [WARN] [cadence.virtuoso.ade.simulationMonitor] -     WARNING (CMI-2943): Parameter checks have been ignored because the valid value for parameter 'trise' could not be found in 'C3'. {"history": "MonteCarlo.0", "point": 10, "testname": "TRAN_VDD_PULSE_MC", "cornername": "Nominal"}
[2026-05-26 10:53:58.919 Z] [WARN] [cadence.virtuoso.ade.simulationMonitor] -     WARNING (CMI-2943): Parameter checks have been ignored because the valid value for parameter 'trise' could not be found in 'C4'. {"history": "MonteCarlo.0", "point": 10, "testname": "TRAN_VDD_PULSE_MC", "cornername": "Nominal"}
[2026-05-26 10:53:58.919 Z] [WARN] [cadence.virtuoso.ade.simulationMonitor] -     WARNING (CMI-2943): Parameter checks have been ignored because the valid value for parameter 'trise' could not be found in 'C5'. {"history": "MonteCarlo.0", "point": 10, "testname": "TRAN_VDD_PULSE_MC", "cornername": "Nominal"}
[2026-05-26 10:53:58.919 Z] [WARN] [cadence.virtuoso.ade.simulationMonitor] -     WARNING (CMI-2943): Parameter checks have been ignored because the valid value for parameter 'trise' could not be found in 'I19.I4.C9<0>_turbo_m6.C1'.
        Further occurrences of this warning will be suppressed. {"history": "MonteCarlo.0", "point": 10, "testname": "TRAN_VDD_PULSE_MC", "cornername": "Nominal"}
[2026-05-26 10:53:58.919 Z] [INFO] [cadence.virtuoso.ade.simulationMonitor] - Total time required for dc analysis `dcOp': CPU = 13.938 ms, elapsed = 31.2231 ms, util. = 44.6%. {"history": "MonteCarlo.0", "point": 10, "testname": "TRAN_VDD_PULSE_MC", "cornername": "Nominal"}
[2026-05-26 10:53:58.919 Z] [INFO] [cadence.virtuoso.ade.simulationMonitor] - Peak resident memory used = 230 Mbytes. {"history": "MonteCarlo.0", "point": 10, "testname": "TRAN_VDD_PULSE_MC", "cornername": "Nominal"}
[2026-05-26 10:53:58.919 Z] [INFO] [cadence.virtuoso.ade.simulationMonitor] - Notice from spectre during Monte Carlo analysis `mc1'.
    8 notices suppressed.
    286 warnings suppressed. {"history": "MonteCarlo.0", "point": 10, "testname": "TRAN_VDD_PULSE_MC", "cornername": "Nominal"}
[2026-05-26 10:53:58.919 Z] [WARN] [cadence.virtuoso.ade.simulationMonitor] -     WARNING (CMI-2425): I19.I0.C1<0>_dummy: `Acde' = 2.393 is unusually large. {"history": "MonteCarlo.0", "point": 10, "testname": "TRAN_VDD_PULSE_MC", "cornername": "Nominal"}
[2026-05-26 10:53:58.919 Z] [WARN] [cadence.virtuoso.ade.simulationMonitor] -     WARNING (CMI-2425): I19.I0.C1<0>_dummy: `Noff' = 4.732 is unusually large. {"history": "MonteCarlo.0", "point": 10, "testname": "TRAN_VDD_PULSE_MC", "cornername": "Nominal"}
[2026-05-26 10:53:58.919 Z] [WARN] [cadence.virtuoso.ade.simulationMonitor] -     WARNING (CMI-2424): I19.I0.C1<0>_dummy: `Voffcv' = -867.4e-03 is unusually small. {"history": "MonteCarlo.0", "point": 10, "testname": "TRAN_VDD_PULSE_MC", "cornername": "Nominal"}
[2026-05-26 10:53:58.919 Z] [INFO] [cadence.virtuoso.ade.simulationMonitor] - Notice from spectre during IC analysis, during transient analysis `tran', during Monte Carlo analysis `mc1'.
    GminDC = 1 pS is large enough to noticeably affect the DC solution.
        dV(I19.I2.C1.d1) = 1.22405 mV
        Use the `gmin_check' option to eliminate or expand this report.
    Bad pivoting is found during DC analysis. Option dc_pivot_check=yes is recommended for possible improvement of convergence. {"history": "MonteCarlo.0", "point": 10, "testname": "TRAN_VDD_PULSE_MC", "cornername": "Nominal"}
[2026-05-26 10:53:58.919 Z] [WARN] [cadence.virtuoso.ade.simulationMonitor] -     WARNING (CMI-2139): I19.I2.I8.MP5: The bulk-drain junction current exceeds `imelt'.  The results computed by Spectre may be inaccurate because the junction current model has been linearized. {"history": "MonteCarlo.0", "point": 10, "testname": "TRAN_VDD_PULSE_MC", "cornername": "Nominal"}
[2026-05-26 10:53:58.919 Z] [WARN] [cadence.virtuoso.ade.simulationMonitor] -     WARNING (CMI-2144): I19.I2.I8.MP5: The bulk-drain junction current exceeds `imax'. {"history": "MonteCarlo.0", "point": 10, "testname": "TRAN_VDD_PULSE_MC", "cornername": "Nominal"}
[2026-05-26 10:53:58.919 Z] [WARN] [cadence.virtuoso.ade.simulationMonitor] -     WARNING (CMI-2139): I19.I2.I8.MP6: The bulk-drain junction current exceeds `imelt'.  The results computed by Spectre may be inaccurate because the junction current model has been linearized. {"history": "MonteCarlo.0", "point": 10, "testname": "TRAN_VDD_PULSE_MC", "cornername": "Nominal"}
[2026-05-26 10:53:58.919 Z] [WARN] [cadence.virtuoso.ade.simulationMonitor] -     WARNING (CMI-2144): I19.I2.I8.MP6: The bulk-drain junction current exceeds `imax'. {"history": "MonteCarlo.0", "point": 10, "testname": "TRAN_VDD_PULSE_MC", "cornername": "Nominal"}
[2026-05-26 10:53:58.919 Z] [WARN] [cadence.virtuoso.ade.simulationMonitor] -     WARNING (CMI-2139): I19.I2.I8.MP7: The bulk-drain junction current exceeds `imelt'.  The results computed by Spectre may be inaccurate because the junction current model has been linearized. {"history": "MonteCarlo.0", "point": 10, "testname": "TRAN_VDD_PULSE_MC", "cornername": "Nominal"}
[2026-05-26 10:53:58.920 Z] [WARN] [cadence.virtuoso.ade.simulationMonitor] -     WARNING (CMI-2144): I19.I2.I8.MP7: The bulk-drain junction current exceeds `imax'. {"history": "MonteCarlo.0", "point": 10, "testname": "TRAN_VDD_PULSE_MC", "cornername": "Nominal"}
[2026-05-26 10:53:58.920 Z] [WARN] [cadence.virtuoso.ade.simulationMonitor] -     WARNING (CMI-2139): I19.I2.I8.MP8: The bulk-drain junction current exceeds `imelt'.  The results computed by Spectre may be inaccurate because the junction current model has been linearized. {"history": "MonteCarlo.0", "point": 10, "testname": "TRAN_VDD_PULSE_MC", "cornername": "Nominal"}
[2026-05-26 10:53:58.920 Z] [WARN] [cadence.virtuoso.ade.simulationMonitor] -     WARNING (CMI-2144): I19.I2.I8.MP8: The bulk-drain junction current exceeds `imax'. {"history": "MonteCarlo.0", "point": 10, "testname": "TRAN_VDD_PULSE_MC", "cornername": "Nominal"}
[2026-05-26 10:53:58.920 Z] [WARN] [cadence.virtuoso.ade.simulationMonitor] -     WARNING (CMI-2139): I19.I0.MP10: The bulk-drain junction current exceeds `imelt'.  The results computed by Spectre may be inaccurate because the junction current model has been linearized.
        Further occurrences of this warning will be suppressed. {"history": "MonteCarlo.0", "point": 10, "testname": "TRAN_VDD_PULSE_MC", "cornername": "Nominal"}
[2026-05-26 10:53:58.920 Z] [WARN] [cadence.virtuoso.ade.simulationMonitor] -     WARNING (CMI-2144): I19.I0.MP10: The bulk-drain junction current exceeds `imax'.
        Further occurrences of this warning will be suppressed. {"history": "MonteCarlo.0", "point": 10, "testname": "TRAN_VDD_PULSE_MC", "cornername": "Nominal"}
[2026-05-26 10:53:58.920 Z] [WARN] [cadence.virtuoso.ade.simulationMonitor] -     WARNING (CMI-2943): Parameter checks have been ignored because the valid value for parameter 'trise' could not be found in 'C0'. {"history": "MonteCarlo.0", "point": 10, "testname": "TRAN_VDD_PULSE_MC", "cornername": "Nominal"}
[2026-05-26 10:53:58.920 Z] [WARN] [cadence.virtuoso.ade.simulationMonitor] -     WARNING (CMI-2943): Parameter checks have been ignored because the valid value for parameter 'trise' could not be found in 'C3'. {"history": "MonteCarlo.0", "point": 10, "testname": "TRAN_VDD_PULSE_MC", "cornername": "Nominal"}
[2026-05-26 10:53:58.920 Z] [WARN] [cadence.virtuoso.ade.simulationMonitor] -     WARNING (CMI-2943): Parameter checks have been ignored because the valid value for parameter 'trise' could not be found in 'C4'. {"history": "MonteCarlo.0", "point": 10, "testname": "TRAN_VDD_PULSE_MC", "cornername": "Nominal"}
[2026-05-26 10:53:58.920 Z] [WARN] [cadence.virtuoso.ade.simulationMonitor] -     WARNING (CMI-2943): Parameter checks have been ignored because the valid value for parameter 'trise' could not be found in 'C5'. {"history": "MonteCarlo.0", "point": 10, "testname": "TRAN_VDD_PULSE_MC", "cornername": "Nominal"}
[2026-05-26 10:53:58.920 Z] [WARN] [cadence.virtuoso.ade.simulationMonitor] -     WARNING (CMI-2943): Parameter checks have been ignored because the valid value for parameter 'trise' could not be found in 'I19.I4.C9<0>_turbo_m6.C1'.
        Further occurrences of this warning will be suppressed. {"history": "MonteCarlo.0", "point": 10, "testname": "TRAN_VDD_PULSE_MC", "cornername": "Nominal"}
[2026-05-26 10:53:58.920 Z] [INFO] [cadence.virtuoso.ade.simulationMonitor] - Notice from spectre during transient analysis `tran', during Monte Carlo analysis `mc1'.
    Multithreading is disabled due to the size of the design being too small. {"history": "MonteCarlo.0", "point": 10, "testname": "TRAN_VDD_PULSE_MC", "cornername": "Nominal"}
[2026-05-26 10:53:58.920 Z] [INFO] [cadence.virtuoso.ade.simulationMonitor] - Notice from spectre at time = 206.156 us during transient analysis `tran', during Monte Carlo analysis `mc1'.
    I19.I2.I8.MP5: The bulk-drain junction leaves the linearized region.
    I19.I2.I8.MP5: The bulk-drain junction current no longer exceeds `imax'.
    I19.I2.I8.MP6: The bulk-drain junction leaves the linearized region.
    I19.I2.I8.MP6: The bulk-drain junction current no longer exceeds `imax'.
    I19.I2.I8.MP7: The bulk-drain junction leaves the linearized region.
    I19.I2.I8.MP7: The bulk-... {"history": "MonteCarlo.0", "point": 10, "testname": "TRAN_VDD_PULSE_MC", "cornername": "Nominal"}
[2026-05-26 10:55:55.968 Z] [INFO] [cadence.virtuoso.ade.simulationMonitor] - Total time required for tran analysis `tran': CPU = 116.979 s (1m  57.0s), elapsed = 117.015 s (1m  57.0s), util. = 100%. {"history": "MonteCarlo.0", "point": 10, "testname": "TRAN_VDD_PULSE_MC", "cornername": "Nominal"}
[2026-05-26 10:55:55.968 Z] [INFO] [cadence.virtuoso.ade.simulationMonitor] - Peak resident memory used = 231 Mbytes. {"history": "MonteCarlo.0", "point": 10, "testname": "TRAN_VDD_PULSE_MC", "cornername": "Nominal"}
[2026-05-26 10:55:55.968 Z] [INFO] [cadence.virtuoso.ade.simulationMonitor] - Notice from spectre during transient analysis `tran', during Monte Carlo analysis `mc1'.
    2 notices suppressed.
    260 warnings suppressed. {"history": "MonteCarlo.0", "point": 10, "testname": "TRAN_VDD_PULSE_MC", "cornername": "Nominal"}
[2026-05-26 10:55:55.968 Z] [WARN] [cadence.virtuoso.ade.simulationMonitor] -     WARNING (CMI-2425): I19.I0.C1<0>_dummy: `Acde' = 2.393 is unusually large. {"history": "MonteCarlo.0", "point": 10, "testname": "TRAN_VDD_PULSE_MC", "cornername": "Nominal"}
[2026-05-26 10:55:55.968 Z] [WARN] [cadence.virtuoso.ade.simulationMonitor] -     WARNING (CMI-2425): I19.I0.C1<0>_dummy: `Noff' = 4.732 is unusually large. {"history": "MonteCarlo.0", "point": 10, "testname": "TRAN_VDD_PULSE_MC", "cornername": "Nominal"}
[2026-05-26 10:55:55.968 Z] [WARN] [cadence.virtuoso.ade.simulationMonitor] -     WARNING (CMI-2424): I19.I0.C1<0>_dummy: `Voffcv' = -867.4e-03 is unusually small. {"history": "MonteCarlo.0", "point": 10, "testname": "TRAN_VDD_PULSE_MC", "cornername": "Nominal"}
[2026-05-26 10:55:55.968 Z] [WARN] [cadence.virtuoso.ade.simulationMonitor] -     WARNING (CMI-2425): I19.I0.C1<0>_dummy: `Acde' = 2.393 is unusually large. {"history": "MonteCarlo.0", "point": 10, "testname": "TRAN_VDD_PULSE_MC", "cornername": "Nominal"}
[2026-05-26 10:55:55.969 Z] [WARN] [cadence.virtuoso.ade.simulationMonitor] -     WARNING (CMI-2425): I19.I0.C1<0>_dummy: `Noff' = 4.732 is unusually large. {"history": "MonteCarlo.0", "point": 10, "testname": "TRAN_VDD_PULSE_MC", "cornername": "Nominal"}
[2026-05-26 10:55:55.969 Z] [WARN] [cadence.virtuoso.ade.simulationMonitor] -     WARNING (CMI-2424): I19.I0.C1<0>_dummy: `Voffcv' = -867.4e-03 is unusually small. {"history": "MonteCarlo.0", "point": 10, "testname": "TRAN_VDD_PULSE_MC", "cornername": "Nominal"}
[2026-05-26 10:55:55.969 Z] [INFO] [cadence.virtuoso.ade.simulationMonitor] - Notice from spectre during Monte Carlo analysis `mc1'.
    V17: `period' has the unusually large value of 20 s.
    V17: `width' has the unusually large value of 19 s.
    V16: `period' has the unusually large value of 10 s.
    V16: `width' has the unusually large value of 9 s.
    V9: `period' has the unusually large value of 10 s.
        Further occurrences of this notice will be suppressed. {"history": "MonteCarlo.0", "point": 10, "testname": "TRAN_VDD_PULSE_MC", "cornername": "Nominal"}
[2026-05-26 10:55:55.969 Z] [INFO] [cadence.virtuoso.ade.simulationMonitor] - Notice from spectre in `rpolyhc':`I19.I0.R10', in `fecg_cmfb2_f':`I19.I0', in `fecg_front_end_f_3':`I19', during Monte Carlo analysis `mc1'.
    I19.I0.R10.CS0 of rpolyhc: `c' has the unusually small value of 0 F.
    I19.I0.R10.CS1 of rpolyhc: `c' has the unusually small value of 0 F. {"history": "MonteCarlo.0", "point": 10, "testname": "TRAN_VDD_PULSE_MC", "cornername": "Nominal"}
[2026-05-26 10:55:55.969 Z] [INFO] [cadence.virtuoso.ade.simulationMonitor] - Notice from spectre in `rpolyhc':`I19.I0.R9', in `fecg_cmfb2_f':`I19.I0', in `fecg_front_end_f_3':`I19', during Monte Carlo analysis `mc1'.
    I19.I0.R9.CS0 of rpolyhc: `c' has the unusually small value of 0 F.
    I19.I0.R9.CS1 of rpolyhc: `c' has the unusually small value of 0 F. {"history": "MonteCarlo.0", "point": 10, "testname": "TRAN_VDD_PULSE_MC", "cornername": "Nominal"}
[2026-05-26 10:55:55.969 Z] [INFO] [cadence.virtuoso.ade.simulationMonitor] - Notice from spectre in `rpolyhc':`I19.I0.R7', in `fecg_cmfb2_f':`I19.I0', in `fecg_front_end_f_3':`I19', during Monte Carlo analysis `mc1'.
    I19.I0.R7.CS0 of rpolyhc: `c' has the unusually small value of 0 F.
        Further occurrences of this notice will be suppressed. {"history": "MonteCarlo.0", "point": 10, "testname": "TRAN_VDD_PULSE_MC", "cornername": "Nominal"}
[2026-05-26 10:55:55.969 Z] [WARN] [cadence.virtuoso.ade.simulationMonitor] -     WARNING (CMI-2425): I19.I2.C1: `Acde' = 2.393 is unusually large. {"history": "MonteCarlo.0", "point": 10, "testname": "TRAN_VDD_PULSE_MC", "cornername": "Nominal"}
[2026-05-26 10:55:55.969 Z] [WARN] [cadence.virtuoso.ade.simulationMonitor] -     WARNING (CMI-2425): I19.I2.C1: `Noff' = 4.732 is unusually large. {"history": "MonteCarlo.0", "point": 10, "testname": "TRAN_VDD_PULSE_MC", "cornername": "Nominal"}
[2026-05-26 10:55:55.969 Z] [WARN] [cadence.virtuoso.ade.simulationMonitor] -     WARNING (CMI-2424): I19.I2.C1: `Voffcv' = -867.4e-03 is unusually small. {"history": "MonteCarlo.0", "point": 10, "testname": "TRAN_VDD_PULSE_MC", "cornername": "Nominal"}
[2026-05-26 10:55:55.969 Z] [WARN] [cadence.virtuoso.ade.simulationMonitor] -     WARNING (CMI-2425): I19.I11.C0: `Acde' = 2.393 is unusually large. {"history": "MonteCarlo.0", "point": 10, "testname": "TRAN_VDD_PULSE_MC", "cornername": "Nominal"}
[2026-05-26 10:55:55.969 Z] [WARN] [cadence.virtuoso.ade.simulationMonitor] -     WARNING (CMI-2425): I19.I11.C0: `Noff' = 4.732 is unusually large. {"history": "MonteCarlo.0", "point": 10, "testname": "TRAN_VDD_PULSE_MC", "cornername": "Nominal"}
[2026-05-26 10:55:55.969 Z] [WARN] [cadence.virtuoso.ade.simulationMonitor] -     WARNING (CMI-2424): I19.I11.C0: `Voffcv' = -867.4e-03 is unusually small. {"history": "MonteCarlo.0", "point": 10, "testname": "TRAN_VDD_PULSE_MC", "cornername": "Nominal"}
[2026-05-26 10:55:55.969 Z] [WARN] [cadence.virtuoso.ade.simulationMonitor] -     WARNING (CMI-2425): I19.I11.C1: `Acde' = 2.393 is unusually large.
        Further occurrences of this warning will be suppressed. {"history": "MonteCarlo.0", "point": 10, "testname": "TRAN_VDD_PULSE_MC", "cornername": "Nominal"}
[2026-05-26 10:55:55.970 Z] [WARN] [cadence.virtuoso.ade.simulationMonitor] -     WARNING (CMI-2424): I19.I11.C1: `Voffcv' = -867.4e-03 is unusually small. {"history": "MonteCarlo.0", "point": 10, "testname": "TRAN_VDD_PULSE_MC", "cornername": "Nominal"}
[2026-05-26 10:55:55.970 Z] [WARN] [cadence.virtuoso.ade.simulationMonitor] -     WARNING (CMI-2424): I19.I12.C0: `Voffcv' = -867.4e-03 is unusually small. {"history": "MonteCarlo.0", "point": 10, "testname": "TRAN_VDD_PULSE_MC", "cornername": "Nominal"}
[2026-05-26 10:55:55.970 Z] [WARN] [cadence.virtuoso.ade.simulationMonitor] -     WARNING (CMI-2424): I19.I12.C1: `Voffcv' = -867.4e-03 is unusually small.
        Further occurrences of this warning will be suppressed. {"history": "MonteCarlo.0", "point": 10, "testname": "TRAN_VDD_PULSE_MC", "cornername": "Nominal"}
[2026-05-26 10:55:55.970 Z] [INFO] [cadence.virtuoso.ade.simulationMonitor] - Notice from spectre during DC analysis `dcOp', during Monte Carlo analysis `mc1'.
    GminDC = 1 pS is large enough to noticeably affect the DC solution.
        dV(I19.I2.C1.d1) = 1.45874 mV
        Use the `gmin_check' option to eliminate or expand this report.
    Bad pivoting is found during DC analysis. Option dc_pivot_check=yes is recommended for possible improvement of convergence. {"history": "MonteCarlo.0", "point": 10, "testname": "TRAN_VDD_PULSE_MC", "cornername": "Nominal"}
[2026-05-26 10:55:55.970 Z] [WARN] [cadence.virtuoso.ade.simulationMonitor] -     WARNING (CMI-2139): I19.I2.I8.MP5: The bulk-drain junction current exceeds `imelt'.  The results computed by Spectre may be inaccurate because the junction current model has been linearized. {"history": "MonteCarlo.0", "point": 10, "testname": "TRAN_VDD_PULSE_MC", "cornername": "Nominal"}
[2026-05-26 10:55:55.970 Z] [WARN] [cadence.virtuoso.ade.simulationMonitor] -     WARNING (CMI-2144): I19.I2.I8.MP5: The bulk-drain junction current exceeds `imax'. {"history": "MonteCarlo.0", "point": 10, "testname": "TRAN_VDD_PULSE_MC", "cornername": "Nominal"}
[2026-05-26 10:55:55.970 Z] [WARN] [cadence.virtuoso.ade.simulationMonitor] -     WARNING (CMI-2139): I19.I2.I8.MP6: The bulk-drain junction current exceeds `imelt'.  The results computed by Spectre may be inaccurate because the junction current model has been linearized. {"history": "MonteCarlo.0", "point": 10, "testname": "TRAN_VDD_PULSE_MC", "cornername": "Nominal"}
[2026-05-26 10:55:55.970 Z] [WARN] [cadence.virtuoso.ade.simulationMonitor] -     WARNING (CMI-2144): I19.I2.I8.MP6: The bulk-drain junction current exceeds `imax'. {"history": "MonteCarlo.0", "point": 10, "testname": "TRAN_VDD_PULSE_MC", "cornername": "Nominal"}
[2026-05-26 10:55:55.970 Z] [WARN] [cadence.virtuoso.ade.simulationMonitor] -     WARNING (CMI-2139): I19.I2.I8.MP7: The bulk-drain junction current exceeds `imelt'.  The results computed by Spectre may be inaccurate because the junction current model has been linearized. {"history": "MonteCarlo.0", "point": 10, "testname": "TRAN_VDD_PULSE_MC", "cornername": "Nominal"}
[2026-05-26 10:55:55.970 Z] [WARN] [cadence.virtuoso.ade.simulationMonitor] -     WARNING (CMI-2144): I19.I2.I8.MP7: The bulk-drain junction current exceeds `imax'. {"history": "MonteCarlo.0", "point": 10, "testname": "TRAN_VDD_PULSE_MC", "cornername": "Nominal"}
[2026-05-26 10:55:55.970 Z] [WARN] [cadence.virtuoso.ade.simulationMonitor] -     WARNING (CMI-2139): I19.I2.I8.MP8: The bulk-drain junction current exceeds `imelt'.  The results computed by Spectre may be inaccurate because the junction current model has been linearized. {"history": "MonteCarlo.0", "point": 10, "testname": "TRAN_VDD_PULSE_MC", "cornername": "Nominal"}
[2026-05-26 10:55:55.970 Z] [WARN] [cadence.virtuoso.ade.simulationMonitor] -     WARNING (CMI-2144): I19.I2.I8.MP8: The bulk-drain junction current exceeds `imax'. {"history": "MonteCarlo.0", "point": 10, "testname": "TRAN_VDD_PULSE_MC", "cornername": "Nominal"}
[2026-05-26 10:55:55.970 Z] [WARN] [cadence.virtuoso.ade.simulationMonitor] -     WARNING (CMI-2139): I19.I0.MP10: The bulk-drain junction current exceeds `imelt'.  The results computed by Spectre may be inaccurate because the junction current model has been linearized.
        Further occurrences of this warning will be suppressed. {"history": "MonteCarlo.0", "point": 10, "testname": "TRAN_VDD_PULSE_MC", "cornername": "Nominal"}
[2026-05-26 10:55:55.971 Z] [WARN] [cadence.virtuoso.ade.simulationMonitor] -     WARNING (CMI-2144): I19.I0.MP10: The bulk-drain junction current exceeds `imax'.
        Further occurrences of this warning will be suppressed. {"history": "MonteCarlo.0", "point": 10, "testname": "TRAN_VDD_PULSE_MC", "cornername": "Nominal"}
[2026-05-26 10:55:55.971 Z] [WARN] [cadence.virtuoso.ade.simulationMonitor] -     WARNING (CMI-2943): Parameter checks have been ignored because the valid value for parameter 'trise' could not be found in 'C0'. {"history": "MonteCarlo.0", "point": 10, "testname": "TRAN_VDD_PULSE_MC", "cornername": "Nominal"}
[2026-05-26 10:55:55.971 Z] [WARN] [cadence.virtuoso.ade.simulationMonitor] -     WARNING (CMI-2943): Parameter checks have been ignored because the valid value for parameter 'trise' could not be found in 'C3'. {"history": "MonteCarlo.0", "point": 10, "testname": "TRAN_VDD_PULSE_MC", "cornername": "Nominal"}
[2026-05-26 10:55:55.971 Z] [WARN] [cadence.virtuoso.ade.simulationMonitor] -     WARNING (CMI-2943): Parameter checks have been ignored because the valid value for parameter 'trise' could not be found in 'C4'. {"history": "MonteCarlo.0", "point": 10, "testname": "TRAN_VDD_PULSE_MC", "cornername": "Nominal"}
[2026-05-26 10:55:55.971 Z] [WARN] [cadence.virtuoso.ade.simulationMonitor] -     WARNING (CMI-2943): Parameter checks have been ignored because the valid value for parameter 'trise' could not be found in 'C5'. {"history": "MonteCarlo.0", "point": 10, "testname": "TRAN_VDD_PULSE_MC", "cornername": "Nominal"}
[2026-05-26 10:55:55.971 Z] [WARN] [cadence.virtuoso.ade.simulationMonitor] -     WARNING (CMI-2943): Parameter checks have been ignored because the valid value for parameter 'trise' could not be found in 'I19.I4.C9<0>_turbo_m6.C1'.
        Further occurrences of this warning will be suppressed. {"history": "MonteCarlo.0", "point": 10, "testname": "TRAN_VDD_PULSE_MC", "cornername": "Nominal"}
[2026-05-26 10:55:55.971 Z] [INFO] [cadence.virtuoso.ade.simulationMonitor] - Total time required for dc analysis `dcOp': CPU = 14.071 ms, elapsed = 45.5561 ms, util. = 30.9%. {"history": "MonteCarlo.0", "point": 10, "testname": "TRAN_VDD_PULSE_MC", "cornername": "Nominal"}
[2026-05-26 10:55:55.971 Z] [INFO] [cadence.virtuoso.ade.simulationMonitor] - Peak resident memory used = 231 Mbytes. {"history": "MonteCarlo.0", "point": 10, "testname": "TRAN_VDD_PULSE_MC", "cornername": "Nominal"}
[2026-05-26 10:55:55.971 Z] [INFO] [cadence.virtuoso.ade.simulationMonitor] - Notice from spectre during Monte Carlo analysis `mc1'.
    8 notices suppressed.
    286 warnings suppressed. {"history": "MonteCarlo.0", "point": 10, "testname": "TRAN_VDD_PULSE_MC", "cornername": "Nominal"}
[2026-05-26 10:55:55.971 Z] [WARN] [cadence.virtuoso.ade.simulationMonitor] -     WARNING (CMI-2425): I19.I0.C1<0>_dummy: `Acde' = 2.393 is unusually large. {"history": "MonteCarlo.0", "point": 10, "testname": "TRAN_VDD_PULSE_MC", "cornername": "Nominal"}
[2026-05-26 10:55:55.971 Z] [WARN] [cadence.virtuoso.ade.simulationMonitor] -     WARNING (CMI-2425): I19.I0.C1<0>_dummy: `Noff' = 4.732 is unusually large. {"history": "MonteCarlo.0", "point": 10, "testname": "TRAN_VDD_PULSE_MC", "cornername": "Nominal"}
[2026-05-26 10:55:55.971 Z] [WARN] [cadence.virtuoso.ade.simulationMonitor] -     WARNING (CMI-2424): I19.I0.C1<0>_dummy: `Voffcv' = -867.4e-03 is unusually small. {"history": "MonteCarlo.0", "point": 10, "testname": "TRAN_VDD_PULSE_MC", "cornername": "Nominal"}
[2026-05-26 10:55:55.971 Z] [INFO] [cadence.virtuoso.ade.simulationMonitor] - Notice from spectre during IC analysis, during transient analysis `tran', during Monte Carlo analysis `mc1'.
    GminDC = 1 pS is large enough to noticeably affect the DC solution.
        dV(I19.I2.C1.d1) = 1.45874 mV
        Use the `gmin_check' option to eliminate or expand this report.
    Bad pivoting is found during DC analysis. Option dc_pivot_check=yes is recommended for possible improvement of convergence. {"history": "MonteCarlo.0", "point": 10, "testname": "TRAN_VDD_PULSE_MC", "cornername": "Nominal"}
[2026-05-26 10:55:55.971 Z] [WARN] [cadence.virtuoso.ade.simulationMonitor] -     WARNING (CMI-2139): I19.I2.I8.MP5: The bulk-drain junction current exceeds `imelt'.  The results computed by Spectre may be inaccurate because the junction current model has been linearized. {"history": "MonteCarlo.0", "point": 10, "testname": "TRAN_VDD_PULSE_MC", "cornername": "Nominal"}
[2026-05-26 10:55:55.972 Z] [WARN] [cadence.virtuoso.ade.simulationMonitor] -     WARNING (CMI-2144): I19.I2.I8.MP5: The bulk-drain junction current exceeds `imax'. {"history": "MonteCarlo.0", "point": 10, "testname": "TRAN_VDD_PULSE_MC", "cornername": "Nominal"}
[2026-05-26 10:55:55.972 Z] [WARN] [cadence.virtuoso.ade.simulationMonitor] -     WARNING (CMI-2139): I19.I2.I8.MP6: The bulk-drain junction current exceeds `imelt'.  The results computed by Spectre may be inaccurate because the junction current model has been linearized. {"history": "MonteCarlo.0", "point": 10, "testname": "TRAN_VDD_PULSE_MC", "cornername": "Nominal"}
[2026-05-26 10:55:55.972 Z] [WARN] [cadence.virtuoso.ade.simulationMonitor] -     WARNING (CMI-2144): I19.I2.I8.MP6: The bulk-drain junction current exceeds `imax'. {"history": "MonteCarlo.0", "point": 10, "testname": "TRAN_VDD_PULSE_MC", "cornername": "Nominal"}
[2026-05-26 10:55:55.972 Z] [WARN] [cadence.virtuoso.ade.simulationMonitor] -     WARNING (CMI-2139): I19.I2.I8.MP7: The bulk-drain junction current exceeds `imelt'.  The results computed by Spectre may be inaccurate because the junction current model has been linearized. {"history": "MonteCarlo.0", "point": 10, "testname": "TRAN_VDD_PULSE_MC", "cornername": "Nominal"}
[2026-05-26 10:55:55.972 Z] [WARN] [cadence.virtuoso.ade.simulationMonitor] -     WARNING (CMI-2144): I19.I2.I8.MP7: The bulk-drain junction current exceeds `imax'. {"history": "MonteCarlo.0", "point": 10, "testname": "TRAN_VDD_PULSE_MC", "cornername": "Nominal"}
[2026-05-26 10:55:55.972 Z] [WARN] [cadence.virtuoso.ade.simulationMonitor] -     WARNING (CMI-2139): I19.I2.I8.MP8: The bulk-drain junction current exceeds `imelt'.  The results computed by Spectre may be inaccurate because the junction current model has been linearized. {"history": "MonteCarlo.0", "point": 10, "testname": "TRAN_VDD_PULSE_MC", "cornername": "Nominal"}
[2026-05-26 10:55:55.972 Z] [WARN] [cadence.virtuoso.ade.simulationMonitor] -     WARNING (CMI-2144): I19.I2.I8.MP8: The bulk-drain junction current exceeds `imax'. {"history": "MonteCarlo.0", "point": 10, "testname": "TRAN_VDD_PULSE_MC", "cornername": "Nominal"}
[2026-05-26 10:55:55.972 Z] [WARN] [cadence.virtuoso.ade.simulationMonitor] -     WARNING (CMI-2139): I19.I0.MP10: The bulk-drain junction current exceeds `imelt'.  The results computed by Spectre may be inaccurate because the junction current model has been linearized.
        Further occurrences of this warning will be suppressed. {"history": "MonteCarlo.0", "point": 10, "testname": "TRAN_VDD_PULSE_MC", "cornername": "Nominal"}
[2026-05-26 10:55:55.972 Z] [WARN] [cadence.virtuoso.ade.simulationMonitor] -     WARNING (CMI-2144): I19.I0.MP10: The bulk-drain junction current exceeds `imax'.
        Further occurrences of this warning will be suppressed. {"history": "MonteCarlo.0", "point": 10, "testname": "TRAN_VDD_PULSE_MC", "cornername": "Nominal"}
[2026-05-26 10:55:55.972 Z] [WARN] [cadence.virtuoso.ade.simulationMonitor] -     WARNING (CMI-2943): Parameter checks have been ignored because the valid value for parameter 'trise' could not be found in 'C0'. {"history": "MonteCarlo.0", "point": 10, "testname": "TRAN_VDD_PULSE_MC", "cornername": "Nominal"}
[2026-05-26 10:55:55.972 Z] [WARN] [cadence.virtuoso.ade.simulationMonitor] -     WARNING (CMI-2943): Parameter checks have been ignored because the valid value for parameter 'trise' could not be found in 'C3'. {"history": "MonteCarlo.0", "point": 10, "testname": "TRAN_VDD_PULSE_MC", "cornername": "Nominal"}
[2026-05-26 10:55:55.972 Z] [WARN] [cadence.virtuoso.ade.simulationMonitor] -     WARNING (CMI-2943): Parameter checks have been ignored because the valid value for parameter 'trise' could not be found in 'C4'. {"history": "MonteCarlo.0", "point": 10, "testname": "TRAN_VDD_PULSE_MC", "cornername": "Nominal"}
[2026-05-26 10:55:55.972 Z] [WARN] [cadence.virtuoso.ade.simulationMonitor] -     WARNING (CMI-2943): Parameter checks have been ignored because the valid value for parameter 'trise' could not be found in 'C5'. {"history": "MonteCarlo.0", "point": 10, "testname": "TRAN_VDD_PULSE_MC", "cornername": "Nominal"}
[2026-05-26 10:55:55.972 Z] [WARN] [cadence.virtuoso.ade.simulationMonitor] -     WARNING (CMI-2943): Parameter checks have been ignored because the valid value for parameter 'trise' could not be found in 'I19.I4.C9<0>_turbo_m6.C1'.
        Further occurrences of this warning will be suppressed. {"history": "MonteCarlo.0", "point": 10, "testname": "TRAN_VDD_PULSE_MC", "cornername": "Nominal"}
[2026-05-26 10:55:55.973 Z] [INFO] [cadence.virtuoso.ade.simulationMonitor] - Notice from spectre during transient analysis `tran', during Monte Carlo analysis `mc1'.
    Multithreading is disabled due to the size of the design being too small. {"history": "MonteCarlo.0", "point": 10, "testname": "TRAN_VDD_PULSE_MC", "cornername": "Nominal"}
[2026-05-26 10:55:55.973 Z] [INFO] [cadence.virtuoso.ade.simulationMonitor] - Notice from spectre at time = 205.481 us during transient analysis `tran', during Monte Carlo analysis `mc1'.
    I19.I2.I8.MP5: The bulk-drain junction leaves the linearized region.
    I19.I2.I8.MP5: The bulk-drain junction current no longer exceeds `imax'.
    I19.I2.I8.MP6: The bulk-drain junction leaves the linearized region.
    I19.I2.I8.MP6: The bulk-drain junction current no longer exceeds `imax'.
    I19.I2.I8.MP7: The bulk-drain junction leaves the linearized region.
    I19.I2.I8.MP7: The bulk-... {"history": "MonteCarlo.0", "point": 10, "testname": "TRAN_VDD_PULSE_MC", "cornername": "Nominal"}
[2026-05-26 10:55:55.973 Z] [PROCESS] [cadence.virtuoso.ade.simulationMonitor] - Finished simulating for one iteration {"hostname": "edatools", "processid": 259513, "history": "MonteCarlo.0", "testname": "TRAN_VDD_PULSE_MC", "cornername": "Nominal", "point": 10, "logfile": "/home/saul/projects/IL2244_VT26_SAUL/logs_saul/logs0/Job53.log", "simid": "7"}
[2026-05-26 10:55:55.973 Z] [PROCESS] [cadence.virtuoso.ade.simulationMonitor] - Started Simulation {"hostname": "edatools", "processid": 259513, "history": "MonteCarlo.0", "testname": "TRAN_VDD_PULSE_MC", "cornername": "Nominal", "point": 11, "logfile": "/home/saul/projects/IL2244_VT26_SAUL/logs_saul/logs0/Job53.log", "event": "started", "task": "simulation"}
[2026-05-26 10:57:43.018 Z] [INFO] [cadence.virtuoso.ade.simulationMonitor] - Total time required for tran analysis `tran': CPU = 107.021 s (1m  47.0s), elapsed = 107.052 s (1m  47.1s), util. = 100%. {"history": "MonteCarlo.0", "point": 11, "testname": "TRAN_VDD_PULSE_MC", "cornername": "Nominal"}
[2026-05-26 10:57:43.018 Z] [INFO] [cadence.virtuoso.ade.simulationMonitor] - Peak resident memory used = 231 Mbytes. {"history": "MonteCarlo.0", "point": 11, "testname": "TRAN_VDD_PULSE_MC", "cornername": "Nominal"}
[2026-05-26 10:57:43.018 Z] [INFO] [cadence.virtuoso.ade.simulationMonitor] - Notice from spectre during transient analysis `tran', during Monte Carlo analysis `mc1'.
    2 notices suppressed.
    260 warnings suppressed. {"history": "MonteCarlo.0", "point": 11, "testname": "TRAN_VDD_PULSE_MC", "cornername": "Nominal"}
[2026-05-26 10:57:43.018 Z] [WARN] [cadence.virtuoso.ade.simulationMonitor] -     WARNING (CMI-2425): I19.I0.C1<0>_dummy: `Acde' = 2.393 is unusually large. {"history": "MonteCarlo.0", "point": 11, "testname": "TRAN_VDD_PULSE_MC", "cornername": "Nominal"}
[2026-05-26 10:57:43.018 Z] [WARN] [cadence.virtuoso.ade.simulationMonitor] -     WARNING (CMI-2425): I19.I0.C1<0>_dummy: `Noff' = 4.732 is unusually large. {"history": "MonteCarlo.0", "point": 11, "testname": "TRAN_VDD_PULSE_MC", "cornername": "Nominal"}
[2026-05-26 10:57:43.018 Z] [WARN] [cadence.virtuoso.ade.simulationMonitor] -     WARNING (CMI-2424): I19.I0.C1<0>_dummy: `Voffcv' = -867.4e-03 is unusually small. {"history": "MonteCarlo.0", "point": 11, "testname": "TRAN_VDD_PULSE_MC", "cornername": "Nominal"}
[2026-05-26 10:57:43.018 Z] [WARN] [cadence.virtuoso.ade.simulationMonitor] -     WARNING (CMI-2425): I19.I0.C1<0>_dummy: `Acde' = 2.393 is unusually large. {"history": "MonteCarlo.0", "point": 11, "testname": "TRAN_VDD_PULSE_MC", "cornername": "Nominal"}
[2026-05-26 10:57:43.019 Z] [WARN] [cadence.virtuoso.ade.simulationMonitor] -     WARNING (CMI-2425): I19.I0.C1<0>_dummy: `Noff' = 4.732 is unusually large. {"history": "MonteCarlo.0", "point": 11, "testname": "TRAN_VDD_PULSE_MC", "cornername": "Nominal"}
[2026-05-26 10:57:43.019 Z] [WARN] [cadence.virtuoso.ade.simulationMonitor] -     WARNING (CMI-2424): I19.I0.C1<0>_dummy: `Voffcv' = -867.4e-03 is unusually small. {"history": "MonteCarlo.0", "point": 11, "testname": "TRAN_VDD_PULSE_MC", "cornername": "Nominal"}
[2026-05-26 10:57:43.019 Z] [INFO] [cadence.virtuoso.ade.simulationMonitor] - Notice from spectre during Monte Carlo analysis `mc1'.
    V17: `period' has the unusually large value of 20 s.
    V17: `width' has the unusually large value of 19 s.
    V16: `period' has the unusually large value of 10 s.
    V16: `width' has the unusually large value of 9 s.
    V9: `period' has the unusually large value of 10 s.
        Further occurrences of this notice will be suppressed. {"history": "MonteCarlo.0", "point": 11, "testname": "TRAN_VDD_PULSE_MC", "cornername": "Nominal"}
[2026-05-26 10:57:43.019 Z] [INFO] [cadence.virtuoso.ade.simulationMonitor] - Notice from spectre in `rpolyhc':`I19.I0.R10', in `fecg_cmfb2_f':`I19.I0', in `fecg_front_end_f_3':`I19', during Monte Carlo analysis `mc1'.
    I19.I0.R10.CS0 of rpolyhc: `c' has the unusually small value of 0 F.
    I19.I0.R10.CS1 of rpolyhc: `c' has the unusually small value of 0 F. {"history": "MonteCarlo.0", "point": 11, "testname": "TRAN_VDD_PULSE_MC", "cornername": "Nominal"}
[2026-05-26 10:57:43.019 Z] [INFO] [cadence.virtuoso.ade.simulationMonitor] - Notice from spectre in `rpolyhc':`I19.I0.R9', in `fecg_cmfb2_f':`I19.I0', in `fecg_front_end_f_3':`I19', during Monte Carlo analysis `mc1'.
    I19.I0.R9.CS0 of rpolyhc: `c' has the unusually small value of 0 F.
    I19.I0.R9.CS1 of rpolyhc: `c' has the unusually small value of 0 F. {"history": "MonteCarlo.0", "point": 11, "testname": "TRAN_VDD_PULSE_MC", "cornername": "Nominal"}
[2026-05-26 10:57:43.019 Z] [INFO] [cadence.virtuoso.ade.simulationMonitor] - Notice from spectre in `rpolyhc':`I19.I0.R7', in `fecg_cmfb2_f':`I19.I0', in `fecg_front_end_f_3':`I19', during Monte Carlo analysis `mc1'.
    I19.I0.R7.CS0 of rpolyhc: `c' has the unusually small value of 0 F.
        Further occurrences of this notice will be suppressed. {"history": "MonteCarlo.0", "point": 11, "testname": "TRAN_VDD_PULSE_MC", "cornername": "Nominal"}
[2026-05-26 10:57:43.019 Z] [PROCESS] [cadence.virtuoso.ade.simulationMonitor] - Finished simulating for one iteration {"hostname": "edatools", "processid": 259513, "history": "MonteCarlo.0", "testname": "TRAN_VDD_PULSE_MC", "cornername": "Nominal", "point": 11, "logfile": "/home/saul/projects/IL2244_VT26_SAUL/logs_saul/logs0/Job53.log", "simid": "7"}
[2026-05-26 10:57:43.019 Z] [PROCESS] [cadence.virtuoso.ade.simulationMonitor] - Started Simulation {"hostname": "edatools", "processid": 259513, "history": "MonteCarlo.0", "testname": "TRAN_VDD_PULSE_MC", "cornername": "Nominal", "point": 12, "logfile": "/home/saul/projects/IL2244_VT26_SAUL/logs_saul/logs0/Job53.log", "event": "started", "task": "simulation"}
[2026-05-26 10:57:43.519 Z] [WARN] [cadence.virtuoso.ade.simulationMonitor] -     WARNING (CMI-2425): I19.I2.C1: `Acde' = 2.393 is unusually large. {"history": "MonteCarlo.0", "point": 12, "testname": "TRAN_VDD_PULSE_MC", "cornername": "Nominal"}
[2026-05-26 10:57:43.519 Z] [WARN] [cadence.virtuoso.ade.simulationMonitor] -     WARNING (CMI-2425): I19.I2.C1: `Noff' = 4.732 is unusually large. {"history": "MonteCarlo.0", "point": 12, "testname": "TRAN_VDD_PULSE_MC", "cornername": "Nominal"}
[2026-05-26 10:57:43.520 Z] [WARN] [cadence.virtuoso.ade.simulationMonitor] -     WARNING (CMI-2424): I19.I2.C1: `Voffcv' = -867.4e-03 is unusually small. {"history": "MonteCarlo.0", "point": 12, "testname": "TRAN_VDD_PULSE_MC", "cornername": "Nominal"}
[2026-05-26 10:57:43.520 Z] [WARN] [cadence.virtuoso.ade.simulationMonitor] -     WARNING (CMI-2425): I19.I11.C0: `Acde' = 2.393 is unusually large. {"history": "MonteCarlo.0", "point": 12, "testname": "TRAN_VDD_PULSE_MC", "cornername": "Nominal"}
[2026-05-26 10:57:43.520 Z] [WARN] [cadence.virtuoso.ade.simulationMonitor] -     WARNING (CMI-2425): I19.I11.C0: `Noff' = 4.732 is unusually large. {"history": "MonteCarlo.0", "point": 12, "testname": "TRAN_VDD_PULSE_MC", "cornername": "Nominal"}
[2026-05-26 10:57:43.520 Z] [WARN] [cadence.virtuoso.ade.simulationMonitor] -     WARNING (CMI-2424): I19.I11.C0: `Voffcv' = -867.4e-03 is unusually small. {"history": "MonteCarlo.0", "point": 12, "testname": "TRAN_VDD_PULSE_MC", "cornername": "Nominal"}
[2026-05-26 10:57:43.520 Z] [WARN] [cadence.virtuoso.ade.simulationMonitor] -     WARNING (CMI-2425): I19.I11.C1: `Acde' = 2.393 is unusually large.
        Further occurrences of this warning will be suppressed. {"history": "MonteCarlo.0", "point": 12, "testname": "TRAN_VDD_PULSE_MC", "cornername": "Nominal"}
[2026-05-26 10:57:43.520 Z] [WARN] [cadence.virtuoso.ade.simulationMonitor] -     WARNING (CMI-2424): I19.I11.C1: `Voffcv' = -867.4e-03 is unusually small. {"history": "MonteCarlo.0", "point": 12, "testname": "TRAN_VDD_PULSE_MC", "cornername": "Nominal"}
[2026-05-26 10:57:43.520 Z] [WARN] [cadence.virtuoso.ade.simulationMonitor] -     WARNING (CMI-2424): I19.I12.C0: `Voffcv' = -867.4e-03 is unusually small. {"history": "MonteCarlo.0", "point": 12, "testname": "TRAN_VDD_PULSE_MC", "cornername": "Nominal"}
[2026-05-26 10:57:43.520 Z] [WARN] [cadence.virtuoso.ade.simulationMonitor] -     WARNING (CMI-2424): I19.I12.C1: `Voffcv' = -867.4e-03 is unusually small.
        Further occurrences of this warning will be suppressed. {"history": "MonteCarlo.0", "point": 12, "testname": "TRAN_VDD_PULSE_MC", "cornername": "Nominal"}
[2026-05-26 10:57:43.520 Z] [INFO] [cadence.virtuoso.ade.simulationMonitor] - Notice from spectre during DC analysis `dcOp', during Monte Carlo analysis `mc1'.
    GminDC = 1 pS is large enough to noticeably affect the DC solution.
        dV(I19.I2.C1.d1) = 1.52524 mV
        Use the `gmin_check' option to eliminate or expand this report.
    Bad pivoting is found during DC analysis. Option dc_pivot_check=yes is recommended for possible improvement of convergence. {"history": "MonteCarlo.0", "point": 12, "testname": "TRAN_VDD_PULSE_MC", "cornername": "Nominal"}
[2026-05-26 10:57:43.520 Z] [WARN] [cadence.virtuoso.ade.simulationMonitor] -     WARNING (CMI-2139): I19.I2.I8.MP5: The bulk-drain junction current exceeds `imelt'.  The results computed by Spectre may be inaccurate because the junction current model has been linearized. {"history": "MonteCarlo.0", "point": 12, "testname": "TRAN_VDD_PULSE_MC", "cornername": "Nominal"}
[2026-05-26 10:57:43.520 Z] [WARN] [cadence.virtuoso.ade.simulationMonitor] -     WARNING (CMI-2144): I19.I2.I8.MP5: The bulk-drain junction current exceeds `imax'. {"history": "MonteCarlo.0", "point": 12, "testname": "TRAN_VDD_PULSE_MC", "cornername": "Nominal"}
[2026-05-26 10:57:43.520 Z] [WARN] [cadence.virtuoso.ade.simulationMonitor] -     WARNING (CMI-2139): I19.I2.I8.MP6: The bulk-drain junction current exceeds `imelt'.  The results computed by Spectre may be inaccurate because the junction current model has been linearized. {"history": "MonteCarlo.0", "point": 12, "testname": "TRAN_VDD_PULSE_MC", "cornername": "Nominal"}
[2026-05-26 10:57:43.520 Z] [WARN] [cadence.virtuoso.ade.simulationMonitor] -     WARNING (CMI-2144): I19.I2.I8.MP6: The bulk-drain junction current exceeds `imax'. {"history": "MonteCarlo.0", "point": 12, "testname": "TRAN_VDD_PULSE_MC", "cornername": "Nominal"}
[2026-05-26 10:57:43.520 Z] [WARN] [cadence.virtuoso.ade.simulationMonitor] -     WARNING (CMI-2139): I19.I2.I8.MP7: The bulk-drain junction current exceeds `imelt'.  The results computed by Spectre may be inaccurate because the junction current model has been linearized. {"history": "MonteCarlo.0", "point": 12, "testname": "TRAN_VDD_PULSE_MC", "cornername": "Nominal"}
[2026-05-26 10:57:43.520 Z] [WARN] [cadence.virtuoso.ade.simulationMonitor] -     WARNING (CMI-2144): I19.I2.I8.MP7: The bulk-drain junction current exceeds `imax'. {"history": "MonteCarlo.0", "point": 12, "testname": "TRAN_VDD_PULSE_MC", "cornername": "Nominal"}
[2026-05-26 10:57:43.520 Z] [WARN] [cadence.virtuoso.ade.simulationMonitor] -     WARNING (CMI-2139): I19.I2.I8.MP8: The bulk-drain junction current exceeds `imelt'.  The results computed by Spectre may be inaccurate because the junction current model has been linearized. {"history": "MonteCarlo.0", "point": 12, "testname": "TRAN_VDD_PULSE_MC", "cornername": "Nominal"}
[2026-05-26 10:57:43.520 Z] [WARN] [cadence.virtuoso.ade.simulationMonitor] -     WARNING (CMI-2144): I19.I2.I8.MP8: The bulk-drain junction current exceeds `imax'. {"history": "MonteCarlo.0", "point": 12, "testname": "TRAN_VDD_PULSE_MC", "cornername": "Nominal"}
[2026-05-26 10:57:43.521 Z] [WARN] [cadence.virtuoso.ade.simulationMonitor] -     WARNING (CMI-2139): I19.I0.MP10: The bulk-drain junction current exceeds `imelt'.  The results computed by Spectre may be inaccurate because the junction current model has been linearized.
        Further occurrences of this warning will be suppressed. {"history": "MonteCarlo.0", "point": 12, "testname": "TRAN_VDD_PULSE_MC", "cornername": "Nominal"}
[2026-05-26 10:57:43.521 Z] [WARN] [cadence.virtuoso.ade.simulationMonitor] -     WARNING (CMI-2144): I19.I0.MP10: The bulk-drain junction current exceeds `imax'.
        Further occurrences of this warning will be suppressed. {"history": "MonteCarlo.0", "point": 12, "testname": "TRAN_VDD_PULSE_MC", "cornername": "Nominal"}
[2026-05-26 10:57:43.521 Z] [WARN] [cadence.virtuoso.ade.simulationMonitor] -     WARNING (CMI-2943): Parameter checks have been ignored because the valid value for parameter 'trise' could not be found in 'C0'. {"history": "MonteCarlo.0", "point": 12, "testname": "TRAN_VDD_PULSE_MC", "cornername": "Nominal"}
[2026-05-26 10:57:43.521 Z] [WARN] [cadence.virtuoso.ade.simulationMonitor] -     WARNING (CMI-2943): Parameter checks have been ignored because the valid value for parameter 'trise' could not be found in 'C3'. {"history": "MonteCarlo.0", "point": 12, "testname": "TRAN_VDD_PULSE_MC", "cornername": "Nominal"}
[2026-05-26 10:57:43.521 Z] [WARN] [cadence.virtuoso.ade.simulationMonitor] -     WARNING (CMI-2943): Parameter checks have been ignored because the valid value for parameter 'trise' could not be found in 'C4'. {"history": "MonteCarlo.0", "point": 12, "testname": "TRAN_VDD_PULSE_MC", "cornername": "Nominal"}
[2026-05-26 10:57:43.521 Z] [WARN] [cadence.virtuoso.ade.simulationMonitor] -     WARNING (CMI-2943): Parameter checks have been ignored because the valid value for parameter 'trise' could not be found in 'C5'. {"history": "MonteCarlo.0", "point": 12, "testname": "TRAN_VDD_PULSE_MC", "cornername": "Nominal"}
[2026-05-26 10:57:43.521 Z] [WARN] [cadence.virtuoso.ade.simulationMonitor] -     WARNING (CMI-2943): Parameter checks have been ignored because the valid value for parameter 'trise' could not be found in 'I19.I4.C9<0>_turbo_m6.C1'.
        Further occurrences of this warning will be suppressed. {"history": "MonteCarlo.0", "point": 12, "testname": "TRAN_VDD_PULSE_MC", "cornername": "Nominal"}
[2026-05-26 10:57:43.521 Z] [INFO] [cadence.virtuoso.ade.simulationMonitor] - Total time required for dc analysis `dcOp': CPU = 13.544 ms, elapsed = 34.524 ms, util. = 39.2%. {"history": "MonteCarlo.0", "point": 12, "testname": "TRAN_VDD_PULSE_MC", "cornername": "Nominal"}
[2026-05-26 10:57:43.521 Z] [INFO] [cadence.virtuoso.ade.simulationMonitor] - Peak resident memory used = 231 Mbytes. {"history": "MonteCarlo.0", "point": 12, "testname": "TRAN_VDD_PULSE_MC", "cornername": "Nominal"}
[2026-05-26 10:57:43.521 Z] [INFO] [cadence.virtuoso.ade.simulationMonitor] - Notice from spectre during Monte Carlo analysis `mc1'.
    8 notices suppressed.
    286 warnings suppressed. {"history": "MonteCarlo.0", "point": 12, "testname": "TRAN_VDD_PULSE_MC", "cornername": "Nominal"}
[2026-05-26 10:57:43.521 Z] [WARN] [cadence.virtuoso.ade.simulationMonitor] -     WARNING (CMI-2425): I19.I0.C1<0>_dummy: `Acde' = 2.393 is unusually large. {"history": "MonteCarlo.0", "point": 12, "testname": "TRAN_VDD_PULSE_MC", "cornername": "Nominal"}
[2026-05-26 10:57:43.521 Z] [WARN] [cadence.virtuoso.ade.simulationMonitor] -     WARNING (CMI-2425): I19.I0.C1<0>_dummy: `Noff' = 4.732 is unusually large. {"history": "MonteCarlo.0", "point": 12, "testname": "TRAN_VDD_PULSE_MC", "cornername": "Nominal"}
[2026-05-26 10:57:43.521 Z] [WARN] [cadence.virtuoso.ade.simulationMonitor] -     WARNING (CMI-2424): I19.I0.C1<0>_dummy: `Voffcv' = -867.4e-03 is unusually small. {"history": "MonteCarlo.0", "point": 12, "testname": "TRAN_VDD_PULSE_MC", "cornername": "Nominal"}
[2026-05-26 10:57:43.521 Z] [INFO] [cadence.virtuoso.ade.simulationMonitor] - Notice from spectre during IC analysis, during transient analysis `tran', during Monte Carlo analysis `mc1'.
    GminDC = 1 pS is large enough to noticeably affect the DC solution.
        dV(I19.I2.C1.s1) = 1.52524 mV
        Use the `gmin_check' option to eliminate or expand this report.
    Bad pivoting is found during DC analysis. Option dc_pivot_check=yes is recommended for possible improvement of convergence. {"history": "MonteCarlo.0", "point": 12, "testname": "TRAN_VDD_PULSE_MC", "cornername": "Nominal"}
[2026-05-26 10:57:43.521 Z] [WARN] [cadence.virtuoso.ade.simulationMonitor] -     WARNING (CMI-2139): I19.I2.I8.MP5: The bulk-drain junction current exceeds `imelt'.  The results computed by Spectre may be inaccurate because the junction current model has been linearized. {"history": "MonteCarlo.0", "point": 12, "testname": "TRAN_VDD_PULSE_MC", "cornername": "Nominal"}
[2026-05-26 10:57:43.521 Z] [WARN] [cadence.virtuoso.ade.simulationMonitor] -     WARNING (CMI-2144): I19.I2.I8.MP5: The bulk-drain junction current exceeds `imax'. {"history": "MonteCarlo.0", "point": 12, "testname": "TRAN_VDD_PULSE_MC", "cornername": "Nominal"}
[2026-05-26 10:57:43.521 Z] [WARN] [cadence.virtuoso.ade.simulationMonitor] -     WARNING (CMI-2139): I19.I2.I8.MP6: The bulk-drain junction current exceeds `imelt'.  The results computed by Spectre may be inaccurate because the junction current model has been linearized. {"history": "MonteCarlo.0", "point": 12, "testname": "TRAN_VDD_PULSE_MC", "cornername": "Nominal"}
[2026-05-26 10:57:43.522 Z] [WARN] [cadence.virtuoso.ade.simulationMonitor] -     WARNING (CMI-2144): I19.I2.I8.MP6: The bulk-drain junction current exceeds `imax'. {"history": "MonteCarlo.0", "point": 12, "testname": "TRAN_VDD_PULSE_MC", "cornername": "Nominal"}
[2026-05-26 10:57:43.522 Z] [WARN] [cadence.virtuoso.ade.simulationMonitor] -     WARNING (CMI-2139): I19.I2.I8.MP7: The bulk-drain junction current exceeds `imelt'.  The results computed by Spectre may be inaccurate because the junction current model has been linearized. {"history": "MonteCarlo.0", "point": 12, "testname": "TRAN_VDD_PULSE_MC", "cornername": "Nominal"}
[2026-05-26 10:57:43.522 Z] [WARN] [cadence.virtuoso.ade.simulationMonitor] -     WARNING (CMI-2144): I19.I2.I8.MP7: The bulk-drain junction current exceeds `imax'. {"history": "MonteCarlo.0", "point": 12, "testname": "TRAN_VDD_PULSE_MC", "cornername": "Nominal"}
[2026-05-26 10:57:43.522 Z] [WARN] [cadence.virtuoso.ade.simulationMonitor] -     WARNING (CMI-2139): I19.I2.I8.MP8: The bulk-drain junction current exceeds `imelt'.  The results computed by Spectre may be inaccurate because the junction current model has been linearized. {"history": "MonteCarlo.0", "point": 12, "testname": "TRAN_VDD_PULSE_MC", "cornername": "Nominal"}
[2026-05-26 10:57:43.522 Z] [WARN] [cadence.virtuoso.ade.simulationMonitor] -     WARNING (CMI-2144): I19.I2.I8.MP8: The bulk-drain junction current exceeds `imax'. {"history": "MonteCarlo.0", "point": 12, "testname": "TRAN_VDD_PULSE_MC", "cornername": "Nominal"}
[2026-05-26 10:57:43.522 Z] [WARN] [cadence.virtuoso.ade.simulationMonitor] -     WARNING (CMI-2139): I19.I0.MP10: The bulk-drain junction current exceeds `imelt'.  The results computed by Spectre may be inaccurate because the junction current model has been linearized.
        Further occurrences of this warning will be suppressed. {"history": "MonteCarlo.0", "point": 12, "testname": "TRAN_VDD_PULSE_MC", "cornername": "Nominal"}
[2026-05-26 10:57:43.522 Z] [WARN] [cadence.virtuoso.ade.simulationMonitor] -     WARNING (CMI-2144): I19.I0.MP10: The bulk-drain junction current exceeds `imax'.
        Further occurrences of this warning will be suppressed. {"history": "MonteCarlo.0", "point": 12, "testname": "TRAN_VDD_PULSE_MC", "cornername": "Nominal"}
[2026-05-26 10:57:43.522 Z] [WARN] [cadence.virtuoso.ade.simulationMonitor] -     WARNING (CMI-2943): Parameter checks have been ignored because the valid value for parameter 'trise' could not be found in 'C0'. {"history": "MonteCarlo.0", "point": 12, "testname": "TRAN_VDD_PULSE_MC", "cornername": "Nominal"}
[2026-05-26 10:57:43.522 Z] [WARN] [cadence.virtuoso.ade.simulationMonitor] -     WARNING (CMI-2943): Parameter checks have been ignored because the valid value for parameter 'trise' could not be found in 'C3'. {"history": "MonteCarlo.0", "point": 12, "testname": "TRAN_VDD_PULSE_MC", "cornername": "Nominal"}
[2026-05-26 10:57:43.522 Z] [WARN] [cadence.virtuoso.ade.simulationMonitor] -     WARNING (CMI-2943): Parameter checks have been ignored because the valid value for parameter 'trise' could not be found in 'C4'. {"history": "MonteCarlo.0", "point": 12, "testname": "TRAN_VDD_PULSE_MC", "cornername": "Nominal"}
[2026-05-26 10:57:43.522 Z] [WARN] [cadence.virtuoso.ade.simulationMonitor] -     WARNING (CMI-2943): Parameter checks have been ignored because the valid value for parameter 'trise' could not be found in 'C5'. {"history": "MonteCarlo.0", "point": 12, "testname": "TRAN_VDD_PULSE_MC", "cornername": "Nominal"}
[2026-05-26 10:57:43.522 Z] [WARN] [cadence.virtuoso.ade.simulationMonitor] -     WARNING (CMI-2943): Parameter checks have been ignored because the valid value for parameter 'trise' could not be found in 'I19.I4.C9<0>_turbo_m6.C1'.
        Further occurrences of this warning will be suppressed. {"history": "MonteCarlo.0", "point": 12, "testname": "TRAN_VDD_PULSE_MC", "cornername": "Nominal"}
[2026-05-26 10:57:43.522 Z] [INFO] [cadence.virtuoso.ade.simulationMonitor] - Notice from spectre during transient analysis `tran', during Monte Carlo analysis `mc1'.
    Multithreading is disabled due to the size of the design being too small. {"history": "MonteCarlo.0", "point": 12, "testname": "TRAN_VDD_PULSE_MC", "cornername": "Nominal"}
[2026-05-26 10:57:43.522 Z] [INFO] [cadence.virtuoso.ade.simulationMonitor] - Notice from spectre at time = 202.354 us during transient analysis `tran', during Monte Carlo analysis `mc1'.
    I19.I2.I8.MP5: The bulk-drain junction leaves the linearized region.
    I19.I2.I8.MP5: The bulk-drain junction current no longer exceeds `imax'.
    I19.I2.I8.MP6: The bulk-drain junction leaves the linearized region.
    I19.I2.I8.MP6: The bulk-drain junction current no longer exceeds `imax'.
    I19.I2.I8.MP7: The bulk-drain junction leaves the linearized region.
    I19.I2.I8.MP7: The bulk-... {"history": "MonteCarlo.0", "point": 12, "testname": "TRAN_VDD_PULSE_MC", "cornername": "Nominal"}
[2026-05-26 10:59:32.567 Z] [INFO] [cadence.virtuoso.ade.simulationMonitor] - Total time required for tran analysis `tran': CPU = 108.999 s (1m  49.0s), elapsed = 109.03 s (1m  49.0s), util. = 100%. {"history": "MonteCarlo.0", "point": 12, "testname": "TRAN_VDD_PULSE_MC", "cornername": "Nominal"}
[2026-05-26 10:59:32.567 Z] [INFO] [cadence.virtuoso.ade.simulationMonitor] - Peak resident memory used = 232 Mbytes. {"history": "MonteCarlo.0", "point": 12, "testname": "TRAN_VDD_PULSE_MC", "cornername": "Nominal"}
[2026-05-26 10:59:32.567 Z] [INFO] [cadence.virtuoso.ade.simulationMonitor] - Notice from spectre during transient analysis `tran', during Monte Carlo analysis `mc1'.
    2 notices suppressed.
    260 warnings suppressed. {"history": "MonteCarlo.0", "point": 12, "testname": "TRAN_VDD_PULSE_MC", "cornername": "Nominal"}
[2026-05-26 10:59:32.567 Z] [WARN] [cadence.virtuoso.ade.simulationMonitor] -     WARNING (CMI-2425): I19.I0.C1<0>_dummy: `Acde' = 2.393 is unusually large. {"history": "MonteCarlo.0", "point": 12, "testname": "TRAN_VDD_PULSE_MC", "cornername": "Nominal"}
[2026-05-26 10:59:32.567 Z] [WARN] [cadence.virtuoso.ade.simulationMonitor] -     WARNING (CMI-2425): I19.I0.C1<0>_dummy: `Noff' = 4.732 is unusually large. {"history": "MonteCarlo.0", "point": 12, "testname": "TRAN_VDD_PULSE_MC", "cornername": "Nominal"}
[2026-05-26 10:59:32.567 Z] [WARN] [cadence.virtuoso.ade.simulationMonitor] -     WARNING (CMI-2424): I19.I0.C1<0>_dummy: `Voffcv' = -867.4e-03 is unusually small. {"history": "MonteCarlo.0", "point": 12, "testname": "TRAN_VDD_PULSE_MC", "cornername": "Nominal"}
[2026-05-26 10:59:32.567 Z] [WARN] [cadence.virtuoso.ade.simulationMonitor] -     WARNING (CMI-2425): I19.I0.C1<0>_dummy: `Acde' = 2.393 is unusually large. {"history": "MonteCarlo.0", "point": 12, "testname": "TRAN_VDD_PULSE_MC", "cornername": "Nominal"}
[2026-05-26 10:59:32.567 Z] [WARN] [cadence.virtuoso.ade.simulationMonitor] -     WARNING (CMI-2425): I19.I0.C1<0>_dummy: `Noff' = 4.732 is unusually large. {"history": "MonteCarlo.0", "point": 12, "testname": "TRAN_VDD_PULSE_MC", "cornername": "Nominal"}
[2026-05-26 10:59:32.567 Z] [WARN] [cadence.virtuoso.ade.simulationMonitor] -     WARNING (CMI-2424): I19.I0.C1<0>_dummy: `Voffcv' = -867.4e-03 is unusually small. {"history": "MonteCarlo.0", "point": 12, "testname": "TRAN_VDD_PULSE_MC", "cornername": "Nominal"}
[2026-05-26 10:59:32.567 Z] [INFO] [cadence.virtuoso.ade.simulationMonitor] - Notice from spectre during Monte Carlo analysis `mc1'.
    V17: `period' has the unusually large value of 20 s.
    V17: `width' has the unusually large value of 19 s.
    V16: `period' has the unusually large value of 10 s.
    V16: `width' has the unusually large value of 9 s.
    V9: `period' has the unusually large value of 10 s.
        Further occurrences of this notice will be suppressed. {"history": "MonteCarlo.0", "point": 12, "testname": "TRAN_VDD_PULSE_MC", "cornername": "Nominal"}
[2026-05-26 10:59:32.568 Z] [INFO] [cadence.virtuoso.ade.simulationMonitor] - Notice from spectre in `rpolyhc':`I19.I0.R10', in `fecg_cmfb2_f':`I19.I0', in `fecg_front_end_f_3':`I19', during Monte Carlo analysis `mc1'.
    I19.I0.R10.CS0 of rpolyhc: `c' has the unusually small value of 0 F.
    I19.I0.R10.CS1 of rpolyhc: `c' has the unusually small value of 0 F. {"history": "MonteCarlo.0", "point": 12, "testname": "TRAN_VDD_PULSE_MC", "cornername": "Nominal"}
[2026-05-26 10:59:32.568 Z] [INFO] [cadence.virtuoso.ade.simulationMonitor] - Notice from spectre in `rpolyhc':`I19.I0.R9', in `fecg_cmfb2_f':`I19.I0', in `fecg_front_end_f_3':`I19', during Monte Carlo analysis `mc1'.
    I19.I0.R9.CS0 of rpolyhc: `c' has the unusually small value of 0 F.
    I19.I0.R9.CS1 of rpolyhc: `c' has the unusually small value of 0 F. {"history": "MonteCarlo.0", "point": 12, "testname": "TRAN_VDD_PULSE_MC", "cornername": "Nominal"}
[2026-05-26 10:59:32.568 Z] [INFO] [cadence.virtuoso.ade.simulationMonitor] - Notice from spectre in `rpolyhc':`I19.I0.R7', in `fecg_cmfb2_f':`I19.I0', in `fecg_front_end_f_3':`I19', during Monte Carlo analysis `mc1'.
    I19.I0.R7.CS0 of rpolyhc: `c' has the unusually small value of 0 F.
        Further occurrences of this notice will be suppressed. {"history": "MonteCarlo.0", "point": 12, "testname": "TRAN_VDD_PULSE_MC", "cornername": "Nominal"}
[2026-05-26 10:59:32.568 Z] [WARN] [cadence.virtuoso.ade.simulationMonitor] -     WARNING (CMI-2425): I19.I2.C1: `Acde' = 2.393 is unusually large. {"history": "MonteCarlo.0", "point": 12, "testname": "TRAN_VDD_PULSE_MC", "cornername": "Nominal"}
[2026-05-26 10:59:32.568 Z] [WARN] [cadence.virtuoso.ade.simulationMonitor] -     WARNING (CMI-2425): I19.I2.C1: `Noff' = 4.732 is unusually large. {"history": "MonteCarlo.0", "point": 12, "testname": "TRAN_VDD_PULSE_MC", "cornername": "Nominal"}
[2026-05-26 10:59:32.568 Z] [WARN] [cadence.virtuoso.ade.simulationMonitor] -     WARNING (CMI-2424): I19.I2.C1: `Voffcv' = -867.4e-03 is unusually small. {"history": "MonteCarlo.0", "point": 12, "testname": "TRAN_VDD_PULSE_MC", "cornername": "Nominal"}
[2026-05-26 10:59:32.568 Z] [WARN] [cadence.virtuoso.ade.simulationMonitor] -     WARNING (CMI-2425): I19.I11.C0: `Acde' = 2.393 is unusually large. {"history": "MonteCarlo.0", "point": 12, "testname": "TRAN_VDD_PULSE_MC", "cornername": "Nominal"}
[2026-05-26 10:59:32.568 Z] [WARN] [cadence.virtuoso.ade.simulationMonitor] -     WARNING (CMI-2425): I19.I11.C0: `Noff' = 4.732 is unusually large. {"history": "MonteCarlo.0", "point": 12, "testname": "TRAN_VDD_PULSE_MC", "cornername": "Nominal"}
[2026-05-26 10:59:32.568 Z] [WARN] [cadence.virtuoso.ade.simulationMonitor] -     WARNING (CMI-2424): I19.I11.C0: `Voffcv' = -867.4e-03 is unusually small. {"history": "MonteCarlo.0", "point": 12, "testname": "TRAN_VDD_PULSE_MC", "cornername": "Nominal"}
[2026-05-26 10:59:32.568 Z] [WARN] [cadence.virtuoso.ade.simulationMonitor] -     WARNING (CMI-2425): I19.I11.C1: `Acde' = 2.393 is unusually large.
        Further occurrences of this warning will be suppressed. {"history": "MonteCarlo.0", "point": 12, "testname": "TRAN_VDD_PULSE_MC", "cornername": "Nominal"}
[2026-05-26 10:59:32.568 Z] [WARN] [cadence.virtuoso.ade.simulationMonitor] -     WARNING (CMI-2424): I19.I11.C1: `Voffcv' = -867.4e-03 is unusually small. {"history": "MonteCarlo.0", "point": 12, "testname": "TRAN_VDD_PULSE_MC", "cornername": "Nominal"}
[2026-05-26 10:59:32.568 Z] [WARN] [cadence.virtuoso.ade.simulationMonitor] -     WARNING (CMI-2424): I19.I12.C0: `Voffcv' = -867.4e-03 is unusually small. {"history": "MonteCarlo.0", "point": 12, "testname": "TRAN_VDD_PULSE_MC", "cornername": "Nominal"}
[2026-05-26 10:59:32.568 Z] [WARN] [cadence.virtuoso.ade.simulationMonitor] -     WARNING (CMI-2424): I19.I12.C1: `Voffcv' = -867.4e-03 is unusually small.
        Further occurrences of this warning will be suppressed. {"history": "MonteCarlo.0", "point": 12, "testname": "TRAN_VDD_PULSE_MC", "cornername": "Nominal"}
[2026-05-26 10:59:32.568 Z] [INFO] [cadence.virtuoso.ade.simulationMonitor] - Notice from spectre during DC analysis `dcOp', during Monte Carlo analysis `mc1'.
    GminDC = 1 pS is large enough to noticeably affect the DC solution.
        dV(I19.I2.C1.s1) = 1.27425 mV
        Use the `gmin_check' option to eliminate or expand this report.
    Bad pivoting is found during DC analysis. Option dc_pivot_check=yes is recommended for possible improvement of convergence. {"history": "MonteCarlo.0", "point": 12, "testname": "TRAN_VDD_PULSE_MC", "cornername": "Nominal"}
[2026-05-26 10:59:32.568 Z] [WARN] [cadence.virtuoso.ade.simulationMonitor] -     WARNING (CMI-2139): I19.I2.I8.MP5: The bulk-drain junction current exceeds `imelt'.  The results computed by Spectre may be inaccurate because the junction current model has been linearized. {"history": "MonteCarlo.0", "point": 12, "testname": "TRAN_VDD_PULSE_MC", "cornername": "Nominal"}
[2026-05-26 10:59:32.568 Z] [WARN] [cadence.virtuoso.ade.simulationMonitor] -     WARNING (CMI-2144): I19.I2.I8.MP5: The bulk-drain junction current exceeds `imax'. {"history": "MonteCarlo.0", "point": 12, "testname": "TRAN_VDD_PULSE_MC", "cornername": "Nominal"}
[2026-05-26 10:59:32.568 Z] [WARN] [cadence.virtuoso.ade.simulationMonitor] -     WARNING (CMI-2139): I19.I2.I8.MP6: The bulk-drain junction current exceeds `imelt'.  The results computed by Spectre may be inaccurate because the junction current model has been linearized. {"history": "MonteCarlo.0", "point": 12, "testname": "TRAN_VDD_PULSE_MC", "cornername": "Nominal"}
[2026-05-26 10:59:32.568 Z] [WARN] [cadence.virtuoso.ade.simulationMonitor] -     WARNING (CMI-2144): I19.I2.I8.MP6: The bulk-drain junction current exceeds `imax'. {"history": "MonteCarlo.0", "point": 12, "testname": "TRAN_VDD_PULSE_MC", "cornername": "Nominal"}
[2026-05-26 10:59:32.568 Z] [WARN] [cadence.virtuoso.ade.simulationMonitor] -     WARNING (CMI-2139): I19.I2.I8.MP7: The bulk-drain junction current exceeds `imelt'.  The results computed by Spectre may be inaccurate because the junction current model has been linearized. {"history": "MonteCarlo.0", "point": 12, "testname": "TRAN_VDD_PULSE_MC", "cornername": "Nominal"}
[2026-05-26 10:59:32.569 Z] [WARN] [cadence.virtuoso.ade.simulationMonitor] -     WARNING (CMI-2144): I19.I2.I8.MP7: The bulk-drain junction current exceeds `imax'. {"history": "MonteCarlo.0", "point": 12, "testname": "TRAN_VDD_PULSE_MC", "cornername": "Nominal"}
[2026-05-26 10:59:32.569 Z] [WARN] [cadence.virtuoso.ade.simulationMonitor] -     WARNING (CMI-2139): I19.I2.I8.MP8: The bulk-drain junction current exceeds `imelt'.  The results computed by Spectre may be inaccurate because the junction current model has been linearized. {"history": "MonteCarlo.0", "point": 12, "testname": "TRAN_VDD_PULSE_MC", "cornername": "Nominal"}
[2026-05-26 10:59:32.569 Z] [WARN] [cadence.virtuoso.ade.simulationMonitor] -     WARNING (CMI-2144): I19.I2.I8.MP8: The bulk-drain junction current exceeds `imax'. {"history": "MonteCarlo.0", "point": 12, "testname": "TRAN_VDD_PULSE_MC", "cornername": "Nominal"}
[2026-05-26 10:59:32.569 Z] [WARN] [cadence.virtuoso.ade.simulationMonitor] -     WARNING (CMI-2139): I19.I0.MP10: The bulk-drain junction current exceeds `imelt'.  The results computed by Spectre may be inaccurate because the junction current model has been linearized.
        Further occurrences of this warning will be suppressed. {"history": "MonteCarlo.0", "point": 12, "testname": "TRAN_VDD_PULSE_MC", "cornername": "Nominal"}
[2026-05-26 10:59:32.569 Z] [WARN] [cadence.virtuoso.ade.simulationMonitor] -     WARNING (CMI-2144): I19.I0.MP10: The bulk-drain junction current exceeds `imax'.
        Further occurrences of this warning will be suppressed. {"history": "MonteCarlo.0", "point": 12, "testname": "TRAN_VDD_PULSE_MC", "cornername": "Nominal"}
[2026-05-26 10:59:32.569 Z] [WARN] [cadence.virtuoso.ade.simulationMonitor] -     WARNING (CMI-2943): Parameter checks have been ignored because the valid value for parameter 'trise' could not be found in 'C0'. {"history": "MonteCarlo.0", "point": 12, "testname": "TRAN_VDD_PULSE_MC", "cornername": "Nominal"}
[2026-05-26 10:59:32.569 Z] [WARN] [cadence.virtuoso.ade.simulationMonitor] -     WARNING (CMI-2943): Parameter checks have been ignored because the valid value for parameter 'trise' could not be found in 'C3'. {"history": "MonteCarlo.0", "point": 12, "testname": "TRAN_VDD_PULSE_MC", "cornername": "Nominal"}
[2026-05-26 10:59:32.569 Z] [WARN] [cadence.virtuoso.ade.simulationMonitor] -     WARNING (CMI-2943): Parameter checks have been ignored because the valid value for parameter 'trise' could not be found in 'C4'. {"history": "MonteCarlo.0", "point": 12, "testname": "TRAN_VDD_PULSE_MC", "cornername": "Nominal"}
[2026-05-26 10:59:32.569 Z] [WARN] [cadence.virtuoso.ade.simulationMonitor] -     WARNING (CMI-2943): Parameter checks have been ignored because the valid value for parameter 'trise' could not be found in 'C5'. {"history": "MonteCarlo.0", "point": 12, "testname": "TRAN_VDD_PULSE_MC", "cornername": "Nominal"}
[2026-05-26 10:59:32.569 Z] [WARN] [cadence.virtuoso.ade.simulationMonitor] -     WARNING (CMI-2943): Parameter checks have been ignored because the valid value for parameter 'trise' could not be found in 'I19.I4.C9<0>_turbo_m6.C1'.
        Further occurrences of this warning will be suppressed. {"history": "MonteCarlo.0", "point": 12, "testname": "TRAN_VDD_PULSE_MC", "cornername": "Nominal"}
[2026-05-26 10:59:32.569 Z] [INFO] [cadence.virtuoso.ade.simulationMonitor] - Total time required for dc analysis `dcOp': CPU = 15.141 ms, elapsed = 33.365 ms, util. = 45.4%. {"history": "MonteCarlo.0", "point": 12, "testname": "TRAN_VDD_PULSE_MC", "cornername": "Nominal"}
[2026-05-26 10:59:32.569 Z] [INFO] [cadence.virtuoso.ade.simulationMonitor] - Peak resident memory used = 232 Mbytes. {"history": "MonteCarlo.0", "point": 12, "testname": "TRAN_VDD_PULSE_MC", "cornername": "Nominal"}
[2026-05-26 10:59:32.569 Z] [INFO] [cadence.virtuoso.ade.simulationMonitor] - Notice from spectre during Monte Carlo analysis `mc1'.
    8 notices suppressed.
    286 warnings suppressed. {"history": "MonteCarlo.0", "point": 12, "testname": "TRAN_VDD_PULSE_MC", "cornername": "Nominal"}
[2026-05-26 10:59:32.569 Z] [WARN] [cadence.virtuoso.ade.simulationMonitor] -     WARNING (CMI-2425): I19.I0.C1<0>_dummy: `Acde' = 2.393 is unusually large. {"history": "MonteCarlo.0", "point": 12, "testname": "TRAN_VDD_PULSE_MC", "cornername": "Nominal"}
[2026-05-26 10:59:32.569 Z] [WARN] [cadence.virtuoso.ade.simulationMonitor] -     WARNING (CMI-2425): I19.I0.C1<0>_dummy: `Noff' = 4.732 is unusually large. {"history": "MonteCarlo.0", "point": 12, "testname": "TRAN_VDD_PULSE_MC", "cornername": "Nominal"}
[2026-05-26 10:59:32.569 Z] [WARN] [cadence.virtuoso.ade.simulationMonitor] -     WARNING (CMI-2424): I19.I0.C1<0>_dummy: `Voffcv' = -867.4e-03 is unusually small. {"history": "MonteCarlo.0", "point": 12, "testname": "TRAN_VDD_PULSE_MC", "cornername": "Nominal"}
[2026-05-26 10:59:32.569 Z] [INFO] [cadence.virtuoso.ade.simulationMonitor] - Notice from spectre during IC analysis, during transient analysis `tran', during Monte Carlo analysis `mc1'.
    GminDC = 1 pS is large enough to noticeably affect the DC solution.
        dV(I19.I2.C1.d1) = 1.27425 mV
        Use the `gmin_check' option to eliminate or expand this report.
    Bad pivoting is found during DC analysis. Option dc_pivot_check=yes is recommended for possible improvement of convergence. {"history": "MonteCarlo.0", "point": 12, "testname": "TRAN_VDD_PULSE_MC", "cornername": "Nominal"}
[2026-05-26 10:59:32.569 Z] [WARN] [cadence.virtuoso.ade.simulationMonitor] -     WARNING (CMI-2139): I19.I2.I8.MP5: The bulk-drain junction current exceeds `imelt'.  The results computed by Spectre may be inaccurate because the junction current model has been linearized. {"history": "MonteCarlo.0", "point": 12, "testname": "TRAN_VDD_PULSE_MC", "cornername": "Nominal"}
[2026-05-26 10:59:32.569 Z] [WARN] [cadence.virtuoso.ade.simulationMonitor] -     WARNING (CMI-2144): I19.I2.I8.MP5: The bulk-drain junction current exceeds `imax'. {"history": "MonteCarlo.0", "point": 12, "testname": "TRAN_VDD_PULSE_MC", "cornername": "Nominal"}
[2026-05-26 10:59:32.570 Z] [WARN] [cadence.virtuoso.ade.simulationMonitor] -     WARNING (CMI-2139): I19.I2.I8.MP6: The bulk-drain junction current exceeds `imelt'.  The results computed by Spectre may be inaccurate because the junction current model has been linearized. {"history": "MonteCarlo.0", "point": 12, "testname": "TRAN_VDD_PULSE_MC", "cornername": "Nominal"}
[2026-05-26 10:59:32.570 Z] [WARN] [cadence.virtuoso.ade.simulationMonitor] -     WARNING (CMI-2144): I19.I2.I8.MP6: The bulk-drain junction current exceeds `imax'. {"history": "MonteCarlo.0", "point": 12, "testname": "TRAN_VDD_PULSE_MC", "cornername": "Nominal"}
[2026-05-26 10:59:32.570 Z] [WARN] [cadence.virtuoso.ade.simulationMonitor] -     WARNING (CMI-2139): I19.I2.I8.MP7: The bulk-drain junction current exceeds `imelt'.  The results computed by Spectre may be inaccurate because the junction current model has been linearized. {"history": "MonteCarlo.0", "point": 12, "testname": "TRAN_VDD_PULSE_MC", "cornername": "Nominal"}
[2026-05-26 10:59:32.570 Z] [WARN] [cadence.virtuoso.ade.simulationMonitor] -     WARNING (CMI-2144): I19.I2.I8.MP7: The bulk-drain junction current exceeds `imax'. {"history": "MonteCarlo.0", "point": 12, "testname": "TRAN_VDD_PULSE_MC", "cornername": "Nominal"}
[2026-05-26 10:59:32.570 Z] [WARN] [cadence.virtuoso.ade.simulationMonitor] -     WARNING (CMI-2139): I19.I2.I8.MP8: The bulk-drain junction current exceeds `imelt'.  The results computed by Spectre may be inaccurate because the junction current model has been linearized. {"history": "MonteCarlo.0", "point": 12, "testname": "TRAN_VDD_PULSE_MC", "cornername": "Nominal"}
[2026-05-26 10:59:32.570 Z] [WARN] [cadence.virtuoso.ade.simulationMonitor] -     WARNING (CMI-2144): I19.I2.I8.MP8: The bulk-drain junction current exceeds `imax'. {"history": "MonteCarlo.0", "point": 12, "testname": "TRAN_VDD_PULSE_MC", "cornername": "Nominal"}
[2026-05-26 10:59:32.570 Z] [WARN] [cadence.virtuoso.ade.simulationMonitor] -     WARNING (CMI-2139): I19.I0.MP10: The bulk-drain junction current exceeds `imelt'.  The results computed by Spectre may be inaccurate because the junction current model has been linearized.
        Further occurrences of this warning will be suppressed. {"history": "MonteCarlo.0", "point": 12, "testname": "TRAN_VDD_PULSE_MC", "cornername": "Nominal"}
[2026-05-26 10:59:32.570 Z] [WARN] [cadence.virtuoso.ade.simulationMonitor] -     WARNING (CMI-2144): I19.I0.MP10: The bulk-drain junction current exceeds `imax'.
        Further occurrences of this warning will be suppressed. {"history": "MonteCarlo.0", "point": 12, "testname": "TRAN_VDD_PULSE_MC", "cornername": "Nominal"}
[2026-05-26 10:59:32.570 Z] [WARN] [cadence.virtuoso.ade.simulationMonitor] -     WARNING (CMI-2943): Parameter checks have been ignored because the valid value for parameter 'trise' could not be found in 'C0'. {"history": "MonteCarlo.0", "point": 12, "testname": "TRAN_VDD_PULSE_MC", "cornername": "Nominal"}
[2026-05-26 10:59:32.570 Z] [WARN] [cadence.virtuoso.ade.simulationMonitor] -     WARNING (CMI-2943): Parameter checks have been ignored because the valid value for parameter 'trise' could not be found in 'C3'. {"history": "MonteCarlo.0", "point": 12, "testname": "TRAN_VDD_PULSE_MC", "cornername": "Nominal"}
[2026-05-26 10:59:32.570 Z] [WARN] [cadence.virtuoso.ade.simulationMonitor] -     WARNING (CMI-2943): Parameter checks have been ignored because the valid value for parameter 'trise' could not be found in 'C4'. {"history": "MonteCarlo.0", "point": 12, "testname": "TRAN_VDD_PULSE_MC", "cornername": "Nominal"}
[2026-05-26 10:59:32.570 Z] [WARN] [cadence.virtuoso.ade.simulationMonitor] -     WARNING (CMI-2943): Parameter checks have been ignored because the valid value for parameter 'trise' could not be found in 'C5'. {"history": "MonteCarlo.0", "point": 12, "testname": "TRAN_VDD_PULSE_MC", "cornername": "Nominal"}
[2026-05-26 10:59:32.570 Z] [WARN] [cadence.virtuoso.ade.simulationMonitor] -     WARNING (CMI-2943): Parameter checks have been ignored because the valid value for parameter 'trise' could not be found in 'I19.I4.C9<0>_turbo_m6.C1'.
        Further occurrences of this warning will be suppressed. {"history": "MonteCarlo.0", "point": 12, "testname": "TRAN_VDD_PULSE_MC", "cornername": "Nominal"}
[2026-05-26 10:59:32.570 Z] [INFO] [cadence.virtuoso.ade.simulationMonitor] - Notice from spectre during transient analysis `tran', during Monte Carlo analysis `mc1'.
    Multithreading is disabled due to the size of the design being too small. {"history": "MonteCarlo.0", "point": 12, "testname": "TRAN_VDD_PULSE_MC", "cornername": "Nominal"}
[2026-05-26 10:59:32.570 Z] [INFO] [cadence.virtuoso.ade.simulationMonitor] - Notice from spectre at time = 203.666 us during transient analysis `tran', during Monte Carlo analysis `mc1'.
    I19.I2.I8.MP5: The bulk-drain junction leaves the linearized region.
    I19.I2.I8.MP5: The bulk-drain junction current no longer exceeds `imax'.
    I19.I2.I8.MP6: The bulk-drain junction leaves the linearized region.
    I19.I2.I8.MP6: The bulk-drain junction current no longer exceeds `imax'.
    I19.I2.I8.MP7: The bulk-drain junction leaves the linearized region.
    I19.I2.I8.MP7: The bulk-... {"history": "MonteCarlo.0", "point": 12, "testname": "TRAN_VDD_PULSE_MC", "cornername": "Nominal"}
[2026-05-26 10:59:32.570 Z] [PROCESS] [cadence.virtuoso.ade.simulationMonitor] - Finished simulating for one iteration {"hostname": "edatools", "processid": 259513, "history": "MonteCarlo.0", "testname": "TRAN_VDD_PULSE_MC", "cornername": "Nominal", "point": 12, "logfile": "/home/saul/projects/IL2244_VT26_SAUL/logs_saul/logs0/Job53.log", "simid": "7"}
[2026-05-26 10:59:32.570 Z] [PROCESS] [cadence.virtuoso.ade.simulationMonitor] - Started Simulation {"hostname": "edatools", "processid": 259513, "history": "MonteCarlo.0", "testname": "TRAN_VDD_PULSE_MC", "cornername": "Nominal", "point": 13, "logfile": "/home/saul/projects/IL2244_VT26_SAUL/logs_saul/logs0/Job53.log", "event": "started", "task": "simulation"}
[2026-05-26 11:01:10.110 Z] [INFO] [cadence.virtuoso.ade.simulationMonitor] - Total time required for tran analysis `tran': CPU = 97.5217 s (1m  37.5s), elapsed = 97.5586 s (1m  37.6s), util. = 100%. {"history": "MonteCarlo.0", "point": 13, "testname": "TRAN_VDD_PULSE_MC", "cornername": "Nominal"}
[2026-05-26 11:01:10.110 Z] [INFO] [cadence.virtuoso.ade.simulationMonitor] - Peak resident memory used = 232 Mbytes. {"history": "MonteCarlo.0", "point": 13, "testname": "TRAN_VDD_PULSE_MC", "cornername": "Nominal"}
[2026-05-26 11:01:10.110 Z] [INFO] [cadence.virtuoso.ade.simulationMonitor] - Notice from spectre during transient analysis `tran', during Monte Carlo analysis `mc1'.
    2 notices suppressed.
    260 warnings suppressed. {"history": "MonteCarlo.0", "point": 13, "testname": "TRAN_VDD_PULSE_MC", "cornername": "Nominal"}
[2026-05-26 11:01:10.110 Z] [WARN] [cadence.virtuoso.ade.simulationMonitor] -     WARNING (CMI-2425): I19.I0.C1<0>_dummy: `Acde' = 2.393 is unusually large. {"history": "MonteCarlo.0", "point": 13, "testname": "TRAN_VDD_PULSE_MC", "cornername": "Nominal"}
[2026-05-26 11:01:10.110 Z] [WARN] [cadence.virtuoso.ade.simulationMonitor] -     WARNING (CMI-2425): I19.I0.C1<0>_dummy: `Noff' = 4.732 is unusually large. {"history": "MonteCarlo.0", "point": 13, "testname": "TRAN_VDD_PULSE_MC", "cornername": "Nominal"}
[2026-05-26 11:01:10.110 Z] [WARN] [cadence.virtuoso.ade.simulationMonitor] -     WARNING (CMI-2424): I19.I0.C1<0>_dummy: `Voffcv' = -867.4e-03 is unusually small. {"history": "MonteCarlo.0", "point": 13, "testname": "TRAN_VDD_PULSE_MC", "cornername": "Nominal"}
[2026-05-26 11:01:10.110 Z] [WARN] [cadence.virtuoso.ade.simulationMonitor] -     WARNING (CMI-2425): I19.I0.C1<0>_dummy: `Acde' = 2.393 is unusually large. {"history": "MonteCarlo.0", "point": 13, "testname": "TRAN_VDD_PULSE_MC", "cornername": "Nominal"}
[2026-05-26 11:01:10.110 Z] [WARN] [cadence.virtuoso.ade.simulationMonitor] -     WARNING (CMI-2425): I19.I0.C1<0>_dummy: `Noff' = 4.732 is unusually large. {"history": "MonteCarlo.0", "point": 13, "testname": "TRAN_VDD_PULSE_MC", "cornername": "Nominal"}
[2026-05-26 11:01:10.110 Z] [WARN] [cadence.virtuoso.ade.simulationMonitor] -     WARNING (CMI-2424): I19.I0.C1<0>_dummy: `Voffcv' = -867.4e-03 is unusually small. {"history": "MonteCarlo.0", "point": 13, "testname": "TRAN_VDD_PULSE_MC", "cornername": "Nominal"}
[2026-05-26 11:01:10.110 Z] [INFO] [cadence.virtuoso.ade.simulationMonitor] - Notice from spectre during Monte Carlo analysis `mc1'.
    V17: `period' has the unusually large value of 20 s.
    V17: `width' has the unusually large value of 19 s.
    V16: `period' has the unusually large value of 10 s.
    V16: `width' has the unusually large value of 9 s.
    V9: `period' has the unusually large value of 10 s.
        Further occurrences of this notice will be suppressed. {"history": "MonteCarlo.0", "point": 13, "testname": "TRAN_VDD_PULSE_MC", "cornername": "Nominal"}
[2026-05-26 11:01:10.110 Z] [INFO] [cadence.virtuoso.ade.simulationMonitor] - Notice from spectre in `rpolyhc':`I19.I0.R10', in `fecg_cmfb2_f':`I19.I0', in `fecg_front_end_f_3':`I19', during Monte Carlo analysis `mc1'.
    I19.I0.R10.CS0 of rpolyhc: `c' has the unusually small value of 0 F.
    I19.I0.R10.CS1 of rpolyhc: `c' has the unusually small value of 0 F. {"history": "MonteCarlo.0", "point": 13, "testname": "TRAN_VDD_PULSE_MC", "cornername": "Nominal"}
[2026-05-26 11:01:10.110 Z] [INFO] [cadence.virtuoso.ade.simulationMonitor] - Notice from spectre in `rpolyhc':`I19.I0.R9', in `fecg_cmfb2_f':`I19.I0', in `fecg_front_end_f_3':`I19', during Monte Carlo analysis `mc1'.
    I19.I0.R9.CS0 of rpolyhc: `c' has the unusually small value of 0 F.
    I19.I0.R9.CS1 of rpolyhc: `c' has the unusually small value of 0 F. {"history": "MonteCarlo.0", "point": 13, "testname": "TRAN_VDD_PULSE_MC", "cornername": "Nominal"}
[2026-05-26 11:01:10.111 Z] [INFO] [cadence.virtuoso.ade.simulationMonitor] - Notice from spectre in `rpolyhc':`I19.I0.R7', in `fecg_cmfb2_f':`I19.I0', in `fecg_front_end_f_3':`I19', during Monte Carlo analysis `mc1'.
    I19.I0.R7.CS0 of rpolyhc: `c' has the unusually small value of 0 F.
        Further occurrences of this notice will be suppressed. {"history": "MonteCarlo.0", "point": 13, "testname": "TRAN_VDD_PULSE_MC", "cornername": "Nominal"}
[2026-05-26 11:01:10.111 Z] [WARN] [cadence.virtuoso.ade.simulationMonitor] -     WARNING (CMI-2425): I19.I2.C1: `Acde' = 2.393 is unusually large. {"history": "MonteCarlo.0", "point": 13, "testname": "TRAN_VDD_PULSE_MC", "cornername": "Nominal"}
[2026-05-26 11:01:10.111 Z] [WARN] [cadence.virtuoso.ade.simulationMonitor] -     WARNING (CMI-2425): I19.I2.C1: `Noff' = 4.732 is unusually large. {"history": "MonteCarlo.0", "point": 13, "testname": "TRAN_VDD_PULSE_MC", "cornername": "Nominal"}
[2026-05-26 11:01:10.111 Z] [WARN] [cadence.virtuoso.ade.simulationMonitor] -     WARNING (CMI-2424): I19.I2.C1: `Voffcv' = -867.4e-03 is unusually small. {"history": "MonteCarlo.0", "point": 13, "testname": "TRAN_VDD_PULSE_MC", "cornername": "Nominal"}
[2026-05-26 11:01:10.111 Z] [WARN] [cadence.virtuoso.ade.simulationMonitor] -     WARNING (CMI-2425): I19.I11.C0: `Acde' = 2.393 is unusually large. {"history": "MonteCarlo.0", "point": 13, "testname": "TRAN_VDD_PULSE_MC", "cornername": "Nominal"}
[2026-05-26 11:01:10.111 Z] [WARN] [cadence.virtuoso.ade.simulationMonitor] -     WARNING (CMI-2425): I19.I11.C0: `Noff' = 4.732 is unusually large. {"history": "MonteCarlo.0", "point": 13, "testname": "TRAN_VDD_PULSE_MC", "cornername": "Nominal"}
[2026-05-26 11:01:10.111 Z] [WARN] [cadence.virtuoso.ade.simulationMonitor] -     WARNING (CMI-2424): I19.I11.C0: `Voffcv' = -867.4e-03 is unusually small. {"history": "MonteCarlo.0", "point": 13, "testname": "TRAN_VDD_PULSE_MC", "cornername": "Nominal"}
[2026-05-26 11:01:10.111 Z] [WARN] [cadence.virtuoso.ade.simulationMonitor] -     WARNING (CMI-2425): I19.I11.C1: `Acde' = 2.393 is unusually large.
        Further occurrences of this warning will be suppressed. {"history": "MonteCarlo.0", "point": 13, "testname": "TRAN_VDD_PULSE_MC", "cornername": "Nominal"}
[2026-05-26 11:01:10.111 Z] [WARN] [cadence.virtuoso.ade.simulationMonitor] -     WARNING (CMI-2424): I19.I11.C1: `Voffcv' = -867.4e-03 is unusually small. {"history": "MonteCarlo.0", "point": 13, "testname": "TRAN_VDD_PULSE_MC", "cornername": "Nominal"}
[2026-05-26 11:01:10.111 Z] [WARN] [cadence.virtuoso.ade.simulationMonitor] -     WARNING (CMI-2424): I19.I12.C0: `Voffcv' = -867.4e-03 is unusually small. {"history": "MonteCarlo.0", "point": 13, "testname": "TRAN_VDD_PULSE_MC", "cornername": "Nominal"}
[2026-05-26 11:01:10.111 Z] [WARN] [cadence.virtuoso.ade.simulationMonitor] -     WARNING (CMI-2424): I19.I12.C1: `Voffcv' = -867.4e-03 is unusually small.
        Further occurrences of this warning will be suppressed. {"history": "MonteCarlo.0", "point": 13, "testname": "TRAN_VDD_PULSE_MC", "cornername": "Nominal"}
[2026-05-26 11:01:10.111 Z] [INFO] [cadence.virtuoso.ade.simulationMonitor] - Notice from spectre during DC analysis `dcOp', during Monte Carlo analysis `mc1'.
    GminDC = 1 pS is large enough to noticeably affect the DC solution.
        dV(I19.I2.C1.d1) = 1.40515 mV
        Use the `gmin_check' option to eliminate or expand this report.
    Bad pivoting is found during DC analysis. Option dc_pivot_check=yes is recommended for possible improvement of convergence. {"history": "MonteCarlo.0", "point": 13, "testname": "TRAN_VDD_PULSE_MC", "cornername": "Nominal"}
[2026-05-26 11:01:10.111 Z] [WARN] [cadence.virtuoso.ade.simulationMonitor] -     WARNING (CMI-2139): I19.I2.I8.MP5: The bulk-drain junction current exceeds `imelt'.  The results computed by Spectre may be inaccurate because the junction current model has been linearized. {"history": "MonteCarlo.0", "point": 13, "testname": "TRAN_VDD_PULSE_MC", "cornername": "Nominal"}
[2026-05-26 11:01:10.111 Z] [WARN] [cadence.virtuoso.ade.simulationMonitor] -     WARNING (CMI-2144): I19.I2.I8.MP5: The bulk-drain junction current exceeds `imax'. {"history": "MonteCarlo.0", "point": 13, "testname": "TRAN_VDD_PULSE_MC", "cornername": "Nominal"}
[2026-05-26 11:01:10.111 Z] [WARN] [cadence.virtuoso.ade.simulationMonitor] -     WARNING (CMI-2139): I19.I2.I8.MP6: The bulk-drain junction current exceeds `imelt'.  The results computed by Spectre may be inaccurate because the junction current model has been linearized. {"history": "MonteCarlo.0", "point": 13, "testname": "TRAN_VDD_PULSE_MC", "cornername": "Nominal"}
[2026-05-26 11:01:10.111 Z] [WARN] [cadence.virtuoso.ade.simulationMonitor] -     WARNING (CMI-2144): I19.I2.I8.MP6: The bulk-drain junction current exceeds `imax'. {"history": "MonteCarlo.0", "point": 13, "testname": "TRAN_VDD_PULSE_MC", "cornername": "Nominal"}
[2026-05-26 11:01:10.111 Z] [WARN] [cadence.virtuoso.ade.simulationMonitor] -     WARNING (CMI-2139): I19.I2.I8.MP7: The bulk-drain junction current exceeds `imelt'.  The results computed by Spectre may be inaccurate because the junction current model has been linearized. {"history": "MonteCarlo.0", "point": 13, "testname": "TRAN_VDD_PULSE_MC", "cornername": "Nominal"}
[2026-05-26 11:01:10.112 Z] [WARN] [cadence.virtuoso.ade.simulationMonitor] -     WARNING (CMI-2144): I19.I2.I8.MP7: The bulk-drain junction current exceeds `imax'. {"history": "MonteCarlo.0", "point": 13, "testname": "TRAN_VDD_PULSE_MC", "cornername": "Nominal"}
[2026-05-26 11:01:10.112 Z] [WARN] [cadence.virtuoso.ade.simulationMonitor] -     WARNING (CMI-2139): I19.I2.I8.MP8: The bulk-drain junction current exceeds `imelt'.  The results computed by Spectre may be inaccurate because the junction current model has been linearized. {"history": "MonteCarlo.0", "point": 13, "testname": "TRAN_VDD_PULSE_MC", "cornername": "Nominal"}
[2026-05-26 11:01:10.112 Z] [WARN] [cadence.virtuoso.ade.simulationMonitor] -     WARNING (CMI-2144): I19.I2.I8.MP8: The bulk-drain junction current exceeds `imax'. {"history": "MonteCarlo.0", "point": 13, "testname": "TRAN_VDD_PULSE_MC", "cornername": "Nominal"}
[2026-05-26 11:01:10.112 Z] [WARN] [cadence.virtuoso.ade.simulationMonitor] -     WARNING (CMI-2139): I19.I0.MP10: The bulk-drain junction current exceeds `imelt'.  The results computed by Spectre may be inaccurate because the junction current model has been linearized.
        Further occurrences of this warning will be suppressed. {"history": "MonteCarlo.0", "point": 13, "testname": "TRAN_VDD_PULSE_MC", "cornername": "Nominal"}
[2026-05-26 11:01:10.112 Z] [WARN] [cadence.virtuoso.ade.simulationMonitor] -     WARNING (CMI-2144): I19.I0.MP10: The bulk-drain junction current exceeds `imax'.
        Further occurrences of this warning will be suppressed. {"history": "MonteCarlo.0", "point": 13, "testname": "TRAN_VDD_PULSE_MC", "cornername": "Nominal"}
[2026-05-26 11:01:10.112 Z] [WARN] [cadence.virtuoso.ade.simulationMonitor] -     WARNING (CMI-2943): Parameter checks have been ignored because the valid value for parameter 'trise' could not be found in 'C0'. {"history": "MonteCarlo.0", "point": 13, "testname": "TRAN_VDD_PULSE_MC", "cornername": "Nominal"}
[2026-05-26 11:01:10.112 Z] [WARN] [cadence.virtuoso.ade.simulationMonitor] -     WARNING (CMI-2943): Parameter checks have been ignored because the valid value for parameter 'trise' could not be found in 'C3'. {"history": "MonteCarlo.0", "point": 13, "testname": "TRAN_VDD_PULSE_MC", "cornername": "Nominal"}
[2026-05-26 11:01:10.112 Z] [WARN] [cadence.virtuoso.ade.simulationMonitor] -     WARNING (CMI-2943): Parameter checks have been ignored because the valid value for parameter 'trise' could not be found in 'C4'. {"history": "MonteCarlo.0", "point": 13, "testname": "TRAN_VDD_PULSE_MC", "cornername": "Nominal"}
[2026-05-26 11:01:10.112 Z] [WARN] [cadence.virtuoso.ade.simulationMonitor] -     WARNING (CMI-2943): Parameter checks have been ignored because the valid value for parameter 'trise' could not be found in 'C5'. {"history": "MonteCarlo.0", "point": 13, "testname": "TRAN_VDD_PULSE_MC", "cornername": "Nominal"}
[2026-05-26 11:01:10.112 Z] [WARN] [cadence.virtuoso.ade.simulationMonitor] -     WARNING (CMI-2943): Parameter checks have been ignored because the valid value for parameter 'trise' could not be found in 'I19.I4.C9<0>_turbo_m6.C1'.
        Further occurrences of this warning will be suppressed. {"history": "MonteCarlo.0", "point": 13, "testname": "TRAN_VDD_PULSE_MC", "cornername": "Nominal"}
[2026-05-26 11:01:10.112 Z] [PROCESS] [cadence.virtuoso.ade.simulationMonitor] - Finished simulating for one iteration {"hostname": "edatools", "processid": 259513, "history": "MonteCarlo.0", "testname": "TRAN_VDD_PULSE_MC", "cornername": "Nominal", "point": 13, "logfile": "/home/saul/projects/IL2244_VT26_SAUL/logs_saul/logs0/Job53.log", "simid": "7"}
[2026-05-26 11:01:10.112 Z] [PROCESS] [cadence.virtuoso.ade.simulationMonitor] - Started Simulation {"hostname": "edatools", "processid": 259513, "history": "MonteCarlo.0", "testname": "TRAN_VDD_PULSE_MC", "cornername": "Nominal", "point": 14, "logfile": "/home/saul/projects/IL2244_VT26_SAUL/logs_saul/logs0/Job53.log", "event": "started", "task": "simulation"}
[2026-05-26 11:01:10.612 Z] [INFO] [cadence.virtuoso.ade.simulationMonitor] - Total time required for dc analysis `dcOp': CPU = 13.91 ms, elapsed = 31.496 ms, util. = 44.2%. {"history": "MonteCarlo.0", "point": 14, "testname": "TRAN_VDD_PULSE_MC", "cornername": "Nominal"}
[2026-05-26 11:01:10.613 Z] [INFO] [cadence.virtuoso.ade.simulationMonitor] - Peak resident memory used = 232 Mbytes. {"history": "MonteCarlo.0", "point": 14, "testname": "TRAN_VDD_PULSE_MC", "cornername": "Nominal"}
[2026-05-26 11:01:10.613 Z] [INFO] [cadence.virtuoso.ade.simulationMonitor] - Notice from spectre during Monte Carlo analysis `mc1'.
    8 notices suppressed.
    286 warnings suppressed. {"history": "MonteCarlo.0", "point": 14, "testname": "TRAN_VDD_PULSE_MC", "cornername": "Nominal"}
[2026-05-26 11:01:10.613 Z] [WARN] [cadence.virtuoso.ade.simulationMonitor] -     WARNING (CMI-2425): I19.I0.C1<0>_dummy: `Acde' = 2.393 is unusually large. {"history": "MonteCarlo.0", "point": 14, "testname": "TRAN_VDD_PULSE_MC", "cornername": "Nominal"}
[2026-05-26 11:01:10.613 Z] [WARN] [cadence.virtuoso.ade.simulationMonitor] -     WARNING (CMI-2425): I19.I0.C1<0>_dummy: `Noff' = 4.732 is unusually large. {"history": "MonteCarlo.0", "point": 14, "testname": "TRAN_VDD_PULSE_MC", "cornername": "Nominal"}
[2026-05-26 11:01:10.613 Z] [WARN] [cadence.virtuoso.ade.simulationMonitor] -     WARNING (CMI-2424): I19.I0.C1<0>_dummy: `Voffcv' = -867.4e-03 is unusually small. {"history": "MonteCarlo.0", "point": 14, "testname": "TRAN_VDD_PULSE_MC", "cornername": "Nominal"}
[2026-05-26 11:01:10.613 Z] [INFO] [cadence.virtuoso.ade.simulationMonitor] - Notice from spectre during IC analysis, during transient analysis `tran', during Monte Carlo analysis `mc1'.
    GminDC = 1 pS is large enough to noticeably affect the DC solution.
        dV(I19.I2.C1.d1) = 1.40515 mV
        Use the `gmin_check' option to eliminate or expand this report.
    Bad pivoting is found during DC analysis. Option dc_pivot_check=yes is recommended for possible improvement of convergence. {"history": "MonteCarlo.0", "point": 14, "testname": "TRAN_VDD_PULSE_MC", "cornername": "Nominal"}
[2026-05-26 11:01:10.613 Z] [WARN] [cadence.virtuoso.ade.simulationMonitor] -     WARNING (CMI-2139): I19.I2.I8.MP5: The bulk-drain junction current exceeds `imelt'.  The results computed by Spectre may be inaccurate because the junction current model has been linearized. {"history": "MonteCarlo.0", "point": 14, "testname": "TRAN_VDD_PULSE_MC", "cornername": "Nominal"}
[2026-05-26 11:01:10.613 Z] [WARN] [cadence.virtuoso.ade.simulationMonitor] -     WARNING (CMI-2144): I19.I2.I8.MP5: The bulk-drain junction current exceeds `imax'. {"history": "MonteCarlo.0", "point": 14, "testname": "TRAN_VDD_PULSE_MC", "cornername": "Nominal"}
[2026-05-26 11:01:10.613 Z] [WARN] [cadence.virtuoso.ade.simulationMonitor] -     WARNING (CMI-2139): I19.I2.I8.MP6: The bulk-drain junction current exceeds `imelt'.  The results computed by Spectre may be inaccurate because the junction current model has been linearized. {"history": "MonteCarlo.0", "point": 14, "testname": "TRAN_VDD_PULSE_MC", "cornername": "Nominal"}
[2026-05-26 11:01:10.613 Z] [WARN] [cadence.virtuoso.ade.simulationMonitor] -     WARNING (CMI-2144): I19.I2.I8.MP6: The bulk-drain junction current exceeds `imax'. {"history": "MonteCarlo.0", "point": 14, "testname": "TRAN_VDD_PULSE_MC", "cornername": "Nominal"}
[2026-05-26 11:01:10.613 Z] [WARN] [cadence.virtuoso.ade.simulationMonitor] -     WARNING (CMI-2139): I19.I2.I8.MP7: The bulk-drain junction current exceeds `imelt'.  The results computed by Spectre may be inaccurate because the junction current model has been linearized. {"history": "MonteCarlo.0", "point": 14, "testname": "TRAN_VDD_PULSE_MC", "cornername": "Nominal"}
[2026-05-26 11:01:10.613 Z] [WARN] [cadence.virtuoso.ade.simulationMonitor] -     WARNING (CMI-2144): I19.I2.I8.MP7: The bulk-drain junction current exceeds `imax'. {"history": "MonteCarlo.0", "point": 14, "testname": "TRAN_VDD_PULSE_MC", "cornername": "Nominal"}
[2026-05-26 11:01:10.613 Z] [WARN] [cadence.virtuoso.ade.simulationMonitor] -     WARNING (CMI-2139): I19.I2.I8.MP8: The bulk-drain junction current exceeds `imelt'.  The results computed by Spectre may be inaccurate because the junction current model has been linearized. {"history": "MonteCarlo.0", "point": 14, "testname": "TRAN_VDD_PULSE_MC", "cornername": "Nominal"}
[2026-05-26 11:01:10.614 Z] [WARN] [cadence.virtuoso.ade.simulationMonitor] -     WARNING (CMI-2144): I19.I2.I8.MP8: The bulk-drain junction current exceeds `imax'. {"history": "MonteCarlo.0", "point": 14, "testname": "TRAN_VDD_PULSE_MC", "cornername": "Nominal"}
[2026-05-26 11:01:10.614 Z] [WARN] [cadence.virtuoso.ade.simulationMonitor] -     WARNING (CMI-2139): I19.I0.MP10: The bulk-drain junction current exceeds `imelt'.  The results computed by Spectre may be inaccurate because the junction current model has been linearized.
        Further occurrences of this warning will be suppressed. {"history": "MonteCarlo.0", "point": 14, "testname": "TRAN_VDD_PULSE_MC", "cornername": "Nominal"}
[2026-05-26 11:01:10.614 Z] [WARN] [cadence.virtuoso.ade.simulationMonitor] -     WARNING (CMI-2144): I19.I0.MP10: The bulk-drain junction current exceeds `imax'.
        Further occurrences of this warning will be suppressed. {"history": "MonteCarlo.0", "point": 14, "testname": "TRAN_VDD_PULSE_MC", "cornername": "Nominal"}
[2026-05-26 11:01:10.614 Z] [WARN] [cadence.virtuoso.ade.simulationMonitor] -     WARNING (CMI-2943): Parameter checks have been ignored because the valid value for parameter 'trise' could not be found in 'C0'. {"history": "MonteCarlo.0", "point": 14, "testname": "TRAN_VDD_PULSE_MC", "cornername": "Nominal"}
[2026-05-26 11:01:10.614 Z] [WARN] [cadence.virtuoso.ade.simulationMonitor] -     WARNING (CMI-2943): Parameter checks have been ignored because the valid value for parameter 'trise' could not be found in 'C3'. {"history": "MonteCarlo.0", "point": 14, "testname": "TRAN_VDD_PULSE_MC", "cornername": "Nominal"}
[2026-05-26 11:01:10.614 Z] [WARN] [cadence.virtuoso.ade.simulationMonitor] -     WARNING (CMI-2943): Parameter checks have been ignored because the valid value for parameter 'trise' could not be found in 'C4'. {"history": "MonteCarlo.0", "point": 14, "testname": "TRAN_VDD_PULSE_MC", "cornername": "Nominal"}
[2026-05-26 11:01:10.614 Z] [WARN] [cadence.virtuoso.ade.simulationMonitor] -     WARNING (CMI-2943): Parameter checks have been ignored because the valid value for parameter 'trise' could not be found in 'C5'. {"history": "MonteCarlo.0", "point": 14, "testname": "TRAN_VDD_PULSE_MC", "cornername": "Nominal"}
[2026-05-26 11:01:10.614 Z] [WARN] [cadence.virtuoso.ade.simulationMonitor] -     WARNING (CMI-2943): Parameter checks have been ignored because the valid value for parameter 'trise' could not be found in 'I19.I4.C9<0>_turbo_m6.C1'.
        Further occurrences of this warning will be suppressed. {"history": "MonteCarlo.0", "point": 14, "testname": "TRAN_VDD_PULSE_MC", "cornername": "Nominal"}
[2026-05-26 11:01:10.614 Z] [INFO] [cadence.virtuoso.ade.simulationMonitor] - Notice from spectre during transient analysis `tran', during Monte Carlo analysis `mc1'.
    Multithreading is disabled due to the size of the design being too small. {"history": "MonteCarlo.0", "point": 14, "testname": "TRAN_VDD_PULSE_MC", "cornername": "Nominal"}
[2026-05-26 11:01:10.614 Z] [INFO] [cadence.virtuoso.ade.simulationMonitor] - Notice from spectre at time = 204.517 us during transient analysis `tran', during Monte Carlo analysis `mc1'.
    I19.I2.I8.MP5: The bulk-drain junction leaves the linearized region.
    I19.I2.I8.MP5: The bulk-drain junction current no longer exceeds `imax'.
    I19.I2.I8.MP6: The bulk-drain junction leaves the linearized region.
    I19.I2.I8.MP6: The bulk-drain junction current no longer exceeds `imax'.
    I19.I2.I8.MP7: The bulk-drain junction leaves the linearized region.
    I19.I2.I8.MP7: The bulk-... {"history": "MonteCarlo.0", "point": 14, "testname": "TRAN_VDD_PULSE_MC", "cornername": "Nominal"}
[2026-05-26 11:02:56.158 Z] [INFO] [cadence.virtuoso.ade.simulationMonitor] - Total time required for tran analysis `tran': CPU = 105.888 s (1m  45.9s), elapsed = 105.92 s (1m  45.9s), util. = 100%. {"history": "MonteCarlo.0", "point": 14, "testname": "TRAN_VDD_PULSE_MC", "cornername": "Nominal"}
[2026-05-26 11:02:56.158 Z] [INFO] [cadence.virtuoso.ade.simulationMonitor] - Peak resident memory used = 233 Mbytes. {"history": "MonteCarlo.0", "point": 14, "testname": "TRAN_VDD_PULSE_MC", "cornername": "Nominal"}
[2026-05-26 11:02:56.158 Z] [INFO] [cadence.virtuoso.ade.simulationMonitor] - Notice from spectre during transient analysis `tran', during Monte Carlo analysis `mc1'.
    2 notices suppressed.
    260 warnings suppressed. {"history": "MonteCarlo.0", "point": 14, "testname": "TRAN_VDD_PULSE_MC", "cornername": "Nominal"}
[2026-05-26 11:02:56.158 Z] [WARN] [cadence.virtuoso.ade.simulationMonitor] -     WARNING (CMI-2425): I19.I0.C1<0>_dummy: `Acde' = 2.393 is unusually large. {"history": "MonteCarlo.0", "point": 14, "testname": "TRAN_VDD_PULSE_MC", "cornername": "Nominal"}
[2026-05-26 11:02:56.158 Z] [WARN] [cadence.virtuoso.ade.simulationMonitor] -     WARNING (CMI-2425): I19.I0.C1<0>_dummy: `Noff' = 4.732 is unusually large. {"history": "MonteCarlo.0", "point": 14, "testname": "TRAN_VDD_PULSE_MC", "cornername": "Nominal"}
[2026-05-26 11:02:56.158 Z] [WARN] [cadence.virtuoso.ade.simulationMonitor] -     WARNING (CMI-2424): I19.I0.C1<0>_dummy: `Voffcv' = -867.4e-03 is unusually small. {"history": "MonteCarlo.0", "point": 14, "testname": "TRAN_VDD_PULSE_MC", "cornername": "Nominal"}
[2026-05-26 11:02:56.159 Z] [WARN] [cadence.virtuoso.ade.simulationMonitor] -     WARNING (CMI-2425): I19.I0.C1<0>_dummy: `Acde' = 2.393 is unusually large. {"history": "MonteCarlo.0", "point": 14, "testname": "TRAN_VDD_PULSE_MC", "cornername": "Nominal"}
[2026-05-26 11:02:56.159 Z] [WARN] [cadence.virtuoso.ade.simulationMonitor] -     WARNING (CMI-2425): I19.I0.C1<0>_dummy: `Noff' = 4.732 is unusually large. {"history": "MonteCarlo.0", "point": 14, "testname": "TRAN_VDD_PULSE_MC", "cornername": "Nominal"}
[2026-05-26 11:02:56.159 Z] [WARN] [cadence.virtuoso.ade.simulationMonitor] -     WARNING (CMI-2424): I19.I0.C1<0>_dummy: `Voffcv' = -867.4e-03 is unusually small. {"history": "MonteCarlo.0", "point": 14, "testname": "TRAN_VDD_PULSE_MC", "cornername": "Nominal"}
[2026-05-26 11:02:56.159 Z] [PROCESS] [cadence.virtuoso.ade.simulationMonitor] - Finished simulating for one iteration {"hostname": "edatools", "processid": 259513, "history": "MonteCarlo.0", "testname": "TRAN_VDD_PULSE_MC", "cornername": "Nominal", "point": 14, "logfile": "/home/saul/projects/IL2244_VT26_SAUL/logs_saul/logs0/Job53.log", "simid": "7"}
[2026-05-26 11:02:56.159 Z] [PROCESS] [cadence.virtuoso.ade.simulationMonitor] - Started Simulation {"hostname": "edatools", "processid": 259513, "history": "MonteCarlo.0", "testname": "TRAN_VDD_PULSE_MC", "cornername": "Nominal", "point": 15, "logfile": "/home/saul/projects/IL2244_VT26_SAUL/logs_saul/logs0/Job53.log", "event": "started", "task": "simulation"}
[2026-05-26 11:02:56.659 Z] [INFO] [cadence.virtuoso.ade.simulationMonitor] - Notice from spectre during Monte Carlo analysis `mc1'.
    V17: `period' has the unusually large value of 20 s.
    V17: `width' has the unusually large value of 19 s.
    V16: `period' has the unusually large value of 10 s.
    V16: `width' has the unusually large value of 9 s.
    V9: `period' has the unusually large value of 10 s.
        Further occurrences of this notice will be suppressed. {"history": "MonteCarlo.0", "point": 15, "testname": "TRAN_VDD_PULSE_MC", "cornername": "Nominal"}
[2026-05-26 11:02:56.659 Z] [INFO] [cadence.virtuoso.ade.simulationMonitor] - Notice from spectre in `rpolyhc':`I19.I0.R10', in `fecg_cmfb2_f':`I19.I0', in `fecg_front_end_f_3':`I19', during Monte Carlo analysis `mc1'.
    I19.I0.R10.CS0 of rpolyhc: `c' has the unusually small value of 0 F.
    I19.I0.R10.CS1 of rpolyhc: `c' has the unusually small value of 0 F. {"history": "MonteCarlo.0", "point": 15, "testname": "TRAN_VDD_PULSE_MC", "cornername": "Nominal"}
[2026-05-26 11:02:56.660 Z] [INFO] [cadence.virtuoso.ade.simulationMonitor] - Notice from spectre in `rpolyhc':`I19.I0.R9', in `fecg_cmfb2_f':`I19.I0', in `fecg_front_end_f_3':`I19', during Monte Carlo analysis `mc1'.
    I19.I0.R9.CS0 of rpolyhc: `c' has the unusually small value of 0 F.
    I19.I0.R9.CS1 of rpolyhc: `c' has the unusually small value of 0 F. {"history": "MonteCarlo.0", "point": 15, "testname": "TRAN_VDD_PULSE_MC", "cornername": "Nominal"}
[2026-05-26 11:02:56.660 Z] [INFO] [cadence.virtuoso.ade.simulationMonitor] - Notice from spectre in `rpolyhc':`I19.I0.R7', in `fecg_cmfb2_f':`I19.I0', in `fecg_front_end_f_3':`I19', during Monte Carlo analysis `mc1'.
    I19.I0.R7.CS0 of rpolyhc: `c' has the unusually small value of 0 F.
        Further occurrences of this notice will be suppressed. {"history": "MonteCarlo.0", "point": 15, "testname": "TRAN_VDD_PULSE_MC", "cornername": "Nominal"}
[2026-05-26 11:02:56.660 Z] [WARN] [cadence.virtuoso.ade.simulationMonitor] -     WARNING (CMI-2425): I19.I2.C1: `Acde' = 2.393 is unusually large. {"history": "MonteCarlo.0", "point": 15, "testname": "TRAN_VDD_PULSE_MC", "cornername": "Nominal"}
[2026-05-26 11:02:56.660 Z] [WARN] [cadence.virtuoso.ade.simulationMonitor] -     WARNING (CMI-2425): I19.I2.C1: `Noff' = 4.732 is unusually large. {"history": "MonteCarlo.0", "point": 15, "testname": "TRAN_VDD_PULSE_MC", "cornername": "Nominal"}
[2026-05-26 11:02:56.660 Z] [WARN] [cadence.virtuoso.ade.simulationMonitor] -     WARNING (CMI-2424): I19.I2.C1: `Voffcv' = -867.4e-03 is unusually small. {"history": "MonteCarlo.0", "point": 15, "testname": "TRAN_VDD_PULSE_MC", "cornername": "Nominal"}
[2026-05-26 11:02:56.660 Z] [WARN] [cadence.virtuoso.ade.simulationMonitor] -     WARNING (CMI-2425): I19.I11.C0: `Acde' = 2.393 is unusually large. {"history": "MonteCarlo.0", "point": 15, "testname": "TRAN_VDD_PULSE_MC", "cornername": "Nominal"}
[2026-05-26 11:02:56.660 Z] [WARN] [cadence.virtuoso.ade.simulationMonitor] -     WARNING (CMI-2425): I19.I11.C0: `Noff' = 4.732 is unusually large. {"history": "MonteCarlo.0", "point": 15, "testname": "TRAN_VDD_PULSE_MC", "cornername": "Nominal"}
[2026-05-26 11:02:56.660 Z] [WARN] [cadence.virtuoso.ade.simulationMonitor] -     WARNING (CMI-2424): I19.I11.C0: `Voffcv' = -867.4e-03 is unusually small. {"history": "MonteCarlo.0", "point": 15, "testname": "TRAN_VDD_PULSE_MC", "cornername": "Nominal"}
[2026-05-26 11:02:56.661 Z] [WARN] [cadence.virtuoso.ade.simulationMonitor] -     WARNING (CMI-2425): I19.I11.C1: `Acde' = 2.393 is unusually large.
        Further occurrences of this warning will be suppressed. {"history": "MonteCarlo.0", "point": 15, "testname": "TRAN_VDD_PULSE_MC", "cornername": "Nominal"}
[2026-05-26 11:02:56.661 Z] [WARN] [cadence.virtuoso.ade.simulationMonitor] -     WARNING (CMI-2424): I19.I11.C1: `Voffcv' = -867.4e-03 is unusually small. {"history": "MonteCarlo.0", "point": 15, "testname": "TRAN_VDD_PULSE_MC", "cornername": "Nominal"}
[2026-05-26 11:02:56.661 Z] [WARN] [cadence.virtuoso.ade.simulationMonitor] -     WARNING (CMI-2424): I19.I12.C0: `Voffcv' = -867.4e-03 is unusually small. {"history": "MonteCarlo.0", "point": 15, "testname": "TRAN_VDD_PULSE_MC", "cornername": "Nominal"}
[2026-05-26 11:02:56.661 Z] [WARN] [cadence.virtuoso.ade.simulationMonitor] -     WARNING (CMI-2424): I19.I12.C1: `Voffcv' = -867.4e-03 is unusually small.
        Further occurrences of this warning will be suppressed. {"history": "MonteCarlo.0", "point": 15, "testname": "TRAN_VDD_PULSE_MC", "cornername": "Nominal"}
[2026-05-26 11:02:56.661 Z] [INFO] [cadence.virtuoso.ade.simulationMonitor] - Notice from spectre during DC analysis `dcOp', during Monte Carlo analysis `mc1'.
    GminDC = 1 pS is large enough to noticeably affect the DC solution.
        dV(I19.I2.C1.s1) = 1.16569 mV
        Use the `gmin_check' option to eliminate or expand this report.
    Bad pivoting is found during DC analysis. Option dc_pivot_check=yes is recommended for possible improvement of convergence. {"history": "MonteCarlo.0", "point": 15, "testname": "TRAN_VDD_PULSE_MC", "cornername": "Nominal"}
[2026-05-26 11:02:56.661 Z] [WARN] [cadence.virtuoso.ade.simulationMonitor] -     WARNING (CMI-2139): I19.I2.I8.MP5: The bulk-drain junction current exceeds `imelt'.  The results computed by Spectre may be inaccurate because the junction current model has been linearized. {"history": "MonteCarlo.0", "point": 15, "testname": "TRAN_VDD_PULSE_MC", "cornername": "Nominal"}
[2026-05-26 11:02:56.661 Z] [WARN] [cadence.virtuoso.ade.simulationMonitor] -     WARNING (CMI-2144): I19.I2.I8.MP5: The bulk-drain junction current exceeds `imax'. {"history": "MonteCarlo.0", "point": 15, "testname": "TRAN_VDD_PULSE_MC", "cornername": "Nominal"}
[2026-05-26 11:02:56.661 Z] [WARN] [cadence.virtuoso.ade.simulationMonitor] -     WARNING (CMI-2139): I19.I2.I8.MP6: The bulk-drain junction current exceeds `imelt'.  The results computed by Spectre may be inaccurate because the junction current model has been linearized. {"history": "MonteCarlo.0", "point": 15, "testname": "TRAN_VDD_PULSE_MC", "cornername": "Nominal"}
[2026-05-26 11:02:56.661 Z] [WARN] [cadence.virtuoso.ade.simulationMonitor] -     WARNING (CMI-2144): I19.I2.I8.MP6: The bulk-drain junction current exceeds `imax'. {"history": "MonteCarlo.0", "point": 15, "testname": "TRAN_VDD_PULSE_MC", "cornername": "Nominal"}
[2026-05-26 11:02:56.661 Z] [WARN] [cadence.virtuoso.ade.simulationMonitor] -     WARNING (CMI-2139): I19.I2.I8.MP7: The bulk-drain junction current exceeds `imelt'.  The results computed by Spectre may be inaccurate because the junction current model has been linearized. {"history": "MonteCarlo.0", "point": 15, "testname": "TRAN_VDD_PULSE_MC", "cornername": "Nominal"}
[2026-05-26 11:02:56.661 Z] [WARN] [cadence.virtuoso.ade.simulationMonitor] -     WARNING (CMI-2144): I19.I2.I8.MP7: The bulk-drain junction current exceeds `imax'. {"history": "MonteCarlo.0", "point": 15, "testname": "TRAN_VDD_PULSE_MC", "cornername": "Nominal"}
[2026-05-26 11:02:56.661 Z] [WARN] [cadence.virtuoso.ade.simulationMonitor] -     WARNING (CMI-2139): I19.I2.I8.MP8: The bulk-drain junction current exceeds `imelt'.  The results computed by Spectre may be inaccurate because the junction current model has been linearized. {"history": "MonteCarlo.0", "point": 15, "testname": "TRAN_VDD_PULSE_MC", "cornername": "Nominal"}
[2026-05-26 11:02:56.661 Z] [WARN] [cadence.virtuoso.ade.simulationMonitor] -     WARNING (CMI-2144): I19.I2.I8.MP8: The bulk-drain junction current exceeds `imax'. {"history": "MonteCarlo.0", "point": 15, "testname": "TRAN_VDD_PULSE_MC", "cornername": "Nominal"}
[2026-05-26 11:02:56.661 Z] [WARN] [cadence.virtuoso.ade.simulationMonitor] -     WARNING (CMI-2139): I19.I0.MP10: The bulk-drain junction current exceeds `imelt'.  The results computed by Spectre may be inaccurate because the junction current model has been linearized.
        Further occurrences of this warning will be suppressed. {"history": "MonteCarlo.0", "point": 15, "testname": "TRAN_VDD_PULSE_MC", "cornername": "Nominal"}
[2026-05-26 11:02:56.662 Z] [WARN] [cadence.virtuoso.ade.simulationMonitor] -     WARNING (CMI-2144): I19.I0.MP10: The bulk-drain junction current exceeds `imax'.
        Further occurrences of this warning will be suppressed. {"history": "MonteCarlo.0", "point": 15, "testname": "TRAN_VDD_PULSE_MC", "cornername": "Nominal"}
[2026-05-26 11:02:56.662 Z] [WARN] [cadence.virtuoso.ade.simulationMonitor] -     WARNING (CMI-2943): Parameter checks have been ignored because the valid value for parameter 'trise' could not be found in 'C0'. {"history": "MonteCarlo.0", "point": 15, "testname": "TRAN_VDD_PULSE_MC", "cornername": "Nominal"}
[2026-05-26 11:02:56.662 Z] [WARN] [cadence.virtuoso.ade.simulationMonitor] -     WARNING (CMI-2943): Parameter checks have been ignored because the valid value for parameter 'trise' could not be found in 'C3'. {"history": "MonteCarlo.0", "point": 15, "testname": "TRAN_VDD_PULSE_MC", "cornername": "Nominal"}
[2026-05-26 11:02:56.662 Z] [WARN] [cadence.virtuoso.ade.simulationMonitor] -     WARNING (CMI-2943): Parameter checks have been ignored because the valid value for parameter 'trise' could not be found in 'C4'. {"history": "MonteCarlo.0", "point": 15, "testname": "TRAN_VDD_PULSE_MC", "cornername": "Nominal"}
[2026-05-26 11:02:56.662 Z] [WARN] [cadence.virtuoso.ade.simulationMonitor] -     WARNING (CMI-2943): Parameter checks have been ignored because the valid value for parameter 'trise' could not be found in 'C5'. {"history": "MonteCarlo.0", "point": 15, "testname": "TRAN_VDD_PULSE_MC", "cornername": "Nominal"}
[2026-05-26 11:02:56.662 Z] [WARN] [cadence.virtuoso.ade.simulationMonitor] -     WARNING (CMI-2943): Parameter checks have been ignored because the valid value for parameter 'trise' could not be found in 'I19.I4.C9<0>_turbo_m6.C1'.
        Further occurrences of this warning will be suppressed. {"history": "MonteCarlo.0", "point": 15, "testname": "TRAN_VDD_PULSE_MC", "cornername": "Nominal"}
[2026-05-26 11:02:56.662 Z] [INFO] [cadence.virtuoso.ade.simulationMonitor] - Total time required for dc analysis `dcOp': CPU = 13.704 ms, elapsed = 31.5831 ms, util. = 43.4%. {"history": "MonteCarlo.0", "point": 15, "testname": "TRAN_VDD_PULSE_MC", "cornername": "Nominal"}
[2026-05-26 11:02:56.662 Z] [INFO] [cadence.virtuoso.ade.simulationMonitor] - Peak resident memory used = 233 Mbytes. {"history": "MonteCarlo.0", "point": 15, "testname": "TRAN_VDD_PULSE_MC", "cornername": "Nominal"}
[2026-05-26 11:02:56.662 Z] [INFO] [cadence.virtuoso.ade.simulationMonitor] - Notice from spectre during Monte Carlo analysis `mc1'.
    8 notices suppressed.
    286 warnings suppressed. {"history": "MonteCarlo.0", "point": 15, "testname": "TRAN_VDD_PULSE_MC", "cornername": "Nominal"}
[2026-05-26 11:02:56.662 Z] [WARN] [cadence.virtuoso.ade.simulationMonitor] -     WARNING (CMI-2425): I19.I0.C1<0>_dummy: `Acde' = 2.393 is unusually large. {"history": "MonteCarlo.0", "point": 15, "testname": "TRAN_VDD_PULSE_MC", "cornername": "Nominal"}
[2026-05-26 11:02:56.662 Z] [WARN] [cadence.virtuoso.ade.simulationMonitor] -     WARNING (CMI-2425): I19.I0.C1<0>_dummy: `Noff' = 4.732 is unusually large. {"history": "MonteCarlo.0", "point": 15, "testname": "TRAN_VDD_PULSE_MC", "cornername": "Nominal"}
[2026-05-26 11:02:56.662 Z] [WARN] [cadence.virtuoso.ade.simulationMonitor] -     WARNING (CMI-2424): I19.I0.C1<0>_dummy: `Voffcv' = -867.4e-03 is unusually small. {"history": "MonteCarlo.0", "point": 15, "testname": "TRAN_VDD_PULSE_MC", "cornername": "Nominal"}
[2026-05-26 11:02:56.662 Z] [INFO] [cadence.virtuoso.ade.simulationMonitor] - Notice from spectre during IC analysis, during transient analysis `tran', during Monte Carlo analysis `mc1'.
    GminDC = 1 pS is large enough to noticeably affect the DC solution.
        dV(I19.I2.C1.d1) = 1.16569 mV
        Use the `gmin_check' option to eliminate or expand this report.
    Bad pivoting is found during DC analysis. Option dc_pivot_check=yes is recommended for possible improvement of convergence. {"history": "MonteCarlo.0", "point": 15, "testname": "TRAN_VDD_PULSE_MC", "cornername": "Nominal"}
[2026-05-26 11:02:56.662 Z] [WARN] [cadence.virtuoso.ade.simulationMonitor] -     WARNING (CMI-2139): I19.I2.I8.MP5: The bulk-drain junction current exceeds `imelt'.  The results computed by Spectre may be inaccurate because the junction current model has been linearized. {"history": "MonteCarlo.0", "point": 15, "testname": "TRAN_VDD_PULSE_MC", "cornername": "Nominal"}
[2026-05-26 11:02:56.662 Z] [WARN] [cadence.virtuoso.ade.simulationMonitor] -     WARNING (CMI-2144): I19.I2.I8.MP5: The bulk-drain junction current exceeds `imax'. {"history": "MonteCarlo.0", "point": 15, "testname": "TRAN_VDD_PULSE_MC", "cornername": "Nominal"}
[2026-05-26 11:02:56.662 Z] [WARN] [cadence.virtuoso.ade.simulationMonitor] -     WARNING (CMI-2139): I19.I2.I8.MP6: The bulk-drain junction current exceeds `imelt'.  The results computed by Spectre may be inaccurate because the junction current model has been linearized. {"history": "MonteCarlo.0", "point": 15, "testname": "TRAN_VDD_PULSE_MC", "cornername": "Nominal"}
[2026-05-26 11:02:56.663 Z] [WARN] [cadence.virtuoso.ade.simulationMonitor] -     WARNING (CMI-2144): I19.I2.I8.MP6: The bulk-drain junction current exceeds `imax'. {"history": "MonteCarlo.0", "point": 15, "testname": "TRAN_VDD_PULSE_MC", "cornername": "Nominal"}
[2026-05-26 11:02:56.663 Z] [WARN] [cadence.virtuoso.ade.simulationMonitor] -     WARNING (CMI-2139): I19.I2.I8.MP7: The bulk-drain junction current exceeds `imelt'.  The results computed by Spectre may be inaccurate because the junction current model has been linearized. {"history": "MonteCarlo.0", "point": 15, "testname": "TRAN_VDD_PULSE_MC", "cornername": "Nominal"}
[2026-05-26 11:02:56.663 Z] [WARN] [cadence.virtuoso.ade.simulationMonitor] -     WARNING (CMI-2144): I19.I2.I8.MP7: The bulk-drain junction current exceeds `imax'. {"history": "MonteCarlo.0", "point": 15, "testname": "TRAN_VDD_PULSE_MC", "cornername": "Nominal"}
[2026-05-26 11:02:56.663 Z] [WARN] [cadence.virtuoso.ade.simulationMonitor] -     WARNING (CMI-2139): I19.I2.I8.MP8: The bulk-drain junction current exceeds `imelt'.  The results computed by Spectre may be inaccurate because the junction current model has been linearized. {"history": "MonteCarlo.0", "point": 15, "testname": "TRAN_VDD_PULSE_MC", "cornername": "Nominal"}
[2026-05-26 11:02:56.663 Z] [WARN] [cadence.virtuoso.ade.simulationMonitor] -     WARNING (CMI-2144): I19.I2.I8.MP8: The bulk-drain junction current exceeds `imax'. {"history": "MonteCarlo.0", "point": 15, "testname": "TRAN_VDD_PULSE_MC", "cornername": "Nominal"}
[2026-05-26 11:02:56.663 Z] [WARN] [cadence.virtuoso.ade.simulationMonitor] -     WARNING (CMI-2139): I19.I0.MP10: The bulk-drain junction current exceeds `imelt'.  The results computed by Spectre may be inaccurate because the junction current model has been linearized.
        Further occurrences of this warning will be suppressed. {"history": "MonteCarlo.0", "point": 15, "testname": "TRAN_VDD_PULSE_MC", "cornername": "Nominal"}
[2026-05-26 11:02:56.663 Z] [WARN] [cadence.virtuoso.ade.simulationMonitor] -     WARNING (CMI-2144): I19.I0.MP10: The bulk-drain junction current exceeds `imax'.
        Further occurrences of this warning will be suppressed. {"history": "MonteCarlo.0", "point": 15, "testname": "TRAN_VDD_PULSE_MC", "cornername": "Nominal"}
[2026-05-26 11:02:56.663 Z] [WARN] [cadence.virtuoso.ade.simulationMonitor] -     WARNING (CMI-2943): Parameter checks have been ignored because the valid value for parameter 'trise' could not be found in 'C0'. {"history": "MonteCarlo.0", "point": 15, "testname": "TRAN_VDD_PULSE_MC", "cornername": "Nominal"}
[2026-05-26 11:02:56.663 Z] [WARN] [cadence.virtuoso.ade.simulationMonitor] -     WARNING (CMI-2943): Parameter checks have been ignored because the valid value for parameter 'trise' could not be found in 'C3'. {"history": "MonteCarlo.0", "point": 15, "testname": "TRAN_VDD_PULSE_MC", "cornername": "Nominal"}
[2026-05-26 11:02:56.663 Z] [WARN] [cadence.virtuoso.ade.simulationMonitor] -     WARNING (CMI-2943): Parameter checks have been ignored because the valid value for parameter 'trise' could not be found in 'C4'. {"history": "MonteCarlo.0", "point": 15, "testname": "TRAN_VDD_PULSE_MC", "cornername": "Nominal"}
[2026-05-26 11:02:56.663 Z] [WARN] [cadence.virtuoso.ade.simulationMonitor] -     WARNING (CMI-2943): Parameter checks have been ignored because the valid value for parameter 'trise' could not be found in 'C5'. {"history": "MonteCarlo.0", "point": 15, "testname": "TRAN_VDD_PULSE_MC", "cornername": "Nominal"}
[2026-05-26 11:02:56.663 Z] [WARN] [cadence.virtuoso.ade.simulationMonitor] -     WARNING (CMI-2943): Parameter checks have been ignored because the valid value for parameter 'trise' could not be found in 'I19.I4.C9<0>_turbo_m6.C1'.
        Further occurrences of this warning will be suppressed. {"history": "MonteCarlo.0", "point": 15, "testname": "TRAN_VDD_PULSE_MC", "cornername": "Nominal"}
[2026-05-26 11:02:56.663 Z] [INFO] [cadence.virtuoso.ade.simulationMonitor] - Notice from spectre during transient analysis `tran', during Monte Carlo analysis `mc1'.
    Multithreading is disabled due to the size of the design being too small. {"history": "MonteCarlo.0", "point": 15, "testname": "TRAN_VDD_PULSE_MC", "cornername": "Nominal"}
[2026-05-26 11:02:56.663 Z] [INFO] [cadence.virtuoso.ade.simulationMonitor] - Notice from spectre at time = 203.269 us during transient analysis `tran', during Monte Carlo analysis `mc1'.
    I19.I2.I8.MP5: The bulk-drain junction leaves the linearized region.
    I19.I2.I8.MP5: The bulk-drain junction current no longer exceeds `imax'.
    I19.I2.I8.MP6: The bulk-drain junction leaves the linearized region.
    I19.I2.I8.MP6: The bulk-drain junction current no longer exceeds `imax'.
    I19.I2.I8.MP7: The bulk-drain junction leaves the linearized region.
    I19.I2.I8.MP7: The bulk-... {"history": "MonteCarlo.0", "point": 15, "testname": "TRAN_VDD_PULSE_MC", "cornername": "Nominal"}
[2026-05-26 11:04:31.203 Z] [INFO] [cadence.virtuoso.ade.simulationMonitor] - Total time required for tran analysis `tran': CPU = 94.7822 s (1m  34.8s), elapsed = 94.8108 s (1m  34.8s), util. = 100%. {"history": "MonteCarlo.0", "point": 15, "testname": "TRAN_VDD_PULSE_MC", "cornername": "Nominal"}
[2026-05-26 11:04:31.204 Z] [INFO] [cadence.virtuoso.ade.simulationMonitor] - Peak resident memory used = 233 Mbytes. {"history": "MonteCarlo.0", "point": 15, "testname": "TRAN_VDD_PULSE_MC", "cornername": "Nominal"}
[2026-05-26 11:04:31.204 Z] [INFO] [cadence.virtuoso.ade.simulationMonitor] - Notice from spectre during transient analysis `tran', during Monte Carlo analysis `mc1'.
    2 notices suppressed.
    260 warnings suppressed. {"history": "MonteCarlo.0", "point": 15, "testname": "TRAN_VDD_PULSE_MC", "cornername": "Nominal"}
[2026-05-26 11:04:31.204 Z] [WARN] [cadence.virtuoso.ade.simulationMonitor] -     WARNING (CMI-2425): I19.I0.C1<0>_dummy: `Acde' = 2.393 is unusually large. {"history": "MonteCarlo.0", "point": 15, "testname": "TRAN_VDD_PULSE_MC", "cornername": "Nominal"}
[2026-05-26 11:04:31.204 Z] [WARN] [cadence.virtuoso.ade.simulationMonitor] -     WARNING (CMI-2425): I19.I0.C1<0>_dummy: `Noff' = 4.732 is unusually large. {"history": "MonteCarlo.0", "point": 15, "testname": "TRAN_VDD_PULSE_MC", "cornername": "Nominal"}
[2026-05-26 11:04:31.204 Z] [WARN] [cadence.virtuoso.ade.simulationMonitor] -     WARNING (CMI-2424): I19.I0.C1<0>_dummy: `Voffcv' = -867.4e-03 is unusually small. {"history": "MonteCarlo.0", "point": 15, "testname": "TRAN_VDD_PULSE_MC", "cornername": "Nominal"}
[2026-05-26 11:04:31.204 Z] [WARN] [cadence.virtuoso.ade.simulationMonitor] -     WARNING (CMI-2425): I19.I0.C1<0>_dummy: `Acde' = 2.393 is unusually large. {"history": "MonteCarlo.0", "point": 15, "testname": "TRAN_VDD_PULSE_MC", "cornername": "Nominal"}
[2026-05-26 11:04:31.204 Z] [WARN] [cadence.virtuoso.ade.simulationMonitor] -     WARNING (CMI-2425): I19.I0.C1<0>_dummy: `Noff' = 4.732 is unusually large. {"history": "MonteCarlo.0", "point": 15, "testname": "TRAN_VDD_PULSE_MC", "cornername": "Nominal"}
[2026-05-26 11:04:31.205 Z] [WARN] [cadence.virtuoso.ade.simulationMonitor] -     WARNING (CMI-2424): I19.I0.C1<0>_dummy: `Voffcv' = -867.4e-03 is unusually small. {"history": "MonteCarlo.0", "point": 15, "testname": "TRAN_VDD_PULSE_MC", "cornername": "Nominal"}
[2026-05-26 11:04:31.205 Z] [INFO] [cadence.virtuoso.ade.simulationMonitor] - Notice from spectre during Monte Carlo analysis `mc1'.
    V17: `period' has the unusually large value of 20 s.
    V17: `width' has the unusually large value of 19 s.
    V16: `period' has the unusually large value of 10 s.
    V16: `width' has the unusually large value of 9 s.
    V9: `period' has the unusually large value of 10 s.
        Further occurrences of this notice will be suppressed. {"history": "MonteCarlo.0", "point": 15, "testname": "TRAN_VDD_PULSE_MC", "cornername": "Nominal"}
[2026-05-26 11:04:31.205 Z] [PROCESS] [cadence.virtuoso.ade.simulationMonitor] - Finished simulating for one iteration {"hostname": "edatools", "processid": 259513, "history": "MonteCarlo.0", "testname": "TRAN_VDD_PULSE_MC", "cornername": "Nominal", "point": 15, "logfile": "/home/saul/projects/IL2244_VT26_SAUL/logs_saul/logs0/Job53.log", "simid": "7"}
[2026-05-26 11:04:31.205 Z] [PROCESS] [cadence.virtuoso.ade.simulationMonitor] - Started Simulation {"hostname": "edatools", "processid": 259513, "history": "MonteCarlo.0", "testname": "TRAN_VDD_PULSE_MC", "cornername": "Nominal", "point": 16, "logfile": "/home/saul/projects/IL2244_VT26_SAUL/logs_saul/logs0/Job53.log", "event": "started", "task": "simulation"}
[2026-05-26 11:04:31.705 Z] [INFO] [cadence.virtuoso.ade.simulationMonitor] - Notice from spectre in `rpolyhc':`I19.I0.R10', in `fecg_cmfb2_f':`I19.I0', in `fecg_front_end_f_3':`I19', during Monte Carlo analysis `mc1'.
    I19.I0.R10.CS0 of rpolyhc: `c' has the unusually small value of 0 F.
    I19.I0.R10.CS1 of rpolyhc: `c' has the unusually small value of 0 F. {"history": "MonteCarlo.0", "point": 16, "testname": "TRAN_VDD_PULSE_MC", "cornername": "Nominal"}
[2026-05-26 11:04:31.705 Z] [INFO] [cadence.virtuoso.ade.simulationMonitor] - Notice from spectre in `rpolyhc':`I19.I0.R9', in `fecg_cmfb2_f':`I19.I0', in `fecg_front_end_f_3':`I19', during Monte Carlo analysis `mc1'.
    I19.I0.R9.CS0 of rpolyhc: `c' has the unusually small value of 0 F.
    I19.I0.R9.CS1 of rpolyhc: `c' has the unusually small value of 0 F. {"history": "MonteCarlo.0", "point": 16, "testname": "TRAN_VDD_PULSE_MC", "cornername": "Nominal"}
[2026-05-26 11:04:31.706 Z] [INFO] [cadence.virtuoso.ade.simulationMonitor] - Notice from spectre in `rpolyhc':`I19.I0.R7', in `fecg_cmfb2_f':`I19.I0', in `fecg_front_end_f_3':`I19', during Monte Carlo analysis `mc1'.
    I19.I0.R7.CS0 of rpolyhc: `c' has the unusually small value of 0 F.
        Further occurrences of this notice will be suppressed. {"history": "MonteCarlo.0", "point": 16, "testname": "TRAN_VDD_PULSE_MC", "cornername": "Nominal"}
[2026-05-26 11:04:31.706 Z] [WARN] [cadence.virtuoso.ade.simulationMonitor] -     WARNING (CMI-2425): I19.I2.C1: `Acde' = 2.393 is unusually large. {"history": "MonteCarlo.0", "point": 16, "testname": "TRAN_VDD_PULSE_MC", "cornername": "Nominal"}
[2026-05-26 11:04:31.706 Z] [WARN] [cadence.virtuoso.ade.simulationMonitor] -     WARNING (CMI-2425): I19.I2.C1: `Noff' = 4.732 is unusually large. {"history": "MonteCarlo.0", "point": 16, "testname": "TRAN_VDD_PULSE_MC", "cornername": "Nominal"}
[2026-05-26 11:04:31.706 Z] [WARN] [cadence.virtuoso.ade.simulationMonitor] -     WARNING (CMI-2424): I19.I2.C1: `Voffcv' = -867.4e-03 is unusually small. {"history": "MonteCarlo.0", "point": 16, "testname": "TRAN_VDD_PULSE_MC", "cornername": "Nominal"}
[2026-05-26 11:04:31.706 Z] [WARN] [cadence.virtuoso.ade.simulationMonitor] -     WARNING (CMI-2425): I19.I11.C0: `Acde' = 2.393 is unusually large. {"history": "MonteCarlo.0", "point": 16, "testname": "TRAN_VDD_PULSE_MC", "cornername": "Nominal"}
[2026-05-26 11:04:31.706 Z] [WARN] [cadence.virtuoso.ade.simulationMonitor] -     WARNING (CMI-2425): I19.I11.C0: `Noff' = 4.732 is unusually large. {"history": "MonteCarlo.0", "point": 16, "testname": "TRAN_VDD_PULSE_MC", "cornername": "Nominal"}
[2026-05-26 11:04:31.706 Z] [WARN] [cadence.virtuoso.ade.simulationMonitor] -     WARNING (CMI-2424): I19.I11.C0: `Voffcv' = -867.4e-03 is unusually small. {"history": "MonteCarlo.0", "point": 16, "testname": "TRAN_VDD_PULSE_MC", "cornername": "Nominal"}
[2026-05-26 11:04:31.706 Z] [WARN] [cadence.virtuoso.ade.simulationMonitor] -     WARNING (CMI-2425): I19.I11.C1: `Acde' = 2.393 is unusually large.
        Further occurrences of this warning will be suppressed. {"history": "MonteCarlo.0", "point": 16, "testname": "TRAN_VDD_PULSE_MC", "cornername": "Nominal"}
[2026-05-26 11:04:31.706 Z] [WARN] [cadence.virtuoso.ade.simulationMonitor] -     WARNING (CMI-2424): I19.I11.C1: `Voffcv' = -867.4e-03 is unusually small. {"history": "MonteCarlo.0", "point": 16, "testname": "TRAN_VDD_PULSE_MC", "cornername": "Nominal"}
[2026-05-26 11:04:31.706 Z] [WARN] [cadence.virtuoso.ade.simulationMonitor] -     WARNING (CMI-2424): I19.I12.C0: `Voffcv' = -867.4e-03 is unusually small. {"history": "MonteCarlo.0", "point": 16, "testname": "TRAN_VDD_PULSE_MC", "cornername": "Nominal"}
[2026-05-26 11:04:31.706 Z] [WARN] [cadence.virtuoso.ade.simulationMonitor] -     WARNING (CMI-2424): I19.I12.C1: `Voffcv' = -867.4e-03 is unusually small.
        Further occurrences of this warning will be suppressed. {"history": "MonteCarlo.0", "point": 16, "testname": "TRAN_VDD_PULSE_MC", "cornername": "Nominal"}
[2026-05-26 11:04:31.706 Z] [INFO] [cadence.virtuoso.ade.simulationMonitor] - Notice from spectre during DC analysis `dcOp', during Monte Carlo analysis `mc1'.
    GminDC = 1 pS is large enough to noticeably affect the DC solution.
        dV(I19.I2.C1.s1) = 1.57123 mV
        Use the `gmin_check' option to eliminate or expand this report.
    Bad pivoting is found during DC analysis. Option dc_pivot_check=yes is recommended for possible improvement of convergence. {"history": "MonteCarlo.0", "point": 16, "testname": "TRAN_VDD_PULSE_MC", "cornername": "Nominal"}
[2026-05-26 11:04:31.707 Z] [WARN] [cadence.virtuoso.ade.simulationMonitor] -     WARNING (CMI-2139): I19.I2.I8.MP5: The bulk-drain junction current exceeds `imelt'.  The results computed by Spectre may be inaccurate because the junction current model has been linearized. {"history": "MonteCarlo.0", "point": 16, "testname": "TRAN_VDD_PULSE_MC", "cornername": "Nominal"}
[2026-05-26 11:04:31.707 Z] [WARN] [cadence.virtuoso.ade.simulationMonitor] -     WARNING (CMI-2144): I19.I2.I8.MP5: The bulk-drain junction current exceeds `imax'. {"history": "MonteCarlo.0", "point": 16, "testname": "TRAN_VDD_PULSE_MC", "cornername": "Nominal"}
[2026-05-26 11:04:31.707 Z] [WARN] [cadence.virtuoso.ade.simulationMonitor] -     WARNING (CMI-2139): I19.I2.I8.MP6: The bulk-drain junction current exceeds `imelt'.  The results computed by Spectre may be inaccurate because the junction current model has been linearized. {"history": "MonteCarlo.0", "point": 16, "testname": "TRAN_VDD_PULSE_MC", "cornername": "Nominal"}
[2026-05-26 11:04:31.707 Z] [WARN] [cadence.virtuoso.ade.simulationMonitor] -     WARNING (CMI-2144): I19.I2.I8.MP6: The bulk-drain junction current exceeds `imax'. {"history": "MonteCarlo.0", "point": 16, "testname": "TRAN_VDD_PULSE_MC", "cornername": "Nominal"}
[2026-05-26 11:04:31.707 Z] [WARN] [cadence.virtuoso.ade.simulationMonitor] -     WARNING (CMI-2139): I19.I2.I8.MP7: The bulk-drain junction current exceeds `imelt'.  The results computed by Spectre may be inaccurate because the junction current model has been linearized. {"history": "MonteCarlo.0", "point": 16, "testname": "TRAN_VDD_PULSE_MC", "cornername": "Nominal"}
[2026-05-26 11:04:31.707 Z] [WARN] [cadence.virtuoso.ade.simulationMonitor] -     WARNING (CMI-2144): I19.I2.I8.MP7: The bulk-drain junction current exceeds `imax'. {"history": "MonteCarlo.0", "point": 16, "testname": "TRAN_VDD_PULSE_MC", "cornername": "Nominal"}
[2026-05-26 11:04:31.707 Z] [WARN] [cadence.virtuoso.ade.simulationMonitor] -     WARNING (CMI-2139): I19.I2.I8.MP8: The bulk-drain junction current exceeds `imelt'.  The results computed by Spectre may be inaccurate because the junction current model has been linearized. {"history": "MonteCarlo.0", "point": 16, "testname": "TRAN_VDD_PULSE_MC", "cornername": "Nominal"}
[2026-05-26 11:04:31.707 Z] [WARN] [cadence.virtuoso.ade.simulationMonitor] -     WARNING (CMI-2144): I19.I2.I8.MP8: The bulk-drain junction current exceeds `imax'. {"history": "MonteCarlo.0", "point": 16, "testname": "TRAN_VDD_PULSE_MC", "cornername": "Nominal"}
[2026-05-26 11:04:31.707 Z] [WARN] [cadence.virtuoso.ade.simulationMonitor] -     WARNING (CMI-2139): I19.I0.MP10: The bulk-drain junction current exceeds `imelt'.  The results computed by Spectre may be inaccurate because the junction current model has been linearized.
        Further occurrences of this warning will be suppressed. {"history": "MonteCarlo.0", "point": 16, "testname": "TRAN_VDD_PULSE_MC", "cornername": "Nominal"}
[2026-05-26 11:04:31.707 Z] [WARN] [cadence.virtuoso.ade.simulationMonitor] -     WARNING (CMI-2144): I19.I0.MP10: The bulk-drain junction current exceeds `imax'.
        Further occurrences of this warning will be suppressed. {"history": "MonteCarlo.0", "point": 16, "testname": "TRAN_VDD_PULSE_MC", "cornername": "Nominal"}
[2026-05-26 11:04:31.707 Z] [WARN] [cadence.virtuoso.ade.simulationMonitor] -     WARNING (CMI-2943): Parameter checks have been ignored because the valid value for parameter 'trise' could not be found in 'C0'. {"history": "MonteCarlo.0", "point": 16, "testname": "TRAN_VDD_PULSE_MC", "cornername": "Nominal"}
[2026-05-26 11:04:31.707 Z] [WARN] [cadence.virtuoso.ade.simulationMonitor] -     WARNING (CMI-2943): Parameter checks have been ignored because the valid value for parameter 'trise' could not be found in 'C3'. {"history": "MonteCarlo.0", "point": 16, "testname": "TRAN_VDD_PULSE_MC", "cornername": "Nominal"}
[2026-05-26 11:04:31.707 Z] [WARN] [cadence.virtuoso.ade.simulationMonitor] -     WARNING (CMI-2943): Parameter checks have been ignored because the valid value for parameter 'trise' could not be found in 'C4'. {"history": "MonteCarlo.0", "point": 16, "testname": "TRAN_VDD_PULSE_MC", "cornername": "Nominal"}
[2026-05-26 11:04:31.707 Z] [WARN] [cadence.virtuoso.ade.simulationMonitor] -     WARNING (CMI-2943): Parameter checks have been ignored because the valid value for parameter 'trise' could not be found in 'C5'. {"history": "MonteCarlo.0", "point": 16, "testname": "TRAN_VDD_PULSE_MC", "cornername": "Nominal"}
[2026-05-26 11:04:31.707 Z] [WARN] [cadence.virtuoso.ade.simulationMonitor] -     WARNING (CMI-2943): Parameter checks have been ignored because the valid value for parameter 'trise' could not be found in 'I19.I4.C9<0>_turbo_m6.C1'.
        Further occurrences of this warning will be suppressed. {"history": "MonteCarlo.0", "point": 16, "testname": "TRAN_VDD_PULSE_MC", "cornername": "Nominal"}
[2026-05-26 11:04:31.707 Z] [INFO] [cadence.virtuoso.ade.simulationMonitor] - Total time required for dc analysis `dcOp': CPU = 14.01 ms, elapsed = 33.8552 ms, util. = 41.4%. {"history": "MonteCarlo.0", "point": 16, "testname": "TRAN_VDD_PULSE_MC", "cornername": "Nominal"}
[2026-05-26 11:04:31.707 Z] [INFO] [cadence.virtuoso.ade.simulationMonitor] - Peak resident memory used = 233 Mbytes. {"history": "MonteCarlo.0", "point": 16, "testname": "TRAN_VDD_PULSE_MC", "cornername": "Nominal"}
[2026-05-26 11:04:31.707 Z] [INFO] [cadence.virtuoso.ade.simulationMonitor] - Notice from spectre during Monte Carlo analysis `mc1'.
    8 notices suppressed.
    286 warnings suppressed. {"history": "MonteCarlo.0", "point": 16, "testname": "TRAN_VDD_PULSE_MC", "cornername": "Nominal"}
[2026-05-26 11:04:31.707 Z] [WARN] [cadence.virtuoso.ade.simulationMonitor] -     WARNING (CMI-2425): I19.I0.C1<0>_dummy: `Acde' = 2.393 is unusually large. {"history": "MonteCarlo.0", "point": 16, "testname": "TRAN_VDD_PULSE_MC", "cornername": "Nominal"}
[2026-05-26 11:04:31.707 Z] [WARN] [cadence.virtuoso.ade.simulationMonitor] -     WARNING (CMI-2425): I19.I0.C1<0>_dummy: `Noff' = 4.732 is unusually large. {"history": "MonteCarlo.0", "point": 16, "testname": "TRAN_VDD_PULSE_MC", "cornername": "Nominal"}
[2026-05-26 11:04:31.707 Z] [WARN] [cadence.virtuoso.ade.simulationMonitor] -     WARNING (CMI-2424): I19.I0.C1<0>_dummy: `Voffcv' = -867.4e-03 is unusually small. {"history": "MonteCarlo.0", "point": 16, "testname": "TRAN_VDD_PULSE_MC", "cornername": "Nominal"}
[2026-05-26 11:04:31.708 Z] [INFO] [cadence.virtuoso.ade.simulationMonitor] - Notice from spectre during IC analysis, during transient analysis `tran', during Monte Carlo analysis `mc1'.
    GminDC = 1 pS is large enough to noticeably affect the DC solution.
        dV(I19.I2.C1.d1) = 1.57123 mV
        Use the `gmin_check' option to eliminate or expand this report.
    Bad pivoting is found during DC analysis. Option dc_pivot_check=yes is recommended for possible improvement of convergence. {"history": "MonteCarlo.0", "point": 16, "testname": "TRAN_VDD_PULSE_MC", "cornername": "Nominal"}
[2026-05-26 11:04:31.708 Z] [WARN] [cadence.virtuoso.ade.simulationMonitor] -     WARNING (CMI-2139): I19.I2.I8.MP5: The bulk-drain junction current exceeds `imelt'.  The results computed by Spectre may be inaccurate because the junction current model has been linearized. {"history": "MonteCarlo.0", "point": 16, "testname": "TRAN_VDD_PULSE_MC", "cornername": "Nominal"}
[2026-05-26 11:04:31.708 Z] [WARN] [cadence.virtuoso.ade.simulationMonitor] -     WARNING (CMI-2144): I19.I2.I8.MP5: The bulk-drain junction current exceeds `imax'. {"history": "MonteCarlo.0", "point": 16, "testname": "TRAN_VDD_PULSE_MC", "cornername": "Nominal"}
[2026-05-26 11:04:31.708 Z] [WARN] [cadence.virtuoso.ade.simulationMonitor] -     WARNING (CMI-2139): I19.I2.I8.MP6: The bulk-drain junction current exceeds `imelt'.  The results computed by Spectre may be inaccurate because the junction current model has been linearized. {"history": "MonteCarlo.0", "point": 16, "testname": "TRAN_VDD_PULSE_MC", "cornername": "Nominal"}
[2026-05-26 11:04:31.708 Z] [WARN] [cadence.virtuoso.ade.simulationMonitor] -     WARNING (CMI-2144): I19.I2.I8.MP6: The bulk-drain junction current exceeds `imax'. {"history": "MonteCarlo.0", "point": 16, "testname": "TRAN_VDD_PULSE_MC", "cornername": "Nominal"}
[2026-05-26 11:04:31.708 Z] [WARN] [cadence.virtuoso.ade.simulationMonitor] -     WARNING (CMI-2139): I19.I2.I8.MP7: The bulk-drain junction current exceeds `imelt'.  The results computed by Spectre may be inaccurate because the junction current model has been linearized. {"history": "MonteCarlo.0", "point": 16, "testname": "TRAN_VDD_PULSE_MC", "cornername": "Nominal"}
[2026-05-26 11:04:31.708 Z] [WARN] [cadence.virtuoso.ade.simulationMonitor] -     WARNING (CMI-2144): I19.I2.I8.MP7: The bulk-drain junction current exceeds `imax'. {"history": "MonteCarlo.0", "point": 16, "testname": "TRAN_VDD_PULSE_MC", "cornername": "Nominal"}
[2026-05-26 11:04:31.708 Z] [WARN] [cadence.virtuoso.ade.simulationMonitor] -     WARNING (CMI-2139): I19.I2.I8.MP8: The bulk-drain junction current exceeds `imelt'.  The results computed by Spectre may be inaccurate because the junction current model has been linearized. {"history": "MonteCarlo.0", "point": 16, "testname": "TRAN_VDD_PULSE_MC", "cornername": "Nominal"}
[2026-05-26 11:04:31.708 Z] [WARN] [cadence.virtuoso.ade.simulationMonitor] -     WARNING (CMI-2144): I19.I2.I8.MP8: The bulk-drain junction current exceeds `imax'. {"history": "MonteCarlo.0", "point": 16, "testname": "TRAN_VDD_PULSE_MC", "cornername": "Nominal"}
[2026-05-26 11:04:31.708 Z] [WARN] [cadence.virtuoso.ade.simulationMonitor] -     WARNING (CMI-2139): I19.I0.MP10: The bulk-drain junction current exceeds `imelt'.  The results computed by Spectre may be inaccurate because the junction current model has been linearized.
        Further occurrences of this warning will be suppressed. {"history": "MonteCarlo.0", "point": 16, "testname": "TRAN_VDD_PULSE_MC", "cornername": "Nominal"}
[2026-05-26 11:04:31.708 Z] [WARN] [cadence.virtuoso.ade.simulationMonitor] -     WARNING (CMI-2144): I19.I0.MP10: The bulk-drain junction current exceeds `imax'.
        Further occurrences of this warning will be suppressed. {"history": "MonteCarlo.0", "point": 16, "testname": "TRAN_VDD_PULSE_MC", "cornername": "Nominal"}
[2026-05-26 11:04:31.708 Z] [WARN] [cadence.virtuoso.ade.simulationMonitor] -     WARNING (CMI-2943): Parameter checks have been ignored because the valid value for parameter 'trise' could not be found in 'C0'. {"history": "MonteCarlo.0", "point": 16, "testname": "TRAN_VDD_PULSE_MC", "cornername": "Nominal"}
[2026-05-26 11:04:31.708 Z] [WARN] [cadence.virtuoso.ade.simulationMonitor] -     WARNING (CMI-2943): Parameter checks have been ignored because the valid value for parameter 'trise' could not be found in 'C3'. {"history": "MonteCarlo.0", "point": 16, "testname": "TRAN_VDD_PULSE_MC", "cornername": "Nominal"}
[2026-05-26 11:04:31.708 Z] [WARN] [cadence.virtuoso.ade.simulationMonitor] -     WARNING (CMI-2943): Parameter checks have been ignored because the valid value for parameter 'trise' could not be found in 'C4'. {"history": "MonteCarlo.0", "point": 16, "testname": "TRAN_VDD_PULSE_MC", "cornername": "Nominal"}
[2026-05-26 11:04:31.708 Z] [WARN] [cadence.virtuoso.ade.simulationMonitor] -     WARNING (CMI-2943): Parameter checks have been ignored because the valid value for parameter 'trise' could not be found in 'C5'. {"history": "MonteCarlo.0", "point": 16, "testname": "TRAN_VDD_PULSE_MC", "cornername": "Nominal"}
[2026-05-26 11:04:31.708 Z] [WARN] [cadence.virtuoso.ade.simulationMonitor] -     WARNING (CMI-2943): Parameter checks have been ignored because the valid value for parameter 'trise' could not be found in 'I19.I4.C9<0>_turbo_m6.C1'.
        Further occurrences of this warning will be suppressed. {"history": "MonteCarlo.0", "point": 16, "testname": "TRAN_VDD_PULSE_MC", "cornername": "Nominal"}
[2026-05-26 11:04:31.708 Z] [INFO] [cadence.virtuoso.ade.simulationMonitor] - Notice from spectre during transient analysis `tran', during Monte Carlo analysis `mc1'.
    Multithreading is disabled due to the size of the design being too small. {"history": "MonteCarlo.0", "point": 16, "testname": "TRAN_VDD_PULSE_MC", "cornername": "Nominal"}
[2026-05-26 11:04:31.708 Z] [INFO] [cadence.virtuoso.ade.simulationMonitor] - Notice from spectre at time = 203.922 us during transient analysis `tran', during Monte Carlo analysis `mc1'.
    I19.I2.I8.MP5: The bulk-drain junction leaves the linearized region.
    I19.I2.I8.MP5: The bulk-drain junction current no longer exceeds `imax'.
    I19.I2.I8.MP6: The bulk-drain junction leaves the linearized region.
    I19.I2.I8.MP6: The bulk-drain junction current no longer exceeds `imax'.
    I19.I2.I8.MP7: The bulk-drain junction leaves the linearized region.
    I19.I2.I8.MP7: The bulk-... {"history": "MonteCarlo.0", "point": 16, "testname": "TRAN_VDD_PULSE_MC", "cornername": "Nominal"}
[2026-05-26 11:06:22.751 Z] [INFO] [cadence.virtuoso.ade.simulationMonitor] - Total time required for tran analysis `tran': CPU = 111.036 s (1m  51.0s), elapsed = 111.063 s (1m  51.1s), util. = 100%. {"history": "MonteCarlo.0", "point": 16, "testname": "TRAN_VDD_PULSE_MC", "cornername": "Nominal"}
[2026-05-26 11:06:22.751 Z] [INFO] [cadence.virtuoso.ade.simulationMonitor] - Peak resident memory used = 234 Mbytes. {"history": "MonteCarlo.0", "point": 16, "testname": "TRAN_VDD_PULSE_MC", "cornername": "Nominal"}
[2026-05-26 11:06:22.752 Z] [INFO] [cadence.virtuoso.ade.simulationMonitor] - Notice from spectre during transient analysis `tran', during Monte Carlo analysis `mc1'.
    2 notices suppressed.
    260 warnings suppressed. {"history": "MonteCarlo.0", "point": 16, "testname": "TRAN_VDD_PULSE_MC", "cornername": "Nominal"}
[2026-05-26 11:06:22.752 Z] [WARN] [cadence.virtuoso.ade.simulationMonitor] -     WARNING (CMI-2425): I19.I0.C1<0>_dummy: `Acde' = 2.393 is unusually large. {"history": "MonteCarlo.0", "point": 16, "testname": "TRAN_VDD_PULSE_MC", "cornername": "Nominal"}
[2026-05-26 11:06:22.752 Z] [WARN] [cadence.virtuoso.ade.simulationMonitor] -     WARNING (CMI-2425): I19.I0.C1<0>_dummy: `Noff' = 4.732 is unusually large. {"history": "MonteCarlo.0", "point": 16, "testname": "TRAN_VDD_PULSE_MC", "cornername": "Nominal"}
[2026-05-26 11:06:22.752 Z] [WARN] [cadence.virtuoso.ade.simulationMonitor] -     WARNING (CMI-2424): I19.I0.C1<0>_dummy: `Voffcv' = -867.4e-03 is unusually small. {"history": "MonteCarlo.0", "point": 16, "testname": "TRAN_VDD_PULSE_MC", "cornername": "Nominal"}
[2026-05-26 11:06:22.752 Z] [WARN] [cadence.virtuoso.ade.simulationMonitor] -     WARNING (CMI-2425): I19.I0.C1<0>_dummy: `Acde' = 2.393 is unusually large. {"history": "MonteCarlo.0", "point": 16, "testname": "TRAN_VDD_PULSE_MC", "cornername": "Nominal"}
[2026-05-26 11:06:22.752 Z] [WARN] [cadence.virtuoso.ade.simulationMonitor] -     WARNING (CMI-2425): I19.I0.C1<0>_dummy: `Noff' = 4.732 is unusually large. {"history": "MonteCarlo.0", "point": 16, "testname": "TRAN_VDD_PULSE_MC", "cornername": "Nominal"}
[2026-05-26 11:06:22.752 Z] [WARN] [cadence.virtuoso.ade.simulationMonitor] -     WARNING (CMI-2424): I19.I0.C1<0>_dummy: `Voffcv' = -867.4e-03 is unusually small. {"history": "MonteCarlo.0", "point": 16, "testname": "TRAN_VDD_PULSE_MC", "cornername": "Nominal"}
[2026-05-26 11:06:22.752 Z] [INFO] [cadence.virtuoso.ade.simulationMonitor] - Notice from spectre during Monte Carlo analysis `mc1'.
    V17: `period' has the unusually large value of 20 s.
    V17: `width' has the unusually large value of 19 s.
    V16: `period' has the unusually large value of 10 s.
    V16: `width' has the unusually large value of 9 s.
    V9: `period' has the unusually large value of 10 s.
        Further occurrences of this notice will be suppressed. {"history": "MonteCarlo.0", "point": 16, "testname": "TRAN_VDD_PULSE_MC", "cornername": "Nominal"}
[2026-05-26 11:06:22.752 Z] [INFO] [cadence.virtuoso.ade.simulationMonitor] - Notice from spectre in `rpolyhc':`I19.I0.R10', in `fecg_cmfb2_f':`I19.I0', in `fecg_front_end_f_3':`I19', during Monte Carlo analysis `mc1'.
    I19.I0.R10.CS0 of rpolyhc: `c' has the unusually small value of 0 F.
    I19.I0.R10.CS1 of rpolyhc: `c' has the unusually small value of 0 F. {"history": "MonteCarlo.0", "point": 16, "testname": "TRAN_VDD_PULSE_MC", "cornername": "Nominal"}
[2026-05-26 11:06:22.752 Z] [INFO] [cadence.virtuoso.ade.simulationMonitor] - Notice from spectre in `rpolyhc':`I19.I0.R9', in `fecg_cmfb2_f':`I19.I0', in `fecg_front_end_f_3':`I19', during Monte Carlo analysis `mc1'.
    I19.I0.R9.CS0 of rpolyhc: `c' has the unusually small value of 0 F.
    I19.I0.R9.CS1 of rpolyhc: `c' has the unusually small value of 0 F. {"history": "MonteCarlo.0", "point": 16, "testname": "TRAN_VDD_PULSE_MC", "cornername": "Nominal"}
[2026-05-26 11:06:22.752 Z] [INFO] [cadence.virtuoso.ade.simulationMonitor] - Notice from spectre in `rpolyhc':`I19.I0.R7', in `fecg_cmfb2_f':`I19.I0', in `fecg_front_end_f_3':`I19', during Monte Carlo analysis `mc1'.
    I19.I0.R7.CS0 of rpolyhc: `c' has the unusually small value of 0 F.
        Further occurrences of this notice will be suppressed. {"history": "MonteCarlo.0", "point": 16, "testname": "TRAN_VDD_PULSE_MC", "cornername": "Nominal"}
[2026-05-26 11:06:22.752 Z] [WARN] [cadence.virtuoso.ade.simulationMonitor] -     WARNING (CMI-2425): I19.I2.C1: `Acde' = 2.393 is unusually large. {"history": "MonteCarlo.0", "point": 16, "testname": "TRAN_VDD_PULSE_MC", "cornername": "Nominal"}
[2026-05-26 11:06:22.752 Z] [WARN] [cadence.virtuoso.ade.simulationMonitor] -     WARNING (CMI-2425): I19.I2.C1: `Noff' = 4.732 is unusually large. {"history": "MonteCarlo.0", "point": 16, "testname": "TRAN_VDD_PULSE_MC", "cornername": "Nominal"}
[2026-05-26 11:06:22.753 Z] [WARN] [cadence.virtuoso.ade.simulationMonitor] -     WARNING (CMI-2424): I19.I2.C1: `Voffcv' = -867.4e-03 is unusually small. {"history": "MonteCarlo.0", "point": 16, "testname": "TRAN_VDD_PULSE_MC", "cornername": "Nominal"}
[2026-05-26 11:06:22.753 Z] [WARN] [cadence.virtuoso.ade.simulationMonitor] -     WARNING (CMI-2425): I19.I11.C0: `Acde' = 2.393 is unusually large. {"history": "MonteCarlo.0", "point": 16, "testname": "TRAN_VDD_PULSE_MC", "cornername": "Nominal"}
[2026-05-26 11:06:22.753 Z] [WARN] [cadence.virtuoso.ade.simulationMonitor] -     WARNING (CMI-2425): I19.I11.C0: `Noff' = 4.732 is unusually large. {"history": "MonteCarlo.0", "point": 16, "testname": "TRAN_VDD_PULSE_MC", "cornername": "Nominal"}
[2026-05-26 11:06:22.753 Z] [WARN] [cadence.virtuoso.ade.simulationMonitor] -     WARNING (CMI-2424): I19.I11.C0: `Voffcv' = -867.4e-03 is unusually small. {"history": "MonteCarlo.0", "point": 16, "testname": "TRAN_VDD_PULSE_MC", "cornername": "Nominal"}
[2026-05-26 11:06:22.753 Z] [WARN] [cadence.virtuoso.ade.simulationMonitor] -     WARNING (CMI-2425): I19.I11.C1: `Acde' = 2.393 is unusually large.
        Further occurrences of this warning will be suppressed. {"history": "MonteCarlo.0", "point": 16, "testname": "TRAN_VDD_PULSE_MC", "cornername": "Nominal"}
[2026-05-26 11:06:22.753 Z] [WARN] [cadence.virtuoso.ade.simulationMonitor] -     WARNING (CMI-2424): I19.I11.C1: `Voffcv' = -867.4e-03 is unusually small. {"history": "MonteCarlo.0", "point": 16, "testname": "TRAN_VDD_PULSE_MC", "cornername": "Nominal"}
[2026-05-26 11:06:22.753 Z] [WARN] [cadence.virtuoso.ade.simulationMonitor] -     WARNING (CMI-2424): I19.I12.C0: `Voffcv' = -867.4e-03 is unusually small. {"history": "MonteCarlo.0", "point": 16, "testname": "TRAN_VDD_PULSE_MC", "cornername": "Nominal"}
[2026-05-26 11:06:22.753 Z] [WARN] [cadence.virtuoso.ade.simulationMonitor] -     WARNING (CMI-2424): I19.I12.C1: `Voffcv' = -867.4e-03 is unusually small.
        Further occurrences of this warning will be suppressed. {"history": "MonteCarlo.0", "point": 16, "testname": "TRAN_VDD_PULSE_MC", "cornername": "Nominal"}
[2026-05-26 11:06:22.753 Z] [INFO] [cadence.virtuoso.ade.simulationMonitor] - Notice from spectre during DC analysis `dcOp', during Monte Carlo analysis `mc1'.
    GminDC = 1 pS is large enough to noticeably affect the DC solution.
        dV(I19.I2.C1.s1) = 1.33941 mV
        Use the `gmin_check' option to eliminate or expand this report.
    Bad pivoting is found during DC analysis. Option dc_pivot_check=yes is recommended for possible improvement of convergence. {"history": "MonteCarlo.0", "point": 16, "testname": "TRAN_VDD_PULSE_MC", "cornername": "Nominal"}
[2026-05-26 11:06:22.753 Z] [WARN] [cadence.virtuoso.ade.simulationMonitor] -     WARNING (CMI-2139): I19.I2.I8.MP5: The bulk-drain junction current exceeds `imelt'.  The results computed by Spectre may be inaccurate because the junction current model has been linearized. {"history": "MonteCarlo.0", "point": 16, "testname": "TRAN_VDD_PULSE_MC", "cornername": "Nominal"}
[2026-05-26 11:06:22.753 Z] [WARN] [cadence.virtuoso.ade.simulationMonitor] -     WARNING (CMI-2144): I19.I2.I8.MP5: The bulk-drain junction current exceeds `imax'. {"history": "MonteCarlo.0", "point": 16, "testname": "TRAN_VDD_PULSE_MC", "cornername": "Nominal"}
[2026-05-26 11:06:22.753 Z] [WARN] [cadence.virtuoso.ade.simulationMonitor] -     WARNING (CMI-2139): I19.I2.I8.MP6: The bulk-drain junction current exceeds `imelt'.  The results computed by Spectre may be inaccurate because the junction current model has been linearized. {"history": "MonteCarlo.0", "point": 16, "testname": "TRAN_VDD_PULSE_MC", "cornername": "Nominal"}
[2026-05-26 11:06:22.753 Z] [WARN] [cadence.virtuoso.ade.simulationMonitor] -     WARNING (CMI-2144): I19.I2.I8.MP6: The bulk-drain junction current exceeds `imax'. {"history": "MonteCarlo.0", "point": 16, "testname": "TRAN_VDD_PULSE_MC", "cornername": "Nominal"}
[2026-05-26 11:06:22.753 Z] [WARN] [cadence.virtuoso.ade.simulationMonitor] -     WARNING (CMI-2139): I19.I2.I8.MP7: The bulk-drain junction current exceeds `imelt'.  The results computed by Spectre may be inaccurate because the junction current model has been linearized. {"history": "MonteCarlo.0", "point": 16, "testname": "TRAN_VDD_PULSE_MC", "cornername": "Nominal"}
[2026-05-26 11:06:22.753 Z] [WARN] [cadence.virtuoso.ade.simulationMonitor] -     WARNING (CMI-2144): I19.I2.I8.MP7: The bulk-drain junction current exceeds `imax'. {"history": "MonteCarlo.0", "point": 16, "testname": "TRAN_VDD_PULSE_MC", "cornername": "Nominal"}
[2026-05-26 11:06:22.753 Z] [WARN] [cadence.virtuoso.ade.simulationMonitor] -     WARNING (CMI-2139): I19.I2.I8.MP8: The bulk-drain junction current exceeds `imelt'.  The results computed by Spectre may be inaccurate because the junction current model has been linearized. {"history": "MonteCarlo.0", "point": 16, "testname": "TRAN_VDD_PULSE_MC", "cornername": "Nominal"}
[2026-05-26 11:06:22.753 Z] [WARN] [cadence.virtuoso.ade.simulationMonitor] -     WARNING (CMI-2144): I19.I2.I8.MP8: The bulk-drain junction current exceeds `imax'. {"history": "MonteCarlo.0", "point": 16, "testname": "TRAN_VDD_PULSE_MC", "cornername": "Nominal"}
[2026-05-26 11:06:22.753 Z] [WARN] [cadence.virtuoso.ade.simulationMonitor] -     WARNING (CMI-2139): I19.I0.MP10: The bulk-drain junction current exceeds `imelt'.  The results computed by Spectre may be inaccurate because the junction current model has been linearized.
        Further occurrences of this warning will be suppressed. {"history": "MonteCarlo.0", "point": 16, "testname": "TRAN_VDD_PULSE_MC", "cornername": "Nominal"}
[2026-05-26 11:06:22.753 Z] [WARN] [cadence.virtuoso.ade.simulationMonitor] -     WARNING (CMI-2144): I19.I0.MP10: The bulk-drain junction current exceeds `imax'.
        Further occurrences of this warning will be suppressed. {"history": "MonteCarlo.0", "point": 16, "testname": "TRAN_VDD_PULSE_MC", "cornername": "Nominal"}
[2026-05-26 11:06:22.754 Z] [WARN] [cadence.virtuoso.ade.simulationMonitor] -     WARNING (CMI-2943): Parameter checks have been ignored because the valid value for parameter 'trise' could not be found in 'C0'. {"history": "MonteCarlo.0", "point": 16, "testname": "TRAN_VDD_PULSE_MC", "cornername": "Nominal"}
[2026-05-26 11:06:22.754 Z] [WARN] [cadence.virtuoso.ade.simulationMonitor] -     WARNING (CMI-2943): Parameter checks have been ignored because the valid value for parameter 'trise' could not be found in 'C3'. {"history": "MonteCarlo.0", "point": 16, "testname": "TRAN_VDD_PULSE_MC", "cornername": "Nominal"}
[2026-05-26 11:06:22.754 Z] [WARN] [cadence.virtuoso.ade.simulationMonitor] -     WARNING (CMI-2943): Parameter checks have been ignored because the valid value for parameter 'trise' could not be found in 'C4'. {"history": "MonteCarlo.0", "point": 16, "testname": "TRAN_VDD_PULSE_MC", "cornername": "Nominal"}
[2026-05-26 11:06:22.754 Z] [WARN] [cadence.virtuoso.ade.simulationMonitor] -     WARNING (CMI-2943): Parameter checks have been ignored because the valid value for parameter 'trise' could not be found in 'C5'. {"history": "MonteCarlo.0", "point": 16, "testname": "TRAN_VDD_PULSE_MC", "cornername": "Nominal"}
[2026-05-26 11:06:22.754 Z] [WARN] [cadence.virtuoso.ade.simulationMonitor] -     WARNING (CMI-2943): Parameter checks have been ignored because the valid value for parameter 'trise' could not be found in 'I19.I4.C9<0>_turbo_m6.C1'.
        Further occurrences of this warning will be suppressed. {"history": "MonteCarlo.0", "point": 16, "testname": "TRAN_VDD_PULSE_MC", "cornername": "Nominal"}
[2026-05-26 11:06:22.754 Z] [INFO] [cadence.virtuoso.ade.simulationMonitor] - Total time required for dc analysis `dcOp': CPU = 13.568 ms, elapsed = 31.7261 ms, util. = 42.8%. {"history": "MonteCarlo.0", "point": 16, "testname": "TRAN_VDD_PULSE_MC", "cornername": "Nominal"}
[2026-05-26 11:06:22.754 Z] [INFO] [cadence.virtuoso.ade.simulationMonitor] - Peak resident memory used = 234 Mbytes. {"history": "MonteCarlo.0", "point": 16, "testname": "TRAN_VDD_PULSE_MC", "cornername": "Nominal"}
[2026-05-26 11:06:22.754 Z] [INFO] [cadence.virtuoso.ade.simulationMonitor] - Notice from spectre during Monte Carlo analysis `mc1'.
    8 notices suppressed.
    286 warnings suppressed. {"history": "MonteCarlo.0", "point": 16, "testname": "TRAN_VDD_PULSE_MC", "cornername": "Nominal"}
[2026-05-26 11:06:22.754 Z] [WARN] [cadence.virtuoso.ade.simulationMonitor] -     WARNING (CMI-2425): I19.I0.C1<0>_dummy: `Acde' = 2.393 is unusually large. {"history": "MonteCarlo.0", "point": 16, "testname": "TRAN_VDD_PULSE_MC", "cornername": "Nominal"}
[2026-05-26 11:06:22.754 Z] [WARN] [cadence.virtuoso.ade.simulationMonitor] -     WARNING (CMI-2425): I19.I0.C1<0>_dummy: `Noff' = 4.732 is unusually large. {"history": "MonteCarlo.0", "point": 16, "testname": "TRAN_VDD_PULSE_MC", "cornername": "Nominal"}
[2026-05-26 11:06:22.754 Z] [WARN] [cadence.virtuoso.ade.simulationMonitor] -     WARNING (CMI-2424): I19.I0.C1<0>_dummy: `Voffcv' = -867.4e-03 is unusually small. {"history": "MonteCarlo.0", "point": 16, "testname": "TRAN_VDD_PULSE_MC", "cornername": "Nominal"}
[2026-05-26 11:06:22.754 Z] [INFO] [cadence.virtuoso.ade.simulationMonitor] - Notice from spectre during IC analysis, during transient analysis `tran', during Monte Carlo analysis `mc1'.
    GminDC = 1 pS is large enough to noticeably affect the DC solution.
        dV(I19.I2.C1.s1) = 1.33941 mV
        Use the `gmin_check' option to eliminate or expand this report.
    Bad pivoting is found during DC analysis. Option dc_pivot_check=yes is recommended for possible improvement of convergence. {"history": "MonteCarlo.0", "point": 16, "testname": "TRAN_VDD_PULSE_MC", "cornername": "Nominal"}
[2026-05-26 11:06:22.754 Z] [WARN] [cadence.virtuoso.ade.simulationMonitor] -     WARNING (CMI-2139): I19.I2.I8.MP5: The bulk-drain junction current exceeds `imelt'.  The results computed by Spectre may be inaccurate because the junction current model has been linearized. {"history": "MonteCarlo.0", "point": 16, "testname": "TRAN_VDD_PULSE_MC", "cornername": "Nominal"}
[2026-05-26 11:06:22.754 Z] [WARN] [cadence.virtuoso.ade.simulationMonitor] -     WARNING (CMI-2144): I19.I2.I8.MP5: The bulk-drain junction current exceeds `imax'. {"history": "MonteCarlo.0", "point": 16, "testname": "TRAN_VDD_PULSE_MC", "cornername": "Nominal"}
[2026-05-26 11:06:22.754 Z] [WARN] [cadence.virtuoso.ade.simulationMonitor] -     WARNING (CMI-2139): I19.I2.I8.MP6: The bulk-drain junction current exceeds `imelt'.  The results computed by Spectre may be inaccurate because the junction current model has been linearized. {"history": "MonteCarlo.0", "point": 16, "testname": "TRAN_VDD_PULSE_MC", "cornername": "Nominal"}
[2026-05-26 11:06:22.754 Z] [WARN] [cadence.virtuoso.ade.simulationMonitor] -     WARNING (CMI-2144): I19.I2.I8.MP6: The bulk-drain junction current exceeds `imax'. {"history": "MonteCarlo.0", "point": 16, "testname": "TRAN_VDD_PULSE_MC", "cornername": "Nominal"}
[2026-05-26 11:06:22.754 Z] [WARN] [cadence.virtuoso.ade.simulationMonitor] -     WARNING (CMI-2139): I19.I2.I8.MP7: The bulk-drain junction current exceeds `imelt'.  The results computed by Spectre may be inaccurate because the junction current model has been linearized. {"history": "MonteCarlo.0", "point": 16, "testname": "TRAN_VDD_PULSE_MC", "cornername": "Nominal"}
[2026-05-26 11:06:22.754 Z] [WARN] [cadence.virtuoso.ade.simulationMonitor] -     WARNING (CMI-2144): I19.I2.I8.MP7: The bulk-drain junction current exceeds `imax'. {"history": "MonteCarlo.0", "point": 16, "testname": "TRAN_VDD_PULSE_MC", "cornername": "Nominal"}
[2026-05-26 11:06:22.754 Z] [WARN] [cadence.virtuoso.ade.simulationMonitor] -     WARNING (CMI-2139): I19.I2.I8.MP8: The bulk-drain junction current exceeds `imelt'.  The results computed by Spectre may be inaccurate because the junction current model has been linearized. {"history": "MonteCarlo.0", "point": 16, "testname": "TRAN_VDD_PULSE_MC", "cornername": "Nominal"}
[2026-05-26 11:06:22.754 Z] [WARN] [cadence.virtuoso.ade.simulationMonitor] -     WARNING (CMI-2144): I19.I2.I8.MP8: The bulk-drain junction current exceeds `imax'. {"history": "MonteCarlo.0", "point": 16, "testname": "TRAN_VDD_PULSE_MC", "cornername": "Nominal"}
[2026-05-26 11:06:22.755 Z] [WARN] [cadence.virtuoso.ade.simulationMonitor] -     WARNING (CMI-2139): I19.I0.MP10: The bulk-drain junction current exceeds `imelt'.  The results computed by Spectre may be inaccurate because the junction current model has been linearized.
        Further occurrences of this warning will be suppressed. {"history": "MonteCarlo.0", "point": 16, "testname": "TRAN_VDD_PULSE_MC", "cornername": "Nominal"}
[2026-05-26 11:06:22.755 Z] [WARN] [cadence.virtuoso.ade.simulationMonitor] -     WARNING (CMI-2144): I19.I0.MP10: The bulk-drain junction current exceeds `imax'.
        Further occurrences of this warning will be suppressed. {"history": "MonteCarlo.0", "point": 16, "testname": "TRAN_VDD_PULSE_MC", "cornername": "Nominal"}
[2026-05-26 11:06:22.755 Z] [WARN] [cadence.virtuoso.ade.simulationMonitor] -     WARNING (CMI-2943): Parameter checks have been ignored because the valid value for parameter 'trise' could not be found in 'C0'. {"history": "MonteCarlo.0", "point": 16, "testname": "TRAN_VDD_PULSE_MC", "cornername": "Nominal"}
[2026-05-26 11:06:22.755 Z] [WARN] [cadence.virtuoso.ade.simulationMonitor] -     WARNING (CMI-2943): Parameter checks have been ignored because the valid value for parameter 'trise' could not be found in 'C3'. {"history": "MonteCarlo.0", "point": 16, "testname": "TRAN_VDD_PULSE_MC", "cornername": "Nominal"}
[2026-05-26 11:06:22.755 Z] [WARN] [cadence.virtuoso.ade.simulationMonitor] -     WARNING (CMI-2943): Parameter checks have been ignored because the valid value for parameter 'trise' could not be found in 'C4'. {"history": "MonteCarlo.0", "point": 16, "testname": "TRAN_VDD_PULSE_MC", "cornername": "Nominal"}
[2026-05-26 11:06:22.755 Z] [WARN] [cadence.virtuoso.ade.simulationMonitor] -     WARNING (CMI-2943): Parameter checks have been ignored because the valid value for parameter 'trise' could not be found in 'C5'. {"history": "MonteCarlo.0", "point": 16, "testname": "TRAN_VDD_PULSE_MC", "cornername": "Nominal"}
[2026-05-26 11:06:22.755 Z] [WARN] [cadence.virtuoso.ade.simulationMonitor] -     WARNING (CMI-2943): Parameter checks have been ignored because the valid value for parameter 'trise' could not be found in 'I19.I4.C9<0>_turbo_m6.C1'.
        Further occurrences of this warning will be suppressed. {"history": "MonteCarlo.0", "point": 16, "testname": "TRAN_VDD_PULSE_MC", "cornername": "Nominal"}
[2026-05-26 11:06:22.755 Z] [INFO] [cadence.virtuoso.ade.simulationMonitor] - Notice from spectre during transient analysis `tran', during Monte Carlo analysis `mc1'.
    Multithreading is disabled due to the size of the design being too small. {"history": "MonteCarlo.0", "point": 16, "testname": "TRAN_VDD_PULSE_MC", "cornername": "Nominal"}
[2026-05-26 11:06:22.755 Z] [INFO] [cadence.virtuoso.ade.simulationMonitor] - Notice from spectre at time = 202.104 us during transient analysis `tran', during Monte Carlo analysis `mc1'.
    I19.I2.I8.MP5: The bulk-drain junction leaves the linearized region.
    I19.I2.I8.MP5: The bulk-drain junction current no longer exceeds `imax'.
    I19.I2.I8.MP6: The bulk-drain junction leaves the linearized region.
    I19.I2.I8.MP6: The bulk-drain junction current no longer exceeds `imax'.
    I19.I2.I8.MP7: The bulk-drain junction leaves the linearized region.
    I19.I2.I8.MP7: The bulk-... {"history": "MonteCarlo.0", "point": 16, "testname": "TRAN_VDD_PULSE_MC", "cornername": "Nominal"}
[2026-05-26 11:06:22.755 Z] [PROCESS] [cadence.virtuoso.ade.simulationMonitor] - Finished simulating for one iteration {"hostname": "edatools", "processid": 259513, "history": "MonteCarlo.0", "testname": "TRAN_VDD_PULSE_MC", "cornername": "Nominal", "point": 16, "logfile": "/home/saul/projects/IL2244_VT26_SAUL/logs_saul/logs0/Job53.log", "simid": "7"}
[2026-05-26 11:06:22.755 Z] [PROCESS] [cadence.virtuoso.ade.simulationMonitor] - Started Simulation {"hostname": "edatools", "processid": 259513, "history": "MonteCarlo.0", "testname": "TRAN_VDD_PULSE_MC", "cornername": "Nominal", "point": 17, "logfile": "/home/saul/projects/IL2244_VT26_SAUL/logs_saul/logs0/Job53.log", "event": "started", "task": "simulation"}
[2026-05-26 11:08:03.797 Z] [INFO] [cadence.virtuoso.ade.simulationMonitor] - Total time required for tran analysis `tran': CPU = 101.039 s (1m  41.0s), elapsed = 101.07 s (1m  41.1s), util. = 100%. {"history": "MonteCarlo.0", "point": 17, "testname": "TRAN_VDD_PULSE_MC", "cornername": "Nominal"}
[2026-05-26 11:08:03.797 Z] [INFO] [cadence.virtuoso.ade.simulationMonitor] - Peak resident memory used = 234 Mbytes. {"history": "MonteCarlo.0", "point": 17, "testname": "TRAN_VDD_PULSE_MC", "cornername": "Nominal"}
[2026-05-26 11:08:03.797 Z] [INFO] [cadence.virtuoso.ade.simulationMonitor] - Notice from spectre during transient analysis `tran', during Monte Carlo analysis `mc1'.
    2 notices suppressed.
    260 warnings suppressed. {"history": "MonteCarlo.0", "point": 17, "testname": "TRAN_VDD_PULSE_MC", "cornername": "Nominal"}
[2026-05-26 11:08:03.797 Z] [WARN] [cadence.virtuoso.ade.simulationMonitor] -     WARNING (CMI-2425): I19.I0.C1<0>_dummy: `Acde' = 2.393 is unusually large. {"history": "MonteCarlo.0", "point": 17, "testname": "TRAN_VDD_PULSE_MC", "cornername": "Nominal"}
[2026-05-26 11:08:03.798 Z] [WARN] [cadence.virtuoso.ade.simulationMonitor] -     WARNING (CMI-2425): I19.I0.C1<0>_dummy: `Noff' = 4.732 is unusually large. {"history": "MonteCarlo.0", "point": 17, "testname": "TRAN_VDD_PULSE_MC", "cornername": "Nominal"}
[2026-05-26 11:08:03.798 Z] [WARN] [cadence.virtuoso.ade.simulationMonitor] -     WARNING (CMI-2424): I19.I0.C1<0>_dummy: `Voffcv' = -867.4e-03 is unusually small. {"history": "MonteCarlo.0", "point": 17, "testname": "TRAN_VDD_PULSE_MC", "cornername": "Nominal"}
[2026-05-26 11:08:03.798 Z] [WARN] [cadence.virtuoso.ade.simulationMonitor] -     WARNING (CMI-2425): I19.I0.C1<0>_dummy: `Acde' = 2.393 is unusually large. {"history": "MonteCarlo.0", "point": 17, "testname": "TRAN_VDD_PULSE_MC", "cornername": "Nominal"}
[2026-05-26 11:08:03.798 Z] [WARN] [cadence.virtuoso.ade.simulationMonitor] -     WARNING (CMI-2425): I19.I0.C1<0>_dummy: `Noff' = 4.732 is unusually large. {"history": "MonteCarlo.0", "point": 17, "testname": "TRAN_VDD_PULSE_MC", "cornername": "Nominal"}
[2026-05-26 11:08:03.798 Z] [WARN] [cadence.virtuoso.ade.simulationMonitor] -     WARNING (CMI-2424): I19.I0.C1<0>_dummy: `Voffcv' = -867.4e-03 is unusually small. {"history": "MonteCarlo.0", "point": 17, "testname": "TRAN_VDD_PULSE_MC", "cornername": "Nominal"}
[2026-05-26 11:08:03.798 Z] [PROCESS] [cadence.virtuoso.ade.simulationMonitor] - Finished simulating for one iteration {"hostname": "edatools", "processid": 259513, "history": "MonteCarlo.0", "testname": "TRAN_VDD_PULSE_MC", "cornername": "Nominal", "point": 17, "logfile": "/home/saul/projects/IL2244_VT26_SAUL/logs_saul/logs0/Job53.log", "simid": "7"}
[2026-05-26 11:08:03.798 Z] [PROCESS] [cadence.virtuoso.ade.simulationMonitor] - Started Simulation {"hostname": "edatools", "processid": 259513, "history": "MonteCarlo.0", "testname": "TRAN_VDD_PULSE_MC", "cornername": "Nominal", "point": 18, "logfile": "/home/saul/projects/IL2244_VT26_SAUL/logs_saul/logs0/Job53.log", "event": "started", "task": "simulation"}
[2026-05-26 11:08:04.298 Z] [INFO] [cadence.virtuoso.ade.simulationMonitor] - Notice from spectre during Monte Carlo analysis `mc1'.
    V17: `period' has the unusually large value of 20 s.
    V17: `width' has the unusually large value of 19 s.
    V16: `period' has the unusually large value of 10 s.
    V16: `width' has the unusually large value of 9 s.
    V9: `period' has the unusually large value of 10 s.
        Further occurrences of this notice will be suppressed. {"history": "MonteCarlo.0", "point": 18, "testname": "TRAN_VDD_PULSE_MC", "cornername": "Nominal"}
[2026-05-26 11:08:04.298 Z] [INFO] [cadence.virtuoso.ade.simulationMonitor] - Notice from spectre in `rpolyhc':`I19.I0.R10', in `fecg_cmfb2_f':`I19.I0', in `fecg_front_end_f_3':`I19', during Monte Carlo analysis `mc1'.
    I19.I0.R10.CS0 of rpolyhc: `c' has the unusually small value of 0 F.
    I19.I0.R10.CS1 of rpolyhc: `c' has the unusually small value of 0 F. {"history": "MonteCarlo.0", "point": 18, "testname": "TRAN_VDD_PULSE_MC", "cornername": "Nominal"}
[2026-05-26 11:08:04.299 Z] [INFO] [cadence.virtuoso.ade.simulationMonitor] - Notice from spectre in `rpolyhc':`I19.I0.R9', in `fecg_cmfb2_f':`I19.I0', in `fecg_front_end_f_3':`I19', during Monte Carlo analysis `mc1'.
    I19.I0.R9.CS0 of rpolyhc: `c' has the unusually small value of 0 F.
    I19.I0.R9.CS1 of rpolyhc: `c' has the unusually small value of 0 F. {"history": "MonteCarlo.0", "point": 18, "testname": "TRAN_VDD_PULSE_MC", "cornername": "Nominal"}
[2026-05-26 11:08:04.299 Z] [INFO] [cadence.virtuoso.ade.simulationMonitor] - Notice from spectre in `rpolyhc':`I19.I0.R7', in `fecg_cmfb2_f':`I19.I0', in `fecg_front_end_f_3':`I19', during Monte Carlo analysis `mc1'.
    I19.I0.R7.CS0 of rpolyhc: `c' has the unusually small value of 0 F.
        Further occurrences of this notice will be suppressed. {"history": "MonteCarlo.0", "point": 18, "testname": "TRAN_VDD_PULSE_MC", "cornername": "Nominal"}
[2026-05-26 11:08:04.299 Z] [WARN] [cadence.virtuoso.ade.simulationMonitor] -     WARNING (CMI-2425): I19.I2.C1: `Acde' = 2.393 is unusually large. {"history": "MonteCarlo.0", "point": 18, "testname": "TRAN_VDD_PULSE_MC", "cornername": "Nominal"}
[2026-05-26 11:08:04.299 Z] [WARN] [cadence.virtuoso.ade.simulationMonitor] -     WARNING (CMI-2425): I19.I2.C1: `Noff' = 4.732 is unusually large. {"history": "MonteCarlo.0", "point": 18, "testname": "TRAN_VDD_PULSE_MC", "cornername": "Nominal"}
[2026-05-26 11:08:04.299 Z] [WARN] [cadence.virtuoso.ade.simulationMonitor] -     WARNING (CMI-2424): I19.I2.C1: `Voffcv' = -867.4e-03 is unusually small. {"history": "MonteCarlo.0", "point": 18, "testname": "TRAN_VDD_PULSE_MC", "cornername": "Nominal"}
[2026-05-26 11:08:04.299 Z] [WARN] [cadence.virtuoso.ade.simulationMonitor] -     WARNING (CMI-2425): I19.I11.C0: `Acde' = 2.393 is unusually large. {"history": "MonteCarlo.0", "point": 18, "testname": "TRAN_VDD_PULSE_MC", "cornername": "Nominal"}
[2026-05-26 11:08:04.299 Z] [WARN] [cadence.virtuoso.ade.simulationMonitor] -     WARNING (CMI-2425): I19.I11.C0: `Noff' = 4.732 is unusually large. {"history": "MonteCarlo.0", "point": 18, "testname": "TRAN_VDD_PULSE_MC", "cornername": "Nominal"}
[2026-05-26 11:08:04.299 Z] [WARN] [cadence.virtuoso.ade.simulationMonitor] -     WARNING (CMI-2424): I19.I11.C0: `Voffcv' = -867.4e-03 is unusually small. {"history": "MonteCarlo.0", "point": 18, "testname": "TRAN_VDD_PULSE_MC", "cornername": "Nominal"}
[2026-05-26 11:08:04.299 Z] [WARN] [cadence.virtuoso.ade.simulationMonitor] -     WARNING (CMI-2425): I19.I11.C1: `Acde' = 2.393 is unusually large.
        Further occurrences of this warning will be suppressed. {"history": "MonteCarlo.0", "point": 18, "testname": "TRAN_VDD_PULSE_MC", "cornername": "Nominal"}
[2026-05-26 11:08:04.299 Z] [WARN] [cadence.virtuoso.ade.simulationMonitor] -     WARNING (CMI-2424): I19.I11.C1: `Voffcv' = -867.4e-03 is unusually small. {"history": "MonteCarlo.0", "point": 18, "testname": "TRAN_VDD_PULSE_MC", "cornername": "Nominal"}
[2026-05-26 11:08:04.299 Z] [WARN] [cadence.virtuoso.ade.simulationMonitor] -     WARNING (CMI-2424): I19.I12.C0: `Voffcv' = -867.4e-03 is unusually small. {"history": "MonteCarlo.0", "point": 18, "testname": "TRAN_VDD_PULSE_MC", "cornername": "Nominal"}
[2026-05-26 11:08:04.300 Z] [WARN] [cadence.virtuoso.ade.simulationMonitor] -     WARNING (CMI-2424): I19.I12.C1: `Voffcv' = -867.4e-03 is unusually small.
        Further occurrences of this warning will be suppressed. {"history": "MonteCarlo.0", "point": 18, "testname": "TRAN_VDD_PULSE_MC", "cornername": "Nominal"}
[2026-05-26 11:08:04.300 Z] [INFO] [cadence.virtuoso.ade.simulationMonitor] - Notice from spectre during DC analysis `dcOp', during Monte Carlo analysis `mc1'.
    GminDC = 1 pS is large enough to noticeably affect the DC solution.
        dV(I19.I2.C1.d1) = 1.20175 mV
        Use the `gmin_check' option to eliminate or expand this report.
    Bad pivoting is found during DC analysis. Option dc_pivot_check=yes is recommended for possible improvement of convergence. {"history": "MonteCarlo.0", "point": 18, "testname": "TRAN_VDD_PULSE_MC", "cornername": "Nominal"}
[2026-05-26 11:08:04.300 Z] [WARN] [cadence.virtuoso.ade.simulationMonitor] -     WARNING (CMI-2139): I19.I2.I8.MP5: The bulk-drain junction current exceeds `imelt'.  The results computed by Spectre may be inaccurate because the junction current model has been linearized. {"history": "MonteCarlo.0", "point": 18, "testname": "TRAN_VDD_PULSE_MC", "cornername": "Nominal"}
[2026-05-26 11:08:04.300 Z] [WARN] [cadence.virtuoso.ade.simulationMonitor] -     WARNING (CMI-2144): I19.I2.I8.MP5: The bulk-drain junction current exceeds `imax'. {"history": "MonteCarlo.0", "point": 18, "testname": "TRAN_VDD_PULSE_MC", "cornername": "Nominal"}
[2026-05-26 11:08:04.300 Z] [WARN] [cadence.virtuoso.ade.simulationMonitor] -     WARNING (CMI-2139): I19.I2.I8.MP6: The bulk-drain junction current exceeds `imelt'.  The results computed by Spectre may be inaccurate because the junction current model has been linearized. {"history": "MonteCarlo.0", "point": 18, "testname": "TRAN_VDD_PULSE_MC", "cornername": "Nominal"}
[2026-05-26 11:08:04.300 Z] [WARN] [cadence.virtuoso.ade.simulationMonitor] -     WARNING (CMI-2144): I19.I2.I8.MP6: The bulk-drain junction current exceeds `imax'. {"history": "MonteCarlo.0", "point": 18, "testname": "TRAN_VDD_PULSE_MC", "cornername": "Nominal"}
[2026-05-26 11:08:04.300 Z] [WARN] [cadence.virtuoso.ade.simulationMonitor] -     WARNING (CMI-2139): I19.I2.I8.MP7: The bulk-drain junction current exceeds `imelt'.  The results computed by Spectre may be inaccurate because the junction current model has been linearized. {"history": "MonteCarlo.0", "point": 18, "testname": "TRAN_VDD_PULSE_MC", "cornername": "Nominal"}
[2026-05-26 11:08:04.300 Z] [WARN] [cadence.virtuoso.ade.simulationMonitor] -     WARNING (CMI-2144): I19.I2.I8.MP7: The bulk-drain junction current exceeds `imax'. {"history": "MonteCarlo.0", "point": 18, "testname": "TRAN_VDD_PULSE_MC", "cornername": "Nominal"}
[2026-05-26 11:08:04.300 Z] [WARN] [cadence.virtuoso.ade.simulationMonitor] -     WARNING (CMI-2139): I19.I2.I8.MP8: The bulk-drain junction current exceeds `imelt'.  The results computed by Spectre may be inaccurate because the junction current model has been linearized. {"history": "MonteCarlo.0", "point": 18, "testname": "TRAN_VDD_PULSE_MC", "cornername": "Nominal"}
[2026-05-26 11:08:04.300 Z] [WARN] [cadence.virtuoso.ade.simulationMonitor] -     WARNING (CMI-2144): I19.I2.I8.MP8: The bulk-drain junction current exceeds `imax'. {"history": "MonteCarlo.0", "point": 18, "testname": "TRAN_VDD_PULSE_MC", "cornername": "Nominal"}
[2026-05-26 11:08:04.300 Z] [WARN] [cadence.virtuoso.ade.simulationMonitor] -     WARNING (CMI-2139): I19.I0.MP10: The bulk-drain junction current exceeds `imelt'.  The results computed by Spectre may be inaccurate because the junction current model has been linearized.
        Further occurrences of this warning will be suppressed. {"history": "MonteCarlo.0", "point": 18, "testname": "TRAN_VDD_PULSE_MC", "cornername": "Nominal"}
[2026-05-26 11:08:04.300 Z] [WARN] [cadence.virtuoso.ade.simulationMonitor] -     WARNING (CMI-2144): I19.I0.MP10: The bulk-drain junction current exceeds `imax'.
        Further occurrences of this warning will be suppressed. {"history": "MonteCarlo.0", "point": 18, "testname": "TRAN_VDD_PULSE_MC", "cornername": "Nominal"}
[2026-05-26 11:08:04.300 Z] [WARN] [cadence.virtuoso.ade.simulationMonitor] -     WARNING (CMI-2943): Parameter checks have been ignored because the valid value for parameter 'trise' could not be found in 'C0'. {"history": "MonteCarlo.0", "point": 18, "testname": "TRAN_VDD_PULSE_MC", "cornername": "Nominal"}
[2026-05-26 11:08:04.300 Z] [WARN] [cadence.virtuoso.ade.simulationMonitor] -     WARNING (CMI-2943): Parameter checks have been ignored because the valid value for parameter 'trise' could not be found in 'C3'. {"history": "MonteCarlo.0", "point": 18, "testname": "TRAN_VDD_PULSE_MC", "cornername": "Nominal"}
[2026-05-26 11:08:04.300 Z] [WARN] [cadence.virtuoso.ade.simulationMonitor] -     WARNING (CMI-2943): Parameter checks have been ignored because the valid value for parameter 'trise' could not be found in 'C4'. {"history": "MonteCarlo.0", "point": 18, "testname": "TRAN_VDD_PULSE_MC", "cornername": "Nominal"}
[2026-05-26 11:08:04.301 Z] [WARN] [cadence.virtuoso.ade.simulationMonitor] -     WARNING (CMI-2943): Parameter checks have been ignored because the valid value for parameter 'trise' could not be found in 'C5'. {"history": "MonteCarlo.0", "point": 18, "testname": "TRAN_VDD_PULSE_MC", "cornername": "Nominal"}
[2026-05-26 11:08:04.301 Z] [WARN] [cadence.virtuoso.ade.simulationMonitor] -     WARNING (CMI-2943): Parameter checks have been ignored because the valid value for parameter 'trise' could not be found in 'I19.I4.C9<0>_turbo_m6.C1'.
        Further occurrences of this warning will be suppressed. {"history": "MonteCarlo.0", "point": 18, "testname": "TRAN_VDD_PULSE_MC", "cornername": "Nominal"}
[2026-05-26 11:08:04.301 Z] [INFO] [cadence.virtuoso.ade.simulationMonitor] - Total time required for dc analysis `dcOp': CPU = 13.746 ms, elapsed = 33.618 ms, util. = 40.9%. {"history": "MonteCarlo.0", "point": 18, "testname": "TRAN_VDD_PULSE_MC", "cornername": "Nominal"}
[2026-05-26 11:08:04.301 Z] [INFO] [cadence.virtuoso.ade.simulationMonitor] - Peak resident memory used = 234 Mbytes. {"history": "MonteCarlo.0", "point": 18, "testname": "TRAN_VDD_PULSE_MC", "cornername": "Nominal"}
[2026-05-26 11:08:04.301 Z] [INFO] [cadence.virtuoso.ade.simulationMonitor] - Notice from spectre during Monte Carlo analysis `mc1'.
    8 notices suppressed.
    286 warnings suppressed. {"history": "MonteCarlo.0", "point": 18, "testname": "TRAN_VDD_PULSE_MC", "cornername": "Nominal"}
[2026-05-26 11:08:04.301 Z] [WARN] [cadence.virtuoso.ade.simulationMonitor] -     WARNING (CMI-2425): I19.I0.C1<0>_dummy: `Acde' = 2.393 is unusually large. {"history": "MonteCarlo.0", "point": 18, "testname": "TRAN_VDD_PULSE_MC", "cornername": "Nominal"}
[2026-05-26 11:08:04.301 Z] [WARN] [cadence.virtuoso.ade.simulationMonitor] -     WARNING (CMI-2425): I19.I0.C1<0>_dummy: `Noff' = 4.732 is unusually large. {"history": "MonteCarlo.0", "point": 18, "testname": "TRAN_VDD_PULSE_MC", "cornername": "Nominal"}
[2026-05-26 11:08:04.301 Z] [WARN] [cadence.virtuoso.ade.simulationMonitor] -     WARNING (CMI-2424): I19.I0.C1<0>_dummy: `Voffcv' = -867.4e-03 is unusually small. {"history": "MonteCarlo.0", "point": 18, "testname": "TRAN_VDD_PULSE_MC", "cornername": "Nominal"}
[2026-05-26 11:08:04.301 Z] [INFO] [cadence.virtuoso.ade.simulationMonitor] - Notice from spectre during IC analysis, during transient analysis `tran', during Monte Carlo analysis `mc1'.
    GminDC = 1 pS is large enough to noticeably affect the DC solution.
        dV(I19.I2.C1.d1) = 1.20175 mV
        Use the `gmin_check' option to eliminate or expand this report.
    Bad pivoting is found during DC analysis. Option dc_pivot_check=yes is recommended for possible improvement of convergence. {"history": "MonteCarlo.0", "point": 18, "testname": "TRAN_VDD_PULSE_MC", "cornername": "Nominal"}
[2026-05-26 11:08:04.301 Z] [WARN] [cadence.virtuoso.ade.simulationMonitor] -     WARNING (CMI-2139): I19.I2.I8.MP5: The bulk-drain junction current exceeds `imelt'.  The results computed by Spectre may be inaccurate because the junction current model has been linearized. {"history": "MonteCarlo.0", "point": 18, "testname": "TRAN_VDD_PULSE_MC", "cornername": "Nominal"}
[2026-05-26 11:08:04.301 Z] [WARN] [cadence.virtuoso.ade.simulationMonitor] -     WARNING (CMI-2144): I19.I2.I8.MP5: The bulk-drain junction current exceeds `imax'. {"history": "MonteCarlo.0", "point": 18, "testname": "TRAN_VDD_PULSE_MC", "cornername": "Nominal"}
[2026-05-26 11:08:04.301 Z] [WARN] [cadence.virtuoso.ade.simulationMonitor] -     WARNING (CMI-2139): I19.I2.I8.MP6: The bulk-drain junction current exceeds `imelt'.  The results computed by Spectre may be inaccurate because the junction current model has been linearized. {"history": "MonteCarlo.0", "point": 18, "testname": "TRAN_VDD_PULSE_MC", "cornername": "Nominal"}
[2026-05-26 11:08:04.301 Z] [WARN] [cadence.virtuoso.ade.simulationMonitor] -     WARNING (CMI-2144): I19.I2.I8.MP6: The bulk-drain junction current exceeds `imax'. {"history": "MonteCarlo.0", "point": 18, "testname": "TRAN_VDD_PULSE_MC", "cornername": "Nominal"}
[2026-05-26 11:08:04.301 Z] [WARN] [cadence.virtuoso.ade.simulationMonitor] -     WARNING (CMI-2139): I19.I2.I8.MP7: The bulk-drain junction current exceeds `imelt'.  The results computed by Spectre may be inaccurate because the junction current model has been linearized. {"history": "MonteCarlo.0", "point": 18, "testname": "TRAN_VDD_PULSE_MC", "cornername": "Nominal"}
[2026-05-26 11:08:04.301 Z] [WARN] [cadence.virtuoso.ade.simulationMonitor] -     WARNING (CMI-2144): I19.I2.I8.MP7: The bulk-drain junction current exceeds `imax'. {"history": "MonteCarlo.0", "point": 18, "testname": "TRAN_VDD_PULSE_MC", "cornername": "Nominal"}
[2026-05-26 11:08:04.301 Z] [WARN] [cadence.virtuoso.ade.simulationMonitor] -     WARNING (CMI-2139): I19.I2.I8.MP8: The bulk-drain junction current exceeds `imelt'.  The results computed by Spectre may be inaccurate because the junction current model has been linearized. {"history": "MonteCarlo.0", "point": 18, "testname": "TRAN_VDD_PULSE_MC", "cornername": "Nominal"}
[2026-05-26 11:08:04.302 Z] [WARN] [cadence.virtuoso.ade.simulationMonitor] -     WARNING (CMI-2144): I19.I2.I8.MP8: The bulk-drain junction current exceeds `imax'. {"history": "MonteCarlo.0", "point": 18, "testname": "TRAN_VDD_PULSE_MC", "cornername": "Nominal"}
[2026-05-26 11:08:04.302 Z] [WARN] [cadence.virtuoso.ade.simulationMonitor] -     WARNING (CMI-2139): I19.I0.MP10: The bulk-drain junction current exceeds `imelt'.  The results computed by Spectre may be inaccurate because the junction current model has been linearized.
        Further occurrences of this warning will be suppressed. {"history": "MonteCarlo.0", "point": 18, "testname": "TRAN_VDD_PULSE_MC", "cornername": "Nominal"}
[2026-05-26 11:08:04.302 Z] [WARN] [cadence.virtuoso.ade.simulationMonitor] -     WARNING (CMI-2144): I19.I0.MP10: The bulk-drain junction current exceeds `imax'.
        Further occurrences of this warning will be suppressed. {"history": "MonteCarlo.0", "point": 18, "testname": "TRAN_VDD_PULSE_MC", "cornername": "Nominal"}
[2026-05-26 11:08:04.302 Z] [WARN] [cadence.virtuoso.ade.simulationMonitor] -     WARNING (CMI-2943): Parameter checks have been ignored because the valid value for parameter 'trise' could not be found in 'C0'. {"history": "MonteCarlo.0", "point": 18, "testname": "TRAN_VDD_PULSE_MC", "cornername": "Nominal"}
[2026-05-26 11:08:04.302 Z] [WARN] [cadence.virtuoso.ade.simulationMonitor] -     WARNING (CMI-2943): Parameter checks have been ignored because the valid value for parameter 'trise' could not be found in 'C3'. {"history": "MonteCarlo.0", "point": 18, "testname": "TRAN_VDD_PULSE_MC", "cornername": "Nominal"}
[2026-05-26 11:08:04.302 Z] [WARN] [cadence.virtuoso.ade.simulationMonitor] -     WARNING (CMI-2943): Parameter checks have been ignored because the valid value for parameter 'trise' could not be found in 'C4'. {"history": "MonteCarlo.0", "point": 18, "testname": "TRAN_VDD_PULSE_MC", "cornername": "Nominal"}
[2026-05-26 11:08:04.302 Z] [WARN] [cadence.virtuoso.ade.simulationMonitor] -     WARNING (CMI-2943): Parameter checks have been ignored because the valid value for parameter 'trise' could not be found in 'C5'. {"history": "MonteCarlo.0", "point": 18, "testname": "TRAN_VDD_PULSE_MC", "cornername": "Nominal"}
[2026-05-26 11:08:04.302 Z] [WARN] [cadence.virtuoso.ade.simulationMonitor] -     WARNING (CMI-2943): Parameter checks have been ignored because the valid value for parameter 'trise' could not be found in 'I19.I4.C9<0>_turbo_m6.C1'.
        Further occurrences of this warning will be suppressed. {"history": "MonteCarlo.0", "point": 18, "testname": "TRAN_VDD_PULSE_MC", "cornername": "Nominal"}
[2026-05-26 11:08:04.302 Z] [INFO] [cadence.virtuoso.ade.simulationMonitor] - Notice from spectre during transient analysis `tran', during Monte Carlo analysis `mc1'.
    Multithreading is disabled due to the size of the design being too small. {"history": "MonteCarlo.0", "point": 18, "testname": "TRAN_VDD_PULSE_MC", "cornername": "Nominal"}
[2026-05-26 11:08:04.302 Z] [INFO] [cadence.virtuoso.ade.simulationMonitor] - Notice from spectre at time = 205.863 us during transient analysis `tran', during Monte Carlo analysis `mc1'.
    I19.I2.I8.MP5: The bulk-drain junction leaves the linearized region.
    I19.I2.I8.MP5: The bulk-drain junction current no longer exceeds `imax'.
    I19.I2.I8.MP6: The bulk-drain junction leaves the linearized region.
    I19.I2.I8.MP6: The bulk-drain junction current no longer exceeds `imax'.
    I19.I2.I8.MP7: The bulk-drain junction leaves the linearized region.
    I19.I2.I8.MP7: The bulk-... {"history": "MonteCarlo.0", "point": 18, "testname": "TRAN_VDD_PULSE_MC", "cornername": "Nominal"}
[2026-05-26 11:09:52.847 Z] [INFO] [cadence.virtuoso.ade.simulationMonitor] - Total time required for tran analysis `tran': CPU = 108.734 s (1m  48.7s), elapsed = 108.763 s (1m  48.8s), util. = 100%. {"history": "MonteCarlo.0", "point": 18, "testname": "TRAN_VDD_PULSE_MC", "cornername": "Nominal"}
[2026-05-26 11:09:52.847 Z] [INFO] [cadence.virtuoso.ade.simulationMonitor] - Peak resident memory used = 234 Mbytes. {"history": "MonteCarlo.0", "point": 18, "testname": "TRAN_VDD_PULSE_MC", "cornername": "Nominal"}
[2026-05-26 11:09:52.847 Z] [INFO] [cadence.virtuoso.ade.simulationMonitor] - Notice from spectre during transient analysis `tran', during Monte Carlo analysis `mc1'.
    2 notices suppressed.
    260 warnings suppressed. {"history": "MonteCarlo.0", "point": 18, "testname": "TRAN_VDD_PULSE_MC", "cornername": "Nominal"}
[2026-05-26 11:09:52.848 Z] [WARN] [cadence.virtuoso.ade.simulationMonitor] -     WARNING (CMI-2425): I19.I0.C1<0>_dummy: `Acde' = 2.393 is unusually large. {"history": "MonteCarlo.0", "point": 18, "testname": "TRAN_VDD_PULSE_MC", "cornername": "Nominal"}
[2026-05-26 11:09:52.848 Z] [WARN] [cadence.virtuoso.ade.simulationMonitor] -     WARNING (CMI-2425): I19.I0.C1<0>_dummy: `Noff' = 4.732 is unusually large. {"history": "MonteCarlo.0", "point": 18, "testname": "TRAN_VDD_PULSE_MC", "cornername": "Nominal"}
[2026-05-26 11:09:52.848 Z] [WARN] [cadence.virtuoso.ade.simulationMonitor] -     WARNING (CMI-2424): I19.I0.C1<0>_dummy: `Voffcv' = -867.4e-03 is unusually small. {"history": "MonteCarlo.0", "point": 18, "testname": "TRAN_VDD_PULSE_MC", "cornername": "Nominal"}
[2026-05-26 11:09:52.848 Z] [WARN] [cadence.virtuoso.ade.simulationMonitor] -     WARNING (CMI-2425): I19.I0.C1<0>_dummy: `Acde' = 2.393 is unusually large. {"history": "MonteCarlo.0", "point": 18, "testname": "TRAN_VDD_PULSE_MC", "cornername": "Nominal"}
[2026-05-26 11:09:52.848 Z] [WARN] [cadence.virtuoso.ade.simulationMonitor] -     WARNING (CMI-2425): I19.I0.C1<0>_dummy: `Noff' = 4.732 is unusually large. {"history": "MonteCarlo.0", "point": 18, "testname": "TRAN_VDD_PULSE_MC", "cornername": "Nominal"}
[2026-05-26 11:09:52.848 Z] [WARN] [cadence.virtuoso.ade.simulationMonitor] -     WARNING (CMI-2424): I19.I0.C1<0>_dummy: `Voffcv' = -867.4e-03 is unusually small. {"history": "MonteCarlo.0", "point": 18, "testname": "TRAN_VDD_PULSE_MC", "cornername": "Nominal"}
[2026-05-26 11:09:52.848 Z] [INFO] [cadence.virtuoso.ade.simulationMonitor] - Notice from spectre during Monte Carlo analysis `mc1'.
    V17: `period' has the unusually large value of 20 s.
    V17: `width' has the unusually large value of 19 s.
    V16: `period' has the unusually large value of 10 s.
    V16: `width' has the unusually large value of 9 s.
    V9: `period' has the unusually large value of 10 s.
        Further occurrences of this notice will be suppressed. {"history": "MonteCarlo.0", "point": 18, "testname": "TRAN_VDD_PULSE_MC", "cornername": "Nominal"}
[2026-05-26 11:09:52.848 Z] [INFO] [cadence.virtuoso.ade.simulationMonitor] - Notice from spectre in `rpolyhc':`I19.I0.R10', in `fecg_cmfb2_f':`I19.I0', in `fecg_front_end_f_3':`I19', during Monte Carlo analysis `mc1'.
    I19.I0.R10.CS0 of rpolyhc: `c' has the unusually small value of 0 F.
    I19.I0.R10.CS1 of rpolyhc: `c' has the unusually small value of 0 F. {"history": "MonteCarlo.0", "point": 18, "testname": "TRAN_VDD_PULSE_MC", "cornername": "Nominal"}
[2026-05-26 11:09:52.848 Z] [INFO] [cadence.virtuoso.ade.simulationMonitor] - Notice from spectre in `rpolyhc':`I19.I0.R9', in `fecg_cmfb2_f':`I19.I0', in `fecg_front_end_f_3':`I19', during Monte Carlo analysis `mc1'.
    I19.I0.R9.CS0 of rpolyhc: `c' has the unusually small value of 0 F.
    I19.I0.R9.CS1 of rpolyhc: `c' has the unusually small value of 0 F. {"history": "MonteCarlo.0", "point": 18, "testname": "TRAN_VDD_PULSE_MC", "cornername": "Nominal"}
[2026-05-26 11:09:52.848 Z] [INFO] [cadence.virtuoso.ade.simulationMonitor] - Notice from spectre in `rpolyhc':`I19.I0.R7', in `fecg_cmfb2_f':`I19.I0', in `fecg_front_end_f_3':`I19', during Monte Carlo analysis `mc1'.
    I19.I0.R7.CS0 of rpolyhc: `c' has the unusually small value of 0 F.
        Further occurrences of this notice will be suppressed. {"history": "MonteCarlo.0", "point": 18, "testname": "TRAN_VDD_PULSE_MC", "cornername": "Nominal"}
[2026-05-26 11:09:52.848 Z] [PROCESS] [cadence.virtuoso.ade.simulationMonitor] - Finished simulating for one iteration {"hostname": "edatools", "processid": 259513, "history": "MonteCarlo.0", "testname": "TRAN_VDD_PULSE_MC", "cornername": "Nominal", "point": 18, "logfile": "/home/saul/projects/IL2244_VT26_SAUL/logs_saul/logs0/Job53.log", "simid": "7"}
[2026-05-26 11:09:52.848 Z] [PROCESS] [cadence.virtuoso.ade.simulationMonitor] - Started Simulation {"hostname": "edatools", "processid": 259513, "history": "MonteCarlo.0", "testname": "TRAN_VDD_PULSE_MC", "cornername": "Nominal", "point": 19, "logfile": "/home/saul/projects/IL2244_VT26_SAUL/logs_saul/logs0/Job53.log", "event": "started", "task": "simulation"}
[2026-05-26 11:09:53.349 Z] [WARN] [cadence.virtuoso.ade.simulationMonitor] -     WARNING (CMI-2425): I19.I2.C1: `Acde' = 2.393 is unusually large. {"history": "MonteCarlo.0", "point": 19, "testname": "TRAN_VDD_PULSE_MC", "cornername": "Nominal"}
[2026-05-26 11:09:53.349 Z] [WARN] [cadence.virtuoso.ade.simulationMonitor] -     WARNING (CMI-2425): I19.I2.C1: `Noff' = 4.732 is unusually large. {"history": "MonteCarlo.0", "point": 19, "testname": "TRAN_VDD_PULSE_MC", "cornername": "Nominal"}
[2026-05-26 11:09:53.349 Z] [WARN] [cadence.virtuoso.ade.simulationMonitor] -     WARNING (CMI-2424): I19.I2.C1: `Voffcv' = -867.4e-03 is unusually small. {"history": "MonteCarlo.0", "point": 19, "testname": "TRAN_VDD_PULSE_MC", "cornername": "Nominal"}
[2026-05-26 11:09:53.349 Z] [WARN] [cadence.virtuoso.ade.simulationMonitor] -     WARNING (CMI-2425): I19.I11.C0: `Acde' = 2.393 is unusually large. {"history": "MonteCarlo.0", "point": 19, "testname": "TRAN_VDD_PULSE_MC", "cornername": "Nominal"}
[2026-05-26 11:09:53.349 Z] [WARN] [cadence.virtuoso.ade.simulationMonitor] -     WARNING (CMI-2425): I19.I11.C0: `Noff' = 4.732 is unusually large. {"history": "MonteCarlo.0", "point": 19, "testname": "TRAN_VDD_PULSE_MC", "cornername": "Nominal"}
[2026-05-26 11:09:53.349 Z] [WARN] [cadence.virtuoso.ade.simulationMonitor] -     WARNING (CMI-2424): I19.I11.C0: `Voffcv' = -867.4e-03 is unusually small. {"history": "MonteCarlo.0", "point": 19, "testname": "TRAN_VDD_PULSE_MC", "cornername": "Nominal"}
[2026-05-26 11:09:53.349 Z] [WARN] [cadence.virtuoso.ade.simulationMonitor] -     WARNING (CMI-2425): I19.I11.C1: `Acde' = 2.393 is unusually large.
        Further occurrences of this warning will be suppressed. {"history": "MonteCarlo.0", "point": 19, "testname": "TRAN_VDD_PULSE_MC", "cornername": "Nominal"}
[2026-05-26 11:09:53.349 Z] [WARN] [cadence.virtuoso.ade.simulationMonitor] -     WARNING (CMI-2424): I19.I11.C1: `Voffcv' = -867.4e-03 is unusually small. {"history": "MonteCarlo.0", "point": 19, "testname": "TRAN_VDD_PULSE_MC", "cornername": "Nominal"}
[2026-05-26 11:09:53.349 Z] [WARN] [cadence.virtuoso.ade.simulationMonitor] -     WARNING (CMI-2424): I19.I12.C0: `Voffcv' = -867.4e-03 is unusually small. {"history": "MonteCarlo.0", "point": 19, "testname": "TRAN_VDD_PULSE_MC", "cornername": "Nominal"}
[2026-05-26 11:09:53.349 Z] [WARN] [cadence.virtuoso.ade.simulationMonitor] -     WARNING (CMI-2424): I19.I12.C1: `Voffcv' = -867.4e-03 is unusually small.
        Further occurrences of this warning will be suppressed. {"history": "MonteCarlo.0", "point": 19, "testname": "TRAN_VDD_PULSE_MC", "cornername": "Nominal"}
[2026-05-26 11:09:53.350 Z] [INFO] [cadence.virtuoso.ade.simulationMonitor] - Notice from spectre during DC analysis `dcOp', during Monte Carlo analysis `mc1'.
    GminDC = 1 pS is large enough to noticeably affect the DC solution.
        dV(I19.I2.C1.d1) = 1.44922 mV
        Use the `gmin_check' option to eliminate or expand this report.
    Bad pivoting is found during DC analysis. Option dc_pivot_check=yes is recommended for possible improvement of convergence. {"history": "MonteCarlo.0", "point": 19, "testname": "TRAN_VDD_PULSE_MC", "cornername": "Nominal"}
[2026-05-26 11:09:53.350 Z] [WARN] [cadence.virtuoso.ade.simulationMonitor] -     WARNING (CMI-2139): I19.I2.I8.MP5: The bulk-drain junction current exceeds `imelt'.  The results computed by Spectre may be inaccurate because the junction current model has been linearized. {"history": "MonteCarlo.0", "point": 19, "testname": "TRAN_VDD_PULSE_MC", "cornername": "Nominal"}
[2026-05-26 11:09:53.350 Z] [WARN] [cadence.virtuoso.ade.simulationMonitor] -     WARNING (CMI-2144): I19.I2.I8.MP5: The bulk-drain junction current exceeds `imax'. {"history": "MonteCarlo.0", "point": 19, "testname": "TRAN_VDD_PULSE_MC", "cornername": "Nominal"}
[2026-05-26 11:09:53.350 Z] [WARN] [cadence.virtuoso.ade.simulationMonitor] -     WARNING (CMI-2139): I19.I2.I8.MP6: The bulk-drain junction current exceeds `imelt'.  The results computed by Spectre may be inaccurate because the junction current model has been linearized. {"history": "MonteCarlo.0", "point": 19, "testname": "TRAN_VDD_PULSE_MC", "cornername": "Nominal"}
[2026-05-26 11:09:53.350 Z] [WARN] [cadence.virtuoso.ade.simulationMonitor] -     WARNING (CMI-2144): I19.I2.I8.MP6: The bulk-drain junction current exceeds `imax'. {"history": "MonteCarlo.0", "point": 19, "testname": "TRAN_VDD_PULSE_MC", "cornername": "Nominal"}
[2026-05-26 11:09:53.350 Z] [WARN] [cadence.virtuoso.ade.simulationMonitor] -     WARNING (CMI-2139): I19.I2.I8.MP7: The bulk-drain junction current exceeds `imelt'.  The results computed by Spectre may be inaccurate because the junction current model has been linearized. {"history": "MonteCarlo.0", "point": 19, "testname": "TRAN_VDD_PULSE_MC", "cornername": "Nominal"}
[2026-05-26 11:09:53.350 Z] [WARN] [cadence.virtuoso.ade.simulationMonitor] -     WARNING (CMI-2144): I19.I2.I8.MP7: The bulk-drain junction current exceeds `imax'. {"history": "MonteCarlo.0", "point": 19, "testname": "TRAN_VDD_PULSE_MC", "cornername": "Nominal"}
[2026-05-26 11:09:53.350 Z] [WARN] [cadence.virtuoso.ade.simulationMonitor] -     WARNING (CMI-2139): I19.I2.I8.MP8: The bulk-drain junction current exceeds `imelt'.  The results computed by Spectre may be inaccurate because the junction current model has been linearized. {"history": "MonteCarlo.0", "point": 19, "testname": "TRAN_VDD_PULSE_MC", "cornername": "Nominal"}
[2026-05-26 11:09:53.350 Z] [WARN] [cadence.virtuoso.ade.simulationMonitor] -     WARNING (CMI-2144): I19.I2.I8.MP8: The bulk-drain junction current exceeds `imax'. {"history": "MonteCarlo.0", "point": 19, "testname": "TRAN_VDD_PULSE_MC", "cornername": "Nominal"}
[2026-05-26 11:09:53.350 Z] [WARN] [cadence.virtuoso.ade.simulationMonitor] -     WARNING (CMI-2139): I19.I0.MP10: The bulk-drain junction current exceeds `imelt'.  The results computed by Spectre may be inaccurate because the junction current model has been linearized.
        Further occurrences of this warning will be suppressed. {"history": "MonteCarlo.0", "point": 19, "testname": "TRAN_VDD_PULSE_MC", "cornername": "Nominal"}
[2026-05-26 11:09:53.350 Z] [WARN] [cadence.virtuoso.ade.simulationMonitor] -     WARNING (CMI-2144): I19.I0.MP10: The bulk-drain junction current exceeds `imax'.
        Further occurrences of this warning will be suppressed. {"history": "MonteCarlo.0", "point": 19, "testname": "TRAN_VDD_PULSE_MC", "cornername": "Nominal"}
[2026-05-26 11:09:53.350 Z] [WARN] [cadence.virtuoso.ade.simulationMonitor] -     WARNING (CMI-2943): Parameter checks have been ignored because the valid value for parameter 'trise' could not be found in 'C0'. {"history": "MonteCarlo.0", "point": 19, "testname": "TRAN_VDD_PULSE_MC", "cornername": "Nominal"}
[2026-05-26 11:09:53.350 Z] [WARN] [cadence.virtuoso.ade.simulationMonitor] -     WARNING (CMI-2943): Parameter checks have been ignored because the valid value for parameter 'trise' could not be found in 'C3'. {"history": "MonteCarlo.0", "point": 19, "testname": "TRAN_VDD_PULSE_MC", "cornername": "Nominal"}
[2026-05-26 11:09:53.350 Z] [WARN] [cadence.virtuoso.ade.simulationMonitor] -     WARNING (CMI-2943): Parameter checks have been ignored because the valid value for parameter 'trise' could not be found in 'C4'. {"history": "MonteCarlo.0", "point": 19, "testname": "TRAN_VDD_PULSE_MC", "cornername": "Nominal"}
[2026-05-26 11:09:53.350 Z] [WARN] [cadence.virtuoso.ade.simulationMonitor] -     WARNING (CMI-2943): Parameter checks have been ignored because the valid value for parameter 'trise' could not be found in 'C5'. {"history": "MonteCarlo.0", "point": 19, "testname": "TRAN_VDD_PULSE_MC", "cornername": "Nominal"}
[2026-05-26 11:09:53.350 Z] [WARN] [cadence.virtuoso.ade.simulationMonitor] -     WARNING (CMI-2943): Parameter checks have been ignored because the valid value for parameter 'trise' could not be found in 'I19.I4.C9<0>_turbo_m6.C1'.
        Further occurrences of this warning will be suppressed. {"history": "MonteCarlo.0", "point": 19, "testname": "TRAN_VDD_PULSE_MC", "cornername": "Nominal"}
[2026-05-26 11:09:53.350 Z] [INFO] [cadence.virtuoso.ade.simulationMonitor] - Total time required for dc analysis `dcOp': CPU = 14.041 ms, elapsed = 31.7709 ms, util. = 44.2%. {"history": "MonteCarlo.0", "point": 19, "testname": "TRAN_VDD_PULSE_MC", "cornername": "Nominal"}
[2026-05-26 11:09:53.350 Z] [INFO] [cadence.virtuoso.ade.simulationMonitor] - Peak resident memory used = 234 Mbytes. {"history": "MonteCarlo.0", "point": 19, "testname": "TRAN_VDD_PULSE_MC", "cornername": "Nominal"}
[2026-05-26 11:09:53.350 Z] [INFO] [cadence.virtuoso.ade.simulationMonitor] - Notice from spectre during Monte Carlo analysis `mc1'.
    8 notices suppressed.
    286 warnings suppressed. {"history": "MonteCarlo.0", "point": 19, "testname": "TRAN_VDD_PULSE_MC", "cornername": "Nominal"}
[2026-05-26 11:09:53.351 Z] [WARN] [cadence.virtuoso.ade.simulationMonitor] -     WARNING (CMI-2425): I19.I0.C1<0>_dummy: `Acde' = 2.393 is unusually large. {"history": "MonteCarlo.0", "point": 19, "testname": "TRAN_VDD_PULSE_MC", "cornername": "Nominal"}
[2026-05-26 11:09:53.351 Z] [WARN] [cadence.virtuoso.ade.simulationMonitor] -     WARNING (CMI-2425): I19.I0.C1<0>_dummy: `Noff' = 4.732 is unusually large. {"history": "MonteCarlo.0", "point": 19, "testname": "TRAN_VDD_PULSE_MC", "cornername": "Nominal"}
[2026-05-26 11:09:53.351 Z] [WARN] [cadence.virtuoso.ade.simulationMonitor] -     WARNING (CMI-2424): I19.I0.C1<0>_dummy: `Voffcv' = -867.4e-03 is unusually small. {"history": "MonteCarlo.0", "point": 19, "testname": "TRAN_VDD_PULSE_MC", "cornername": "Nominal"}
[2026-05-26 11:09:53.351 Z] [INFO] [cadence.virtuoso.ade.simulationMonitor] - Notice from spectre during IC analysis, during transient analysis `tran', during Monte Carlo analysis `mc1'.
    GminDC = 1 pS is large enough to noticeably affect the DC solution.
        dV(I19.I2.C1.s1) = 1.44922 mV
        Use the `gmin_check' option to eliminate or expand this report.
    Bad pivoting is found during DC analysis. Option dc_pivot_check=yes is recommended for possible improvement of convergence. {"history": "MonteCarlo.0", "point": 19, "testname": "TRAN_VDD_PULSE_MC", "cornername": "Nominal"}
[2026-05-26 11:09:53.351 Z] [WARN] [cadence.virtuoso.ade.simulationMonitor] -     WARNING (CMI-2139): I19.I2.I8.MP5: The bulk-drain junction current exceeds `imelt'.  The results computed by Spectre may be inaccurate because the junction current model has been linearized. {"history": "MonteCarlo.0", "point": 19, "testname": "TRAN_VDD_PULSE_MC", "cornername": "Nominal"}
[2026-05-26 11:09:53.351 Z] [WARN] [cadence.virtuoso.ade.simulationMonitor] -     WARNING (CMI-2144): I19.I2.I8.MP5: The bulk-drain junction current exceeds `imax'. {"history": "MonteCarlo.0", "point": 19, "testname": "TRAN_VDD_PULSE_MC", "cornername": "Nominal"}
[2026-05-26 11:09:53.351 Z] [WARN] [cadence.virtuoso.ade.simulationMonitor] -     WARNING (CMI-2139): I19.I2.I8.MP6: The bulk-drain junction current exceeds `imelt'.  The results computed by Spectre may be inaccurate because the junction current model has been linearized. {"history": "MonteCarlo.0", "point": 19, "testname": "TRAN_VDD_PULSE_MC", "cornername": "Nominal"}
[2026-05-26 11:09:53.351 Z] [WARN] [cadence.virtuoso.ade.simulationMonitor] -     WARNING (CMI-2144): I19.I2.I8.MP6: The bulk-drain junction current exceeds `imax'. {"history": "MonteCarlo.0", "point": 19, "testname": "TRAN_VDD_PULSE_MC", "cornername": "Nominal"}
[2026-05-26 11:09:53.351 Z] [WARN] [cadence.virtuoso.ade.simulationMonitor] -     WARNING (CMI-2139): I19.I2.I8.MP7: The bulk-drain junction current exceeds `imelt'.  The results computed by Spectre may be inaccurate because the junction current model has been linearized. {"history": "MonteCarlo.0", "point": 19, "testname": "TRAN_VDD_PULSE_MC", "cornername": "Nominal"}
[2026-05-26 11:09:53.351 Z] [WARN] [cadence.virtuoso.ade.simulationMonitor] -     WARNING (CMI-2144): I19.I2.I8.MP7: The bulk-drain junction current exceeds `imax'. {"history": "MonteCarlo.0", "point": 19, "testname": "TRAN_VDD_PULSE_MC", "cornername": "Nominal"}
[2026-05-26 11:09:53.351 Z] [WARN] [cadence.virtuoso.ade.simulationMonitor] -     WARNING (CMI-2139): I19.I2.I8.MP8: The bulk-drain junction current exceeds `imelt'.  The results computed by Spectre may be inaccurate because the junction current model has been linearized. {"history": "MonteCarlo.0", "point": 19, "testname": "TRAN_VDD_PULSE_MC", "cornername": "Nominal"}
[2026-05-26 11:09:53.351 Z] [WARN] [cadence.virtuoso.ade.simulationMonitor] -     WARNING (CMI-2144): I19.I2.I8.MP8: The bulk-drain junction current exceeds `imax'. {"history": "MonteCarlo.0", "point": 19, "testname": "TRAN_VDD_PULSE_MC", "cornername": "Nominal"}
[2026-05-26 11:09:53.351 Z] [WARN] [cadence.virtuoso.ade.simulationMonitor] -     WARNING (CMI-2139): I19.I0.MP10: The bulk-drain junction current exceeds `imelt'.  The results computed by Spectre may be inaccurate because the junction current model has been linearized.
        Further occurrences of this warning will be suppressed. {"history": "MonteCarlo.0", "point": 19, "testname": "TRAN_VDD_PULSE_MC", "cornername": "Nominal"}
[2026-05-26 11:09:53.351 Z] [WARN] [cadence.virtuoso.ade.simulationMonitor] -     WARNING (CMI-2144): I19.I0.MP10: The bulk-drain junction current exceeds `imax'.
        Further occurrences of this warning will be suppressed. {"history": "MonteCarlo.0", "point": 19, "testname": "TRAN_VDD_PULSE_MC", "cornername": "Nominal"}
[2026-05-26 11:09:53.351 Z] [WARN] [cadence.virtuoso.ade.simulationMonitor] -     WARNING (CMI-2943): Parameter checks have been ignored because the valid value for parameter 'trise' could not be found in 'C0'. {"history": "MonteCarlo.0", "point": 19, "testname": "TRAN_VDD_PULSE_MC", "cornername": "Nominal"}
[2026-05-26 11:09:53.351 Z] [WARN] [cadence.virtuoso.ade.simulationMonitor] -     WARNING (CMI-2943): Parameter checks have been ignored because the valid value for parameter 'trise' could not be found in 'C3'. {"history": "MonteCarlo.0", "point": 19, "testname": "TRAN_VDD_PULSE_MC", "cornername": "Nominal"}
[2026-05-26 11:09:53.351 Z] [WARN] [cadence.virtuoso.ade.simulationMonitor] -     WARNING (CMI-2943): Parameter checks have been ignored because the valid value for parameter 'trise' could not be found in 'C4'. {"history": "MonteCarlo.0", "point": 19, "testname": "TRAN_VDD_PULSE_MC", "cornername": "Nominal"}
[2026-05-26 11:09:53.351 Z] [WARN] [cadence.virtuoso.ade.simulationMonitor] -     WARNING (CMI-2943): Parameter checks have been ignored because the valid value for parameter 'trise' could not be found in 'C5'. {"history": "MonteCarlo.0", "point": 19, "testname": "TRAN_VDD_PULSE_MC", "cornername": "Nominal"}
[2026-05-26 11:09:53.351 Z] [WARN] [cadence.virtuoso.ade.simulationMonitor] -     WARNING (CMI-2943): Parameter checks have been ignored because the valid value for parameter 'trise' could not be found in 'I19.I4.C9<0>_turbo_m6.C1'.
        Further occurrences of this warning will be suppressed. {"history": "MonteCarlo.0", "point": 19, "testname": "TRAN_VDD_PULSE_MC", "cornername": "Nominal"}
[2026-05-26 11:09:53.351 Z] [INFO] [cadence.virtuoso.ade.simulationMonitor] - Notice from spectre during transient analysis `tran', during Monte Carlo analysis `mc1'.
    Multithreading is disabled due to the size of the design being too small. {"history": "MonteCarlo.0", "point": 19, "testname": "TRAN_VDD_PULSE_MC", "cornername": "Nominal"}
[2026-05-26 11:09:53.351 Z] [INFO] [cadence.virtuoso.ade.simulationMonitor] - Notice from spectre at time = 202.182 us during transient analysis `tran', during Monte Carlo analysis `mc1'.
    I19.I2.I8.MP5: The bulk-drain junction leaves the linearized region.
    I19.I2.I8.MP5: The bulk-drain junction current no longer exceeds `imax'.
    I19.I2.I8.MP6: The bulk-drain junction leaves the linearized region.
    I19.I2.I8.MP6: The bulk-drain junction current no longer exceeds `imax'.
    I19.I2.I8.MP7: The bulk-drain junction leaves the linearized region.
    I19.I2.I8.MP7: The bulk-... {"history": "MonteCarlo.0", "point": 19, "testname": "TRAN_VDD_PULSE_MC", "cornername": "Nominal"}
[2026-05-26 11:11:41.896 Z] [INFO] [cadence.virtuoso.ade.simulationMonitor] - Total time required for tran analysis `tran': CPU = 108.955 s (1m  49.0s), elapsed = 108.984 s (1m  49.0s), util. = 100%. {"history": "MonteCarlo.0", "point": 19, "testname": "TRAN_VDD_PULSE_MC", "cornername": "Nominal"}
[2026-05-26 11:11:41.897 Z] [INFO] [cadence.virtuoso.ade.simulationMonitor] - Peak resident memory used = 235 Mbytes. {"history": "MonteCarlo.0", "point": 19, "testname": "TRAN_VDD_PULSE_MC", "cornername": "Nominal"}
[2026-05-26 11:11:41.897 Z] [INFO] [cadence.virtuoso.ade.simulationMonitor] - Notice from spectre during transient analysis `tran', during Monte Carlo analysis `mc1'.
    2 notices suppressed.
    260 warnings suppressed. {"history": "MonteCarlo.0", "point": 19, "testname": "TRAN_VDD_PULSE_MC", "cornername": "Nominal"}
[2026-05-26 11:11:41.897 Z] [WARN] [cadence.virtuoso.ade.simulationMonitor] -     WARNING (CMI-2425): I19.I0.C1<0>_dummy: `Acde' = 2.393 is unusually large. {"history": "MonteCarlo.0", "point": 19, "testname": "TRAN_VDD_PULSE_MC", "cornername": "Nominal"}
[2026-05-26 11:11:41.897 Z] [WARN] [cadence.virtuoso.ade.simulationMonitor] -     WARNING (CMI-2425): I19.I0.C1<0>_dummy: `Noff' = 4.732 is unusually large. {"history": "MonteCarlo.0", "point": 19, "testname": "TRAN_VDD_PULSE_MC", "cornername": "Nominal"}
[2026-05-26 11:11:41.897 Z] [WARN] [cadence.virtuoso.ade.simulationMonitor] -     WARNING (CMI-2424): I19.I0.C1<0>_dummy: `Voffcv' = -867.4e-03 is unusually small. {"history": "MonteCarlo.0", "point": 19, "testname": "TRAN_VDD_PULSE_MC", "cornername": "Nominal"}
[2026-05-26 11:11:42.398 Z] [WARN] [cadence.virtuoso.ade.simulationMonitor] -     WARNING (CMI-2425): I19.I0.C1<0>_dummy: `Acde' = 2.393 is unusually large. {"history": "MonteCarlo.0", "point": 19, "testname": "TRAN_VDD_PULSE_MC", "cornername": "Nominal"}
[2026-05-26 11:11:42.398 Z] [WARN] [cadence.virtuoso.ade.simulationMonitor] -     WARNING (CMI-2425): I19.I0.C1<0>_dummy: `Noff' = 4.732 is unusually large. {"history": "MonteCarlo.0", "point": 19, "testname": "TRAN_VDD_PULSE_MC", "cornername": "Nominal"}
[2026-05-26 11:11:42.398 Z] [WARN] [cadence.virtuoso.ade.simulationMonitor] -     WARNING (CMI-2424): I19.I0.C1<0>_dummy: `Voffcv' = -867.4e-03 is unusually small. {"history": "MonteCarlo.0", "point": 19, "testname": "TRAN_VDD_PULSE_MC", "cornername": "Nominal"}
[2026-05-26 11:11:42.398 Z] [INFO] [cadence.virtuoso.ade.simulationMonitor] - Notice from spectre during Monte Carlo analysis `mc1'.
    V17: `period' has the unusually large value of 20 s.
    V17: `width' has the unusually large value of 19 s.
    V16: `period' has the unusually large value of 10 s.
    V16: `width' has the unusually large value of 9 s.
    V9: `period' has the unusually large value of 10 s.
        Further occurrences of this notice will be suppressed. {"history": "MonteCarlo.0", "point": 19, "testname": "TRAN_VDD_PULSE_MC", "cornername": "Nominal"}
[2026-05-26 11:11:42.398 Z] [INFO] [cadence.virtuoso.ade.simulationMonitor] - Notice from spectre in `rpolyhc':`I19.I0.R10', in `fecg_cmfb2_f':`I19.I0', in `fecg_front_end_f_3':`I19', during Monte Carlo analysis `mc1'.
    I19.I0.R10.CS0 of rpolyhc: `c' has the unusually small value of 0 F.
    I19.I0.R10.CS1 of rpolyhc: `c' has the unusually small value of 0 F. {"history": "MonteCarlo.0", "point": 19, "testname": "TRAN_VDD_PULSE_MC", "cornername": "Nominal"}
[2026-05-26 11:11:42.398 Z] [INFO] [cadence.virtuoso.ade.simulationMonitor] - Notice from spectre in `rpolyhc':`I19.I0.R9', in `fecg_cmfb2_f':`I19.I0', in `fecg_front_end_f_3':`I19', during Monte Carlo analysis `mc1'.
    I19.I0.R9.CS0 of rpolyhc: `c' has the unusually small value of 0 F.
    I19.I0.R9.CS1 of rpolyhc: `c' has the unusually small value of 0 F. {"history": "MonteCarlo.0", "point": 19, "testname": "TRAN_VDD_PULSE_MC", "cornername": "Nominal"}
[2026-05-26 11:11:42.399 Z] [INFO] [cadence.virtuoso.ade.simulationMonitor] - Notice from spectre in `rpolyhc':`I19.I0.R7', in `fecg_cmfb2_f':`I19.I0', in `fecg_front_end_f_3':`I19', during Monte Carlo analysis `mc1'.
    I19.I0.R7.CS0 of rpolyhc: `c' has the unusually small value of 0 F.
        Further occurrences of this notice will be suppressed. {"history": "MonteCarlo.0", "point": 19, "testname": "TRAN_VDD_PULSE_MC", "cornername": "Nominal"}
[2026-05-26 11:11:42.399 Z] [WARN] [cadence.virtuoso.ade.simulationMonitor] -     WARNING (CMI-2425): I19.I2.C1: `Acde' = 2.393 is unusually large. {"history": "MonteCarlo.0", "point": 19, "testname": "TRAN_VDD_PULSE_MC", "cornername": "Nominal"}
[2026-05-26 11:11:42.399 Z] [WARN] [cadence.virtuoso.ade.simulationMonitor] -     WARNING (CMI-2425): I19.I2.C1: `Noff' = 4.732 is unusually large. {"history": "MonteCarlo.0", "point": 19, "testname": "TRAN_VDD_PULSE_MC", "cornername": "Nominal"}
[2026-05-26 11:11:42.399 Z] [WARN] [cadence.virtuoso.ade.simulationMonitor] -     WARNING (CMI-2424): I19.I2.C1: `Voffcv' = -867.4e-03 is unusually small. {"history": "MonteCarlo.0", "point": 19, "testname": "TRAN_VDD_PULSE_MC", "cornername": "Nominal"}
[2026-05-26 11:11:42.399 Z] [WARN] [cadence.virtuoso.ade.simulationMonitor] -     WARNING (CMI-2425): I19.I11.C0: `Acde' = 2.393 is unusually large. {"history": "MonteCarlo.0", "point": 19, "testname": "TRAN_VDD_PULSE_MC", "cornername": "Nominal"}
[2026-05-26 11:11:42.399 Z] [WARN] [cadence.virtuoso.ade.simulationMonitor] -     WARNING (CMI-2425): I19.I11.C0: `Noff' = 4.732 is unusually large. {"history": "MonteCarlo.0", "point": 19, "testname": "TRAN_VDD_PULSE_MC", "cornername": "Nominal"}
[2026-05-26 11:11:42.399 Z] [WARN] [cadence.virtuoso.ade.simulationMonitor] -     WARNING (CMI-2424): I19.I11.C0: `Voffcv' = -867.4e-03 is unusually small. {"history": "MonteCarlo.0", "point": 19, "testname": "TRAN_VDD_PULSE_MC", "cornername": "Nominal"}
[2026-05-26 11:11:42.399 Z] [WARN] [cadence.virtuoso.ade.simulationMonitor] -     WARNING (CMI-2425): I19.I11.C1: `Acde' = 2.393 is unusually large.
        Further occurrences of this warning will be suppressed. {"history": "MonteCarlo.0", "point": 19, "testname": "TRAN_VDD_PULSE_MC", "cornername": "Nominal"}
[2026-05-26 11:11:42.399 Z] [WARN] [cadence.virtuoso.ade.simulationMonitor] -     WARNING (CMI-2424): I19.I11.C1: `Voffcv' = -867.4e-03 is unusually small. {"history": "MonteCarlo.0", "point": 19, "testname": "TRAN_VDD_PULSE_MC", "cornername": "Nominal"}
[2026-05-26 11:11:42.399 Z] [WARN] [cadence.virtuoso.ade.simulationMonitor] -     WARNING (CMI-2424): I19.I12.C0: `Voffcv' = -867.4e-03 is unusually small. {"history": "MonteCarlo.0", "point": 19, "testname": "TRAN_VDD_PULSE_MC", "cornername": "Nominal"}
[2026-05-26 11:11:42.399 Z] [WARN] [cadence.virtuoso.ade.simulationMonitor] -     WARNING (CMI-2424): I19.I12.C1: `Voffcv' = -867.4e-03 is unusually small.
        Further occurrences of this warning will be suppressed. {"history": "MonteCarlo.0", "point": 19, "testname": "TRAN_VDD_PULSE_MC", "cornername": "Nominal"}
[2026-05-26 11:11:42.399 Z] [INFO] [cadence.virtuoso.ade.simulationMonitor] - Notice from spectre during DC analysis `dcOp', during Monte Carlo analysis `mc1'.
    GminDC = 1 pS is large enough to noticeably affect the DC solution.
        dV(I19.I2.C1.d1) = 1.50832 mV
        Use the `gmin_check' option to eliminate or expand this report.
    Bad pivoting is found during DC analysis. Option dc_pivot_check=yes is recommended for possible improvement of convergence. {"history": "MonteCarlo.0", "point": 19, "testname": "TRAN_VDD_PULSE_MC", "cornername": "Nominal"}
[2026-05-26 11:11:42.399 Z] [WARN] [cadence.virtuoso.ade.simulationMonitor] -     WARNING (CMI-2139): I19.I2.I8.MP5: The bulk-drain junction current exceeds `imelt'.  The results computed by Spectre may be inaccurate because the junction current model has been linearized. {"history": "MonteCarlo.0", "point": 19, "testname": "TRAN_VDD_PULSE_MC", "cornername": "Nominal"}
[2026-05-26 11:11:42.399 Z] [WARN] [cadence.virtuoso.ade.simulationMonitor] -     WARNING (CMI-2144): I19.I2.I8.MP5: The bulk-drain junction current exceeds `imax'. {"history": "MonteCarlo.0", "point": 19, "testname": "TRAN_VDD_PULSE_MC", "cornername": "Nominal"}
[2026-05-26 11:11:42.399 Z] [WARN] [cadence.virtuoso.ade.simulationMonitor] -     WARNING (CMI-2139): I19.I2.I8.MP6: The bulk-drain junction current exceeds `imelt'.  The results computed by Spectre may be inaccurate because the junction current model has been linearized. {"history": "MonteCarlo.0", "point": 19, "testname": "TRAN_VDD_PULSE_MC", "cornername": "Nominal"}
[2026-05-26 11:11:42.399 Z] [WARN] [cadence.virtuoso.ade.simulationMonitor] -     WARNING (CMI-2144): I19.I2.I8.MP6: The bulk-drain junction current exceeds `imax'. {"history": "MonteCarlo.0", "point": 19, "testname": "TRAN_VDD_PULSE_MC", "cornername": "Nominal"}
[2026-05-26 11:11:42.400 Z] [WARN] [cadence.virtuoso.ade.simulationMonitor] -     WARNING (CMI-2139): I19.I2.I8.MP7: The bulk-drain junction current exceeds `imelt'.  The results computed by Spectre may be inaccurate because the junction current model has been linearized. {"history": "MonteCarlo.0", "point": 19, "testname": "TRAN_VDD_PULSE_MC", "cornername": "Nominal"}
[2026-05-26 11:11:42.400 Z] [WARN] [cadence.virtuoso.ade.simulationMonitor] -     WARNING (CMI-2144): I19.I2.I8.MP7: The bulk-drain junction current exceeds `imax'. {"history": "MonteCarlo.0", "point": 19, "testname": "TRAN_VDD_PULSE_MC", "cornername": "Nominal"}
[2026-05-26 11:11:42.400 Z] [WARN] [cadence.virtuoso.ade.simulationMonitor] -     WARNING (CMI-2139): I19.I2.I8.MP8: The bulk-drain junction current exceeds `imelt'.  The results computed by Spectre may be inaccurate because the junction current model has been linearized. {"history": "MonteCarlo.0", "point": 19, "testname": "TRAN_VDD_PULSE_MC", "cornername": "Nominal"}
[2026-05-26 11:11:42.400 Z] [WARN] [cadence.virtuoso.ade.simulationMonitor] -     WARNING (CMI-2144): I19.I2.I8.MP8: The bulk-drain junction current exceeds `imax'. {"history": "MonteCarlo.0", "point": 19, "testname": "TRAN_VDD_PULSE_MC", "cornername": "Nominal"}
[2026-05-26 11:11:42.400 Z] [WARN] [cadence.virtuoso.ade.simulationMonitor] -     WARNING (CMI-2139): I19.I0.MP10: The bulk-drain junction current exceeds `imelt'.  The results computed by Spectre may be inaccurate because the junction current model has been linearized.
        Further occurrences of this warning will be suppressed. {"history": "MonteCarlo.0", "point": 19, "testname": "TRAN_VDD_PULSE_MC", "cornername": "Nominal"}
[2026-05-26 11:11:42.400 Z] [WARN] [cadence.virtuoso.ade.simulationMonitor] -     WARNING (CMI-2144): I19.I0.MP10: The bulk-drain junction current exceeds `imax'.
        Further occurrences of this warning will be suppressed. {"history": "MonteCarlo.0", "point": 19, "testname": "TRAN_VDD_PULSE_MC", "cornername": "Nominal"}
[2026-05-26 11:11:42.400 Z] [WARN] [cadence.virtuoso.ade.simulationMonitor] -     WARNING (CMI-2943): Parameter checks have been ignored because the valid value for parameter 'trise' could not be found in 'C0'. {"history": "MonteCarlo.0", "point": 19, "testname": "TRAN_VDD_PULSE_MC", "cornername": "Nominal"}
[2026-05-26 11:11:42.400 Z] [WARN] [cadence.virtuoso.ade.simulationMonitor] -     WARNING (CMI-2943): Parameter checks have been ignored because the valid value for parameter 'trise' could not be found in 'C3'. {"history": "MonteCarlo.0", "point": 19, "testname": "TRAN_VDD_PULSE_MC", "cornername": "Nominal"}
[2026-05-26 11:11:42.400 Z] [WARN] [cadence.virtuoso.ade.simulationMonitor] -     WARNING (CMI-2943): Parameter checks have been ignored because the valid value for parameter 'trise' could not be found in 'C4'. {"history": "MonteCarlo.0", "point": 19, "testname": "TRAN_VDD_PULSE_MC", "cornername": "Nominal"}
[2026-05-26 11:11:42.400 Z] [WARN] [cadence.virtuoso.ade.simulationMonitor] -     WARNING (CMI-2943): Parameter checks have been ignored because the valid value for parameter 'trise' could not be found in 'C5'. {"history": "MonteCarlo.0", "point": 19, "testname": "TRAN_VDD_PULSE_MC", "cornername": "Nominal"}
[2026-05-26 11:11:42.400 Z] [WARN] [cadence.virtuoso.ade.simulationMonitor] -     WARNING (CMI-2943): Parameter checks have been ignored because the valid value for parameter 'trise' could not be found in 'I19.I4.C9<0>_turbo_m6.C1'.
        Further occurrences of this warning will be suppressed. {"history": "MonteCarlo.0", "point": 19, "testname": "TRAN_VDD_PULSE_MC", "cornername": "Nominal"}
[2026-05-26 11:11:42.400 Z] [INFO] [cadence.virtuoso.ade.simulationMonitor] - Total time required for dc analysis `dcOp': CPU = 13.471 ms, elapsed = 34.7271 ms, util. = 38.8%. {"history": "MonteCarlo.0", "point": 19, "testname": "TRAN_VDD_PULSE_MC", "cornername": "Nominal"}
[2026-05-26 11:11:42.400 Z] [INFO] [cadence.virtuoso.ade.simulationMonitor] - Peak resident memory used = 235 Mbytes. {"history": "MonteCarlo.0", "point": 19, "testname": "TRAN_VDD_PULSE_MC", "cornername": "Nominal"}
[2026-05-26 11:11:42.401 Z] [INFO] [cadence.virtuoso.ade.simulationMonitor] - Notice from spectre during Monte Carlo analysis `mc1'.
    8 notices suppressed.
    286 warnings suppressed. {"history": "MonteCarlo.0", "point": 19, "testname": "TRAN_VDD_PULSE_MC", "cornername": "Nominal"}
[2026-05-26 11:11:42.401 Z] [WARN] [cadence.virtuoso.ade.simulationMonitor] -     WARNING (CMI-2425): I19.I0.C1<0>_dummy: `Acde' = 2.393 is unusually large. {"history": "MonteCarlo.0", "point": 19, "testname": "TRAN_VDD_PULSE_MC", "cornername": "Nominal"}
[2026-05-26 11:11:42.401 Z] [WARN] [cadence.virtuoso.ade.simulationMonitor] -     WARNING (CMI-2425): I19.I0.C1<0>_dummy: `Noff' = 4.732 is unusually large. {"history": "MonteCarlo.0", "point": 19, "testname": "TRAN_VDD_PULSE_MC", "cornername": "Nominal"}
[2026-05-26 11:11:42.401 Z] [WARN] [cadence.virtuoso.ade.simulationMonitor] -     WARNING (CMI-2424): I19.I0.C1<0>_dummy: `Voffcv' = -867.4e-03 is unusually small. {"history": "MonteCarlo.0", "point": 19, "testname": "TRAN_VDD_PULSE_MC", "cornername": "Nominal"}
[2026-05-26 11:11:42.401 Z] [INFO] [cadence.virtuoso.ade.simulationMonitor] - Notice from spectre during IC analysis, during transient analysis `tran', during Monte Carlo analysis `mc1'.
    GminDC = 1 pS is large enough to noticeably affect the DC solution.
        dV(I19.I2.C1.d1) = 1.50832 mV
        Use the `gmin_check' option to eliminate or expand this report.
    Bad pivoting is found during DC analysis. Option dc_pivot_check=yes is recommended for possible improvement of convergence. {"history": "MonteCarlo.0", "point": 19, "testname": "TRAN_VDD_PULSE_MC", "cornername": "Nominal"}
[2026-05-26 11:11:42.401 Z] [WARN] [cadence.virtuoso.ade.simulationMonitor] -     WARNING (CMI-2139): I19.I2.I8.MP5: The bulk-drain junction current exceeds `imelt'.  The results computed by Spectre may be inaccurate because the junction current model has been linearized. {"history": "MonteCarlo.0", "point": 19, "testname": "TRAN_VDD_PULSE_MC", "cornername": "Nominal"}
[2026-05-26 11:11:42.401 Z] [WARN] [cadence.virtuoso.ade.simulationMonitor] -     WARNING (CMI-2144): I19.I2.I8.MP5: The bulk-drain junction current exceeds `imax'. {"history": "MonteCarlo.0", "point": 19, "testname": "TRAN_VDD_PULSE_MC", "cornername": "Nominal"}
[2026-05-26 11:11:42.401 Z] [WARN] [cadence.virtuoso.ade.simulationMonitor] -     WARNING (CMI-2139): I19.I2.I8.MP6: The bulk-drain junction current exceeds `imelt'.  The results computed by Spectre may be inaccurate because the junction current model has been linearized. {"history": "MonteCarlo.0", "point": 19, "testname": "TRAN_VDD_PULSE_MC", "cornername": "Nominal"}
[2026-05-26 11:11:42.401 Z] [WARN] [cadence.virtuoso.ade.simulationMonitor] -     WARNING (CMI-2144): I19.I2.I8.MP6: The bulk-drain junction current exceeds `imax'. {"history": "MonteCarlo.0", "point": 19, "testname": "TRAN_VDD_PULSE_MC", "cornername": "Nominal"}
[2026-05-26 11:11:42.401 Z] [WARN] [cadence.virtuoso.ade.simulationMonitor] -     WARNING (CMI-2139): I19.I2.I8.MP7: The bulk-drain junction current exceeds `imelt'.  The results computed by Spectre may be inaccurate because the junction current model has been linearized. {"history": "MonteCarlo.0", "point": 19, "testname": "TRAN_VDD_PULSE_MC", "cornername": "Nominal"}
[2026-05-26 11:11:42.401 Z] [WARN] [cadence.virtuoso.ade.simulationMonitor] -     WARNING (CMI-2144): I19.I2.I8.MP7: The bulk-drain junction current exceeds `imax'. {"history": "MonteCarlo.0", "point": 19, "testname": "TRAN_VDD_PULSE_MC", "cornername": "Nominal"}
[2026-05-26 11:11:42.401 Z] [WARN] [cadence.virtuoso.ade.simulationMonitor] -     WARNING (CMI-2139): I19.I2.I8.MP8: The bulk-drain junction current exceeds `imelt'.  The results computed by Spectre may be inaccurate because the junction current model has been linearized. {"history": "MonteCarlo.0", "point": 19, "testname": "TRAN_VDD_PULSE_MC", "cornername": "Nominal"}
[2026-05-26 11:11:42.401 Z] [WARN] [cadence.virtuoso.ade.simulationMonitor] -     WARNING (CMI-2144): I19.I2.I8.MP8: The bulk-drain junction current exceeds `imax'. {"history": "MonteCarlo.0", "point": 19, "testname": "TRAN_VDD_PULSE_MC", "cornername": "Nominal"}
[2026-05-26 11:11:42.401 Z] [WARN] [cadence.virtuoso.ade.simulationMonitor] -     WARNING (CMI-2139): I19.I0.MP10: The bulk-drain junction current exceeds `imelt'.  The results computed by Spectre may be inaccurate because the junction current model has been linearized.
        Further occurrences of this warning will be suppressed. {"history": "MonteCarlo.0", "point": 19, "testname": "TRAN_VDD_PULSE_MC", "cornername": "Nominal"}
[2026-05-26 11:11:42.401 Z] [WARN] [cadence.virtuoso.ade.simulationMonitor] -     WARNING (CMI-2144): I19.I0.MP10: The bulk-drain junction current exceeds `imax'.
        Further occurrences of this warning will be suppressed. {"history": "MonteCarlo.0", "point": 19, "testname": "TRAN_VDD_PULSE_MC", "cornername": "Nominal"}
[2026-05-26 11:11:42.402 Z] [WARN] [cadence.virtuoso.ade.simulationMonitor] -     WARNING (CMI-2943): Parameter checks have been ignored because the valid value for parameter 'trise' could not be found in 'C0'. {"history": "MonteCarlo.0", "point": 19, "testname": "TRAN_VDD_PULSE_MC", "cornername": "Nominal"}
[2026-05-26 11:11:42.402 Z] [WARN] [cadence.virtuoso.ade.simulationMonitor] -     WARNING (CMI-2943): Parameter checks have been ignored because the valid value for parameter 'trise' could not be found in 'C3'. {"history": "MonteCarlo.0", "point": 19, "testname": "TRAN_VDD_PULSE_MC", "cornername": "Nominal"}
[2026-05-26 11:11:42.402 Z] [WARN] [cadence.virtuoso.ade.simulationMonitor] -     WARNING (CMI-2943): Parameter checks have been ignored because the valid value for parameter 'trise' could not be found in 'C4'. {"history": "MonteCarlo.0", "point": 19, "testname": "TRAN_VDD_PULSE_MC", "cornername": "Nominal"}
[2026-05-26 11:11:42.402 Z] [WARN] [cadence.virtuoso.ade.simulationMonitor] -     WARNING (CMI-2943): Parameter checks have been ignored because the valid value for parameter 'trise' could not be found in 'C5'. {"history": "MonteCarlo.0", "point": 19, "testname": "TRAN_VDD_PULSE_MC", "cornername": "Nominal"}
[2026-05-26 11:11:42.402 Z] [WARN] [cadence.virtuoso.ade.simulationMonitor] -     WARNING (CMI-2943): Parameter checks have been ignored because the valid value for parameter 'trise' could not be found in 'I19.I4.C9<0>_turbo_m6.C1'.
        Further occurrences of this warning will be suppressed. {"history": "MonteCarlo.0", "point": 19, "testname": "TRAN_VDD_PULSE_MC", "cornername": "Nominal"}
[2026-05-26 11:11:42.402 Z] [INFO] [cadence.virtuoso.ade.simulationMonitor] - Notice from spectre during transient analysis `tran', during Monte Carlo analysis `mc1'.
    Multithreading is disabled due to the size of the design being too small. {"history": "MonteCarlo.0", "point": 19, "testname": "TRAN_VDD_PULSE_MC", "cornername": "Nominal"}
[2026-05-26 11:11:42.402 Z] [INFO] [cadence.virtuoso.ade.simulationMonitor] - Notice from spectre at time = 202.183 us during transient analysis `tran', during Monte Carlo analysis `mc1'.
    I19.I2.I8.MP5: The bulk-drain junction leaves the linearized region.
    I19.I2.I8.MP5: The bulk-drain junction current no longer exceeds `imax'.
    I19.I2.I8.MP6: The bulk-drain junction leaves the linearized region.
    I19.I2.I8.MP6: The bulk-drain junction current no longer exceeds `imax'.
    I19.I2.I8.MP7: The bulk-drain junction leaves the linearized region.
    I19.I2.I8.MP7: The bulk-... {"history": "MonteCarlo.0", "point": 19, "testname": "TRAN_VDD_PULSE_MC", "cornername": "Nominal"}
[2026-05-26 11:11:42.402 Z] [PROCESS] [cadence.virtuoso.ade.simulationMonitor] - Finished simulating for one iteration {"hostname": "edatools", "processid": 259513, "history": "MonteCarlo.0", "testname": "TRAN_VDD_PULSE_MC", "cornername": "Nominal", "point": 19, "logfile": "/home/saul/projects/IL2244_VT26_SAUL/logs_saul/logs0/Job53.log", "simid": "7"}
[2026-05-26 11:11:42.402 Z] [PROCESS] [cadence.virtuoso.ade.simulationMonitor] - Started Simulation {"hostname": "edatools", "processid": 259513, "history": "MonteCarlo.0", "testname": "TRAN_VDD_PULSE_MC", "cornername": "Nominal", "point": 20, "logfile": "/home/saul/projects/IL2244_VT26_SAUL/logs_saul/logs0/Job53.log", "event": "started", "task": "simulation"}
[2026-05-26 11:13:35.449 Z] [INFO] [cadence.virtuoso.ade.simulationMonitor] - Total time required for tran analysis `tran': CPU = 112.839 s (1m  52.8s), elapsed = 112.893 s (1m  52.9s), util. = 100%. {"history": "MonteCarlo.0", "point": 20, "testname": "TRAN_VDD_PULSE_MC", "cornername": "Nominal"}
[2026-05-26 11:13:35.449 Z] [INFO] [cadence.virtuoso.ade.simulationMonitor] - Peak resident memory used = 236 Mbytes. {"history": "MonteCarlo.0", "point": 20, "testname": "TRAN_VDD_PULSE_MC", "cornername": "Nominal"}
[2026-05-26 11:13:35.450 Z] [INFO] [cadence.virtuoso.ade.simulationMonitor] - Notice from spectre during transient analysis `tran', during Monte Carlo analysis `mc1'.
    2 notices suppressed.
    260 warnings suppressed. {"history": "MonteCarlo.0", "point": 20, "testname": "TRAN_VDD_PULSE_MC", "cornername": "Nominal"}
[2026-05-26 11:13:35.450 Z] [WARN] [cadence.virtuoso.ade.simulationMonitor] -     WARNING (CMI-2425): I19.I0.C1<0>_dummy: `Acde' = 2.393 is unusually large. {"history": "MonteCarlo.0", "point": 20, "testname": "TRAN_VDD_PULSE_MC", "cornername": "Nominal"}
[2026-05-26 11:13:35.450 Z] [WARN] [cadence.virtuoso.ade.simulationMonitor] -     WARNING (CMI-2425): I19.I0.C1<0>_dummy: `Noff' = 4.732 is unusually large. {"history": "MonteCarlo.0", "point": 20, "testname": "TRAN_VDD_PULSE_MC", "cornername": "Nominal"}
[2026-05-26 11:13:35.450 Z] [WARN] [cadence.virtuoso.ade.simulationMonitor] -     WARNING (CMI-2424): I19.I0.C1<0>_dummy: `Voffcv' = -867.4e-03 is unusually small. {"history": "MonteCarlo.0", "point": 20, "testname": "TRAN_VDD_PULSE_MC", "cornername": "Nominal"}
[2026-05-26 11:13:35.450 Z] [WARN] [cadence.virtuoso.ade.simulationMonitor] -     WARNING (CMI-2425): I19.I0.C1<0>_dummy: `Acde' = 2.393 is unusually large. {"history": "MonteCarlo.0", "point": 20, "testname": "TRAN_VDD_PULSE_MC", "cornername": "Nominal"}
[2026-05-26 11:13:35.450 Z] [WARN] [cadence.virtuoso.ade.simulationMonitor] -     WARNING (CMI-2425): I19.I0.C1<0>_dummy: `Noff' = 4.732 is unusually large. {"history": "MonteCarlo.0", "point": 20, "testname": "TRAN_VDD_PULSE_MC", "cornername": "Nominal"}
[2026-05-26 11:13:35.450 Z] [WARN] [cadence.virtuoso.ade.simulationMonitor] -     WARNING (CMI-2424): I19.I0.C1<0>_dummy: `Voffcv' = -867.4e-03 is unusually small. {"history": "MonteCarlo.0", "point": 20, "testname": "TRAN_VDD_PULSE_MC", "cornername": "Nominal"}
[2026-05-26 11:13:35.450 Z] [INFO] [cadence.virtuoso.ade.simulationMonitor] - Notice from spectre during Monte Carlo analysis `mc1'.
    V17: `period' has the unusually large value of 20 s.
    V17: `width' has the unusually large value of 19 s.
    V16: `period' has the unusually large value of 10 s.
    V16: `width' has the unusually large value of 9 s.
    V9: `period' has the unusually large value of 10 s.
        Further occurrences of this notice will be suppressed. {"history": "MonteCarlo.0", "point": 20, "testname": "TRAN_VDD_PULSE_MC", "cornername": "Nominal"}
[2026-05-26 11:13:35.450 Z] [INFO] [cadence.virtuoso.ade.simulationMonitor] - Notice from spectre in `rpolyhc':`I19.I0.R10', in `fecg_cmfb2_f':`I19.I0', in `fecg_front_end_f_3':`I19', during Monte Carlo analysis `mc1'.
    I19.I0.R10.CS0 of rpolyhc: `c' has the unusually small value of 0 F.
    I19.I0.R10.CS1 of rpolyhc: `c' has the unusually small value of 0 F. {"history": "MonteCarlo.0", "point": 20, "testname": "TRAN_VDD_PULSE_MC", "cornername": "Nominal"}
[2026-05-26 11:13:35.450 Z] [INFO] [cadence.virtuoso.ade.simulationMonitor] - Notice from spectre in `rpolyhc':`I19.I0.R9', in `fecg_cmfb2_f':`I19.I0', in `fecg_front_end_f_3':`I19', during Monte Carlo analysis `mc1'.
    I19.I0.R9.CS0 of rpolyhc: `c' has the unusually small value of 0 F.
    I19.I0.R9.CS1 of rpolyhc: `c' has the unusually small value of 0 F. {"history": "MonteCarlo.0", "point": 20, "testname": "TRAN_VDD_PULSE_MC", "cornername": "Nominal"}
[2026-05-26 11:13:35.450 Z] [INFO] [cadence.virtuoso.ade.simulationMonitor] - Notice from spectre in `rpolyhc':`I19.I0.R7', in `fecg_cmfb2_f':`I19.I0', in `fecg_front_end_f_3':`I19', during Monte Carlo analysis `mc1'.
    I19.I0.R7.CS0 of rpolyhc: `c' has the unusually small value of 0 F.
        Further occurrences of this notice will be suppressed. {"history": "MonteCarlo.0", "point": 20, "testname": "TRAN_VDD_PULSE_MC", "cornername": "Nominal"}
[2026-05-26 11:13:35.450 Z] [WARN] [cadence.virtuoso.ade.simulationMonitor] -     WARNING (CMI-2425): I19.I2.C1: `Acde' = 2.393 is unusually large. {"history": "MonteCarlo.0", "point": 20, "testname": "TRAN_VDD_PULSE_MC", "cornername": "Nominal"}
[2026-05-26 11:13:35.450 Z] [WARN] [cadence.virtuoso.ade.simulationMonitor] -     WARNING (CMI-2425): I19.I2.C1: `Noff' = 4.732 is unusually large. {"history": "MonteCarlo.0", "point": 20, "testname": "TRAN_VDD_PULSE_MC", "cornername": "Nominal"}
[2026-05-26 11:13:35.450 Z] [WARN] [cadence.virtuoso.ade.simulationMonitor] -     WARNING (CMI-2424): I19.I2.C1: `Voffcv' = -867.4e-03 is unusually small. {"history": "MonteCarlo.0", "point": 20, "testname": "TRAN_VDD_PULSE_MC", "cornername": "Nominal"}
[2026-05-26 11:13:35.450 Z] [WARN] [cadence.virtuoso.ade.simulationMonitor] -     WARNING (CMI-2425): I19.I11.C0: `Acde' = 2.393 is unusually large. {"history": "MonteCarlo.0", "point": 20, "testname": "TRAN_VDD_PULSE_MC", "cornername": "Nominal"}
[2026-05-26 11:13:35.450 Z] [WARN] [cadence.virtuoso.ade.simulationMonitor] -     WARNING (CMI-2425): I19.I11.C0: `Noff' = 4.732 is unusually large. {"history": "MonteCarlo.0", "point": 20, "testname": "TRAN_VDD_PULSE_MC", "cornername": "Nominal"}
[2026-05-26 11:13:35.451 Z] [WARN] [cadence.virtuoso.ade.simulationMonitor] -     WARNING (CMI-2424): I19.I11.C0: `Voffcv' = -867.4e-03 is unusually small. {"history": "MonteCarlo.0", "point": 20, "testname": "TRAN_VDD_PULSE_MC", "cornername": "Nominal"}
[2026-05-26 11:13:35.451 Z] [WARN] [cadence.virtuoso.ade.simulationMonitor] -     WARNING (CMI-2425): I19.I11.C1: `Acde' = 2.393 is unusually large.
        Further occurrences of this warning will be suppressed. {"history": "MonteCarlo.0", "point": 20, "testname": "TRAN_VDD_PULSE_MC", "cornername": "Nominal"}
[2026-05-26 11:13:35.451 Z] [WARN] [cadence.virtuoso.ade.simulationMonitor] -     WARNING (CMI-2424): I19.I11.C1: `Voffcv' = -867.4e-03 is unusually small. {"history": "MonteCarlo.0", "point": 20, "testname": "TRAN_VDD_PULSE_MC", "cornername": "Nominal"}
[2026-05-26 11:13:35.451 Z] [WARN] [cadence.virtuoso.ade.simulationMonitor] -     WARNING (CMI-2424): I19.I12.C0: `Voffcv' = -867.4e-03 is unusually small. {"history": "MonteCarlo.0", "point": 20, "testname": "TRAN_VDD_PULSE_MC", "cornername": "Nominal"}
[2026-05-26 11:13:35.451 Z] [WARN] [cadence.virtuoso.ade.simulationMonitor] -     WARNING (CMI-2424): I19.I12.C1: `Voffcv' = -867.4e-03 is unusually small.
        Further occurrences of this warning will be suppressed. {"history": "MonteCarlo.0", "point": 20, "testname": "TRAN_VDD_PULSE_MC", "cornername": "Nominal"}
[2026-05-26 11:13:35.451 Z] [INFO] [cadence.virtuoso.ade.simulationMonitor] - Notice from spectre during DC analysis `dcOp', during Monte Carlo analysis `mc1'.
    GminDC = 1 pS is large enough to noticeably affect the DC solution.
        dV(I19.I2.C1.d1) = 1.26132 mV
        Use the `gmin_check' option to eliminate or expand this report.
    Bad pivoting is found during DC analysis. Option dc_pivot_check=yes is recommended for possible improvement of convergence. {"history": "MonteCarlo.0", "point": 20, "testname": "TRAN_VDD_PULSE_MC", "cornername": "Nominal"}
[2026-05-26 11:13:35.451 Z] [WARN] [cadence.virtuoso.ade.simulationMonitor] -     WARNING (CMI-2139): I19.I2.I8.MP5: The bulk-drain junction current exceeds `imelt'.  The results computed by Spectre may be inaccurate because the junction current model has been linearized. {"history": "MonteCarlo.0", "point": 20, "testname": "TRAN_VDD_PULSE_MC", "cornername": "Nominal"}
[2026-05-26 11:13:35.451 Z] [WARN] [cadence.virtuoso.ade.simulationMonitor] -     WARNING (CMI-2144): I19.I2.I8.MP5: The bulk-drain junction current exceeds `imax'. {"history": "MonteCarlo.0", "point": 20, "testname": "TRAN_VDD_PULSE_MC", "cornername": "Nominal"}
[2026-05-26 11:13:35.451 Z] [WARN] [cadence.virtuoso.ade.simulationMonitor] -     WARNING (CMI-2139): I19.I2.I8.MP6: The bulk-drain junction current exceeds `imelt'.  The results computed by Spectre may be inaccurate because the junction current model has been linearized. {"history": "MonteCarlo.0", "point": 20, "testname": "TRAN_VDD_PULSE_MC", "cornername": "Nominal"}
[2026-05-26 11:13:35.451 Z] [WARN] [cadence.virtuoso.ade.simulationMonitor] -     WARNING (CMI-2144): I19.I2.I8.MP6: The bulk-drain junction current exceeds `imax'. {"history": "MonteCarlo.0", "point": 20, "testname": "TRAN_VDD_PULSE_MC", "cornername": "Nominal"}
[2026-05-26 11:13:35.451 Z] [WARN] [cadence.virtuoso.ade.simulationMonitor] -     WARNING (CMI-2139): I19.I2.I8.MP7: The bulk-drain junction current exceeds `imelt'.  The results computed by Spectre may be inaccurate because the junction current model has been linearized. {"history": "MonteCarlo.0", "point": 20, "testname": "TRAN_VDD_PULSE_MC", "cornername": "Nominal"}
[2026-05-26 11:13:35.451 Z] [WARN] [cadence.virtuoso.ade.simulationMonitor] -     WARNING (CMI-2144): I19.I2.I8.MP7: The bulk-drain junction current exceeds `imax'. {"history": "MonteCarlo.0", "point": 20, "testname": "TRAN_VDD_PULSE_MC", "cornername": "Nominal"}
[2026-05-26 11:13:35.451 Z] [WARN] [cadence.virtuoso.ade.simulationMonitor] -     WARNING (CMI-2139): I19.I2.I8.MP8: The bulk-drain junction current exceeds `imelt'.  The results computed by Spectre may be inaccurate because the junction current model has been linearized. {"history": "MonteCarlo.0", "point": 20, "testname": "TRAN_VDD_PULSE_MC", "cornername": "Nominal"}
[2026-05-26 11:13:35.451 Z] [WARN] [cadence.virtuoso.ade.simulationMonitor] -     WARNING (CMI-2144): I19.I2.I8.MP8: The bulk-drain junction current exceeds `imax'. {"history": "MonteCarlo.0", "point": 20, "testname": "TRAN_VDD_PULSE_MC", "cornername": "Nominal"}
[2026-05-26 11:13:35.451 Z] [WARN] [cadence.virtuoso.ade.simulationMonitor] -     WARNING (CMI-2139): I19.I0.MP10: The bulk-drain junction current exceeds `imelt'.  The results computed by Spectre may be inaccurate because the junction current model has been linearized.
        Further occurrences of this warning will be suppressed. {"history": "MonteCarlo.0", "point": 20, "testname": "TRAN_VDD_PULSE_MC", "cornername": "Nominal"}
[2026-05-26 11:13:35.451 Z] [WARN] [cadence.virtuoso.ade.simulationMonitor] -     WARNING (CMI-2144): I19.I0.MP10: The bulk-drain junction current exceeds `imax'.
        Further occurrences of this warning will be suppressed. {"history": "MonteCarlo.0", "point": 20, "testname": "TRAN_VDD_PULSE_MC", "cornername": "Nominal"}
[2026-05-26 11:13:35.451 Z] [WARN] [cadence.virtuoso.ade.simulationMonitor] -     WARNING (CMI-2943): Parameter checks have been ignored because the valid value for parameter 'trise' could not be found in 'C0'. {"history": "MonteCarlo.0", "point": 20, "testname": "TRAN_VDD_PULSE_MC", "cornername": "Nominal"}
[2026-05-26 11:13:35.451 Z] [WARN] [cadence.virtuoso.ade.simulationMonitor] -     WARNING (CMI-2943): Parameter checks have been ignored because the valid value for parameter 'trise' could not be found in 'C3'. {"history": "MonteCarlo.0", "point": 20, "testname": "TRAN_VDD_PULSE_MC", "cornername": "Nominal"}
[2026-05-26 11:13:35.452 Z] [WARN] [cadence.virtuoso.ade.simulationMonitor] -     WARNING (CMI-2943): Parameter checks have been ignored because the valid value for parameter 'trise' could not be found in 'C4'. {"history": "MonteCarlo.0", "point": 20, "testname": "TRAN_VDD_PULSE_MC", "cornername": "Nominal"}
[2026-05-26 11:13:35.452 Z] [WARN] [cadence.virtuoso.ade.simulationMonitor] -     WARNING (CMI-2943): Parameter checks have been ignored because the valid value for parameter 'trise' could not be found in 'C5'. {"history": "MonteCarlo.0", "point": 20, "testname": "TRAN_VDD_PULSE_MC", "cornername": "Nominal"}
[2026-05-26 11:13:35.452 Z] [WARN] [cadence.virtuoso.ade.simulationMonitor] -     WARNING (CMI-2943): Parameter checks have been ignored because the valid value for parameter 'trise' could not be found in 'I19.I4.C9<0>_turbo_m6.C1'.
        Further occurrences of this warning will be suppressed. {"history": "MonteCarlo.0", "point": 20, "testname": "TRAN_VDD_PULSE_MC", "cornername": "Nominal"}
[2026-05-26 11:13:35.452 Z] [INFO] [cadence.virtuoso.ade.simulationMonitor] - Total time required for dc analysis `dcOp': CPU = 13.811 ms, elapsed = 32.9199 ms, util. = 42%. {"history": "MonteCarlo.0", "point": 20, "testname": "TRAN_VDD_PULSE_MC", "cornername": "Nominal"}
[2026-05-26 11:13:35.452 Z] [INFO] [cadence.virtuoso.ade.simulationMonitor] - Peak resident memory used = 236 Mbytes. {"history": "MonteCarlo.0", "point": 20, "testname": "TRAN_VDD_PULSE_MC", "cornername": "Nominal"}
[2026-05-26 11:13:35.452 Z] [INFO] [cadence.virtuoso.ade.simulationMonitor] - Notice from spectre during Monte Carlo analysis `mc1'.
    8 notices suppressed.
    286 warnings suppressed. {"history": "MonteCarlo.0", "point": 20, "testname": "TRAN_VDD_PULSE_MC", "cornername": "Nominal"}
[2026-05-26 11:13:35.452 Z] [WARN] [cadence.virtuoso.ade.simulationMonitor] -     WARNING (CMI-2425): I19.I0.C1<0>_dummy: `Acde' = 2.393 is unusually large. {"history": "MonteCarlo.0", "point": 20, "testname": "TRAN_VDD_PULSE_MC", "cornername": "Nominal"}
[2026-05-26 11:13:35.452 Z] [WARN] [cadence.virtuoso.ade.simulationMonitor] -     WARNING (CMI-2425): I19.I0.C1<0>_dummy: `Noff' = 4.732 is unusually large. {"history": "MonteCarlo.0", "point": 20, "testname": "TRAN_VDD_PULSE_MC", "cornername": "Nominal"}
[2026-05-26 11:13:35.452 Z] [WARN] [cadence.virtuoso.ade.simulationMonitor] -     WARNING (CMI-2424): I19.I0.C1<0>_dummy: `Voffcv' = -867.4e-03 is unusually small. {"history": "MonteCarlo.0", "point": 20, "testname": "TRAN_VDD_PULSE_MC", "cornername": "Nominal"}
[2026-05-26 11:13:35.452 Z] [INFO] [cadence.virtuoso.ade.simulationMonitor] - Notice from spectre during IC analysis, during transient analysis `tran', during Monte Carlo analysis `mc1'.
    GminDC = 1 pS is large enough to noticeably affect the DC solution.
        dV(I19.I2.C1.d1) = 1.26132 mV
        Use the `gmin_check' option to eliminate or expand this report.
    Bad pivoting is found during DC analysis. Option dc_pivot_check=yes is recommended for possible improvement of convergence. {"history": "MonteCarlo.0", "point": 20, "testname": "TRAN_VDD_PULSE_MC", "cornername": "Nominal"}
[2026-05-26 11:13:35.452 Z] [WARN] [cadence.virtuoso.ade.simulationMonitor] -     WARNING (CMI-2139): I19.I2.I8.MP5: The bulk-drain junction current exceeds `imelt'.  The results computed by Spectre may be inaccurate because the junction current model has been linearized. {"history": "MonteCarlo.0", "point": 20, "testname": "TRAN_VDD_PULSE_MC", "cornername": "Nominal"}
[2026-05-26 11:13:35.452 Z] [WARN] [cadence.virtuoso.ade.simulationMonitor] -     WARNING (CMI-2144): I19.I2.I8.MP5: The bulk-drain junction current exceeds `imax'. {"history": "MonteCarlo.0", "point": 20, "testname": "TRAN_VDD_PULSE_MC", "cornername": "Nominal"}
[2026-05-26 11:13:35.452 Z] [WARN] [cadence.virtuoso.ade.simulationMonitor] -     WARNING (CMI-2139): I19.I2.I8.MP6: The bulk-drain junction current exceeds `imelt'.  The results computed by Spectre may be inaccurate because the junction current model has been linearized. {"history": "MonteCarlo.0", "point": 20, "testname": "TRAN_VDD_PULSE_MC", "cornername": "Nominal"}
[2026-05-26 11:13:35.452 Z] [WARN] [cadence.virtuoso.ade.simulationMonitor] -     WARNING (CMI-2144): I19.I2.I8.MP6: The bulk-drain junction current exceeds `imax'. {"history": "MonteCarlo.0", "point": 20, "testname": "TRAN_VDD_PULSE_MC", "cornername": "Nominal"}
[2026-05-26 11:13:35.452 Z] [WARN] [cadence.virtuoso.ade.simulationMonitor] -     WARNING (CMI-2139): I19.I2.I8.MP7: The bulk-drain junction current exceeds `imelt'.  The results computed by Spectre may be inaccurate because the junction current model has been linearized. {"history": "MonteCarlo.0", "point": 20, "testname": "TRAN_VDD_PULSE_MC", "cornername": "Nominal"}
[2026-05-26 11:13:35.452 Z] [WARN] [cadence.virtuoso.ade.simulationMonitor] -     WARNING (CMI-2144): I19.I2.I8.MP7: The bulk-drain junction current exceeds `imax'. {"history": "MonteCarlo.0", "point": 20, "testname": "TRAN_VDD_PULSE_MC", "cornername": "Nominal"}
[2026-05-26 11:13:35.452 Z] [WARN] [cadence.virtuoso.ade.simulationMonitor] -     WARNING (CMI-2139): I19.I2.I8.MP8: The bulk-drain junction current exceeds `imelt'.  The results computed by Spectre may be inaccurate because the junction current model has been linearized. {"history": "MonteCarlo.0", "point": 20, "testname": "TRAN_VDD_PULSE_MC", "cornername": "Nominal"}
[2026-05-26 11:13:35.452 Z] [WARN] [cadence.virtuoso.ade.simulationMonitor] -     WARNING (CMI-2144): I19.I2.I8.MP8: The bulk-drain junction current exceeds `imax'. {"history": "MonteCarlo.0", "point": 20, "testname": "TRAN_VDD_PULSE_MC", "cornername": "Nominal"}
[2026-05-26 11:13:35.453 Z] [WARN] [cadence.virtuoso.ade.simulationMonitor] -     WARNING (CMI-2139): I19.I0.MP10: The bulk-drain junction current exceeds `imelt'.  The results computed by Spectre may be inaccurate because the junction current model has been linearized.
        Further occurrences of this warning will be suppressed. {"history": "MonteCarlo.0", "point": 20, "testname": "TRAN_VDD_PULSE_MC", "cornername": "Nominal"}
[2026-05-26 11:13:35.453 Z] [WARN] [cadence.virtuoso.ade.simulationMonitor] -     WARNING (CMI-2144): I19.I0.MP10: The bulk-drain junction current exceeds `imax'.
        Further occurrences of this warning will be suppressed. {"history": "MonteCarlo.0", "point": 20, "testname": "TRAN_VDD_PULSE_MC", "cornername": "Nominal"}
[2026-05-26 11:13:35.453 Z] [WARN] [cadence.virtuoso.ade.simulationMonitor] -     WARNING (CMI-2943): Parameter checks have been ignored because the valid value for parameter 'trise' could not be found in 'C0'. {"history": "MonteCarlo.0", "point": 20, "testname": "TRAN_VDD_PULSE_MC", "cornername": "Nominal"}
[2026-05-26 11:13:35.453 Z] [WARN] [cadence.virtuoso.ade.simulationMonitor] -     WARNING (CMI-2943): Parameter checks have been ignored because the valid value for parameter 'trise' could not be found in 'C3'. {"history": "MonteCarlo.0", "point": 20, "testname": "TRAN_VDD_PULSE_MC", "cornername": "Nominal"}
[2026-05-26 11:13:35.453 Z] [WARN] [cadence.virtuoso.ade.simulationMonitor] -     WARNING (CMI-2943): Parameter checks have been ignored because the valid value for parameter 'trise' could not be found in 'C4'. {"history": "MonteCarlo.0", "point": 20, "testname": "TRAN_VDD_PULSE_MC", "cornername": "Nominal"}
[2026-05-26 11:13:35.453 Z] [WARN] [cadence.virtuoso.ade.simulationMonitor] -     WARNING (CMI-2943): Parameter checks have been ignored because the valid value for parameter 'trise' could not be found in 'C5'. {"history": "MonteCarlo.0", "point": 20, "testname": "TRAN_VDD_PULSE_MC", "cornername": "Nominal"}
[2026-05-26 11:13:35.453 Z] [WARN] [cadence.virtuoso.ade.simulationMonitor] -     WARNING (CMI-2943): Parameter checks have been ignored because the valid value for parameter 'trise' could not be found in 'I19.I4.C9<0>_turbo_m6.C1'.
        Further occurrences of this warning will be suppressed. {"history": "MonteCarlo.0", "point": 20, "testname": "TRAN_VDD_PULSE_MC", "cornername": "Nominal"}
[2026-05-26 11:13:35.453 Z] [INFO] [cadence.virtuoso.ade.simulationMonitor] - Notice from spectre during transient analysis `tran', during Monte Carlo analysis `mc1'.
    Multithreading is disabled due to the size of the design being too small. {"history": "MonteCarlo.0", "point": 20, "testname": "TRAN_VDD_PULSE_MC", "cornername": "Nominal"}
[2026-05-26 11:13:35.453 Z] [INFO] [cadence.virtuoso.ade.simulationMonitor] - Notice from spectre at time = 203.015 us during transient analysis `tran', during Monte Carlo analysis `mc1'.
    I19.I2.I8.MP5: The bulk-drain junction leaves the linearized region.
    I19.I2.I8.MP5: The bulk-drain junction current no longer exceeds `imax'.
    I19.I2.I8.MP6: The bulk-drain junction leaves the linearized region.
    I19.I2.I8.MP6: The bulk-drain junction current no longer exceeds `imax'.
    I19.I2.I8.MP7: The bulk-drain junction leaves the linearized region.
    I19.I2.I8.MP7: The bulk-... {"history": "MonteCarlo.0", "point": 20, "testname": "TRAN_VDD_PULSE_MC", "cornername": "Nominal"}
[2026-05-26 11:13:35.453 Z] [PROCESS] [cadence.virtuoso.ade.simulationMonitor] - Finished simulating for one iteration {"hostname": "edatools", "processid": 259513, "history": "MonteCarlo.0", "testname": "TRAN_VDD_PULSE_MC", "cornername": "Nominal", "point": 20, "logfile": "/home/saul/projects/IL2244_VT26_SAUL/logs_saul/logs0/Job53.log", "simid": "7"}
[2026-05-26 11:13:35.453 Z] [PROCESS] [cadence.virtuoso.ade.simulationMonitor] - Started Simulation {"hostname": "edatools", "processid": 259513, "history": "MonteCarlo.0", "testname": "TRAN_VDD_PULSE_MC", "cornername": "Nominal", "point": 21, "logfile": "/home/saul/projects/IL2244_VT26_SAUL/logs_saul/logs0/Job53.log", "event": "started", "task": "simulation"}
[2026-05-26 11:15:21.999 Z] [INFO] [cadence.virtuoso.ade.simulationMonitor] - Total time required for tran analysis `tran': CPU = 106.539 s (1m  46.5s), elapsed = 106.576 s (1m  46.6s), util. = 100%. {"history": "MonteCarlo.0", "point": 21, "testname": "TRAN_VDD_PULSE_MC", "cornername": "Nominal"}
[2026-05-26 11:15:21.999 Z] [INFO] [cadence.virtuoso.ade.simulationMonitor] - Peak resident memory used = 236 Mbytes. {"history": "MonteCarlo.0", "point": 21, "testname": "TRAN_VDD_PULSE_MC", "cornername": "Nominal"}
[2026-05-26 11:15:21.999 Z] [INFO] [cadence.virtuoso.ade.simulationMonitor] - Notice from spectre during transient analysis `tran', during Monte Carlo analysis `mc1'.
    2 notices suppressed.
    260 warnings suppressed. {"history": "MonteCarlo.0", "point": 21, "testname": "TRAN_VDD_PULSE_MC", "cornername": "Nominal"}
[2026-05-26 11:15:21.999 Z] [WARN] [cadence.virtuoso.ade.simulationMonitor] -     WARNING (CMI-2425): I19.I0.C1<0>_dummy: `Acde' = 2.393 is unusually large. {"history": "MonteCarlo.0", "point": 21, "testname": "TRAN_VDD_PULSE_MC", "cornername": "Nominal"}
[2026-05-26 11:15:21.999 Z] [WARN] [cadence.virtuoso.ade.simulationMonitor] -     WARNING (CMI-2425): I19.I0.C1<0>_dummy: `Noff' = 4.732 is unusually large. {"history": "MonteCarlo.0", "point": 21, "testname": "TRAN_VDD_PULSE_MC", "cornername": "Nominal"}
[2026-05-26 11:15:21.999 Z] [WARN] [cadence.virtuoso.ade.simulationMonitor] -     WARNING (CMI-2424): I19.I0.C1<0>_dummy: `Voffcv' = -867.4e-03 is unusually small. {"history": "MonteCarlo.0", "point": 21, "testname": "TRAN_VDD_PULSE_MC", "cornername": "Nominal"}
[2026-05-26 11:15:21.999 Z] [PROCESS] [cadence.virtuoso.ade.simulationMonitor] - Finished simulating for one iteration {"hostname": "edatools", "processid": 259513, "history": "MonteCarlo.0", "testname": "TRAN_VDD_PULSE_MC", "cornername": "Nominal", "point": 21, "logfile": "/home/saul/projects/IL2244_VT26_SAUL/logs_saul/logs0/Job53.log", "simid": "7"}
[2026-05-26 11:15:21.999 Z] [PROCESS] [cadence.virtuoso.ade.simulationMonitor] - Started Simulation {"hostname": "edatools", "processid": 259513, "history": "MonteCarlo.0", "testname": "TRAN_VDD_PULSE_MC", "cornername": "Nominal", "point": 22, "logfile": "/home/saul/projects/IL2244_VT26_SAUL/logs_saul/logs0/Job53.log", "event": "started", "task": "simulation"}
[2026-05-26 11:15:22.500 Z] [WARN] [cadence.virtuoso.ade.simulationMonitor] -     WARNING (CMI-2425): I19.I0.C1<0>_dummy: `Acde' = 2.393 is unusually large. {"history": "MonteCarlo.0", "point": 22, "testname": "TRAN_VDD_PULSE_MC", "cornername": "Nominal"}
[2026-05-26 11:15:22.500 Z] [WARN] [cadence.virtuoso.ade.simulationMonitor] -     WARNING (CMI-2425): I19.I0.C1<0>_dummy: `Noff' = 4.732 is unusually large. {"history": "MonteCarlo.0", "point": 22, "testname": "TRAN_VDD_PULSE_MC", "cornername": "Nominal"}
[2026-05-26 11:15:22.500 Z] [WARN] [cadence.virtuoso.ade.simulationMonitor] -     WARNING (CMI-2424): I19.I0.C1<0>_dummy: `Voffcv' = -867.4e-03 is unusually small. {"history": "MonteCarlo.0", "point": 22, "testname": "TRAN_VDD_PULSE_MC", "cornername": "Nominal"}
[2026-05-26 11:15:22.500 Z] [INFO] [cadence.virtuoso.ade.simulationMonitor] - Notice from spectre during Monte Carlo analysis `mc1'.
    V17: `period' has the unusually large value of 20 s.
    V17: `width' has the unusually large value of 19 s.
    V16: `period' has the unusually large value of 10 s.
    V16: `width' has the unusually large value of 9 s.
    V9: `period' has the unusually large value of 10 s.
        Further occurrences of this notice will be suppressed. {"history": "MonteCarlo.0", "point": 22, "testname": "TRAN_VDD_PULSE_MC", "cornername": "Nominal"}
[2026-05-26 11:15:22.501 Z] [INFO] [cadence.virtuoso.ade.simulationMonitor] - Notice from spectre in `rpolyhc':`I19.I0.R10', in `fecg_cmfb2_f':`I19.I0', in `fecg_front_end_f_3':`I19', during Monte Carlo analysis `mc1'.
    I19.I0.R10.CS0 of rpolyhc: `c' has the unusually small value of 0 F.
    I19.I0.R10.CS1 of rpolyhc: `c' has the unusually small value of 0 F. {"history": "MonteCarlo.0", "point": 22, "testname": "TRAN_VDD_PULSE_MC", "cornername": "Nominal"}
[2026-05-26 11:15:22.501 Z] [INFO] [cadence.virtuoso.ade.simulationMonitor] - Notice from spectre in `rpolyhc':`I19.I0.R9', in `fecg_cmfb2_f':`I19.I0', in `fecg_front_end_f_3':`I19', during Monte Carlo analysis `mc1'.
    I19.I0.R9.CS0 of rpolyhc: `c' has the unusually small value of 0 F.
    I19.I0.R9.CS1 of rpolyhc: `c' has the unusually small value of 0 F. {"history": "MonteCarlo.0", "point": 22, "testname": "TRAN_VDD_PULSE_MC", "cornername": "Nominal"}
[2026-05-26 11:15:22.501 Z] [INFO] [cadence.virtuoso.ade.simulationMonitor] - Notice from spectre in `rpolyhc':`I19.I0.R7', in `fecg_cmfb2_f':`I19.I0', in `fecg_front_end_f_3':`I19', during Monte Carlo analysis `mc1'.
    I19.I0.R7.CS0 of rpolyhc: `c' has the unusually small value of 0 F.
        Further occurrences of this notice will be suppressed. {"history": "MonteCarlo.0", "point": 22, "testname": "TRAN_VDD_PULSE_MC", "cornername": "Nominal"}
[2026-05-26 11:15:22.501 Z] [WARN] [cadence.virtuoso.ade.simulationMonitor] -     WARNING (CMI-2425): I19.I2.C1: `Acde' = 2.393 is unusually large. {"history": "MonteCarlo.0", "point": 22, "testname": "TRAN_VDD_PULSE_MC", "cornername": "Nominal"}
[2026-05-26 11:15:22.501 Z] [WARN] [cadence.virtuoso.ade.simulationMonitor] -     WARNING (CMI-2425): I19.I2.C1: `Noff' = 4.732 is unusually large. {"history": "MonteCarlo.0", "point": 22, "testname": "TRAN_VDD_PULSE_MC", "cornername": "Nominal"}
[2026-05-26 11:15:22.501 Z] [WARN] [cadence.virtuoso.ade.simulationMonitor] -     WARNING (CMI-2424): I19.I2.C1: `Voffcv' = -867.4e-03 is unusually small. {"history": "MonteCarlo.0", "point": 22, "testname": "TRAN_VDD_PULSE_MC", "cornername": "Nominal"}
[2026-05-26 11:15:22.501 Z] [WARN] [cadence.virtuoso.ade.simulationMonitor] -     WARNING (CMI-2425): I19.I11.C0: `Acde' = 2.393 is unusually large. {"history": "MonteCarlo.0", "point": 22, "testname": "TRAN_VDD_PULSE_MC", "cornername": "Nominal"}
[2026-05-26 11:15:22.501 Z] [WARN] [cadence.virtuoso.ade.simulationMonitor] -     WARNING (CMI-2425): I19.I11.C0: `Noff' = 4.732 is unusually large. {"history": "MonteCarlo.0", "point": 22, "testname": "TRAN_VDD_PULSE_MC", "cornername": "Nominal"}
[2026-05-26 11:15:22.501 Z] [WARN] [cadence.virtuoso.ade.simulationMonitor] -     WARNING (CMI-2424): I19.I11.C0: `Voffcv' = -867.4e-03 is unusually small. {"history": "MonteCarlo.0", "point": 22, "testname": "TRAN_VDD_PULSE_MC", "cornername": "Nominal"}
[2026-05-26 11:15:22.501 Z] [WARN] [cadence.virtuoso.ade.simulationMonitor] -     WARNING (CMI-2425): I19.I11.C1: `Acde' = 2.393 is unusually large.
        Further occurrences of this warning will be suppressed. {"history": "MonteCarlo.0", "point": 22, "testname": "TRAN_VDD_PULSE_MC", "cornername": "Nominal"}
[2026-05-26 11:15:22.501 Z] [WARN] [cadence.virtuoso.ade.simulationMonitor] -     WARNING (CMI-2424): I19.I11.C1: `Voffcv' = -867.4e-03 is unusually small. {"history": "MonteCarlo.0", "point": 22, "testname": "TRAN_VDD_PULSE_MC", "cornername": "Nominal"}
[2026-05-26 11:15:22.501 Z] [WARN] [cadence.virtuoso.ade.simulationMonitor] -     WARNING (CMI-2424): I19.I12.C0: `Voffcv' = -867.4e-03 is unusually small. {"history": "MonteCarlo.0", "point": 22, "testname": "TRAN_VDD_PULSE_MC", "cornername": "Nominal"}
[2026-05-26 11:15:22.501 Z] [WARN] [cadence.virtuoso.ade.simulationMonitor] -     WARNING (CMI-2424): I19.I12.C1: `Voffcv' = -867.4e-03 is unusually small.
        Further occurrences of this warning will be suppressed. {"history": "MonteCarlo.0", "point": 22, "testname": "TRAN_VDD_PULSE_MC", "cornername": "Nominal"}
[2026-05-26 11:15:22.502 Z] [INFO] [cadence.virtuoso.ade.simulationMonitor] - Notice from spectre during DC analysis `dcOp', during Monte Carlo analysis `mc1'.
    GminDC = 1 pS is large enough to noticeably affect the DC solution.
        dV(I19.I2.C1.s1) = 1.38395 mV
        Use the `gmin_check' option to eliminate or expand this report.
    Bad pivoting is found during DC analysis. Option dc_pivot_check=yes is recommended for possible improvement of convergence. {"history": "MonteCarlo.0", "point": 22, "testname": "TRAN_VDD_PULSE_MC", "cornername": "Nominal"}
[2026-05-26 11:15:22.502 Z] [WARN] [cadence.virtuoso.ade.simulationMonitor] -     WARNING (CMI-2139): I19.I2.I8.MP5: The bulk-drain junction current exceeds `imelt'.  The results computed by Spectre may be inaccurate because the junction current model has been linearized. {"history": "MonteCarlo.0", "point": 22, "testname": "TRAN_VDD_PULSE_MC", "cornername": "Nominal"}
[2026-05-26 11:15:22.502 Z] [WARN] [cadence.virtuoso.ade.simulationMonitor] -     WARNING (CMI-2144): I19.I2.I8.MP5: The bulk-drain junction current exceeds `imax'. {"history": "MonteCarlo.0", "point": 22, "testname": "TRAN_VDD_PULSE_MC", "cornername": "Nominal"}
[2026-05-26 11:15:22.502 Z] [WARN] [cadence.virtuoso.ade.simulationMonitor] -     WARNING (CMI-2139): I19.I2.I8.MP6: The bulk-drain junction current exceeds `imelt'.  The results computed by Spectre may be inaccurate because the junction current model has been linearized. {"history": "MonteCarlo.0", "point": 22, "testname": "TRAN_VDD_PULSE_MC", "cornername": "Nominal"}
[2026-05-26 11:15:22.502 Z] [WARN] [cadence.virtuoso.ade.simulationMonitor] -     WARNING (CMI-2144): I19.I2.I8.MP6: The bulk-drain junction current exceeds `imax'. {"history": "MonteCarlo.0", "point": 22, "testname": "TRAN_VDD_PULSE_MC", "cornername": "Nominal"}
[2026-05-26 11:15:22.502 Z] [WARN] [cadence.virtuoso.ade.simulationMonitor] -     WARNING (CMI-2139): I19.I2.I8.MP7: The bulk-drain junction current exceeds `imelt'.  The results computed by Spectre may be inaccurate because the junction current model has been linearized. {"history": "MonteCarlo.0", "point": 22, "testname": "TRAN_VDD_PULSE_MC", "cornername": "Nominal"}
[2026-05-26 11:15:22.502 Z] [WARN] [cadence.virtuoso.ade.simulationMonitor] -     WARNING (CMI-2144): I19.I2.I8.MP7: The bulk-drain junction current exceeds `imax'. {"history": "MonteCarlo.0", "point": 22, "testname": "TRAN_VDD_PULSE_MC", "cornername": "Nominal"}
[2026-05-26 11:15:22.502 Z] [WARN] [cadence.virtuoso.ade.simulationMonitor] -     WARNING (CMI-2139): I19.I2.I8.MP8: The bulk-drain junction current exceeds `imelt'.  The results computed by Spectre may be inaccurate because the junction current model has been linearized. {"history": "MonteCarlo.0", "point": 22, "testname": "TRAN_VDD_PULSE_MC", "cornername": "Nominal"}
[2026-05-26 11:15:22.502 Z] [WARN] [cadence.virtuoso.ade.simulationMonitor] -     WARNING (CMI-2144): I19.I2.I8.MP8: The bulk-drain junction current exceeds `imax'. {"history": "MonteCarlo.0", "point": 22, "testname": "TRAN_VDD_PULSE_MC", "cornername": "Nominal"}
[2026-05-26 11:15:22.502 Z] [WARN] [cadence.virtuoso.ade.simulationMonitor] -     WARNING (CMI-2139): I19.I0.MP10: The bulk-drain junction current exceeds `imelt'.  The results computed by Spectre may be inaccurate because the junction current model has been linearized.
        Further occurrences of this warning will be suppressed. {"history": "MonteCarlo.0", "point": 22, "testname": "TRAN_VDD_PULSE_MC", "cornername": "Nominal"}
[2026-05-26 11:15:22.502 Z] [WARN] [cadence.virtuoso.ade.simulationMonitor] -     WARNING (CMI-2144): I19.I0.MP10: The bulk-drain junction current exceeds `imax'.
        Further occurrences of this warning will be suppressed. {"history": "MonteCarlo.0", "point": 22, "testname": "TRAN_VDD_PULSE_MC", "cornername": "Nominal"}
[2026-05-26 11:15:22.502 Z] [WARN] [cadence.virtuoso.ade.simulationMonitor] -     WARNING (CMI-2943): Parameter checks have been ignored because the valid value for parameter 'trise' could not be found in 'C0'. {"history": "MonteCarlo.0", "point": 22, "testname": "TRAN_VDD_PULSE_MC", "cornername": "Nominal"}
[2026-05-26 11:15:22.502 Z] [WARN] [cadence.virtuoso.ade.simulationMonitor] -     WARNING (CMI-2943): Parameter checks have been ignored because the valid value for parameter 'trise' could not be found in 'C3'. {"history": "MonteCarlo.0", "point": 22, "testname": "TRAN_VDD_PULSE_MC", "cornername": "Nominal"}
[2026-05-26 11:15:22.502 Z] [WARN] [cadence.virtuoso.ade.simulationMonitor] -     WARNING (CMI-2943): Parameter checks have been ignored because the valid value for parameter 'trise' could not be found in 'C4'. {"history": "MonteCarlo.0", "point": 22, "testname": "TRAN_VDD_PULSE_MC", "cornername": "Nominal"}
[2026-05-26 11:15:22.502 Z] [WARN] [cadence.virtuoso.ade.simulationMonitor] -     WARNING (CMI-2943): Parameter checks have been ignored because the valid value for parameter 'trise' could not be found in 'C5'. {"history": "MonteCarlo.0", "point": 22, "testname": "TRAN_VDD_PULSE_MC", "cornername": "Nominal"}
[2026-05-26 11:15:22.503 Z] [WARN] [cadence.virtuoso.ade.simulationMonitor] -     WARNING (CMI-2943): Parameter checks have been ignored because the valid value for parameter 'trise' could not be found in 'I19.I4.C9<0>_turbo_m6.C1'.
        Further occurrences of this warning will be suppressed. {"history": "MonteCarlo.0", "point": 22, "testname": "TRAN_VDD_PULSE_MC", "cornername": "Nominal"}
[2026-05-26 11:15:22.503 Z] [INFO] [cadence.virtuoso.ade.simulationMonitor] - Total time required for dc analysis `dcOp': CPU = 14.718 ms, elapsed = 32.12 ms, util. = 45.8%. {"history": "MonteCarlo.0", "point": 22, "testname": "TRAN_VDD_PULSE_MC", "cornername": "Nominal"}
[2026-05-26 11:15:22.503 Z] [INFO] [cadence.virtuoso.ade.simulationMonitor] - Peak resident memory used = 236 Mbytes. {"history": "MonteCarlo.0", "point": 22, "testname": "TRAN_VDD_PULSE_MC", "cornername": "Nominal"}
[2026-05-26 11:15:22.503 Z] [INFO] [cadence.virtuoso.ade.simulationMonitor] - Notice from spectre during Monte Carlo analysis `mc1'.
    8 notices suppressed.
    286 warnings suppressed. {"history": "MonteCarlo.0", "point": 22, "testname": "TRAN_VDD_PULSE_MC", "cornername": "Nominal"}
[2026-05-26 11:15:22.503 Z] [WARN] [cadence.virtuoso.ade.simulationMonitor] -     WARNING (CMI-2425): I19.I0.C1<0>_dummy: `Acde' = 2.393 is unusually large. {"history": "MonteCarlo.0", "point": 22, "testname": "TRAN_VDD_PULSE_MC", "cornername": "Nominal"}
[2026-05-26 11:15:22.503 Z] [WARN] [cadence.virtuoso.ade.simulationMonitor] -     WARNING (CMI-2425): I19.I0.C1<0>_dummy: `Noff' = 4.732 is unusually large. {"history": "MonteCarlo.0", "point": 22, "testname": "TRAN_VDD_PULSE_MC", "cornername": "Nominal"}
[2026-05-26 11:15:22.503 Z] [WARN] [cadence.virtuoso.ade.simulationMonitor] -     WARNING (CMI-2424): I19.I0.C1<0>_dummy: `Voffcv' = -867.4e-03 is unusually small. {"history": "MonteCarlo.0", "point": 22, "testname": "TRAN_VDD_PULSE_MC", "cornername": "Nominal"}
[2026-05-26 11:15:22.503 Z] [INFO] [cadence.virtuoso.ade.simulationMonitor] - Notice from spectre during IC analysis, during transient analysis `tran', during Monte Carlo analysis `mc1'.
    GminDC = 1 pS is large enough to noticeably affect the DC solution.
        dV(I19.I2.C1.s1) = 1.38395 mV
        Use the `gmin_check' option to eliminate or expand this report.
    Bad pivoting is found during DC analysis. Option dc_pivot_check=yes is recommended for possible improvement of convergence. {"history": "MonteCarlo.0", "point": 22, "testname": "TRAN_VDD_PULSE_MC", "cornername": "Nominal"}
[2026-05-26 11:15:22.503 Z] [WARN] [cadence.virtuoso.ade.simulationMonitor] -     WARNING (CMI-2139): I19.I2.I8.MP5: The bulk-drain junction current exceeds `imelt'.  The results computed by Spectre may be inaccurate because the junction current model has been linearized. {"history": "MonteCarlo.0", "point": 22, "testname": "TRAN_VDD_PULSE_MC", "cornername": "Nominal"}
[2026-05-26 11:15:22.503 Z] [WARN] [cadence.virtuoso.ade.simulationMonitor] -     WARNING (CMI-2144): I19.I2.I8.MP5: The bulk-drain junction current exceeds `imax'. {"history": "MonteCarlo.0", "point": 22, "testname": "TRAN_VDD_PULSE_MC", "cornername": "Nominal"}
[2026-05-26 11:15:22.503 Z] [WARN] [cadence.virtuoso.ade.simulationMonitor] -     WARNING (CMI-2139): I19.I2.I8.MP6: The bulk-drain junction current exceeds `imelt'.  The results computed by Spectre may be inaccurate because the junction current model has been linearized. {"history": "MonteCarlo.0", "point": 22, "testname": "TRAN_VDD_PULSE_MC", "cornername": "Nominal"}
[2026-05-26 11:15:22.503 Z] [WARN] [cadence.virtuoso.ade.simulationMonitor] -     WARNING (CMI-2144): I19.I2.I8.MP6: The bulk-drain junction current exceeds `imax'. {"history": "MonteCarlo.0", "point": 22, "testname": "TRAN_VDD_PULSE_MC", "cornername": "Nominal"}
[2026-05-26 11:15:22.503 Z] [WARN] [cadence.virtuoso.ade.simulationMonitor] -     WARNING (CMI-2139): I19.I2.I8.MP7: The bulk-drain junction current exceeds `imelt'.  The results computed by Spectre may be inaccurate because the junction current model has been linearized. {"history": "MonteCarlo.0", "point": 22, "testname": "TRAN_VDD_PULSE_MC", "cornername": "Nominal"}
[2026-05-26 11:15:22.503 Z] [WARN] [cadence.virtuoso.ade.simulationMonitor] -     WARNING (CMI-2144): I19.I2.I8.MP7: The bulk-drain junction current exceeds `imax'. {"history": "MonteCarlo.0", "point": 22, "testname": "TRAN_VDD_PULSE_MC", "cornername": "Nominal"}
[2026-05-26 11:15:22.503 Z] [WARN] [cadence.virtuoso.ade.simulationMonitor] -     WARNING (CMI-2139): I19.I2.I8.MP8: The bulk-drain junction current exceeds `imelt'.  The results computed by Spectre may be inaccurate because the junction current model has been linearized. {"history": "MonteCarlo.0", "point": 22, "testname": "TRAN_VDD_PULSE_MC", "cornername": "Nominal"}
[2026-05-26 11:15:22.503 Z] [WARN] [cadence.virtuoso.ade.simulationMonitor] -     WARNING (CMI-2144): I19.I2.I8.MP8: The bulk-drain junction current exceeds `imax'. {"history": "MonteCarlo.0", "point": 22, "testname": "TRAN_VDD_PULSE_MC", "cornername": "Nominal"}
[2026-05-26 11:15:22.504 Z] [WARN] [cadence.virtuoso.ade.simulationMonitor] -     WARNING (CMI-2139): I19.I0.MP10: The bulk-drain junction current exceeds `imelt'.  The results computed by Spectre may be inaccurate because the junction current model has been linearized.
        Further occurrences of this warning will be suppressed. {"history": "MonteCarlo.0", "point": 22, "testname": "TRAN_VDD_PULSE_MC", "cornername": "Nominal"}
[2026-05-26 11:15:22.504 Z] [WARN] [cadence.virtuoso.ade.simulationMonitor] -     WARNING (CMI-2144): I19.I0.MP10: The bulk-drain junction current exceeds `imax'.
        Further occurrences of this warning will be suppressed. {"history": "MonteCarlo.0", "point": 22, "testname": "TRAN_VDD_PULSE_MC", "cornername": "Nominal"}
[2026-05-26 11:15:22.504 Z] [WARN] [cadence.virtuoso.ade.simulationMonitor] -     WARNING (CMI-2943): Parameter checks have been ignored because the valid value for parameter 'trise' could not be found in 'C0'. {"history": "MonteCarlo.0", "point": 22, "testname": "TRAN_VDD_PULSE_MC", "cornername": "Nominal"}
[2026-05-26 11:15:22.504 Z] [WARN] [cadence.virtuoso.ade.simulationMonitor] -     WARNING (CMI-2943): Parameter checks have been ignored because the valid value for parameter 'trise' could not be found in 'C3'. {"history": "MonteCarlo.0", "point": 22, "testname": "TRAN_VDD_PULSE_MC", "cornername": "Nominal"}
[2026-05-26 11:15:22.504 Z] [WARN] [cadence.virtuoso.ade.simulationMonitor] -     WARNING (CMI-2943): Parameter checks have been ignored because the valid value for parameter 'trise' could not be found in 'C4'. {"history": "MonteCarlo.0", "point": 22, "testname": "TRAN_VDD_PULSE_MC", "cornername": "Nominal"}
[2026-05-26 11:15:22.504 Z] [WARN] [cadence.virtuoso.ade.simulationMonitor] -     WARNING (CMI-2943): Parameter checks have been ignored because the valid value for parameter 'trise' could not be found in 'C5'. {"history": "MonteCarlo.0", "point": 22, "testname": "TRAN_VDD_PULSE_MC", "cornername": "Nominal"}
[2026-05-26 11:15:22.504 Z] [WARN] [cadence.virtuoso.ade.simulationMonitor] -     WARNING (CMI-2943): Parameter checks have been ignored because the valid value for parameter 'trise' could not be found in 'I19.I4.C9<0>_turbo_m6.C1'.
        Further occurrences of this warning will be suppressed. {"history": "MonteCarlo.0", "point": 22, "testname": "TRAN_VDD_PULSE_MC", "cornername": "Nominal"}
[2026-05-26 11:15:22.504 Z] [INFO] [cadence.virtuoso.ade.simulationMonitor] - Notice from spectre during transient analysis `tran', during Monte Carlo analysis `mc1'.
    Multithreading is disabled due to the size of the design being too small. {"history": "MonteCarlo.0", "point": 22, "testname": "TRAN_VDD_PULSE_MC", "cornername": "Nominal"}
[2026-05-26 11:15:22.504 Z] [INFO] [cadence.virtuoso.ade.simulationMonitor] - Notice from spectre at time = 202.25 us during transient analysis `tran', during Monte Carlo analysis `mc1'.
    I19.I2.I8.MP5: The bulk-drain junction leaves the linearized region.
    I19.I2.I8.MP5: The bulk-drain junction current no longer exceeds `imax'.
    I19.I2.I8.MP6: The bulk-drain junction leaves the linearized region.
    I19.I2.I8.MP6: The bulk-drain junction current no longer exceeds `imax'.
    I19.I2.I8.MP7: The bulk-drain junction leaves the linearized region.
    I19.I2.I8.MP7: The bulk-d... {"history": "MonteCarlo.0", "point": 22, "testname": "TRAN_VDD_PULSE_MC", "cornername": "Nominal"}
[2026-05-26 11:17:09.547 Z] [INFO] [cadence.virtuoso.ade.simulationMonitor] - Total time required for tran analysis `tran': CPU = 107.277 s (1m  47.3s), elapsed = 107.312 s (1m  47.3s), util. = 100%. {"history": "MonteCarlo.0", "point": 22, "testname": "TRAN_VDD_PULSE_MC", "cornername": "Nominal"}
[2026-05-26 11:17:09.547 Z] [INFO] [cadence.virtuoso.ade.simulationMonitor] - Peak resident memory used = 237 Mbytes. {"history": "MonteCarlo.0", "point": 22, "testname": "TRAN_VDD_PULSE_MC", "cornername": "Nominal"}
[2026-05-26 11:17:09.547 Z] [INFO] [cadence.virtuoso.ade.simulationMonitor] - Notice from spectre during transient analysis `tran', during Monte Carlo analysis `mc1'.
    2 notices suppressed.
    260 warnings suppressed. {"history": "MonteCarlo.0", "point": 22, "testname": "TRAN_VDD_PULSE_MC", "cornername": "Nominal"}
[2026-05-26 11:17:09.547 Z] [WARN] [cadence.virtuoso.ade.simulationMonitor] -     WARNING (CMI-2425): I19.I0.C1<0>_dummy: `Acde' = 2.393 is unusually large. {"history": "MonteCarlo.0", "point": 22, "testname": "TRAN_VDD_PULSE_MC", "cornername": "Nominal"}
[2026-05-26 11:17:09.548 Z] [WARN] [cadence.virtuoso.ade.simulationMonitor] -     WARNING (CMI-2425): I19.I0.C1<0>_dummy: `Noff' = 4.732 is unusually large. {"history": "MonteCarlo.0", "point": 22, "testname": "TRAN_VDD_PULSE_MC", "cornername": "Nominal"}
[2026-05-26 11:17:09.548 Z] [WARN] [cadence.virtuoso.ade.simulationMonitor] -     WARNING (CMI-2424): I19.I0.C1<0>_dummy: `Voffcv' = -867.4e-03 is unusually small. {"history": "MonteCarlo.0", "point": 22, "testname": "TRAN_VDD_PULSE_MC", "cornername": "Nominal"}
[2026-05-26 11:17:09.548 Z] [WARN] [cadence.virtuoso.ade.simulationMonitor] -     WARNING (CMI-2425): I19.I0.C1<0>_dummy: `Acde' = 2.393 is unusually large. {"history": "MonteCarlo.0", "point": 22, "testname": "TRAN_VDD_PULSE_MC", "cornername": "Nominal"}
[2026-05-26 11:17:09.548 Z] [WARN] [cadence.virtuoso.ade.simulationMonitor] -     WARNING (CMI-2425): I19.I0.C1<0>_dummy: `Noff' = 4.732 is unusually large. {"history": "MonteCarlo.0", "point": 22, "testname": "TRAN_VDD_PULSE_MC", "cornername": "Nominal"}
[2026-05-26 11:17:09.548 Z] [WARN] [cadence.virtuoso.ade.simulationMonitor] -     WARNING (CMI-2424): I19.I0.C1<0>_dummy: `Voffcv' = -867.4e-03 is unusually small. {"history": "MonteCarlo.0", "point": 22, "testname": "TRAN_VDD_PULSE_MC", "cornername": "Nominal"}
[2026-05-26 11:17:10.048 Z] [INFO] [cadence.virtuoso.ade.simulationMonitor] - Notice from spectre during Monte Carlo analysis `mc1'.
    V17: `period' has the unusually large value of 20 s.
    V17: `width' has the unusually large value of 19 s.
    V16: `period' has the unusually large value of 10 s.
    V16: `width' has the unusually large value of 9 s.
    V9: `period' has the unusually large value of 10 s.
        Further occurrences of this notice will be suppressed. {"history": "MonteCarlo.0", "point": 22, "testname": "TRAN_VDD_PULSE_MC", "cornername": "Nominal"}
[2026-05-26 11:17:10.049 Z] [INFO] [cadence.virtuoso.ade.simulationMonitor] - Notice from spectre in `rpolyhc':`I19.I0.R10', in `fecg_cmfb2_f':`I19.I0', in `fecg_front_end_f_3':`I19', during Monte Carlo analysis `mc1'.
    I19.I0.R10.CS0 of rpolyhc: `c' has the unusually small value of 0 F.
    I19.I0.R10.CS1 of rpolyhc: `c' has the unusually small value of 0 F. {"history": "MonteCarlo.0", "point": 22, "testname": "TRAN_VDD_PULSE_MC", "cornername": "Nominal"}
[2026-05-26 11:17:10.049 Z] [INFO] [cadence.virtuoso.ade.simulationMonitor] - Notice from spectre in `rpolyhc':`I19.I0.R9', in `fecg_cmfb2_f':`I19.I0', in `fecg_front_end_f_3':`I19', during Monte Carlo analysis `mc1'.
    I19.I0.R9.CS0 of rpolyhc: `c' has the unusually small value of 0 F.
    I19.I0.R9.CS1 of rpolyhc: `c' has the unusually small value of 0 F. {"history": "MonteCarlo.0", "point": 22, "testname": "TRAN_VDD_PULSE_MC", "cornername": "Nominal"}
[2026-05-26 11:17:10.049 Z] [INFO] [cadence.virtuoso.ade.simulationMonitor] - Notice from spectre in `rpolyhc':`I19.I0.R7', in `fecg_cmfb2_f':`I19.I0', in `fecg_front_end_f_3':`I19', during Monte Carlo analysis `mc1'.
    I19.I0.R7.CS0 of rpolyhc: `c' has the unusually small value of 0 F.
        Further occurrences of this notice will be suppressed. {"history": "MonteCarlo.0", "point": 22, "testname": "TRAN_VDD_PULSE_MC", "cornername": "Nominal"}
[2026-05-26 11:17:10.049 Z] [WARN] [cadence.virtuoso.ade.simulationMonitor] -     WARNING (CMI-2425): I19.I2.C1: `Acde' = 2.393 is unusually large. {"history": "MonteCarlo.0", "point": 22, "testname": "TRAN_VDD_PULSE_MC", "cornername": "Nominal"}
[2026-05-26 11:17:10.049 Z] [WARN] [cadence.virtuoso.ade.simulationMonitor] -     WARNING (CMI-2425): I19.I2.C1: `Noff' = 4.732 is unusually large. {"history": "MonteCarlo.0", "point": 22, "testname": "TRAN_VDD_PULSE_MC", "cornername": "Nominal"}
[2026-05-26 11:17:10.049 Z] [WARN] [cadence.virtuoso.ade.simulationMonitor] -     WARNING (CMI-2424): I19.I2.C1: `Voffcv' = -867.4e-03 is unusually small. {"history": "MonteCarlo.0", "point": 22, "testname": "TRAN_VDD_PULSE_MC", "cornername": "Nominal"}
[2026-05-26 11:17:10.049 Z] [WARN] [cadence.virtuoso.ade.simulationMonitor] -     WARNING (CMI-2425): I19.I11.C0: `Acde' = 2.393 is unusually large. {"history": "MonteCarlo.0", "point": 22, "testname": "TRAN_VDD_PULSE_MC", "cornername": "Nominal"}
[2026-05-26 11:17:10.049 Z] [WARN] [cadence.virtuoso.ade.simulationMonitor] -     WARNING (CMI-2425): I19.I11.C0: `Noff' = 4.732 is unusually large. {"history": "MonteCarlo.0", "point": 22, "testname": "TRAN_VDD_PULSE_MC", "cornername": "Nominal"}
[2026-05-26 11:17:10.050 Z] [WARN] [cadence.virtuoso.ade.simulationMonitor] -     WARNING (CMI-2424): I19.I11.C0: `Voffcv' = -867.4e-03 is unusually small. {"history": "MonteCarlo.0", "point": 22, "testname": "TRAN_VDD_PULSE_MC", "cornername": "Nominal"}
[2026-05-26 11:17:10.050 Z] [WARN] [cadence.virtuoso.ade.simulationMonitor] -     WARNING (CMI-2425): I19.I11.C1: `Acde' = 2.393 is unusually large.
        Further occurrences of this warning will be suppressed. {"history": "MonteCarlo.0", "point": 22, "testname": "TRAN_VDD_PULSE_MC", "cornername": "Nominal"}
[2026-05-26 11:17:10.050 Z] [WARN] [cadence.virtuoso.ade.simulationMonitor] -     WARNING (CMI-2424): I19.I11.C1: `Voffcv' = -867.4e-03 is unusually small. {"history": "MonteCarlo.0", "point": 22, "testname": "TRAN_VDD_PULSE_MC", "cornername": "Nominal"}
[2026-05-26 11:17:10.050 Z] [WARN] [cadence.virtuoso.ade.simulationMonitor] -     WARNING (CMI-2424): I19.I12.C0: `Voffcv' = -867.4e-03 is unusually small. {"history": "MonteCarlo.0", "point": 22, "testname": "TRAN_VDD_PULSE_MC", "cornername": "Nominal"}
[2026-05-26 11:17:10.050 Z] [WARN] [cadence.virtuoso.ade.simulationMonitor] -     WARNING (CMI-2424): I19.I12.C1: `Voffcv' = -867.4e-03 is unusually small.
        Further occurrences of this warning will be suppressed. {"history": "MonteCarlo.0", "point": 22, "testname": "TRAN_VDD_PULSE_MC", "cornername": "Nominal"}
[2026-05-26 11:17:10.050 Z] [INFO] [cadence.virtuoso.ade.simulationMonitor] - Notice from spectre during DC analysis `dcOp', during Monte Carlo analysis `mc1'.
    GminDC = 1 pS is large enough to noticeably affect the DC solution.
        dV(I19.I2.C1.d1) = 1.15486 mV
        Use the `gmin_check' option to eliminate or expand this report.
    Bad pivoting is found during DC analysis. Option dc_pivot_check=yes is recommended for possible improvement of convergence. {"history": "MonteCarlo.0", "point": 22, "testname": "TRAN_VDD_PULSE_MC", "cornername": "Nominal"}
[2026-05-26 11:17:10.050 Z] [WARN] [cadence.virtuoso.ade.simulationMonitor] -     WARNING (CMI-2139): I19.I2.I8.MP5: The bulk-drain junction current exceeds `imelt'.  The results computed by Spectre may be inaccurate because the junction current model has been linearized. {"history": "MonteCarlo.0", "point": 22, "testname": "TRAN_VDD_PULSE_MC", "cornername": "Nominal"}
[2026-05-26 11:17:10.050 Z] [WARN] [cadence.virtuoso.ade.simulationMonitor] -     WARNING (CMI-2144): I19.I2.I8.MP5: The bulk-drain junction current exceeds `imax'. {"history": "MonteCarlo.0", "point": 22, "testname": "TRAN_VDD_PULSE_MC", "cornername": "Nominal"}
[2026-05-26 11:17:10.050 Z] [WARN] [cadence.virtuoso.ade.simulationMonitor] -     WARNING (CMI-2139): I19.I2.I8.MP6: The bulk-drain junction current exceeds `imelt'.  The results computed by Spectre may be inaccurate because the junction current model has been linearized. {"history": "MonteCarlo.0", "point": 22, "testname": "TRAN_VDD_PULSE_MC", "cornername": "Nominal"}
[2026-05-26 11:17:10.050 Z] [WARN] [cadence.virtuoso.ade.simulationMonitor] -     WARNING (CMI-2144): I19.I2.I8.MP6: The bulk-drain junction current exceeds `imax'. {"history": "MonteCarlo.0", "point": 22, "testname": "TRAN_VDD_PULSE_MC", "cornername": "Nominal"}
[2026-05-26 11:17:10.050 Z] [WARN] [cadence.virtuoso.ade.simulationMonitor] -     WARNING (CMI-2139): I19.I2.I8.MP7: The bulk-drain junction current exceeds `imelt'.  The results computed by Spectre may be inaccurate because the junction current model has been linearized. {"history": "MonteCarlo.0", "point": 22, "testname": "TRAN_VDD_PULSE_MC", "cornername": "Nominal"}
[2026-05-26 11:17:10.050 Z] [WARN] [cadence.virtuoso.ade.simulationMonitor] -     WARNING (CMI-2144): I19.I2.I8.MP7: The bulk-drain junction current exceeds `imax'. {"history": "MonteCarlo.0", "point": 22, "testname": "TRAN_VDD_PULSE_MC", "cornername": "Nominal"}
[2026-05-26 11:17:10.050 Z] [WARN] [cadence.virtuoso.ade.simulationMonitor] -     WARNING (CMI-2139): I19.I2.I8.MP8: The bulk-drain junction current exceeds `imelt'.  The results computed by Spectre may be inaccurate because the junction current model has been linearized. {"history": "MonteCarlo.0", "point": 22, "testname": "TRAN_VDD_PULSE_MC", "cornername": "Nominal"}
[2026-05-26 11:17:10.050 Z] [WARN] [cadence.virtuoso.ade.simulationMonitor] -     WARNING (CMI-2144): I19.I2.I8.MP8: The bulk-drain junction current exceeds `imax'. {"history": "MonteCarlo.0", "point": 22, "testname": "TRAN_VDD_PULSE_MC", "cornername": "Nominal"}
[2026-05-26 11:17:10.050 Z] [WARN] [cadence.virtuoso.ade.simulationMonitor] -     WARNING (CMI-2139): I19.I0.MP10: The bulk-drain junction current exceeds `imelt'.  The results computed by Spectre may be inaccurate because the junction current model has been linearized.
        Further occurrences of this warning will be suppressed. {"history": "MonteCarlo.0", "point": 22, "testname": "TRAN_VDD_PULSE_MC", "cornername": "Nominal"}
[2026-05-26 11:17:10.050 Z] [WARN] [cadence.virtuoso.ade.simulationMonitor] -     WARNING (CMI-2144): I19.I0.MP10: The bulk-drain junction current exceeds `imax'.
        Further occurrences of this warning will be suppressed. {"history": "MonteCarlo.0", "point": 22, "testname": "TRAN_VDD_PULSE_MC", "cornername": "Nominal"}
[2026-05-26 11:17:10.051 Z] [WARN] [cadence.virtuoso.ade.simulationMonitor] -     WARNING (CMI-2943): Parameter checks have been ignored because the valid value for parameter 'trise' could not be found in 'C0'. {"history": "MonteCarlo.0", "point": 22, "testname": "TRAN_VDD_PULSE_MC", "cornername": "Nominal"}
[2026-05-26 11:17:10.051 Z] [WARN] [cadence.virtuoso.ade.simulationMonitor] -     WARNING (CMI-2943): Parameter checks have been ignored because the valid value for parameter 'trise' could not be found in 'C3'. {"history": "MonteCarlo.0", "point": 22, "testname": "TRAN_VDD_PULSE_MC", "cornername": "Nominal"}
[2026-05-26 11:17:10.051 Z] [WARN] [cadence.virtuoso.ade.simulationMonitor] -     WARNING (CMI-2943): Parameter checks have been ignored because the valid value for parameter 'trise' could not be found in 'C4'. {"history": "MonteCarlo.0", "point": 22, "testname": "TRAN_VDD_PULSE_MC", "cornername": "Nominal"}
[2026-05-26 11:17:10.051 Z] [WARN] [cadence.virtuoso.ade.simulationMonitor] -     WARNING (CMI-2943): Parameter checks have been ignored because the valid value for parameter 'trise' could not be found in 'C5'. {"history": "MonteCarlo.0", "point": 22, "testname": "TRAN_VDD_PULSE_MC", "cornername": "Nominal"}
[2026-05-26 11:17:10.051 Z] [WARN] [cadence.virtuoso.ade.simulationMonitor] -     WARNING (CMI-2943): Parameter checks have been ignored because the valid value for parameter 'trise' could not be found in 'I19.I4.C9<0>_turbo_m6.C1'.
        Further occurrences of this warning will be suppressed. {"history": "MonteCarlo.0", "point": 22, "testname": "TRAN_VDD_PULSE_MC", "cornername": "Nominal"}
[2026-05-26 11:17:10.051 Z] [INFO] [cadence.virtuoso.ade.simulationMonitor] - Total time required for dc analysis `dcOp': CPU = 14.005 ms, elapsed = 34.0571 ms, util. = 41.1%. {"history": "MonteCarlo.0", "point": 22, "testname": "TRAN_VDD_PULSE_MC", "cornername": "Nominal"}
[2026-05-26 11:17:10.051 Z] [INFO] [cadence.virtuoso.ade.simulationMonitor] - Peak resident memory used = 237 Mbytes. {"history": "MonteCarlo.0", "point": 22, "testname": "TRAN_VDD_PULSE_MC", "cornername": "Nominal"}
[2026-05-26 11:17:10.051 Z] [INFO] [cadence.virtuoso.ade.simulationMonitor] - Notice from spectre during Monte Carlo analysis `mc1'.
    8 notices suppressed.
    286 warnings suppressed. {"history": "MonteCarlo.0", "point": 22, "testname": "TRAN_VDD_PULSE_MC", "cornername": "Nominal"}
[2026-05-26 11:17:10.051 Z] [WARN] [cadence.virtuoso.ade.simulationMonitor] -     WARNING (CMI-2425): I19.I0.C1<0>_dummy: `Acde' = 2.393 is unusually large. {"history": "MonteCarlo.0", "point": 22, "testname": "TRAN_VDD_PULSE_MC", "cornername": "Nominal"}
[2026-05-26 11:17:10.051 Z] [WARN] [cadence.virtuoso.ade.simulationMonitor] -     WARNING (CMI-2425): I19.I0.C1<0>_dummy: `Noff' = 4.732 is unusually large. {"history": "MonteCarlo.0", "point": 22, "testname": "TRAN_VDD_PULSE_MC", "cornername": "Nominal"}
[2026-05-26 11:17:10.051 Z] [WARN] [cadence.virtuoso.ade.simulationMonitor] -     WARNING (CMI-2424): I19.I0.C1<0>_dummy: `Voffcv' = -867.4e-03 is unusually small. {"history": "MonteCarlo.0", "point": 22, "testname": "TRAN_VDD_PULSE_MC", "cornername": "Nominal"}
[2026-05-26 11:17:10.051 Z] [INFO] [cadence.virtuoso.ade.simulationMonitor] - Notice from spectre during IC analysis, during transient analysis `tran', during Monte Carlo analysis `mc1'.
    GminDC = 1 pS is large enough to noticeably affect the DC solution.
        dV(I19.I2.C1.d1) = 1.15486 mV
        Use the `gmin_check' option to eliminate or expand this report.
    Bad pivoting is found during DC analysis. Option dc_pivot_check=yes is recommended for possible improvement of convergence. {"history": "MonteCarlo.0", "point": 22, "testname": "TRAN_VDD_PULSE_MC", "cornername": "Nominal"}
[2026-05-26 11:17:10.051 Z] [WARN] [cadence.virtuoso.ade.simulationMonitor] -     WARNING (CMI-2139): I19.I2.I8.MP5: The bulk-drain junction current exceeds `imelt'.  The results computed by Spectre may be inaccurate because the junction current model has been linearized. {"history": "MonteCarlo.0", "point": 22, "testname": "TRAN_VDD_PULSE_MC", "cornername": "Nominal"}
[2026-05-26 11:17:10.051 Z] [WARN] [cadence.virtuoso.ade.simulationMonitor] -     WARNING (CMI-2144): I19.I2.I8.MP5: The bulk-drain junction current exceeds `imax'. {"history": "MonteCarlo.0", "point": 22, "testname": "TRAN_VDD_PULSE_MC", "cornername": "Nominal"}
[2026-05-26 11:17:10.051 Z] [WARN] [cadence.virtuoso.ade.simulationMonitor] -     WARNING (CMI-2139): I19.I2.I8.MP6: The bulk-drain junction current exceeds `imelt'.  The results computed by Spectre may be inaccurate because the junction current model has been linearized. {"history": "MonteCarlo.0", "point": 22, "testname": "TRAN_VDD_PULSE_MC", "cornername": "Nominal"}
[2026-05-26 11:17:10.051 Z] [WARN] [cadence.virtuoso.ade.simulationMonitor] -     WARNING (CMI-2144): I19.I2.I8.MP6: The bulk-drain junction current exceeds `imax'. {"history": "MonteCarlo.0", "point": 22, "testname": "TRAN_VDD_PULSE_MC", "cornername": "Nominal"}
[2026-05-26 11:17:10.051 Z] [WARN] [cadence.virtuoso.ade.simulationMonitor] -     WARNING (CMI-2139): I19.I2.I8.MP7: The bulk-drain junction current exceeds `imelt'.  The results computed by Spectre may be inaccurate because the junction current model has been linearized. {"history": "MonteCarlo.0", "point": 22, "testname": "TRAN_VDD_PULSE_MC", "cornername": "Nominal"}
[2026-05-26 11:17:10.051 Z] [WARN] [cadence.virtuoso.ade.simulationMonitor] -     WARNING (CMI-2144): I19.I2.I8.MP7: The bulk-drain junction current exceeds `imax'. {"history": "MonteCarlo.0", "point": 22, "testname": "TRAN_VDD_PULSE_MC", "cornername": "Nominal"}
[2026-05-26 11:17:10.052 Z] [WARN] [cadence.virtuoso.ade.simulationMonitor] -     WARNING (CMI-2139): I19.I2.I8.MP8: The bulk-drain junction current exceeds `imelt'.  The results computed by Spectre may be inaccurate because the junction current model has been linearized. {"history": "MonteCarlo.0", "point": 22, "testname": "TRAN_VDD_PULSE_MC", "cornername": "Nominal"}
[2026-05-26 11:17:10.052 Z] [WARN] [cadence.virtuoso.ade.simulationMonitor] -     WARNING (CMI-2144): I19.I2.I8.MP8: The bulk-drain junction current exceeds `imax'. {"history": "MonteCarlo.0", "point": 22, "testname": "TRAN_VDD_PULSE_MC", "cornername": "Nominal"}
[2026-05-26 11:17:10.052 Z] [WARN] [cadence.virtuoso.ade.simulationMonitor] -     WARNING (CMI-2139): I19.I0.MP10: The bulk-drain junction current exceeds `imelt'.  The results computed by Spectre may be inaccurate because the junction current model has been linearized.
        Further occurrences of this warning will be suppressed. {"history": "MonteCarlo.0", "point": 22, "testname": "TRAN_VDD_PULSE_MC", "cornername": "Nominal"}
[2026-05-26 11:17:10.052 Z] [WARN] [cadence.virtuoso.ade.simulationMonitor] -     WARNING (CMI-2144): I19.I0.MP10: The bulk-drain junction current exceeds `imax'.
        Further occurrences of this warning will be suppressed. {"history": "MonteCarlo.0", "point": 22, "testname": "TRAN_VDD_PULSE_MC", "cornername": "Nominal"}
[2026-05-26 11:17:10.052 Z] [WARN] [cadence.virtuoso.ade.simulationMonitor] -     WARNING (CMI-2943): Parameter checks have been ignored because the valid value for parameter 'trise' could not be found in 'C0'. {"history": "MonteCarlo.0", "point": 22, "testname": "TRAN_VDD_PULSE_MC", "cornername": "Nominal"}
[2026-05-26 11:17:10.052 Z] [WARN] [cadence.virtuoso.ade.simulationMonitor] -     WARNING (CMI-2943): Parameter checks have been ignored because the valid value for parameter 'trise' could not be found in 'C3'. {"history": "MonteCarlo.0", "point": 22, "testname": "TRAN_VDD_PULSE_MC", "cornername": "Nominal"}
[2026-05-26 11:17:10.052 Z] [WARN] [cadence.virtuoso.ade.simulationMonitor] -     WARNING (CMI-2943): Parameter checks have been ignored because the valid value for parameter 'trise' could not be found in 'C4'. {"history": "MonteCarlo.0", "point": 22, "testname": "TRAN_VDD_PULSE_MC", "cornername": "Nominal"}
[2026-05-26 11:17:10.052 Z] [WARN] [cadence.virtuoso.ade.simulationMonitor] -     WARNING (CMI-2943): Parameter checks have been ignored because the valid value for parameter 'trise' could not be found in 'C5'. {"history": "MonteCarlo.0", "point": 22, "testname": "TRAN_VDD_PULSE_MC", "cornername": "Nominal"}
[2026-05-26 11:17:10.052 Z] [WARN] [cadence.virtuoso.ade.simulationMonitor] -     WARNING (CMI-2943): Parameter checks have been ignored because the valid value for parameter 'trise' could not be found in 'I19.I4.C9<0>_turbo_m6.C1'.
        Further occurrences of this warning will be suppressed. {"history": "MonteCarlo.0", "point": 22, "testname": "TRAN_VDD_PULSE_MC", "cornername": "Nominal"}
[2026-05-26 11:17:10.052 Z] [INFO] [cadence.virtuoso.ade.simulationMonitor] - Notice from spectre during transient analysis `tran', during Monte Carlo analysis `mc1'.
    Multithreading is disabled due to the size of the design being too small. {"history": "MonteCarlo.0", "point": 22, "testname": "TRAN_VDD_PULSE_MC", "cornername": "Nominal"}
[2026-05-26 11:17:10.052 Z] [INFO] [cadence.virtuoso.ade.simulationMonitor] - Notice from spectre at time = 201.916 us during transient analysis `tran', during Monte Carlo analysis `mc1'.
    I19.I2.I8.MP5: The bulk-drain junction leaves the linearized region.
    I19.I2.I8.MP5: The bulk-drain junction current no longer exceeds `imax'.
    I19.I2.I8.MP6: The bulk-drain junction leaves the linearized region.
    I19.I2.I8.MP6: The bulk-drain junction current no longer exceeds `imax'.
    I19.I2.I8.MP7: The bulk-drain junction leaves the linearized region.
    I19.I2.I8.MP7: The bulk-... {"history": "MonteCarlo.0", "point": 22, "testname": "TRAN_VDD_PULSE_MC", "cornername": "Nominal"}
[2026-05-26 11:17:10.052 Z] [PROCESS] [cadence.virtuoso.ade.simulationMonitor] - Finished simulating for one iteration {"hostname": "edatools", "processid": 259513, "history": "MonteCarlo.0", "testname": "TRAN_VDD_PULSE_MC", "cornername": "Nominal", "point": 22, "logfile": "/home/saul/projects/IL2244_VT26_SAUL/logs_saul/logs0/Job53.log", "simid": "7"}
[2026-05-26 11:17:10.052 Z] [PROCESS] [cadence.virtuoso.ade.simulationMonitor] - Started Simulation {"hostname": "edatools", "processid": 259513, "history": "MonteCarlo.0", "testname": "TRAN_VDD_PULSE_MC", "cornername": "Nominal", "point": 23, "logfile": "/home/saul/projects/IL2244_VT26_SAUL/logs_saul/logs0/Job53.log", "event": "started", "task": "simulation"}
[2026-05-26 11:18:52.091 Z] [INFO] [cadence.virtuoso.ade.simulationMonitor] - Total time required for tran analysis `tran': CPU = 102.096 s (1m  42.1s), elapsed = 102.13 s (1m  42.1s), util. = 100%. {"history": "MonteCarlo.0", "point": 23, "testname": "TRAN_VDD_PULSE_MC", "cornername": "Nominal"}
[2026-05-26 11:18:52.091 Z] [INFO] [cadence.virtuoso.ade.simulationMonitor] - Peak resident memory used = 237 Mbytes. {"history": "MonteCarlo.0", "point": 23, "testname": "TRAN_VDD_PULSE_MC", "cornername": "Nominal"}
[2026-05-26 11:18:52.091 Z] [INFO] [cadence.virtuoso.ade.simulationMonitor] - Notice from spectre during transient analysis `tran', during Monte Carlo analysis `mc1'.
    2 notices suppressed.
    260 warnings suppressed. {"history": "MonteCarlo.0", "point": 23, "testname": "TRAN_VDD_PULSE_MC", "cornername": "Nominal"}
[2026-05-26 11:18:52.091 Z] [WARN] [cadence.virtuoso.ade.simulationMonitor] -     WARNING (CMI-2425): I19.I0.C1<0>_dummy: `Acde' = 2.393 is unusually large. {"history": "MonteCarlo.0", "point": 23, "testname": "TRAN_VDD_PULSE_MC", "cornername": "Nominal"}
[2026-05-26 11:18:52.091 Z] [WARN] [cadence.virtuoso.ade.simulationMonitor] -     WARNING (CMI-2425): I19.I0.C1<0>_dummy: `Noff' = 4.732 is unusually large. {"history": "MonteCarlo.0", "point": 23, "testname": "TRAN_VDD_PULSE_MC", "cornername": "Nominal"}
[2026-05-26 11:18:52.091 Z] [WARN] [cadence.virtuoso.ade.simulationMonitor] -     WARNING (CMI-2424): I19.I0.C1<0>_dummy: `Voffcv' = -867.4e-03 is unusually small. {"history": "MonteCarlo.0", "point": 23, "testname": "TRAN_VDD_PULSE_MC", "cornername": "Nominal"}
[2026-05-26 11:18:52.092 Z] [WARN] [cadence.virtuoso.ade.simulationMonitor] -     WARNING (CMI-2425): I19.I0.C1<0>_dummy: `Acde' = 2.393 is unusually large. {"history": "MonteCarlo.0", "point": 23, "testname": "TRAN_VDD_PULSE_MC", "cornername": "Nominal"}
[2026-05-26 11:18:52.092 Z] [WARN] [cadence.virtuoso.ade.simulationMonitor] -     WARNING (CMI-2425): I19.I0.C1<0>_dummy: `Noff' = 4.732 is unusually large. {"history": "MonteCarlo.0", "point": 23, "testname": "TRAN_VDD_PULSE_MC", "cornername": "Nominal"}
[2026-05-26 11:18:52.092 Z] [WARN] [cadence.virtuoso.ade.simulationMonitor] -     WARNING (CMI-2424): I19.I0.C1<0>_dummy: `Voffcv' = -867.4e-03 is unusually small. {"history": "MonteCarlo.0", "point": 23, "testname": "TRAN_VDD_PULSE_MC", "cornername": "Nominal"}
[2026-05-26 11:18:52.092 Z] [INFO] [cadence.virtuoso.ade.simulationMonitor] - Notice from spectre during Monte Carlo analysis `mc1'.
    V17: `period' has the unusually large value of 20 s.
    V17: `width' has the unusually large value of 19 s.
    V16: `period' has the unusually large value of 10 s.
    V16: `width' has the unusually large value of 9 s.
    V9: `period' has the unusually large value of 10 s.
        Further occurrences of this notice will be suppressed. {"history": "MonteCarlo.0", "point": 23, "testname": "TRAN_VDD_PULSE_MC", "cornername": "Nominal"}
[2026-05-26 11:18:52.092 Z] [INFO] [cadence.virtuoso.ade.simulationMonitor] - Notice from spectre in `rpolyhc':`I19.I0.R10', in `fecg_cmfb2_f':`I19.I0', in `fecg_front_end_f_3':`I19', during Monte Carlo analysis `mc1'.
    I19.I0.R10.CS0 of rpolyhc: `c' has the unusually small value of 0 F.
    I19.I0.R10.CS1 of rpolyhc: `c' has the unusually small value of 0 F. {"history": "MonteCarlo.0", "point": 23, "testname": "TRAN_VDD_PULSE_MC", "cornername": "Nominal"}
[2026-05-26 11:18:52.092 Z] [INFO] [cadence.virtuoso.ade.simulationMonitor] - Notice from spectre in `rpolyhc':`I19.I0.R9', in `fecg_cmfb2_f':`I19.I0', in `fecg_front_end_f_3':`I19', during Monte Carlo analysis `mc1'.
    I19.I0.R9.CS0 of rpolyhc: `c' has the unusually small value of 0 F.
    I19.I0.R9.CS1 of rpolyhc: `c' has the unusually small value of 0 F. {"history": "MonteCarlo.0", "point": 23, "testname": "TRAN_VDD_PULSE_MC", "cornername": "Nominal"}
[2026-05-26 11:18:52.092 Z] [INFO] [cadence.virtuoso.ade.simulationMonitor] - Notice from spectre in `rpolyhc':`I19.I0.R7', in `fecg_cmfb2_f':`I19.I0', in `fecg_front_end_f_3':`I19', during Monte Carlo analysis `mc1'.
    I19.I0.R7.CS0 of rpolyhc: `c' has the unusually small value of 0 F.
        Further occurrences of this notice will be suppressed. {"history": "MonteCarlo.0", "point": 23, "testname": "TRAN_VDD_PULSE_MC", "cornername": "Nominal"}
[2026-05-26 11:18:52.092 Z] [WARN] [cadence.virtuoso.ade.simulationMonitor] -     WARNING (CMI-2425): I19.I2.C1: `Acde' = 2.393 is unusually large. {"history": "MonteCarlo.0", "point": 23, "testname": "TRAN_VDD_PULSE_MC", "cornername": "Nominal"}
[2026-05-26 11:18:52.092 Z] [WARN] [cadence.virtuoso.ade.simulationMonitor] -     WARNING (CMI-2425): I19.I2.C1: `Noff' = 4.732 is unusually large. {"history": "MonteCarlo.0", "point": 23, "testname": "TRAN_VDD_PULSE_MC", "cornername": "Nominal"}
[2026-05-26 11:18:52.092 Z] [WARN] [cadence.virtuoso.ade.simulationMonitor] -     WARNING (CMI-2424): I19.I2.C1: `Voffcv' = -867.4e-03 is unusually small. {"history": "MonteCarlo.0", "point": 23, "testname": "TRAN_VDD_PULSE_MC", "cornername": "Nominal"}
[2026-05-26 11:18:52.092 Z] [WARN] [cadence.virtuoso.ade.simulationMonitor] -     WARNING (CMI-2425): I19.I11.C0: `Acde' = 2.393 is unusually large. {"history": "MonteCarlo.0", "point": 23, "testname": "TRAN_VDD_PULSE_MC", "cornername": "Nominal"}
[2026-05-26 11:18:52.092 Z] [WARN] [cadence.virtuoso.ade.simulationMonitor] -     WARNING (CMI-2425): I19.I11.C0: `Noff' = 4.732 is unusually large. {"history": "MonteCarlo.0", "point": 23, "testname": "TRAN_VDD_PULSE_MC", "cornername": "Nominal"}
[2026-05-26 11:18:52.092 Z] [WARN] [cadence.virtuoso.ade.simulationMonitor] -     WARNING (CMI-2424): I19.I11.C0: `Voffcv' = -867.4e-03 is unusually small. {"history": "MonteCarlo.0", "point": 23, "testname": "TRAN_VDD_PULSE_MC", "cornername": "Nominal"}
[2026-05-26 11:18:52.092 Z] [WARN] [cadence.virtuoso.ade.simulationMonitor] -     WARNING (CMI-2425): I19.I11.C1: `Acde' = 2.393 is unusually large.
        Further occurrences of this warning will be suppressed. {"history": "MonteCarlo.0", "point": 23, "testname": "TRAN_VDD_PULSE_MC", "cornername": "Nominal"}
[2026-05-26 11:18:52.092 Z] [WARN] [cadence.virtuoso.ade.simulationMonitor] -     WARNING (CMI-2424): I19.I11.C1: `Voffcv' = -867.4e-03 is unusually small. {"history": "MonteCarlo.0", "point": 23, "testname": "TRAN_VDD_PULSE_MC", "cornername": "Nominal"}
[2026-05-26 11:18:52.092 Z] [WARN] [cadence.virtuoso.ade.simulationMonitor] -     WARNING (CMI-2424): I19.I12.C0: `Voffcv' = -867.4e-03 is unusually small. {"history": "MonteCarlo.0", "point": 23, "testname": "TRAN_VDD_PULSE_MC", "cornername": "Nominal"}
[2026-05-26 11:18:52.092 Z] [WARN] [cadence.virtuoso.ade.simulationMonitor] -     WARNING (CMI-2424): I19.I12.C1: `Voffcv' = -867.4e-03 is unusually small.
        Further occurrences of this warning will be suppressed. {"history": "MonteCarlo.0", "point": 23, "testname": "TRAN_VDD_PULSE_MC", "cornername": "Nominal"}
[2026-05-26 11:18:52.092 Z] [INFO] [cadence.virtuoso.ade.simulationMonitor] - Notice from spectre during DC analysis `dcOp', during Monte Carlo analysis `mc1'.
    GminDC = 1 pS is large enough to noticeably affect the DC solution.
        dV(I19.I2.C1.s1) = 1.34056 mV
        Use the `gmin_check' option to eliminate or expand this report.
    Bad pivoting is found during DC analysis. Option dc_pivot_check=yes is recommended for possible improvement of convergence. {"history": "MonteCarlo.0", "point": 23, "testname": "TRAN_VDD_PULSE_MC", "cornername": "Nominal"}
[2026-05-26 11:18:52.093 Z] [WARN] [cadence.virtuoso.ade.simulationMonitor] -     WARNING (CMI-2139): I19.I2.I8.MP5: The bulk-drain junction current exceeds `imelt'.  The results computed by Spectre may be inaccurate because the junction current model has been linearized. {"history": "MonteCarlo.0", "point": 23, "testname": "TRAN_VDD_PULSE_MC", "cornername": "Nominal"}
[2026-05-26 11:18:52.093 Z] [WARN] [cadence.virtuoso.ade.simulationMonitor] -     WARNING (CMI-2144): I19.I2.I8.MP5: The bulk-drain junction current exceeds `imax'. {"history": "MonteCarlo.0", "point": 23, "testname": "TRAN_VDD_PULSE_MC", "cornername": "Nominal"}
[2026-05-26 11:18:52.093 Z] [WARN] [cadence.virtuoso.ade.simulationMonitor] -     WARNING (CMI-2139): I19.I2.I8.MP6: The bulk-drain junction current exceeds `imelt'.  The results computed by Spectre may be inaccurate because the junction current model has been linearized. {"history": "MonteCarlo.0", "point": 23, "testname": "TRAN_VDD_PULSE_MC", "cornername": "Nominal"}
[2026-05-26 11:18:52.093 Z] [WARN] [cadence.virtuoso.ade.simulationMonitor] -     WARNING (CMI-2144): I19.I2.I8.MP6: The bulk-drain junction current exceeds `imax'. {"history": "MonteCarlo.0", "point": 23, "testname": "TRAN_VDD_PULSE_MC", "cornername": "Nominal"}
[2026-05-26 11:18:52.093 Z] [WARN] [cadence.virtuoso.ade.simulationMonitor] -     WARNING (CMI-2139): I19.I2.I8.MP7: The bulk-drain junction current exceeds `imelt'.  The results computed by Spectre may be inaccurate because the junction current model has been linearized. {"history": "MonteCarlo.0", "point": 23, "testname": "TRAN_VDD_PULSE_MC", "cornername": "Nominal"}
[2026-05-26 11:18:52.093 Z] [WARN] [cadence.virtuoso.ade.simulationMonitor] -     WARNING (CMI-2144): I19.I2.I8.MP7: The bulk-drain junction current exceeds `imax'. {"history": "MonteCarlo.0", "point": 23, "testname": "TRAN_VDD_PULSE_MC", "cornername": "Nominal"}
[2026-05-26 11:18:52.093 Z] [WARN] [cadence.virtuoso.ade.simulationMonitor] -     WARNING (CMI-2139): I19.I2.I8.MP8: The bulk-drain junction current exceeds `imelt'.  The results computed by Spectre may be inaccurate because the junction current model has been linearized. {"history": "MonteCarlo.0", "point": 23, "testname": "TRAN_VDD_PULSE_MC", "cornername": "Nominal"}
[2026-05-26 11:18:52.093 Z] [WARN] [cadence.virtuoso.ade.simulationMonitor] -     WARNING (CMI-2144): I19.I2.I8.MP8: The bulk-drain junction current exceeds `imax'. {"history": "MonteCarlo.0", "point": 23, "testname": "TRAN_VDD_PULSE_MC", "cornername": "Nominal"}
[2026-05-26 11:18:52.093 Z] [WARN] [cadence.virtuoso.ade.simulationMonitor] -     WARNING (CMI-2139): I19.I0.MP10: The bulk-drain junction current exceeds `imelt'.  The results computed by Spectre may be inaccurate because the junction current model has been linearized.
        Further occurrences of this warning will be suppressed. {"history": "MonteCarlo.0", "point": 23, "testname": "TRAN_VDD_PULSE_MC", "cornername": "Nominal"}
[2026-05-26 11:18:52.093 Z] [WARN] [cadence.virtuoso.ade.simulationMonitor] -     WARNING (CMI-2144): I19.I0.MP10: The bulk-drain junction current exceeds `imax'.
        Further occurrences of this warning will be suppressed. {"history": "MonteCarlo.0", "point": 23, "testname": "TRAN_VDD_PULSE_MC", "cornername": "Nominal"}
[2026-05-26 11:18:52.093 Z] [WARN] [cadence.virtuoso.ade.simulationMonitor] -     WARNING (CMI-2943): Parameter checks have been ignored because the valid value for parameter 'trise' could not be found in 'C0'. {"history": "MonteCarlo.0", "point": 23, "testname": "TRAN_VDD_PULSE_MC", "cornername": "Nominal"}
[2026-05-26 11:18:52.093 Z] [WARN] [cadence.virtuoso.ade.simulationMonitor] -     WARNING (CMI-2943): Parameter checks have been ignored because the valid value for parameter 'trise' could not be found in 'C3'. {"history": "MonteCarlo.0", "point": 23, "testname": "TRAN_VDD_PULSE_MC", "cornername": "Nominal"}
[2026-05-26 11:18:52.093 Z] [WARN] [cadence.virtuoso.ade.simulationMonitor] -     WARNING (CMI-2943): Parameter checks have been ignored because the valid value for parameter 'trise' could not be found in 'C4'. {"history": "MonteCarlo.0", "point": 23, "testname": "TRAN_VDD_PULSE_MC", "cornername": "Nominal"}
[2026-05-26 11:18:52.093 Z] [WARN] [cadence.virtuoso.ade.simulationMonitor] -     WARNING (CMI-2943): Parameter checks have been ignored because the valid value for parameter 'trise' could not be found in 'C5'. {"history": "MonteCarlo.0", "point": 23, "testname": "TRAN_VDD_PULSE_MC", "cornername": "Nominal"}
[2026-05-26 11:18:52.093 Z] [WARN] [cadence.virtuoso.ade.simulationMonitor] -     WARNING (CMI-2943): Parameter checks have been ignored because the valid value for parameter 'trise' could not be found in 'I19.I4.C9<0>_turbo_m6.C1'.
        Further occurrences of this warning will be suppressed. {"history": "MonteCarlo.0", "point": 23, "testname": "TRAN_VDD_PULSE_MC", "cornername": "Nominal"}
[2026-05-26 11:18:52.093 Z] [INFO] [cadence.virtuoso.ade.simulationMonitor] - Total time required for dc analysis `dcOp': CPU = 13.855 ms, elapsed = 31.1809 ms, util. = 44.4%. {"history": "MonteCarlo.0", "point": 23, "testname": "TRAN_VDD_PULSE_MC", "cornername": "Nominal"}
[2026-05-26 11:18:52.093 Z] [INFO] [cadence.virtuoso.ade.simulationMonitor] - Peak resident memory used = 237 Mbytes. {"history": "MonteCarlo.0", "point": 23, "testname": "TRAN_VDD_PULSE_MC", "cornername": "Nominal"}
[2026-05-26 11:18:52.093 Z] [INFO] [cadence.virtuoso.ade.simulationMonitor] - Notice from spectre during Monte Carlo analysis `mc1'.
    8 notices suppressed.
    286 warnings suppressed. {"history": "MonteCarlo.0", "point": 23, "testname": "TRAN_VDD_PULSE_MC", "cornername": "Nominal"}
[2026-05-26 11:18:52.093 Z] [WARN] [cadence.virtuoso.ade.simulationMonitor] -     WARNING (CMI-2425): I19.I0.C1<0>_dummy: `Acde' = 2.393 is unusually large. {"history": "MonteCarlo.0", "point": 23, "testname": "TRAN_VDD_PULSE_MC", "cornername": "Nominal"}
[2026-05-26 11:18:52.094 Z] [WARN] [cadence.virtuoso.ade.simulationMonitor] -     WARNING (CMI-2425): I19.I0.C1<0>_dummy: `Noff' = 4.732 is unusually large. {"history": "MonteCarlo.0", "point": 23, "testname": "TRAN_VDD_PULSE_MC", "cornername": "Nominal"}
[2026-05-26 11:18:52.094 Z] [WARN] [cadence.virtuoso.ade.simulationMonitor] -     WARNING (CMI-2424): I19.I0.C1<0>_dummy: `Voffcv' = -867.4e-03 is unusually small. {"history": "MonteCarlo.0", "point": 23, "testname": "TRAN_VDD_PULSE_MC", "cornername": "Nominal"}
[2026-05-26 11:18:52.094 Z] [INFO] [cadence.virtuoso.ade.simulationMonitor] - Notice from spectre during IC analysis, during transient analysis `tran', during Monte Carlo analysis `mc1'.
    GminDC = 1 pS is large enough to noticeably affect the DC solution.
        dV(I19.I2.C1.d1) = 1.34056 mV
        Use the `gmin_check' option to eliminate or expand this report.
    Bad pivoting is found during DC analysis. Option dc_pivot_check=yes is recommended for possible improvement of convergence. {"history": "MonteCarlo.0", "point": 23, "testname": "TRAN_VDD_PULSE_MC", "cornername": "Nominal"}
[2026-05-26 11:18:52.094 Z] [WARN] [cadence.virtuoso.ade.simulationMonitor] -     WARNING (CMI-2139): I19.I2.I8.MP5: The bulk-drain junction current exceeds `imelt'.  The results computed by Spectre may be inaccurate because the junction current model has been linearized. {"history": "MonteCarlo.0", "point": 23, "testname": "TRAN_VDD_PULSE_MC", "cornername": "Nominal"}
[2026-05-26 11:18:52.094 Z] [WARN] [cadence.virtuoso.ade.simulationMonitor] -     WARNING (CMI-2144): I19.I2.I8.MP5: The bulk-drain junction current exceeds `imax'. {"history": "MonteCarlo.0", "point": 23, "testname": "TRAN_VDD_PULSE_MC", "cornername": "Nominal"}
[2026-05-26 11:18:52.094 Z] [WARN] [cadence.virtuoso.ade.simulationMonitor] -     WARNING (CMI-2139): I19.I2.I8.MP6: The bulk-drain junction current exceeds `imelt'.  The results computed by Spectre may be inaccurate because the junction current model has been linearized. {"history": "MonteCarlo.0", "point": 23, "testname": "TRAN_VDD_PULSE_MC", "cornername": "Nominal"}
[2026-05-26 11:18:52.094 Z] [WARN] [cadence.virtuoso.ade.simulationMonitor] -     WARNING (CMI-2144): I19.I2.I8.MP6: The bulk-drain junction current exceeds `imax'. {"history": "MonteCarlo.0", "point": 23, "testname": "TRAN_VDD_PULSE_MC", "cornername": "Nominal"}
[2026-05-26 11:18:52.094 Z] [WARN] [cadence.virtuoso.ade.simulationMonitor] -     WARNING (CMI-2139): I19.I2.I8.MP7: The bulk-drain junction current exceeds `imelt'.  The results computed by Spectre may be inaccurate because the junction current model has been linearized. {"history": "MonteCarlo.0", "point": 23, "testname": "TRAN_VDD_PULSE_MC", "cornername": "Nominal"}
[2026-05-26 11:18:52.094 Z] [WARN] [cadence.virtuoso.ade.simulationMonitor] -     WARNING (CMI-2144): I19.I2.I8.MP7: The bulk-drain junction current exceeds `imax'. {"history": "MonteCarlo.0", "point": 23, "testname": "TRAN_VDD_PULSE_MC", "cornername": "Nominal"}
[2026-05-26 11:18:52.094 Z] [WARN] [cadence.virtuoso.ade.simulationMonitor] -     WARNING (CMI-2139): I19.I2.I8.MP8: The bulk-drain junction current exceeds `imelt'.  The results computed by Spectre may be inaccurate because the junction current model has been linearized. {"history": "MonteCarlo.0", "point": 23, "testname": "TRAN_VDD_PULSE_MC", "cornername": "Nominal"}
[2026-05-26 11:18:52.094 Z] [WARN] [cadence.virtuoso.ade.simulationMonitor] -     WARNING (CMI-2144): I19.I2.I8.MP8: The bulk-drain junction current exceeds `imax'. {"history": "MonteCarlo.0", "point": 23, "testname": "TRAN_VDD_PULSE_MC", "cornername": "Nominal"}
[2026-05-26 11:18:52.094 Z] [WARN] [cadence.virtuoso.ade.simulationMonitor] -     WARNING (CMI-2139): I19.I0.MP10: The bulk-drain junction current exceeds `imelt'.  The results computed by Spectre may be inaccurate because the junction current model has been linearized.
        Further occurrences of this warning will be suppressed. {"history": "MonteCarlo.0", "point": 23, "testname": "TRAN_VDD_PULSE_MC", "cornername": "Nominal"}
[2026-05-26 11:18:52.094 Z] [WARN] [cadence.virtuoso.ade.simulationMonitor] -     WARNING (CMI-2144): I19.I0.MP10: The bulk-drain junction current exceeds `imax'.
        Further occurrences of this warning will be suppressed. {"history": "MonteCarlo.0", "point": 23, "testname": "TRAN_VDD_PULSE_MC", "cornername": "Nominal"}
[2026-05-26 11:18:52.094 Z] [WARN] [cadence.virtuoso.ade.simulationMonitor] -     WARNING (CMI-2943): Parameter checks have been ignored because the valid value for parameter 'trise' could not be found in 'C0'. {"history": "MonteCarlo.0", "point": 23, "testname": "TRAN_VDD_PULSE_MC", "cornername": "Nominal"}
[2026-05-26 11:18:52.094 Z] [WARN] [cadence.virtuoso.ade.simulationMonitor] -     WARNING (CMI-2943): Parameter checks have been ignored because the valid value for parameter 'trise' could not be found in 'C3'. {"history": "MonteCarlo.0", "point": 23, "testname": "TRAN_VDD_PULSE_MC", "cornername": "Nominal"}
[2026-05-26 11:18:52.094 Z] [WARN] [cadence.virtuoso.ade.simulationMonitor] -     WARNING (CMI-2943): Parameter checks have been ignored because the valid value for parameter 'trise' could not be found in 'C4'. {"history": "MonteCarlo.0", "point": 23, "testname": "TRAN_VDD_PULSE_MC", "cornername": "Nominal"}
[2026-05-26 11:18:52.094 Z] [WARN] [cadence.virtuoso.ade.simulationMonitor] -     WARNING (CMI-2943): Parameter checks have been ignored because the valid value for parameter 'trise' could not be found in 'C5'. {"history": "MonteCarlo.0", "point": 23, "testname": "TRAN_VDD_PULSE_MC", "cornername": "Nominal"}
[2026-05-26 11:18:52.094 Z] [WARN] [cadence.virtuoso.ade.simulationMonitor] -     WARNING (CMI-2943): Parameter checks have been ignored because the valid value for parameter 'trise' could not be found in 'I19.I4.C9<0>_turbo_m6.C1'.
        Further occurrences of this warning will be suppressed. {"history": "MonteCarlo.0", "point": 23, "testname": "TRAN_VDD_PULSE_MC", "cornername": "Nominal"}
[2026-05-26 11:18:52.095 Z] [PROCESS] [cadence.virtuoso.ade.simulationMonitor] - Finished simulating for one iteration {"hostname": "edatools", "processid": 259513, "history": "MonteCarlo.0", "testname": "TRAN_VDD_PULSE_MC", "cornername": "Nominal", "point": 23, "logfile": "/home/saul/projects/IL2244_VT26_SAUL/logs_saul/logs0/Job53.log", "simid": "7"}
[2026-05-26 11:18:52.095 Z] [PROCESS] [cadence.virtuoso.ade.simulationMonitor] - Started Simulation {"hostname": "edatools", "processid": 259513, "history": "MonteCarlo.0", "testname": "TRAN_VDD_PULSE_MC", "cornername": "Nominal", "point": 24, "logfile": "/home/saul/projects/IL2244_VT26_SAUL/logs_saul/logs0/Job53.log", "event": "started", "task": "simulation"}
[2026-05-26 11:18:52.595 Z] [INFO] [cadence.virtuoso.ade.simulationMonitor] - Notice from spectre during transient analysis `tran', during Monte Carlo analysis `mc1'.
    Multithreading is disabled due to the size of the design being too small. {"history": "MonteCarlo.0", "point": 24, "testname": "TRAN_VDD_PULSE_MC", "cornername": "Nominal"}
[2026-05-26 11:18:52.595 Z] [INFO] [cadence.virtuoso.ade.simulationMonitor] - Notice from spectre at time = 202.811 us during transient analysis `tran', during Monte Carlo analysis `mc1'.
    I19.I2.I8.MP5: The bulk-drain junction leaves the linearized region.
    I19.I2.I8.MP5: The bulk-drain junction current no longer exceeds `imax'.
    I19.I2.I8.MP6: The bulk-drain junction leaves the linearized region.
    I19.I2.I8.MP6: The bulk-drain junction current no longer exceeds `imax'.
    I19.I2.I8.MP7: The bulk-drain junction leaves the linearized region.
    I19.I2.I8.MP7: The bulk-... {"history": "MonteCarlo.0", "point": 24, "testname": "TRAN_VDD_PULSE_MC", "cornername": "Nominal"}
[2026-05-26 11:20:38.137 Z] [INFO] [cadence.virtuoso.ade.simulationMonitor] - Total time required for tran analysis `tran': CPU = 105.714 s (1m  45.7s), elapsed = 105.745 s (1m  45.7s), util. = 100%. {"history": "MonteCarlo.0", "point": 24, "testname": "TRAN_VDD_PULSE_MC", "cornername": "Nominal"}
[2026-05-26 11:20:38.137 Z] [INFO] [cadence.virtuoso.ade.simulationMonitor] - Peak resident memory used = 237 Mbytes. {"history": "MonteCarlo.0", "point": 24, "testname": "TRAN_VDD_PULSE_MC", "cornername": "Nominal"}
[2026-05-26 11:20:38.137 Z] [INFO] [cadence.virtuoso.ade.simulationMonitor] - Notice from spectre during transient analysis `tran', during Monte Carlo analysis `mc1'.
    2 notices suppressed.
    260 warnings suppressed. {"history": "MonteCarlo.0", "point": 24, "testname": "TRAN_VDD_PULSE_MC", "cornername": "Nominal"}
[2026-05-26 11:20:38.137 Z] [WARN] [cadence.virtuoso.ade.simulationMonitor] -     WARNING (CMI-2425): I19.I0.C1<0>_dummy: `Acde' = 2.393 is unusually large. {"history": "MonteCarlo.0", "point": 24, "testname": "TRAN_VDD_PULSE_MC", "cornername": "Nominal"}
[2026-05-26 11:20:38.137 Z] [WARN] [cadence.virtuoso.ade.simulationMonitor] -     WARNING (CMI-2425): I19.I0.C1<0>_dummy: `Noff' = 4.732 is unusually large. {"history": "MonteCarlo.0", "point": 24, "testname": "TRAN_VDD_PULSE_MC", "cornername": "Nominal"}
[2026-05-26 11:20:38.137 Z] [WARN] [cadence.virtuoso.ade.simulationMonitor] -     WARNING (CMI-2424): I19.I0.C1<0>_dummy: `Voffcv' = -867.4e-03 is unusually small. {"history": "MonteCarlo.0", "point": 24, "testname": "TRAN_VDD_PULSE_MC", "cornername": "Nominal"}
[2026-05-26 11:20:38.138 Z] [WARN] [cadence.virtuoso.ade.simulationMonitor] -     WARNING (CMI-2425): I19.I0.C1<0>_dummy: `Acde' = 2.393 is unusually large. {"history": "MonteCarlo.0", "point": 24, "testname": "TRAN_VDD_PULSE_MC", "cornername": "Nominal"}
[2026-05-26 11:20:38.138 Z] [WARN] [cadence.virtuoso.ade.simulationMonitor] -     WARNING (CMI-2425): I19.I0.C1<0>_dummy: `Noff' = 4.732 is unusually large. {"history": "MonteCarlo.0", "point": 24, "testname": "TRAN_VDD_PULSE_MC", "cornername": "Nominal"}
[2026-05-26 11:20:38.138 Z] [WARN] [cadence.virtuoso.ade.simulationMonitor] -     WARNING (CMI-2424): I19.I0.C1<0>_dummy: `Voffcv' = -867.4e-03 is unusually small. {"history": "MonteCarlo.0", "point": 24, "testname": "TRAN_VDD_PULSE_MC", "cornername": "Nominal"}
[2026-05-26 11:20:38.138 Z] [INFO] [cadence.virtuoso.ade.simulationMonitor] - Notice from spectre during Monte Carlo analysis `mc1'.
    V17: `period' has the unusually large value of 20 s.
    V17: `width' has the unusually large value of 19 s.
    V16: `period' has the unusually large value of 10 s.
    V16: `width' has the unusually large value of 9 s.
    V9: `period' has the unusually large value of 10 s.
        Further occurrences of this notice will be suppressed. {"history": "MonteCarlo.0", "point": 24, "testname": "TRAN_VDD_PULSE_MC", "cornername": "Nominal"}
[2026-05-26 11:20:38.138 Z] [INFO] [cadence.virtuoso.ade.simulationMonitor] - Notice from spectre in `rpolyhc':`I19.I0.R10', in `fecg_cmfb2_f':`I19.I0', in `fecg_front_end_f_3':`I19', during Monte Carlo analysis `mc1'.
    I19.I0.R10.CS0 of rpolyhc: `c' has the unusually small value of 0 F.
    I19.I0.R10.CS1 of rpolyhc: `c' has the unusually small value of 0 F. {"history": "MonteCarlo.0", "point": 24, "testname": "TRAN_VDD_PULSE_MC", "cornername": "Nominal"}
[2026-05-26 11:20:38.138 Z] [INFO] [cadence.virtuoso.ade.simulationMonitor] - Notice from spectre in `rpolyhc':`I19.I0.R9', in `fecg_cmfb2_f':`I19.I0', in `fecg_front_end_f_3':`I19', during Monte Carlo analysis `mc1'.
    I19.I0.R9.CS0 of rpolyhc: `c' has the unusually small value of 0 F.
    I19.I0.R9.CS1 of rpolyhc: `c' has the unusually small value of 0 F. {"history": "MonteCarlo.0", "point": 24, "testname": "TRAN_VDD_PULSE_MC", "cornername": "Nominal"}
[2026-05-26 11:20:38.138 Z] [INFO] [cadence.virtuoso.ade.simulationMonitor] - Notice from spectre in `rpolyhc':`I19.I0.R7', in `fecg_cmfb2_f':`I19.I0', in `fecg_front_end_f_3':`I19', during Monte Carlo analysis `mc1'.
    I19.I0.R7.CS0 of rpolyhc: `c' has the unusually small value of 0 F.
        Further occurrences of this notice will be suppressed. {"history": "MonteCarlo.0", "point": 24, "testname": "TRAN_VDD_PULSE_MC", "cornername": "Nominal"}
[2026-05-26 11:20:38.138 Z] [WARN] [cadence.virtuoso.ade.simulationMonitor] -     WARNING (CMI-2425): I19.I2.C1: `Acde' = 2.393 is unusually large. {"history": "MonteCarlo.0", "point": 24, "testname": "TRAN_VDD_PULSE_MC", "cornername": "Nominal"}
[2026-05-26 11:20:38.138 Z] [WARN] [cadence.virtuoso.ade.simulationMonitor] -     WARNING (CMI-2425): I19.I2.C1: `Noff' = 4.732 is unusually large. {"history": "MonteCarlo.0", "point": 24, "testname": "TRAN_VDD_PULSE_MC", "cornername": "Nominal"}
[2026-05-26 11:20:38.138 Z] [WARN] [cadence.virtuoso.ade.simulationMonitor] -     WARNING (CMI-2424): I19.I2.C1: `Voffcv' = -867.4e-03 is unusually small. {"history": "MonteCarlo.0", "point": 24, "testname": "TRAN_VDD_PULSE_MC", "cornername": "Nominal"}
[2026-05-26 11:20:38.138 Z] [WARN] [cadence.virtuoso.ade.simulationMonitor] -     WARNING (CMI-2425): I19.I11.C0: `Acde' = 2.393 is unusually large. {"history": "MonteCarlo.0", "point": 24, "testname": "TRAN_VDD_PULSE_MC", "cornername": "Nominal"}
[2026-05-26 11:20:38.138 Z] [WARN] [cadence.virtuoso.ade.simulationMonitor] -     WARNING (CMI-2425): I19.I11.C0: `Noff' = 4.732 is unusually large. {"history": "MonteCarlo.0", "point": 24, "testname": "TRAN_VDD_PULSE_MC", "cornername": "Nominal"}
[2026-05-26 11:20:38.138 Z] [WARN] [cadence.virtuoso.ade.simulationMonitor] -     WARNING (CMI-2424): I19.I11.C0: `Voffcv' = -867.4e-03 is unusually small. {"history": "MonteCarlo.0", "point": 24, "testname": "TRAN_VDD_PULSE_MC", "cornername": "Nominal"}
[2026-05-26 11:20:38.138 Z] [WARN] [cadence.virtuoso.ade.simulationMonitor] -     WARNING (CMI-2425): I19.I11.C1: `Acde' = 2.393 is unusually large.
        Further occurrences of this warning will be suppressed. {"history": "MonteCarlo.0", "point": 24, "testname": "TRAN_VDD_PULSE_MC", "cornername": "Nominal"}
[2026-05-26 11:20:38.138 Z] [WARN] [cadence.virtuoso.ade.simulationMonitor] -     WARNING (CMI-2424): I19.I11.C1: `Voffcv' = -867.4e-03 is unusually small. {"history": "MonteCarlo.0", "point": 24, "testname": "TRAN_VDD_PULSE_MC", "cornername": "Nominal"}
[2026-05-26 11:20:38.138 Z] [WARN] [cadence.virtuoso.ade.simulationMonitor] -     WARNING (CMI-2424): I19.I12.C0: `Voffcv' = -867.4e-03 is unusually small. {"history": "MonteCarlo.0", "point": 24, "testname": "TRAN_VDD_PULSE_MC", "cornername": "Nominal"}
[2026-05-26 11:20:38.138 Z] [WARN] [cadence.virtuoso.ade.simulationMonitor] -     WARNING (CMI-2424): I19.I12.C1: `Voffcv' = -867.4e-03 is unusually small.
        Further occurrences of this warning will be suppressed. {"history": "MonteCarlo.0", "point": 24, "testname": "TRAN_VDD_PULSE_MC", "cornername": "Nominal"}
[2026-05-26 11:20:38.138 Z] [INFO] [cadence.virtuoso.ade.simulationMonitor] - Notice from spectre during DC analysis `dcOp', during Monte Carlo analysis `mc1'.
    GminDC = 1 pS is large enough to noticeably affect the DC solution.
        dV(I19.I2.C1.d1) = 1.60202 mV
        Use the `gmin_check' option to eliminate or expand this report.
    Bad pivoting is found during DC analysis. Option dc_pivot_check=yes is recommended for possible improvement of convergence. {"history": "MonteCarlo.0", "point": 24, "testname": "TRAN_VDD_PULSE_MC", "cornername": "Nominal"}
[2026-05-26 11:20:38.139 Z] [WARN] [cadence.virtuoso.ade.simulationMonitor] -     WARNING (CMI-2139): I19.I2.I8.MP5: The bulk-drain junction current exceeds `imelt'.  The results computed by Spectre may be inaccurate because the junction current model has been linearized. {"history": "MonteCarlo.0", "point": 24, "testname": "TRAN_VDD_PULSE_MC", "cornername": "Nominal"}
[2026-05-26 11:20:38.139 Z] [WARN] [cadence.virtuoso.ade.simulationMonitor] -     WARNING (CMI-2144): I19.I2.I8.MP5: The bulk-drain junction current exceeds `imax'. {"history": "MonteCarlo.0", "point": 24, "testname": "TRAN_VDD_PULSE_MC", "cornername": "Nominal"}
[2026-05-26 11:20:38.139 Z] [WARN] [cadence.virtuoso.ade.simulationMonitor] -     WARNING (CMI-2139): I19.I2.I8.MP6: The bulk-drain junction current exceeds `imelt'.  The results computed by Spectre may be inaccurate because the junction current model has been linearized. {"history": "MonteCarlo.0", "point": 24, "testname": "TRAN_VDD_PULSE_MC", "cornername": "Nominal"}
[2026-05-26 11:20:38.139 Z] [WARN] [cadence.virtuoso.ade.simulationMonitor] -     WARNING (CMI-2144): I19.I2.I8.MP6: The bulk-drain junction current exceeds `imax'. {"history": "MonteCarlo.0", "point": 24, "testname": "TRAN_VDD_PULSE_MC", "cornername": "Nominal"}
[2026-05-26 11:20:38.139 Z] [WARN] [cadence.virtuoso.ade.simulationMonitor] -     WARNING (CMI-2139): I19.I2.I8.MP7: The bulk-drain junction current exceeds `imelt'.  The results computed by Spectre may be inaccurate because the junction current model has been linearized. {"history": "MonteCarlo.0", "point": 24, "testname": "TRAN_VDD_PULSE_MC", "cornername": "Nominal"}
[2026-05-26 11:20:38.139 Z] [WARN] [cadence.virtuoso.ade.simulationMonitor] -     WARNING (CMI-2144): I19.I2.I8.MP7: The bulk-drain junction current exceeds `imax'. {"history": "MonteCarlo.0", "point": 24, "testname": "TRAN_VDD_PULSE_MC", "cornername": "Nominal"}
[2026-05-26 11:20:38.139 Z] [WARN] [cadence.virtuoso.ade.simulationMonitor] -     WARNING (CMI-2139): I19.I2.I8.MP8: The bulk-drain junction current exceeds `imelt'.  The results computed by Spectre may be inaccurate because the junction current model has been linearized. {"history": "MonteCarlo.0", "point": 24, "testname": "TRAN_VDD_PULSE_MC", "cornername": "Nominal"}
[2026-05-26 11:20:38.139 Z] [WARN] [cadence.virtuoso.ade.simulationMonitor] -     WARNING (CMI-2144): I19.I2.I8.MP8: The bulk-drain junction current exceeds `imax'. {"history": "MonteCarlo.0", "point": 24, "testname": "TRAN_VDD_PULSE_MC", "cornername": "Nominal"}
[2026-05-26 11:20:38.139 Z] [WARN] [cadence.virtuoso.ade.simulationMonitor] -     WARNING (CMI-2139): I19.I0.MP10: The bulk-drain junction current exceeds `imelt'.  The results computed by Spectre may be inaccurate because the junction current model has been linearized.
        Further occurrences of this warning will be suppressed. {"history": "MonteCarlo.0", "point": 24, "testname": "TRAN_VDD_PULSE_MC", "cornername": "Nominal"}
[2026-05-26 11:20:38.139 Z] [WARN] [cadence.virtuoso.ade.simulationMonitor] -     WARNING (CMI-2144): I19.I0.MP10: The bulk-drain junction current exceeds `imax'.
        Further occurrences of this warning will be suppressed. {"history": "MonteCarlo.0", "point": 24, "testname": "TRAN_VDD_PULSE_MC", "cornername": "Nominal"}
[2026-05-26 11:20:38.139 Z] [WARN] [cadence.virtuoso.ade.simulationMonitor] -     WARNING (CMI-2943): Parameter checks have been ignored because the valid value for parameter 'trise' could not be found in 'C0'. {"history": "MonteCarlo.0", "point": 24, "testname": "TRAN_VDD_PULSE_MC", "cornername": "Nominal"}
[2026-05-26 11:20:38.139 Z] [WARN] [cadence.virtuoso.ade.simulationMonitor] -     WARNING (CMI-2943): Parameter checks have been ignored because the valid value for parameter 'trise' could not be found in 'C3'. {"history": "MonteCarlo.0", "point": 24, "testname": "TRAN_VDD_PULSE_MC", "cornername": "Nominal"}
[2026-05-26 11:20:38.139 Z] [WARN] [cadence.virtuoso.ade.simulationMonitor] -     WARNING (CMI-2943): Parameter checks have been ignored because the valid value for parameter 'trise' could not be found in 'C4'. {"history": "MonteCarlo.0", "point": 24, "testname": "TRAN_VDD_PULSE_MC", "cornername": "Nominal"}
[2026-05-26 11:20:38.139 Z] [WARN] [cadence.virtuoso.ade.simulationMonitor] -     WARNING (CMI-2943): Parameter checks have been ignored because the valid value for parameter 'trise' could not be found in 'C5'. {"history": "MonteCarlo.0", "point": 24, "testname": "TRAN_VDD_PULSE_MC", "cornername": "Nominal"}
[2026-05-26 11:20:38.139 Z] [WARN] [cadence.virtuoso.ade.simulationMonitor] -     WARNING (CMI-2943): Parameter checks have been ignored because the valid value for parameter 'trise' could not be found in 'I19.I4.C9<0>_turbo_m6.C1'.
        Further occurrences of this warning will be suppressed. {"history": "MonteCarlo.0", "point": 24, "testname": "TRAN_VDD_PULSE_MC", "cornername": "Nominal"}
[2026-05-26 11:20:38.139 Z] [INFO] [cadence.virtuoso.ade.simulationMonitor] - Total time required for dc analysis `dcOp': CPU = 13.245 ms, elapsed = 33.3109 ms, util. = 39.8%. {"history": "MonteCarlo.0", "point": 24, "testname": "TRAN_VDD_PULSE_MC", "cornername": "Nominal"}
[2026-05-26 11:20:38.139 Z] [INFO] [cadence.virtuoso.ade.simulationMonitor] - Peak resident memory used = 237 Mbytes. {"history": "MonteCarlo.0", "point": 24, "testname": "TRAN_VDD_PULSE_MC", "cornername": "Nominal"}
[2026-05-26 11:20:38.139 Z] [INFO] [cadence.virtuoso.ade.simulationMonitor] - Notice from spectre during Monte Carlo analysis `mc1'.
    8 notices suppressed.
    286 warnings suppressed. {"history": "MonteCarlo.0", "point": 24, "testname": "TRAN_VDD_PULSE_MC", "cornername": "Nominal"}
[2026-05-26 11:20:38.139 Z] [WARN] [cadence.virtuoso.ade.simulationMonitor] -     WARNING (CMI-2425): I19.I0.C1<0>_dummy: `Acde' = 2.393 is unusually large. {"history": "MonteCarlo.0", "point": 24, "testname": "TRAN_VDD_PULSE_MC", "cornername": "Nominal"}
[2026-05-26 11:20:38.140 Z] [WARN] [cadence.virtuoso.ade.simulationMonitor] -     WARNING (CMI-2425): I19.I0.C1<0>_dummy: `Noff' = 4.732 is unusually large. {"history": "MonteCarlo.0", "point": 24, "testname": "TRAN_VDD_PULSE_MC", "cornername": "Nominal"}
[2026-05-26 11:20:38.140 Z] [WARN] [cadence.virtuoso.ade.simulationMonitor] -     WARNING (CMI-2424): I19.I0.C1<0>_dummy: `Voffcv' = -867.4e-03 is unusually small. {"history": "MonteCarlo.0", "point": 24, "testname": "TRAN_VDD_PULSE_MC", "cornername": "Nominal"}
[2026-05-26 11:20:38.140 Z] [INFO] [cadence.virtuoso.ade.simulationMonitor] - Notice from spectre during IC analysis, during transient analysis `tran', during Monte Carlo analysis `mc1'.
    GminDC = 1 pS is large enough to noticeably affect the DC solution.
        dV(I19.I2.C1.d1) = 1.60202 mV
        Use the `gmin_check' option to eliminate or expand this report.
    Bad pivoting is found during DC analysis. Option dc_pivot_check=yes is recommended for possible improvement of convergence. {"history": "MonteCarlo.0", "point": 24, "testname": "TRAN_VDD_PULSE_MC", "cornername": "Nominal"}
[2026-05-26 11:20:38.140 Z] [WARN] [cadence.virtuoso.ade.simulationMonitor] -     WARNING (CMI-2139): I19.I2.I8.MP5: The bulk-drain junction current exceeds `imelt'.  The results computed by Spectre may be inaccurate because the junction current model has been linearized. {"history": "MonteCarlo.0", "point": 24, "testname": "TRAN_VDD_PULSE_MC", "cornername": "Nominal"}
[2026-05-26 11:20:38.140 Z] [WARN] [cadence.virtuoso.ade.simulationMonitor] -     WARNING (CMI-2144): I19.I2.I8.MP5: The bulk-drain junction current exceeds `imax'. {"history": "MonteCarlo.0", "point": 24, "testname": "TRAN_VDD_PULSE_MC", "cornername": "Nominal"}
[2026-05-26 11:20:38.140 Z] [WARN] [cadence.virtuoso.ade.simulationMonitor] -     WARNING (CMI-2139): I19.I2.I8.MP6: The bulk-drain junction current exceeds `imelt'.  The results computed by Spectre may be inaccurate because the junction current model has been linearized. {"history": "MonteCarlo.0", "point": 24, "testname": "TRAN_VDD_PULSE_MC", "cornername": "Nominal"}
[2026-05-26 11:20:38.140 Z] [WARN] [cadence.virtuoso.ade.simulationMonitor] -     WARNING (CMI-2144): I19.I2.I8.MP6: The bulk-drain junction current exceeds `imax'. {"history": "MonteCarlo.0", "point": 24, "testname": "TRAN_VDD_PULSE_MC", "cornername": "Nominal"}
[2026-05-26 11:20:38.140 Z] [WARN] [cadence.virtuoso.ade.simulationMonitor] -     WARNING (CMI-2139): I19.I2.I8.MP7: The bulk-drain junction current exceeds `imelt'.  The results computed by Spectre may be inaccurate because the junction current model has been linearized. {"history": "MonteCarlo.0", "point": 24, "testname": "TRAN_VDD_PULSE_MC", "cornername": "Nominal"}
[2026-05-26 11:20:38.140 Z] [WARN] [cadence.virtuoso.ade.simulationMonitor] -     WARNING (CMI-2144): I19.I2.I8.MP7: The bulk-drain junction current exceeds `imax'. {"history": "MonteCarlo.0", "point": 24, "testname": "TRAN_VDD_PULSE_MC", "cornername": "Nominal"}
[2026-05-26 11:20:38.140 Z] [WARN] [cadence.virtuoso.ade.simulationMonitor] -     WARNING (CMI-2139): I19.I2.I8.MP8: The bulk-drain junction current exceeds `imelt'.  The results computed by Spectre may be inaccurate because the junction current model has been linearized. {"history": "MonteCarlo.0", "point": 24, "testname": "TRAN_VDD_PULSE_MC", "cornername": "Nominal"}
[2026-05-26 11:20:38.140 Z] [WARN] [cadence.virtuoso.ade.simulationMonitor] -     WARNING (CMI-2144): I19.I2.I8.MP8: The bulk-drain junction current exceeds `imax'. {"history": "MonteCarlo.0", "point": 24, "testname": "TRAN_VDD_PULSE_MC", "cornername": "Nominal"}
[2026-05-26 11:20:38.140 Z] [WARN] [cadence.virtuoso.ade.simulationMonitor] -     WARNING (CMI-2139): I19.I0.MP10: The bulk-drain junction current exceeds `imelt'.  The results computed by Spectre may be inaccurate because the junction current model has been linearized.
        Further occurrences of this warning will be suppressed. {"history": "MonteCarlo.0", "point": 24, "testname": "TRAN_VDD_PULSE_MC", "cornername": "Nominal"}
[2026-05-26 11:20:38.140 Z] [WARN] [cadence.virtuoso.ade.simulationMonitor] -     WARNING (CMI-2144): I19.I0.MP10: The bulk-drain junction current exceeds `imax'.
        Further occurrences of this warning will be suppressed. {"history": "MonteCarlo.0", "point": 24, "testname": "TRAN_VDD_PULSE_MC", "cornername": "Nominal"}
[2026-05-26 11:20:38.140 Z] [WARN] [cadence.virtuoso.ade.simulationMonitor] -     WARNING (CMI-2943): Parameter checks have been ignored because the valid value for parameter 'trise' could not be found in 'C0'. {"history": "MonteCarlo.0", "point": 24, "testname": "TRAN_VDD_PULSE_MC", "cornername": "Nominal"}
[2026-05-26 11:20:38.140 Z] [WARN] [cadence.virtuoso.ade.simulationMonitor] -     WARNING (CMI-2943): Parameter checks have been ignored because the valid value for parameter 'trise' could not be found in 'C3'. {"history": "MonteCarlo.0", "point": 24, "testname": "TRAN_VDD_PULSE_MC", "cornername": "Nominal"}
[2026-05-26 11:20:38.140 Z] [WARN] [cadence.virtuoso.ade.simulationMonitor] -     WARNING (CMI-2943): Parameter checks have been ignored because the valid value for parameter 'trise' could not be found in 'C4'. {"history": "MonteCarlo.0", "point": 24, "testname": "TRAN_VDD_PULSE_MC", "cornername": "Nominal"}
[2026-05-26 11:20:38.140 Z] [WARN] [cadence.virtuoso.ade.simulationMonitor] -     WARNING (CMI-2943): Parameter checks have been ignored because the valid value for parameter 'trise' could not be found in 'C5'. {"history": "MonteCarlo.0", "point": 24, "testname": "TRAN_VDD_PULSE_MC", "cornername": "Nominal"}
[2026-05-26 11:20:38.140 Z] [WARN] [cadence.virtuoso.ade.simulationMonitor] -     WARNING (CMI-2943): Parameter checks have been ignored because the valid value for parameter 'trise' could not be found in 'I19.I4.C9<0>_turbo_m6.C1'.
        Further occurrences of this warning will be suppressed. {"history": "MonteCarlo.0", "point": 24, "testname": "TRAN_VDD_PULSE_MC", "cornername": "Nominal"}
[2026-05-26 11:20:38.140 Z] [INFO] [cadence.virtuoso.ade.simulationMonitor] - Notice from spectre during transient analysis `tran', during Monte Carlo analysis `mc1'.
    Multithreading is disabled due to the size of the design being too small. {"history": "MonteCarlo.0", "point": 24, "testname": "TRAN_VDD_PULSE_MC", "cornername": "Nominal"}
[2026-05-26 11:20:38.141 Z] [INFO] [cadence.virtuoso.ade.simulationMonitor] - Notice from spectre at time = 202.127 us during transient analysis `tran', during Monte Carlo analysis `mc1'.
    I19.I2.I8.MP5: The bulk-drain junction leaves the linearized region.
    I19.I2.I8.MP5: The bulk-drain junction current no longer exceeds `imax'.
    I19.I2.I8.MP6: The bulk-drain junction leaves the linearized region.
    I19.I2.I8.MP6: The bulk-drain junction current no longer exceeds `imax'.
    I19.I2.I8.MP7: The bulk-drain junction leaves the linearized region.
    I19.I2.I8.MP7: The bulk-... {"history": "MonteCarlo.0", "point": 24, "testname": "TRAN_VDD_PULSE_MC", "cornername": "Nominal"}
[2026-05-26 11:20:38.141 Z] [PROCESS] [cadence.virtuoso.ade.simulationMonitor] - Finished simulating for one iteration {"hostname": "edatools", "processid": 259513, "history": "MonteCarlo.0", "testname": "TRAN_VDD_PULSE_MC", "cornername": "Nominal", "point": 24, "logfile": "/home/saul/projects/IL2244_VT26_SAUL/logs_saul/logs0/Job53.log", "simid": "7"}
[2026-05-26 11:20:38.141 Z] [PROCESS] [cadence.virtuoso.ade.simulationMonitor] - Started Simulation {"hostname": "edatools", "processid": 259513, "history": "MonteCarlo.0", "testname": "TRAN_VDD_PULSE_MC", "cornername": "Nominal", "point": 25, "logfile": "/home/saul/projects/IL2244_VT26_SAUL/logs_saul/logs0/Job53.log", "event": "started", "task": "simulation"}
[2026-05-26 11:22:16.179 Z] [INFO] [cadence.virtuoso.ade.simulationMonitor] - Total time required for tran analysis `tran': CPU = 97.7004 s (1m  37.7s), elapsed = 97.7258 s (1m  37.7s), util. = 100%. {"history": "MonteCarlo.0", "point": 25, "testname": "TRAN_VDD_PULSE_MC", "cornername": "Nominal"}
[2026-05-26 11:22:16.179 Z] [INFO] [cadence.virtuoso.ade.simulationMonitor] - Peak resident memory used = 238 Mbytes. {"history": "MonteCarlo.0", "point": 25, "testname": "TRAN_VDD_PULSE_MC", "cornername": "Nominal"}
[2026-05-26 11:22:16.179 Z] [INFO] [cadence.virtuoso.ade.simulationMonitor] - Notice from spectre during transient analysis `tran', during Monte Carlo analysis `mc1'.
    2 notices suppressed.
    260 warnings suppressed. {"history": "MonteCarlo.0", "point": 25, "testname": "TRAN_VDD_PULSE_MC", "cornername": "Nominal"}
[2026-05-26 11:22:16.179 Z] [WARN] [cadence.virtuoso.ade.simulationMonitor] -     WARNING (CMI-2425): I19.I0.C1<0>_dummy: `Acde' = 2.393 is unusually large. {"history": "MonteCarlo.0", "point": 25, "testname": "TRAN_VDD_PULSE_MC", "cornername": "Nominal"}
[2026-05-26 11:22:16.180 Z] [WARN] [cadence.virtuoso.ade.simulationMonitor] -     WARNING (CMI-2425): I19.I0.C1<0>_dummy: `Noff' = 4.732 is unusually large. {"history": "MonteCarlo.0", "point": 25, "testname": "TRAN_VDD_PULSE_MC", "cornername": "Nominal"}
[2026-05-26 11:22:16.180 Z] [WARN] [cadence.virtuoso.ade.simulationMonitor] -     WARNING (CMI-2424): I19.I0.C1<0>_dummy: `Voffcv' = -867.4e-03 is unusually small. {"history": "MonteCarlo.0", "point": 25, "testname": "TRAN_VDD_PULSE_MC", "cornername": "Nominal"}
[2026-05-26 11:22:16.180 Z] [WARN] [cadence.virtuoso.ade.simulationMonitor] -     WARNING (CMI-2425): I19.I0.C1<0>_dummy: `Acde' = 2.393 is unusually large. {"history": "MonteCarlo.0", "point": 25, "testname": "TRAN_VDD_PULSE_MC", "cornername": "Nominal"}
[2026-05-26 11:22:16.180 Z] [WARN] [cadence.virtuoso.ade.simulationMonitor] -     WARNING (CMI-2425): I19.I0.C1<0>_dummy: `Noff' = 4.732 is unusually large. {"history": "MonteCarlo.0", "point": 25, "testname": "TRAN_VDD_PULSE_MC", "cornername": "Nominal"}
[2026-05-26 11:22:16.180 Z] [WARN] [cadence.virtuoso.ade.simulationMonitor] -     WARNING (CMI-2424): I19.I0.C1<0>_dummy: `Voffcv' = -867.4e-03 is unusually small. {"history": "MonteCarlo.0", "point": 25, "testname": "TRAN_VDD_PULSE_MC", "cornername": "Nominal"}
[2026-05-26 11:22:16.180 Z] [INFO] [cadence.virtuoso.ade.simulationMonitor] - Total time required for montecarlo analysis `mc1': CPU = 2.6695 ks (44m  29.5s), elapsed = 2.67335 ks (44m  33.3s), util. = 99.9%. {"history": "MonteCarlo.0", "point": 25, "testname": "TRAN_VDD_PULSE_MC", "cornername": "Nominal"}
[2026-05-26 11:22:16.180 Z] [INFO] [cadence.virtuoso.ade.simulationMonitor] - Peak resident memory used = 238 Mbytes. {"history": "MonteCarlo.0", "point": 25, "testname": "TRAN_VDD_PULSE_MC", "cornername": "Nominal"}
[2026-05-26 11:22:16.180 Z] [INFO] [cadence.virtuoso.ade.simulationMonitor] - Time used: CPU = 2.67 ks (44m  29.7s), elapsed = 2.67 ks (44m  33.8s), util. = 99.8%. {"history": "MonteCarlo.0", "point": 25, "testname": "TRAN_VDD_PULSE_MC", "cornername": "Nominal"}
[2026-05-26 11:22:16.180 Z] [INFO] [cadence.virtuoso.ade.simulationMonitor] - Time spent in licensing: elapsed = 99.1 ms. {"history": "MonteCarlo.0", "point": 25, "testname": "TRAN_VDD_PULSE_MC", "cornername": "Nominal"}
[2026-05-26 11:22:16.180 Z] [INFO] [cadence.virtuoso.ade.simulationMonitor] - Peak memory used = 237 Mbytes. {"history": "MonteCarlo.0", "point": 25, "testname": "TRAN_VDD_PULSE_MC", "cornername": "Nominal"}
[2026-05-26 11:22:16.180 Z] [PROCESS] [cadence.virtuoso.ade.simulationMonitor] - Simulation started at: 10:37:42 AM, Tue May 26, 2026, ended at: 11:22:15 AM, Tue May 26, 2026, with elapsed time (wall clock): 2.67 ks (44m  33.8s). {"history": "MonteCarlo.0", "point": 1, "testname": "TRAN_VDD_PULSE_MC", "cornername": "Nominal", "Points": "1 2 3 4 5 6 7 8 9 10 11 12 13 14 15 16 17 18 19 20 21 22 23 24 25 "}
[2026-05-26 11:22:16.180 Z] [PROCESS] [cadence.virtuoso.ade.simulationMonitor] - spectre completes with 0 errors, 1271 warnings, and 746 notices. {"history": "MonteCarlo.0", "point": 1, "testname": "TRAN_VDD_PULSE_MC", "cornername": "Nominal", "Points": "1 2 3 4 5 6 7 8 9 10 11 12 13 14 15 16 17 18 19 20 21 22 23 24 25 "}
[2026-05-26 11:22:16.180 Z] [PROCESS] [cadence.virtuoso.ade.simulationMonitor] - Finished simulating for one iteration {"hostname": "edatools", "processid": 259513, "history": "MonteCarlo.0", "testname": "TRAN_VDD_PULSE_MC", "cornername": "Nominal", "point": 25, "logfile": "/home/saul/projects/IL2244_VT26_SAUL/logs_saul/logs0/Job53.log", "simid": "7"}
[2026-05-26 11:22:16.180 Z] [PROCESS] [cadence.virtuoso.ade.simulationMonitor] - Simulator exited {"hostname": "edatools", "processid": 259513, "history": "MonteCarlo.0", "testname": "TRAN_VDD_PULSE_MC", "cornername": "Nominal", "point": 25, "logfile": "/home/saul/projects/IL2244_VT26_SAUL/logs_saul/logs0/Job53.log", "exitStatus": "0"}
[2026-05-26 11:22:16.180 Z] [PROCESS] [cadence.virtuoso.ade.simulationMonitor] - Finished Simulation {"hostname": "edatools", "processid": 259513, "history": "MonteCarlo.0", "testname": "TRAN_VDD_PULSE_MC", "cornername": "Nominal", "point": 1, "logfile": "/home/saul/projects/IL2244_VT26_SAUL/logs_saul/logs0/Job53.log", "simid": "7"}
[2026-05-26 11:22:17.181 Z] [PROCESS] [cadence.virtuoso.ade.simulationMonitor] - Point Finished {"hostname": "edatools", "processid": 259513, "history": "MonteCarlo.0", "testname": "TRAN_VDD_PULSE_MC", "cornername": "Nominal", "point": 1, "logfile": "/home/saul/projects/IL2244_VT26_SAUL/logs_saul/logs0/Job53.log"}
[2026-05-26 11:22:18.184 Z] [PROCESS] [cadence.virtuoso.ade.simulationMonitor] - Stay with the runId '19', Linger time '300', currentRunSyn '38', currentTestSyn '39' {"hostname": "edatools", "processid": 259513, "history": "MonteCarlo.0", "testname": "TRAN_VDD_PULSE_MC", "cornername": "Nominal", "point": 1, "logfile": "/home/saul/projects/IL2244_VT26_SAUL/logs_saul/logs0/Job53.log"}
[2026-05-26 11:22:19.185 Z] [PROCESS] [cadence.virtuoso.ade.simulationMonitor] - Stay with the runId '19', Linger time '300', currentRunSyn '38', currentTestSyn '39' {"hostname": "edatools", "processid": 259513, "history": "MonteCarlo.0", "testname": "TRAN_VDD_PULSE_MC", "cornername": "Nominal", "point": 1, "logfile": "/home/saul/projects/IL2244_VT26_SAUL/logs_saul/logs0/Job53.log"}
[2026-05-26 11:22:20.186 Z] [PROCESS] [cadence.virtuoso.ade.simulationMonitor] - Stay with the runId '19', Linger time '300', currentRunSyn '38', currentTestSyn '39' {"hostname": "edatools", "processid": 259513, "history": "MonteCarlo.0", "testname": "TRAN_VDD_PULSE_MC", "cornername": "Nominal", "point": 1, "logfile": "/home/saul/projects/IL2244_VT26_SAUL/logs_saul/logs0/Job53.log"}
[2026-05-26 11:22:21.187 Z] [PROCESS] [cadence.virtuoso.ade.simulationMonitor] - Stay with the runId '19', Linger time '300', currentRunSyn '38', currentTestSyn '39' {"hostname": "edatools", "processid": 259513, "history": "MonteCarlo.0", "testname": "TRAN_VDD_PULSE_MC", "cornername": "Nominal", "point": 1, "logfile": "/home/saul/projects/IL2244_VT26_SAUL/logs_saul/logs0/Job53.log"}
[2026-05-26 11:22:22.188 Z] [PROCESS] [cadence.virtuoso.ade.simulationMonitor] - Stay with the runId '19', Linger time '300', currentRunSyn '38', currentTestSyn '39' {"hostname": "edatools", "processid": 259513, "history": "MonteCarlo.0", "testname": "TRAN_VDD_PULSE_MC", "cornername": "Nominal", "point": 1, "logfile": "/home/saul/projects/IL2244_VT26_SAUL/logs_saul/logs0/Job53.log"}
[2026-05-26 11:22:23.189 Z] [PROCESS] [cadence.virtuoso.ade.simulationMonitor] - Stay with the runId '19', Linger time '300', currentRunSyn '38', currentTestSyn '39' {"hostname": "edatools", "processid": 259513, "history": "MonteCarlo.0", "testname": "TRAN_VDD_PULSE_MC", "cornername": "Nominal", "point": 1, "logfile": "/home/saul/projects/IL2244_VT26_SAUL/logs_saul/logs0/Job53.log"}
[2026-05-26 11:22:24.190 Z] [PROCESS] [cadence.virtuoso.ade.simulationMonitor] - Stay with the runId '19', Linger time '300', currentRunSyn '38', currentTestSyn '39' {"hostname": "edatools", "processid": 259513, "history": "MonteCarlo.0", "testname": "TRAN_VDD_PULSE_MC", "cornername": "Nominal", "point": 1, "logfile": "/home/saul/projects/IL2244_VT26_SAUL/logs_saul/logs0/Job53.log"}
[2026-05-26 11:22:25.191 Z] [PROCESS] [cadence.virtuoso.ade.simulationMonitor] - Stay with the runId '19', Linger time '300', currentRunSyn '38', currentTestSyn '39' {"hostname": "edatools", "processid": 259513, "history": "MonteCarlo.0", "testname": "TRAN_VDD_PULSE_MC", "cornername": "Nominal", "point": 1, "logfile": "/home/saul/projects/IL2244_VT26_SAUL/logs_saul/logs0/Job53.log"}
[2026-05-26 11:22:26.192 Z] [PROCESS] [cadence.virtuoso.ade.simulationMonitor] - Stay with the runId '19', Linger time '300', currentRunSyn '38', currentTestSyn '39' {"hostname": "edatools", "processid": 259513, "history": "MonteCarlo.0", "testname": "TRAN_VDD_PULSE_MC", "cornername": "Nominal", "point": 1, "logfile": "/home/saul/projects/IL2244_VT26_SAUL/logs_saul/logs0/Job53.log"}
[2026-05-26 11:22:27.193 Z] [PROCESS] [cadence.virtuoso.ade.simulationMonitor] - Stay with the runId '19', Linger time '300', currentRunSyn '38', currentTestSyn '39' {"hostname": "edatools", "processid": 259513, "history": "MonteCarlo.0", "testname": "TRAN_VDD_PULSE_MC", "cornername": "Nominal", "point": 1, "logfile": "/home/saul/projects/IL2244_VT26_SAUL/logs_saul/logs0/Job53.log"}
[2026-05-26 11:22:28.194 Z] [PROCESS] [cadence.virtuoso.ade.simulationMonitor] - Stay with the runId '19', Linger time '300', currentRunSyn '38', currentTestSyn '39' {"hostname": "edatools", "processid": 259513, "history": "MonteCarlo.0", "testname": "TRAN_VDD_PULSE_MC", "cornername": "Nominal", "point": 1, "logfile": "/home/saul/projects/IL2244_VT26_SAUL/logs_saul/logs0/Job53.log"}
[2026-05-26 11:22:29.194 Z] [PROCESS] [cadence.virtuoso.ade.simulationMonitor] - Stay with the runId '19', Linger time '300', currentRunSyn '38', currentTestSyn '39' {"hostname": "edatools", "processid": 259513, "history": "MonteCarlo.0", "testname": "TRAN_VDD_PULSE_MC", "cornername": "Nominal", "point": 1, "logfile": "/home/saul/projects/IL2244_VT26_SAUL/logs_saul/logs0/Job53.log"}
[2026-05-26 11:22:30.194 Z] [PROCESS] [cadence.virtuoso.ade.simulationMonitor] - Stay with the runId '19', Linger time '300', currentRunSyn '38', currentTestSyn '39' {"hostname": "edatools", "processid": 259513, "history": "MonteCarlo.0", "testname": "TRAN_VDD_PULSE_MC", "cornername": "Nominal", "point": 1, "logfile": "/home/saul/projects/IL2244_VT26_SAUL/logs_saul/logs0/Job53.log"}
[2026-05-26 11:22:31.196 Z] [PROCESS] [cadence.virtuoso.ade.simulationMonitor] - Stay with the runId '19', Linger time '300', currentRunSyn '38', currentTestSyn '39' {"hostname": "edatools", "processid": 259513, "history": "MonteCarlo.0", "testname": "TRAN_VDD_PULSE_MC", "cornername": "Nominal", "point": 1, "logfile": "/home/saul/projects/IL2244_VT26_SAUL/logs_saul/logs0/Job53.log"}
[2026-05-26 11:22:32.196 Z] [PROCESS] [cadence.virtuoso.ade.simulationMonitor] - Stay with the runId '19', Linger time '300', currentRunSyn '38', currentTestSyn '39' {"hostname": "edatools", "processid": 259513, "history": "MonteCarlo.0", "testname": "TRAN_VDD_PULSE_MC", "cornername": "Nominal", "point": 1, "logfile": "/home/saul/projects/IL2244_VT26_SAUL/logs_saul/logs0/Job53.log"}
[2026-05-26 11:22:33.197 Z] [PROCESS] [cadence.virtuoso.ade.simulationMonitor] - Stay with the runId '19', Linger time '300', currentRunSyn '38', currentTestSyn '39' {"hostname": "edatools", "processid": 259513, "history": "MonteCarlo.0", "testname": "TRAN_VDD_PULSE_MC", "cornername": "Nominal", "point": 1, "logfile": "/home/saul/projects/IL2244_VT26_SAUL/logs_saul/logs0/Job53.log"}
[2026-05-26 11:22:34.197 Z] [PROCESS] [cadence.virtuoso.ade.simulationMonitor] - Stay with the runId '19', Linger time '300', currentRunSyn '38', currentTestSyn '39' {"hostname": "edatools", "processid": 259513, "history": "MonteCarlo.0", "testname": "TRAN_VDD_PULSE_MC", "cornername": "Nominal", "point": 1, "logfile": "/home/saul/projects/IL2244_VT26_SAUL/logs_saul/logs0/Job53.log"}
[2026-05-26 11:22:35.198 Z] [PROCESS] [cadence.virtuoso.ade.simulationMonitor] - Stay with the runId '19', Linger time '300', currentRunSyn '38', currentTestSyn '39' {"hostname": "edatools", "processid": 259513, "history": "MonteCarlo.0", "testname": "TRAN_VDD_PULSE_MC", "cornername": "Nominal", "point": 1, "logfile": "/home/saul/projects/IL2244_VT26_SAUL/logs_saul/logs0/Job53.log"}
[2026-05-26 11:22:36.199 Z] [PROCESS] [cadence.virtuoso.ade.simulationMonitor] - Stay with the runId '19', Linger time '300', currentRunSyn '38', currentTestSyn '39' {"hostname": "edatools", "processid": 259513, "history": "MonteCarlo.0", "testname": "TRAN_VDD_PULSE_MC", "cornername": "Nominal", "point": 1, "logfile": "/home/saul/projects/IL2244_VT26_SAUL/logs_saul/logs0/Job53.log"}
[2026-05-26 11:22:37.200 Z] [PROCESS] [cadence.virtuoso.ade.simulationMonitor] - Stay with the runId '19', Linger time '300', currentRunSyn '38', currentTestSyn '39' {"hostname": "edatools", "processid": 259513, "history": "MonteCarlo.0", "testname": "TRAN_VDD_PULSE_MC", "cornername": "Nominal", "point": 1, "logfile": "/home/saul/projects/IL2244_VT26_SAUL/logs_saul/logs0/Job53.log"}
[2026-05-26 11:22:38.200 Z] [PROCESS] [cadence.virtuoso.ade.simulationMonitor] - Stay with the runId '19', Linger time '300', currentRunSyn '38', currentTestSyn '39' {"hostname": "edatools", "processid": 259513, "history": "MonteCarlo.0", "testname": "TRAN_VDD_PULSE_MC", "cornername": "Nominal", "point": 1, "logfile": "/home/saul/projects/IL2244_VT26_SAUL/logs_saul/logs0/Job53.log"}
[2026-05-26 11:22:39.202 Z] [PROCESS] [cadence.virtuoso.ade.simulationMonitor] - Stay with the runId '19', Linger time '300', currentRunSyn '38', currentTestSyn '39' {"hostname": "edatools", "processid": 259513, "history": "MonteCarlo.0", "testname": "TRAN_VDD_PULSE_MC", "cornername": "Nominal", "point": 1, "logfile": "/home/saul/projects/IL2244_VT26_SAUL/logs_saul/logs0/Job53.log"}
[2026-05-26 11:22:40.203 Z] [PROCESS] [cadence.virtuoso.ade.simulationMonitor] - Stay with the runId '19', Linger time '300', currentRunSyn '38', currentTestSyn '39' {"hostname": "edatools", "processid": 259513, "history": "MonteCarlo.0", "testname": "TRAN_VDD_PULSE_MC", "cornername": "Nominal", "point": 1, "logfile": "/home/saul/projects/IL2244_VT26_SAUL/logs_saul/logs0/Job53.log"}
[2026-05-26 11:22:41.204 Z] [PROCESS] [cadence.virtuoso.ade.simulationMonitor] - Stay with the runId '19', Linger time '300', currentRunSyn '38', currentTestSyn '39' {"hostname": "edatools", "processid": 259513, "history": "MonteCarlo.0", "testname": "TRAN_VDD_PULSE_MC", "cornername": "Nominal", "point": 1, "logfile": "/home/saul/projects/IL2244_VT26_SAUL/logs_saul/logs0/Job53.log"}
[2026-05-26 11:22:42.204 Z] [PROCESS] [cadence.virtuoso.ade.simulationMonitor] - Stay with the runId '19', Linger time '300', currentRunSyn '38', currentTestSyn '39' {"hostname": "edatools", "processid": 259513, "history": "MonteCarlo.0", "testname": "TRAN_VDD_PULSE_MC", "cornername": "Nominal", "point": 1, "logfile": "/home/saul/projects/IL2244_VT26_SAUL/logs_saul/logs0/Job53.log"}
[2026-05-26 11:22:43.205 Z] [PROCESS] [cadence.virtuoso.ade.simulationMonitor] - Stay with the runId '19', Linger time '300', currentRunSyn '38', currentTestSyn '39' {"hostname": "edatools", "processid": 259513, "history": "MonteCarlo.0", "testname": "TRAN_VDD_PULSE_MC", "cornername": "Nominal", "point": 1, "logfile": "/home/saul/projects/IL2244_VT26_SAUL/logs_saul/logs0/Job53.log"}
[2026-05-26 11:22:44.207 Z] [PROCESS] [cadence.virtuoso.ade.simulationMonitor] - Stay with the runId '19', Linger time '300', currentRunSyn '38', currentTestSyn '39' {"hostname": "edatools", "processid": 259513, "history": "MonteCarlo.0", "testname": "TRAN_VDD_PULSE_MC", "cornername": "Nominal", "point": 1, "logfile": "/home/saul/projects/IL2244_VT26_SAUL/logs_saul/logs0/Job53.log"}
[2026-05-26 11:22:45.208 Z] [PROCESS] [cadence.virtuoso.ade.simulationMonitor] - Stay with the runId '19', Linger time '300', currentRunSyn '38', currentTestSyn '39' {"hostname": "edatools", "processid": 259513, "history": "MonteCarlo.0", "testname": "TRAN_VDD_PULSE_MC", "cornername": "Nominal", "point": 1, "logfile": "/home/saul/projects/IL2244_VT26_SAUL/logs_saul/logs0/Job53.log"}
[2026-05-26 11:22:46.209 Z] [PROCESS] [cadence.virtuoso.ade.simulationMonitor] - Stay with the runId '19', Linger time '300', currentRunSyn '38', currentTestSyn '39' {"hostname": "edatools", "processid": 259513, "history": "MonteCarlo.0", "testname": "TRAN_VDD_PULSE_MC", "cornername": "Nominal", "point": 1, "logfile": "/home/saul/projects/IL2244_VT26_SAUL/logs_saul/logs0/Job53.log"}
[2026-05-26 11:22:47.210 Z] [PROCESS] [cadence.virtuoso.ade.simulationMonitor] - Stay with the runId '19', Linger time '300', currentRunSyn '38', currentTestSyn '39' {"hostname": "edatools", "processid": 259513, "history": "MonteCarlo.0", "testname": "TRAN_VDD_PULSE_MC", "cornername": "Nominal", "point": 1, "logfile": "/home/saul/projects/IL2244_VT26_SAUL/logs_saul/logs0/Job53.log"}
[2026-05-26 11:22:48.211 Z] [PROCESS] [cadence.virtuoso.ade.simulationMonitor] - Stay with the runId '19', Linger time '300', currentRunSyn '38', currentTestSyn '39' {"hostname": "edatools", "processid": 259513, "history": "MonteCarlo.0", "testname": "TRAN_VDD_PULSE_MC", "cornername": "Nominal", "point": 1, "logfile": "/home/saul/projects/IL2244_VT26_SAUL/logs_saul/logs0/Job53.log"}
[2026-05-26 11:22:49.212 Z] [PROCESS] [cadence.virtuoso.ade.simulationMonitor] - Stay with the runId '19', Linger time '300', currentRunSyn '38', currentTestSyn '39' {"hostname": "edatools", "processid": 259513, "history": "MonteCarlo.0", "testname": "TRAN_VDD_PULSE_MC", "cornername": "Nominal", "point": 1, "logfile": "/home/saul/projects/IL2244_VT26_SAUL/logs_saul/logs0/Job53.log"}
[2026-05-26 11:22:50.213 Z] [PROCESS] [cadence.virtuoso.ade.simulationMonitor] - Stay with the runId '19', Linger time '300', currentRunSyn '38', currentTestSyn '39' {"hostname": "edatools", "processid": 259513, "history": "MonteCarlo.0", "testname": "TRAN_VDD_PULSE_MC", "cornername": "Nominal", "point": 1, "logfile": "/home/saul/projects/IL2244_VT26_SAUL/logs_saul/logs0/Job53.log"}
[2026-05-26 11:22:51.213 Z] [PROCESS] [cadence.virtuoso.ade.simulationMonitor] - Stay with the runId '19', Linger time '300', currentRunSyn '38', currentTestSyn '39' {"hostname": "edatools", "processid": 259513, "history": "MonteCarlo.0", "testname": "TRAN_VDD_PULSE_MC", "cornername": "Nominal", "point": 1, "logfile": "/home/saul/projects/IL2244_VT26_SAUL/logs_saul/logs0/Job53.log"}
[2026-05-26 11:22:52.214 Z] [PROCESS] [cadence.virtuoso.ade.simulationMonitor] - Stay with the runId '19', Linger time '300', currentRunSyn '38', currentTestSyn '39' {"hostname": "edatools", "processid": 259513, "history": "MonteCarlo.0", "testname": "TRAN_VDD_PULSE_MC", "cornername": "Nominal", "point": 1, "logfile": "/home/saul/projects/IL2244_VT26_SAUL/logs_saul/logs0/Job53.log"}
[2026-05-26 11:22:53.217 Z] [PROCESS] [cadence.virtuoso.ade.simulationMonitor] - Stay with the runId '19', Linger time '300', currentRunSyn '38', currentTestSyn '39' {"hostname": "edatools", "processid": 259513, "history": "MonteCarlo.0", "testname": "TRAN_VDD_PULSE_MC", "cornername": "Nominal", "point": 1, "logfile": "/home/saul/projects/IL2244_VT26_SAUL/logs_saul/logs0/Job53.log"}
[2026-05-26 11:27:17.748 Z] [PROCESS] [cadence.virtuoso.ade.simulationMonitor] - Current memory used: 52.5664 MBytes, peak memory used: 52.5664 MBytes {"hostname": "edatools", "processid": 259513, "history": "MonteCarlo.0", "testname": "TRAN_VDD_PULSE_MC", "cornername": "Nominal", "point": 1, "logfile": "/home/saul/projects/IL2244_VT26_SAUL/logs_saul/logs0/Job53.log"}
[2026-05-26 11:27:17.748 Z] [PROCESS] [cadence.virtuoso.ade.simulationMonitor] - Simulation Monitor process exit. {"hostname": "edatools", "processid": 259513, "history": "MonteCarlo.0", "testname": "TRAN_VDD_PULSE_MC", "cornername": "Nominal", "point": 1, "logfile": "/home/saul/projects/IL2244_VT26_SAUL/logs_saul/logs0/Job53.log"}
