================================================================================
Rule No. 14 :  INFO : standard pad met4 4 stack

Real Error Count : 6; Flat Error Count : 44
================================================================================

--------------------------------------------------------------------------------
Cell Name : g_padonly layout IOLIB_4M

                   Cell Errors    Real Errors   Cell Placements     Environments
                             1              1                 4                1
--------------------------------------------------------------------------------
Env.  Env. Placements            X1           Y1          X2           Y2

  1        4                 10.400     2266.900      95.400     2351.900

Shape               Environments Status & Error Marker 

          1           X1         Y1         X2         Y2

   1      X        7.500      5.000     92.500     90.000

--------------------------------------------------------------------------------
Cell Name : g_padonly layout IOLIB_ANA_4M

                   Cell Errors    Real Errors   Cell Placements     Environments
                             1              1                 6                1
--------------------------------------------------------------------------------
Env.  Env. Placements            X1           Y1          X2           Y2

  1        6               2547.900     -139.600    2632.900      -54.600

Shape               Environments Status & Error Marker 

          1           X1         Y1         X2         Y2

   1      X        7.500      5.000     92.500     90.000

--------------------------------------------------------------------------------
Cell Name : ICP layout IOLIB_4M

                   Cell Errors    Real Errors   Cell Placements     Environments
                             1              1                 5                1
--------------------------------------------------------------------------------
Env.  Env. Placements            X1           Y1          X2           Y2

  1        5                 10.400      466.900      95.400      551.900

Shape               Environments Status & Error Marker 

          1           X1         Y1         X2         Y2

   1      X        7.500      5.000     92.500     90.000

--------------------------------------------------------------------------------
Cell Name : APRIO200P layout IOLIB_ANA_4M

                   Cell Errors    Real Errors   Cell Placements     Environments
                             1              1                27                1
--------------------------------------------------------------------------------
Env.  Env. Placements            X1           Y1          X2           Y2

  1       27                547.900     -139.600     632.900      -54.600

Shape               Environments Status & Error Marker 

          1           X1         Y1         X2         Y2

   1      X        7.500      5.000     92.500     90.000

--------------------------------------------------------------------------------
Cell Name : topsy layout VT26_TOP

                   Cell Errors    Real Errors   Cell Placements     Environments
                             2              2                 1                1
--------------------------------------------------------------------------------
Env.  Env. Placements            X1           Y1          X2           Y2

  1        1                 10.400     -139.600    3140.400     3139.400

Shape               Environments Status & Error Marker 

          1           X1         Y1         X2         Y2

   1      X       10.400   1666.900     95.400   1751.900
   2      X       10.400   1866.900     95.400   1951.900

================================================================================
Rule No. 55 : rvia1 INFO : rvia1 not opens met1/2 for drc

Real Error Count : 6; Flat Error Count : 18
================================================================================

--------------------------------------------------------------------------------
Cell Name : AGND3ALLP layout IOLIB_ANA_4M

                   Cell Errors    Real Errors   Cell Placements     Environments
                             6              6                 3                1
--------------------------------------------------------------------------------
Env.  Env. Placements            X1           Y1          X2           Y2

  1        3               2562.450      -39.900    2638.550      107.600

Shape               Environments Status & Error Marker 

          1           X1         Y1         X2         Y2

   1      X       22.050    111.300     24.550    242.950
   2      X       29.350    112.250     35.450    242.800
   3      X       46.300    112.250     53.850    242.250
   4      X       64.800    112.250     70.550    242.250
   5      X       81.500    116.650     86.600    242.800
   6      X       96.100    104.700     98.150    252.200

================================================================================
Rule No. 56 : rvia2 INFO : rvia2 not opens met2/3 for drc

Real Error Count : 10; Flat Error Count : 30
================================================================================

--------------------------------------------------------------------------------
Cell Name : AVDD3ALLP layout IOLIB_ANA_4M

                   Cell Errors    Real Errors   Cell Placements     Environments
                             6              6                 3                1
--------------------------------------------------------------------------------
Env.  Env. Placements            X1           Y1          X2           Y2

  1        3               2352.500       35.200    2428.350      186.350

Shape               Environments Status & Error Marker 

          1           X1         Y1         X2         Y2

   1      X       12.100    316.250     87.800    330.950
   2      X       12.900    179.800     82.250    250.500
   3      X       12.900    258.400     35.500    279.100
   4      X       38.500    258.400     61.600    279.100
   5      X       64.600    258.400     87.950    279.100
   6      X       86.100    179.800     87.950    250.500

--------------------------------------------------------------------------------
Cell Name : AGND3ALLP layout IOLIB_ANA_4M

                   Cell Errors    Real Errors   Cell Placements     Environments
                             4              4                 3                1
--------------------------------------------------------------------------------
Env.  Env. Placements            X1           Y1          X2           Y2

  1        3               2552.500      -39.150    2628.200      165.750

Shape               Environments Status & Error Marker 

          1           X1         Y1         X2         Y2

   1      X       12.100    284.650     35.450    310.350
   2      X       12.850    105.450     86.650    168.300
   3      X       38.450    284.650     61.550    310.350
   4      X       64.550    284.650     87.800    310.350

================================================================================
Rule No. 60 : ERROR : MET1 pin outside met1

Real Error Count : 5; Flat Error Count : 5
================================================================================

--------------------------------------------------------------------------------
Cell Name : topsy layout VT26_TOP

                   Cell Errors    Real Errors   Cell Placements     Environments
                             5              5                 1                1
--------------------------------------------------------------------------------
Env.  Env. Placements            X1           Y1          X2           Y2

  1        1                  0.500     -159.250       5.000     -158.750

Shape               Environments Status & Error Marker 

          1           X1         Y1         X2         Y2

   1      X        0.500   -159.250      1.000   -158.750
   2      X        1.500   -159.250      2.000   -158.750
   3      X        2.500   -159.250      3.000   -158.750
   4      X        3.500   -159.250      4.000   -158.750
   5      X        4.500   -159.250      5.000   -158.750

================================================================================
Rule No. 66 : BAD_SUBSTR_SUBTAP_FLOAT_ERC

Real Error Count : 15; Flat Error Count : 15
================================================================================

--------------------------------------------------------------------------------
Cell Name : topsy layout VT26_TOP

                   Cell Errors    Real Errors   Cell Placements     Environments
                            15             15                 1                1
--------------------------------------------------------------------------------
Env.  Env. Placements            X1           Y1          X2           Y2

  1        1                  0.000     -159.250    3150.800     3149.800

Shape               Environments Status & Error Marker 

          1           X1         Y1         X2         Y2

   1      X        0.000   -159.250   3145.400   3149.800
   2      X      105.150   1267.300    338.000   2138.100
   3      X      124.450    111.400    279.600   1267.500
   4      X      124.450   2759.700    261.400   2809.000
   5      X      261.400    111.400   2889.400   2888.400
   6      X      262.050    188.900    454.600   2810.900
   7      X      279.600    111.400    403.400    112.050
   8      X      280.150   1267.300    298.700   1351.400
   9      X      417.650    188.900   2833.600   2810.900
  10      X      430.150   2535.000    449.800   2550.050
  11      X      454.600    405.150    474.300    423.450
  12      X     2833.600    560.600   2888.750    608.200
  13      X     2889.400    559.700   3001.050    609.100
  14      X     3001.050    563.750   3145.400    605.100
  15      X     3145.400   -159.250   3150.800   3149.800

================================================================================
Rule No. 68 : BAD_NWELL_WELLTAP_FLOAT_ERC

Real Error Count : 3; Flat Error Count : 3
================================================================================

--------------------------------------------------------------------------------
Cell Name : Current_Voltage_Reference layout YAOWEN

                   Cell Errors    Real Errors   Cell Placements     Environments
                             3              3                 1                1
--------------------------------------------------------------------------------
Env.  Env. Placements            X1           Y1          X2           Y2

  1        1               1742.950     1485.050    1797.150     1529.650

Shape               Environments Status & Error Marker 

          1           X1         Y1         X2         Y2

   1      X      151.700    211.050    205.900    219.750
   2      X      153.350    175.150    198.900    192.100
   3      X      154.550    197.200    193.750    205.900

================================================================================
Rule No. 402 : Warning: No MET1 on MET1 Pin

Real Error Count : 5; Flat Error Count : 5
================================================================================

--------------------------------------------------------------------------------
Cell Name : topsy layout VT26_TOP

                   Cell Errors    Real Errors   Cell Placements     Environments
                             5              5                 1                1
--------------------------------------------------------------------------------
Env.  Env. Placements            X1           Y1          X2           Y2

  1        1                  0.500     -159.250       5.000     -158.750

Shape               Environments Status & Error Marker 

          1           X1         Y1         X2         Y2

   1      X        0.500   -159.250      1.000   -158.750
   2      X        1.500   -159.250      2.000   -158.750
   3      X        2.500   -159.250      3.000   -158.750
   4      X        3.500   -159.250      4.000   -158.750
   5      X        4.500   -159.250      5.000   -158.750

================================================================================
Rule No. 421 : INFO: hot nwell

Real Error Count : 132; Flat Error Count : 737
================================================================================

--------------------------------------------------------------------------------
Cell Name : vert10_4 layout PRIMLIB

                   Cell Errors    Real Errors   Cell Placements     Environments
                             1              1               112                1
--------------------------------------------------------------------------------
Env.  Env. Placements            X1           Y1          X2           Y2

  1      112               1107.850     1200.500    1121.650     1214.300

Shape               Environments Status & Error Marker 

          1           X1         Y1         X2         Y2

   1      X        1.500      1.500     15.300     15.300

--------------------------------------------------------------------------------
Cell Name : rpolyhc layout PRIMLIB doubleCont="Horizontal" gwell="N-Well" l="18.75u" r="12.5K" w="2u" in1=R2

                   Cell Errors    Real Errors   Cell Placements     Environments
                             1              1                 4                1
--------------------------------------------------------------------------------
Env.  Env. Placements            X1           Y1          X2           Y2

  1        4                567.050      409.750     596.600      418.450

Shape               Environments Status & Error Marker 

          1           X1         Y1         X2         Y2

   1      X       -4.800     -3.350     24.750      5.350

--------------------------------------------------------------------------------
Cell Name : rpolyhc layout PRIMLIB Dummy=TRUE doubleCont="Horizontal" gwell="N-Well" l="18.75u" r="12.5K" w="2u" in1=R7

                   Cell Errors    Real Errors   Cell Placements     Environments
                             1              1                 4                1
--------------------------------------------------------------------------------
Env.  Env. Placements            X1           Y1          X2           Y2

  1        4                562.250      396.250     596.600      409.750

Shape               Environments Status & Error Marker 

          1           X1         Y1         X2         Y2

   1      X       -7.200     -5.750     27.150      7.750

--------------------------------------------------------------------------------
Cell Name : rpolyhc layout PRIMLIB Bends=4 Dummy=TRUE ResShape="90_deg" doubleCont="Horizontal" gwell="N-Well" l="250u" r="500K" w="800n" in1=R11

                   Cell Errors    Real Errors   Cell Placements     Environments
                             1              1                 8                1
--------------------------------------------------------------------------------
Env.  Env. Placements            X1           Y1          X2           Y2

  1        8               2058.525      340.825    2119.525      357.125

Shape               Environments Status & Error Marker 

          1           X1         Y1         X2         Y2

   1      X       -6.000     -4.650     55.000     11.650

--------------------------------------------------------------------------------
Cell Name : rpolyhc layout PRIMLIB Bends=28 Dummy=TRUE ResShape="90_deg" gwell="N-Well" l="5000u" r="10M" rleft="Cont" rright="Cont" id_=38be6356325ad8cb in1=R10

                   Cell Errors    Real Errors   Cell Placements     Environments
                             1              1                 4                1
--------------------------------------------------------------------------------
Env.  Env. Placements            X1           Y1          X2           Y2

  1        4               1892.500      291.600    1948.600      475.850

Shape               Environments Status & Error Marker 

          1           X1         Y1         X2         Y2

   1      X       -6.650     -5.950    177.600     50.150

--------------------------------------------------------------------------------
Cell Name : rpolyhc layout PRIMLIB Bends=10 Dummy=TRUE ResShape="90_deg" gwell="N-Well" l="500u" r="1M" w="0.8u" in1=R15

                   Cell Errors    Real Errors   Cell Placements     Environments
                             1              1                32                1
--------------------------------------------------------------------------------
Env.  Env. Placements            X1           Y1          X2           Y2

  1       32               1954.600      864.050    2009.450      889.650

Shape               Environments Status & Error Marker 

          1           X1         Y1         X2         Y2

   1      X       -5.350     -4.650     49.500     20.950

--------------------------------------------------------------------------------
Cell Name : rpolyhc layout PRIMLIB Bends=4 Dummy=TRUE ResShape="90_deg" doubleCont="Horizontal" gwell="N-Well" l="25u" r="50K" w="800n" in1=R27

                   Cell Errors    Real Errors   Cell Placements     Environments
                             1              1                24                1
--------------------------------------------------------------------------------
Env.  Env. Placements            X1           Y1          X2           Y2

  1       24               1921.650     1780.100    1937.950     1796.100

Shape               Environments Status & Error Marker 

          1           X1         Y1         X2         Y2

   1      X       -6.000     -4.650     10.000     11.650

--------------------------------------------------------------------------------
Cell Name : rpolyhc layout PRIMLIB Bends=4 Dummy=TRUE ResShape="90_deg" doubleCont="Horizontal" gwell="N-Well" l="52.5u" r="35K" w="2u" in1=R50

                   Cell Errors    Real Errors   Cell Placements     Environments
                             1              1                45                1
--------------------------------------------------------------------------------
Env.  Env. Placements            X1           Y1          X2           Y2

  1       45               1414.425     1651.225    1438.475     1675.725

Shape               Environments Status & Error Marker 

          1           X1         Y1         X2         Y2

   1      X       -7.750     -5.750     16.300     18.750

--------------------------------------------------------------------------------
Cell Name : rpolyhc layout PRIMLIB Bends=12 Dummy=TRUE ResShape="90_deg" gwell="N-Well" l="1000u" r="2M" rtop="Cont" w="0.8u" in1=R3

                   Cell Errors    Real Errors   Cell Placements     Environments
                             1              1                 2                1
--------------------------------------------------------------------------------
Env.  Env. Placements            X1           Y1          X2           Y2

  1        2               2161.100     2283.525    2191.100     2372.425

Shape               Environments Status & Error Marker 

          1           X1         Y1         X2         Y2

   1      X       -6.650     -4.650     82.250     25.350

--------------------------------------------------------------------------------
Cell Name : pmos4 layout PRIMLIB jd=FALSE js=FALSE l="4u" ng="6" w="33.35u" wtot="200u" in1=MP028129

                   Cell Errors    Real Errors   Cell Placements     Environments
                             1              1                 4                1
--------------------------------------------------------------------------------
Env.  Env. Placements            X1           Y1          X2           Y2

  1        4                658.700      393.800     691.800      429.550

Shape               Environments Status & Error Marker 

          1           X1         Y1         X2         Y2

   1      X       -1.200     -1.200     34.550     31.900

--------------------------------------------------------------------------------
Cell Name : pmos4 layout PRIMLIB l="4u" w="12.5u" wtot="12.5u" in1=MP928729

                   Cell Errors    Real Errors   Cell Placements     Environments
                             1              1                60                1
--------------------------------------------------------------------------------
Env.  Env. Placements            X1           Y1          X2           Y2

  1       60               1094.725     2651.075    1102.825     2665.975

Shape               Environments Status & Error Marker 

          1           X1         Y1         X2         Y2

   1      X       -1.200     -1.200     13.700      6.900

--------------------------------------------------------------------------------
Cell Name : pmos4 layout PRIMLIB jd=FALSE js=FALSE l="350n" ng="20" w="15u" wtot="300u" in1=MP1728129

                   Cell Errors    Real Errors   Cell Placements     Environments
                             1              1                24                1
--------------------------------------------------------------------------------
Env.  Env. Placements            X1           Y1          X2           Y2

  1       24               1214.275     2156.575    1244.375     2173.975

Shape               Environments Status & Error Marker 

          1           X1         Y1         X2         Y2

   1      X       -1.200     -1.200     16.200     28.900

--------------------------------------------------------------------------------
Cell Name : pmos4 layout PRIMLIB l="4u" in1=MP128929

                   Cell Errors    Real Errors   Cell Placements     Environments
                             1              1                24                1
--------------------------------------------------------------------------------
Env.  Env. Placements            X1           Y1          X2           Y2

  1       24               1780.625      990.350    1788.725     1002.750

Shape               Environments Status & Error Marker 

          1           X1         Y1         X2         Y2

   1      X       -1.200     -1.200     11.200      6.900

--------------------------------------------------------------------------------
Cell Name : pmos4 layout PRIMLIB jd=FALSE jg="no" js=FALSE l="350n" ng="10" wtot="100u" in1=MP6

                   Cell Errors    Real Errors   Cell Placements     Environments
                             1              1                 2                1
--------------------------------------------------------------------------------
Env.  Env. Placements            X1           Y1          X2           Y2

  1        2               1854.925      907.275    1871.525      919.675

Shape               Environments Status & Error Marker 

          1           X1         Y1         X2         Y2

   1      X       -1.200     -1.200     11.200     15.400

--------------------------------------------------------------------------------
Cell Name : pmos4 layout PRIMLIB l="350n" in1=MP928329

                   Cell Errors    Real Errors   Cell Placements     Environments
                             1              1                 8                1
--------------------------------------------------------------------------------
Env.  Env. Placements            X1           Y1          X2           Y2

  1        8               1380.025     1750.800    1384.475     1763.200

Shape               Environments Status & Error Marker 

          1           X1         Y1         X2         Y2

   1      X       -1.200     -1.200     11.200      3.250

--------------------------------------------------------------------------------
Cell Name : pmos4 layout PRIMLIB l="4u" w="25u" wtot="25u" in1=MP128729

                   Cell Errors    Real Errors   Cell Placements     Environments
                             1              1                20                1
--------------------------------------------------------------------------------
Env.  Env. Placements            X1           Y1          X2           Y2

  1       20               1310.875     1658.450    1318.975     1685.850

Shape               Environments Status & Error Marker 

          1           X1         Y1         X2         Y2

   1      X       -1.200     -1.200     26.200      6.900

--------------------------------------------------------------------------------
Cell Name : pmos4 layout PRIMLIB l="4u" w="5u" wtot="5u" in1=MP828329

                   Cell Errors    Real Errors   Cell Placements     Environments
                             1              1                12                1
--------------------------------------------------------------------------------
Env.  Env. Placements            X1           Y1          X2           Y2

  1       12                951.975     1417.700     960.075     1425.100

Shape               Environments Status & Error Marker 

          1           X1         Y1         X2         Y2

   1      X       -1.200     -1.200      6.200      6.900

--------------------------------------------------------------------------------
Cell Name : pmos4 layout PRIMLIB jd=FALSE jg="no" js=FALSE l="4u" ng="6" w="33.35u" wtot="200u" in1=MP128129

                   Cell Errors    Real Errors   Cell Placements     Environments
                             1              1                 4                1
--------------------------------------------------------------------------------
Env.  Env. Placements            X1           Y1          X2           Y2

  1        4                546.925     2585.475     580.025     2621.225

Shape               Environments Status & Error Marker 

          1           X1         Y1         X2         Y2

   1      X       -1.200     -1.200     34.550     31.900

--------------------------------------------------------------------------------
Cell Name : pmos4 layout PRIMLIB l="500n" w="12.5u" wtot="12.5u" in1=MP1283129

                   Cell Errors    Real Errors   Cell Placements     Environments
                             1              1                68                1
--------------------------------------------------------------------------------
Env.  Env. Placements            X1           Y1          X2           Y2

  1       68               2045.825     2342.300    2050.425     2357.200

Shape               Environments Status & Error Marker 

          1           X1         Y1         X2         Y2

   1      X       -1.200     -1.200     13.700      3.400

--------------------------------------------------------------------------------
Cell Name : cvar layout PRIMLIB col=12 row=10 in1=C028029

                   Cell Errors    Real Errors   Cell Placements     Environments
                             1              1                 6                1
--------------------------------------------------------------------------------
Env.  Env. Placements            X1           Y1          X2           Y2

  1        6                929.150     1726.900     950.250     1807.900

Shape               Environments Status & Error Marker 

          1           X1         Y1         X2         Y2

   1      X       -0.300     -0.300     20.800     80.700

--------------------------------------------------------------------------------
Cell Name : cvar layout PRIMLIB col=10 row=15 in1=C128529

                   Cell Errors    Real Errors   Cell Placements     Environments
                             1              1                17                1
--------------------------------------------------------------------------------
Env.  Env. Placements            X1           Y1          X2           Y2

  1       17               2016.725     1671.775    2138.725     1689.575

Shape               Environments Status & Error Marker 

          1           X1         Y1         X2         Y2

   1      X       -0.300     -0.300     17.500    121.700

--------------------------------------------------------------------------------
Cell Name : cpolyc layout PRIMLIB area="2.6n" c="2.25p" gwell="N-Well" l="51u" perimeter="204u" rbottom="Cont" rleft="Cont" rright="Cont" id_=318ecccaa27aadb6 in1=C228829

                   Cell Errors    Real Errors   Cell Placements     Environments
                             1              1                 9                1
--------------------------------------------------------------------------------
Env.  Env. Placements            X1           Y1          X2           Y2

  1        9               1209.550      309.400    1265.950      365.100

Shape               Environments Status & Error Marker 

          1           X1         Y1         X2         Y2

   1      X       -1.350     -1.350     55.050     54.350

--------------------------------------------------------------------------------
Cell Name : cpolyc layout PRIMLIB area="2.1n" c="1.82p" gwell="N-Well" l="50u" perimeter="183.9u" rbottom="Cont" rleft="Cont" rright="Cont" id_=8d84e368ace3c58d in1=C6

                   Cell Errors    Real Errors   Cell Placements     Environments
                             1              1                 2                1
--------------------------------------------------------------------------------
Env.  Env. Placements            X1           Y1          X2           Y2

  1        2               2049.700      985.100    2105.200     1031.750

Shape               Environments Status & Error Marker 

          1           X1         Y1         X2         Y2

   1      X       -1.350     -1.350     54.150     45.300

--------------------------------------------------------------------------------
Cell Name : cpolyc layout PRIMLIB area="1.23n" c="1.07p" gwell="N-Well" l="35.45u" perimeter="140.3u" rbottom="Cont" rleft="Cont" id_=d867af619ef89a5c in1=C528129

                   Cell Errors    Real Errors   Cell Placements     Environments
                             1              1                 6                1
--------------------------------------------------------------------------------
Env.  Env. Placements            X1           Y1          X2           Y2

  1        6               1916.025      993.400    1956.975     1032.800

Shape               Environments Status & Error Marker 

          1           X1         Y1         X2         Y2

   1      X       -1.350     -1.350     39.600     38.050

--------------------------------------------------------------------------------
Cell Name : cpolyc layout PRIMLIB area="3.5n" c="3.03p" gwell="N-Well" l="70u" perimeter="240u" rbottom="Cont" rleft="Cont" rright="Cont" id_=5d5c206d9147e606 in1=C928329

                   Cell Errors    Real Errors   Cell Placements     Environments
                             1              1                72                1
--------------------------------------------------------------------------------
Env.  Env. Placements            X1           Y1          X2           Y2

  1       72               1387.900     2021.950    1463.400     2076.650

Shape               Environments Status & Error Marker 

          1           X1         Y1         X2         Y2

   1      X       -1.350     -1.350     74.150     53.350

--------------------------------------------------------------------------------
Cell Name : cpolyc layout PRIMLIB area="1.26n" c="1.09p" gwell="N-Well" l="41.95u" perimeter="143.9u" rbottom="Cont" rleft="Cont" id_=1eea3daa63e42b4e in1=C928129

                   Cell Errors    Real Errors   Cell Placements     Environments
                             1              1                 6                1
--------------------------------------------------------------------------------
Env.  Env. Placements            X1           Y1          X2           Y2

  1        6               1777.025     2366.875    1824.275     2401.575

Shape               Environments Status & Error Marker 

          1           X1         Y1         X2         Y2

   1      X       -1.350     -1.350     45.900     33.350

--------------------------------------------------------------------------------
Cell Name : cpolyc layout PRIMLIB area="2.56n" c="2.22p" gwell="N-Well" l="51u" perimeter="202.4u" rbottom="Cont" rleft="Cont" id_=d867af6116578121 in1=C228029

                   Cell Errors    Real Errors   Cell Placements     Environments
                             1              1                 9                1
--------------------------------------------------------------------------------
Env.  Env. Placements            X1           Y1          X2           Y2

  1        9               1184.325     2528.050    1240.825     2582.950

Shape               Environments Status & Error Marker 

          1           X1         Y1         X2         Y2

   1      X       -1.350     -1.350     55.150     53.550

--------------------------------------------------------------------------------
Cell Name : cmfb_opamp1_fc layout FECG

                   Cell Errors    Real Errors   Cell Placements     Environments
                             1              1                 2                1
--------------------------------------------------------------------------------
Env.  Env. Placements            X1           Y1          X2           Y2

  1        2                597.225     2046.825     651.725     2085.425

Shape               Environments Status & Error Marker 

          1           X1         Y1         X2         Y2

   1      X        7.125     53.475     61.625     92.075

--------------------------------------------------------------------------------
Cell Name : cmfb_opamp1_f layout FECG

                   Cell Errors    Real Errors   Cell Placements     Environments
                             1              1                 2                1
--------------------------------------------------------------------------------
Env.  Env. Placements            X1           Y1          X2           Y2

  1        2               1589.725      321.725    1644.225      360.325

Shape               Environments Status & Error Marker 

          1           X1         Y1         X2         Y2

   1      X        7.125     53.475     61.625     92.075

--------------------------------------------------------------------------------
Cell Name : ia_new_f layout YAOWEN

                   Cell Errors    Real Errors   Cell Placements     Environments
                            14             14                 1                1
--------------------------------------------------------------------------------
Env.  Env. Placements            X1           Y1          X2           Y2

  1        1                560.700      245.250    1379.950      477.700

Shape               Environments Status & Error Marker 

          1           X1         Y1         X2         Y2

   1      X      103.400    296.250    175.200    343.750
   2      X      201.050    295.350    201.400    331.100
   3      X      201.050    334.800    201.400    370.550
   4      X      234.500    295.350    234.950    331.100
   5      X      234.500    334.800    234.950    370.550
   6      X      238.100    295.350    238.500    331.100
   7      X      238.150    334.800    238.500    370.550
   8      X      271.600    295.350    271.900    331.100
   9      X      271.600    334.800    271.950    370.550
  10      X      403.250    157.850    480.300    205.600
  11      X      512.400    146.800    689.200    227.650
  12      X      752.250    210.950    922.650    379.250
  13      X      760.000    191.550    775.000    210.950
  14      X      833.100    191.100    849.000    210.950

--------------------------------------------------------------------------------
Cell Name : gmc_5_fc layout FECG

                   Cell Errors    Real Errors   Cell Placements     Environments
                             9              9                 3                1
--------------------------------------------------------------------------------
Env.  Env. Placements            X1           Y1          X2           Y2

  1        3               1213.050     2013.950    2004.900     2195.150

Shape               Environments Status & Error Marker 

          1           X1         Y1         X2         Y2

   1      X      133.900    156.550    166.450    174.000
   2      X      133.900    177.700    166.450    195.150
   3      X      170.000    156.550    202.550    174.000
   4      X      170.000    177.700    202.550    195.150
   5      X      256.925     13.950    541.250    190.100
   6      X      465.750     16.700    772.750    190.100
   7      X      465.750     76.650    541.250     77.650
   8      X      697.250     16.700    925.750    190.100
   9      X      697.250     76.650    772.750     77.650

--------------------------------------------------------------------------------
Cell Name : fecg_vga2_f_2 layout FECG

                   Cell Errors    Real Errors   Cell Placements     Environments
                             5              5                 1                1
--------------------------------------------------------------------------------
Env.  Env. Placements            X1           Y1          X2           Y2

  1        1               1666.900     2276.475    1981.575     2439.925

Shape               Environments Status & Error Marker 

          1           X1         Y1         X2         Y2

   1      X      276.300    140.625    367.400    194.475
   2      X      353.225     73.900    385.075    100.400
   3      X      357.575     44.750    382.475     70.450
   4      X      386.425     32.525    589.600    195.975
   5      X      589.375     32.525    590.975    195.975

--------------------------------------------------------------------------------
Cell Name : fecg_ia_5_fc layout FECG

                   Cell Errors    Real Errors   Cell Placements     Environments
                            15             15                 1                1
--------------------------------------------------------------------------------
Env.  Env. Placements            X1           Y1          X2           Y2

  1        1                489.650     2500.300    1355.050     2694.800

Shape               Environments Status & Error Marker 

          1           X1         Y1         X2         Y2

   1      X      109.750    214.050    137.050    234.550
   2      X      166.575    128.475    167.025    164.225
   3      X      166.575    167.975    167.025    203.725
   4      X      200.125    128.475    200.575    164.225
   5      X      200.125    167.975    200.575    203.725
   6      X      204.675    128.475    205.125    164.225
   7      X      204.675    167.975    205.125    203.725
   8      X      238.225    128.475    238.675    164.225
   9      X      238.225    167.975    238.675    203.725
  10      X      409.200     43.300    695.800     77.250
  11      X      708.650    183.900    785.800    237.800
  12      X      708.850     52.200    762.750    117.275
  13      X      804.400     57.750    975.125    236.975
  14      X      918.625     71.025    975.150    236.975
  15      X      918.625    125.950    975.125    126.550

--------------------------------------------------------------------------------
Cell Name : fecg_cmfb2_fc layout FECG

                   Cell Errors    Real Errors   Cell Placements     Environments
                             1              1                 1                1
--------------------------------------------------------------------------------
Env.  Env. Placements            X1           Y1          X2           Y2

  1        1                597.225     2016.700    1014.200     2203.650

Shape               Environments Status & Error Marker 

          1           X1         Y1         X2         Y2

   1      X      206.625    139.700    432.075    198.250

--------------------------------------------------------------------------------
Cell Name : fecg_cmfb2_f layout FECG

                   Cell Errors    Real Errors   Cell Placements     Environments
                             2              2                 1                1
--------------------------------------------------------------------------------
Env.  Env. Placements            X1           Y1          X2           Y2

  1        1               1437.250      291.600    2006.700      478.550

Shape               Environments Status & Error Marker 

          1           X1         Y1         X2         Y2

   1      X       14.250     88.000     54.250    105.800
   2      X      206.625    139.700    432.075    198.250

--------------------------------------------------------------------------------
Cell Name : fecg_bandgap3_layout layout FBIAS

                   Cell Errors    Real Errors   Cell Placements     Environments
                             4              4                 1                1
--------------------------------------------------------------------------------
Env.  Env. Placements            X1           Y1          X2           Y2

  1        1               1178.175     1648.300    1584.400     1889.550

Shape               Environments Status & Error Marker 

          1           X1         Y1         X2         Y2

   1      X        4.275    123.450     69.025    198.425
   2      X      123.850    119.100    214.900    199.700
   3      X      193.000    211.450    231.650    260.300
   4      X      239.000    120.500    410.500    222.050

--------------------------------------------------------------------------------
Cell Name : fbias_vol_ref1_layout layout FBIAS

                   Cell Errors    Real Errors   Cell Placements     Environments
                             2              2                 1                1
--------------------------------------------------------------------------------
Env.  Env. Placements            X1           Y1          X2           Y2

  1        1               1920.100     1648.625    2138.725     1897.925

Shape               Environments Status & Error Marker 

          1           X1         Y1         X2         Y2

   1      X      275.800    154.500    346.700    203.600
   2      X      337.400    244.100    362.450    269.600

--------------------------------------------------------------------------------
Cell Name : fbias_por2_fc layout FBIAS

                   Cell Errors    Real Errors   Cell Placements     Environments
                             1              1                 1                1
--------------------------------------------------------------------------------
Env.  Env. Placements            X1           Y1          X2           Y2

  1        1                881.300     1726.900    1003.150     1896.600

Shape               Environments Status & Error Marker 

          1           X1         Y1         X2         Y2

   1      X       77.600     42.500    119.450    195.950

--------------------------------------------------------------------------------
Cell Name : fbias_cur_ref2_layout layout FBIAS

                   Cell Errors    Real Errors   Cell Placements     Environments
                             1              1                 1                1
--------------------------------------------------------------------------------
Env.  Env. Placements            X1           Y1          X2           Y2

  1        1               1687.500     1653.500    1853.050     1775.500

Shape               Environments Status & Error Marker 

          1           X1         Y1         X2         Y2

   1      X       70.700    117.875     96.500    131.525

--------------------------------------------------------------------------------
Cell Name : buffer2_f_3c layout FECG

                   Cell Errors    Real Errors   Cell Placements     Environments
                             2              2                 1                1
--------------------------------------------------------------------------------
Env.  Env. Placements            X1           Y1          X2           Y2

  1        1               2032.675     2283.525    2216.700     2392.975

Shape               Environments Status & Error Marker 

          1           X1         Y1         X2         Y2

   1      X       43.125     62.125    166.425    117.625
   2      X      183.475    106.150    219.525    122.950

--------------------------------------------------------------------------------
Cell Name : VGA_1 layout YAOWEN

                   Cell Errors    Real Errors   Cell Placements     Environments
                             7              7                 1                1
--------------------------------------------------------------------------------
Env.  Env. Placements            X1           Y1          X2           Y2

  1        1               1767.475      862.500    2108.700     1032.800

Shape               Environments Status & Error Marker 

          1           X1         Y1         X2         Y2

   1      X      281.975    128.550    385.675    178.050
   2      X      353.500     15.975    385.350     42.475
   3      X      364.275     45.475    391.175     72.175
   4      X      418.700     10.850    623.200     98.350
   5      X      430.525    101.350    555.375    181.150
   6      X      555.375    101.350    569.750    114.600
   7      X      581.950    121.500    595.050    133.450

--------------------------------------------------------------------------------
Cell Name : VDD3RP layout IOLIB_4M

                   Cell Errors    Real Errors   Cell Placements     Environments
                             2              2                 1                1
--------------------------------------------------------------------------------
Env.  Env. Placements            X1           Y1          X2           Y2

  1        1                270.300     1516.500     335.450     1528.300

Shape               Environments Status & Error Marker 

          1           X1         Y1         X2         Y2

   1      X       31.100    264.900     35.500    330.050
   2      X       38.500    264.900     42.900    330.050

--------------------------------------------------------------------------------
Cell Name : VDD3OP layout IOLIB_4M

                   Cell Errors    Real Errors   Cell Placements     Environments
                             2              2                 1                1
--------------------------------------------------------------------------------
Env.  Env. Placements            X1           Y1          X2           Y2

  1        1                283.500     1272.450     295.300     1348.600

Shape               Environments Status & Error Marker 

          1           X1         Y1         X2         Y2

   1      X       10.800    278.100     86.950    282.500
   2      X       10.800    285.500     86.950    289.900

--------------------------------------------------------------------------------
Cell Name : PWRCUT_DIG_P_DX layout IOLIB_4M

                   Cell Errors    Real Errors   Cell Placements     Environments
                             4              4                 3                1
--------------------------------------------------------------------------------
Env.  Env. Placements            X1           Y1          X2           Y2

  1        3                124.550      198.350     311.050      232.450

Shape               Environments Status & Error Marker 

          1           X1         Y1         X2         Y2

   1      X        7.950    119.150     42.050    144.250
   2      X        7.950    147.250     42.050    172.350
   3      X       10.400    258.650     21.500    305.650
   4      X       24.500    258.650     35.600    305.650

--------------------------------------------------------------------------------
Cell Name : Gm_C_filter layout YAOWEN

                   Cell Errors    Real Errors   Cell Placements     Environments
                             8              8                 3                1
--------------------------------------------------------------------------------
Env.  Env. Placements            X1           Y1          X2           Y2

  1        3                611.825      711.200     686.425      752.700

Shape               Environments Status & Error Marker 

          1           X1         Y1         X2         Y2

   1      X      190.800    -78.200    193.725    -60.800
   2      X      191.400   -102.300    193.725    -84.900
   3      X      223.825   -102.300    225.850    -84.900
   4      X      223.825    -78.200    225.800    -60.800
   5      X      230.950    -78.200    232.825    -60.800
   6      X      231.200   -102.300    232.825    -84.900
   7      X      262.925   -102.300    265.400    -84.900
   8      X      262.925    -78.200    265.350    -60.800

--------------------------------------------------------------------------------
Cell Name : GND3OP layout IOLIB_4M

                   Cell Errors    Real Errors   Cell Placements     Environments
                             2              2                 1                1
--------------------------------------------------------------------------------
Env.  Env. Placements            X1           Y1          X2           Y2

  1        1                261.200     2103.500     333.200     2115.300

Shape               Environments Status & Error Marker 

          1           X1         Y1         X2         Y2

   1      X       44.100    255.800     48.500    327.800
   2      X       51.500    255.800     55.900    327.800

--------------------------------------------------------------------------------
Cell Name : GND3IP layout IOLIB_4M

                   Cell Errors    Real Errors   Cell Placements     Environments
                             4              4                 1                1
--------------------------------------------------------------------------------
Env.  Env. Placements            X1           Y1          X2           Y2

  1        1                114.050     2293.600     327.750     2325.200

Shape               Environments Status & Error Marker 

          1           X1         Y1         X2         Y2

   1      X       34.200    195.650     38.600    322.350
   2      X       44.100    108.650     48.500    235.350
   3      X       51.500    108.650     55.900    235.350
   4      X       61.400    195.650     65.800    322.350

--------------------------------------------------------------------------------
Cell Name : ECG_bandgap_f_v1 layout YAOWEN

                   Cell Errors    Real Errors   Cell Placements     Environments
                            10             10                 1                1
--------------------------------------------------------------------------------
Env.  Env. Placements            X1           Y1          X2           Y2

  1        1                893.250     1200.500    1226.050     1446.425

Shape               Environments Status & Error Marker 

          1           X1         Y1         X2         Y2

   1      X       78.700    752.075    118.100    791.025
   2      X       91.875    762.300     96.475    769.700
   3      X       91.875    773.450     96.475    780.850
   4      X       94.675    762.300     99.275    769.700
   5      X       94.675    773.450     99.275    780.850
   6      X       97.475    762.300    102.075    769.700
   7      X       97.475    773.450    102.075    780.850
   8      X      100.275    762.300    104.875    769.700
   9      X      100.275    773.450    104.875    780.850
  10      X      124.200    752.075    190.250    791.025

--------------------------------------------------------------------------------
Cell Name : Current_Voltage_Reference layout YAOWEN

                   Cell Errors    Real Errors   Cell Placements     Environments
                             3              3                 1                1
--------------------------------------------------------------------------------
Env.  Env. Placements            X1           Y1          X2           Y2

  1        1               1742.950     1485.050    1797.150     1529.650

Shape               Environments Status & Error Marker 

          1           X1         Y1         X2         Y2

   1      X      151.700    211.050    205.900    219.750
   2      X      153.350    175.150    198.900    192.100
   3      X      154.550    197.200    193.750    205.900

--------------------------------------------------------------------------------
Cell Name : BUFFER layout YAOWEN

                   Cell Errors    Real Errors   Cell Placements     Environments
                             2              2                 1                1
--------------------------------------------------------------------------------
Env.  Env. Placements            X1           Y1          X2           Y2

  1        1               2053.375      336.675    2209.225      392.175

Shape               Environments Status & Error Marker 

          1           X1         Y1         X2         Y2

   1      X       15.875     79.950    146.175    135.450
   2      X      147.475    110.700    171.725    133.700

--------------------------------------------------------------------------------
Cell Name : topsy layout VT26_TOP

                   Cell Errors    Real Errors   Cell Placements     Environments
                             3              3                 1                1
--------------------------------------------------------------------------------
Env.  Env. Placements            X1           Y1          X2           Y2

  1        1                114.050      198.350    3026.250     2801.450

Shape               Environments Status & Error Marker 

          1           X1         Y1         X2         Y2

   1      X      270.300   1896.600    335.450   1901.000
   2      X      270.300   1904.000    335.450   1908.400
   3      X     1115.900   1720.800   1169.150   1761.650

================================================================================
Rule No. 510 : M1_R_1 Minimum density of MET1 area [%] = 30

Real Error Count : 1; Flat Error Count : 2
================================================================================

--------------------------------------------------------------------------------
Cell Name : topsy layout VT26_TOP

                   Cell Errors    Real Errors   Cell Placements     Environments
                             2              1                 1                1
--------------------------------------------------------------------------------
Env.  Env. Placements            X1           Y1          X2           Y2

  1        1                  0.000     -159.250    3150.800     3149.800

Shape               Environments Status & Error Marker 

          1           X1         Y1         X2         Y2

   1      X        0.000   -159.250   3150.800   3149.800

================================================================================
Rule No. 521 : M2_R_1 Minimum density of MET2 area [%] = 30

Real Error Count : 1; Flat Error Count : 2
================================================================================

--------------------------------------------------------------------------------
Cell Name : topsy layout VT26_TOP

                   Cell Errors    Real Errors   Cell Placements     Environments
                             2              1                 1                1
--------------------------------------------------------------------------------
Env.  Env. Placements            X1           Y1          X2           Y2

  1        1                  0.000     -159.250    3150.800     3149.800

Shape               Environments Status & Error Marker 

          1           X1         Y1         X2         Y2

   1      X        0.000   -159.250   3150.800   3149.800

================================================================================
Rule No. 544 : M4_R_1 Minimum density of MET4 area [%] = 30

Real Error Count : 1; Flat Error Count : 2
================================================================================

--------------------------------------------------------------------------------
Cell Name : topsy layout VT26_TOP

                   Cell Errors    Real Errors   Cell Placements     Environments
                             2              1                 1                1
--------------------------------------------------------------------------------
Env.  Env. Placements            X1           Y1          X2           Y2

  1        1                  0.000     -159.250    3150.800     3149.800

Shape               Environments Status & Error Marker 

          1           X1         Y1         X2         Y2

   1      X        0.000   -159.250   3150.800   3149.800

================================================================================
Rule No. 669 : RPOLYH_G2 Minimum high precision RPOLYH width = 2

Real Error Count : 1740; Flat Error Count : 4711
================================================================================

--------------------------------------------------------------------------------
Cell Name : rpolyhc layout PRIMLIB Bends=10 Dummy=TRUE ResShape="90_deg" l="500u" r="1M" w="0.8u" in1=R1

                   Cell Errors    Real Errors   Cell Placements     Environments
                            49             49                 4                1
--------------------------------------------------------------------------------
Env.  Env. Placements            X1           Y1          X2           Y2

  1        4               1634.175      424.550    1653.775      473.400

Shape               Environments Status & Error Marker 

          1           X1         Y1         X2         Y2

   1      X       -2.350     -1.650     -1.400      2.560
   2      X       -2.350     -1.650      2.833     -0.850
   3      X       -0.800     -0.100      0.250      1.702
   4      X       -0.800      1.550      0.000      3.900
   5      X       -0.800      1.550     44.950      2.350
   6      X       -0.800      2.817      0.000      4.933
   7      X       -0.800      3.100     44.950      3.900
   8      X       -0.800      3.617      0.000      5.733
   9      X       -0.800      4.650      0.000      7.000
  10      X       -0.800      4.650     44.950      5.450
  11      X       -0.800      5.917      0.000      8.033
  12      X       -0.800      6.200     44.950      7.000
  13      X       -0.800      6.717      0.000      8.833
  14      X       -0.800      7.750      0.000     10.100
  15      X       -0.800      7.750     44.950      8.550
  16      X       -0.800      9.017      0.000     11.133
  17      X       -0.800      9.300     44.950     10.100
  18      X       -0.800      9.817      0.000     11.933
  19      X       -0.800     10.850      0.000     13.200
  20      X       -0.800     10.850     44.950     11.650
  21      X       -0.800     12.117      0.000     14.233
  22      X       -0.800     12.400     44.950     13.200
  23      X       -0.800     12.917      0.000     15.033
  24      X       -0.800     13.950      0.000     16.300
  25      X       -0.800     13.950     44.950     14.750
  26      X       -0.800     15.500     44.800     16.300
  27      X       -0.650     -0.100      0.250      0.800
  28      X       -0.650     -0.100      2.036      0.800
  29      X       -0.650      0.000     44.950      0.800
  30      X       -0.650      0.459      0.000      2.691
  31      X       41.317     17.150     46.500     17.950
  32      X       42.114     15.500     44.800     16.400
  33      X       43.900     14.598     44.950     16.400
  34      X       43.900     15.500     44.800     16.400
  35      X       44.150      0.000     44.950      2.350
  36      X       44.150      1.267     44.950      3.383
  37      X       44.150      2.067     44.950      4.183
  38      X       44.150      3.100     44.950      5.450
  39      X       44.150      4.367     44.950      6.483
  40      X       44.150      5.167     44.950      7.283
  41      X       44.150      6.200     44.950      8.550
  42      X       44.150      7.467     44.950      9.583
  43      X       44.150      8.267     44.950     10.383
  44      X       44.150      9.300     44.950     11.650
  45      X       44.150     10.567     44.950     12.683
  46      X       44.150     11.367     44.950     13.483
  47      X       44.150     12.400     44.950     14.750
  48      X       44.150     13.609     44.800     15.841
  49      X       45.550     13.740     46.500     17.950

--------------------------------------------------------------------------------
Cell Name : rpolyhc layout PRIMLIB Bends=4 Dummy=TRUE ResShape="90_deg" doubleCont="Horizontal" gwell="N-Well" l="250u" r="500K" w="800n" in1=R11

                   Cell Errors    Real Errors   Cell Placements     Environments
                            19             19                 8                1
--------------------------------------------------------------------------------
Env.  Env. Placements            X1           Y1          X2           Y2

  1        8               2061.525      343.825    2116.525      354.125

Shape               Environments Status & Error Marker 

          1           X1         Y1         X2         Y2

   1      X       -1.450     -0.100      0.250      0.800
   2      X       -1.450     -0.100      2.036      0.800
   3      X       -1.450      0.000     49.800      0.800
   4      X       -0.800     -0.100      0.250      1.702
   5      X       -0.800      1.550      0.000      3.900
   6      X       -0.800      1.550     49.800      2.350
   7      X       -0.800      2.817      0.000      4.933
   8      X       -0.800      3.100     49.800      3.900
   9      X       -0.800      3.617      0.000      5.733
  10      X       -0.800      4.650      0.000      7.000
  11      X       -0.800      4.650     49.800      5.450
  12      X       -0.800      6.200     50.450      7.000
  13      X       46.964      6.200     50.450      7.100
  14      X       48.750      5.298     49.800      7.100
  15      X       48.750      6.200     50.450      7.100
  16      X       49.000      0.000     49.800      2.350
  17      X       49.000      1.267     49.800      3.383
  18      X       49.000      2.067     49.800      4.183
  19      X       49.000      3.100     49.800      5.450

--------------------------------------------------------------------------------
Cell Name : rpolyhc layout PRIMLIB Bends=107 Dummy=TRUE ResShape="90_deg" l="5000u" r="10M" w="0.8u" in1=R7

                   Cell Errors    Real Errors   Cell Placements     Environments
                           439            439                 2                1
--------------------------------------------------------------------------------
Env.  Env. Placements            X1           Y1          X2           Y2

  1        2               1680.575      424.550    1850.525      474.000

Shape               Environments Status & Error Marker 

          1           X1         Y1         X2         Y2

   1      X       -2.350     -1.650     -1.400      2.560
   2      X       -2.350     -1.650      2.833     -0.850
   3      X       -2.350     -1.033     -1.550    167.683
   4      X       -2.350    164.090     -1.400    168.300
   5      X       -2.350    167.500      2.833    168.300
   6      X       -0.800     -0.100      0.250      1.702
   7      X       -0.800      1.550      0.000      3.900
   8      X       -0.800      1.550     45.550      2.350
   9      X       -0.800      2.817      0.000      4.933
  10      X       -0.800      3.100     45.550      3.900
  11      X       -0.800      3.617      0.000      5.733
  12      X       -0.800      4.650      0.000      7.000
  13      X       -0.800      4.650     45.550      5.450
  14      X       -0.800      5.917      0.000      8.033
  15      X       -0.800      6.200     45.550      7.000
  16      X       -0.800      6.717      0.000      8.833
  17      X       -0.800      7.750      0.000     10.100
  18      X       -0.800      7.750     45.550      8.550
  19      X       -0.800      9.017      0.000     11.133
  20      X       -0.800      9.300     45.550     10.100
  21      X       -0.800      9.817      0.000     11.933
  22      X       -0.800     10.850      0.000     13.200
  23      X       -0.800     10.850     45.550     11.650
  24      X       -0.800     12.117      0.000     14.233
  25      X       -0.800     12.400     45.550     13.200
  26      X       -0.800     12.917      0.000     15.033
  27      X       -0.800     13.950      0.000     16.300
  28      X       -0.800     13.950     45.550     14.750
  29      X       -0.800     15.217      0.000     17.333
  30      X       -0.800     15.500     45.550     16.300
  31      X       -0.800     16.017      0.000     18.133
  32      X       -0.800     17.050      0.000     19.400
  33      X       -0.800     17.050     45.550     17.850
  34      X       -0.800     18.317      0.000     20.433
  35      X       -0.800     18.600     45.550     19.400
  36      X       -0.800     19.117      0.000     21.233
  37      X       -0.800     20.150      0.000     22.500
  38      X       -0.800     20.150     45.550     20.950
  39      X       -0.800     21.417      0.000     23.533
  40      X       -0.800     21.700     45.550     22.500
  41      X       -0.800     22.217      0.000     24.333
  42      X       -0.800     23.250      0.000     25.600
  43      X       -0.800     23.250     45.550     24.050
  44      X       -0.800     24.517      0.000     26.633
  45      X       -0.800     24.800     45.550     25.600
  46      X       -0.800     25.317      0.000     27.433
  47      X       -0.800     26.350      0.000     28.700
  48      X       -0.800     26.350     45.550     27.150
  49      X       -0.800     27.617      0.000     29.733
  50      X       -0.800     27.900     45.550     28.700
  51      X       -0.800     28.417      0.000     30.533
  52      X       -0.800     29.450      0.000     31.800
  53      X       -0.800     29.450     45.550     30.250
  54      X       -0.800     30.717      0.000     32.833
  55      X       -0.800     31.000     45.550     31.800
  56      X       -0.800     31.517      0.000     33.633
  57      X       -0.800     32.550      0.000     34.900
  58      X       -0.800     32.550     45.550     33.350
  59      X       -0.800     33.817      0.000     35.933
  60      X       -0.800     34.100     45.550     34.900
  61      X       -0.800     34.617      0.000     36.733
  62      X       -0.800     35.650      0.000     38.000
  63      X       -0.800     35.650     45.550     36.450
  64      X       -0.800     36.917      0.000     39.033
  65      X       -0.800     37.200     45.550     38.000
  66      X       -0.800     37.717      0.000     39.833
  67      X       -0.800     38.750      0.000     41.100
  68      X       -0.800     38.750     45.550     39.550
  69      X       -0.800     40.017      0.000     42.133
  70      X       -0.800     40.300     45.550     41.100
  71      X       -0.800     40.817      0.000     42.933
  72      X       -0.800     41.850      0.000     44.200
  73      X       -0.800     41.850     45.550     42.650
  74      X       -0.800     43.117      0.000     45.233
  75      X       -0.800     43.400     45.550     44.200
  76      X       -0.800     43.917      0.000     46.033
  77      X       -0.800     44.950      0.000     47.300
  78      X       -0.800     44.950     45.550     45.750
  79      X       -0.800     46.217      0.000     48.333
  80      X       -0.800     46.500     45.550     47.300
  81      X       -0.800     47.017      0.000     49.133
  82      X       -0.800     48.050      0.000     50.400
  83      X       -0.800     48.050     45.550     48.850
  84      X       -0.800     49.317      0.000     51.433
  85      X       -0.800     49.600     45.550     50.400
  86      X       -0.800     50.117      0.000     52.233
  87      X       -0.800     51.150      0.000     53.500
  88      X       -0.800     51.150     45.550     51.950
  89      X       -0.800     52.417      0.000     54.533
  90      X       -0.800     52.700     45.550     53.500
  91      X       -0.800     53.217      0.000     55.333
  92      X       -0.800     54.250      0.000     56.600
  93      X       -0.800     54.250     45.550     55.050
  94      X       -0.800     55.517      0.000     57.633
  95      X       -0.800     55.800     45.550     56.600
  96      X       -0.800     56.317      0.000     58.433
  97      X       -0.800     57.350      0.000     59.700
  98      X       -0.800     57.350     45.550     58.150
  99      X       -0.800     58.617      0.000     60.733
 100      X       -0.800     58.900     45.550     59.700
 101      X       -0.800     59.417      0.000     61.533
 102      X       -0.800     60.450      0.000     62.800
 103      X       -0.800     60.450     45.550     61.250
 104      X       -0.800     61.717      0.000     63.833
 105      X       -0.800     62.000     45.550     62.800
 106      X       -0.800     62.517      0.000     64.633
 107      X       -0.800     63.550      0.000     65.900
 108      X       -0.800     63.550     45.550     64.350
 109      X       -0.800     64.817      0.000     66.933
 110      X       -0.800     65.100     45.550     65.900
 111      X       -0.800     65.617      0.000     67.733
 112      X       -0.800     66.650      0.000     69.000
 113      X       -0.800     66.650     45.550     67.450
 114      X       -0.800     67.917      0.000     70.033
 115      X       -0.800     68.200     45.550     69.000
 116      X       -0.800     68.717      0.000     70.833
 117      X       -0.800     69.750      0.000     72.100
 118      X       -0.800     69.750     45.550     70.550
 119      X       -0.800     71.017      0.000     73.133
 120      X       -0.800     71.300     45.550     72.100
 121      X       -0.800     71.817      0.000     73.933
 122      X       -0.800     72.850      0.000     75.200
 123      X       -0.800     72.850     45.550     73.650
 124      X       -0.800     74.117      0.000     76.233
 125      X       -0.800     74.400     45.550     75.200
 126      X       -0.800     74.917      0.000     77.033
 127      X       -0.800     75.950      0.000     78.300
 128      X       -0.800     75.950     45.550     76.750
 129      X       -0.800     77.217      0.000     79.333
 130      X       -0.800     77.500     45.550     78.300
 131      X       -0.800     78.017      0.000     80.133
 132      X       -0.800     79.050      0.000     81.400
 133      X       -0.800     79.050     45.550     79.850
 134      X       -0.800     80.317      0.000     82.433
 135      X       -0.800     80.600     45.550     81.400
 136      X       -0.800     81.117      0.000     83.233
 137      X       -0.800     82.150      0.000     84.500
 138      X       -0.800     82.150     45.550     82.950
 139      X       -0.800     83.417      0.000     85.533
 140      X       -0.800     83.700     45.550     84.500
 141      X       -0.800     84.217      0.000     86.333
 142      X       -0.800     85.250      0.000     87.600
 143      X       -0.800     85.250     45.550     86.050
 144      X       -0.800     86.517      0.000     88.633
 145      X       -0.800     86.800     45.550     87.600
 146      X       -0.800     87.317      0.000     89.433
 147      X       -0.800     88.350      0.000     90.700
 148      X       -0.800     88.350     45.550     89.150
 149      X       -0.800     89.617      0.000     91.733
 150      X       -0.800     89.900     45.550     90.700
 151      X       -0.800     90.417      0.000     92.533
 152      X       -0.800     91.450      0.000     93.800
 153      X       -0.800     91.450     45.550     92.250
 154      X       -0.800     92.717      0.000     94.833
 155      X       -0.800     93.000     45.550     93.800
 156      X       -0.800     93.517      0.000     95.633
 157      X       -0.800     94.550      0.000     96.900
 158      X       -0.800     94.550     45.550     95.350
 159      X       -0.800     95.817      0.000     97.933
 160      X       -0.800     96.100     45.550     96.900
 161      X       -0.800     96.617      0.000     98.733
 162      X       -0.800     97.650      0.000    100.000
 163      X       -0.800     97.650     45.550     98.450
 164      X       -0.800     98.917      0.000    101.033
 165      X       -0.800     99.200     45.550    100.000
 166      X       -0.800     99.717      0.000    101.833
 167      X       -0.800    100.750      0.000    103.100
 168      X       -0.800    100.750     45.550    101.550
 169      X       -0.800    102.017      0.000    104.133
 170      X       -0.800    102.300     45.550    103.100
 171      X       -0.800    102.817      0.000    104.933
 172      X       -0.800    103.850      0.000    106.200
 173      X       -0.800    103.850     45.550    104.650
 174      X       -0.800    105.117      0.000    107.233
 175      X       -0.800    105.400     45.550    106.200
 176      X       -0.800    105.917      0.000    108.033
 177      X       -0.800    106.950      0.000    109.300
 178      X       -0.800    106.950     45.550    107.750
 179      X       -0.800    108.217      0.000    110.333
 180      X       -0.800    108.500     45.550    109.300
 181      X       -0.800    109.017      0.000    111.133
 182      X       -0.800    110.050      0.000    112.400
 183      X       -0.800    110.050     45.550    110.850
 184      X       -0.800    111.317      0.000    113.433
 185      X       -0.800    111.600     45.550    112.400
 186      X       -0.800    112.117      0.000    114.233
 187      X       -0.800    113.150      0.000    115.500
 188      X       -0.800    113.150     45.550    113.950
 189      X       -0.800    114.417      0.000    116.533
 190      X       -0.800    114.700     45.550    115.500
 191      X       -0.800    115.217      0.000    117.333
 192      X       -0.800    116.250      0.000    118.600
 193      X       -0.800    116.250     45.550    117.050
 194      X       -0.800    117.517      0.000    119.633
 195      X       -0.800    117.800     45.550    118.600
 196      X       -0.800    118.317      0.000    120.433
 197      X       -0.800    119.350      0.000    121.700
 198      X       -0.800    119.350     45.550    120.150
 199      X       -0.800    120.617      0.000    122.733
 200      X       -0.800    120.900     45.550    121.700
 201      X       -0.800    121.417      0.000    123.533
 202      X       -0.800    122.450      0.000    124.800
 203      X       -0.800    122.450     45.550    123.250
 204      X       -0.800    123.717      0.000    125.833
 205      X       -0.800    124.000     45.550    124.800
 206      X       -0.800    124.517      0.000    126.633
 207      X       -0.800    125.550      0.000    127.900
 208      X       -0.800    125.550     45.550    126.350
 209      X       -0.800    126.817      0.000    128.933
 210      X       -0.800    127.100     45.550    127.900
 211      X       -0.800    127.617      0.000    129.733
 212      X       -0.800    128.650      0.000    131.000
 213      X       -0.800    128.650     45.550    129.450
 214      X       -0.800    129.917      0.000    132.033
 215      X       -0.800    130.200     45.550    131.000
 216      X       -0.800    130.717      0.000    132.833
 217      X       -0.800    131.750      0.000    134.100
 218      X       -0.800    131.750     45.550    132.550
 219      X       -0.800    133.017      0.000    135.133
 220      X       -0.800    133.300     45.550    134.100
 221      X       -0.800    133.817      0.000    135.933
 222      X       -0.800    134.850      0.000    137.200
 223      X       -0.800    134.850     45.550    135.650
 224      X       -0.800    136.117      0.000    138.233
 225      X       -0.800    136.400     45.550    137.200
 226      X       -0.800    136.917      0.000    139.033
 227      X       -0.800    137.950      0.000    140.300
 228      X       -0.800    137.950     45.550    138.750
 229      X       -0.800    139.217      0.000    141.333
 230      X       -0.800    139.500     45.550    140.300
 231      X       -0.800    140.017      0.000    142.133
 232      X       -0.800    141.050      0.000    143.400
 233      X       -0.800    141.050     45.550    141.850
 234      X       -0.800    142.317      0.000    144.433
 235      X       -0.800    142.600     45.550    143.400
 236      X       -0.800    143.117      0.000    145.233
 237      X       -0.800    144.150      0.000    146.500
 238      X       -0.800    144.150     45.550    144.950
 239      X       -0.800    145.417      0.000    147.533
 240      X       -0.800    145.700     45.550    146.500
 241      X       -0.800    146.217      0.000    148.333
 242      X       -0.800    147.250      0.000    149.600
 243      X       -0.800    147.250     45.550    148.050
 244      X       -0.800    148.517      0.000    150.633
 245      X       -0.800    148.800     45.550    149.600
 246      X       -0.800    149.317      0.000    151.433
 247      X       -0.800    150.350      0.000    152.700
 248      X       -0.800    150.350     45.550    151.150
 249      X       -0.800    151.617      0.000    153.733
 250      X       -0.800    151.900     45.550    152.700
 251      X       -0.800    152.417      0.000    154.533
 252      X       -0.800    153.450      0.000    155.800
 253      X       -0.800    153.450     45.550    154.250
 254      X       -0.800    154.717      0.000    156.833
 255      X       -0.800    155.000     45.550    155.800
 256      X       -0.800    155.517      0.000    157.633
 257      X       -0.800    156.550      0.000    158.900
 258      X       -0.800    156.550     45.550    157.350
 259      X       -0.800    157.817      0.000    159.933
 260      X       -0.800    158.100     45.550    158.900
 261      X       -0.800    158.617      0.000    160.733
 262      X       -0.800    159.650      0.000    162.000
 263      X       -0.800    159.650     45.550    160.450
 264      X       -0.800    160.917      0.000    163.033
 265      X       -0.800    161.200     45.550    162.000
 266      X       -0.800    161.717      0.000    163.833
 267      X       -0.800    162.750      0.000    165.100
 268      X       -0.800    162.750     45.550    163.550
 269      X       -0.800    164.300     45.550    165.100
 270      X       -0.800    164.948      0.250    166.750
 271      X       -0.786    167.400     47.100    168.300
 272      X       -0.650     -0.100      0.250      0.800
 273      X       -0.650     -0.100      2.036      0.800
 274      X       -0.650      0.000     45.550      0.800
 275      X       -0.650      0.459      0.000      2.691
 276      X       -0.650    163.959      0.000    166.191
 277      X       -0.650    165.850      0.250    166.750
 278      X       -0.650    165.850      2.036    166.750
 279      X       -0.650    165.850     45.550    166.650
 280      X       44.750      0.000     45.550      2.350
 281      X       44.750      1.267     45.550      3.383
 282      X       44.750      2.067     45.550      4.183
 283      X       44.750      3.100     45.550      5.450
 284      X       44.750      4.367     45.550      6.483
 285      X       44.750      5.167     45.550      7.283
 286      X       44.750      6.200     45.550      8.550
 287      X       44.750      7.467     45.550      9.583
 288      X       44.750      8.267     45.550     10.383
 289      X       44.750      9.300     45.550     11.650
 290      X       44.750     10.567     45.550     12.683
 291      X       44.750     11.367     45.550     13.483
 292      X       44.750     12.400     45.550     14.750
 293      X       44.750     13.667     45.550     15.783
 294      X       44.750     14.467     45.550     16.583
 295      X       44.750     15.500     45.550     17.850
 296      X       44.750     16.767     45.550     18.883
 297      X       44.750     17.567     45.550     19.683
 298      X       44.750     18.600     45.550     20.950
 299      X       44.750     19.867     45.550     21.983
 300      X       44.750     20.667     45.550     22.783
 301      X       44.750     21.700     45.550     24.050
 302      X       44.750     22.967     45.550     25.083
 303      X       44.750     23.767     45.550     25.883
 304      X       44.750     24.800     45.550     27.150
 305      X       44.750     26.067     45.550     28.183
 306      X       44.750     26.867     45.550     28.983
 307      X       44.750     27.900     45.550     30.250
 308      X       44.750     29.167     45.550     31.283
 309      X       44.750     29.967     45.550     32.083
 310      X       44.750     31.000     45.550     33.350
 311      X       44.750     32.267     45.550     34.383
 312      X       44.750     33.067     45.550     35.183
 313      X       44.750     34.100     45.550     36.450
 314      X       44.750     35.367     45.550     37.483
 315      X       44.750     36.167     45.550     38.283
 316      X       44.750     37.200     45.550     39.550
 317      X       44.750     38.467     45.550     40.583
 318      X       44.750     39.267     45.550     41.383
 319      X       44.750     40.300     45.550     42.650
 320      X       44.750     41.567     45.550     43.683
 321      X       44.750     42.367     45.550     44.483
 322      X       44.750     43.400     45.550     45.750
 323      X       44.750     44.667     45.550     46.783
 324      X       44.750     45.467     45.550     47.583
 325      X       44.750     46.500     45.550     48.850
 326      X       44.750     47.767     45.550     49.883
 327      X       44.750     48.567     45.550     50.683
 328      X       44.750     49.600     45.550     51.950
 329      X       44.750     50.867     45.550     52.983
 330      X       44.750     51.667     45.550     53.783
 331      X       44.750     52.700     45.550     55.050
 332      X       44.750     53.967     45.550     56.083
 333      X       44.750     54.767     45.550     56.883
 334      X       44.750     55.800     45.550     58.150
 335      X       44.750     57.067     45.550     59.183
 336      X       44.750     57.867     45.550     59.983
 337      X       44.750     58.900     45.550     61.250
 338      X       44.750     60.167     45.550     62.283
 339      X       44.750     60.967     45.550     63.083
 340      X       44.750     62.000     45.550     64.350
 341      X       44.750     63.267     45.550     65.383
 342      X       44.750     64.067     45.550     66.183
 343      X       44.750     65.100     45.550     67.450
 344      X       44.750     66.367     45.550     68.483
 345      X       44.750     67.167     45.550     69.283
 346      X       44.750     68.200     45.550     70.550
 347      X       44.750     69.467     45.550     71.583
 348      X       44.750     70.267     45.550     72.383
 349      X       44.750     71.300     45.550     73.650
 350      X       44.750     72.567     45.550     74.683
 351      X       44.750     73.367     45.550     75.483
 352      X       44.750     74.400     45.550     76.750
 353      X       44.750     75.667     45.550     77.783
 354      X       44.750     76.467     45.550     78.583
 355      X       44.750     77.500     45.550     79.850
 356      X       44.750     78.767     45.550     80.883
 357      X       44.750     79.567     45.550     81.683
 358      X       44.750     80.600     45.550     82.950
 359      X       44.750     81.867     45.550     83.983
 360      X       44.750     82.667     45.550     84.783
 361      X       44.750     83.700     45.550     86.050
 362      X       44.750     84.967     45.550     87.083
 363      X       44.750     85.767     45.550     87.883
 364      X       44.750     86.800     45.550     89.150
 365      X       44.750     88.067     45.550     90.183
 366      X       44.750     88.867     45.550     90.983
 367      X       44.750     89.900     45.550     92.250
 368      X       44.750     91.167     45.550     93.283
 369      X       44.750     91.967     45.550     94.083
 370      X       44.750     93.000     45.550     95.350
 371      X       44.750     94.267     45.550     96.383
 372      X       44.750     95.067     45.550     97.183
 373      X       44.750     96.100     45.550     98.450
 374      X       44.750     97.367     45.550     99.483
 375      X       44.750     98.167     45.550    100.283
 376      X       44.750     99.200     45.550    101.550
 377      X       44.750    100.467     45.550    102.583
 378      X       44.750    101.267     45.550    103.383
 379      X       44.750    102.300     45.550    104.650
 380      X       44.750    103.567     45.550    105.683
 381      X       44.750    104.367     45.550    106.483
 382      X       44.750    105.400     45.550    107.750
 383      X       44.750    106.667     45.550    108.783
 384      X       44.750    107.467     45.550    109.583
 385      X       44.750    108.500     45.550    110.850
 386      X       44.750    109.767     45.550    111.883
 387      X       44.750    110.567     45.550    112.683
 388      X       44.750    111.600     45.550    113.950
 389      X       44.750    112.867     45.550    114.983
 390      X       44.750    113.667     45.550    115.783
 391      X       44.750    114.700     45.550    117.050
 392      X       44.750    115.967     45.550    118.083
 393      X       44.750    116.767     45.550    118.883
 394      X       44.750    117.800     45.550    120.150
 395      X       44.750    119.067     45.550    121.183
 396      X       44.750    119.867     45.550    121.983
 397      X       44.750    120.900     45.550    123.250
 398      X       44.750    122.167     45.550    124.283
 399      X       44.750    122.967     45.550    125.083
 400      X       44.750    124.000     45.550    126.350
 401      X       44.750    125.267     45.550    127.383
 402      X       44.750    126.067     45.550    128.183
 403      X       44.750    127.100     45.550    129.450
 404      X       44.750    128.367     45.550    130.483
 405      X       44.750    129.167     45.550    131.283
 406      X       44.750    130.200     45.550    132.550
 407      X       44.750    131.467     45.550    133.583
 408      X       44.750    132.267     45.550    134.383
 409      X       44.750    133.300     45.550    135.650
 410      X       44.750    134.567     45.550    136.683
 411      X       44.750    135.367     45.550    137.483
 412      X       44.750    136.400     45.550    138.750
 413      X       44.750    137.667     45.550    139.783
 414      X       44.750    138.467     45.550    140.583
 415      X       44.750    139.500     45.550    141.850
 416      X       44.750    140.767     45.550    142.883
 417      X       44.750    141.567     45.550    143.683
 418      X       44.750    142.600     45.550    144.950
 419      X       44.750    143.867     45.550    145.983
 420      X       44.750    144.667     45.550    146.783
 421      X       44.750    145.700     45.550    148.050
 422      X       44.750    146.967     45.550    149.083
 423      X       44.750    147.767     45.550    149.883
 424      X       44.750    148.800     45.550    151.150
 425      X       44.750    150.067     45.550    152.183
 426      X       44.750    150.867     45.550    152.983
 427      X       44.750    151.900     45.550    154.250
 428      X       44.750    153.167     45.550    155.283
 429      X       44.750    153.967     45.550    156.083
 430      X       44.750    155.000     45.550    157.350
 431      X       44.750    156.267     45.550    158.383
 432      X       44.750    157.067     45.550    159.183
 433      X       44.750    158.100     45.550    160.450
 434      X       44.750    159.367     45.550    161.483
 435      X       44.750    160.167     45.550    162.283
 436      X       44.750    161.200     45.550    163.550
 437      X       44.750    162.467     45.550    164.583
 438      X       44.750    163.267     45.550    165.383
 439      X       44.750    164.300     45.550    166.650

--------------------------------------------------------------------------------
Cell Name : rpolyhc layout PRIMLIB Bends=28 Dummy=TRUE ResShape="90_deg" gwell="N-Well" l="5000u" r="10M" rleft="Cont" rright="Cont" id_=38be6356325ad8cb in1=R10

                   Cell Errors    Real Errors   Cell Placements     Environments
                           121            121                 4                1
--------------------------------------------------------------------------------
Env.  Env. Placements            X1           Y1          X2           Y2

  1        4               1896.800      295.900    1944.300      471.550

Shape               Environments Status & Error Marker 

          1           X1         Y1         X2         Y2

   1      X       -2.350     -1.033     -1.550     45.850
   2      X       -2.350     44.950    171.736     45.850
   3      X       -0.800     -0.100      0.250      1.702
   4      X       -0.800      1.550      0.000      3.900
   5      X       -0.800      1.550    171.750      2.350
   6      X       -0.800      2.817      0.000      4.933
   7      X       -0.800      3.100    171.750      3.900
   8      X       -0.800      3.617      0.000      5.733
   9      X       -0.800      4.650      0.000      7.000
  10      X       -0.800      4.650    171.750      5.450
  11      X       -0.800      5.917      0.000      8.033
  12      X       -0.800      6.200    171.750      7.000
  13      X       -0.800      6.717      0.000      8.833
  14      X       -0.800      7.750      0.000     10.100
  15      X       -0.800      7.750    171.750      8.550
  16      X       -0.800      9.017      0.000     11.133
  17      X       -0.800      9.300    171.750     10.100
  18      X       -0.800      9.817      0.000     11.933
  19      X       -0.800     10.850      0.000     13.200
  20      X       -0.800     10.850    171.750     11.650
  21      X       -0.800     12.117      0.000     14.233
  22      X       -0.800     12.400    171.750     13.200
  23      X       -0.800     12.917      0.000     15.033
  24      X       -0.800     13.950      0.000     16.300
  25      X       -0.800     13.950    171.750     14.750
  26      X       -0.800     15.217      0.000     17.333
  27      X       -0.800     15.500    171.750     16.300
  28      X       -0.800     16.017      0.000     18.133
  29      X       -0.800     17.050      0.000     19.400
  30      X       -0.800     17.050    171.750     17.850
  31      X       -0.800     18.317      0.000     20.433
  32      X       -0.800     18.600    171.750     19.400
  33      X       -0.800     19.117      0.000     21.233
  34      X       -0.800     20.150      0.000     22.500
  35      X       -0.800     20.150    171.750     20.950
  36      X       -0.800     21.417      0.000     23.533
  37      X       -0.800     21.700    171.750     22.500
  38      X       -0.800     22.217      0.000     24.333
  39      X       -0.800     23.250      0.000     25.600
  40      X       -0.800     23.250    171.750     24.050
  41      X       -0.800     24.517      0.000     26.633
  42      X       -0.800     24.800    171.750     25.600
  43      X       -0.800     25.317      0.000     27.433
  44      X       -0.800     26.350      0.000     28.700
  45      X       -0.800     26.350    171.750     27.150
  46      X       -0.800     27.617      0.000     29.733
  47      X       -0.800     27.900    171.750     28.700
  48      X       -0.800     28.417      0.000     30.533
  49      X       -0.800     29.450      0.000     31.800
  50      X       -0.800     29.450    171.750     30.250
  51      X       -0.800     30.717      0.000     32.833
  52      X       -0.800     31.000    171.750     31.800
  53      X       -0.800     31.517      0.000     33.633
  54      X       -0.800     32.550      0.000     34.900
  55      X       -0.800     32.550    171.750     33.350
  56      X       -0.800     33.817      0.000     35.933
  57      X       -0.800     34.100    171.750     34.900
  58      X       -0.800     34.617      0.000     36.733
  59      X       -0.800     35.650      0.000     38.000
  60      X       -0.800     35.650    171.750     36.450
  61      X       -0.800     36.917      0.000     39.033
  62      X       -0.800     37.200    171.750     38.000
  63      X       -0.800     37.717      0.000     39.833
  64      X       -0.800     38.750      0.000     41.100
  65      X       -0.800     38.750    171.750     39.550
  66      X       -0.800     40.017      0.000     42.133
  67      X       -0.800     40.300    171.750     41.100
  68      X       -0.800     40.817      0.000     42.933
  69      X       -0.800     41.850      0.000     44.200
  70      X       -0.800     41.850    171.750     42.650
  71      X       -0.800     43.400    171.600     44.200
  72      X       -0.650     -0.100      0.250      0.800
  73      X       -0.650     -0.100      2.036      0.800
  74      X       -0.650      0.000    171.750      0.800
  75      X       -0.650      0.459      0.000      2.691
  76      X      168.117     45.050    173.300     45.850
  77      X      168.914     43.400    171.600     44.300
  78      X      170.700     42.498    171.750     44.300
  79      X      170.700     43.400    171.600     44.300
  80      X      170.950      0.000    171.750      2.350
  81      X      170.950      1.267    171.750      3.383
  82      X      170.950      2.067    171.750      4.183
  83      X      170.950      3.100    171.750      5.450
  84      X      170.950      4.367    171.750      6.483
  85      X      170.950      5.167    171.750      7.283
  86      X      170.950      6.200    171.750      8.550
  87      X      170.950      7.467    171.750      9.583
  88      X      170.950      8.267    171.750     10.383
  89      X      170.950      9.300    171.750     11.650
  90      X      170.950     10.567    171.750     12.683
  91      X      170.950     11.367    171.750     13.483
  92      X      170.950     12.400    171.750     14.750
  93      X      170.950     13.667    171.750     15.783
  94      X      170.950     14.467    171.750     16.583
  95      X      170.950     15.500    171.750     17.850
  96      X      170.950     16.767    171.750     18.883
  97      X      170.950     17.567    171.750     19.683
  98      X      170.950     18.600    171.750     20.950
  99      X      170.950     19.867    171.750     21.983
 100      X      170.950     20.667    171.750     22.783
 101      X      170.950     21.700    171.750     24.050
 102      X      170.950     22.967    171.750     25.083
 103      X      170.950     23.767    171.750     25.883
 104      X      170.950     24.800    171.750     27.150
 105      X      170.950     26.067    171.750     28.183
 106      X      170.950     26.867    171.750     28.983
 107      X      170.950     27.900    171.750     30.250
 108      X      170.950     29.167    171.750     31.283
 109      X      170.950     29.967    171.750     32.083
 110      X      170.950     31.000    171.750     33.350
 111      X      170.950     32.267    171.750     34.383
 112      X      170.950     33.067    171.750     35.183
 113      X      170.950     34.100    171.750     36.450
 114      X      170.950     35.367    171.750     37.483
 115      X      170.950     36.167    171.750     38.283
 116      X      170.950     37.200    171.750     39.550
 117      X      170.950     38.467    171.750     40.583
 118      X      170.950     39.267    171.750     41.383
 119      X      170.950     40.300    171.750     42.650
 120      X      170.950     41.509    171.600     43.741
 121      X      172.350     41.640    173.300     45.850

--------------------------------------------------------------------------------
Cell Name : rpolyhc layout PRIMLIB Bends=10 Dummy=TRUE ResShape="90_deg" gwell="N-Well" l="500u" r="1M" w="0.8u" in1=R15

                   Cell Errors    Real Errors   Cell Placements     Environments
                            45             45                32                1
--------------------------------------------------------------------------------
Env.  Env. Placements            X1           Y1          X2           Y2

  1       32               1957.600      867.050    2006.450      886.650

Shape               Environments Status & Error Marker 

          1           X1         Y1         X2         Y2

   1      X       -0.800     -0.100      0.250      1.702
   2      X       -0.800      1.550      0.000      3.900
   3      X       -0.800      1.550     44.950      2.350
   4      X       -0.800      2.817      0.000      4.933
   5      X       -0.800      3.100     44.950      3.900
   6      X       -0.800      3.617      0.000      5.733
   7      X       -0.800      4.650      0.000      7.000
   8      X       -0.800      4.650     44.950      5.450
   9      X       -0.800      5.917      0.000      8.033
  10      X       -0.800      6.200     44.950      7.000
  11      X       -0.800      6.717      0.000      8.833
  12      X       -0.800      7.750      0.000     10.100
  13      X       -0.800      7.750     44.950      8.550
  14      X       -0.800      9.017      0.000     11.133
  15      X       -0.800      9.300     44.950     10.100
  16      X       -0.800      9.817      0.000     11.933
  17      X       -0.800     10.850      0.000     13.200
  18      X       -0.800     10.850     44.950     11.650
  19      X       -0.800     12.117      0.000     14.233
  20      X       -0.800     12.400     44.950     13.200
  21      X       -0.800     12.917      0.000     15.033
  22      X       -0.800     13.950      0.000     16.300
  23      X       -0.800     13.950     44.950     14.750
  24      X       -0.800     15.500     44.800     16.300
  25      X       -0.650     -0.100      0.250      0.800
  26      X       -0.650     -0.100      2.036      0.800
  27      X       -0.650      0.000     44.950      0.800
  28      X       -0.650      0.459      0.000      2.691
  29      X       42.114     15.500     44.800     16.400
  30      X       43.900     14.598     44.950     16.400
  31      X       43.900     15.500     44.800     16.400
  32      X       44.150      0.000     44.950      2.350
  33      X       44.150      1.267     44.950      3.383
  34      X       44.150      2.067     44.950      4.183
  35      X       44.150      3.100     44.950      5.450
  36      X       44.150      4.367     44.950      6.483
  37      X       44.150      5.167     44.950      7.283
  38      X       44.150      6.200     44.950      8.550
  39      X       44.150      7.467     44.950      9.583
  40      X       44.150      8.267     44.950     10.383
  41      X       44.150      9.300     44.950     11.650
  42      X       44.150     10.567     44.950     12.683
  43      X       44.150     11.367     44.950     13.483
  44      X       44.150     12.400     44.950     14.750
  45      X       44.150     13.609     44.800     15.841

--------------------------------------------------------------------------------
Cell Name : rpolyhc layout PRIMLIB Bends=4 Dummy=TRUE ResShape="90_deg" doubleCont="Horizontal" gwell="N-Well" l="25u" r="50K" w="800n" in1=R27

                   Cell Errors    Real Errors   Cell Placements     Environments
                            19             19                24                1
--------------------------------------------------------------------------------
Env.  Env. Placements            X1           Y1          X2           Y2

  1       24               1924.650     1783.100    1934.950     1793.100

Shape               Environments Status & Error Marker 

          1           X1         Y1         X2         Y2

   1      X       -1.450     -0.100      0.250      0.800
   2      X       -1.450     -0.100      2.036      0.800
   3      X       -1.450      0.000      4.800      0.800
   4      X       -0.800     -0.100      0.250      1.702
   5      X       -0.800      1.550      0.000      3.900
   6      X       -0.800      1.550      4.800      2.350
   7      X       -0.800      2.817      0.000      4.933
   8      X       -0.800      3.100      4.800      3.900
   9      X       -0.800      3.617      0.000      5.733
  10      X       -0.800      4.650      0.000      7.000
  11      X       -0.800      4.650      4.800      5.450
  12      X       -0.800      6.200      5.450      7.000
  13      X        1.964      6.200      5.450      7.100
  14      X        3.750      5.298      4.800      7.100
  15      X        3.750      6.200      5.450      7.100
  16      X        4.000      0.000      4.800      2.350
  17      X        4.000      1.267      4.800      3.383
  18      X        4.000      2.067      4.800      4.183
  19      X        4.000      3.100      4.800      5.450

--------------------------------------------------------------------------------
Cell Name : rpolyhc layout PRIMLIB Bends=12 Dummy=TRUE ResShape="90_deg" gwell="N-Well" l="1000u" r="2M" rtop="Cont" w="0.8u" in1=R3

                   Cell Errors    Real Errors   Cell Placements     Environments
                            57             57                 2                1
--------------------------------------------------------------------------------
Env.  Env. Placements            X1           Y1          X2           Y2

  1        2               2165.400     2287.825    2188.100     2368.125

Shape               Environments Status & Error Marker 

          1           X1         Y1         X2         Y2

   1      X       -2.350     -1.033     -1.550     21.050
   2      X       -2.350     20.150     76.386     21.050
   3      X       -0.800     -0.100      0.250      1.702
   4      X       -0.800      1.550      0.000      3.900
   5      X       -0.800      1.550     76.400      2.350
   6      X       -0.800      2.817      0.000      4.933
   7      X       -0.800      3.100     76.400      3.900
   8      X       -0.800      3.617      0.000      5.733
   9      X       -0.800      4.650      0.000      7.000
  10      X       -0.800      4.650     76.400      5.450
  11      X       -0.800      5.917      0.000      8.033
  12      X       -0.800      6.200     76.400      7.000
  13      X       -0.800      6.717      0.000      8.833
  14      X       -0.800      7.750      0.000     10.100
  15      X       -0.800      7.750     76.400      8.550
  16      X       -0.800      9.017      0.000     11.133
  17      X       -0.800      9.300     76.400     10.100
  18      X       -0.800      9.817      0.000     11.933
  19      X       -0.800     10.850      0.000     13.200
  20      X       -0.800     10.850     76.400     11.650
  21      X       -0.800     12.117      0.000     14.233
  22      X       -0.800     12.400     76.400     13.200
  23      X       -0.800     12.917      0.000     15.033
  24      X       -0.800     13.950      0.000     16.300
  25      X       -0.800     13.950     76.400     14.750
  26      X       -0.800     15.217      0.000     17.333
  27      X       -0.800     15.500     76.400     16.300
  28      X       -0.800     16.017      0.000     18.133
  29      X       -0.800     17.050      0.000     19.400
  30      X       -0.800     17.050     76.400     17.850
  31      X       -0.800     18.600     76.250     19.400
  32      X       -0.650     -0.100      0.250      0.800
  33      X       -0.650     -0.100      2.036      0.800
  34      X       -0.650      0.000     76.400      0.800
  35      X       -0.650      0.459      0.000      2.691
  36      X       72.767     20.250     77.950     21.050
  37      X       73.564     18.600     76.250     19.500
  38      X       75.350     17.698     76.400     19.500
  39      X       75.350     18.600     76.250     19.500
  40      X       75.600      0.000     76.400      2.350
  41      X       75.600      1.267     76.400      3.383
  42      X       75.600      2.067     76.400      4.183
  43      X       75.600      3.100     76.400      5.450
  44      X       75.600      4.367     76.400      6.483
  45      X       75.600      5.167     76.400      7.283
  46      X       75.600      6.200     76.400      8.550
  47      X       75.600      7.467     76.400      9.583
  48      X       75.600      8.267     76.400     10.383
  49      X       75.600      9.300     76.400     11.650
  50      X       75.600     10.567     76.400     12.683
  51      X       75.600     11.367     76.400     13.483
  52      X       75.600     12.400     76.400     14.750
  53      X       75.600     13.667     76.400     15.783
  54      X       75.600     14.467     76.400     16.583
  55      X       75.600     15.500     76.400     17.850
  56      X       75.600     16.709     76.250     18.941
  57      X       77.000     16.840     77.950     21.050

--------------------------------------------------------------------------------
Cell Name : ia_new_f layout YAOWEN

                   Cell Errors    Real Errors   Cell Placements     Environments
                            51             51                 1                1
--------------------------------------------------------------------------------
Env.  Env. Placements            X1           Y1          X2           Y2

  1        1               1098.400      248.600    1300.400      297.200

Shape               Environments Status & Error Marker 

          1           X1         Y1         X2         Y2

   1      X      641.100    150.150    642.000    151.050
   2      X      641.100    150.150    643.500    151.050
   3      X      641.100    150.250    643.850    151.050
   4      X      641.100    152.350    642.000    153.250
   5      X      641.100    152.350    643.500    153.250
   6      X      641.100    152.350    643.850    153.150
   7      X      642.017    150.250    644.650    151.050
   8      X      642.017    152.350    644.650    153.150
   9      X      642.700    150.250    643.900    151.450
  10      X      642.700    151.950    643.900    153.150
  11      X      643.500    150.250    644.700    151.450
  12      X      643.500    151.050    644.700    152.250
  13      X      643.500    151.150    644.700    152.350
  14      X      643.500    151.950    644.700    153.150
  15      X      643.900    150.300    644.700    151.950
  16      X      643.900    151.100    644.700    152.300
  17      X      643.900    151.450    644.700    153.100
  18      X      764.900    195.650    765.800    196.550
  19      X      764.900    195.650    767.300    196.550
  20      X      764.900    195.750    767.650    196.550
  21      X      764.900    197.850    765.800    198.750
  22      X      764.900    197.850    767.300    198.750
  23      X      764.900    197.850    767.650    198.650
  24      X      765.817    195.750    768.450    196.550
  25      X      765.817    197.850    768.450    198.650
  26      X      766.500    195.750    767.700    196.950
  27      X      766.500    197.450    767.700    198.650
  28      X      767.300    195.750    768.500    196.950
  29      X      767.300    196.550    768.500    197.750
  30      X      767.300    196.650    768.500    197.850
  31      X      767.300    197.450    768.500    198.650
  32      X      767.700    195.800    768.500    197.450
  33      X      767.700    196.600    768.500    197.800
  34      X      767.700    196.950    768.500    198.600
  35      X      839.500    195.100    840.400    196.000
  36      X      839.500    195.100    841.900    196.000
  37      X      839.500    195.200    842.250    196.000
  38      X      839.500    197.300    840.400    198.200
  39      X      839.500    197.300    841.900    198.200
  40      X      839.500    197.300    842.250    198.100
  41      X      840.417    195.200    843.050    196.000
  42      X      840.417    197.300    843.050    198.100
  43      X      841.100    195.200    842.300    196.400
  44      X      841.100    196.900    842.300    198.100
  45      X      841.900    195.200    843.100    196.400
  46      X      841.900    196.000    843.100    197.200
  47      X      841.900    196.100    843.100    197.300
  48      X      841.900    196.900    843.100    198.100
  49      X      842.300    195.250    843.100    196.900
  50      X      842.300    196.050    843.100    197.250
  51      X      842.300    196.400    843.100    198.050

--------------------------------------------------------------------------------
Cell Name : fecg_vga2_f_2 layout FECG

                   Cell Errors    Real Errors   Cell Placements     Environments
                           116            116                 1                1
--------------------------------------------------------------------------------
Env.  Env. Placements            X1           Y1          X2           Y2

  1        1               1781.575     2281.175    1976.975     2359.575

Shape               Environments Status & Error Marker 

          1           X1         Y1         X2         Y2

   1      X      390.975     37.225    391.925     41.435
   2      X      390.975     37.225    396.158     38.025
   3      X      390.975     37.842    391.775     57.758
   4      X      390.975     55.892    391.775     75.808
   5      X      390.975     72.215    391.925     77.385
   6      X      390.975     75.465    391.925     80.635
   7      X      390.975     77.042    391.775     96.958
   8      X      390.975     95.092    391.775    115.008
   9      X      390.975    111.415    391.925    115.625
  10      X      390.975    114.825    396.158    115.625
  11      X      391.775     55.925    436.475     57.725
  12      X      391.775     95.125    436.475     96.925
  13      X      391.925     75.625    394.325     77.225
  14      X      392.539     37.225    440.811     38.125
  15      X      392.539    114.725    440.811    115.625
  16      X      393.271     75.525    395.379     77.225
  17      X      393.271     75.625    395.379     77.325
  18      X      394.325     75.525    439.025     77.325
  19      X      435.421     55.925    437.529     57.625
  20      X      435.421     56.025    437.529     57.725
  21      X      435.421     95.125    437.529     96.825
  22      X      435.421     95.225    437.529     96.925
  23      X      436.475     56.025    438.875     57.625
  24      X      436.475     95.225    438.875     96.825
  25      X      438.875     53.407    440.625     56.025
  26      X      438.875     57.625    440.625     60.243
  27      X      438.875     92.607    440.625     95.225
  28      X      438.875     96.825    440.625     99.443
  29      X      438.942     37.225    445.008     38.025
  30      X      438.942    114.825    445.008    115.625
  31      X      439.025     38.025    440.775     40.643
  32      X      439.025     38.475    440.625     55.575
  33      X      439.025     58.075    440.625     75.175
  34      X      439.025     73.007    440.775     75.625
  35      X      439.025     77.225    440.775     79.843
  36      X      439.025     77.675    440.625     94.775
  37      X      439.025     97.275    440.625    114.375
  38      X      439.025    112.207    440.775    114.825
  39      X      440.625     55.925    485.325     57.725
  40      X      440.625     95.125    485.325     96.925
  41      X      440.775     75.625    443.175     77.225
  42      X      441.389     37.225    489.661     38.125
  43      X      441.389    114.725    489.661    115.625
  44      X      442.121     75.525    444.229     77.225
  45      X      442.121     75.625    444.229     77.325
  46      X      443.175     75.525    487.875     77.325
  47      X      484.271     55.925    486.379     57.625
  48      X      484.271     56.025    486.379     57.725
  49      X      484.271     95.125    486.379     96.825
  50      X      484.271     95.225    486.379     96.925
  51      X      485.325     56.025    487.725     57.625
  52      X      485.325     95.225    487.725     96.825
  53      X      487.725     53.407    489.475     56.025
  54      X      487.725     57.625    489.475     60.243
  55      X      487.725     92.607    489.475     95.225
  56      X      487.725     96.825    489.475     99.443
  57      X      487.792     37.225    493.858     38.025
  58      X      487.792    114.825    493.858    115.625
  59      X      487.875     38.025    489.625     40.643
  60      X      487.875     38.475    489.475     55.575
  61      X      487.875     58.075    489.475     75.175
  62      X      487.875     73.007    489.625     75.625
  63      X      487.875     77.225    489.625     79.843
  64      X      487.875     77.675    489.475     94.775
  65      X      487.875     97.275    489.475    114.375
  66      X      487.875    112.207    489.625    114.825
  67      X      489.475     55.925    534.175     57.725
  68      X      489.475     95.125    534.175     96.925
  69      X      489.625     75.625    492.025     77.225
  70      X      490.239     37.225    538.511     38.125
  71      X      490.239    114.725    538.511    115.625
  72      X      490.971     75.525    493.079     77.225
  73      X      490.971     75.625    493.079     77.325
  74      X      492.025     75.525    536.725     77.325
  75      X      533.121     55.925    535.229     57.625
  76      X      533.121     56.025    535.229     57.725
  77      X      533.121     95.125    535.229     96.825
  78      X      533.121     95.225    535.229     96.925
  79      X      534.175     56.025    536.575     57.625
  80      X      534.175     95.225    536.575     96.825
  81      X      536.575     53.407    538.325     56.025
  82      X      536.575     57.625    538.325     60.243
  83      X      536.575     92.607    538.325     95.225
  84      X      536.575     96.825    538.325     99.443
  85      X      536.642     37.225    542.708     38.025
  86      X      536.642    114.825    542.708    115.625
  87      X      536.725     38.025    538.475     40.643
  88      X      536.725     38.475    538.325     55.575
  89      X      536.725     58.075    538.325     75.175
  90      X      536.725     73.007    538.475     75.625
  91      X      536.725     77.225    538.475     79.843
  92      X      536.725     77.675    538.325     94.775
  93      X      536.725     97.275    538.325    114.375
  94      X      536.725    112.207    538.475    114.825
  95      X      538.325     55.925    583.025     57.725
  96      X      538.325     95.125    583.025     96.925
  97      X      538.475     75.625    540.875     77.225
  98      X      539.089     37.225    586.375     38.125
  99      X      539.089    114.725    586.375    115.625
 100      X      539.821     75.525    541.929     77.225
 101      X      539.821     75.625    541.929     77.325
 102      X      540.875     75.525    585.575     77.325
 103      X      581.971     55.925    584.079     57.625
 104      X      581.971     56.025    584.079     57.725
 105      X      581.971     95.125    584.079     96.825
 106      X      581.971     95.225    584.079     96.925
 107      X      583.025     56.025    585.425     57.625
 108      X      583.025     95.225    585.425     96.825
 109      X      585.425     52.615    586.375     57.785
 110      X      585.425     55.865    586.375     61.035
 111      X      585.425     91.815    586.375     96.985
 112      X      585.425     95.065    586.375    100.235
 113      X      585.575     37.225    586.375     56.208
 114      X      585.575     57.442    586.375     77.358
 115      X      585.575     75.492    586.375     95.408
 116      X      585.575     96.642    586.375    115.625

--------------------------------------------------------------------------------
Cell Name : fecg_ia_5_fc layout FECG

                   Cell Errors    Real Errors   Cell Placements     Environments
                            14             14                 1                1
--------------------------------------------------------------------------------
Env.  Env. Placements            X1           Y1          X2           Y2

  1        1               1125.450     2513.750    1215.350     2522.500

Shape               Environments Status & Error Marker 

          1           X1         Y1         X2         Y2

   1      X      745.550     56.750    746.450     57.650
   2      X      745.550     56.750    748.236     57.650
   3      X      745.550     56.850    749.050     57.650
   4      X      745.550     58.950    746.450     59.850
   5      X      745.550     58.950    748.236     59.850
   6      X      745.550     58.950    749.050     59.750
   7      X      748.250     56.850    749.050     59.750
   8      X      831.950     62.400    832.850     63.300
   9      X      831.950     62.400    834.636     63.300
  10      X      831.950     62.500    835.450     63.300
  11      X      831.950     64.600    832.850     65.500
  12      X      831.950     64.600    834.636     65.500
  13      X      831.950     64.600    835.450     65.400
  14      X      834.650     62.500    835.450     65.400

--------------------------------------------------------------------------------
Cell Name : fecg_cmfb2_fc layout FECG

                   Cell Errors    Real Errors   Cell Placements     Environments
                            30             30                 1                1
--------------------------------------------------------------------------------
Env.  Env. Placements            X1           Y1          X2           Y2

  1        1                641.675     2021.000    1009.900     2199.100

Shape               Environments Status & Error Marker 

          1           X1         Y1         X2         Y2

   1      X      211.175    144.250    212.075    191.536
   2      X      211.175    144.250    230.158    145.050
   3      X      211.792    192.300    231.708    193.100
   4      X      228.942    192.300    233.983    193.100
   5      X      229.875    145.814    230.775    192.300
   6      X      230.364    192.200    234.836    193.100
   7      X      231.217    192.300    236.208    193.100
   8      X      232.150    192.200    233.050    192.300
   9      X      233.442    192.300    253.358    193.100
  10      X      234.375    145.814    235.275    192.300
  11      X      234.992    144.250    254.908    145.050
  12      X      252.142    144.250    257.183    145.050
  13      X      253.075    145.050    253.975    191.536
  14      X      253.564    144.250    258.036    145.150
  15      X      254.417    144.250    259.408    145.050
  16      X      255.350    145.050    256.250    145.150
  17      X      256.642    144.250    427.525    145.050
  18      X      257.575    145.050    258.475    192.136
  19      X      474.417     15.600    522.233     16.400
  20      X      517.090    190.300    521.300    191.250
  21      X      519.467     15.600    528.133     16.400
  22      X      520.400     16.400    521.300    189.686
  23      X      520.500    186.067    521.300    191.250
  24      X      524.514     15.600    528.986     16.500
  25      X      525.367     15.600    533.733     16.400
  26      X      526.300     16.400    527.200     16.500
  27      X      530.940     15.600    536.110     16.550
  28      X      531.900     16.400    532.700     20.783
  29      X      531.900     17.164    532.800    191.250
  30      X      531.900    190.450    578.783    191.250

--------------------------------------------------------------------------------
Cell Name : fecg_cmfb2_f layout FECG

                   Cell Errors    Real Errors   Cell Placements     Environments
                            30             30                 1                1
--------------------------------------------------------------------------------
Env.  Env. Placements            X1           Y1          X2           Y2

  1        1               1634.175      295.900    2002.400      474.000

Shape               Environments Status & Error Marker 

          1           X1         Y1         X2         Y2

   1      X      211.175    144.250    212.075    191.536
   2      X      211.175    144.250    230.158    145.050
   3      X      211.792    192.300    231.708    193.100
   4      X      228.942    192.300    233.983    193.100
   5      X      229.875    145.814    230.775    192.300
   6      X      230.364    192.200    234.836    193.100
   7      X      231.217    192.300    236.208    193.100
   8      X      232.150    192.200    233.050    192.300
   9      X      233.442    192.300    253.358    193.100
  10      X      234.375    145.814    235.275    192.300
  11      X      234.992    144.250    254.908    145.050
  12      X      252.142    144.250    257.183    145.050
  13      X      253.075    145.050    253.975    191.536
  14      X      253.564    144.250    258.036    145.150
  15      X      254.417    144.250    259.408    145.050
  16      X      255.350    145.050    256.250    145.150
  17      X      256.642    144.250    427.525    145.050
  18      X      257.575    145.050    258.475    192.136
  19      X      474.417     15.600    522.233     16.400
  20      X      517.090    190.300    521.300    191.250
  21      X      519.467     15.600    528.133     16.400
  22      X      520.400     16.400    521.300    189.686
  23      X      520.500    186.067    521.300    191.250
  24      X      524.514     15.600    528.986     16.500
  25      X      525.367     15.600    533.733     16.400
  26      X      526.300     16.400    527.200     16.500
  27      X      530.940     15.600    536.110     16.550
  28      X      531.900     16.400    532.700     20.783
  29      X      531.900     17.164    532.800    191.250
  30      X      531.900    190.450    578.783    191.250

--------------------------------------------------------------------------------
Cell Name : fecg_bandgap3_layout layout FBIAS

                   Cell Errors    Real Errors   Cell Placements     Environments
                             7              7                 1                1
--------------------------------------------------------------------------------
Env.  Env. Placements            X1           Y1          X2           Y2

  1        1               1214.350     1656.900    1217.850     1660.000

Shape               Environments Status & Error Marker 

          1           X1         Y1         X2         Y2

   1      X       40.450    127.700     41.350    128.600
   2      X       40.450    127.700     43.136    128.600
   3      X       40.450    127.800     43.950    128.600
   4      X       40.450    129.900     41.350    130.800
   5      X       40.450    129.900     43.136    130.800
   6      X       40.450    129.900     43.950    130.700
   7      X       43.150    127.800     43.950    130.700

--------------------------------------------------------------------------------
Cell Name : fbias_vol_ref1_layout layout FBIAS

                   Cell Errors    Real Errors   Cell Placements     Environments
                           119            119                 1                1
--------------------------------------------------------------------------------
Env.  Env. Placements            X1           Y1          X2           Y2

  1        1               1924.650     1783.100    1986.450     1823.100

Shape               Environments Status & Error Marker 

          1           X1         Y1         X2         Y2

   1      X      280.350    159.050    281.250    166.836
   2      X      280.350    159.050    288.827    160.500
   3      X      280.350    163.217    281.150    170.083
   4      X      280.350    168.017    281.150    174.883
   5      X      280.350    171.264    281.250    179.386
   6      X      280.350    178.714    281.250    186.836
   7      X      280.350    183.217    281.150    190.083
   8      X      280.350    188.714    281.250    196.836
   9      X      280.350    193.217    281.150    199.050
  10      X      280.350    198.250    285.383    199.050
  11      X      281.150    168.250    283.550    169.850
  12      X      282.173    197.600    291.127    199.050
  13      X      285.617    159.050    291.683    159.850
  14      X      287.450    178.250    289.850    179.850
  15      X      289.750    162.178    291.550    165.922
  16      X      289.750    163.996    291.450    168.250
  17      X      289.750    169.850    291.450    174.104
  18      X      289.750    172.178    291.550    175.922
  19      X      289.750    182.178    291.550    185.922
  20      X      289.750    183.996    291.450    188.250
  21      X      289.750    191.996    291.450    194.104
  22      X      289.750    193.050    291.550    197.600
  23      X      289.850    159.850    291.550    164.104
  24      X      289.850    173.996    291.550    178.250
  25      X      289.850    179.850    291.550    184.104
  26      X      289.850    189.850    291.450    193.050
  27      X      289.850    191.996    291.550    194.104
  28      X      290.173    159.050    299.127    160.500
  29      X      290.173    197.600    299.127    199.050
  30      X      291.450    168.250    293.850    169.850
  31      X      291.450    188.250    293.850    189.850
  32      X      295.917    159.050    301.983    159.850
  33      X      295.917    198.250    301.983    199.050
  34      X      297.750    178.250    300.150    179.850
  35      X      299.917    159.050    305.983    159.850
  36      X      300.050    161.996    301.750    164.104
  37      X      300.050    163.050    301.850    167.600
  38      X      300.050    169.850    301.750    174.104
  39      X      300.050    172.178    301.850    175.922
  40      X      300.050    182.178    301.850    185.922
  41      X      300.050    183.996    301.750    188.250
  42      X      300.050    189.850    301.750    194.104
  43      X      300.050    192.178    301.850    195.922
  44      X      300.150    159.850    301.750    163.050
  45      X      300.150    161.996    301.850    164.104
  46      X      300.150    173.996    301.850    178.250
  47      X      300.150    179.850    301.850    184.104
  48      X      300.150    193.996    301.850    198.250
  49      X      300.473    197.600    309.427    199.050
  50      X      301.750    188.250    304.150    189.850
  51      X      302.773    159.050    311.727    160.500
  52      X      306.217    198.250    312.283    199.050
  53      X      308.050    178.250    310.450    179.850
  54      X      310.217    159.050    316.283    159.850
  55      X      310.217    198.250    316.283    199.050
  56      X      310.350    159.850    312.050    164.104
  57      X      310.350    162.178    312.150    165.922
  58      X      310.350    169.850    312.050    174.104
  59      X      310.350    172.178    312.150    175.922
  60      X      310.350    181.996    312.050    184.104
  61      X      310.350    183.050    312.150    187.600
  62      X      310.350    190.500    312.150    195.050
  63      X      310.350    193.996    312.050    196.104
  64      X      310.450    163.996    312.150    168.250
  65      X      310.450    173.996    312.150    178.250
  66      X      310.450    179.850    312.050    183.050
  67      X      310.450    181.996    312.150    184.104
  68      X      310.450    193.996    312.150    196.104
  69      X      310.450    195.050    312.050    198.250
  70      X      313.073    159.050    322.027    160.500
  71      X      313.073    197.600    322.027    199.050
  72      X      318.350    188.250    320.750    189.850
  73      X      320.517    159.050    326.583    159.850
  74      X      320.517    198.250    326.583    199.050
  75      X      320.650    159.850    322.350    164.104
  76      X      320.650    162.178    322.450    165.922
  77      X      320.650    170.500    322.450    175.050
  78      X      320.650    173.996    322.350    176.104
  79      X      320.650    179.850    322.350    184.104
  80      X      320.650    182.178    322.450    185.922
  81      X      320.650    192.178    322.450    195.922
  82      X      320.650    193.996    322.350    198.250
  83      X      320.750    163.996    322.450    168.250
  84      X      320.750    173.996    322.450    176.104
  85      X      320.750    175.050    322.350    178.250
  86      X      320.750    183.996    322.450    188.250
  87      X      320.750    189.850    322.450    194.104
  88      X      322.350    178.250    324.750    179.850
  89      X      323.373    159.050    332.327    160.500
  90      X      323.373    197.600    332.327    199.050
  91      X      328.650    168.250    331.050    169.850
  92      X      328.650    188.250    331.050    189.850
  93      X      330.817    159.050    336.883    159.850
  94      X      330.817    198.250    336.883    199.050
  95      X      330.950    159.850    332.650    164.104
  96      X      330.950    162.178    332.750    165.922
  97      X      330.950    172.178    332.750    175.922
  98      X      330.950    173.996    332.650    178.250
  99      X      330.950    179.850    332.650    184.104
 100      X      330.950    182.178    332.750    185.922
 101      X      330.950    192.178    332.750    195.922
 102      X      330.950    193.996    332.650    198.250
 103      X      331.050    163.996    332.750    168.250
 104      X      331.050    169.850    332.750    174.104
 105      X      331.050    183.996    332.750    188.250
 106      X      331.050    189.850    332.750    194.104
 107      X      332.650    178.250    335.050    179.850
 108      X      333.673    159.050    342.150    160.500
 109      X      333.673    197.600    342.150    199.050
 110      X      338.950    168.250    341.350    169.850
 111      X      338.950    188.250    341.350    189.850
 112      X      341.250    159.050    342.150    166.836
 113      X      341.250    171.264    342.150    179.386
 114      X      341.250    178.714    342.150    186.836
 115      X      341.250    191.264    342.150    199.050
 116      X      341.350    163.217    342.150    170.083
 117      X      341.350    168.017    342.150    174.883
 118      X      341.350    183.217    342.150    190.083
 119      X      341.350    188.017    342.150    194.883

--------------------------------------------------------------------------------
Cell Name : fbias_por2_fc layout FBIAS

                   Cell Errors    Real Errors   Cell Placements     Environments
                           363            363                 1                1
--------------------------------------------------------------------------------
Env.  Env. Placements            X1           Y1          X2           Y2

  1        1                886.250     1748.100     918.200     1891.650

Shape               Environments Status & Error Marker 

          1           X1         Y1         X2         Y2

   1      X       82.550     47.450     83.350     52.483
   2      X       82.550     47.450     88.383     48.250
   3      X       82.550     49.273     84.000    103.977
   4      X       82.550    100.767     83.350    106.833
   5      X       82.550    103.967     83.350    111.233
   6      X       82.550    108.367     83.350    114.433
   7      X       82.550    111.223     84.000    191.000
   8      X       82.550    190.100    112.286    191.000
   9      X       83.350    105.000     88.383    105.800
  10      X       83.350    109.400     88.383    110.200
  11      X       84.100     49.000     85.800     49.900
  12      X       84.100     49.000     87.586     49.900
  13      X       84.100     49.100    112.650     49.900
  14      X       84.100    103.350     85.800    104.250
  15      X       84.100    103.350     87.586    104.250
  16      X       84.100    103.350    112.650    104.150
  17      X       84.100    110.950     85.800    111.850
  18      X       84.100    110.950     87.586    111.850
  19      X       84.100    111.050    112.300    111.850
  20      X       84.750     49.000     85.800     50.802
  21      X       84.750     50.650     85.550     53.000
  22      X       84.750     50.650    112.650     51.450
  23      X       84.750     51.917     85.550     54.033
  24      X       84.750     52.200    112.650     53.000
  25      X       84.750     52.717     85.550     54.833
  26      X       84.750     53.750     85.550     56.100
  27      X       84.750     53.750    112.650     54.550
  28      X       84.750     55.017     85.550     57.133
  29      X       84.750     55.300    112.650     56.100
  30      X       84.750     55.817     85.550     57.933
  31      X       84.750     56.850     85.550     59.200
  32      X       84.750     56.850    112.650     57.650
  33      X       84.750     58.117     85.550     60.233
  34      X       84.750     58.400    112.650     59.200
  35      X       84.750     58.917     85.550     61.033
  36      X       84.750     59.950     85.550     62.300
  37      X       84.750     59.950    112.650     60.750
  38      X       84.750     61.217     85.550     63.333
  39      X       84.750     61.500    112.650     62.300
  40      X       84.750     62.017     85.550     64.133
  41      X       84.750     63.050     85.550     65.400
  42      X       84.750     63.050    112.650     63.850
  43      X       84.750     64.317     85.550     66.433
  44      X       84.750     64.600    112.650     65.400
  45      X       84.750     65.117     85.550     67.233
  46      X       84.750     66.150     85.550     68.500
  47      X       84.750     66.150    112.650     66.950
  48      X       84.750     67.417     85.550     69.533
  49      X       84.750     67.700    112.650     68.500
  50      X       84.750     68.217     85.550     70.333
  51      X       84.750     69.250     85.550     71.600
  52      X       84.750     69.250    112.650     70.050
  53      X       84.750     70.517     85.550     72.633
  54      X       84.750     70.800    112.650     71.600
  55      X       84.750     71.317     85.550     73.433
  56      X       84.750     72.350     85.550     74.700
  57      X       84.750     72.350    112.650     73.150
  58      X       84.750     73.617     85.550     75.733
  59      X       84.750     73.900    112.650     74.700
  60      X       84.750     74.417     85.550     76.533
  61      X       84.750     75.450     85.550     77.800
  62      X       84.750     75.450    112.650     76.250
  63      X       84.750     76.717     85.550     78.833
  64      X       84.750     77.000    112.650     77.800
  65      X       84.750     77.517     85.550     79.633
  66      X       84.750     78.550     85.550     80.900
  67      X       84.750     78.550    112.650     79.350
  68      X       84.750     79.817     85.550     81.933
  69      X       84.750     80.100    112.650     80.900
  70      X       84.750     80.617     85.550     82.733
  71      X       84.750     81.650     85.550     84.000
  72      X       84.750     81.650    112.650     82.450
  73      X       84.750     82.917     85.550     85.033
  74      X       84.750     83.200    112.650     84.000
  75      X       84.750     83.717     85.550     85.833
  76      X       84.750     84.750     85.550     87.100
  77      X       84.750     84.750    112.650     85.550
  78      X       84.750     86.017     85.550     88.133
  79      X       84.750     86.300    112.650     87.100
  80      X       84.750     86.817     85.550     88.933
  81      X       84.750     87.850     85.550     90.200
  82      X       84.750     87.850    112.650     88.650
  83      X       84.750     89.117     85.550     91.233
  84      X       84.750     89.400    112.650     90.200
  85      X       84.750     89.917     85.550     92.033
  86      X       84.750     90.950     85.550     93.300
  87      X       84.750     90.950    112.650     91.750
  88      X       84.750     92.217     85.550     94.333
  89      X       84.750     92.500    112.650     93.300
  90      X       84.750     93.017     85.550     95.133
  91      X       84.750     94.050     85.550     96.400
  92      X       84.750     94.050    112.650     94.850
  93      X       84.750     95.317     85.550     97.433
  94      X       84.750     95.600    112.650     96.400
  95      X       84.750     96.117     85.550     98.233
  96      X       84.750     97.150     85.550     99.500
  97      X       84.750     97.150    112.650     97.950
  98      X       84.750     98.417     85.550    100.533
  99      X       84.750     98.700    112.650     99.500
 100      X       84.750     99.217     85.550    101.333
 101      X       84.750    100.250     85.550    102.600
 102      X       84.750    100.250    112.650    101.050
 103      X       84.750    101.800    112.650    102.600
 104      X       84.750    102.448     85.800    104.250
 105      X       84.750    110.950     85.800    112.752
 106      X       84.750    112.600     85.550    114.950
 107      X       84.750    112.600    112.300    113.400
 108      X       84.750    113.867     85.550    115.983
 109      X       84.750    114.150    112.300    114.950
 110      X       84.750    114.667     85.550    116.783
 111      X       84.750    115.700     85.550    118.050
 112      X       84.750    115.700    112.300    116.500
 113      X       84.750    116.967     85.550    119.083
 114      X       84.750    117.250    112.300    118.050
 115      X       84.750    117.767     85.550    119.883
 116      X       84.750    118.800     85.550    121.150
 117      X       84.750    118.800    112.300    119.600
 118      X       84.750    120.067     85.550    122.183
 119      X       84.750    120.350    112.300    121.150
 120      X       84.750    120.867     85.550    122.983
 121      X       84.750    121.900     85.550    124.250
 122      X       84.750    121.900    112.300    122.700
 123      X       84.750    123.167     85.550    125.283
 124      X       84.750    123.450    112.300    124.250
 125      X       84.750    123.967     85.550    126.083
 126      X       84.750    125.000     85.550    127.350
 127      X       84.750    125.000    112.300    125.800
 128      X       84.750    126.267     85.550    128.383
 129      X       84.750    126.550    112.300    127.350
 130      X       84.750    127.067     85.550    129.183
 131      X       84.750    128.100     85.550    130.450
 132      X       84.750    128.100    112.300    128.900
 133      X       84.750    129.367     85.550    131.483
 134      X       84.750    129.650    112.300    130.450
 135      X       84.750    130.167     85.550    132.283
 136      X       84.750    131.200     85.550    133.550
 137      X       84.750    131.200    112.300    132.000
 138      X       84.750    132.467     85.550    134.583
 139      X       84.750    132.750    112.300    133.550
 140      X       84.750    133.267     85.550    135.383
 141      X       84.750    134.300     85.550    136.650
 142      X       84.750    134.300    112.300    135.100
 143      X       84.750    135.567     85.550    137.683
 144      X       84.750    135.850    112.300    136.650
 145      X       84.750    136.367     85.550    138.483
 146      X       84.750    137.400     85.550    139.750
 147      X       84.750    137.400    112.300    138.200
 148      X       84.750    138.667     85.550    140.783
 149      X       84.750    138.950    112.300    139.750
 150      X       84.750    139.467     85.550    141.583
 151      X       84.750    140.500     85.550    142.850
 152      X       84.750    140.500    112.300    141.300
 153      X       84.750    141.767     85.550    143.883
 154      X       84.750    142.050    112.300    142.850
 155      X       84.750    142.567     85.550    144.683
 156      X       84.750    143.600     85.550    145.950
 157      X       84.750    143.600    112.300    144.400
 158      X       84.750    144.867     85.550    146.983
 159      X       84.750    145.150    112.300    145.950
 160      X       84.750    145.667     85.550    147.783
 161      X       84.750    146.700     85.550    149.050
 162      X       84.750    146.700    112.300    147.500
 163      X       84.750    147.967     85.550    150.083
 164      X       84.750    148.250    112.300    149.050
 165      X       84.750    148.767     85.550    150.883
 166      X       84.750    149.800     85.550    152.150
 167      X       84.750    149.800    112.300    150.600
 168      X       84.750    151.067     85.550    153.183
 169      X       84.750    151.350    112.300    152.150
 170      X       84.750    151.867     85.550    153.983
 171      X       84.750    152.900     85.550    155.250
 172      X       84.750    152.900    112.300    153.700
 173      X       84.750    154.167     85.550    156.283
 174      X       84.750    154.450    112.300    155.250
 175      X       84.750    154.967     85.550    157.083
 176      X       84.750    156.000     85.550    158.350
 177      X       84.750    156.000    112.300    156.800
 178      X       84.750    157.267     85.550    159.383
 179      X       84.750    157.550    112.300    158.350
 180      X       84.750    158.067     85.550    160.183
 181      X       84.750    159.100     85.550    161.450
 182      X       84.750    159.100    112.300    159.900
 183      X       84.750    160.367     85.550    162.483
 184      X       84.750    160.650    112.300    161.450
 185      X       84.750    161.167     85.550    163.283
 186      X       84.750    162.200     85.550    164.550
 187      X       84.750    162.200    112.300    163.000
 188      X       84.750    163.467     85.550    165.583
 189      X       84.750    163.750    112.300    164.550
 190      X       84.750    164.267     85.550    166.383
 191      X       84.750    165.300     85.550    167.650
 192      X       84.750    165.300    112.300    166.100
 193      X       84.750    166.567     85.550    168.683
 194      X       84.750    166.850    112.300    167.650
 195      X       84.750    167.367     85.550    169.483
 196      X       84.750    168.400     85.550    170.750
 197      X       84.750    168.400    112.300    169.200
 198      X       84.750    169.667     85.550    171.783
 199      X       84.750    169.950    112.300    170.750
 200      X       84.750    170.467     85.550    172.583
 201      X       84.750    171.500     85.550    173.850
 202      X       84.750    171.500    112.300    172.300
 203      X       84.750    172.767     85.550    174.883
 204      X       84.750    173.050    112.300    173.850
 205      X       84.750    173.567     85.550    175.683
 206      X       84.750    174.600     85.550    176.950
 207      X       84.750    174.600    112.300    175.400
 208      X       84.750    175.867     85.550    177.983
 209      X       84.750    176.150    112.300    176.950
 210      X       84.750    176.667     85.550    178.783
 211      X       84.750    177.700     85.550    180.050
 212      X       84.750    177.700    112.300    178.500
 213      X       84.750    178.967     85.550    181.083
 214      X       84.750    179.250    112.300    180.050
 215      X       84.750    179.767     85.550    181.883
 216      X       84.750    180.800     85.550    183.150
 217      X       84.750    180.800    112.300    181.600
 218      X       84.750    182.067     85.550    184.183
 219      X       84.750    182.350    112.300    183.150
 220      X       84.750    182.867     85.550    184.983
 221      X       84.750    183.900     85.550    186.250
 222      X       84.750    183.900    112.300    184.700
 223      X       84.750    185.167     85.550    187.283
 224      X       84.750    185.450    112.300    186.250
 225      X       84.750    185.967     85.550    188.083
 226      X       84.750    187.000     85.550    189.350
 227      X       84.750    187.000    112.300    187.800
 228      X       84.750    188.550    112.950    189.350
 229      X       84.764     47.450    114.200     48.350
 230      X       84.764    104.900    114.200    105.800
 231      X       84.764    109.400    114.500    110.300
 232      X      108.667    190.200    114.500    191.000
 233      X      109.464    188.550    112.950    189.450
 234      X      111.250    187.648    112.300    189.450
 235      X      111.250    188.550    112.950    189.450
 236      X      111.500    111.050    112.300    113.400
 237      X      111.500    112.317    112.300    114.433
 238      X      111.500    113.117    112.300    115.233
 239      X      111.500    114.150    112.300    116.500
 240      X      111.500    115.417    112.300    117.533
 241      X      111.500    116.217    112.300    118.333
 242      X      111.500    117.250    112.300    119.600
 243      X      111.500    118.517    112.300    120.633
 244      X      111.500    119.317    112.300    121.433
 245      X      111.500    120.350    112.300    122.700
 246      X      111.500    121.617    112.300    123.733
 247      X      111.500    122.417    112.300    124.533
 248      X      111.500    123.450    112.300    125.800
 249      X      111.500    124.717    112.300    126.833
 250      X      111.500    125.517    112.300    127.633
 251      X      111.500    126.550    112.300    128.900
 252      X      111.500    127.817    112.300    129.933
 253      X      111.500    128.617    112.300    130.733
 254      X      111.500    129.650    112.300    132.000
 255      X      111.500    130.917    112.300    133.033
 256      X      111.500    131.717    112.300    133.833
 257      X      111.500    132.750    112.300    135.100
 258      X      111.500    134.017    112.300    136.133
 259      X      111.500    134.817    112.300    136.933
 260      X      111.500    135.850    112.300    138.200
 261      X      111.500    137.117    112.300    139.233
 262      X      111.500    137.917    112.300    140.033
 263      X      111.500    138.950    112.300    141.300
 264      X      111.500    140.217    112.300    142.333
 265      X      111.500    141.017    112.300    143.133
 266      X      111.500    142.050    112.300    144.400
 267      X      111.500    143.317    112.300    145.433
 268      X      111.500    144.117    112.300    146.233
 269      X      111.500    145.150    112.300    147.500
 270      X      111.500    146.417    112.300    148.533
 271      X      111.500    147.217    112.300    149.333
 272      X      111.500    148.250    112.300    150.600
 273      X      111.500    149.517    112.300    151.633
 274      X      111.500    150.317    112.300    152.433
 275      X      111.500    151.350    112.300    153.700
 276      X      111.500    152.617    112.300    154.733
 277      X      111.500    153.417    112.300    155.533
 278      X      111.500    154.450    112.300    156.800
 279      X      111.500    155.717    112.300    157.833
 280      X      111.500    156.517    112.300    158.633
 281      X      111.500    157.550    112.300    159.900
 282      X      111.500    158.817    112.300    160.933
 283      X      111.500    159.617    112.300    161.733
 284      X      111.500    160.650    112.300    163.000
 285      X      111.500    161.917    112.300    164.033
 286      X      111.500    162.717    112.300    164.833
 287      X      111.500    163.750    112.300    166.100
 288      X      111.500    165.017    112.300    167.133
 289      X      111.500    165.817    112.300    167.933
 290      X      111.500    166.850    112.300    169.200
 291      X      111.500    168.117    112.300    170.233
 292      X      111.500    168.917    112.300    171.033
 293      X      111.500    169.950    112.300    172.300
 294      X      111.500    171.217    112.300    173.333
 295      X      111.500    172.017    112.300    174.133
 296      X      111.500    173.050    112.300    175.400
 297      X      111.500    174.317    112.300    176.433
 298      X      111.500    175.117    112.300    177.233
 299      X      111.500    176.150    112.300    178.500
 300      X      111.500    177.417    112.300    179.533
 301      X      111.500    178.217    112.300    180.333
 302      X      111.500    179.250    112.300    181.600
 303      X      111.500    180.517    112.300    182.633
 304      X      111.500    181.317    112.300    183.433
 305      X      111.500    182.350    112.300    184.700
 306      X      111.500    183.617    112.300    185.733
 307      X      111.500    184.417    112.300    186.533
 308      X      111.500    185.450    112.300    187.800
 309      X      111.850     49.100    112.650     51.450
 310      X      111.850     50.367    112.650     52.483
 311      X      111.850     51.167    112.650     53.283
 312      X      111.850     52.200    112.650     54.550
 313      X      111.850     53.467    112.650     55.583
 314      X      111.850     54.267    112.650     56.383
 315      X      111.850     55.300    112.650     57.650
 316      X      111.850     56.567    112.650     58.683
 317      X      111.850     57.367    112.650     59.483
 318      X      111.850     58.400    112.650     60.750
 319      X      111.850     59.667    112.650     61.783
 320      X      111.850     60.467    112.650     62.583
 321      X      111.850     61.500    112.650     63.850
 322      X      111.850     62.767    112.650     64.883
 323      X      111.850     63.567    112.650     65.683
 324      X      111.850     64.600    112.650     66.950
 325      X      111.850     65.867    112.650     67.983
 326      X      111.850     66.667    112.650     68.783
 327      X      111.850     67.700    112.650     70.050
 328      X      111.850     68.967    112.650     71.083
 329      X      111.850     69.767    112.650     71.883
 330      X      111.850     70.800    112.650     73.150
 331      X      111.850     72.067    112.650     74.183
 332      X      111.850     72.867    112.650     74.983
 333      X      111.850     73.900    112.650     76.250
 334      X      111.850     75.167    112.650     77.283
 335      X      111.850     75.967    112.650     78.083
 336      X      111.850     77.000    112.650     79.350
 337      X      111.850     78.267    112.650     80.383
 338      X      111.850     79.067    112.650     81.183
 339      X      111.850     80.100    112.650     82.450
 340      X      111.850     81.367    112.650     83.483
 341      X      111.850     82.167    112.650     84.283
 342      X      111.850     83.200    112.650     85.550
 343      X      111.850     84.467    112.650     86.583
 344      X      111.850     85.267    112.650     87.383
 345      X      111.850     86.300    112.650     88.650
 346      X      111.850     87.567    112.650     89.683
 347      X      111.850     88.367    112.650     90.483
 348      X      111.850     89.400    112.650     91.750
 349      X      111.850     90.667    112.650     92.783
 350      X      111.850     91.467    112.650     93.583
 351      X      111.850     92.500    112.650     94.850
 352      X      111.850     93.767    112.650     95.883
 353      X      111.850     94.567    112.650     96.683
 354      X      111.850     95.600    112.650     97.950
 355      X      111.850     96.867    112.650     98.983
 356      X      111.850     97.667    112.650     99.783
 357      X      111.850     98.700    112.650    101.050
 358      X      111.850     99.967    112.650    102.083
 359      X      111.850    100.767    112.650    102.883
 360      X      111.850    101.800    112.650    104.150
 361      X      113.050    109.400    114.500    189.177
 362      X      113.400     47.450    114.200    105.800
 363      X      113.700    185.967    114.500    191.000

--------------------------------------------------------------------------------
Cell Name : fbias_cur_ref2_layout layout FBIAS

                   Cell Errors    Real Errors   Cell Placements     Environments
                            43             43                 1                1
--------------------------------------------------------------------------------
Env.  Env. Placements            X1           Y1          X2           Y2

  1        1               1692.150     1761.525    1708.650     1765.875

Shape               Environments Status & Error Marker 

          1           X1         Y1         X2         Y2

   1      X       75.350    122.525     76.250    124.225
   2      X       75.350    122.525     76.250    125.425
   3      X       75.350    123.175     77.152    124.225
   4      X       75.450    122.525     76.250    126.225
   5      X       75.450    125.425     77.800    126.225
   6      X       76.717    125.425     78.833    126.225
   7      X       77.000    123.175     77.800    126.225
   8      X       77.000    123.175     79.350    123.975
   9      X       77.517    125.425     79.633    126.225
  10      X       78.267    123.175     80.383    123.975
  11      X       78.550    123.175     79.350    126.225
  12      X       78.550    125.425     80.900    126.225
  13      X       79.067    123.175     81.183    123.975
  14      X       79.817    125.425     81.933    126.225
  15      X       80.100    123.175     80.900    126.225
  16      X       80.100    123.175     82.450    123.975
  17      X       80.617    125.425     82.733    126.225
  18      X       81.367    123.175     83.483    123.975
  19      X       81.650    123.175     82.450    126.225
  20      X       81.650    125.425     84.000    126.225
  21      X       82.167    123.175     84.283    123.975
  22      X       82.917    125.425     85.033    126.225
  23      X       83.200    123.175     84.000    126.225
  24      X       83.200    123.175     85.550    123.975
  25      X       83.717    125.425     85.833    126.225
  26      X       84.467    123.175     86.583    123.975
  27      X       84.750    123.175     85.550    126.225
  28      X       84.750    125.425     87.100    126.225
  29      X       85.267    123.175     87.383    123.975
  30      X       86.017    125.425     88.133    126.225
  31      X       86.300    123.175     87.100    126.225
  32      X       86.300    123.175     88.650    123.975
  33      X       86.817    125.425     88.933    126.225
  34      X       87.567    123.175     89.683    123.975
  35      X       87.850    123.175     88.650    126.225
  36      X       87.850    125.425     90.200    126.225
  37      X       88.367    123.175     90.483    123.975
  38      X       89.400    123.175     90.200    126.225
  39      X       89.400    123.175     91.750    123.975
  40      X       90.048    125.175     91.850    126.225
  41      X       90.950    123.175     91.750    126.875
  42      X       90.950    123.975     91.850    126.875
  43      X       90.950    125.175     91.850    126.875

--------------------------------------------------------------------------------
Cell Name : buffer2_f_3c layout FECG

                   Cell Errors    Real Errors   Cell Placements     Environments
                             9              9                 1                1
--------------------------------------------------------------------------------
Env.  Env. Placements            X1           Y1          X2           Y2

  1        1               2165.400     2287.825    2212.400     2368.125

Shape               Environments Status & Error Marker 

          1           X1         Y1         X2         Y2

   1      X      176.467     97.300    198.550     98.100
   2      X      194.340     17.800    199.510     18.750
   3      X      196.717     17.800    201.983     18.600
   4      X      197.650     19.364    198.550     98.100
   5      X      197.750     18.600    198.550     22.983
   6      X      199.217     17.800    222.233     18.600
   7      X      200.150     18.600    201.050     96.536
   8      X      200.150     92.917    200.950     98.100
   9      X      200.150     97.150    204.360     98.100

--------------------------------------------------------------------------------
Cell Name : VGA_1 layout YAOWEN

                   Cell Errors    Real Errors   Cell Placements     Environments
                           150            150                 1                1
--------------------------------------------------------------------------------
Env.  Env. Placements            X1           Y1          X2           Y2

  1        1               1908.750      867.050    2104.150      980.050

Shape               Environments Status & Error Marker 

          1           X1         Y1         X2         Y2

   1      X      423.250     15.400    424.200     19.610
   2      X      423.250     15.400    428.433     16.200
   3      X      423.250     16.017    424.050     35.933
   4      X      423.250     34.067    424.050     53.983
   5      X      423.250     50.390    424.200     55.560
   6      X      423.250     53.640    424.200     58.810
   7      X      423.250     55.217    424.050     75.133
   8      X      423.250     73.267    424.050     93.183
   9      X      423.250     89.590    424.200     93.800
  10      X      423.250     93.000    428.433     93.800
  11      X      424.050     34.100    468.750     35.900
  12      X      424.050     73.300    468.750     75.100
  13      X      424.200     53.800    426.600     55.400
  14      X      424.814     15.400    473.086     16.300
  15      X      424.814     92.900    473.086     93.800
  16      X      425.546     53.700    427.654     55.400
  17      X      425.546     53.800    427.654     55.500
  18      X      426.600     53.700    471.300     55.500
  19      X      467.696     34.100    469.804     35.800
  20      X      467.696     34.200    469.804     35.900
  21      X      467.696     73.300    469.804     75.000
  22      X      467.696     73.400    469.804     75.100
  23      X      468.750     34.200    471.150     35.800
  24      X      468.750     73.400    471.150     75.000
  25      X      471.150     31.582    472.900     34.200
  26      X      471.150     35.800    472.900     38.418
  27      X      471.150     70.782    472.900     73.400
  28      X      471.150     75.000    472.900     77.618
  29      X      471.217     15.400    477.283     16.200
  30      X      471.217     93.000    477.283     93.800
  31      X      471.300     16.200    473.050     18.818
  32      X      471.300     16.650    472.900     33.750
  33      X      471.300     36.250    472.900     53.350
  34      X      471.300     51.182    473.050     53.800
  35      X      471.300     55.400    473.050     58.018
  36      X      471.300     55.850    472.900     72.950
  37      X      471.300     75.450    472.900     92.550
  38      X      471.300     90.382    473.050     93.000
  39      X      472.900     34.100    517.600     35.900
  40      X      472.900     73.300    517.600     75.100
  41      X      473.050     53.800    475.450     55.400
  42      X      473.664     15.400    521.936     16.300
  43      X      473.664     92.900    521.936     93.800
  44      X      474.396     53.700    476.504     55.400
  45      X      474.396     53.800    476.504     55.500
  46      X      475.450     53.700    520.150     55.500
  47      X      516.546     34.100    518.654     35.800
  48      X      516.546     34.200    518.654     35.900
  49      X      516.546     73.300    518.654     75.000
  50      X      516.546     73.400    518.654     75.100
  51      X      517.600     34.200    520.000     35.800
  52      X      517.600     73.400    520.000     75.000
  53      X      520.000     31.582    521.750     34.200
  54      X      520.000     35.800    521.750     38.418
  55      X      520.000     70.782    521.750     73.400
  56      X      520.000     75.000    521.750     77.618
  57      X      520.067     15.400    526.133     16.200
  58      X      520.067     93.000    526.133     93.800
  59      X      520.150     16.200    521.900     18.818
  60      X      520.150     16.650    521.750     33.750
  61      X      520.150     36.250    521.750     53.350
  62      X      520.150     51.182    521.900     53.800
  63      X      520.150     55.400    521.900     58.018
  64      X      520.150     55.850    521.750     72.950
  65      X      520.150     75.450    521.750     92.550
  66      X      520.150     90.382    521.900     93.000
  67      X      521.750     34.100    566.450     35.900
  68      X      521.750     73.300    566.450     75.100
  69      X      521.900     53.800    524.300     55.400
  70      X      522.514     15.400    570.786     16.300
  71      X      522.514     92.900    570.786     93.800
  72      X      523.246     53.700    525.354     55.400
  73      X      523.246     53.800    525.354     55.500
  74      X      524.300     53.700    569.000     55.500
  75      X      560.450    106.250    561.350    107.150
  76      X      560.450    106.250    562.850    107.150
  77      X      560.450    106.350    563.200    107.150
  78      X      560.450    108.450    561.350    109.350
  79      X      560.450    108.450    562.850    109.350
  80      X      560.450    108.450    563.200    109.250
  81      X      561.367    106.350    564.000    107.150
  82      X      561.367    108.450    564.000    109.250
  83      X      562.050    106.350    563.250    107.550
  84      X      562.050    108.050    563.250    109.250
  85      X      562.850    106.350    564.050    107.550
  86      X      562.850    107.150    564.050    108.350
  87      X      562.850    107.250    564.050    108.450
  88      X      562.850    108.050    564.050    109.250
  89      X      563.250    106.400    564.050    108.050
  90      X      563.250    107.200    564.050    108.400
  91      X      563.250    107.550    564.050    109.200
  92      X      565.396     34.100    567.504     35.800
  93      X      565.396     34.200    567.504     35.900
  94      X      565.396     73.300    567.504     75.000
  95      X      565.396     73.400    567.504     75.100
  96      X      566.450     34.200    568.850     35.800
  97      X      566.450     73.400    568.850     75.000
  98      X      568.850     31.582    570.600     34.200
  99      X      568.850     35.800    570.600     38.418
 100      X      568.850     70.782    570.600     73.400
 101      X      568.850     75.000    570.600     77.618
 102      X      568.917     15.400    574.983     16.200
 103      X      568.917     93.000    574.983     93.800
 104      X      569.000     16.200    570.750     18.818
 105      X      569.000     16.650    570.600     33.750
 106      X      569.000     36.250    570.600     53.350
 107      X      569.000     51.182    570.750     53.800
 108      X      569.000     55.400    570.750     58.018
 109      X      569.000     55.850    570.600     72.950
 110      X      569.000     75.450    570.600     92.550
 111      X      569.000     90.382    570.750     93.000
 112      X      570.600     34.100    615.300     35.900
 113      X      570.600     73.300    615.300     75.100
 114      X      570.750     53.800    573.150     55.400
 115      X      571.364     15.400    618.650     16.300
 116      X      571.364     92.900    618.650     93.800
 117      X      572.096     53.700    574.204     55.400
 118      X      572.096     53.800    574.204     55.500
 119      X      573.150     53.700    617.850     55.500
 120      X      586.050    125.300    586.950    126.200
 121      X      586.050    125.300    588.450    126.200
 122      X      586.050    125.400    588.800    126.200
 123      X      586.050    127.500    586.950    128.400
 124      X      586.050    127.500    588.450    128.400
 125      X      586.050    127.500    588.800    128.300
 126      X      586.967    125.400    589.600    126.200
 127      X      586.967    127.500    589.600    128.300
 128      X      587.650    125.400    588.850    126.600
 129      X      587.650    127.100    588.850    128.300
 130      X      588.450    125.400    589.650    126.600
 131      X      588.450    126.200    589.650    127.400
 132      X      588.450    126.300    589.650    127.500
 133      X      588.450    127.100    589.650    128.300
 134      X      588.850    125.450    589.650    127.100
 135      X      588.850    126.250    589.650    127.450
 136      X      588.850    126.600    589.650    128.250
 137      X      614.246     34.100    616.354     35.800
 138      X      614.246     34.200    616.354     35.900
 139      X      614.246     73.300    616.354     75.000
 140      X      614.246     73.400    616.354     75.100
 141      X      615.300     34.200    617.700     35.800
 142      X      615.300     73.400    617.700     75.000
 143      X      617.700     30.790    618.650     35.960
 144      X      617.700     34.040    618.650     39.210
 145      X      617.700     69.990    618.650     75.160
 146      X      617.700     73.240    618.650     78.410
 147      X      617.850     15.400    618.650     34.383
 148      X      617.850     35.617    618.650     55.533
 149      X      617.850     53.667    618.650     73.583
 150      X      617.850     74.817    618.650     93.800

--------------------------------------------------------------------------------
Cell Name : BUFFER layout YAOWEN

                   Cell Errors    Real Errors   Cell Placements     Environments
                            59             59                 1                1
--------------------------------------------------------------------------------
Env.  Env. Placements            X1           Y1          X2           Y2

  1        1               2061.525      343.825    2202.075      385.025

Shape               Environments Status & Error Marker 

          1           X1         Y1         X2         Y2

   1      X       24.025     87.100     24.825     92.133
   2      X       24.025     87.100     29.858     87.900
   3      X       24.025     88.923     25.475     97.877
   4      X       24.025     96.923     25.475    105.877
   5      X       24.025    102.667     24.825    108.733
   6      X       24.025    106.667     24.825    112.733
   7      X       24.025    109.523     25.475    118.477
   8      X       24.025    117.523     25.475    126.477
   9      X       24.025    123.267     24.825    128.300
  10      X       24.025    127.500     29.858    128.300
  11      X       24.825    106.900     28.025    108.500
  12      X       25.475     96.500     75.025     98.300
  13      X       25.475    117.100     75.025    118.900
  14      X       26.239     87.100     79.361     88.000
  15      X       26.239    127.400     79.361    128.300
  16      X       26.971    106.800     29.079    108.500
  17      X       26.971    106.900     29.079    108.600
  18      X       28.025    106.800     77.575    108.600
  19      X       73.971     96.500     76.079     98.200
  20      X       73.971     96.600     76.079     98.300
  21      X       73.971    117.100     76.079    118.800
  22      X       73.971    117.200     76.079    118.900
  23      X       75.025     96.600     78.225     98.200
  24      X       75.025    117.200     78.225    118.800
  25      X       78.225     94.200     79.825     96.600
  26      X       78.225     98.200     79.825    100.600
  27      X       78.225    114.800     79.825    117.200
  28      X       78.225    118.800     79.825    121.200
  29      X       78.689     87.100    131.811     88.000
  30      X       78.689    127.400    131.811    128.300
  31      X       79.825     96.600     83.025     98.200
  32      X       79.825    117.200     83.025    118.800
  33      X       80.475    106.800    130.025    108.600
  34      X       81.971     96.500     84.079     98.200
  35      X       81.971     96.600     84.079     98.300
  36      X       81.971    117.100     84.079    118.800
  37      X       81.971    117.200     84.079    118.900
  38      X       83.025     96.500    132.575     98.300
  39      X       83.025    117.100    132.575    118.900
  40      X      128.192     87.100    134.025     87.900
  41      X      128.192    127.500    134.025    128.300
  42      X      128.971    106.800    131.079    108.500
  43      X      128.971    106.900    131.079    108.600
  44      X      130.025    106.900    133.225    108.500
  45      X      132.575     88.923    134.025     97.877
  46      X      132.575     96.923    134.025    105.877
  47      X      132.575    109.523    134.025    118.477
  48      X      132.575    117.523    134.025    126.477
  49      X      133.225     87.100    134.025     92.133
  50      X      133.225    102.667    134.025    108.733
  51      X      133.225    106.667    134.025    112.733
  52      X      133.225    123.267    134.025    128.300
  53      X      154.625    117.850    155.825    126.550
  54      X      154.625    117.850    164.575    119.050
  55      X      154.625    125.350    164.575    126.550
  56      X      157.125    120.350    162.075    121.550
  57      X      157.125    122.850    162.075    124.050
  58      X      160.875    120.350    162.075    124.050
  59      X      163.375    117.850    164.575    126.550

================================================================================
Rule No. 679 : AMW0 Maximum METx width = 35 metal3

Real Error Count : 8; Flat Error Count : 8
================================================================================

--------------------------------------------------------------------------------
Cell Name : topsy layout VT26_TOP

                   Cell Errors    Real Errors   Cell Placements     Environments
                             8              8                 1                1
--------------------------------------------------------------------------------
Env.  Env. Placements            X1           Y1          X2           Y2

  1        1                105.350      -44.650    3045.450     3044.450

Shape               Environments Status & Error Marker 

          1           X1         Y1         X2         Y2

   1      X      105.350    230.400    180.050    269.400
   2      X      182.950    215.750    257.650    269.400
   3      X     2780.400    -44.650   2820.400     30.050
   4      X     2780.400     32.950   2820.400    107.650
   5      X     2780.400   2892.150   2820.400   2966.850
   6      X     2780.400   2969.750   2820.400   3044.450
   7      X     2893.150    180.400   2967.850    224.400
   8      X     2970.750    180.400   3045.450    224.400

================================================================================
Rule No. 680 : AMW0 Maximum METx width = 35 metal4

Real Error Count : 8; Flat Error Count : 8
================================================================================

--------------------------------------------------------------------------------
Cell Name : topsy layout VT26_TOP

                   Cell Errors    Real Errors   Cell Placements     Environments
                             8              8                 1                1
--------------------------------------------------------------------------------
Env.  Env. Placements            X1           Y1          X2           Y2

  1        1                106.250      -43.750    3044.550     3043.550

Shape               Environments Status & Error Marker 

          1           X1         Y1         X2         Y2

   1      X      106.250    231.300    179.150    269.400
   2      X      183.850    232.300    256.750    269.400
   3      X     2780.400    -43.750   2820.400     29.150
   4      X     2780.400     33.850   2820.400    106.750
   5      X     2780.400   2893.050   2820.650   2965.950
   6      X     2780.400   2970.650   2820.400   3043.550
   7      X     2894.050    180.150   2966.950    219.400
   8      X     2971.650    180.400   3044.550    219.400

================================================================================
Rule No. 681 : AMW1 Fixed slot width = 3 metal1

Real Error Count : 14; Flat Error Count : 14
================================================================================

--------------------------------------------------------------------------------
Cell Name : GND3IP layout IOLIB_4M

                   Cell Errors    Real Errors   Cell Placements     Environments
                            14             14                 1                1
--------------------------------------------------------------------------------
Env.  Env. Placements            X1           Y1          X2           Y2

  1        1                126.250     2271.150     194.250     2347.650

Shape               Environments Status & Error Marker 

          1           X1         Y1         X2         Y2

   1      X       11.750    120.850     45.300    122.850
   2      X       11.750    131.850     45.300    133.850
   3      X       11.750    142.850     45.300    144.850
   4      X       11.750    153.850     45.300    155.850
   5      X       11.750    164.850     45.300    166.850
   6      X       11.750    175.850     45.300    177.850
   7      X       11.750    186.850     45.300    188.850
   8      X       54.700    120.850     88.250    122.850
   9      X       54.700    131.850     88.250    133.850
  10      X       54.700    142.850     88.250    144.850
  11      X       54.700    153.850     88.250    155.850
  12      X       54.700    164.850     88.250    166.850
  13      X       54.700    175.850     88.250    177.850
  14      X       54.700    186.850     88.250    188.850

================================================================================
Rule No. 690 : AML1 AM_L_2 Minimum slot length = 30 Maximum slot length = 300 metal2

Real Error Count : 30; Flat Error Count : 42
================================================================================

--------------------------------------------------------------------------------
Cell Name : VDD3RP layout IOLIB_4M

                   Cell Errors    Real Errors   Cell Placements     Environments
                             4              4                 1                1
--------------------------------------------------------------------------------
Env.  Env. Placements            X1           Y1          X2           Y2

  1        1                100.400     1494.798     127.250     1523.902

Shape               Environments Status & Error Marker 

          1           X1         Y1         X2         Y2

   1      X       35.498     95.000     35.502    121.850
   2      X       38.498     95.000     38.502    121.850
   3      X       61.598     95.000     61.602    121.850
   4      X       64.598     95.000     64.602    121.850

--------------------------------------------------------------------------------
Cell Name : VDD3OP layout IOLIB_4M

                   Cell Errors    Real Errors   Cell Placements     Environments
                             4              4                 1                1
--------------------------------------------------------------------------------
Env.  Env. Placements            X1           Y1          X2           Y2

  1        1                100.400     1294.798     127.250     1323.902

Shape               Environments Status & Error Marker 

          1           X1         Y1         X2         Y2

   1      X       35.498     95.000     35.502    121.850
   2      X       38.498     95.000     38.502    121.850
   3      X       61.598     95.000     61.602    121.850
   4      X       64.598     95.000     64.602    121.850

--------------------------------------------------------------------------------
Cell Name : GND3OP layout IOLIB_4M

                   Cell Errors    Real Errors   Cell Placements     Environments
                             4              4                 1                1
--------------------------------------------------------------------------------
Env.  Env. Placements            X1           Y1          X2           Y2

  1        1                100.400     2094.848     127.250     2123.952

Shape               Environments Status & Error Marker 

          1           X1         Y1         X2         Y2

   1      X       35.448     95.000     35.452    121.850
   2      X       38.448     95.000     38.452    121.850
   3      X       61.548     95.000     61.552    121.850
   4      X       64.548     95.000     64.552    121.850

--------------------------------------------------------------------------------
Cell Name : AVDD3ALLP layout IOLIB_ANA_4M

                   Cell Errors    Real Errors   Cell Placements     Environments
                             4              4                 3                1
--------------------------------------------------------------------------------
Env.  Env. Placements            X1           Y1          X2           Y2

  1        3               2375.898      -49.600    2405.002      -22.750

Shape               Environments Status & Error Marker 

          1           X1         Y1         X2         Y2

   1      X       35.498     95.000     35.502    121.850
   2      X       38.498     95.000     38.502    121.850
   3      X       61.598     95.000     61.602    121.850
   4      X       64.598     95.000     64.602    121.850

--------------------------------------------------------------------------------
Cell Name : AGND3ALLP layout IOLIB_ANA_4M

                   Cell Errors    Real Errors   Cell Placements     Environments
                             2              2                 3                1
--------------------------------------------------------------------------------
Env.  Env. Placements            X1           Y1          X2           Y2

  1        3               2601.948      -49.600    2604.952      -22.750

Shape               Environments Status & Error Marker 

          1           X1         Y1         X2         Y2

   1      X       61.548     95.000     61.552    121.850
   2      X       64.548     95.000     64.552    121.850

--------------------------------------------------------------------------------
Cell Name : topsy layout VT26_TOP

                   Cell Errors    Real Errors   Cell Placements     Environments
                            12             12                 1                1
--------------------------------------------------------------------------------
Env.  Env. Placements            X1           Y1          X2           Y2

  1        1                100.400      -49.600    3050.400     3049.400

Shape               Environments Status & Error Marker 

          1           X1         Y1         X2         Y2

   1      X      100.400   1696.398    127.250   1696.402
   2      X      100.400   1699.398    127.250   1699.402
   3      X      100.400   1720.898    127.250   1720.902
   4      X      100.400   1723.898    127.250   1723.902
   5      X      100.400   1894.848    127.250   1894.852
   6      X      100.400   1897.848    127.250   1897.852
   7      X      100.400   1920.948    127.250   1920.952
   8      X      100.400   1923.948    127.250   1923.952
   9      X      100.400   2294.848    127.250   2294.852
  10      X      100.400   2297.848    127.250   2297.852
  11      X      100.400   2320.948    127.250   2320.952
  12      X      100.400   2323.948    127.250   2323.952

================================================================================
Rule No. 693 : AMS1 Minimum spacing between two parallel slots = 10 metal1

Real Error Count : 19; Flat Error Count : 19
================================================================================

--------------------------------------------------------------------------------
Cell Name : GND3IP layout IOLIB_4M

                   Cell Errors    Real Errors   Cell Placements     Environments
                            19             19                 1                1
--------------------------------------------------------------------------------
Env.  Env. Placements            X1           Y1          X2           Y2

  1        1                126.250     2271.150     194.250     2347.650

Shape               Environments Status & Error Marker 

          1           X1         Y1         X2         Y2

   1      X       11.750    122.850     45.300    131.850
   2      X       11.750    133.850     45.300    142.850
   3      X       11.750    144.850     45.300    153.850
   4      X       11.750    155.850     45.300    164.850
   5      X       11.750    166.850     45.300    175.850
   6      X       11.750    177.850     45.300    186.850
   7      X       45.300    120.850     54.700    122.850
   8      X       45.300    131.850     54.700    133.850
   9      X       45.300    142.850     54.700    144.850
  10      X       45.300    153.850     54.700    155.850
  11      X       45.300    164.850     54.700    166.850
  12      X       45.300    175.850     54.700    177.850
  13      X       45.300    186.850     54.700    188.850
  14      X       54.700    122.850     88.250    131.850
  15      X       54.700    133.850     88.250    142.850
  16      X       54.700    144.850     88.250    153.850
  17      X       54.700    155.850     88.250    164.850
  18      X       54.700    166.850     88.250    175.850
  19      X       54.700    177.850     88.250    186.850

================================================================================
Rule No. 699 : AMC1 Minimum slots spacing between neighbour layers  = 2 met1 met2 overlap 

Real Error Count : 10; Flat Error Count : 10
================================================================================

--------------------------------------------------------------------------------
Cell Name : topsy layout VT26_TOP

                   Cell Errors    Real Errors   Cell Placements     Environments
                            10             10                 1                1
--------------------------------------------------------------------------------
Env.  Env. Placements            X1           Y1          X2           Y2

  1        1                126.250     2294.850     194.250     2323.950

Shape               Environments Status & Error Marker 

          1           X1         Y1         X2         Y2

   1      X      126.250   2294.850    127.250   2297.850
   2      X      126.250   2320.950    127.250   2323.950
   3      X      159.250   2294.850    161.250   2297.850
   4      X      159.250   2320.950    161.250   2323.950
   5      X      170.250   2294.850    172.250   2297.850
   6      X      170.250   2320.950    172.250   2323.950
   7      X      181.250   2294.850    183.250   2297.850
   8      X      181.250   2320.950    183.250   2323.950
   9      X      192.250   2294.850    194.250   2297.850
  10      X      192.250   2320.950    194.250   2323.950

================================================================================
Rule No. 703 : AMC2 AMC3 Minimum slot to inner metal edge spacing = 10 metal1

Real Error Count : 32; Flat Error Count : 32
================================================================================

--------------------------------------------------------------------------------
Cell Name : GND3IP layout IOLIB_4M

                   Cell Errors    Real Errors   Cell Placements     Environments
                            32             32                 1                1
--------------------------------------------------------------------------------
Env.  Env. Placements            X1           Y1          X2           Y2

  1        1                116.275     2263.550     204.225     2355.250

Shape               Environments Status & Error Marker 

          1           X1         Y1         X2         Y2

   1      X        4.150    114.351     11.750    129.349
   2      X        4.150    125.351     11.750    140.349
   3      X        4.150    136.351     11.750    151.349
   4      X        4.150    147.351     11.750    162.349
   5      X        4.150    158.351     11.750    173.349
   6      X        4.150    169.351     11.750    184.349
   7      X        4.150    180.351     11.750    195.349
   8      X       11.750    111.850     45.300    120.850
   9      X       11.750    188.850     45.300    195.850
  10      X       45.300    110.875     46.000    132.825
  11      X       45.300    121.875     46.000    143.825
  12      X       45.300    132.875     46.000    154.825
  13      X       45.300    143.875     46.000    165.825
  14      X       45.300    154.875     46.000    176.825
  15      X       45.300    165.875     46.000    187.825
  16      X       45.300    176.875     46.000    198.825
  17      X       54.000    110.875     54.700    132.825
  18      X       54.000    121.875     54.700    143.825
  19      X       54.000    132.875     54.700    154.825
  20      X       54.000    143.875     54.700    165.825
  21      X       54.000    154.875     54.700    176.825
  22      X       54.000    165.875     54.700    187.825
  23      X       54.000    176.875     54.700    198.825
  24      X       54.700    111.850     88.250    120.850
  25      X       54.700    188.850     88.250    195.850
  26      X       88.250    114.351     95.850    129.349
  27      X       88.250    125.351     95.850    140.349
  28      X       88.250    136.351     95.850    151.349
  29      X       88.250    147.351     95.850    162.349
  30      X       88.250    158.351     95.850    173.349
  31      X       88.250    169.351     95.850    184.349
  32      X       88.250    180.351     95.850    195.349

================================================================================
Rule No. 719 : AMTS1 Maximum MTOP spacing when the width of one or both MTOP shapes is less than 10um = 10

Real Error Count : 41; Flat Error Count : 41
================================================================================

--------------------------------------------------------------------------------
Cell Name : fecg_ia_5_fc layout FECG

                   Cell Errors    Real Errors   Cell Placements     Environments
                             1              1                 1                1
--------------------------------------------------------------------------------
Env.  Env. Placements            X1           Y1          X2           Y2

  1        1                700.475     2557.875     757.775     2601.375

Shape               Environments Status & Error Marker 

          1           X1         Y1         X2         Y2

   1      X      320.575    100.875    377.875    144.375

--------------------------------------------------------------------------------
Cell Name : fecg_cmfb2_f layout FECG

                   Cell Errors    Real Errors   Cell Placements     Environments
                             1              1                 1                1
--------------------------------------------------------------------------------
Env.  Env. Placements            X1           Y1          X2           Y2

  1        1               1955.175      378.400    1970.275      572.050

Shape               Environments Status & Error Marker 

          1           X1         Y1         X2         Y2

   1      X      532.175     98.100    547.275    291.750

--------------------------------------------------------------------------------
Cell Name : topsy layout VT26_TOP

                   Cell Errors    Real Errors   Cell Placements     Environments
                            39             39                 1                1
--------------------------------------------------------------------------------
Env.  Env. Placements            X1           Y1          X2           Y2

  1        1                339.400      294.575    2690.550     2810.400

Shape               Environments Status & Error Marker 

          1           X1         Y1         X2         Y2

   1      X      339.400    319.425    493.975   1190.225
   2      X      339.400   2035.975    651.050   2810.400
   3      X      481.150   2041.950    632.625   2041.975
   4      X      493.200    294.575   1721.350    891.800
   5      X      523.725   2364.250    878.950   2704.375
   6      X      535.875   2289.950    746.650   2511.650
   7      X      601.025   1584.650    730.275   1805.800
   8      X      632.650   2035.950    648.625   2035.975
   9      X      646.525   2143.975   1380.400   2810.400
  10      X      648.625   1535.900   1134.050   2131.950
  11      X      660.700    662.250    779.600   1148.000
  12      X      673.150   2235.100    742.825   2289.950
  13      X      725.700   1584.650    987.375   1824.075
  14      X      750.650   1981.450   1107.450   2253.250
  15      X      768.650    782.300    779.450    800.225
  16      X      779.100    662.250    880.800   1148.000
  17      X      878.950   2364.250    925.275   2652.275
  18      X      925.275   2364.250    968.950   2647.875
  19      X      984.950   2569.600   1177.650   2810.400
  20      X     1050.325   2001.950   1402.500   2247.950
  21      X     1066.525   1981.450   1619.600   2468.150
  22      X     1134.050   1535.900   1790.200   1912.650
  23      X     1134.050   1822.600   1764.300   1969.450
  24      X     1379.200   2482.350   1725.200   2810.400
  25      X     1397.250   2792.100   1584.150   2810.400
  26      X     1619.600   1839.500   2009.450   2247.150
  27      X     1619.600   2018.900   1842.600   2803.100
  28      X     1694.950    704.250   1891.500    891.800
  29      X     1713.050    294.575   1981.500    891.800
  30      X     1774.300   1815.725   1788.575   1912.650
  31      X     1777.300   1925.650   1868.850   1969.450
  32      X     1790.200   1708.400   2424.900   2592.550
  33      X     1795.200   2018.900   2000.500   2700.600
  34      X     1842.600   2713.100   2184.050   2810.400
  35      X     1937.150   2201.550   2327.700   2810.400
  36      X     2307.175   2201.550   2322.900   2490.550
  37      X     2307.175   2502.550   2334.900   2592.550
  38      X     2327.700   2694.875   2690.550   2810.400
  39      X     2327.700   2800.300   2580.450   2810.400

================================================================================
Rule No. 767 : ERC Warning: Floating met1

Real Error Count : 18; Flat Error Count : 119
================================================================================

--------------------------------------------------------------------------------
Cell Name : VDD3RP layout IOLIB_4M

                   Cell Errors    Real Errors   Cell Placements     Environments
                             1              1                 1                1
--------------------------------------------------------------------------------
Env.  Env. Placements            X1           Y1          X2           Y2

  1        1                  0.000     1459.400       0.500     1559.400

Shape               Environments Status & Error Marker 

          1           X1         Y1         X2         Y2

   1      X        0.000     -5.400    100.000     -4.900

--------------------------------------------------------------------------------
Cell Name : VDD3OP layout IOLIB_4M

                   Cell Errors    Real Errors   Cell Placements     Environments
                             1              1                 1                1
--------------------------------------------------------------------------------
Env.  Env. Placements            X1           Y1          X2           Y2

  1        1                  0.000     1259.400       0.500     1359.400

Shape               Environments Status & Error Marker 

          1           X1         Y1         X2         Y2

   1      X        0.000     -5.400    100.000     -4.900

--------------------------------------------------------------------------------
Cell Name : PWRCUT_DIG_P_DX layout IOLIB_4M

                   Cell Errors    Real Errors   Cell Placements     Environments
                             1              1                 3                1
--------------------------------------------------------------------------------
Env.  Env. Placements            X1           Y1          X2           Y2

  1        3                  0.000      190.400       0.500      240.400

Shape               Environments Status & Error Marker 

          1           X1         Y1         X2         Y2

   1      X        0.000     -5.400     50.000     -4.900

--------------------------------------------------------------------------------
Cell Name : PERI_SPACER_5_P layout IOLIB_4M

                   Cell Errors    Real Errors   Cell Placements     Environments
                             1              1                 2                1
--------------------------------------------------------------------------------
Env.  Env. Placements            X1           Y1          X2           Y2

  1        2               3150.300      194.400    3150.800      199.400

Shape               Environments Status & Error Marker 

          1           X1         Y1         X2         Y2

   1      X        0.000     -5.400      5.000     -4.900

--------------------------------------------------------------------------------
Cell Name : PERI_SPACER_50_P layout IOLIB_4M

                   Cell Errors    Real Errors   Cell Placements     Environments
                             1              1                 5                1
--------------------------------------------------------------------------------
Env.  Env. Placements            X1           Y1          X2           Y2

  1        5               2740.400     -150.000    2790.400     -149.500

Shape               Environments Status & Error Marker 

          1           X1         Y1         X2         Y2

   1      X        0.000     -5.400     50.000     -4.900

--------------------------------------------------------------------------------
Cell Name : PERI_SPACER_2_P layout IOLIB_4M

                   Cell Errors    Real Errors   Cell Placements     Environments
                             1              1                 4                1
--------------------------------------------------------------------------------
Env.  Env. Placements            X1           Y1          X2           Y2

  1        4               3150.300      190.400    3150.800      192.400

Shape               Environments Status & Error Marker 

          1           X1         Y1         X2         Y2

   1      X        0.000     -5.400      2.000     -4.900

--------------------------------------------------------------------------------
Cell Name : PERI_SPACER_20_P layout IOLIB_4M

                   Cell Errors    Real Errors   Cell Placements     Environments
                             1              1                 2                1
--------------------------------------------------------------------------------
Env.  Env. Placements            X1           Y1          X2           Y2

  1        2               2790.400     -150.000    2810.400     -149.500

Shape               Environments Status & Error Marker 

          1           X1         Y1         X2         Y2

   1      X        0.000     -5.400     20.000     -4.900

--------------------------------------------------------------------------------
Cell Name : PERI_SPACER_10_P layout IOLIB_4M

                   Cell Errors    Real Errors   Cell Placements     Environments
                             1              1                 2                1
--------------------------------------------------------------------------------
Env.  Env. Placements            X1           Y1          X2           Y2

  1        2               3150.300      199.400    3150.800      209.400

Shape               Environments Status & Error Marker 

          1           X1         Y1         X2         Y2

   1      X        0.000     -5.400     10.000     -4.900

--------------------------------------------------------------------------------
Cell Name : PERI_SPACER_100_P layout IOLIB_4M

                   Cell Errors    Real Errors   Cell Placements     Environments
                             1              1                53                1
--------------------------------------------------------------------------------
Env.  Env. Placements            X1           Y1          X2           Y2

  1       53                340.400     -150.000     440.400     -149.500

Shape               Environments Status & Error Marker 

          1           X1         Y1         X2         Y2

   1      X        0.000     -5.400    100.000     -4.900

--------------------------------------------------------------------------------
Cell Name : ICP layout IOLIB_4M

                   Cell Errors    Real Errors   Cell Placements     Environments
                             1              1                 5                1
--------------------------------------------------------------------------------
Env.  Env. Placements            X1           Y1          X2           Y2

  1        5                  0.000      459.400       0.500      559.400

Shape               Environments Status & Error Marker 

          1           X1         Y1         X2         Y2

   1      X        0.000     -5.400    100.000     -4.900

--------------------------------------------------------------------------------
Cell Name : GND3OP layout IOLIB_4M

                   Cell Errors    Real Errors   Cell Placements     Environments
                             1              1                 1                1
--------------------------------------------------------------------------------
Env.  Env. Placements            X1           Y1          X2           Y2

  1        1                  0.000     2059.400       0.500     2159.400

Shape               Environments Status & Error Marker 

          1           X1         Y1         X2         Y2

   1      X        0.000     -5.400    100.000     -4.900

--------------------------------------------------------------------------------
Cell Name : GND3IP layout IOLIB_4M

                   Cell Errors    Real Errors   Cell Placements     Environments
                             1              1                 1                1
--------------------------------------------------------------------------------
Env.  Env. Placements            X1           Y1          X2           Y2

  1        1                  0.000     2259.400       0.500     2359.400

Shape               Environments Status & Error Marker 

          1           X1         Y1         X2         Y2

   1      X        0.000     -5.400    100.000     -4.900

--------------------------------------------------------------------------------
Cell Name : CORNERP layout IOLIB_4M

                   Cell Errors    Real Errors   Cell Placements     Environments
                             1              1                 4                1
--------------------------------------------------------------------------------
Env.  Env. Placements            X1           Y1          X2           Y2

  1        4                  0.000     -150.000     340.400      190.400

Shape               Environments Status & Error Marker 

          1           X1         Y1         X2         Y2

   1      X       -5.400     -5.400    335.000    335.000

--------------------------------------------------------------------------------
Cell Name : AVDD3ALLP layout IOLIB_ANA_4M

                   Cell Errors    Real Errors   Cell Placements     Environments
                             1              1                 3                1
--------------------------------------------------------------------------------
Env.  Env. Placements            X1           Y1          X2           Y2

  1        3               2340.400     -150.000    2440.400     -149.500

Shape               Environments Status & Error Marker 

          1           X1         Y1         X2         Y2

   1      X        0.000     -5.400    100.000     -4.900

--------------------------------------------------------------------------------
Cell Name : APRIO200P layout IOLIB_ANA_4M

                   Cell Errors    Real Errors   Cell Placements     Environments
                             1              1                27                1
--------------------------------------------------------------------------------
Env.  Env. Placements            X1           Y1          X2           Y2

  1       27                540.400     -150.000     640.400     -149.500

Shape               Environments Status & Error Marker 

          1           X1         Y1         X2         Y2

   1      X        0.000     -5.400    100.000     -4.900

--------------------------------------------------------------------------------
Cell Name : AGND3ALLP layout IOLIB_ANA_4M

                   Cell Errors    Real Errors   Cell Placements     Environments
                             1              1                 3                1
--------------------------------------------------------------------------------
Env.  Env. Placements            X1           Y1          X2           Y2

  1        3               2540.400     -150.000    2640.400     -149.500

Shape               Environments Status & Error Marker 

          1           X1         Y1         X2         Y2

   1      X        0.000     -5.400    100.000     -4.900

--------------------------------------------------------------------------------
Cell Name : topsy layout VT26_TOP

                   Cell Errors    Real Errors   Cell Placements     Environments
                             2              2                 1                1
--------------------------------------------------------------------------------
Env.  Env. Placements            X1           Y1          X2           Y2

  1        1                  0.000     -150.000    3150.800     3149.800

Shape               Environments Status & Error Marker 

          1           X1         Y1         X2         Y2

   1      X        0.000   1659.400      0.500   1759.400
   2      X        0.000   1859.400      0.500   1959.400

================================================================================
Rule No. 772 : ERC Warning: Gates connected to VDD/VCC

Real Error Count : 302; Flat Error Count : 372
================================================================================

--------------------------------------------------------------------------------
Cell Name : G145_2_3_12300_18700_r90_VAR2 sub_array

                   Cell Errors    Real Errors   Cell Placements     Environments
                             3              3                 3                1
--------------------------------------------------------------------------------
Env.  Env. Placements            X1           Y1          X2           Y2

  1        3               1063.875     1510.650    1098.475     1534.350

Shape               Environments Status & Error Marker 

          1           X1         Y1         X2         Y2

   1      X      -10.850     18.700     -0.850     23.700
   2      X        1.450     18.700     11.450     23.700
   3      X       13.750     18.700     23.750     23.700

--------------------------------------------------------------------------------
Cell Name : G145_2_3_12300_18700_r90_VAR1 sub_array

                   Cell Errors    Real Errors   Cell Placements     Environments
                             5              5                 1                1
--------------------------------------------------------------------------------
Env.  Env. Placements            X1           Y1          X2           Y2

  1        1               1174.575     1510.650    1209.175     1534.350

Shape               Environments Status & Error Marker 

          1           X1         Y1         X2         Y2

   1      X      -10.850     18.700     -0.850     23.700
   2      X        1.450      0.000     11.450      5.000
   3      X        1.450     18.700     11.450     23.700
   4      X       13.750      0.000     23.750      5.000
   5      X       13.750     18.700     23.750     23.700

--------------------------------------------------------------------------------
Cell Name : G159_2_4_7300_14300_r90_VAR2 sub_array

                   Cell Errors    Real Errors   Cell Placements     Environments
                             4              4                 3                1
--------------------------------------------------------------------------------
Env.  Env. Placements            X1           Y1          X2           Y2

  1        3               2258.225      444.175    2285.125      463.475

Shape               Environments Status & Error Marker 

          1           X1         Y1         X2         Y2

   1      X       -5.850     14.300     -0.850     19.300
   2      X        1.450     14.300      6.450     19.300
   3      X        8.750     14.300     13.750     19.300
   4      X       16.050     14.300     21.050     19.300

--------------------------------------------------------------------------------
Cell Name : G159_2_4_7300_14300_r90_VAR1 sub_array

                   Cell Errors    Real Errors   Cell Placements     Environments
                             5              5                 1                1
--------------------------------------------------------------------------------
Env.  Env. Placements            X1           Y1          X2           Y2

  1        1               2345.825      444.175    2372.725      463.475

Shape               Environments Status & Error Marker 

          1           X1         Y1         X2         Y2

   1      X       -5.850     14.300     -0.850     19.300
   2      X        1.450     14.300      6.450     19.300
   3      X        8.750     14.300     13.750     19.300
   4      X       16.050      0.000     21.050      5.000
   5      X       16.050     14.300     21.050     19.300

--------------------------------------------------------------------------------
Cell Name : G154_2_2_17300_21800_r90_VAR2 sub_array

                   Cell Errors    Real Errors   Cell Placements     Environments
                             2              2                10                1
--------------------------------------------------------------------------------
Env.  Env. Placements            X1           Y1          X2           Y2

  1       10               1528.975      985.175    1561.275     1016.975

Shape               Environments Status & Error Marker 

          1           X1         Y1         X2         Y2

   1      X      -15.850     21.800     -0.850     31.800
   2      X        1.450     21.800     16.450     31.800

--------------------------------------------------------------------------------
Cell Name : G154_2_2_17300_21800_r90_VAR1 sub_array

                   Cell Errors    Real Errors   Cell Placements     Environments
                             4              4                 2                1
--------------------------------------------------------------------------------
Env.  Env. Placements            X1           Y1          X2           Y2

  1        2               1701.975      985.175    1734.275     1016.975

Shape               Environments Status & Error Marker 

          1           X1         Y1         X2         Y2

   1      X      -15.850      0.000     -0.850     10.000
   2      X      -15.850     21.800     -0.850     31.800
   3      X        1.450      0.000     16.450     10.000
   4      X        1.450     21.800     16.450     31.800

--------------------------------------------------------------------------------
Cell Name : pmos4 layout PRIMLIB l="15u" in1=MP428029

                   Cell Errors    Real Errors   Cell Placements     Environments
                             1              1                16                1
--------------------------------------------------------------------------------
Env.  Env. Placements            X1           Y1          X2           Y2

  1       16               1511.675      854.375    1526.675      864.375

Shape               Environments Status & Error Marker 

          1           X1         Y1         X2         Y2

   1      X        0.000      0.850     10.000     15.850

--------------------------------------------------------------------------------
Cell Name : pmos4 layout PRIMLIB l="1u" in1=MP2628729

                   Cell Errors    Real Errors   Cell Placements     Environments
                             1              1                 8                1
--------------------------------------------------------------------------------
Env.  Env. Placements            X1           Y1          X2           Y2

  1        8               2016.375     1446.900    2017.375     1456.900

Shape               Environments Status & Error Marker 

          1           X1         Y1         X2         Y2

   1      X        0.000      0.850     10.000      1.850

--------------------------------------------------------------------------------
Cell Name : cmfb_opamp1_fc layout FECG

                   Cell Errors    Real Errors   Cell Placements     Environments
                             2              2                 2                1
--------------------------------------------------------------------------------
Env.  Env. Placements            X1           Y1          X2           Y2

  1        2                722.300     2068.300     725.300     2096.300

Shape               Environments Status & Error Marker 

          1           X1         Y1         X2         Y2

   1      X      132.200     74.950    135.200     84.950
   2      X      132.200     92.950    135.200    102.950

--------------------------------------------------------------------------------
Cell Name : cmfb_opamp1_f layout FECG

                   Cell Errors    Real Errors   Cell Placements     Environments
                             2              2                 2                1
--------------------------------------------------------------------------------
Env.  Env. Placements            X1           Y1          X2           Y2

  1        2               1714.800      343.200    1717.800      371.200

Shape               Environments Status & Error Marker 

          1           X1         Y1         X2         Y2

   1      X      132.200     74.950    135.200     84.950
   2      X      132.200     92.950    135.200    102.950

--------------------------------------------------------------------------------
Cell Name : ia_new_f layout YAOWEN

                   Cell Errors    Real Errors   Cell Placements     Environments
                            39             39                 1                1
--------------------------------------------------------------------------------
Env.  Env. Placements            X1           Y1          X2           Y2

  1        1                763.025      339.900    1180.475      472.550

Shape               Environments Status & Error Marker 

          1           X1         Y1         X2         Y2

   1      X      305.725    349.100    325.725    374.100
   2      X      417.225    349.100    437.225    374.100
   3      X      525.275    241.450    537.275    251.450
   4      X      525.275    262.950    537.275    272.950
   5      X      525.275    286.250    537.275    296.250
   6      X      525.275    309.550    537.275    319.550
   7      X      525.275    332.850    537.275    342.850
   8      X      525.275    356.150    537.275    366.150
   9      X      539.575    241.450    551.575    251.450
  10      X      539.575    356.150    551.575    366.150
  11      X      553.875    241.450    565.875    251.450
  12      X      553.875    356.150    565.875    366.150
  13      X      568.175    241.450    580.175    251.450
  14      X      568.175    356.150    580.175    366.150
  15      X      582.475    241.450    594.475    251.450
  16      X      582.475    356.150    594.475    366.150
  17      X      596.775    241.450    608.775    251.450
  18      X      596.775    356.150    608.775    366.150
  19      X      611.075    241.450    623.075    251.450
  20      X      611.075    356.150    623.075    366.150
  21      X      625.375    241.450    637.375    251.450
  22      X      625.375    356.150    637.375    366.150
  23      X      639.675    241.450    651.675    251.450
  24      X      639.675    356.150    651.675    366.150
  25      X      653.975    241.450    665.975    251.450
  26      X      653.975    356.150    665.975    366.150
  27      X      668.275    241.450    680.275    251.450
  28      X      668.275    356.150    680.275    366.150
  29      X      682.575    241.450    694.575    251.450
  30      X      682.575    356.150    694.575    366.150
  31      X      696.875    241.450    708.875    251.450
  32      X      696.875    332.850    708.875    342.850
  33      X      696.875    356.150    708.875    366.150
  34      X      711.175    241.450    723.175    251.450
  35      X      711.175    262.950    723.175    272.950
  36      X      711.175    286.250    723.175    296.250
  37      X      711.175    309.550    723.175    319.550
  38      X      711.175    332.850    723.175    342.850
  39      X      711.175    356.150    723.175    366.150

--------------------------------------------------------------------------------
Cell Name : fecg_vga2_f_2 layout FECG

                   Cell Errors    Real Errors   Cell Placements     Environments
                            19             19                 1                1
--------------------------------------------------------------------------------
Env.  Env. Placements            X1           Y1          X2           Y2

  1        1               1414.250     2261.950    1636.850     2424.550

Shape               Environments Status & Error Marker 

          1           X1         Y1         X2         Y2

   1      X       40.950     18.000     55.950     28.000
   2      X       40.950     39.800     55.950     49.800
   3      X       40.950    148.800     55.950    158.800
   4      X       58.250     18.000     73.250     28.000
   5      X       75.550     18.000     90.550     28.000
   6      X       92.850     18.000    107.850     28.000
   7      X      110.150     18.000    125.150     28.000
   8      X      127.450     18.000    142.450     28.000
   9      X      144.750     18.000    159.750     28.000
  10      X      162.050     18.000    177.050     28.000
  11      X      179.350     18.000    194.350     28.000
  12      X      196.650     18.000    211.650     28.000
  13      X      213.950     18.000    228.950     28.000
  14      X      231.250     18.000    246.250     28.000
  15      X      231.250     39.800    246.250     49.800
  16      X      231.250     61.600    246.250     71.600
  17      X      231.250     83.400    246.250     93.400
  18      X      231.250    105.200    246.250    115.200
  19      X      231.250    127.000    246.250    137.000

--------------------------------------------------------------------------------
Cell Name : fecg_ia_5_fc layout FECG

                   Cell Errors    Real Errors   Cell Placements     Environments
                            41             41                 1                1
--------------------------------------------------------------------------------
Env.  Env. Placements            X1           Y1          X2           Y2

  1        1                660.025     2548.050    1046.025     2688.150

Shape               Environments Status & Error Marker 

          1           X1         Y1         X2         Y2

   1      X      280.125    202.350    300.125    214.850
   2      X      280.125    218.650    300.125    231.150
   3      X      391.625    202.350    411.625    214.850
   4      X      391.625    218.650    411.625    231.150
   5      X      468.225     91.050    480.225    101.050
   6      X      468.225    112.550    480.225    122.550
   7      X      468.225    135.850    480.225    145.850
   8      X      468.225    159.150    480.225    169.150
   9      X      468.225    182.450    480.225    192.450
  10      X      468.225    205.750    480.225    215.750
  11      X      482.525     91.050    494.525    101.050
  12      X      482.525    205.750    494.525    215.750
  13      X      496.825     91.050    508.825    101.050
  14      X      496.825    205.750    508.825    215.750
  15      X      511.125     91.050    523.125    101.050
  16      X      511.125    205.750    523.125    215.750
  17      X      525.425     91.050    537.425    101.050
  18      X      525.425    205.750    537.425    215.750
  19      X      539.725     91.050    551.725    101.050
  20      X      539.725    205.750    551.725    215.750
  21      X      554.025     91.050    566.025    101.050
  22      X      554.025    205.750    566.025    215.750
  23      X      568.325     91.050    580.325    101.050
  24      X      568.325    205.750    580.325    215.750
  25      X      582.625     91.050    594.625    101.050
  26      X      582.625    205.750    594.625    215.750
  27      X      596.925     91.050    608.925    101.050
  28      X      596.925    205.750    608.925    215.750
  29      X      611.225     91.050    623.225    101.050
  30      X      611.225    205.750    623.225    215.750
  31      X      625.525     91.050    637.525    101.050
  32      X      625.525    205.750    637.525    215.750
  33      X      639.825     91.050    651.825    101.050
  34      X      639.825    182.450    651.825    192.450
  35      X      639.825    205.750    651.825    215.750
  36      X      654.125     91.050    666.125    101.050
  37      X      654.125    112.550    666.125    122.550
  38      X      654.125    135.850    666.125    145.850
  39      X      654.125    159.150    666.125    169.150
  40      X      654.125    182.450    666.125    192.450
  41      X      654.125    205.750    666.125    215.750

--------------------------------------------------------------------------------
Cell Name : fecg_cmfb2_fc layout FECG

                   Cell Errors    Real Errors   Cell Placements     Environments
                             4              4                 1                1
--------------------------------------------------------------------------------
Env.  Env. Placements            X1           Y1          X2           Y2

  1        1                503.175     2068.300     879.250     2196.750

Shape               Environments Status & Error Marker 

          1           X1         Y1         X2         Y2

   1      X       72.675    176.550     75.675    181.550
   2      X       72.675    186.350     75.675    191.350
   3      X       93.875    176.550     96.875    181.550
   4      X       93.875    186.350     96.875    191.350

--------------------------------------------------------------------------------
Cell Name : fecg_cmfb2_f layout FECG

                   Cell Errors    Real Errors   Cell Placements     Environments
                             4              4                 1                1
--------------------------------------------------------------------------------
Env.  Env. Placements            X1           Y1          X2           Y2

  1        1               1495.675      343.200    1871.750      471.650

Shape               Environments Status & Error Marker 

          1           X1         Y1         X2         Y2

   1      X       72.675    176.550     75.675    181.550
   2      X       72.675    186.350     75.675    191.350
   3      X       93.875    176.550     96.875    181.550
   4      X       93.875    186.350     96.875    191.350

--------------------------------------------------------------------------------
Cell Name : fecg_bandgap3_layout layout FBIAS

                   Cell Errors    Real Errors   Cell Placements     Environments
                            34             34                 1                1
--------------------------------------------------------------------------------
Env.  Env. Placements            X1           Y1          X2           Y2

  1        1               1204.325     1748.900    1337.325     1882.000

Shape               Environments Status & Error Marker 

          1           X1         Y1         X2         Y2

   1      X       30.425    219.700     40.425    224.700
   2      X       30.425    238.000     40.425    243.000
   3      X       30.425    256.300     40.425    261.300
   4      X       30.425    274.600     40.425    279.600
   5      X       30.425    292.900     40.425    297.900
   6      X       30.425    311.200     40.425    316.200
   7      X       30.425    329.500     40.425    334.500
   8      X       30.425    347.800     40.425    352.800
   9      X       42.725    219.700     52.725    224.700
  10      X       42.725    347.800     52.725    352.800
  11      X       55.025    219.700     65.025    224.700
  12      X       55.025    347.800     65.025    352.800
  13      X       67.325    219.700     77.325    224.700
  14      X       67.325    347.800     77.325    352.800
  15      X       79.625    219.700     89.625    224.700
  16      X       79.625    347.800     89.625    352.800
  17      X       91.925    219.700    101.925    224.700
  18      X       91.925    347.800    101.925    352.800
  19      X      104.225    219.700    114.225    224.700
  20      X      104.225    347.800    114.225    352.800
  21      X      116.525    219.700    126.525    224.700
  22      X      116.525    347.800    126.525    352.800
  23      X      128.825    219.700    138.825    224.700
  24      X      128.825    347.800    138.825    352.800
  25      X      141.125    219.700    151.125    224.700
  26      X      141.125    347.800    151.125    352.800
  27      X      153.425    219.700    163.425    224.700
  28      X      153.425    238.000    163.425    243.000
  29      X      153.425    256.300    163.425    261.300
  30      X      153.425    274.600    163.425    279.600
  31      X      153.425    292.900    163.425    297.900
  32      X      153.425    311.200    163.425    316.200
  33      X      153.425    329.500    163.425    334.500
  34      X      153.425    347.800    163.425    352.800

--------------------------------------------------------------------------------
Cell Name : buffer2_f_3c layout FECG

                   Cell Errors    Real Errors   Cell Placements     Environments
                             4              4                 1                1
--------------------------------------------------------------------------------
Env.  Env. Placements            X1           Y1          X2           Y2

  1        1               2048.700     2406.450    2136.500     2431.250

Shape               Environments Status & Error Marker 

          1           X1         Y1         X2         Y2

   1      X       59.150    136.425     62.150    146.425
   2      X       59.150    151.225     62.150    161.225
   3      X      143.950    136.425    146.950    146.425
   4      X      143.950    151.225    146.950    161.225

--------------------------------------------------------------------------------
Cell Name : VGA_1 layout YAOWEN

                   Cell Errors    Real Errors   Cell Placements     Environments
                            19             19                 1                1
--------------------------------------------------------------------------------
Env.  Env. Placements            X1           Y1          X2           Y2

  1        1               1511.675      854.375    1734.275     1016.975

Shape               Environments Status & Error Marker 

          1           X1         Y1         X2         Y2

   1      X       43.475      2.725     58.475     12.725
   2      X       43.475     24.525     58.475     34.525
   3      X       43.475    133.525     58.475    143.525
   4      X       60.775      2.725     75.775     12.725
   5      X       78.075      2.725     93.075     12.725
   6      X       95.375      2.725    110.375     12.725
   7      X      112.675      2.725    127.675     12.725
   8      X      129.975      2.725    144.975     12.725
   9      X      147.275      2.725    162.275     12.725
  10      X      164.575      2.725    179.575     12.725
  11      X      181.875      2.725    196.875     12.725
  12      X      199.175      2.725    214.175     12.725
  13      X      216.475      2.725    231.475     12.725
  14      X      233.775      2.725    248.775     12.725
  15      X      233.775     24.525    248.775     34.525
  16      X      233.775     46.325    248.775     56.325
  17      X      233.775     68.125    248.775     78.125
  18      X      233.775     89.925    248.775     99.925
  19      X      233.775    111.725    248.775    121.725

--------------------------------------------------------------------------------
Cell Name : Gm_C_filter layout YAOWEN

                   Cell Errors    Real Errors   Cell Placements     Environments
                             4              4                 3                1
--------------------------------------------------------------------------------
Env.  Env. Placements            X1           Y1          X2           Y2

  1        3                471.100      730.300     563.700      748.700

Shape               Environments Status & Error Marker 

          1           X1         Y1         X2         Y2

   1      X       50.075    -83.200     55.075    -77.200
   2      X       50.075    -70.800     55.075    -64.800
   3      X      137.675    -83.200    142.675    -77.200
   4      X      137.675    -70.800    142.675    -64.800

--------------------------------------------------------------------------------
Cell Name : ECG_bandgap_f_v1 layout YAOWEN

                   Cell Errors    Real Errors   Cell Placements     Environments
                            40             40                 1                1
--------------------------------------------------------------------------------
Env.  Env. Placements            X1           Y1          X2           Y2

  1        1                860.775     1342.350    1209.175     1534.350

Shape               Environments Status & Error Marker 

          1           X1         Y1         X2         Y2

   1      X       46.225    858.950     56.225    863.950
   2      X       46.225    869.950     56.225    874.950
   3      X      193.825    858.950    203.825    863.950
   4      X      193.825    869.950    203.825    874.950
   5      X      249.325    686.950    259.325    691.950
   6      X      249.325    705.650    259.325    710.650
   7      X      249.325    724.350    259.325    729.350
   8      X      249.325    743.050    259.325    748.050
   9      X      249.325    761.750    259.325    766.750
  10      X      249.325    780.450    259.325    785.450
  11      X      249.325    799.150    259.325    804.150
  12      X      249.325    817.850    259.325    822.850
  13      X      249.325    836.550    259.325    841.550
  14      X      249.325    855.250    259.325    860.250
  15      X      261.625    686.950    271.625    691.950
  16      X      261.625    705.650    271.625    710.650
  17      X      261.625    724.350    271.625    729.350
  18      X      261.625    836.550    271.625    841.550
  19      X      261.625    855.250    271.625    860.250
  20      X      273.925    686.950    283.925    691.950
  21      X      286.225    686.950    296.225    691.950
  22      X      298.525    686.950    308.525    691.950
  23      X      310.825    686.950    320.825    691.950
  24      X      323.125    686.950    333.125    691.950
  25      X      335.425    686.950    345.425    691.950
  26      X      347.725    686.950    357.725    691.950
  27      X      360.025    686.950    370.025    691.950
  28      X      372.325    686.950    382.325    691.950
  29      X      372.325    705.650    382.325    710.650
  30      X      372.325    724.350    382.325    729.350
  31      X      372.325    836.550    382.325    841.550
  32      X      384.625    686.950    394.625    691.950
  33      X      384.625    705.650    394.625    710.650
  34      X      384.625    724.350    394.625    729.350
  35      X      384.625    743.050    394.625    748.050
  36      X      384.625    761.750    394.625    766.750
  37      X      384.625    780.450    394.625    785.450
  38      X      384.625    799.150    394.625    804.150
  39      X      384.625    817.850    394.625    822.850
  40      X      384.625    836.550    394.625    841.550

--------------------------------------------------------------------------------
Cell Name : Current_Voltage_Reference layout YAOWEN

                   Cell Errors    Real Errors   Cell Placements     Environments
                            10             10                 1                1
--------------------------------------------------------------------------------
Env.  Env. Placements            X1           Y1          X2           Y2

  1        1               1643.025     1446.900    2246.775     1530.150

Shape               Environments Status & Error Marker 

          1           X1         Y1         X2         Y2

   1      X       51.775    192.250     61.775    202.250
   2      X       51.775    208.050     61.775    218.050
   3      X       88.675    192.250     98.675    202.250
   4      X       88.675    208.050     98.675    218.050
   5      X      232.525    156.200    242.525    166.200
   6      X      232.525    172.000    242.525    182.000
   7      X      269.425    156.200    279.425    166.200
   8      X      269.425    172.000    279.425    182.000
   9      X      428.425    180.600    458.425    190.600
  10      X      622.225    155.800    652.225    165.800

--------------------------------------------------------------------------------
Cell Name : BUFFER layout YAOWEN

                   Cell Errors    Real Errors   Cell Placements     Environments
                            35             35                 1                1
--------------------------------------------------------------------------------
Env.  Env. Placements            X1           Y1          X2           Y2

  1        1               2106.000      291.525    2372.725      463.475

Shape               Environments Status & Error Marker 

          1           X1         Y1         X2         Y2

   1      X       68.500     34.800     70.500     44.800
   2      X       68.500     52.600     70.500     62.600
   3      X      115.800     34.800    117.800     44.800
   4      X      115.800     52.600    117.800     62.600
   5      X      220.725     73.050    225.725     78.050
   6      X      220.725     87.350    225.725     92.350
   7      X      220.725    101.650    225.725    106.650
   8      X      220.725    115.950    225.725    120.950
   9      X      220.725    130.250    225.725    135.250
  10      X      220.725    144.550    225.725    149.550
  11      X      220.725    158.850    225.725    163.850
  12      X      220.725    173.150    225.725    178.150
  13      X      220.725    187.450    225.725    192.450
  14      X      228.025     73.050    233.025     78.050
  15      X      235.325     73.050    240.325     78.050
  16      X      242.625     73.050    247.625     78.050
  17      X      249.925     73.050    254.925     78.050
  18      X      257.225     73.050    262.225     78.050
  19      X      264.525     73.050    269.525     78.050
  20      X      271.825     73.050    276.825     78.050
  21      X      279.125     73.050    284.125     78.050
  22      X      286.425     73.050    291.425     78.050
  23      X      293.725     73.050    298.725     78.050
  24      X      301.025     73.050    306.025     78.050
  25      X      308.325     73.050    313.325     78.050
  26      X      315.625     73.050    320.625     78.050
  27      X      322.925     73.050    327.925     78.050
  28      X      330.225     73.050    335.225     78.050
  29      X      330.225     87.350    335.225     92.350
  30      X      330.225    101.650    335.225    106.650
  31      X      330.225    115.950    335.225    120.950
  32      X      330.225    130.250    335.225    135.250
  33      X      330.225    144.550    335.225    149.550
  34      X      330.225    158.850    335.225    163.850
  35      X      330.225    173.150    335.225    178.150

--------------------------------------------------------------------------------
Cell Name : topsy layout VT26_TOP

                   Cell Errors    Real Errors   Cell Placements     Environments
                            20             20                 1                1
--------------------------------------------------------------------------------
Env.  Env. Placements            X1           Y1          X2           Y2

  1        1                471.100      291.525    2372.725     2688.150

Shape               Environments Status & Error Marker 

          1           X1         Y1         X2         Y2

   1      X      531.225   1417.950    541.225   1418.950
   2      X      531.225   1433.750    541.225   1443.750
   3      X      531.225   1458.550    541.225   1468.550
   4      X      531.225   1483.350    541.225   1493.350
   5      X      531.225   1508.150    541.225   1518.150
   6      X      531.225   1532.950    541.225   1533.950
   7      X      543.525   1417.950    553.525   1418.950
   8      X      543.525   1532.950    553.525   1533.950
   9      X      555.825   1417.950    565.825   1418.950
  10      X      555.825   1532.950    565.825   1533.950
  11      X      568.125   1417.950    578.125   1418.950
  12      X      568.125   1532.950    578.125   1533.950
  13      X      580.425   1417.950    590.425   1418.950
  14      X      580.425   1532.950    590.425   1533.950
  15      X      592.725   1417.950    602.725   1418.950
  16      X      592.725   1433.750    602.725   1443.750
  17      X      592.725   1458.550    602.725   1468.550
  18      X      592.725   1483.350    602.725   1493.350
  19      X      592.725   1508.150    602.725   1518.150
  20      X      592.725   1532.950    602.725   1533.950

================================================================================
Rule No. 773 : ERC Warning: Gates connected to VSS/GND

Real Error Count : 467; Flat Error Count : 1617
================================================================================

--------------------------------------------------------------------------------
Cell Name : pmos4 layout PRIMLIB jd=FALSE jg="no" js=FALSE l="350n" ng="10" wtot="100u" in1=MP6

                   Cell Errors    Real Errors   Cell Placements     Environments
                            10             10                 2                1
--------------------------------------------------------------------------------
Env.  Env. Placements            X1           Y1          X2           Y2

  1        2               1856.975      908.475    1869.475      918.475

Shape               Environments Status & Error Marker 

          1           X1         Y1         X2         Y2

   1      X        0.000      0.850     10.000      1.200
   2      X        0.000      2.200     10.000      2.550
   3      X        0.000      3.550     10.000      3.900
   4      X        0.000      4.900     10.000      5.250
   5      X        0.000      6.250     10.000      6.600
   6      X        0.000      7.600     10.000      7.950
   7      X        0.000      8.950     10.000      9.300
   8      X        0.000     10.300     10.000     10.650
   9      X        0.000     11.650     10.000     12.000
  10      X        0.000     13.000     10.000     13.350

--------------------------------------------------------------------------------
Cell Name : cvar layout PRIMLIB col=21 row=5 in1=C128029

                   Cell Errors    Real Errors   Cell Placements     Environments
                           105            105                 5                1
--------------------------------------------------------------------------------
Env.  Env. Placements            X1           Y1          X2           Y2

  1        5               1483.700      349.950    1517.350      389.350

Shape               Environments Status & Error Marker 

          1           X1         Y1         X2         Y2

   1      X        0.850      0.000      1.500      6.600
   2      X        0.850      8.200      1.500     14.800
   3      X        0.850     16.400      1.500     23.000
   4      X        0.850     24.600      1.500     31.200
   5      X        0.850     32.800      1.500     39.400
   6      X        2.500      0.000      3.150      6.600
   7      X        2.500      8.200      3.150     14.800
   8      X        2.500     16.400      3.150     23.000
   9      X        2.500     24.600      3.150     31.200
  10      X        2.500     32.800      3.150     39.400
  11      X        4.150      0.000      4.800      6.600
  12      X        4.150      8.200      4.800     14.800
  13      X        4.150     16.400      4.800     23.000
  14      X        4.150     24.600      4.800     31.200
  15      X        4.150     32.800      4.800     39.400
  16      X        5.800      0.000      6.450      6.600
  17      X        5.800      8.200      6.450     14.800
  18      X        5.800     16.400      6.450     23.000
  19      X        5.800     24.600      6.450     31.200
  20      X        5.800     32.800      6.450     39.400
  21      X        7.450      0.000      8.100      6.600
  22      X        7.450      8.200      8.100     14.800
  23      X        7.450     16.400      8.100     23.000
  24      X        7.450     24.600      8.100     31.200
  25      X        7.450     32.800      8.100     39.400
  26      X        9.100      0.000      9.750      6.600
  27      X        9.100      8.200      9.750     14.800
  28      X        9.100     16.400      9.750     23.000
  29      X        9.100     24.600      9.750     31.200
  30      X        9.100     32.800      9.750     39.400
  31      X       10.750      0.000     11.400      6.600
  32      X       10.750      8.200     11.400     14.800
  33      X       10.750     16.400     11.400     23.000
  34      X       10.750     24.600     11.400     31.200
  35      X       10.750     32.800     11.400     39.400
  36      X       12.400      0.000     13.050      6.600
  37      X       12.400      8.200     13.050     14.800
  38      X       12.400     16.400     13.050     23.000
  39      X       12.400     24.600     13.050     31.200
  40      X       12.400     32.800     13.050     39.400
  41      X       14.050      0.000     14.700      6.600
  42      X       14.050      8.200     14.700     14.800
  43      X       14.050     16.400     14.700     23.000
  44      X       14.050     24.600     14.700     31.200
  45      X       14.050     32.800     14.700     39.400
  46      X       15.700      0.000     16.350      6.600
  47      X       15.700      8.200     16.350     14.800
  48      X       15.700     16.400     16.350     23.000
  49      X       15.700     24.600     16.350     31.200
  50      X       15.700     32.800     16.350     39.400
  51      X       17.350      0.000     18.000      6.600
  52      X       17.350      8.200     18.000     14.800
  53      X       17.350     16.400     18.000     23.000
  54      X       17.350     24.600     18.000     31.200
  55      X       17.350     32.800     18.000     39.400
  56      X       19.000      0.000     19.650      6.600
  57      X       19.000      8.200     19.650     14.800
  58      X       19.000     16.400     19.650     23.000
  59      X       19.000     24.600     19.650     31.200
  60      X       19.000     32.800     19.650     39.400
  61      X       20.650      0.000     21.300      6.600
  62      X       20.650      8.200     21.300     14.800
  63      X       20.650     16.400     21.300     23.000
  64      X       20.650     24.600     21.300     31.200
  65      X       20.650     32.800     21.300     39.400
  66      X       22.300      0.000     22.950      6.600
  67      X       22.300      8.200     22.950     14.800
  68      X       22.300     16.400     22.950     23.000
  69      X       22.300     24.600     22.950     31.200
  70      X       22.300     32.800     22.950     39.400
  71      X       23.950      0.000     24.600      6.600
  72      X       23.950      8.200     24.600     14.800
  73      X       23.950     16.400     24.600     23.000
  74      X       23.950     24.600     24.600     31.200
  75      X       23.950     32.800     24.600     39.400
  76      X       25.600      0.000     26.250      6.600
  77      X       25.600      8.200     26.250     14.800
  78      X       25.600     16.400     26.250     23.000
  79      X       25.600     24.600     26.250     31.200
  80      X       25.600     32.800     26.250     39.400
  81      X       27.250      0.000     27.900      6.600
  82      X       27.250      8.200     27.900     14.800
  83      X       27.250     16.400     27.900     23.000
  84      X       27.250     24.600     27.900     31.200
  85      X       27.250     32.800     27.900     39.400
  86      X       28.900      0.000     29.550      6.600
  87      X       28.900      8.200     29.550     14.800
  88      X       28.900     16.400     29.550     23.000
  89      X       28.900     24.600     29.550     31.200
  90      X       28.900     32.800     29.550     39.400
  91      X       30.550      0.000     31.200      6.600
  92      X       30.550      8.200     31.200     14.800
  93      X       30.550     16.400     31.200     23.000
  94      X       30.550     24.600     31.200     31.200
  95      X       30.550     32.800     31.200     39.400
  96      X       32.200      0.000     32.850      6.600
  97      X       32.200      8.200     32.850     14.800
  98      X       32.200     16.400     32.850     23.000
  99      X       32.200     24.600     32.850     31.200
 100      X       32.200     32.800     32.850     39.400
 101      X       33.850      0.000     34.500      6.600
 102      X       33.850      8.200     34.500     14.800
 103      X       33.850     16.400     34.500     23.000
 104      X       33.850     24.600     34.500     31.200
 105      X       33.850     32.800     34.500     39.400

--------------------------------------------------------------------------------
Cell Name : cvar layout PRIMLIB col=12 row=10 in1=C028029

                   Cell Errors    Real Errors   Cell Placements     Environments
                           120            120                 6                1
--------------------------------------------------------------------------------
Env.  Env. Placements            X1           Y1          X2           Y2

  1        6                930.300     1727.200     949.100     1807.600

Shape               Environments Status & Error Marker 

          1           X1         Y1         X2         Y2

   1      X        0.850      0.000      1.500      6.600
   2      X        0.850      8.200      1.500     14.800
   3      X        0.850     16.400      1.500     23.000
   4      X        0.850     24.600      1.500     31.200
   5      X        0.850     32.800      1.500     39.400
   6      X        0.850     41.000      1.500     47.600
   7      X        0.850     49.200      1.500     55.800
   8      X        0.850     57.400      1.500     64.000
   9      X        0.850     65.600      1.500     72.200
  10      X        0.850     73.800      1.500     80.400
  11      X        2.500      0.000      3.150      6.600
  12      X        2.500      8.200      3.150     14.800
  13      X        2.500     16.400      3.150     23.000
  14      X        2.500     24.600      3.150     31.200
  15      X        2.500     32.800      3.150     39.400
  16      X        2.500     41.000      3.150     47.600
  17      X        2.500     49.200      3.150     55.800
  18      X        2.500     57.400      3.150     64.000
  19      X        2.500     65.600      3.150     72.200
  20      X        2.500     73.800      3.150     80.400
  21      X        4.150      0.000      4.800      6.600
  22      X        4.150      8.200      4.800     14.800
  23      X        4.150     16.400      4.800     23.000
  24      X        4.150     24.600      4.800     31.200
  25      X        4.150     32.800      4.800     39.400
  26      X        4.150     41.000      4.800     47.600
  27      X        4.150     49.200      4.800     55.800
  28      X        4.150     57.400      4.800     64.000
  29      X        4.150     65.600      4.800     72.200
  30      X        4.150     73.800      4.800     80.400
  31      X        5.800      0.000      6.450      6.600
  32      X        5.800      8.200      6.450     14.800
  33      X        5.800     16.400      6.450     23.000
  34      X        5.800     24.600      6.450     31.200
  35      X        5.800     32.800      6.450     39.400
  36      X        5.800     41.000      6.450     47.600
  37      X        5.800     49.200      6.450     55.800
  38      X        5.800     57.400      6.450     64.000
  39      X        5.800     65.600      6.450     72.200
  40      X        5.800     73.800      6.450     80.400
  41      X        7.450      0.000      8.100      6.600
  42      X        7.450      8.200      8.100     14.800
  43      X        7.450     16.400      8.100     23.000
  44      X        7.450     24.600      8.100     31.200
  45      X        7.450     32.800      8.100     39.400
  46      X        7.450     41.000      8.100     47.600
  47      X        7.450     49.200      8.100     55.800
  48      X        7.450     57.400      8.100     64.000
  49      X        7.450     65.600      8.100     72.200
  50      X        7.450     73.800      8.100     80.400
  51      X        9.100      0.000      9.750      6.600
  52      X        9.100      8.200      9.750     14.800
  53      X        9.100     16.400      9.750     23.000
  54      X        9.100     24.600      9.750     31.200
  55      X        9.100     32.800      9.750     39.400
  56      X        9.100     41.000      9.750     47.600
  57      X        9.100     49.200      9.750     55.800
  58      X        9.100     57.400      9.750     64.000
  59      X        9.100     65.600      9.750     72.200
  60      X        9.100     73.800      9.750     80.400
  61      X       10.750      0.000     11.400      6.600
  62      X       10.750      8.200     11.400     14.800
  63      X       10.750     16.400     11.400     23.000
  64      X       10.750     24.600     11.400     31.200
  65      X       10.750     32.800     11.400     39.400
  66      X       10.750     41.000     11.400     47.600
  67      X       10.750     49.200     11.400     55.800
  68      X       10.750     57.400     11.400     64.000
  69      X       10.750     65.600     11.400     72.200
  70      X       10.750     73.800     11.400     80.400
  71      X       12.400      0.000     13.050      6.600
  72      X       12.400      8.200     13.050     14.800
  73      X       12.400     16.400     13.050     23.000
  74      X       12.400     24.600     13.050     31.200
  75      X       12.400     32.800     13.050     39.400
  76      X       12.400     41.000     13.050     47.600
  77      X       12.400     49.200     13.050     55.800
  78      X       12.400     57.400     13.050     64.000
  79      X       12.400     65.600     13.050     72.200
  80      X       12.400     73.800     13.050     80.400
  81      X       14.050      0.000     14.700      6.600
  82      X       14.050      8.200     14.700     14.800
  83      X       14.050     16.400     14.700     23.000
  84      X       14.050     24.600     14.700     31.200
  85      X       14.050     32.800     14.700     39.400
  86      X       14.050     41.000     14.700     47.600
  87      X       14.050     49.200     14.700     55.800
  88      X       14.050     57.400     14.700     64.000
  89      X       14.050     65.600     14.700     72.200
  90      X       14.050     73.800     14.700     80.400
  91      X       15.700      0.000     16.350      6.600
  92      X       15.700      8.200     16.350     14.800
  93      X       15.700     16.400     16.350     23.000
  94      X       15.700     24.600     16.350     31.200
  95      X       15.700     32.800     16.350     39.400
  96      X       15.700     41.000     16.350     47.600
  97      X       15.700     49.200     16.350     55.800
  98      X       15.700     57.400     16.350     64.000
  99      X       15.700     65.600     16.350     72.200
 100      X       15.700     73.800     16.350     80.400
 101      X       17.350      0.000     18.000      6.600
 102      X       17.350      8.200     18.000     14.800
 103      X       17.350     16.400     18.000     23.000
 104      X       17.350     24.600     18.000     31.200
 105      X       17.350     32.800     18.000     39.400
 106      X       17.350     41.000     18.000     47.600
 107      X       17.350     49.200     18.000     55.800
 108      X       17.350     57.400     18.000     64.000
 109      X       17.350     65.600     18.000     72.200
 110      X       17.350     73.800     18.000     80.400
 111      X       19.000      0.000     19.650      6.600
 112      X       19.000      8.200     19.650     14.800
 113      X       19.000     16.400     19.650     23.000
 114      X       19.000     24.600     19.650     31.200
 115      X       19.000     32.800     19.650     39.400
 116      X       19.000     41.000     19.650     47.600
 117      X       19.000     49.200     19.650     55.800
 118      X       19.000     57.400     19.650     64.000
 119      X       19.000     65.600     19.650     72.200
 120      X       19.000     73.800     19.650     80.400

--------------------------------------------------------------------------------
Cell Name : cmfb_opamp1_fc layout FECG

                   Cell Errors    Real Errors   Cell Placements     Environments
                             4              4                 2                1
--------------------------------------------------------------------------------
Env.  Env. Placements            X1           Y1          X2           Y2

  1        2                685.175     2026.300     725.775     2039.800

Shape               Environments Status & Error Marker 

          1           X1         Y1         X2         Y2

   1      X       95.075     32.950     96.075     37.950
   2      X       95.075     41.450     96.075     46.450
   3      X      134.675     32.950    135.675     37.950
   4      X      134.675     41.450    135.675     46.450

--------------------------------------------------------------------------------
Cell Name : cmfb_opamp1_f layout FECG

                   Cell Errors    Real Errors   Cell Placements     Environments
                             4              4                 2                1
--------------------------------------------------------------------------------
Env.  Env. Placements            X1           Y1          X2           Y2

  1        2               1677.675      301.200    1718.275      314.700

Shape               Environments Status & Error Marker 

          1           X1         Y1         X2         Y2

   1      X       95.075     32.950     96.075     37.950
   2      X       95.075     41.450     96.075     46.450
   3      X      134.675     32.950    135.675     37.950
   4      X      134.675     41.450    135.675     46.450

--------------------------------------------------------------------------------
Cell Name : ia_new_f layout YAOWEN

                   Cell Errors    Real Errors   Cell Placements     Environments
                             4              4                 1                1
--------------------------------------------------------------------------------
Env.  Env. Placements            X1           Y1          X2           Y2

  1        1                849.575      322.700     909.075      345.400

Shape               Environments Status & Error Marker 

          1           X1         Y1         X2         Y2

   1      X      392.275    224.250    400.275    234.250
   2      X      392.275    236.950    400.275    246.950
   3      X      443.775    224.250    451.775    234.250
   4      X      443.775    236.950    451.775    246.950

--------------------------------------------------------------------------------
Cell Name : gmc_5_fc layout FECG

                   Cell Errors    Real Errors   Cell Placements     Environments
                            28             28                 3                1
--------------------------------------------------------------------------------
Env.  Env. Placements            X1           Y1          X2           Y2

  1        3               1086.450     2017.050    1130.700     2089.550

Shape               Environments Status & Error Marker 

          1           X1         Y1         X2         Y2

   1      X        7.300     17.050      9.300     21.050
   2      X        7.300     85.550      9.300     89.550
   3      X       10.550     17.050     12.550     21.050
   4      X       10.550     85.550     12.550     89.550
   5      X       13.800     17.050     15.800     21.050
   6      X       13.800     85.550     15.800     89.550
   7      X       17.050     17.050     19.050     21.050
   8      X       17.050     85.550     19.050     89.550
   9      X       20.300     17.050     22.300     21.050
  10      X       20.300     85.550     22.300     89.550
  11      X       23.550     17.050     25.550     21.050
  12      X       23.550     85.550     25.550     89.550
  13      X       26.800     17.050     28.800     21.050
  14      X       26.800     85.550     28.800     89.550
  15      X       30.050     17.050     32.050     21.050
  16      X       30.050     85.550     32.050     89.550
  17      X       33.300     17.050     35.300     21.050
  18      X       33.300     85.550     35.300     89.550
  19      X       36.550     17.050     38.550     21.050
  20      X       36.550     85.550     38.550     89.550
  21      X       39.800     17.050     41.800     21.050
  22      X       39.800     85.550     41.800     89.550
  23      X       43.050     17.050     45.050     21.050
  24      X       43.050     85.550     45.050     89.550
  25      X       46.300     17.050     48.300     21.050
  26      X       46.300     85.550     48.300     89.550
  27      X       49.550     17.050     51.550     21.050
  28      X       49.550     85.550     51.550     89.550

--------------------------------------------------------------------------------
Cell Name : fecg_ia_5_fc layout FECG

                   Cell Errors    Real Errors   Cell Placements     Environments
                             4              4                 1                1
--------------------------------------------------------------------------------
Env.  Env. Placements            X1           Y1          X2           Y2

  1        1               1099.525     2600.050    1159.025     2622.750

Shape               Environments Status & Error Marker 

          1           X1         Y1         X2         Y2

   1      X      719.625    143.050    727.625    153.050
   2      X      719.625    155.750    727.625    165.750
   3      X      771.125    143.050    779.125    153.050
   4      X      771.125    155.750    779.125    165.750

--------------------------------------------------------------------------------
Cell Name : fecg_cmfb2_fc layout FECG

                   Cell Errors    Real Errors   Cell Placements     Environments
                             8              8                 1                1
--------------------------------------------------------------------------------
Env.  Env. Placements            X1           Y1          X2           Y2

  1        1                459.125     2026.300     887.100     2198.450

Shape               Environments Status & Error Marker 

          1           X1         Y1         X2         Y2

   1      X       28.625     30.100     38.625     38.100
   2      X       28.625     40.800     38.625     48.800
   3      X      131.025     30.100    141.025     38.100
   4      X      131.025     40.800    141.025     48.800
   5      X      162.975    175.750    163.325    180.750
   6      X      162.975    188.050    163.325    193.050
   7      X      186.825    175.750    187.175    180.750
   8      X      186.825    188.050    187.175    193.050

--------------------------------------------------------------------------------
Cell Name : fecg_cmfb2_f layout FECG

                   Cell Errors    Real Errors   Cell Placements     Environments
                           110            110                 1                1
--------------------------------------------------------------------------------
Env.  Env. Placements            X1           Y1          X2           Y2

  1        1               1437.550      301.200    1879.600      473.350

Shape               Environments Status & Error Marker 

          1           X1         Y1         X2         Y2

   1      X       14.550     89.150     21.150     89.800
   2      X       14.550     90.800     21.150     91.450
   3      X       14.550     92.450     21.150     93.100
   4      X       14.550     94.100     21.150     94.750
   5      X       14.550     95.750     21.150     96.400
   6      X       14.550     97.400     21.150     98.050
   7      X       14.550     99.050     21.150     99.700
   8      X       14.550    100.700     21.150    101.350
   9      X       14.550    102.350     21.150    103.000
  10      X       14.550    104.000     21.150    104.650
  11      X       22.750     89.150     29.350     89.800
  12      X       22.750     90.800     29.350     91.450
  13      X       22.750     92.450     29.350     93.100
  14      X       22.750     94.100     29.350     94.750
  15      X       22.750     95.750     29.350     96.400
  16      X       22.750     97.400     29.350     98.050
  17      X       22.750     99.050     29.350     99.700
  18      X       22.750    100.700     29.350    101.350
  19      X       22.750    102.350     29.350    103.000
  20      X       22.750    104.000     29.350    104.650
  21      X       28.625     30.100     38.625     38.100
  22      X       28.625     40.800     38.625     48.800
  23      X       30.950     89.150     37.550     89.800
  24      X       30.950     90.800     37.550     91.450
  25      X       30.950     92.450     37.550     93.100
  26      X       30.950     94.100     37.550     94.750
  27      X       30.950     95.750     37.550     96.400
  28      X       30.950     97.400     37.550     98.050
  29      X       30.950     99.050     37.550     99.700
  30      X       30.950    100.700     37.550    101.350
  31      X       30.950    102.350     37.550    103.000
  32      X       30.950    104.000     37.550    104.650
  33      X       39.150     89.150     45.750     89.800
  34      X       39.150     90.800     45.750     91.450
  35      X       39.150     92.450     45.750     93.100
  36      X       39.150     94.100     45.750     94.750
  37      X       39.150     95.750     45.750     96.400
  38      X       39.150     97.400     45.750     98.050
  39      X       39.150     99.050     45.750     99.700
  40      X       39.150    100.700     45.750    101.350
  41      X       39.150    102.350     45.750    103.000
  42      X       39.150    104.000     45.750    104.650
  43      X       47.350     89.150     53.950     89.800
  44      X       47.350     90.800     53.950     91.450
  45      X       47.350     92.450     53.950     93.100
  46      X       47.350     94.100     53.950     94.750
  47      X       47.350     95.750     53.950     96.400
  48      X       47.350     97.400     53.950     98.050
  49      X       47.350     99.050     53.950     99.700
  50      X       47.350    100.700     53.950    101.350
  51      X       47.350    102.350     53.950    103.000
  52      X       47.350    104.000     53.950    104.650
  53      X      131.025     30.100    141.025     38.100
  54      X      131.025     40.800    141.025     48.800
  55      X      162.975    175.750    163.325    180.750
  56      X      162.975    188.050    163.325    193.050
  57      X      170.400    140.975    177.000    141.625
  58      X      170.400    142.625    177.000    143.275
  59      X      170.400    144.275    177.000    144.925
  60      X      170.400    145.925    177.000    146.575
  61      X      170.400    147.575    177.000    148.225
  62      X      170.400    149.225    177.000    149.875
  63      X      170.400    150.875    177.000    151.525
  64      X      170.400    152.525    177.000    153.175
  65      X      170.400    154.175    177.000    154.825
  66      X      170.400    155.825    177.000    156.475
  67      X      170.400    157.475    177.000    158.125
  68      X      170.400    159.125    177.000    159.775
  69      X      170.400    160.775    177.000    161.425
  70      X      178.600    140.975    185.200    141.625
  71      X      178.600    142.625    185.200    143.275
  72      X      178.600    144.275    185.200    144.925
  73      X      178.600    145.925    185.200    146.575
  74      X      178.600    147.575    185.200    148.225
  75      X      178.600    149.225    185.200    149.875
  76      X      178.600    150.875    185.200    151.525
  77      X      178.600    152.525    185.200    153.175
  78      X      178.600    154.175    185.200    154.825
  79      X      178.600    155.825    185.200    156.475
  80      X      178.600    157.475    185.200    158.125
  81      X      178.600    159.125    185.200    159.775
  82      X      178.600    160.775    185.200    161.425
  83      X      186.800    140.975    193.400    141.625
  84      X      186.800    142.625    193.400    143.275
  85      X      186.800    144.275    193.400    144.925
  86      X      186.800    145.925    193.400    146.575
  87      X      186.800    147.575    193.400    148.225
  88      X      186.800    149.225    193.400    149.875
  89      X      186.800    150.875    193.400    151.525
  90      X      186.800    152.525    193.400    153.175
  91      X      186.800    154.175    193.400    154.825
  92      X      186.800    155.825    193.400    156.475
  93      X      186.800    157.475    193.400    158.125
  94      X      186.800    159.125    193.400    159.775
  95      X      186.800    160.775    193.400    161.425
  96      X      186.825    175.750    187.175    180.750
  97      X      186.825    188.050    187.175    193.050
  98      X      195.000    140.975    201.600    141.625
  99      X      195.000    142.625    201.600    143.275
 100      X      195.000    144.275    201.600    144.925
 101      X      195.000    145.925    201.600    146.575
 102      X      195.000    147.575    201.600    148.225
 103      X      195.000    149.225    201.600    149.875
 104      X      195.000    150.875    201.600    151.525
 105      X      195.000    152.525    201.600    153.175
 106      X      195.000    154.175    201.600    154.825
 107      X      195.000    155.825    201.600    156.475
 108      X      195.000    157.475    201.600    158.125
 109      X      195.000    159.125    201.600    159.775
 110      X      195.000    160.775    201.600    161.425

--------------------------------------------------------------------------------
Cell Name : fbias_vol_ref1_layout layout FBIAS

                   Cell Errors    Real Errors   Cell Placements     Environments
                             4              4                 1                1
--------------------------------------------------------------------------------
Env.  Env. Placements            X1           Y1          X2           Y2

  1        1               1889.150     1684.250    1989.050     1794.750

Shape               Environments Status & Error Marker 

          1           X1         Y1         X2         Y2

   1      X      244.850     60.200    249.850     93.200
   2      X      244.850     99.500    249.850    132.500
   3      X      339.750     60.200    344.750     93.200
   4      X      339.750     99.500    344.750    132.500

--------------------------------------------------------------------------------
Cell Name : fbias_cur_ref2_layout layout FBIAS

                   Cell Errors    Real Errors   Cell Placements     Environments
                             4              4                 1                1
--------------------------------------------------------------------------------
Env.  Env. Placements            X1           Y1          X2           Y2

  1        1               1636.750     1668.125    1697.000     1766.675

Shape               Environments Status & Error Marker 

          1           X1         Y1         X2         Y2

   1      X       29.700     29.125     30.700     57.625
   2      X       29.700     65.275     30.700     93.775
   3      X       79.200     29.125     80.200     57.625
   4      X       79.200     65.275     80.200     93.775

--------------------------------------------------------------------------------
Cell Name : VGA_1 layout YAOWEN

                   Cell Errors    Real Errors   Cell Placements     Environments
                             4              4                 1                1
--------------------------------------------------------------------------------
Env.  Env. Placements            X1           Y1          X2           Y2

  1        1               1777.925      908.475    1879.425      957.000

Shape               Environments Status & Error Marker 

          1           X1         Y1         X2         Y2

   1      X      292.425     85.550    307.425     93.050
   2      X      292.425     97.850    307.425    105.350
   3      X      378.925     85.550    393.925     93.050
   4      X      378.925     97.850    393.925    105.350

--------------------------------------------------------------------------------
Cell Name : Gm_C_filter layout YAOWEN

                   Cell Errors    Real Errors   Cell Placements     Environments
                            28             28                 3                1
--------------------------------------------------------------------------------
Env.  Env. Placements            X1           Y1          X2           Y2

  1        3                457.400      590.750     501.650      667.750

Shape               Environments Status & Error Marker 

          1           X1         Y1         X2         Y2

   1      X       36.375   -222.750     38.375   -218.750
   2      X       36.375   -149.750     38.375   -145.750
   3      X       39.625   -222.750     41.625   -218.750
   4      X       39.625   -149.750     41.625   -145.750
   5      X       42.875   -222.750     44.875   -218.750
   6      X       42.875   -149.750     44.875   -145.750
   7      X       46.125   -222.750     48.125   -218.750
   8      X       46.125   -149.750     48.125   -145.750
   9      X       49.375   -222.750     51.375   -218.750
  10      X       49.375   -149.750     51.375   -145.750
  11      X       52.625   -222.750     54.625   -218.750
  12      X       52.625   -149.750     54.625   -145.750
  13      X       55.875   -222.750     57.875   -218.750
  14      X       55.875   -149.750     57.875   -145.750
  15      X       59.125   -222.750     61.125   -218.750
  16      X       59.125   -149.750     61.125   -145.750
  17      X       62.375   -222.750     64.375   -218.750
  18      X       62.375   -149.750     64.375   -145.750
  19      X       65.625   -222.750     67.625   -218.750
  20      X       65.625   -149.750     67.625   -145.750
  21      X       68.875   -222.750     70.875   -218.750
  22      X       68.875   -149.750     70.875   -145.750
  23      X       72.125   -222.750     74.125   -218.750
  24      X       72.125   -149.750     74.125   -145.750
  25      X       75.375   -222.750     77.375   -218.750
  26      X       75.375   -149.750     77.375   -145.750
  27      X       78.625   -222.750     80.625   -218.750
  28      X       78.625   -149.750     80.625   -145.750

--------------------------------------------------------------------------------
Cell Name : ECG_bandgap_f_v1 layout YAOWEN

                   Cell Errors    Real Errors   Cell Placements     Environments
                            12             12                 1                1
--------------------------------------------------------------------------------
Env.  Env. Placements            X1           Y1          X2           Y2

  1        1                852.950     1362.900    1019.850     1489.600

Shape               Environments Status & Error Marker 

          1           X1         Y1         X2         Y2

   1      X       38.400    707.500     78.400    717.500
   2      X       38.400    721.900     78.400    731.900
   3      X       44.250    762.400     44.750    767.400
   4      X       44.250    771.800     44.750    776.800
   5      X       52.650    762.400     53.150    767.400
   6      X       52.650    771.800     53.150    776.800
   7      X       83.225    819.800     93.225    824.800
   8      X       83.225    829.200     93.225    834.200
   9      X      132.425    819.800    142.425    824.800
  10      X      132.425    829.200    142.425    834.200
  11      X      165.300    707.500    205.300    717.500
  12      X      165.300    721.900    205.300    731.900

--------------------------------------------------------------------------------
Cell Name : Current_Voltage_Reference layout YAOWEN

                   Cell Errors    Real Errors   Cell Placements     Environments
                            16             16                 1                1
--------------------------------------------------------------------------------
Env.  Env. Placements            X1           Y1          X2           Y2

  1        1               1642.075     1350.600    1947.325     1465.450

Shape               Environments Status & Error Marker 

          1           X1         Y1         X2         Y2

   1      X       50.825     40.700     60.825     45.700
   2      X       50.825     50.500     60.825     55.500
   3      X       54.625    128.750     64.625    138.750
   4      X       54.625    145.550     64.625    155.550
   5      X       87.725     40.700     97.725     45.700
   6      X       87.725     50.500     97.725     55.500
   7      X      165.325    128.750    175.325    138.750
   8      X      165.325    145.550    175.325    155.550
   9      X      235.375     43.500    245.375     48.500
  10      X      235.375     53.300    245.375     58.300
  11      X      235.375     92.700    245.375    102.700
  12      X      235.375    109.500    245.375    119.500
  13      X      284.575     43.500    294.575     48.500
  14      X      284.575     53.300    294.575     58.300
  15      X      346.075     92.700    356.075    102.700
  16      X      346.075    109.500    356.075    119.500

--------------------------------------------------------------------------------
Cell Name : topsy layout VT26_TOP

                   Cell Errors    Real Errors   Cell Placements     Environments
                             2              2                 1                1
--------------------------------------------------------------------------------
Env.  Env. Placements            X1           Y1          X2           Y2

  1        1                439.500      301.200    1989.050     2622.750

Shape               Environments Status & Error Marker 

          1           X1         Y1         X2         Y2

   1      X      642.150   1416.200    652.150   1426.200
   2      X      715.950   1416.200    725.950   1426.200

================================================================================
Rule No. 774 : ERC Warning: floating gate not connected to s/d, pad or resistor

Real Error Count : 34; Flat Error Count : 67
================================================================================

--------------------------------------------------------------------------------
Cell Name : mux21 layout YAOWEN

                   Cell Errors    Real Errors   Cell Placements     Environments
                             5              5                 4                1
--------------------------------------------------------------------------------
Env.  Env. Placements            X1           Y1          X2           Y2

  1        4               1904.525      846.650    1923.200      856.650

Shape               Environments Status & Error Marker 

          1           X1         Y1         X2         Y2

   1      X        4.375      8.325      4.725      9.125
   2      X        4.375     11.700      4.725     13.100
   3      X       11.400      4.800     11.750     14.800
   4      X       12.750      4.800     13.100     14.800
   5      X       22.700      4.800     23.050     14.800

--------------------------------------------------------------------------------
Cell Name : ia_new_f layout YAOWEN

                   Cell Errors    Real Errors   Cell Placements     Environments
                             8              8                 1                1
--------------------------------------------------------------------------------
Env.  Env. Placements            X1           Y1          X2           Y2

  1        1                462.475      264.600    1168.475      467.800

Shape               Environments Status & Error Marker 

          1           X1         Y1         X2         Y2

   1      X      417.725    166.150    421.725    178.650
   2      X      424.025    184.750    428.025    197.250
   3      X      430.325    166.150    434.325    178.650
   4      X      436.625    184.750    440.625    197.250
   5      X      442.925    184.750    446.925    197.250
   6      X      449.225    166.150    453.225    178.650
   7      X      455.525    184.750    459.525    197.250
   8      X      461.825    166.150    465.825    178.650

--------------------------------------------------------------------------------
Cell Name : fecg_cmfb2_f layout FECG

                   Cell Errors    Real Errors   Cell Placements     Environments
                            12             12                 1                1
--------------------------------------------------------------------------------
Env.  Env. Placements            X1           Y1          X2           Y2

  1        1               1437.625      310.400    1884.600      468.350

Shape               Environments Status & Error Marker 

          1           X1         Y1         X2         Y2

   1      X      338.475     51.725    338.825     56.725
   2      X      341.125     64.725    341.475     69.725
   3      X      343.775     64.725    344.125     69.725
   4      X      346.425     51.725    346.775     56.725
   5      X      349.075     51.725    349.425     56.725
   6      X      351.725     64.725    352.075     69.725
   7      X      354.375     64.725    354.725     69.725
   8      X      357.025     51.725    357.375     56.725
   9      X      456.550    173.325    461.550    173.675
  10      X      456.600    154.600    461.600    154.950
  11      X      459.425    136.325    459.775    137.125
  12      X      459.425    139.550    459.775    140.950

--------------------------------------------------------------------------------
Cell Name : Gm_C_filter layout YAOWEN

                   Cell Errors    Real Errors   Cell Placements     Environments
                             9              9                 3                1
--------------------------------------------------------------------------------
Env.  Env. Placements            X1           Y1          X2           Y2

  1        3                466.300      696.600     799.825      754.700

Shape               Environments Status & Error Marker 

          1           X1         Y1         X2         Y2

   1      X      335.500    -62.450    335.850    -62.050
   2      X      335.650    -59.500    336.000    -58.800
   3      X      341.000    -62.450    341.350    -62.050
   4      X      341.150    -59.500    341.500    -58.800
   5      X      346.650    -62.450    347.000    -62.050
   6      X      346.800    -59.500    347.150    -58.800
   7      X      357.850    -66.150    358.850    -64.150
   8      X      368.100    -66.150    369.100    -64.150
   9      X      377.800    -66.150    378.800    -64.150

================================================================================
Rule No. 1450 : BAD_PDIFF_MULTCONN_ERC

Real Error Count : 10; Flat Error Count : 10
================================================================================

--------------------------------------------------------------------------------
Cell Name : topsy layout VT26_TOP

                   Cell Errors    Real Errors   Cell Placements     Environments
                            10             10                 1                1
--------------------------------------------------------------------------------
Env.  Env. Placements            X1           Y1          X2           Y2

  1        1                249.950      473.150     251.250     2473.550

Shape               Environments Status & Error Marker 

          1           X1         Y1         X2         Y2

   1      X      249.950    473.150    250.350    473.550
   2      X      249.950    673.150    250.350    673.550
   3      X      249.950    873.150    250.350    873.550
   4      X      249.950   1073.150    250.350   1073.550
   5      X      249.950   2473.150    250.350   2473.550
   6      X      250.850    473.150    251.250    473.550
   7      X      250.850    673.150    251.250    673.550
   8      X      250.850    873.150    251.250    873.550
   9      X      250.850   1073.150    251.250   1073.550
  10      X      250.850   2473.150    251.250   2473.550

================================================================================
Rule No. 1458 : rpoly2_g1_pres_wexp: RPOLY2_G1: Minimum number of RPOLY2 squares = 5

Real Error Count : 18; Flat Error Count : 486
================================================================================

--------------------------------------------------------------------------------
Cell Name : APRIO200P layout IOLIB_ANA_4M

                   Cell Errors    Real Errors   Cell Placements     Environments
                            18             18                27                1
--------------------------------------------------------------------------------
Env.  Env. Placements            X1           Y1          X2           Y2

  1       27                555.400       71.300     625.400       88.800

Shape               Environments Status & Error Marker 

          1           X1         Y1         X2         Y2

   1      X       15.000    221.900     15.100    227.400
   2      X       15.000    227.900     15.100    233.400
   3      X       25.500    215.900     25.600    221.400
   4      X       36.100    215.900     36.200    221.400
   5      X       36.100    221.900     36.200    227.400
   6      X       36.100    227.900     36.200    233.400
   7      X       39.400    215.900     39.500    221.400
   8      X       39.400    221.900     39.500    227.400
   9      X       39.400    227.900     39.500    233.400
  10      X       60.500    215.900     60.600    221.400
  11      X       60.500    221.900     60.600    227.400
  12      X       60.500    227.900     60.600    233.400
  13      X       63.800    215.900     63.900    221.400
  14      X       63.800    221.900     63.900    227.400
  15      X       63.800    227.900     63.900    233.400
  16      X       84.900    215.900     85.000    221.400
  17      X       84.900    221.900     85.000    227.400
  18      X       84.900    227.900     85.000    233.400

================================================================================
Rule No. 1476 : # INFO: C35B4/C35B3 ASSURA DRC DECK (REV9 DATE 26-Apr-2011) Last modified 07-Sept-2016 #

Real Error Count : 1; Flat Error Count : 1
================================================================================

--------------------------------------------------------------------------------
Cell Name : topsy layout VT26_TOP

                   Cell Errors    Real Errors   Cell Placements     Environments
                             1              1                 1                1
--------------------------------------------------------------------------------
Env.  Env. Placements            X1           Y1          X2           Y2

  1        1                  0.000     -159.250    3150.800     3149.800

Shape               Environments Status & Error Marker 

          1           X1         Y1         X2         Y2

   1      X        0.000   -159.250   3150.800   3149.800

